game_date,pitcher,pitcher_id,team,opponent,starts_seen,expected_bf,expected_k,k_rate,batters_faced,strikeouts,innings_pitched,prob_k_over_5.5,prob_k_over_6.5,k_error,bf_error,career_starts,days_since_last_start,outs_recorded,expected_outs,implied_baserunners,prob_outs_over_14.5,prob_outs_over_15.5,prob_outs_over_16.5,prob_outs_over_17.5,prob_outs_over_18.5,outs_error,k_dist,outs_dist,k_rate_base,velo_z_used,velo_base,velo_recent,velo_drop,velo_state,kform_base,kform_recent,kform_z,kform_state
2026-08-30,Chase Burns,695505,CIN,CHC,25,22.6654012531496,6.724267223195534,0.2688734077608138,25,7,5.666666666666667,0.6653271218050292,0.5134733421162422,-0.2757327768044657,-2.3345987468504,,,17.0,,,,,,,,,,,,,,,,,,,,
2026-08-30,Shota Imanaga,684007,CHC,CIN,31,22.721636336653862,6.499665058672273,0.2321147373199842,24,4,5.0,0.6324405212354999,0.4776522247980935,2.4996650586722726,-1.2783636633461375,,,15.0,,,,,,,,,,,,,,,,,,,,
2026-09-01,Gerrit Cole,543037,NYY,LAA,17,23.45180830795785,7.660187898084794,0.2481603193195778,24,5,5.333333333333333,0.773611322729162,0.6451145032829885,2.6601878980847937,-0.548191692042149,,,16.0,,,,,,,,,"0.000679,0.004518,0.015564,0.036915,0.067544,0.101170,0.128497,0.141569,0.137435,0.118912,0.092483,0.065072,0.041616,0.024269,0.012927,0.006293,0.002797,0.001132,0.000416,0.000138,0.000041,0.000011,0.000003,0.000001,0.000000,0.000000,0.000000,0.000000,0.000000,0.000000,0.000000,0.000000",,,,,,,,,,,
2026-09-01,Paul Skenes,694973,PIT,SF,30,22.273897414486616,7.5029981992511905,0.282533327725289,25,4,4.666666666666667,0.7524504567229567,0.6222024078614803,3.5029981992511905,-2.7261025855133845,,,14.0,,,,,,,,,"0.001004,0.006091,0.019235,0.042397,0.073330,0.105493,0.130248,0.140565,0.134242,0.114539,0.088013,0.061310,0.038916,0.022584,0.012001,0.005837,0.002592,0.001047,0.000383,0.000126,0.000037,0.000010,0.000002,0.000000,0.000000,0.000000,0.000000,0.000000,0.000000,0.000000,0.000000,0.000000",,,,,,,,,,,
2026-09-01,Freddy Peralta,642547,TB,NYM,31,22.770426898674664,7.086198248858155,0.233054945812097,22,7,6.0,0.7071475116055586,0.565090175950575,0.0861982488581549,0.7704268986746641,,,18.0,,,,,,,,,"0.001293,0.007716,0.024011,0.051896,0.087230,0.120707,0.142057,0.145163,0.130706,0.104884,0.075682,0.049454,0.029411,0.015969,0.007925,0.003592,0.001483,0.000556,0.000188,0.000057,0.000015,0.000004,0.000001,0.000000,0.000000,0.000000,0.000000,0.000000,0.000000,0.000000,0.000000,0.000000",,,,,,,,,,,
2026-09-01,Jesús Luzardo,666200,PHI,AZ,31,24.78723362136374,6.577014726599687,0.2848254165334288,27,6,6.666666666666667,0.6452217870237975,0.4895288560986095,0.5770147265996872,-2.2127663786362604,,,20.0,,,,,,,,,"0.001538,0.009598,0.030469,0.065469,0.106850,0.140854,0.155693,0.147908,0.122851,0.090320,0.059312,0.035023,0.018686,0.009037,0.003969,0.001584,0.000574,0.000189,0.000056,0.000015,0.000004,0.000001,0.000000,0.000000,0.000000,0.000000,0.000000,0.000000,0.000000,0.000000,0.000000,0.000000",,,,,,,,,,,
2026-09-01,MacKenzie Gore,669022,TEX,ATH,30,22.850266290567305,6.2212417605162535,0.2476501369619282,25,4,5.333333333333333,0.5908676395139841,0.4337533072909864,2.221241760516253,-2.149733709432695,,,16.0,,,,,,,,,"0.002565,0.014179,0.040597,0.080012,0.121431,0.150348,0.157114,0.141660,0.111920,0.078378,0.049086,0.027679,0.014126,0.006548,0.002762,0.001061,0.000371,0.000117,0.000034,0.000009,0.000002,0.000000,0.000000,0.000000,0.000000,0.000000,0.000000,0.000000,0.000000,0.000000,0.000000,0.000000",,,,,,,,,,,
2026-09-01,Kyle Bradish,680694,BAL,COL,31,23.0225277390108,6.179387634200304,0.2339901846594453,23,4,5.0,0.585420370077682,0.4274287344994106,2.179387634200304,0.0225277390108011,,,15.0,,,,,,,,,"0.002605,0.014410,0.041277,0.081293,0.123106,0.151888,0.157992,0.141644,0.111126,0.077137,0.047762,0.026546,0.013307,0.006038,0.002486,0.000931,0.000317,0.000098,0.000027,0.000007,0.000002,0.000000,0.000000,0.000000,0.000000,0.000000,0.000000,0.000000,0.000000,0.000000,0.000000,0.000000",,,,,,,,,,,
2026-09-01,Logan Webb,657277,SF,PIT,30,24.550554475005345,6.113602684797144,0.212864852458658,18,1,2.0,0.5762235509236344,0.4157061947379905,5.113602684797144,6.550554475005345,,,6.0,,,,,,,,,"0.002396,0.013967,0.041442,0.083221,0.126827,0.155924,0.160517,0.141805,0.109336,0.074455,0.045155,0.024529,0.011980,0.005271,0.002092,0.000748,0.000241,0.000070,0.000018,0.000004,0.000001,0.000000,0.000000,0.000000,0.000000,0.000000,0.000000,0.000000,0.000000,0.000000,0.000000,0.000000",,,,,,,,,,,
2026-09-01,Ronel Blanco,669854,HOU,CWS,4,21.59818853823972,5.95774803668987,0.2229623208349388,17,3,4.0,0.5475381104471626,0.3941092719424261,2.9577480366898703,4.598188538239722,,,12.0,,,,,,,,,"0.004078,0.020022,0.051483,0.092680,0.130892,0.153307,0.153429,0.133601,0.102524,0.070045,0.042966,0.023826,0.012004,0.005512,0.002310,0.000883,0.000307,0.000097,0.000027,0.000007,0.000002,0.000000,0.000000,0.000000,0.000000,0.000000,0.000000,0.000000,0.000000,0.000000,0.000000,0.000000",,,,,,,,,,,
2026-09-01,Grayson Rodriguez,680570,LAA,NYY,15,21.822550268156625,5.7514665978469175,0.2125663668348425,26,7,6.0,0.5155291104845997,0.3610124192368264,-1.2485334021530825,-4.177449731843375,,,18.0,,,,,,,,,"0.004616,0.022433,0.057042,0.101132,0.139838,0.159409,0.154517,0.129833,0.095859,0.062849,0.036907,0.019549,0.009391,0.004108,0.001640,0.000598,0.000199,0.000060,0.000016,0.000004,0.000001,0.000000,0.000000,0.000000,0.000000,0.000000,0.000000,0.000000,0.000000,0.000000,0.000000,0.000000",,,,,,,,,,,
2026-09-01,Nick Lodolo,666157,CIN,SD,20,22.506244545857715,5.711810930426846,0.2100150617973745,24,5,6.0,0.5096623299805316,0.3530907214131346,0.7118109304268456,-1.4937554541422848,,,18.0,,,,,,,,,"0.004330,0.021701,0.056656,0.102301,0.142696,0.162655,0.156572,0.130023,0.094571,0.060936,0.035092,0.018187,0.008527,0.003630,0.001406,0.000496,0.000159,0.000046,0.000012,0.000003,0.000001,0.000000,0.000000,0.000000,0.000000,0.000000,0.000000,0.000000,0.000000,0.000000,0.000000,0.000000",,,,,,,,,,,
2026-09-01,Bryan Woo,693433,SEA,BOS,29,22.87549674429334,5.562097533558395,0.2525169892739221,25,7,6.0,0.4844866010646994,0.3281939889653644,-1.437902466441605,-2.12450325570666,,,18.0,,,,,,,,,"0.004695,0.023568,0.061248,0.109337,0.149815,0.166850,0.156293,0.125963,0.088781,0.055405,0.030909,0.015528,0.007062,0.002917,0.001096,0.000374,0.000116,0.000033,0.000008,0.000002,0.000000,0.000000,0.000000,0.000000,0.000000,0.000000,0.000000,0.000000,0.000000,0.000000,0.000000,0.000000",,,,,,,,,,,
2026-09-01,Gabriel Hughes,687312,COL,BAL,9,22.401769363699675,5.344602169502113,0.2084456182141439,20,4,4.666666666666667,0.4476522249103968,0.2959172022443569,1.3446021695021129,2.401769363699674,,,14.0,,,,,,,,,"0.006222,0.029079,0.071063,0.120329,0.157431,0.168223,0.151735,0.118103,0.080593,0.048788,0.026427,0.012884,0.005675,0.002261,0.000815,0.000266,0.000078,0.000021,0.000005,0.000001,0.000000,0.000000,0.000000,0.000000,0.000000,0.000000,0.000000,0.000000,0.000000,0.000000,0.000000,0.000000",,,,,,,,,,,
2026-09-01,Gavin Williams,668909,CLE,TOR,31,23.470707010719483,5.151717027647837,0.2954133824631649,25,13,7.0,0.4136371806219552,0.2632400743034022,-7.848282972352163,-1.529292989280517,,,21.0,,,,,,,,,"0.006444,0.031199,0.077391,0.130502,0.167415,0.173412,0.150397,0.111884,0.072612,0.041613,0.021241,0.009714,0.003996,0.001482,0.000496,0.000149,0.000041,0.000010,0.000002,0.000000,0.000000,0.000000,0.000000,0.000000,0.000000,0.000000,0.000000,0.000000,0.000000,0.000000,0.000000,0.000000",,,,,,,,,,,
2026-09-01,Matthew Boyd,571510,CHC,MIL,21,23.1091144078866,4.996540220270033,0.1964729012162344,22,3,5.333333333333333,0.3866408455757865,0.2405885839500188,1.9965402202700329,1.1091144078866009,,,16.0,,,,,,,,,"0.007677,0.035649,0.085176,0.138831,0.172573,0.173451,0.146052,0.105499,0.066485,0.037011,0.018370,0.008185,0.003290,0.001196,0.000394,0.000117,0.000032,0.000008,0.000002,0.000000,0.000000,0.000000,0.000000,0.000000,0.000000,0.000000,0.000000,0.000000,0.000000,0.000000,0.000000,0.000000",,,,,,,,,,,
2026-09-01,Eric Lauer,641778,LAD,STL,17,22.20756867662145,4.975186330276843,0.1852808451141836,18,2,3.0,0.3843461563977909,0.2396236940366278,2.975186330276843,4.207568676621449,,,9.0,,,,,,,,,"0.008433,0.037598,0.087152,0.139318,0.171431,0.171722,0.144722,0.104848,0.066293,0.036989,0.018363,0.008161,0.003261,0.001175,0.000382,0.000112,0.000030,0.000007,0.000002,0.000000,0.000000,0.000000,0.000000,0.000000,0.000000,0.000000,0.000000,0.000000,0.000000,0.000000,0.000000,0.000000",,,,,,,,,,,
2026-09-01,Sean Manaea,640455,NYM,TB,17,23.175310612105324,4.886754877426604,0.224149424452577,29,2,5.666666666666667,0.3675591831525482,0.2244319944621486,2.886754877426604,-5.824689387894676,,,17.0,,,,,,,,,"0.008496,0.038641,0.090533,0.144727,0.176375,0.173669,0.143127,0.101072,0.062180,0.033733,0.016284,0.007040,0.002739,0.000962,0.000305,0.000088,0.000023,0.000005,0.000001,0.000000,0.000000,0.000000,0.000000,0.000000,0.000000,0.000000,0.000000,0.000000,0.000000,0.000000,0.000000,0.000000",,,,,,,,,,,
2026-09-01,Sean Burke,680732,CWS,HOU,25,22.48835825867628,4.866182210460771,0.2475962123259738,22,6,5.666666666666667,0.3648406522619146,0.2236010819662567,-1.1338177895392292,0.4883582586762784,,,17.0,,,,,,,,,"0.009267,0.040681,0.092768,0.145533,0.175304,0.171607,0.141240,0.099962,0.061816,0.033797,0.016482,0.007216,0.002850,0.001018,0.000330,0.000097,0.000026,0.000006,0.000001,0.000000,0.000000,0.000000,0.000000,0.000000,0.000000,0.000000,0.000000,0.000000,0.000000,0.000000,0.000000,0.000000",,,,,,,,,,,
2026-09-01,Eduardo Rodriguez,593958,AZ,PHI,32,24.248071942307508,4.85743709257177,0.1924496884766358,25,3,5.0,0.3611952965456992,0.2176596157052449,1.8574370925717696,-0.751928057692492,,,15.0,,,,,,,,,"0.007978,0.037793,0.090778,0.146894,0.179465,0.175896,0.143536,0.099958,0.060444,0.032137,0.015160,0.006386,0.002413,0.000820,0.000250,0.000069,0.000017,0.000004,0.000001,0.000000,0.000000,0.000000,0.000000,0.000000,0.000000,0.000000,0.000000,0.000000,0.000000,0.000000,0.000000,0.000000",,,,,,,,,,,
2026-09-01,Jake Irvin,663623,WSH,ATL,22,21.831619486242907,4.384316614079259,0.2214883308489873,18,5,4.0,0.2824975455733639,0.158865478353753,-0.6156833859207413,3.831619486242907,,,12.0,,,,,,,,,"0.014647,0.058224,0.120249,0.171132,0.187136,0.166114,0.123632,0.078840,0.043772,0.021423,0.009333,0.003646,0.001284,0.000409,0.000118,0.000031,0.000007,0.000002,0.000000,0.000000,0.000000,0.000000,0.000000,0.000000,0.000000,0.000000,0.000000,0.000000,0.000000,0.000000,0.000000,0.000000",,,,,,,,,,,
2026-09-01,AJ Smith-Shawver,700363,ATL,WSH,3,22.19535588086825,4.355993479528977,0.2127405356572126,21,5,4.0,0.2772080857292214,0.1548390349351573,-0.6440065204710228,1.1953558808682487,,,12.0,,,,,,,,,"0.014758,0.058949,0.121964,0.173139,0.188209,0.165773,0.122369,0.077410,0.042638,0.020693,0.008929,0.003450,0.001199,0.000377,0.000107,0.000028,0.000006,0.000001,0.000000,0.000000,0.000000,0.000000,0.000000,0.000000,0.000000,0.000000,0.000000,0.000000,0.000000,0.000000,0.000000,0.000000",,,,,,,,,,,
2026-09-01,Jedixson Paez,699151,BOS,SEA,0,22.74558303886926,4.32920644070661,0.227202112785459,23,3,3.6666666666666665,0.271495716931304,0.1502109045686164,1.32920644070661,-0.2544169611307403,,,11.0,,,,,,,,,"0.014579,0.059117,0.123357,0.175440,0.189987,0.166024,0.121285,0.075839,0.041282,0.019808,0.008457,0.003235,0.001114,0.000346,0.000097,0.000025,0.000006,0.000001,0.000000,0.000000,0.000000,0.000000,0.000000,0.000000,0.000000,0.000000,0.000000,0.000000,0.000000,0.000000,0.000000,0.000000",,,,,,,,,,,
2026-09-01,Robert Gasser,688107,MIL,CHC,18,21.713843184259275,4.237305828355751,0.2198121512521458,19,4,4.333333333333333,0.2591648378025595,0.1424610366635685,0.2373058283557512,2.713843184259275,,,13.0,,,,,,,,,"0.017405,0.065748,0.130003,0.178053,0.188030,0.161596,0.116704,0.072362,0.039120,0.018648,0.007902,0.002992,0.001016,0.000310,0.000085,0.000021,0.000005,0.000001,0.000000,0.000000,0.000000,0.000000,0.000000,0.000000,0.000000,0.000000,0.000000,0.000000,0.000000,0.000000,0.000000,0.000000",,,,,,,,,,,
2026-09-01,Troy Melton,675512,DET,MIN,17,23.22139356141408,4.2000046540006775,0.2129838148320939,25,4,5.333333333333333,0.2497586578642535,0.1346702074938439,0.2000046540006774,-1.7786064385859213,,,16.0,,,,,,,,,"0.016321,0.064808,0.131983,0.182614,0.191935,0.162581,0.115088,0.069755,0.036823,0.017139,0.007095,0.002629,0.000875,0.000262,0.000071,0.000017,0.000004,0.000001,0.000000,0.000000,0.000000,0.000000,0.000000,0.000000,0.000000,0.000000,0.000000,0.000000,0.000000,0.000000,0.000000,0.000000",,,,,,,,,,,
2026-09-01,Andrew Morris,702193,MIN,DET,2,19.83645377353515,4.1992975601066505,0.2239149572332056,5,0,1.0,0.2593297593809051,0.1462635853218808,4.1992975601066505,14.836453773535151,,,3.0,,,,,,,,,"0.020931,0.073412,0.135360,0.175914,0.180592,0.154461,0.113066,0.071942,0.040227,0.019939,0.008824,0.003506,0.001256,0.000407,0.000119,0.000032,0.000008,0.000002,0.000000,0.000000,0.000000,0.000000,0.000000,0.000000,0.000000,0.000000,0.000000,0.000000,0.000000,0.000000,0.000000,0.000000",,,,,,,,,,,
2026-09-01,Randy Dobnak,677976,KC,MIA,8,22.669625219109097,4.0911213755205535,0.2013933368825168,26,6,6.0,0.2327341971402298,0.1229399061800431,-1.9088786244794465,-3.330374780890903,,,18.0,,,,,,,,,"0.018459,0.070700,0.139472,0.187606,0.192171,0.158857,0.109794,0.064968,0.033466,0.015188,0.006124,0.002206,0.000712,0.000207,0.000054,0.000013,0.000003,0.000000,0.000000,0.000000,0.000000,0.000000,0.000000,0.000000,0.000000,0.000000,0.000000,0.000000,0.000000,0.000000,0.000000,0.000000",,,,,,,,,,,
2026-09-01,Brady Basso,669620,ATH,TEX,1,20.509515839067635,3.923278060197576,0.2300020315244798,11,2,2.333333333333333,0.2130898150749401,0.1121461422657808,1.923278060197576,9.509515839067635,,,7.0,,,,,,,,,"0.025159,0.085393,0.152379,0.190191,0.185261,0.148527,0.100944,0.059258,0.030454,0.013844,0.005612,0.002041,0.000669,0.000198,0.000053,0.000013,0.000003,0.000001,0.000000,0.000000,0.000000,0.000000,0.000000,0.000000,0.000000,0.000000,0.000000,0.000000,0.000000,0.000000,0.000000,0.000000",,,,,,,,,,,
2026-09-01,Spencer Miles,693686,TOR,CLE,4,19.64416554973397,3.8155049566663055,0.2095558222814164,4,0,1.0,0.1999855785971593,0.1043298326834411,3.8155049566663055,15.64416554973397,,,3.0,,,,,,,,,"0.029275,0.094385,0.160191,0.191903,0.181542,0.142718,0.095656,0.055527,0.028255,0.012732,0.005122,0.001852,0.000604,0.000178,0.000047,0.000011,0.000002,0.000000,0.000000,0.000000,0.000000,0.000000,0.000000,0.000000,0.000000,0.000000,0.000000,0.000000,0.000000,0.000000,0.000000,0.000000",,,,,,,,,,,
2026-09-01,Randy Vásquez,681190,SD,CIN,25,21.24256701288504,3.695881380136687,0.1819128271270862,19,3,4.666666666666667,0.17602758689933,0.0865026989314752,0.695881380136687,2.24256701288504,,,14.0,,,,,,,,,"0.029099,0.096650,0.167885,0.201897,0.187195,0.141246,0.089525,0.048671,0.023037,0.009600,0.003552,0.001174,0.000348,0.000093,0.000022,0.000005,0.000001,0.000000,0.000000,0.000000,0.000000,0.000000,0.000000,0.000000,0.000000,0.000000,0.000000,0.000000,0.000000,0.000000,0.000000,0.000000",,,,,,,,,,,
2026-09-01,Tyler Phillips,663969,MIA,KC,15,20.502753313841904,3.405526179814339,0.2043885341798259,17,4,5.0,0.1379903332804022,0.0638064442233123,-0.594473820185661,3.502753313841904,,,15.0,,,,,,,,,"0.038909,0.118771,0.189381,0.209588,0.179599,0.125760,0.074184,0.037591,0.016594,0.006451,0.002228,0.000688,0.000191,0.000048,0.000011,0.000002,0.000000,0.000000,0.000000,0.000000,0.000000,0.000000,0.000000,0.000000,0.000000,0.000000,0.000000,0.000000,0.000000,0.000000,0.000000,0.000000",,,,,,,,,,,
2026-09-01,Michael McGreevy,700241,STL,LAD,31,22.6303708762657,3.2695828615919,0.1817040254430754,22,4,5.0,0.1153787701515135,0.0498725391688017,-0.7304171384081002,0.630370876265701,,,15.0,,,,,,,,,"0.040070,0.125549,0.201316,0.218737,0.179983,0.118966,0.065506,0.030794,0.012576,0.004518,0.001440,0.000410,0.000105,0.000024,0.000005,0.000001,0.000000,0.000000,0.000000,0.000000,0.000000,0.000000,0.000000,0.000000,0.000000,0.000000,0.000000,0.000000,0.000000,0.000000,0.000000,0.000000",,,,,,,,,,,
2026-09-02,Casey Mize,663554,SD,CIN,26,21.772797024478457,4.881355240290024,0.2314122938231256,18,4,4.0,0.3683794663584944,0.2265579668807185,0.8813552402900244,3.772797024478457,,,12.0,,,,,,,,,"0.009347,0.040677,0.092155,0.144215,0.174024,0.171201,0.141821,0.101009,0.062762,0.034391,0.016758,0.007307,0.002865,0.001014,0.000325,0.000094,0.000025,0.000006,0.000001,0.000000,0.000000,0.000000,0.000000,0.000000,0.000000,0.000000,0.000000,0.000000,0.000000,0.000000,0.000000,0.000000",,,,,,,,,,,
2026-09-02,Grant Holmes,656550,ATL,WSH,25,21.697807025302648,4.576960614119683,0.2004286373614716,9,1,3.0,0.3154472164429491,0.1833559481161469,3.576960614119683,12.697807025302648,,,9.0,,,,,,,,,"0.012048,0.050165,0.108283,0.160782,0.183376,0.169899,0.132091,0.087976,0.050909,0.025854,0.011608,0.004633,0.001650,0.000526,0.000150,0.000039,0.000009,0.000002,0.000000,0.000000,0.000000,0.000000,0.000000,0.000000,0.000000,0.000000,0.000000,0.000000,0.000000,0.000000,0.000000,0.000000",,,,,,,,,,,
2026-09-02,Brad Lord,695418,WSH,ATL,0,22.430823117338004,4.515568712443498,0.2405527795128045,14,6,3.333333333333333,0.3029825457998459,0.1729553158100413,-1.484431287556502,8.430823117338004,,,10.0,,,,,,,,,"0.012052,0.051003,0.111151,0.165198,0.186966,0.170647,0.130027,0.084637,0.047840,0.023770,0.010478,0.004126,0.001459,0.000465,0.000134,0.000035,0.000008,0.000002,0.000000,0.000000,0.000000,0.000000,0.000000,0.000000,0.000000,0.000000,0.000000,0.000000,0.000000,0.000000,0.000000,0.000000",,,,,,,,,,,
2026-09-02,Brandon Williamson,682227,CIN,SD,6,21.815408285185853,4.102207631296168,0.2093603039105849,24,5,5.333333333333333,0.2353201175449528,0.124620172111776,-0.8977923687038318,-2.1845917148141467,,,16.0,,,,,,,,,"0.018608,0.070636,0.138588,0.186262,0.191424,0.159162,0.110700,0.065827,0.033985,0.015410,0.006191,0.002219,0.000713,0.000206,0.000054,0.000013,0.000003,0.000001,0.000000,0.000000,0.000000,0.000000,0.000000,0.000000,0.000000,0.000000,0.000000,0.000000,0.000000,0.000000,0.000000,0.000000",,,,,,,,,,,
2026-09-02,Cody Bradford,674003,TEX,ATH,5,22.58978330929616,5.324747015867433,0.2006555220840935,20,3,4.0,0.4455284311850189,0.2896197050909058,2.324747015867433,2.589783309296159,,,12.0,,,,,,,,,"0.005417,0.026901,0.068769,0.120142,0.160310,0.172933,0.155909,0.120017,0.080082,0.046850,0.024253,0.011197,0.004641,0.001738,0.000590,0.000182,0.000051,0.000013,0.000003,0.000001,0.000000,0.000000,0.000000,0.000000,0.000000,0.000000,0.000000,0.000000,0.000000,0.000000,0.000000,0.000000",,,,,,,,,,,
2026-09-02,Trevor Rogers,669432,BAL,COL,29,22.76323139763124,5.174324634790164,0.222630054866897,24,11,6.666666666666667,0.4185226169870747,0.2674648948870219,-5.825675365209836,-1.236768602368759,,,20.0,,,,,,,,,"0.006570,0.031154,0.076486,0.128716,0.165725,0.172826,0.151058,0.113184,0.073863,0.042473,0.021709,0.009927,0.004080,0.001513,0.000507,0.000154,0.000042,0.000010,0.000002,0.000000,0.000000,0.000000,0.000000,0.000000,0.000000,0.000000,0.000000,0.000000,0.000000,0.000000,0.000000,0.000000",,,,,,,,,,,
2026-09-02,Jacob Lopez,682052,ATH,TEX,18,22.075810488994392,5.122825638238014,0.2276139474281889,25,7,6.0,0.4104944893059276,0.2621147091673765,-1.8771743617619856,-2.924189511005608,,,18.0,,,,,,,,,"0.007521,0.033993,0.080254,0.131213,0.165712,0.170812,0.148380,0.110891,0.072337,0.041629,0.021303,0.009753,0.004012,0.001487,0.000498,0.000151,0.000041,0.000010,0.000002,0.000000,0.000000,0.000000,0.000000,0.000000,0.000000,0.000000,0.000000,0.000000,0.000000,0.000000,0.000000,0.000000",,,,,,,,,,,
2026-09-02,Patrick Sandoval,663776,BOS,SEA,9,22.78254730658195,5.081476664413466,0.2364083370647922,20,2,4.0,0.4020956960104492,0.2530143228134356,3.081476664413466,2.78254730658195,,,12.0,,,,,,,,,"0.007065,0.033211,0.080598,0.133758,0.169519,0.173754,0.149081,0.109537,0.070037,0.039434,0.019729,0.008832,0.003556,0.001293,0.000425,0.000127,0.000034,0.000008,0.000002,0.000000,0.000000,0.000000,0.000000,0.000000,0.000000,0.000000,0.000000,0.000000,0.000000,0.000000,0.000000,0.000000",,,,,,,,,,,
2026-09-02,Bryce Miller,682243,SEA,BOS,21,22.378245062263527,4.832040329094935,0.2389425139425139,21,3,4.666666666666667,0.3587786123521915,0.2170313326056879,1.832040329094936,1.3782450622635274,,,14.0,,,,,,,,,"0.009188,0.040674,0.093355,0.147111,0.177501,0.173392,0.141747,0.099125,0.060240,0.032198,0.015280,0.006486,0.002477,0.000855,0.000268,0.000076,0.000020,0.000005,0.000001,0.000000,0.000000,0.000000,0.000000,0.000000,0.000000,0.000000,0.000000,0.000000,0.000000,0.000000,0.000000,0.000000",,,,,,,,,,,
2026-09-02,Taylor Clarke,664199,AZ,PHI,0,22.36614853195164,4.480457446544621,0.2401544401544401,6,1,1.6666666666666663,0.2967396841854768,0.1673939507860065,3.480457446544621,16.36614853195164,,,5.0,,,,,,,,,"0.012249,0.051818,0.112696,0.167036,0.188387,0.171074,0.129346,0.083239,0.046321,0.022563,0.009715,0.003727,0.001283,0.000398,0.000112,0.000028,0.000007,0.000001,0.000000,0.000000,0.000000,0.000000,0.000000,0.000000,0.000000,0.000000,0.000000,0.000000,0.000000,0.000000,0.000000,0.000000",,,,,,,,,,,
2026-09-02,Tomoyuki Sugano,608372,COL,BAL,28,21.899721654439528,4.088773024110396,0.1696151103816609,26,4,6.0,0.2339247026366862,0.1239554449396716,0.0887730241103961,-4.100278345560472,,,18.0,,,,,,,,,"0.019358,0.071993,0.139511,0.186234,0.190713,0.158266,0.109969,0.065386,0.033792,0.015357,0.006191,0.002229,0.000720,0.000209,0.000055,0.000013,0.000003,0.000001,0.000000,0.000000,0.000000,0.000000,0.000000,0.000000,0.000000,0.000000,0.000000,0.000000,0.000000,0.000000,0.000000,0.000000",,,,,,,,,,,
2026-09-02,Andrew Painter,691725,PHI,AZ,18,21.811493308377653,3.970031704477868,0.2109978281853282,24,6,7.0,0.214540141921725,0.1103516609208111,-2.029968295522132,-2.1885066916223472,,,21.0,,,,,,,,,"0.021314,0.077822,0.147566,0.192285,0.191795,0.154677,0.104188,0.059900,0.029857,0.013057,0.005055,0.001745,0.000540,0.000150,0.000038,0.000008,0.000002,0.000000,0.000000,0.000000,0.000000,0.000000,0.000000,0.000000,0.000000,0.000000,0.000000,0.000000,0.000000,0.000000,0.000000,0.000000",,,,,,,,,,,
2026-09-02,Jacob Misiorowski,694819,MIL,CHC,28,22.694828688078672,8.060392875658733,0.3337526606974183,21,5,4.0,0.8151984978105861,0.6992050149348102,3.0603928756587333,1.6948286880786725,,,12.0,,,,,,,,,"0.000457,0.003199,0.011525,0.028554,0.054738,0.086328,0.115993,0.135575,0.139655,0.127909,0.104837,0.077275,0.051418,0.030974,0.016929,0.008408,0.003799,0.001562,0.000584,0.000198,0.000061,0.000017,0.000004,0.000001,0.000000,0.000000,0.000000,0.000000,0.000000,0.000000,0.000000,0.000000",,,,,,,,,,,
2026-09-02,Cam Schlittler,693645,NYY,LAA,33,22.84140313263057,7.91383461262093,0.2883087574936481,26,9,8.0,0.7982354448645531,0.6778032082852361,-1.0861653873790704,-3.158596867369429,,,24.0,,,,,,,,,"0.000581,0.003866,0.013383,0.032108,0.059860,0.091968,0.120432,0.137250,0.138033,0.123738,0.099631,0.072489,0.047885,0.028824,0.015853,0.007978,0.003676,0.001550,0.000596,0.000209,0.000066,0.000019,0.000005,0.000001,0.000000,0.000000,0.000000,0.000000,0.000000,0.000000,0.000000,0.000000",,,,,,,,,,,
2026-09-02,Reid Detmers,672282,LAA,NYY,27,23.06375072871208,6.598586823192436,0.267167363057774,25,8,7.0,0.6479515609089526,0.4938422491810408,-1.401413176807564,-1.93624927128792,,,21.0,,,,,,,,,"0.001704,0.010094,0.030934,0.065130,0.105371,0.138816,0.154109,0.147416,0.123394,0.091406,0.060436,0.035899,0.019253,0.009357,0.004132,0.001659,0.000606,0.000201,0.000061,0.000016,0.000004,0.000001,0.000000,0.000000,0.000000,0.000000,0.000000,0.000000,0.000000,0.000000,0.000000,0.000000",,,,,,,,,,,
2026-09-02,Dylan Cease,656302,TOR,CLE,29,23.77213347478257,6.147339429078796,0.3182226321761205,21,4,6.0,0.5827459099060026,0.4213178555204065,2.147339429078796,2.7721334747825708,,,18.0,,,,,,,,,"0.002264,0.013307,0.039917,0.081137,0.125140,0.155490,0.161428,0.143457,0.110984,0.075658,0.045844,0.024842,0.012087,0.005292,0.002087,0.000741,0.000237,0.000068,0.000017,0.000004,0.000001,0.000000,0.000000,0.000000,0.000000,0.000000,0.000000,0.000000,0.000000,0.000000,0.000000,0.000000",,,,,,,,,,,
2026-09-02,Landen Roupp,694738,SF,PIT,26,22.87038756026621,5.71718894676178,0.2267279929617592,19,4,5.0,0.5120763275674567,0.352409270352995,1.7171889467617802,3.8703875602662094,,,15.0,,,,,,,,,"0.003803,0.019989,0.054269,0.100920,0.143559,0.165382,0.159667,0.132155,0.095302,0.060589,0.034251,0.017318,0.007861,0.003209,0.001179,0.000390,0.000116,0.000031,0.000007,0.000002,0.000000,0.000000,0.000000,0.000000,0.000000,0.000000,0.000000,0.000000,0.000000,0.000000,0.000000,0.000000",,,,,,,,,,,
2026-09-02,Griffin Jax,643377,TB,NYM,17,19.95948839171303,5.711834643700517,0.2561221626965572,17,1,2.6666666666666665,0.5073208495260227,0.361059790530352,4.711834643700517,2.9594883917130304,,,8.0,,,,,,,,,"0.006059,0.027454,0.064362,0.105553,0.137507,0.151745,0.146261,0.124691,0.094521,0.063946,0.038762,0.021143,0.010419,0.004655,0.001890,0.000699,0.000236,0.000072,0.000020,0.000005,0.000001,0.000000,0.000000,0.000000,0.000000,0.000000,0.000000,0.000000,0.000000,0.000000,0.000000,0.000000",,,,,,,,,,,
2026-09-02,Eury Pérez,691587,MIA,KC,29,21.8136765014888,5.594779927794147,0.2670893295893295,26,3,4.666666666666667,0.4917821319050519,0.3359615009680603,2.5947799277941472,-4.1863234985112,,,14.0,,,,,,,,,"0.004934,0.024047,0.061009,0.107352,0.146597,0.164280,0.155821,0.127477,0.091102,0.057412,0.032142,0.016083,0.007229,0.002932,0.001076,0.000359,0.000109,0.000030,0.000008,0.000002,0.000000,0.000000,0.000000,0.000000,0.000000,0.000000,0.000000,0.000000,0.000000,0.000000,0.000000,0.000000",,,,,,,,,,,
2026-09-02,Noah Cameron,702070,KC,MIA,30,23.749881789630333,5.096896828829037,0.2208860784712178,22,7,5.0,0.4039205412189555,0.2523237657462198,-1.903103171170964,1.749881789630333,,,15.0,,,,,,,,,"0.006196,0.030847,0.078014,0.133033,0.171264,0.176725,0.151597,0.110754,0.070100,0.038925,0.019144,0.008400,0.003307,0.001172,0.000375,0.000109,0.000028,0.000007,0.000001,0.000000,0.000000,0.000000,0.000000,0.000000,0.000000,0.000000,0.000000,0.000000,0.000000,0.000000,0.000000,0.000000",,,,,,,,,,,
2026-09-02,Hayden Wesneski,669713,HOU,CWS,6,22.25428954207221,5.0393611865395584,0.2298658225551176,25,5,7.0,0.3956155645691989,0.2476998957218142,0.0393611865395584,-2.745710457927789,,,21.0,,,,,,,,,"0.007609,0.034880,0.082923,0.135581,0.170138,0.173254,0.147916,0.108146,0.068732,0.038393,0.019007,0.008393,0.003321,0.001181,0.000379,0.000110,0.000029,0.000007,0.000001,0.000000,0.000000,0.000000,0.000000,0.000000,0.000000,0.000000,0.000000,0.000000,0.000000,0.000000,0.000000,0.000000",,,,,,,,,,,
2026-09-02,David Peterson,656849,CHC,MIL,22,22.62625086517501,4.9975099853479525,0.2083292523879973,23,4,3.6666666666666665,0.3875883585524131,0.2394368433328119,0.9975099853479524,-0.3737491348249904,,,11.0,,,,,,,,,"0.007369,0.034650,0.083751,0.138016,0.173241,0.175385,0.148152,0.106765,0.066663,0.036471,0.017630,0.007576,0.002908,0.001001,0.000309,0.000086,0.000022,0.000005,0.000001,0.000000,0.000000,0.000000,0.000000,0.000000,0.000000,0.000000,0.000000,0.000000,0.000000,0.000000,0.000000,0.000000",,,,,,,,,,,
2026-09-02,Bubba Chandler,696149,PIT,SF,29,21.694982139471,4.642622429232295,0.2180806050669064,23,4,5.0,0.3274343326043145,0.1929659169129209,0.6426224292322953,-1.3050178605289986,,,15.0,,,,,,,,,"0.011733,0.048486,0.104688,0.156610,0.180879,0.170170,0.134468,0.091037,0.053563,0.027690,0.012689,0.005191,0.001907,0.000632,0.000190,0.000052,0.000013,0.000003,0.000001,0.000000,0.000000,0.000000,0.000000,0.000000,0.000000,0.000000,0.000000,0.000000,0.000000,0.000000,0.000000,0.000000",,,,,,,,,,,
2026-09-02,Joey Cantillo,676282,CLE,TOR,32,21.88340321798836,4.638945555203842,0.2416019093234283,28,6,5.333333333333333,0.3261445917933066,0.1915014725568037,-1.3610544447961583,-6.116596782011641,,,16.0,,,,,,,,,"0.011390,0.047880,0.104533,0.157265,0.181895,0.170892,0.134643,0.090814,0.053198,0.027354,0.012445,0.005040,0.001825,0.000593,0.000173,0.000046,0.000011,0.000002,0.000000,0.000000,0.000000,0.000000,0.000000,0.000000,0.000000,0.000000,0.000000,0.000000,0.000000,0.000000,0.000000,0.000000",,,,,,,,,,,
2026-09-02,Dean Kremer,665152,MIN,DET,15,21.427456756353948,4.422249888056391,0.2328723281104233,20,5,4.0,0.2910091642240301,0.1661285712538164,-0.577750111943609,1.4274567563539478,,,12.0,,,,,,,,,"0.015090,0.058332,0.118528,0.167756,0.184106,0.165179,0.124881,0.081138,0.045939,0.022900,0.010127,0.003995,0.001412,0.000448,0.000128,0.000033,0.000008,0.000002,0.000000,0.000000,0.000000,0.000000,0.000000,0.000000,0.000000,0.000000,0.000000,0.000000,0.000000,0.000000,0.000000,0.000000",,,,,,,,,,,
2026-09-02,Drew Anderson,623454,DET,MIN,7,19.497512658134426,4.35137661714179,0.2413903754386328,24,5,5.666666666666667,0.2854703242902215,0.1666250370254256,-0.6486233828582098,-4.502487341865574,,,17.0,,,,,,,,,"0.018848,0.067610,0.126948,0.168106,0.176831,0.156187,0.118845,0.078888,0.046045,0.023788,0.010943,0.004507,0.001669,0.000557,0.000168,0.000046,0.000011,0.000003,0.000001,0.000000,0.000000,0.000000,0.000000,0.000000,0.000000,0.000000,0.000000,0.000000,0.000000,0.000000,0.000000,0.000000",,,,,,,,,,,
2026-09-02,Davis Martin,663436,CWS,HOU,28,22.755990767589378,4.205542792385741,0.2126418560614286,23,3,5.666666666666667,0.2503457694318922,0.1345216179015669,1.2055427923857414,-0.2440092324106224,,,17.0,,,,,,,,,"0.016103,0.064118,0.131130,0.182318,0.192471,0.163514,0.115824,0.070053,0.036794,0.016992,0.006963,0.002549,0.000837,0.000248,0.000066,0.000016,0.000003,0.000001,0.000000,0.000000,0.000000,0.000000,0.000000,0.000000,0.000000,0.000000,0.000000,0.000000,0.000000,0.000000,0.000000,0.000000",,,,,,,,,,,
2026-09-02,Justin Hagenman,663795,NYM,TB,0,22.36614853195164,3.918946735165552,0.2401544401544401,12,2,3.0,0.2043637282013412,0.1027580784223097,1.918946735165552,10.36614853195164,,,9.0,,,,,,,,,"0.021198,0.078889,0.150939,0.196469,0.194101,0.154040,0.101606,0.056983,0.027618,0.011712,0.004389,0.001464,0.000438,0.000118,0.000029,0.000006,0.000001,0.000000,0.000000,0.000000,0.000000,0.000000,0.000000,0.000000,0.000000,0.000000,0.000000,0.000000,0.000000,0.000000,0.000000,0.000000",,,,,,,,,,,
2026-09-02,Yoshinobu Yamamoto,808967,LAD,STL,28,24.74375835168724,7.144969561307228,0.2589503249880608,27,8,7.0,0.722054712810233,0.5771840413711162,-0.8550304386927721,-2.2562416483127627,,,21.0,,,,,,,,,"0.000842,0.005776,0.020071,0.047096,0.083807,0.120353,0.144871,0.149858,0.135527,0.108472,0.077512,0.049764,0.028831,0.015116,0.007183,0.003095,0.001209,0.000427,0.000136,0.000039,0.000010,0.000002,0.000000,0.000000,0.000000,0.000000,0.000000,0.000000,0.000000,0.000000,0.000000,0.000000",,,,,,,,,,,
2026-09-02,Brycen Mautz,802408,STL,LAD,0,22.36614853195164,4.908828999800916,0.2401544401544401,10,0,1.0,0.3720040879525318,0.2274303556545539,4.908828999800916,12.36614853195164,,,3.0,,,,,,,,,"0.008352,0.037948,0.089021,0.142968,0.175499,0.174208,0.144574,0.102537,0.063141,0.034174,0.016416,0.007055,0.002730,0.000956,0.000303,0.000088,0.000023,0.000005,0.000001,0.000000,0.000000,0.000000,0.000000,0.000000,0.000000,0.000000,0.000000,0.000000,0.000000,0.000000,0.000000,0.000000",,,,,,,,,,,
2026-09-03,Tarik Skubal,669373,LAD,STL,25,23.41017316017316,7.38791822779365,0.2789857119854659,26,6,5.666666666666667,0.7452551046627929,0.608382711023808,1.3879182277936497,-2.5898268398268414,,,17.0,,,,,,,,,"0.000758,0.005199,0.018096,0.042651,0.076559,0.111483,0.136872,0.145322,0.135774,0.113005,0.084524,0.057167,0.035111,0.019638,0.010019,0.004667,0.001986,0.000772,0.000274,0.000089,0.000026,0.000007,0.000002,0.000000,0.000000,0.000000,0.000000,0.000000,0.000000,0.000000,0.000000,0.000000",,,,,,,,,,,
2026-09-03,Hunter Brown,686613,HOU,CWS,19,23.17646172393008,6.688788027687741,0.2394093897066241,25,7,6.0,0.6575914885337943,0.505360442863944,-0.3112119723122593,-1.8235382760699217,,,18.0,,,,,,,,,"0.001474,0.009213,0.029260,0.062940,0.103006,0.136515,0.152231,0.146513,0.123886,0.093215,0.062989,0.038473,0.021330,0.010761,0.004945,0.002070,0.000788,0.000273,0.000086,0.000024,0.000006,0.000001,0.000000,0.000000,0.000000,0.000000,0.000000,0.000000,0.000000,0.000000,0.000000,0.000000",,,,,,,,,,,
2026-09-03,Logan Henderson,701656,MIL,CHC,13,21.93684422921711,6.498387084910864,0.2612747528558031,24,7,7.0,0.628881158509922,0.4753169222351545,-0.5016129150891357,-2.0631557707828883,,,21.0,,,,,,,,,"0.001905,0.011298,0.034216,0.070516,0.111045,0.142139,0.153564,0.143571,0.118208,0.086808,0.057388,0.034374,0.018731,0.009305,0.004216,0.001742,0.000655,0.000224,0.000069,0.000020,0.000005,0.000001,0.000000,0.000000,0.000000,0.000000,0.000000,0.000000,0.000000,0.000000,0.000000,0.000000",,,,,,,,,,,
2026-09-03,Kevin Gausman,592332,CHC,MIL,33,23.80058734369079,6.056791909946815,0.23428454147335,27,9,7.0,0.5646880301759348,0.4057601815359339,-2.9432080900531847,-3.1994126563092102,,,21.0,,,,,,,,,"0.002655,0.015186,0.044146,0.086836,0.129761,0.156727,0.158928,0.138764,0.106177,0.072106,0.043863,0.024060,0.011954,0.005395,0.002215,0.000827,0.000281,0.000087,0.000024,0.000006,0.000001,0.000000,0.000000,0.000000,0.000000,0.000000,0.000000,0.000000,0.000000,0.000000,0.000000,0.000000",,,,,,,,,,,
2026-09-03,Jack Perkins,678022,ATH,SEA,12,22.17258340461933,5.67204836139434,0.2332413127605177,19,7,3.0,0.5019952434049287,0.3445386081511068,-1.3279516386056596,3.172583404619332,,,9.0,,,,,,,,,"0.003929,0.020944,0.056828,0.104512,0.146234,0.165557,0.157457,0.128964,0.092550,0.058920,0.033574,0.017231,0.008000,0.003368,0.001288,0.000448,0.000142,0.000041,0.000011,0.000003,0.000001,0.000000,0.000000,0.000000,0.000000,0.000000,0.000000,0.000000,0.000000,0.000000,0.000000,0.000000",,,,,,,,,,,
2026-09-03,Jake Bennett,687562,BOS,BAL,16,23.34696342305038,5.546444040398237,0.2069872704781124,22,7,6.0,0.4809211968105666,0.3244615203736954,-1.453555959601763,1.3469634230503793,,,18.0,,,,,,,,,"0.004368,0.022946,0.061249,0.110613,0.151726,0.168176,0.156460,0.125278,0.087845,0.054608,0.030356,0.015180,0.006856,0.002804,0.001040,0.000350,0.000107,0.000029,0.000007,0.000002,0.000000,0.000000,0.000000,0.000000,0.000000,0.000000,0.000000,0.000000,0.000000,0.000000,0.000000,0.000000",,,,,,,,,,,
2026-09-03,Shane McClanahan,663556,TB,TEX,23,20.80440948942754,5.476906465214609,0.2192081976366816,21,3,5.0,0.4681984654895419,0.3147453995799122,2.4769064652146087,-0.1955905105724582,,,15.0,,,,,,,,,"0.005062,0.025484,0.065549,0.114799,0.153687,0.167220,0.153453,0.121695,0.084845,0.052668,0.029388,0.014843,0.006817,0.002854,0.001090,0.000379,0.000120,0.000034,0.000009,0.000002,0.000000,0.000000,0.000000,0.000000,0.000000,0.000000,0.000000,0.000000,0.000000,0.000000,0.000000,0.000000",,,,,,,,,,,
2026-09-03,Michael Wacha,608379,KC,MIA,31,24.71378551420568,5.33388985450446,0.1995626903208062,26,7,6.0,0.4453083509096796,0.2901392281548243,-1.6661101454955398,-1.2862144857943214,,,18.0,,,,,,,,,"0.005060,0.026176,0.068511,0.120813,0.161150,0.172980,0.155169,0.119238,0.079833,0.047122,0.024724,0.011597,0.004882,0.001849,0.000631,0.000194,0.000054,0.000013,0.000003,0.000001,0.000000,0.000000,0.000000,0.000000,0.000000,0.000000,0.000000,0.000000,0.000000,0.000000,0.000000,0.000000",,,,,,,,,,,
2026-09-03,Luis Castillo,622491,CWS,HOU,26,22.615053513261984,5.149440446761386,0.2073777811844892,21,3,4.0,0.4126310407603318,0.2630716809328696,2.1494404467613863,1.6150535132619837,,,12.0,,,,,,,,,"0.006441,0.031427,0.078015,0.131145,0.167503,0.172837,0.149559,0.111239,0.072347,0.041655,0.021426,0.009912,0.004145,0.001572,0.000542,0.000170,0.000049,0.000013,0.000003,0.000001,0.000000,0.000000,0.000000,0.000000,0.000000,0.000000,0.000000,0.000000,0.000000,0.000000,0.000000,0.000000",,,,,,,,,,,
2026-09-03,José Soriano,667755,TOR,CLE,29,23.15377278507842,4.9856478385067495,0.2282098581607217,24,2,4.666666666666667,0.3838245762741433,0.2377852903638684,2.985647838506749,-0.8462272149215799,,,14.0,,,,,,,,,"0.007283,0.034998,0.085252,0.140067,0.174179,0.174396,0.146039,0.104898,0.065766,0.036428,0.017974,0.007942,0.003152,0.001126,0.000362,0.000105,0.000027,0.000006,0.000001,0.000000,0.000000,0.000000,0.000000,0.000000,0.000000,0.000000,0.000000,0.000000,0.000000,0.000000,0.000000,0.000000",,,,,,,,,,,
2026-09-03,Kade Anderson,807739,SEA,ATH,2,22.57942430703625,4.880110257509277,0.2163335721919726,22,3,5.0,0.36544852215716,0.2225763271227549,1.8801102575092767,0.5794243070362484,,,15.0,,,,,,,,,"0.008139,0.038158,0.090767,0.145819,0.177526,0.174143,0.142872,0.100474,0.061609,0.033350,0.016083,0.006958,0.002715,0.000959,0.000307,0.000090,0.000024,0.000006,0.000001,0.000000,0.000000,0.000000,0.000000,0.000000,0.000000,0.000000,0.000000,0.000000,0.000000,0.000000,0.000000,0.000000",,,,,,,,,,,
2026-09-03,Brandon Young,687064,BAL,BOS,23,24.12570912841671,4.804927013279933,0.1942488484008218,27,7,6.666666666666667,0.3519674270203043,0.2113484335032304,-2.195072986720067,-2.874290871583291,,,20.0,,,,,,,,,"0.008627,0.040123,0.094534,0.150141,0.180353,0.174255,0.140619,0.097175,0.058519,0.031100,0.014723,0.006251,0.002393,0.000829,0.000260,0.000074,0.000019,0.000005,0.000001,0.000000,0.000000,0.000000,0.000000,0.000000,0.000000,0.000000,0.000000,0.000000,0.000000,0.000000,0.000000,0.000000",,,,,,,,,,,
2026-09-03,Sandy Alcantara,645261,MIA,KC,33,26.585733232284955,4.72712223817056,0.1891007613904238,24,2,6.0,0.3380897640467994,0.1996775237964981,2.72712223817056,2.585733232284955,,,18.0,,,,,,,,,"0.009085,0.042073,0.098374,0.154602,0.183315,0.174462,0.138412,0.093863,0.055360,0.028749,0.013262,0.005469,0.002025,0.000675,0.000203,0.000055,0.000013,0.000003,0.000001,0.000000,0.000000,0.000000,0.000000,0.000000,0.000000,0.000000,0.000000,0.000000,0.000000,0.000000,0.000000,0.000000",,,,,,,,,,,
2026-09-03,Blade Tidwell,694918,SF,PIT,5,22.40022091310752,4.384100558345994,0.2127536961004594,22,5,5.0,0.2796478913289773,0.1559637516048751,-0.6158994416540056,0.4002209131075176,,,15.0,,,,,,,,,"0.013252,0.055912,0.119816,0.173434,0.190144,0.167794,0.123684,0.078049,0.042899,0.020801,0.008983,0.003481,0.001217,0.000385,0.000111,0.000029,0.000007,0.000001,0.000000,0.000000,0.000000,0.000000,0.000000,0.000000,0.000000,0.000000,0.000000,0.000000,0.000000,0.000000,0.000000,0.000000",,,,,,,,,,,
2026-09-03,Quinn Mathews,687273,STL,LAD,4,22.905993431855503,4.376459937521215,0.2211005000231977,23,4,5.0,0.2777976443734973,0.1543221392298138,0.376459937521215,-0.094006568144497,,,15.0,,,,,,,,,"0.013097,0.055727,0.120068,0.174220,0.190962,0.168130,0.123476,0.077571,0.042432,0.020470,0.008790,0.003382,0.001171,0.000366,0.000104,0.000026,0.000006,0.000001,0.000000,0.000000,0.000000,0.000000,0.000000,0.000000,0.000000,0.000000,0.000000,0.000000,0.000000,0.000000,0.000000,0.000000",,,,,,,,,,,
2026-09-03,Tanner Bibee,676440,CLE,TOR,32,23.876897625535225,4.310684475068408,0.2046782180195512,20,4,4.0,0.2668864865319669,0.1463047175783519,0.3106844750684079,3.876897625535225,,,12.0,,,,,,,,,"0.013989,0.058603,0.124327,0.177693,0.191930,0.166571,0.120582,0.074627,0.040167,0.019034,0.008013,0.003017,0.001021,0.000312,0.000086,0.000022,0.000005,0.000001,0.000000,0.000000,0.000000,0.000000,0.000000,0.000000,0.000000,0.000000,0.000000,0.000000,0.000000,0.000000,0.000000,0.000000",,,,,,,,,,,
2026-09-03,Cal Quantrill,615698,TEX,TB,10,22.26409135082605,3.360984677100828,0.2183149239997088,25,5,7.0,0.1258080100293969,0.0555962367930111,-1.639015322899172,-2.7359086491739504,,,21.0,,,,,,,,,"0.035848,0.117432,0.194894,0.217805,0.183771,0.124443,0.070212,0.033836,0.014169,0.005219,0.001706,0.000498,0.000130,0.000031,0.000007,0.000001,0.000000,0.000000,0.000000,0.000000,0.000000,0.000000,0.000000,0.000000,0.000000,0.000000,0.000000,0.000000,0.000000,0.000000,0.000000,0.000000",,,,,,,,,,,
2026-09-05,Zac Thornton,804267,NYM,SF,11,22.38546249061168,5.270181610849951,0.2019928835344656,22,6,5.0,0.4353060834147066,0.281658654319697,-0.7298183891500489,0.3854624906116797,,,15.0,,,,,,,,,"0.005840,0.028584,0.071905,0.123563,0.162269,0.172532,0.153647,0.117151,0.077673,0.045312,0.023480,0.010894,0.004558,0.001729,0.000598,0.000189,0.000055,0.000015,0.000004,0.000001,0.000000,0.000000,0.000000,0.000000,0.000000,0.000000,0.000000,0.000000,0.000000,0.000000,0.000000,0.000000,0.000000,0.000000",,,,,,,,,,,
2026-09-05,Javier Assad,665871,CHC,MIA,13,20.98597520353692,4.5613652747864,0.1980319948535155,20,3,4.666666666666667,0.3135509706091352,0.1827703207638098,1.5613652747864002,0.9859752035369204,,,14.0,,,,,,,,,"0.012585,0.051714,0.110012,0.161335,0.182463,0.168340,0.130781,0.087264,0.050692,0.025891,0.011717,0.004726,0.001707,0.000554,0.000162,0.000043,0.000010,0.000002,0.000000,0.000000,0.000000,0.000000,0.000000,0.000000,0.000000,0.000000,0.000000,0.000000,0.000000,0.000000,0.000000,0.000000,0.000000,0.000000",,,,,,,,,,,
2026-09-05,Ryan Gusto,687473,MIA,CHC,14,19.70330273275954,4.094777644386389,0.2011454635733603,24,5,4.666666666666667,0.2405393735937737,0.1315754093880495,-0.9052223556136108,-4.296697267240461,,,14.0,,,,,,,,,"0.021527,0.076508,0.141565,0.182507,0.183965,0.153389,0.108964,0.067051,0.036117,0.017158,0.007234,0.002720,0.000917,0.000278,0.000076,0.000019,0.000004,0.000001,0.000000,0.000000,0.000000,0.000000,0.000000,0.000000,0.000000,0.000000,0.000000,0.000000,0.000000,0.000000,0.000000,0.000000,0.000000,0.000000",,,,,,,,,,,
2026-09-05,Anthony Molina,683627,SF,NYM,1,22.35995808817603,3.520025913390092,0.2250423518433967,18,6,5.0,0.1471768672265332,0.0678639373478918,-2.479974086609908,4.359958088176029,,,15.0,,,,,,,,,"0.031485,0.105620,0.181722,0.212246,0.187964,0.133786,0.079313,0.040119,0.017620,0.006807,0.002337,0.000718,0.000199,0.000050,0.000011,0.000002,0.000000,0.000000,0.000000,0.000000,0.000000,0.000000,0.000000,0.000000,0.000000,0.000000,0.000000,0.000000,0.000000,0.000000,0.000000,0.000000,0.000000,0.000000",,,,,,,,,,,
2026-09-05,Braxton Ashcraft,677952,PIT,LAA,29,23.47923530293873,6.758597439955311,0.2440379149529033,22,9,5.0,0.6690754940404301,0.5174090524069513,-2.2414025600446887,1.4792353029387293,,,15.0,,,,,,,,,"0.001396,0.008668,0.027604,0.059935,0.099441,0.133880,0.151666,0.148049,0.126606,0.096002,0.065140,0.039832,0.022072,0.011134,0.005131,0.002166,0.000839,0.000299,0.000098,0.000030,0.000008,0.000002,0.000000,0.000000,0.000000,0.000000,0.000000,0.000000,0.000000,0.000000,0.000000,0.000000,0.000000,0.000000",,,,,,,,,,,
2026-09-05,Parker Messick,800048,CLE,DET,31,23.452387386807708,6.140102917584077,0.2448271666472626,26,12,6.0,0.5790790104386166,0.4200411248386028,-5.859897082415923,-2.5476126131922925,,,18.0,,,,,,,,,"0.002519,0.014301,0.041679,0.082787,0.125498,0.154136,0.159038,0.141179,0.109622,0.075343,0.046239,0.025507,0.012712,0.005746,0.002364,0.000888,0.000306,0.000097,0.000028,0.000008,0.000002,0.000000,0.000000,0.000000,0.000000,0.000000,0.000000,0.000000,0.000000,0.000000,0.000000,0.000000,0.000000,0.000000",,,,,,,,,,,
2026-09-05,Zack Wheeler,554430,PHI,ATL,22,23.342705232548138,5.989826589045752,0.2688076277457166,23,9,6.0,0.556066375039597,0.3956475291938817,-3.0101734109542484,0.3427052325481377,,,18.0,,,,,,,,,"0.002826,0.015826,0.045425,0.088741,0.132101,0.159014,0.160419,0.138863,0.104857,0.069916,0.041553,0.022180,0.010699,0.004689,0.001875,0.000686,0.000231,0.000071,0.000020,0.000005,0.000001,0.000000,0.000000,0.000000,0.000000,0.000000,0.000000,0.000000,0.000000,0.000000,0.000000,0.000000,0.000000,0.000000",,,,,,,,,,,
2026-09-05,Dustin May,669160,MIL,CIN,24,22.412899989861856,5.822693114730754,0.2238569891753044,15,5,3.6666666666666665,0.5282918114129804,0.3703211421420012,0.8226931147307539,7.412899989861856,,,11.0,,,,,,,,,"0.003726,0.019375,0.052236,0.096932,0.138401,0.161038,0.157971,0.133550,0.098800,0.064673,0.037768,0.019800,0.009362,0.004008,0.001558,0.000552,0.000179,0.000053,0.000014,0.000004,0.000001,0.000000,0.000000,0.000000,0.000000,0.000000,0.000000,0.000000,0.000000,0.000000,0.000000,0.000000,0.000000,0.000000",,,,,,,,,,,
2026-09-05,Yusei Kikuchi,579328,LAA,PIT,12,22.110792198145823,5.452716111213043,0.2128176422630889,24,6,6.0,0.4671297900576684,0.3117544523655723,-0.5472838887869571,-1.8892078018541767,,,18.0,,,,,,,,,"0.005224,0.025665,0.065315,0.114321,0.153835,0.168510,0.155375,0.123201,0.085241,0.052000,0.028184,0.013654,0.005940,0.002331,0.000828,0.000268,0.000079,0.000021,0.000005,0.000001,0.000000,0.000000,0.000000,0.000000,0.000000,0.000000,0.000000,0.000000,0.000000,0.000000,0.000000,0.000000,0.000000,0.000000",,,,,,,,,,,
2026-09-05,Andrew Abbott,671096,CIN,MIL,33,23.163136066552656,4.2511187264419465,0.190929646490624,15,5,4.0,0.2568401289032014,0.1386919031207968,-0.7488812735580535,8.163136066552656,,,12.0,,,,,,,,,"0.014883,0.061118,0.127848,0.180686,0.193069,0.165554,0.118148,0.071904,0.037971,0.017625,0.007262,0.002677,0.000889,0.000267,0.000073,0.000018,0.000004,0.000001,0.000000,0.000000,0.000000,0.000000,0.000000,0.000000,0.000000,0.000000,0.000000,0.000000,0.000000,0.000000,0.000000,0.000000,0.000000,0.000000",,,,,,,,,,,
2026-09-05,Framber Valdez,664285,DET,CLE,31,24.460790748152245,4.080702382253005,0.1889630781523742,24,3,7.0,0.227996538888967,0.1183393482101784,1.0807023822530049,0.4607907481522453,,,21.0,,,,,,,,,"0.017051,0.068649,0.139569,0.190454,0.195587,0.160693,0.109657,0.063722,0.032089,0.014184,0.005557,0.001944,0.000611,0.000173,0.000045,0.000010,0.000002,0.000000,0.000000,0.000000,0.000000,0.000000,0.000000,0.000000,0.000000,0.000000,0.000000,0.000000,0.000000,0.000000,0.000000,0.000000,0.000000,0.000000",,,,,,,,,,,
2026-09-05,Martín Pérez,527048,ATL,PHI,24,21.85540870066325,3.71187932455683,0.1779188722191499,22,3,3.6666666666666665,0.1725687051656629,0.0822280429530533,0.71187932455683,-0.1445912993367493,,,11.0,,,,,,,,,"0.025465,0.091086,0.166443,0.206110,0.193206,0.145121,0.090341,0.047666,0.021667,0.008596,0.003010,0.000939,0.000263,0.000067,0.000015,0.000003,0.000001,0.000000,0.000000,0.000000,0.000000,0.000000,0.000000,0.000000,0.000000,0.000000,0.000000,0.000000,0.000000,0.000000,0.000000,0.000000,0.000000,0.000000",,,,,,,,,,,
2026-09-05,Taj Bradley,671737,MIN,CWS,30,23.868882700548564,6.538947676232134,0.258410957284943,21,6,5.0,0.6396350470854104,0.4836669577776251,0.5389476762321337,2.868882700548564,,,15.0,,,,,,,,,"0.001644,0.010064,0.031487,0.066932,0.108345,0.141892,0.155968,0.147414,0.121826,0.089097,0.058180,0.034149,0.018111,0.008715,0.003818,0.001528,0.000560,0.000189,0.000059,0.000017,0.000004,0.000001,0.000000,0.000000,0.000000,0.000000,0.000000,0.000000,0.000000,0.000000,0.000000,0.000000,0.000000,0.000000",,,,,,,,,,,
2026-09-05,Tyler Glasnow,607192,LAD,WSH,12,22.82935507239732,6.181070649749136,0.2670008580589802,27,8,6.0,0.5862788072069061,0.4275369493126437,-1.818929350250864,-4.17064492760268,,,18.0,,,,,,,,,"0.002488,0.014022,0.040705,0.080890,0.123179,0.152436,0.158742,0.142275,0.111454,0.077158,0.047590,0.026313,0.013104,0.005901,0.002411,0.000896,0.000304,0.000095,0.000027,0.000007,0.000002,0.000000,0.000000,0.000000,0.000000,0.000000,0.000000,0.000000,0.000000,0.000000,0.000000,0.000000,0.000000,0.000000",,,,,,,,,,,
2026-09-05,Sonny Gray,543243,BOS,BAL,29,23.39021453142537,6.111375154040234,0.2265831013744255,25,7,7.0,0.5741248226745719,0.4151966745972555,-0.8886248459597663,-1.6097854685746285,,,21.0,,,,,,,,,"0.002621,0.014747,0.042652,0.084160,0.126817,0.154879,0.158928,0.140329,0.108419,0.074200,0.045403,0.025018,0.012483,0.005665,0.002346,0.000889,0.000309,0.000098,0.000029,0.000008,0.000002,0.000000,0.000000,0.000000,0.000000,0.000000,0.000000,0.000000,0.000000,0.000000,0.000000,0.000000,0.000000,0.000000",,,,,,,,,,,
2026-09-05,George Kirby,669923,SEA,ATH,30,23.92651958815664,6.039395136594566,0.2219460477217296,27,5,6.666666666666667,0.5642168953550002,0.4031176445915806,1.0393951365945655,-3.073480411843363,,,20.0,,,,,,,,,"0.002557,0.014766,0.043405,0.086342,0.130283,0.158431,0.161099,0.140363,0.106603,0.071473,0.042713,0.022925,0.011117,0.004894,0.001964,0.000720,0.000242,0.000074,0.000021,0.000005,0.000001,0.000000,0.000000,0.000000,0.000000,0.000000,0.000000,0.000000,0.000000,0.000000,0.000000,0.000000,0.000000,0.000000",,,,,,,,,,,
2026-09-05,Cade Cavalli,676917,WSH,LAD,33,22.022552512176,5.42493850625513,0.2506934809866166,23,8,6.0,0.4618180484181399,0.3074893960269895,-2.5750614937448697,-0.9774474878240014,,,18.0,,,,,,,,,"0.005523,0.026672,0.066929,0.115914,0.154745,0.168398,0.154329,0.121674,0.083806,0.051032,0.027735,0.013554,0.005991,0.002405,0.000879,0.000292,0.000089,0.000024,0.000006,0.000001,0.000000,0.000000,0.000000,0.000000,0.000000,0.000000,0.000000,0.000000,0.000000,0.000000,0.000000,0.000000,0.000000,0.000000",,,,,,,,,,,
2026-09-05,Drew Rasmussen,656876,TB,TEX,30,21.53458875242176,5.406545130131457,0.2426211565442925,24,7,7.0,0.458785235742796,0.3067786414100725,-1.593454869868543,-2.4654112475782384,,,21.0,,,,,,,,,"0.006078,0.028392,0.069235,0.117227,0.154063,0.166219,0.152007,0.120226,0.083389,0.051240,0.028109,0.013848,0.006156,0.002478,0.000906,0.000302,0.000092,0.000025,0.000006,0.000002,0.000000,0.000000,0.000000,0.000000,0.000000,0.000000,0.000000,0.000000,0.000000,0.000000,0.000000,0.000000,0.000000,0.000000",,,,,,,,,,,
2026-09-05,Matthew Liberatore,669461,STL,COL,30,21.851591634266143,5.311079442467401,0.2319018298015129,19,3,4.333333333333333,0.442746821696746,0.290631664736962,2.311079442467401,2.8515916342661427,,,13.0,,,,,,,,,"0.006263,0.029414,0.071943,0.121641,0.158776,0.169215,0.152115,0.117774,0.079678,0.047602,0.025316,0.012060,0.005173,0.002006,0.000706,0.000226,0.000066,0.000018,0.000004,0.000001,0.000000,0.000000,0.000000,0.000000,0.000000,0.000000,0.000000,0.000000,0.000000,0.000000,0.000000,0.000000,0.000000,0.000000",,,,,,,,,,,
2026-09-05,Robbie Ray,592662,SD,NYY,29,22.73739554032745,5.268562380879809,0.2067862093197413,16,1,2.333333333333333,0.4342027964214597,0.281877647723685,4.268562380879809,6.737395540327452,,,7.0,,,,,,,,,"0.006013,0.029107,0.072701,0.124200,0.162189,0.171588,0.152325,0.116151,0.077346,0.045536,0.023922,0.011294,0.004817,0.001863,0.000655,0.000210,0.000061,0.000016,0.000004,0.000001,0.000000,0.000000,0.000000,0.000000,0.000000,0.000000,0.000000,0.000000,0.000000,0.000000,0.000000,0.000000,0.000000,0.000000",,,,,,,,,,,
2026-09-05,Mason Adams,690279,COL,STL,2,21.52988503119929,4.998741722576273,0.2263036475033494,21,7,4.666666666666667,0.3890125930124901,0.2443687959438736,-2.001258277423726,0.5298850311992886,,,14.0,,,,,,,,,"0.008561,0.037725,0.086682,0.137908,0.169616,0.170494,0.144644,0.105730,0.067544,0.038099,0.019118,0.008582,0.003460,0.001257,0.000413,0.000123,0.000033,0.000008,0.000002,0.000000,0.000000,0.000000,0.000000,0.000000,0.000000,0.000000,0.000000,0.000000,0.000000,0.000000,0.000000,0.000000,0.000000,0.000000",,,,,,,,,,,
2026-09-05,Carlos Rodón,607074,NYY,SD,16,21.799528005267405,4.9866645636869205,0.2372696646738901,20,7,5.0,0.3865645801078108,0.242112254542713,-2.0133354363130795,1.7995280052674048,,,15.0,,,,,,,,,"0.008563,0.037828,0.087103,0.138676,0.170398,0.170867,0.144452,0.105149,0.066879,0.037578,0.018809,0.008442,0.003416,0.001251,0.000417,0.000126,0.000035,0.000009,0.000002,0.000000,0.000000,0.000000,0.000000,0.000000,0.000000,0.000000,0.000000,0.000000,0.000000,0.000000,0.000000,0.000000,0.000000,0.000000",,,,,,,,,,,
2026-09-05,Jacob deGrom,594798,TEX,TB,30,21.76513630285404,4.839872641309366,0.2738325366862787,21,7,6.0,0.3608434169030902,0.2194186510256922,-2.1601273586906338,0.7651363028540388,,,18.0,,,,,,,,,"0.009403,0.041191,0.093612,0.146477,0.176195,0.172280,0.141425,0.099514,0.060906,0.032784,0.015661,0.006690,0.002573,0.000896,0.000284,0.000082,0.000022,0.000005,0.000001,0.000000,0.000000,0.000000,0.000000,0.000000,0.000000,0.000000,0.000000,0.000000,0.000000,0.000000,0.000000,0.000000,0.000000,0.000000",,,,,,,,,,,
2026-09-05,Jeffrey Springs,605488,ATH,SEA,27,22.31073279839228,4.383132604424681,0.1940957114934954,24,6,7.0,0.2807988675980714,0.1566990614609148,-1.6168673955753192,-1.68926720160772,,,21.0,,,,,,,,,"0.013866,0.056742,0.119668,0.172279,0.189082,0.167563,0.124100,0.078569,0.043203,0.020877,0.008945,0.003424,0.001178,0.000366,0.000103,0.000026,0.000006,0.000001,0.000000,0.000000,0.000000,0.000000,0.000000,0.000000,0.000000,0.000000,0.000000,0.000000,0.000000,0.000000,0.000000,0.000000,0.000000,0.000000",,,,,,,,,,,
2026-09-05,Chris Bassitt,605135,BAL,BOS,17,22.453927636361072,4.264097447987332,0.177774089510245,26,6,5.666666666666667,0.2606443231515299,0.1422303742102397,-1.735902552012668,-3.5460723636389275,,,17.0,,,,,,,,,"0.015490,0.061965,0.127528,0.178862,0.190987,0.164523,0.118414,0.072887,0.039008,0.018377,0.007694,0.002884,0.000974,0.000297,0.000082,0.000021,0.000005,0.000001,0.000000,0.000000,0.000000,0.000000,0.000000,0.000000,0.000000,0.000000,0.000000,0.000000,0.000000,0.000000,0.000000,0.000000,0.000000,0.000000",,,,,,,,,,,
2026-09-05,Anthony Kay,641743,CWS,MIN,26,22.288281098014178,4.21247772079326,0.2019027179721795,22,3,4.333333333333333,0.2527150161604184,0.1368810415051558,1.2124777207932604,0.2882810980141777,,,13.0,,,,,,,,,"0.016580,0.064884,0.131141,0.181158,0.190928,0.162595,0.115834,0.070642,0.037484,0.017513,0.007270,0.002700,0.000902,0.000272,0.000075,0.000019,0.000004,0.000001,0.000000,0.000000,0.000000,0.000000,0.000000,0.000000,0.000000,0.000000,0.000000,0.000000,0.000000,0.000000,0.000000,0.000000,0.000000,0.000000",,,,,,,,,,,
2026-09-05,Brandon Pfaadt,694297,AZ,HOU,20,23.53239796392856,4.180856966884786,0.1836902765254684,27,4,6.333333333333333,0.2451516664698087,0.1307381483263753,0.1808569668847859,-3.467602036071444,,,19.0,,,,,,,,,"0.015907,0.064497,0.132883,0.184635,0.193767,0.163160,0.114414,0.068506,0.035655,0.016345,0.006666,0.002437,0.000803,0.000240,0.000065,0.000016,0.000004,0.000001,0.000000,0.000000,0.000000,0.000000,0.000000,0.000000,0.000000,0.000000,0.000000,0.000000,0.000000,0.000000,0.000000,0.000000,0.000000,0.000000",,,,,,,,,,,
2026-09-05,Max Scherzer,453286,TOR,KC,16,20.35025264294856,4.115291464960579,0.2109300008512648,24,2,5.666666666666667,0.2417761046798389,0.1312811648660812,2.1152914649605794,-3.649747357051439,,,17.0,,,,,,,,,"0.020315,0.073695,0.139253,0.182725,0.186288,0.155948,0.110495,0.067491,0.035983,0.016901,0.007046,0.002623,0.000877,0.000265,0.000072,0.000018,0.000004,0.000001,0.000000,0.000000,0.000000,0.000000,0.000000,0.000000,0.000000,0.000000,0.000000,0.000000,0.000000,0.000000,0.000000,0.000000,0.000000,0.000000",,,,,,,,,,,
2026-09-05,Ethan Pecko,814490,HOU,AZ,3,21.33119866351107,4.077569596643624,0.2083618522109241,19,2,4.333333333333333,0.2327915315188736,0.1235665092373194,2.077569596643624,2.33119866351107,,,13.0,,,,,,,,,"0.019812,0.073205,0.140656,0.186370,0.189920,0.157245,0.109225,0.065010,0.033669,0.015356,0.006227,0.002263,0.000742,0.000220,0.000060,0.000015,0.000003,0.000001,0.000000,0.000000,0.000000,0.000000,0.000000,0.000000,0.000000,0.000000,0.000000,0.000000,0.000000,0.000000,0.000000,0.000000,0.000000,0.000000",,,,,,,,,,,
2026-09-05,Seth Lugo,607625,KC,TOR,28,23.493890816790067,3.609381213278824,0.1898853623694787,23,1,5.0,0.1568817894748738,0.0729288119031421,2.609381213278824,0.4938908167900671,,,15.0,,,,,,,,,"0.027280,0.097245,0.175149,0.211653,0.192269,0.139522,0.083953,0.042947,0.019011,0.007377,0.002535,0.000777,0.000214,0.000053,0.000012,0.000002,0.000000,0.000000,0.000000,0.000000,0.000000,0.000000,0.000000,0.000000,0.000000,0.000000,0.000000,0.000000,0.000000,0.000000,0.000000,0.000000,0.000000,0.000000",,,,,,,,,,,
2026-09-06,Paul Skenes,694973,PIT,LAA,29,22.23645166328284,7.616003662714028,0.2848936073759636,21,2,5.333333333333333,0.7687198822905154,0.6397368229948455,5.616003662714028,1.236451663282839,,,16.0,,,,,,,,,"0.000743,0.004855,0.016395,0.038195,0.068904,0.102189,0.128983,0.141577,0.137095,0.118322,0.091711,0.064203,0.040763,0.023539,0.012386,0.005944,0.002603,0.001039,0.000378,0.000125,0.000038,0.000010,0.000003,0.000001,0.000000,0.000000,0.000000,0.000000,0.000000,0.000000,0.000000,0.000000",,,,,,,,,,,
2026-09-06,Gavin Williams,668909,CLE,DET,30,23.26710147125739,7.348551352268569,0.3053732822152845,24,11,6.0,0.7424593223474927,0.6046562229243304,-3.651448647731432,-0.7328985287426093,,,18.0,,,,,,,,,"0.000823,0.005446,0.018550,0.043227,0.077217,0.112277,0.137803,0.146201,0.136299,0.112960,0.083912,0.056193,0.034054,0.018720,0.009348,0.004243,0.001751,0.000657,0.000224,0.000069,0.000020,0.000005,0.000001,0.000000,0.000000,0.000000,0.000000,0.000000,0.000000,0.000000,0.000000,0.000000",,,,,,,,,,,
2026-09-06,Payton Tolle,801139,BOS,BAL,22,22.897693672383205,7.092853962613766,0.2654436972009742,21,12,6.0,0.7105897886157149,0.566944217088846,-4.907146037386234,1.8976936723832047,,,18.0,,,,,,,,,"0.001103,0.006951,0.022622,0.050533,0.086754,0.121447,0.143646,0.146930,0.132098,0.105630,0.075790,0.049114,0.028882,0.015462,0.007550,0.003366,0.001369,0.000508,0.000171,0.000053,0.000015,0.000004,0.000001,0.000000,0.000000,0.000000,0.000000,0.000000,0.000000,0.000000,0.000000,0.000000",,,,,,,,,,,
2026-09-06,Kyle Harrison,690986,MIL,CIN,23,20.663119893596807,6.481694459122375,0.2757122784730944,24,4,3.6666666666666665,0.6243255017004486,0.4756322766459201,2.481694459122375,-3.3368801064031928,,,11.0,,,,,,,,,"0.002630,0.013884,0.038136,0.073091,0.110005,0.137928,0.148693,0.140312,0.117231,0.087454,0.058640,0.035520,0.019505,0.009730,0.004412,0.001819,0.000681,0.000231,0.000071,0.000020,0.000005,0.000001,0.000000,0.000000,0.000000,0.000000,0.000000,0.000000,0.000000,0.000000,0.000000,0.000000",,,,,,,,,,,
2026-09-06,Aaron Nola,605400,PHI,ATL,31,22.97950759251069,5.781887144142866,0.2462759246750369,25,5,7.0,0.5220874117835147,0.3624293726174021,0.7818871441428659,-2.0204924074893107,,,21.0,,,,,,,,,"0.003477,0.018813,0.052146,0.098317,0.141193,0.163966,0.159658,0.133498,0.097441,0.062810,0.036049,0.018527,0.008559,0.003563,0.001339,0.000454,0.000139,0.000039,0.000010,0.000002,0.000000,0.000000,0.000000,0.000000,0.000000,0.000000,0.000000,0.000000,0.000000,0.000000,0.000000,0.000000",,,,,,,,,,,
2026-09-06,Christian Scott,681035,NYM,SF,0,22.63157894736842,5.761381150533067,0.2376399655469422,19,7,4.666666666666667,0.5186403809060536,0.3591099582112669,-1.238618849466933,3.631578947368421,,,14.0,,,,,,,,,"0.003596,0.019252,0.052934,0.099246,0.141975,0.164358,0.159530,0.132901,0.096603,0.062010,0.035469,0.018199,0.008417,0.003521,0.001334,0.000459,0.000143,0.000040,0.000010,0.000002,0.000000,0.000000,0.000000,0.000000,0.000000,0.000000,0.000000,0.000000,0.000000,0.000000,0.000000,0.000000",,,,,,,,,,,
2026-09-06,Walbert Ureña,700712,LAA,PIT,22,22.14863000197122,5.715666724828084,0.2304897841996402,27,4,8.0,0.5112169196885503,0.352800881952053,1.7156667248280844,-4.85136999802878,,,24.0,,,,,,,,,"0.003984,0.020619,0.055202,0.101492,0.143220,0.164266,0.158416,0.131336,0.095070,0.060774,0.034601,0.017657,0.008113,0.003368,0.001266,0.000432,0.000133,0.000037,0.000010,0.000002,0.000000,0.000000,0.000000,0.000000,0.000000,0.000000,0.000000,0.000000,0.000000,0.000000,0.000000,0.000000",,,,,,,,,,,
2026-09-06,Cesar Perdomo,702885,SF,NYM,0,22.63157894736842,5.608236440393997,0.2376399655469422,20,4,6.0,0.4925074657174769,0.3346692089289865,1.6082364403939966,2.631578947368421,,,18.0,,,,,,,,,"0.004245,0.022001,0.058679,0.106846,0.148539,0.167183,0.157838,0.127977,0.090614,0.056720,0.031678,0.015895,0.007201,0.002955,0.001101,0.000373,0.000115,0.000032,0.000008,0.000002,0.000000,0.000000,0.000000,0.000000,0.000000,0.000000,0.000000,0.000000,0.000000,0.000000,0.000000,0.000000",,,,,,,,,,,
2026-09-06,Kyle Bradish,680694,BAL,BOS,30,23.180646139845287,5.413811278588212,0.2367194001969784,19,3,4.0,0.4596682960161459,0.303115274353035,2.413811278588212,4.180646139845287,,,12.0,,,,,,,,,"0.004843,0.024889,0.065331,0.116320,0.157329,0.171620,0.156553,0.122297,0.083178,0.049844,0.026550,0.012655,0.005426,0.002101,0.000737,0.000235,0.000068,0.000018,0.000004,0.000001,0.000000,0.000000,0.000000,0.000000,0.000000,0.000000,0.000000,0.000000,0.000000,0.000000,0.000000,0.000000",,,,,,,,,,,
2026-09-06,Clay Holmes,605280,CHC,MIA,16,22.67480294940249,4.970183626157112,0.2013213562589487,23,2,4.333333333333333,0.3819454252016637,0.2358126521653175,2.9701836261571124,-0.3251970505975095,,,13.0,,,,,,,,,"0.007583,0.035635,0.085783,0.140265,0.174256,0.174532,0.146133,0.104774,0.065405,0.035963,0.017555,0.007646,0.002980,0.001041,0.000326,0.000091,0.000023,0.000005,0.000001,0.000000,0.000000,0.000000,0.000000,0.000000,0.000000,0.000000,0.000000,0.000000,0.000000,0.000000,0.000000,0.000000",,,,,,,,,,,
2026-09-06,Tyler Mahle,641816,ATL,PHI,24,22.347331743994133,4.797762080135291,0.2310955304289625,24,3,6.0,0.3515399872003493,0.2098724575018472,1.797762080135291,-1.6526682560058674,,,18.0,,,,,,,,,"0.008738,0.040138,0.094133,0.149681,0.180558,0.175211,0.141668,0.097676,0.058367,0.030590,0.014189,0.005864,0.002171,0.000722,0.000217,0.000059,0.000014,0.000003,0.000001,0.000000,0.000000,0.000000,0.000000,0.000000,0.000000,0.000000,0.000000,0.000000,0.000000,0.000000,0.000000,0.000000",,,,,,,,,,,
2026-09-06,Jackson Jobe,695549,DET,CLE,4,21.421657592256505,4.710979683508608,0.2254848223840471,21,7,5.0,0.3383103975877565,0.2018665516561096,-2.289020316491392,0.4216575922565049,,,15.0,,,,,,,,,"0.010813,0.045769,0.100931,0.153578,0.179713,0.170886,0.136444,0.093517,0.055903,0.029495,0.013854,0.005829,0.002204,0.000751,0.000230,0.000064,0.000016,0.000004,0.000001,0.000000,0.000000,0.000000,0.000000,0.000000,0.000000,0.000000,0.000000,0.000000,0.000000,0.000000,0.000000,0.000000",,,,,,,,,,,
2026-09-06,Brady Singer,663903,CIN,MIL,31,23.17558602388324,4.342304788921332,0.2002162630141457,25,3,5.0,0.2717542778884768,0.1491182786462837,1.3423047889213322,-1.8244139761167588,,,15.0,,,,,,,,,"0.013389,0.056641,0.121620,0.175993,0.192244,0.168358,0.122636,0.076142,0.040995,0.019382,0.008122,0.003038,0.001020,0.000308,0.000084,0.000021,0.000005,0.000001,0.000000,0.000000,0.000000,0.000000,0.000000,0.000000,0.000000,0.000000,0.000000,0.000000,0.000000,0.000000,0.000000,0.000000",,,,,,,,,,,
2026-09-06,Tyler Phillips,663969,MIA,CHC,15,20.42479294683409,4.334072433653066,0.2095421087669149,20,3,5.0,0.2762544829200793,0.1553367498234536,1.3340724336530665,0.4247929468340885,,,15.0,,,,,,,,,"0.016194,0.062139,0.124343,0.172559,0.185462,0.163048,0.120918,0.077124,0.042875,0.020978,0.009101,0.003520,0.001219,0.000379,0.000106,0.000027,0.000006,0.000001,0.000000,0.000000,0.000000,0.000000,0.000000,0.000000,0.000000,0.000000,0.000000,0.000000,0.000000,0.000000,0.000000,0.000000",,,,,,,,,,,
2026-09-06,Peter Lambert,663567,HOU,AZ,24,23.41259122223609,5.010741013821971,0.2332362858438173,29,6,7.0,0.3886845026537685,0.2408391048299296,-0.9892589861780294,-5.587408777763908,,,21.0,,,,,,,,,"0.007038,0.033928,0.083270,0.138155,0.173561,0.175362,0.147845,0.106573,0.066802,0.036853,0.018048,0.007894,0.003097,0.001093,0.000347,0.000100,0.000026,0.000006,0.000001,0.000000,0.000000,0.000000,0.000000,0.000000,0.000000,0.000000,0.000000,0.000000,0.000000,0.000000,0.000000,0.000000",,,,,,,,,,,
2026-09-06,Spencer Arrighetti,681293,TOR,KC,18,22.81680035586678,5.0107076513944575,0.2331130049071826,24,3,4.666666666666667,0.3890511076896729,0.2419138318843678,2.010707651394457,-1.1831996441332215,,,14.0,,,,,,,,,"0.007344,0.034685,0.083928,0.138038,0.172669,0.174286,0.147137,0.106390,0.066990,0.037178,0.018348,0.008106,0.003222,0.001156,0.000375,0.000110,0.000029,0.000007,0.000002,0.000000,0.000000,0.000000,0.000000,0.000000,0.000000,0.000000,0.000000,0.000000,0.000000,0.000000,0.000000,0.000000",,,,,,,,,,,
2026-09-06,Randy Dobnak,677976,KC,TOR,9,22.769442925414303,4.611806372340464,0.2090368623871818,21,3,6.0,0.3191066178879758,0.1853408510008372,1.611806372340464,1.7694429254143031,,,18.0,,,,,,,,,"0.010737,0.047036,0.105430,0.160351,0.185140,0.172199,0.133766,0.088880,0.051356,0.026109,0.011776,0.004740,0.001709,0.000554,0.000161,0.000042,0.000010,0.000002,0.000000,0.000000,0.000000,0.000000,0.000000,0.000000,0.000000,0.000000,0.000000,0.000000,0.000000,0.000000,0.000000,0.000000",,,,,,,,,,,
2026-09-06,Eduardo Rodriguez,593958,AZ,HOU,32,24.249083598860377,4.526263679160936,0.1937338580740376,24,6,6.0,0.3031957468219778,0.1725509490237911,-1.4737363208390644,0.249083598860377,,,18.0,,,,,,,,,"0.011116,0.049179,0.110103,0.165866,0.188560,0.171980,0.130645,0.084727,0.047718,0.023624,0.010371,0.004063,0.001427,0.000450,0.000128,0.000033,0.000008,0.000002,0.000000,0.000000,0.000000,0.000000,0.000000,0.000000,0.000000,0.000000,0.000000,0.000000,0.000000,0.000000,0.000000,0.000000",,,,,,,,,,,
2026-09-06,Ian Seymour,693855,TB,TEX,13,21.63510554113988,6.24347243438925,0.2719559947790416,16,2,3.0,0.5925159132462312,0.4380770366925313,4.24347243438925,5.635105541139879,,,9.0,,,,,,,,,"0.002817,0.015003,0.041656,0.080248,0.120057,0.147703,0.154439,0.140132,0.111925,0.079503,0.050604,0.029019,0.015048,0.007072,0.003015,0.001167,0.000410,0.000130,0.000038,0.000010,0.000002,0.000000,0.000000,0.000000,0.000000,0.000000,0.000000,0.000000,0.000000,0.000000,0.000000,0.000000",,,,,,,,,,,
2026-09-06,Tanner Gordon,685299,COL,STL,13,22.53906034339977,5.046631392950724,0.2068523190581122,23,4,4.666666666666667,0.3954534715608033,0.247854084581729,1.046631392950724,-0.4609396566002317,,,14.0,,,,,,,,,"0.007266,0.034153,0.082561,0.136071,0.170937,0.173559,0.147599,0.107665,0.068501,0.038478,0.019250,0.008630,0.003481,0.001266,0.000416,0.000123,0.000033,0.000008,0.000002,0.000000,0.000000,0.000000,0.000000,0.000000,0.000000,0.000000,0.000000,0.000000,0.000000,0.000000,0.000000,0.000000",,,,,,,,,,,
2026-09-06,MacKenzie Gore,669022,TEX,TB,31,22.88351171087327,4.996219504385634,0.2479925174282569,20,1,3.0,0.3865461993595747,0.2392756386550847,3.9962195043856337,2.883511710873272,,,9.0,,,,,,,,,"0.007326,0.034719,0.084229,0.138726,0.173533,0.174920,0.147271,0.106043,0.066387,0.036564,0.017871,0.007801,0.003056,0.001078,0.000343,0.000099,0.000026,0.000006,0.000001,0.000000,0.000000,0.000000,0.000000,0.000000,0.000000,0.000000,0.000000,0.000000,0.000000,0.000000,0.000000,0.000000",,,,,,,,,,,
2026-09-06,Kyle Leahy,681517,STL,COL,26,21.20330189179726,4.328333556792843,0.2230450430799433,14,6,2.6666666666666665,0.2739021434885015,0.1531251451180388,-1.6716664432071573,7.20330189179726,,,8.0,,,,,,,,,"0.015753,0.061317,0.124255,0.173766,0.187082,0.163925,0.120777,0.076436,0.042178,0.020516,0.008868,0.003427,0.001189,0.000372,0.000105,0.000027,0.000006,0.000001,0.000000,0.000000,0.000000,0.000000,0.000000,0.000000,0.000000,0.000000,0.000000,0.000000,0.000000,0.000000,0.000000,0.000000",,,,,,,,,,,
2026-09-06,Bryan Woo,693433,SEA,ATH,29,22.91717563494474,6.498595550874269,0.2587779371243494,27,9,8.0,0.6334372446385884,0.4777416378218863,-2.5014044491257312,-4.082824365055259,,,24.0,,,,,,,,,"0.001812,0.010770,0.032912,0.068721,0.109816,0.142531,0.155696,0.146495,0.120635,0.087942,0.057230,0.033455,0.017651,0.008437,0.003666,0.001452,0.000527,0.000176,0.000054,0.000016,0.000004,0.000001,0.000000,0.000000,0.000000,0.000000,0.000000,0.000000,0.000000,0.000000,0.000000,0.000000,0.000000,0.000000,0.000000",,,,,,,,,,,
2026-09-06,Gerrit Cole,543037,NYY,SD,18,23.44972770474176,5.712026714315478,0.250060044979148,27,3,7.0,0.509810286482661,0.3509663812193488,2.7120267143154777,-3.550272295258239,,,21.0,,,,,,,,,"0.003749,0.020032,0.054799,0.101919,0.144351,0.165339,0.158844,0.131105,0.094523,0.060244,0.034245,0.017481,0.008058,0.003371,0.001286,0.000450,0.000145,0.000044,0.000012,0.000003,0.000001,0.000000,0.000000,0.000000,0.000000,0.000000,0.000000,0.000000,0.000000,0.000000,0.000000,0.000000,0.000000,0.000000,0.000000",,,,,,,,,,,
2026-09-06,Gage Jump,695611,ATH,SEA,18,22.61272329945541,5.679374264883173,0.2405488438446028,18,7,4.0,0.50478905761225,0.346584162951446,-1.320625735116827,4.612723299455411,,,12.0,,,,,,,,,"0.004043,0.021017,0.056347,0.103373,0.145128,0.165304,0.158205,0.130167,0.093544,0.059392,0.033599,0.017046,0.007795,0.003227,0.001214,0.000417,0.000131,0.000038,0.000010,0.000003,0.000001,0.000000,0.000000,0.000000,0.000000,0.000000,0.000000,0.000000,0.000000,0.000000,0.000000,0.000000,0.000000,0.000000,0.000000",,,,,,,,,,,
2026-09-06,Michael King,650633,SD,NYY,32,22.89669806260593,5.626086284670994,0.2144721447214472,24,3,6.0,0.4954107007278536,0.3375561214154867,2.6260862846709943,-1.1033019373940682,,,18.0,,,,,,,,,"0.004171,0.021711,0.058103,0.106074,0.147795,0.166735,0.157855,0.128422,0.091282,0.057376,0.032176,0.016205,0.007367,0.003034,0.001136,0.000388,0.000122,0.000035,0.000009,0.000002,0.000001,0.000000,0.000000,0.000000,0.000000,0.000000,0.000000,0.000000,0.000000,0.000000,0.000000,0.000000,0.000000,0.000000,0.000000",,,,,,,,,,,
2026-09-06,Bryan Hudson,663542,CWS,MIN,0,22.618897637795275,4.872127624303925,0.2361623616236162,5,2,1.6666666666666663,0.3649952904429511,0.22287772843967,2.872127624303925,17.618897637795275,,,5.0,,,,,,,,,"0.008720,0.039408,0.091721,0.145677,0.176498,0.172980,0.142118,0.100222,0.061679,0.033523,0.016233,0.007048,0.002758,0.000976,0.000314,0.000092,0.000025,0.000006,0.000001,0.000000,0.000000,0.000000,0.000000,0.000000,0.000000,0.000000,0.000000,0.000000,0.000000,0.000000,0.000000,0.000000,0.000000,0.000000,0.000000",,,,,,,,,,,
2026-09-06,Bailey Ober,641927,MIN,CWS,25,22.602990535274,4.728831223058656,0.1951418287189006,21,6,4.333333333333333,0.3398967330118337,0.2017749478345271,-1.2711687769413436,1.6029905352739997,,,13.0,,,,,,,,,"0.009757,0.043327,0.098846,0.153529,0.181494,0.173150,0.138122,0.094296,0.055990,0.029249,0.013557,0.005611,0.002084,0.000698,0.000212,0.000059,0.000015,0.000003,0.000001,0.000000,0.000000,0.000000,0.000000,0.000000,0.000000,0.000000,0.000000,0.000000,0.000000,0.000000,0.000000,0.000000,0.000000,0.000000,0.000000",,,,,,,,,,,
2026-09-06,Justin Wrobleski,680736,LAD,WSH,20,24.506429914884123,5.583079191661263,0.2096670098877223,17,6,3.0,0.4878713695448017,0.3291154055170099,-0.4169208083387365,7.506429914884123,,,9.0,,,,,,,,,"0.003989,0.021477,0.058649,0.108065,0.150729,0.169221,0.158756,0.127589,0.089388,0.055300,0.030514,0.015141,0.006806,0.002791,0.001051,0.000366,0.000119,0.000036,0.000010,0.000003,0.000001,0.000000,0.000000,0.000000,0.000000,0.000000,0.000000,0.000000,0.000000,0.000000,0.000000,0.000000,0.000000,0.000000,0.000000",,,,,,,,,,,
2026-09-06,Andrew Alvarez,674841,WSH,LAD,17,21.028056170398056,4.057609328395034,0.2217343173431734,19,5,4.333333333333333,0.229799742875447,0.1216783876237371,-0.942390671604966,2.028056170398056,,,13.0,,,,,,,,,"0.020227,0.074386,0.142177,0.187311,0.189784,0.156315,0.108121,0.064155,0.033150,0.015084,0.006095,0.002201,0.000713,0.000208,0.000055,0.000013,0.000003,0.000001,0.000000,0.000000,0.000000,0.000000,0.000000,0.000000,0.000000,0.000000,0.000000,0.000000,0.000000,0.000000,0.000000,0.000000,0.000000,0.000000,0.000000",,,,,,,,,,,
2026-09-07,Jesús Luzardo,666200,PHI,ATL,31,24.74179715939239,7.187621897986706,0.2864634620958993,30,12,9.0,0.7251723052544975,0.5821771713112346,-4.812378102013294,-5.258202840607609,,,27.0,,,,,,,,,"0.000852,0.005797,0.020008,0.046692,0.082782,0.118697,0.142995,0.148418,0.135036,0.109026,0.078799,0.051297,0.030199,0.016115,0.007801,0.003423,0.001359,0.000487,0.000157,0.000045,0.000011,0.000003,0.000001,0.000000,0.000000,0.000000,0.000000,0.000000,0.000000,0.000000,0.000000",,,,,,,,,,,
2026-09-07,Joey Cantillo,676282,CLE,BAL,32,21.94229314959968,6.523217055766659,0.2404129874582202,17,3,2.333333333333333,0.6329165143931326,0.4804634320150572,3.5232170557666587,4.942293149599681,,,7.0,,,,,,,,,"0.002010,0.011573,0.034291,0.069741,0.109290,0.140177,0.152453,0.143763,0.119336,0.088160,0.058459,0.035036,0.019083,0.009486,0.004315,0.001798,0.000686,0.000238,0.000075,0.000021,0.000005,0.000001,0.000000,0.000000,0.000000,0.000000,0.000000,0.000000,0.000000,0.000000,0.000000",,,,,,,,,,,
2026-09-07,Joe Ryan,657746,MIN,DET,25,23.208153487889174,6.18586070449854,0.2571051828249913,19,7,4.0,0.5851490855716304,0.4269520228490298,-0.8141392955014597,4.208153487889174,,,12.0,,,,,,,,,"0.002425,0.013906,0.040780,0.081352,0.123777,0.152612,0.158197,0.141269,0.110550,0.076758,0.047723,0.026745,0.013569,0.006248,0.002613,0.000991,0.000340,0.000105,0.000029,0.000007,0.000002,0.000000,0.000000,0.000000,0.000000,0.000000,0.000000,0.000000,0.000000,0.000000,0.000000",,,,,,,,,,,
2026-09-07,Eury Pérez,691587,MIA,NYM,29,21.996503222264344,6.089291642211839,0.2679994480886796,25,5,4.0,0.5689933729625395,0.412202020559883,1.0892916422118386,-3.003496777735656,,,12.0,,,,,,,,,"0.002958,0.016040,0.044852,0.086136,0.127331,0.153689,0.156791,0.138238,0.106992,0.073565,0.045369,0.025293,0.012824,0.005937,0.002514,0.000974,0.000344,0.000110,0.000032,0.000008,0.000002,0.000000,0.000000,0.000000,0.000000,0.000000,0.000000,0.000000,0.000000,0.000000,0.000000",,,,,,,,,,,
2026-09-07,Jonah Tong,804636,NYM,MIA,2,20.788381879150503,5.546897360457318,0.2408209649304707,21,7,5.0,0.4820837138564888,0.3275996421676747,-1.4531026395426825,-0.2116181208494971,,,15.0,,,,,,,,,"0.004832,0.024437,0.063016,0.110817,0.149641,0.165174,0.154484,0.125054,0.088758,0.055708,0.031119,0.015558,0.006999,0.002847,0.001052,0.000354,0.000109,0.000031,0.000008,0.000002,0.000000,0.000000,0.000000,0.000000,0.000000,0.000000,0.000000,0.000000,0.000000,0.000000,0.000000",,,,,,,,,,,
2026-09-07,Derek Law,571882,AZ,KC,0,22.82599118942732,5.225243337736944,0.2356460484415709,6,0,2.0,0.4261569182858372,0.2740910270877239,5.225243337736944,16.82599118942732,,,6.0,,,,,,,,,"0.005941,0.029354,0.074031,0.126687,0.164799,0.173031,0.152066,0.114602,0.075354,0.043792,0.022716,0.010597,0.004469,0.001709,0.000594,0.000187,0.000053,0.000014,0.000003,0.000001,0.000000,0.000000,0.000000,0.000000,0.000000,0.000000,0.000000,0.000000,0.000000,0.000000,0.000000",,,,,,,,,,,
2026-09-07,Brayan Bello,678394,BOS,LAA,13,22.67130839493268,5.1050619326715525,0.1799843972617514,22,7,5.0,0.4052785589106017,0.2558876710199977,-1.8949380673284475,0.6713083949326801,,,15.0,,,,,,,,,"0.006651,0.032196,0.079497,0.133115,0.169372,0.173890,0.149391,0.110013,0.070635,0.040041,0.020230,0.009173,0.003751,0.001387,0.000465,0.000141,0.000038,0.000009,0.000002,0.000000,0.000000,0.000000,0.000000,0.000000,0.000000,0.000000,0.000000,0.000000,0.000000,0.000000,0.000000",,,,,,,,,,,
2026-09-07,Grayson Rodriguez,680570,LAA,BOS,16,21.99430717827577,4.953357201122525,0.2189155720909577,22,3,4.0,0.3793153790157473,0.2349288095760668,1.9533572011225253,-0.0056928217242315,,,12.0,,,,,,,,,"0.008096,0.037227,0.087805,0.141242,0.173539,0.172776,0.144387,0.103638,0.064935,0.035943,0.017739,0.007862,0.003145,0.001140,0.000375,0.000112,0.000030,0.000007,0.000002,0.000000,0.000000,0.000000,0.000000,0.000000,0.000000,0.000000,0.000000,0.000000,0.000000,0.000000,0.000000",,,,,,,,,,,
2026-09-07,Trevor Rogers,669432,BAL,CLE,29,22.79769016588452,4.773762170070736,0.2271256993527911,26,6,7.333333333333333,0.3472317287232989,0.2077815774923343,-1.2262378299292642,-3.2023098341154785,,,22.0,,,,,,,,,"0.009165,0.041633,0.096461,0.151457,0.180541,0.173511,0.139450,0.096014,0.057592,0.030458,0.014324,0.006025,0.002275,0.000773,0.000236,0.000065,0.000016,0.000004,0.000001,0.000000,0.000000,0.000000,0.000000,0.000000,0.000000,0.000000,0.000000,0.000000,0.000000,0.000000,0.000000",,,,,,,,,,,
2026-09-07,Troy Melton,675512,DET,MIN,18,23.31639465155544,4.743173791461008,0.2141540358785606,27,3,5.666666666666667,0.3416957744372932,0.2037120200605336,1.7431737914610084,-3.683605348444559,,,17.0,,,,,,,,,"0.009463,0.042752,0.098410,0.153370,0.181371,0.172938,0.137984,0.094423,0.056377,0.029733,0.013973,0.005888,0.002233,0.000764,0.000236,0.000066,0.000016,0.000004,0.000001,0.000000,0.000000,0.000000,0.000000,0.000000,0.000000,0.000000,0.000000,0.000000,0.000000,0.000000,0.000000",,,,,,,,,,,
2026-09-07,Noah Cameron,702070,KC,AZ,30,23.812165953611192,4.742431949063845,0.2217869062026757,22,7,6.0,0.3408195541623402,0.2021593092966178,-2.257568050936155,1.812165953611192,,,18.0,,,,,,,,,"0.009088,0.041856,0.097715,0.153690,0.182600,0.174233,0.138660,0.094404,0.055980,0.029287,0.013642,0.005692,0.002135,0.000721,0.000219,0.000060,0.000015,0.000003,0.000001,0.000000,0.000000,0.000000,0.000000,0.000000,0.000000,0.000000,0.000000,0.000000,0.000000,0.000000,0.000000",,,,,,,,,,,
2026-09-07,Matthew Boyd,571510,CHC,MIL,21,22.968177377054804,4.689290992907024,0.2004249824152698,27,7,7.0,0.3320137524773752,0.1953635056589807,-2.310709007092976,-4.031822622945196,,,21.0,,,,,,,,,"0.009770,0.044020,0.100909,0.156378,0.183559,0.173349,0.136650,0.092152,0.054094,0.027995,0.012893,0.005320,0.001976,0.000662,0.000200,0.000055,0.000013,0.000003,0.000001,0.000000,0.000000,0.000000,0.000000,0.000000,0.000000,0.000000,0.000000,0.000000,0.000000,0.000000,0.000000",,,,,,,,,,,
2026-09-07,Robert Gasser,688107,MIL,CHC,19,21.615280953177567,4.442260495270214,0.222765667344111,20,5,4.666666666666667,0.290776744586676,0.1643850196642633,-0.5577395047297857,1.6152809531775674,,,14.0,,,,,,,,,"0.012978,0.054352,0.116338,0.169341,0.187818,0.168398,0.126392,0.081216,0.045382,0.022311,0.009741,0.003805,0.001339,0.000426,0.000123,0.000032,0.000008,0.000002,0.000000,0.000000,0.000000,0.000000,0.000000,0.000000,0.000000,0.000000,0.000000,0.000000,0.000000,0.000000,0.000000",,,,,,,,,,,
2026-09-07,Grant Holmes,656550,ATL,PHI,25,21.760342040077724,4.046652690705594,0.200141333473248,22,6,6.0,0.2239179540017874,0.1157970767959343,-1.953347309294406,-0.2396579599222761,,,18.0,,,,,,,,,"0.018290,0.071476,0.142064,0.190948,0.194369,0.158934,0.108121,0.062615,0.031380,0.013782,0.005360,0.001861,0.000581,0.000164,0.000042,0.000010,0.000002,0.000000,0.000000,0.000000,0.000000,0.000000,0.000000,0.000000,0.000000,0.000000,0.000000,0.000000,0.000000,0.000000,0.000000",,,,,,,,,,,
2026-09-07,Dylan Cease,656302,TOR,ATH,30,23.66807373459102,7.950928945355151,0.3162982490771708,22,6,5.0,0.8040321526774995,0.6829499116721585,1.9509289453551508,1.6680737345910188,,,15.0,,,,,,,,,"0.000441,0.003220,0.011986,0.030294,0.058441,0.091585,0.121082,0.138415,0.139153,0.124540,0.100141,0.072850,0.048204,0.029121,0.016100,0.008150,0.003774,0.001593,0.000610,0.000211,0.000065,0.000018,0.000004,0.000001,0.000000,0.000000,0.000000,0.000000,0.000000,0.000000,0.000000",,,,,,,,,,,
2026-09-07,Nick Pivetta,601713,SD,WSH,6,22.082444728066204,5.795611419789066,0.2557031981804558,17,2,5.0,0.523770310630224,0.3655358506376828,3.795611419789066,5.082444728066204,,,15.0,,,,,,,,,"0.003595,0.019256,0.052719,0.098301,0.140116,0.162243,0.158234,0.133011,0.097856,0.063679,0.036927,0.019185,0.008963,0.003775,0.001436,0.000494,0.000154,0.000043,0.000011,0.000002,0.000001,0.000000,0.000000,0.000000,0.000000,0.000000,0.000000,0.000000,0.000000,0.000000,0.000000",,,,,,,,,,,
2026-09-07,Chase Burns,695505,CIN,LAD,26,22.777920475254348,5.681517272859091,0.2730540523876398,10,5,3.0,0.5041139473598877,0.3461891924246075,0.6815172728590912,12.777920475254348,,,9.0,,,,,,,,,"0.003929,0.020801,0.056325,0.103728,0.145613,0.165490,0.157925,0.129633,0.093099,0.059233,0.033698,0.017260,0.007995,0.003359,0.001280,0.000443,0.000138,0.000039,0.000010,0.000002,0.000000,0.000000,0.000000,0.000000,0.000000,0.000000,0.000000,0.000000,0.000000,0.000000,0.000000",,,,,,,,,,,
2026-09-07,Logan Webb,657277,SF,STL,30,24.388534829691885,5.671980012821482,0.2102239758446842,23,8,6.0,0.5029041463460571,0.3440435282084005,-2.328019987178518,1.388534829691885,,,18.0,,,,,,,,,"0.003730,0.020260,0.055835,0.103918,0.146598,0.166756,0.158861,0.129969,0.092916,0.058758,0.033147,0.016774,0.007640,0.003137,0.001160,0.000386,0.000115,0.000031,0.000007,0.000002,0.000000,0.000000,0.000000,0.000000,0.000000,0.000000,0.000000,0.000000,0.000000,0.000000,0.000000",,,,,,,,,,,
2026-09-07,Jake Irvin,663623,WSH,SD,22,21.7708673629329,4.953095032776512,0.2291595471138021,26,3,5.666666666666667,0.3795402288373404,0.2361334058258303,1.9530950327765124,-4.229132637067099,,,17.0,,,,,,,,,"0.008371,0.037989,0.088619,0.141336,0.172668,0.171476,0.143407,0.103330,0.065161,0.036373,0.018124,0.008112,0.003277,0.001198,0.000397,0.000120,0.000033,0.000008,0.000002,0.000000,0.000000,0.000000,0.000000,0.000000,0.000000,0.000000,0.000000,0.000000,0.000000,0.000000,0.000000",,,,,,,,,,,
2026-09-07,Michael McGreevy,700241,STL,SF,31,22.640956823257937,4.621238564828047,0.1849753019036727,27,4,6.666666666666667,0.320629622446559,0.1868967017155599,0.6212385648280474,-4.359043176742063,,,20.0,,,,,,,,,"0.010652,0.046866,0.105195,0.160009,0.184739,0.171910,0.133733,0.089105,0.051720,0.026474,0.012056,0.004913,0.001799,0.000593,0.000176,0.000047,0.000011,0.000002,0.000000,0.000000,0.000000,0.000000,0.000000,0.000000,0.000000,0.000000,0.000000,0.000000,0.000000,0.000000,0.000000",,,,,,,,,,,
2026-09-07,Jacob Lopez,682052,ATH,TOR,19,22.29038643840964,4.01915875115355,0.2278860091063975,26,1,6.0,0.2200501726783559,0.1138126537247219,3.01915875115355,-3.709613561590359,,,18.0,,,,,,,,,"0.019032,0.073472,0.144464,0.192182,0.193721,0.157079,0.106238,0.061385,0.030816,0.013606,0.005332,0.001867,0.000587,0.000166,0.000042,0.000010,0.000002,0.000000,0.000000,0.000000,0.000000,0.000000,0.000000,0.000000,0.000000,0.000000,0.000000,0.000000,0.000000,0.000000,0.000000",,,,,,,,,,,
2026-09-08,Patrick Sandoval,663776,BOS,LAA,10,22.79865108436537,6.762818372356025,0.2272437005678756,26,7,6.0,0.668521118098674,0.5178401280362943,-0.2371816276439746,-3.201348915634629,,,18.0,,,,,,,,,"0.001456,0.008925,0.028083,0.060363,0.099411,0.133241,0.150681,0.147176,0.126169,0.096043,0.065491,0.040276,0.022456,0.011397,0.005280,0.002237,0.000867,0.000308,0.000100,0.000029,0.000008,0.000002,0.000000,0.000000,0.000000,0.000000,0.000000,0.000000,0.000000,0.000000,0.000000,0.000000",,,,,,,,,,,
2026-09-08,Reid Detmers,672282,LAA,BOS,28,23.21529574740584,6.660533813189879,0.2668093731086312,21,9,6.0,0.655696093113728,0.5024714030119942,-2.339466186810121,2.21529574740584,,,18.0,,,,,,,,,"0.001524,0.009384,0.029532,0.063246,0.103413,0.137206,0.153225,0.147496,0.124399,0.093008,0.062184,0.037426,0.020383,0.010087,0.004551,0.001876,0.000708,0.000245,0.000077,0.000022,0.000006,0.000001,0.000000,0.000000,0.000000,0.000000,0.000000,0.000000,0.000000,0.000000,0.000000,0.000000",,,,,,,,,,,
2026-09-08,Tanner Bibee,676440,CLE,BAL,32,23.70954144251147,5.970569289568282,0.2108648667696409,20,1,4.333333333333333,0.5516132772122978,0.3921786295728542,4.970569289568282,3.709541442511469,,,13.0,,,,,,,,,"0.002892,0.016238,0.046494,0.090281,0.133322,0.159160,0.159435,0.137364,0.103562,0.069181,0.041325,0.022223,0.010810,0.004772,0.001915,0.000699,0.000232,0.000070,0.000019,0.000005,0.000001,0.000000,0.000000,0.000000,0.000000,0.000000,0.000000,0.000000,0.000000,0.000000,0.000000,0.000000",,,,,,,,,,,
2026-09-08,Dean Kremer,665152,MIN,DET,15,21.98681070762289,5.228687663805047,0.2302526002971768,20,3,5.0,0.4272659038589917,0.2768456862278969,2.2286876638050472,1.9868107076228905,,,15.0,,,,,,,,,"0.006444,0.030676,0.075297,0.126572,0.163051,0.170694,0.150420,0.114191,0.075895,0.044681,0.023498,0.011105,0.004735,0.001825,0.000637,0.000201,0.000058,0.000015,0.000003,0.000001,0.000000,0.000000,0.000000,0.000000,0.000000,0.000000,0.000000,0.000000,0.000000,0.000000,0.000000,0.000000",,,,,,,,,,,
2026-09-08,Sandy Alcantara,645261,MIA,NYM,33,26.422816205309573,5.039161981632415,0.1927901978654452,25,1,4.333333333333333,0.3933348804441725,0.2448703256454843,4.039161981632415,1.422816205309573,,,13.0,,,,,,,,,"0.006719,0.033002,0.081930,0.136891,0.172803,0.175321,0.148465,0.107576,0.067848,0.037698,0.018611,0.008212,0.003252,0.001159,0.000372,0.000107,0.000028,0.000007,0.000001,0.000000,0.000000,0.000000,0.000000,0.000000,0.000000,0.000000,0.000000,0.000000,0.000000,0.000000,0.000000,0.000000",,,,,,,,,,,
2026-09-08,Sean Manaea,640455,NYM,MIA,17,23.600929536413407,4.879226135802102,0.219258784664949,20,4,5.0,0.3650365291347956,0.2213156845664649,0.8792261358021021,3.600929536413407,,,15.0,,,,,,,,,"0.007935,0.037518,0.090039,0.145753,0.178369,0.175349,0.143721,0.100680,0.061348,0.032937,0.015731,0.006731,0.002594,0.000903,0.000284,0.000081,0.000021,0.000005,0.000001,0.000000,0.000000,0.000000,0.000000,0.000000,0.000000,0.000000,0.000000,0.000000,0.000000,0.000000,0.000000,0.000000",,,,,,,,,,,
2026-09-08,Hayden Wesneski,669713,HOU,PHI,7,22.74702315727957,4.643383197506368,0.2240079538501879,22,3,6.0,0.3235786357090573,0.1874197338608045,1.6433831975063675,0.7470231572795711,,,18.0,,,,,,,,,"0.009855,0.044619,0.102527,0.158885,0.185985,0.174550,0.136159,0.090410,0.051977,0.026208,0.011710,0.004674,0.001679,0.000545,0.000160,0.000043,0.000010,0.000002,0.000000,0.000000,0.000000,0.000000,0.000000,0.000000,0.000000,0.000000,0.000000,0.000000,0.000000,0.000000,0.000000,0.000000",,,,,,,,,,,
2026-09-08,Andrew Painter,691725,PHI,HOU,19,21.98903674853042,4.512923367463706,0.2102492385684414,27,6,5.0,0.3027382169517809,0.1736169683686772,-1.4870766325362936,-5.01096325146958,,,15.0,,,,,,,,,"0.012258,0.051714,0.112039,0.165456,0.186284,0.169511,0.129121,0.084276,0.047927,0.024050,0.010755,0.004319,0.001567,0.000515,0.000154,0.000042,0.000010,0.000002,0.000000,0.000000,0.000000,0.000000,0.000000,0.000000,0.000000,0.000000,0.000000,0.000000,0.000000,0.000000,0.000000,0.000000",,,,,,,,,,,
2026-09-08,Brandon Young,687064,BAL,CLE,24,24.081539057148813,4.402513306443922,0.202155156267559,22,2,3.6666666666666665,0.2820890868576633,0.1569147997206217,2.4025133064439217,2.081539057148813,,,11.0,,,,,,,,,"0.012609,0.054208,0.117961,0.172759,0.190972,0.169401,0.125174,0.078968,0.043257,0.020819,0.008877,0.003373,0.001146,0.000349,0.000096,0.000024,0.000005,0.000001,0.000000,0.000000,0.000000,0.000000,0.000000,0.000000,0.000000,0.000000,0.000000,0.000000,0.000000,0.000000,0.000000,0.000000",,,,,,,,,,,
2026-09-08,Drew Anderson,623454,DET,MIN,8,20.08977723938354,4.372813956906219,0.235252506727649,21,4,5.333333333333333,0.2829898847163559,0.1618166520812462,0.372813956906219,-0.9102227606164596,,,16.0,,,,,,,,,"0.015826,0.061375,0.123236,0.170938,0.183658,0.161977,0.121173,0.078458,0.044572,0.022441,0.010091,0.004077,0.001487,0.000491,0.000147,0.000040,0.000010,0.000002,0.000000,0.000000,0.000000,0.000000,0.000000,0.000000,0.000000,0.000000,0.000000,0.000000,0.000000,0.000000,0.000000,0.000000",,,,,,,,,,,
2026-09-08,Tarik Skubal,669373,LAD,CIN,25,23.40539296094852,7.585493852633271,0.2824315951862325,27,5,7.333333333333333,0.7670820938603022,0.6357901181537567,2.585493852633271,-3.5946070390514784,120.0,5.0,22.0,,,,,,,,,"0.000656,0.004511,0.015865,0.038025,0.069745,0.104115,0.131292,0.143294,0.137628,0.117710,0.090423,0.062781,0.039577,0.022725,0.011910,0.005705,0.002499,0.001000,0.000366,0.000122,0.000037,0.000010,0.000002,0.000001,0.000000,0.000000,0.000000,0.000000,0.000000,0.000000,0.000000,0.000000",,,,,,,,,,,
2026-09-08,Jacob Misiorowski,694819,MIL,CHC,28,22.63425599205416,7.458324541725993,0.3315138834136923,24,9,6.333333333333333,0.7534025453370199,0.6190374480373632,-1.5416754582740069,-1.3657440079458425,40.0,6.0,19.0,,,,,,,,,"0.000765,0.005122,0.017553,0.041091,0.073822,0.108244,0.134365,0.144520,0.136793,0.115196,0.087002,0.059294,0.036641,0.020609,0.010582,0.004971,0.002139,0.000844,0.000305,0.000101,0.000030,0.000008,0.000002,0.000000,0.000000,0.000000,0.000000,0.000000,0.000000,0.000000,0.000000,0.000000",,,,,,,,,,,
2026-09-08,Cam Schlittler,693645,NYY,COL,33,23.26631753156952,7.078063491374634,0.290868739127455,24,10,7.0,0.709640740306713,0.5649646957521604,-2.9219365086253664,-0.7336824684304801,43.0,6.0,21.0,,,,,,,,,"0.001043,0.006752,0.022378,0.050541,0.087258,0.122387,0.144676,0.147653,0.132292,0.105330,0.075199,0.048467,0.028340,0.015085,0.007325,0.003247,0.001313,0.000484,0.000162,0.000049,0.000013,0.000003,0.000001,0.000000,0.000000,0.000000,0.000000,0.000000,0.000000,0.000000,0.000000,0.000000",,,,,,,,,,,
2026-09-08,Sean Burke,680732,CWS,PIT,26,22.4149892814388,6.648489178966287,0.2510786086396104,14,2,1.3333333333333333,0.6532829173903607,0.50092527360036,4.648489178966287,8.414989281438796,49.0,7.0,4.0,,,,,,,,,"0.001629,0.009828,0.030385,0.064160,0.103839,0.136875,0.152358,0.146576,0.123803,0.092820,0.062257,0.037564,0.020466,0.010095,0.004515,0.001833,0.000676,0.000227,0.000069,0.000019,0.000005,0.000001,0.000000,0.000000,0.000000,0.000000,0.000000,0.000000,0.000000,0.000000,0.000000,0.000000",,,,,,,,,,,
2026-09-08,Quinn Mathews,687273,STL,SF,5,22.69486298352278,6.167487675066172,0.2276111745051842,25,4,6.0,0.5835303676411069,0.4245841524940806,2.167487675066172,-2.3051370164772216,5.0,5.0,18.0,,,,,,,,,"0.002449,0.014002,0.040963,0.081620,0.124191,0.153245,0.158946,0.141828,0.110631,0.076327,0.046998,0.026012,0.013018,0.005919,0.002454,0.000931,0.000323,0.000103,0.000030,0.000008,0.000002,0.000000,0.000000,0.000000,0.000000,0.000000,0.000000,0.000000,0.000000,0.000000,0.000000,0.000000",,,,,,,,,,,
2026-09-08,Bryce Miller,682243,SEA,TEX,21,22.37899497821677,5.5611100418592425,0.2376502722048489,18,6,3.6666666666666665,0.4841082125093164,0.3279993705401582,-0.4388899581407575,4.37899497821677,91.0,6.0,11.0,,,,,,,,,"0.004603,0.023430,0.061312,0.109641,0.150068,0.166838,0.156109,0.125816,0.088754,0.055442,0.030935,0.015520,0.007035,0.002892,0.001081,0.000368,0.000114,0.000032,0.000008,0.000002,0.000000,0.000000,0.000000,0.000000,0.000000,0.000000,0.000000,0.000000,0.000000,0.000000,0.000000,0.000000",,,,,,,,,,,
2026-09-08,Gabriel Hughes,687312,COL,NYY,10,22.322460608174897,5.473298740556972,0.2114792450444184,19,6,5.0,0.469168518267762,0.3139431661411203,-0.526701259443028,3.3224606081748966,10.0,7.0,15.0,,,,,,,,,"0.004993,0.025023,0.064564,0.113918,0.153808,0.168525,0.155225,0.123026,0.085298,0.052373,0.028742,0.014197,0.006342,0.002571,0.000947,0.000317,0.000096,0.000027,0.000007,0.000001,0.000000,0.000000,0.000000,0.000000,0.000000,0.000000,0.000000,0.000000,0.000000,0.000000,0.000000,0.000000",,,,,,,,,,,
2026-09-08,Casey Mize,663554,SD,WSH,26,21.730950193490912,5.453952381540478,0.2316381275288957,22,7,5.666666666666667,0.4662283599583446,0.3121593089165285,-1.5460476184595224,-0.2690498065090878,72.0,6.0,17.0,,,,,,,,,"0.005253,0.025974,0.066061,0.115056,0.153836,0.167592,0.154069,0.122210,0.084906,0.052215,0.028643,0.014096,0.006250,0.002505,0.000910,0.000300,0.000090,0.000025,0.000006,0.000001,0.000000,0.000000,0.000000,0.000000,0.000000,0.000000,0.000000,0.000000,0.000000,0.000000,0.000000,0.000000",,,,,,,,,,,
2026-09-08,Freddy Peralta,642547,TB,ATL,31,22.86106921401039,5.434495372972913,0.2331891912013326,24,2,6.0,0.4629022498398111,0.3065924861310165,3.434495372972913,-1.1389307859896114,137.0,7.0,18.0,,,,,,,,,"0.004831,0.024773,0.064906,0.115478,0.156289,0.170821,0.156310,0.122622,0.083854,0.050607,0.027210,0.013131,0.005721,0.002260,0.000812,0.000266,0.000079,0.000022,0.000005,0.000001,0.000000,0.000000,0.000000,0.000000,0.000000,0.000000,0.000000,0.000000,0.000000,0.000000,0.000000,0.000000",,,,,,,,,,,
2026-09-08,José Soriano,667755,TOR,ATH,29,23.26825433056887,5.420419029423126,0.2304484289102339,27,3,7.0,0.4606714041764238,0.3038488950700788,2.420419029423126,-3.731745669431131,78.0,5.0,21.0,,,,,,,,,"0.004738,0.024578,0.064912,0.116019,0.157284,0.171798,0.156823,0.122546,0.083360,0.049963,0.026626,0.012704,0.005456,0.002118,0.000745,0.000238,0.000069,0.000018,0.000004,0.000001,0.000000,0.000000,0.000000,0.000000,0.000000,0.000000,0.000000,0.000000,0.000000,0.000000,0.000000,0.000000",,,,,,,,,,,
2026-09-08,Landen Roupp,694738,SF,STL,27,22.780447032812965,5.411233891434056,0.2261519041329591,23,2,6.0,0.4584059525361918,0.3035643241867226,3.411233891434056,-0.2195529671870346,53.0,6.0,18.0,,,,,,,,,"0.005101,0.025748,0.066562,0.117080,0.156928,0.170175,0.154842,0.121106,0.082813,0.050123,0.027093,0.013163,0.005773,0.002292,0.000825,0.000269,0.000080,0.000021,0.000005,0.000001,0.000000,0.000000,0.000000,0.000000,0.000000,0.000000,0.000000,0.000000,0.000000,0.000000,0.000000,0.000000",,,,,,,,,,,
2026-09-08,Riley Cornelio,683000,WSH,SD,0,23.00854700854701,5.224733849472282,0.2335809806835067,9,4,3.0,0.4262832882489119,0.2746675032762919,1.2247338494722824,14.008547008547009,0.0,,9.0,,,,,,,,,"0.006057,0.029684,0.074407,0.126754,0.164403,0.172411,0.151616,0.114510,0.075525,0.044024,0.022882,0.010674,0.004492,0.001711,0.000592,0.000186,0.000053,0.000014,0.000003,0.000001,0.000000,0.000000,0.000000,0.000000,0.000000,0.000000,0.000000,0.000000,0.000000,0.000000,0.000000,0.000000",,,,,,,,,,,
2026-09-08,Bubba Chandler,696149,PIT,CWS,29,21.90326916736412,5.095611838474993,0.2174945967850871,21,8,6.0,0.4045236612487762,0.2564326155661068,-2.9043881615250067,0.9032691673641188,30.0,6.0,18.0,,,,,,,,,"0.007183,0.033618,0.080973,0.133382,0.168184,0.172137,0.148091,0.109543,0.070766,0.040375,0.020512,0.009335,0.003822,0.001412,0.000472,0.000143,0.000039,0.000010,0.000002,0.000000,0.000000,0.000000,0.000000,0.000000,0.000000,0.000000,0.000000,0.000000,0.000000,0.000000,0.000000,0.000000",,,,,,,,,,,
2026-09-08,Corbin Burnes,669203,AZ,KC,0,23.00854700854701,5.043072099486786,0.2335809806835067,13,2,3.0,0.3941807142808123,0.24600948757481,3.0430720994867864,10.008547008547009,107.0,464.0,9.0,,,,,,,,,"0.006939,0.033443,0.082123,0.136513,0.172090,0.174711,0.148171,0.107567,0.068013,0.037941,0.018859,0.008417,0.003392,0.001240,0.000412,0.000124,0.000034,0.000009,0.000002,0.000000,0.000000,0.000000,0.000000,0.000000,0.000000,0.000000,0.000000,0.000000,0.000000,0.000000,0.000000,0.000000",,,,,,,,,,,
2026-09-08,Cal Quantrill,615698,TEX,SEA,11,22.30192171593445,4.986049656348024,0.224380579615603,24,4,6.0,0.3851327505983235,0.2392222095668813,0.9860496563480244,-1.6980782840655486,117.0,5.0,18.0,,,,,,,,,"0.007704,0.035897,0.085706,0.139350,0.172799,0.173411,0.145911,0.105324,0.066257,0.036737,0.018105,0.007983,0.003166,0.001134,0.000368,0.000109,0.000029,0.000007,0.000002,0.000000,0.000000,0.000000,0.000000,0.000000,0.000000,0.000000,0.000000,0.000000,0.000000,0.000000,0.000000,0.000000",,,,,,,,,,,
2026-09-08,David Peterson,656849,CHC,MIL,22,22.664425877909025,4.659788021438098,0.2080257632809594,20,4,4.333333333333333,0.3270825203021688,0.1914106245630669,0.6597880214380982,2.664425877909025,109.0,6.0,13.0,,,,,,,,,"0.010119,0.045121,0.102561,0.157852,0.184217,0.173047,0.135672,0.090940,0.053010,0.027213,0.012421,0.005078,0.001870,0.000623,0.000188,0.000051,0.000013,0.000003,0.000001,0.000000,0.000000,0.000000,0.000000,0.000000,0.000000,0.000000,0.000000,0.000000,0.000000,0.000000,0.000000,0.000000",,,,,,,,,,,
2026-09-08,Michael Wacha,608379,KC,AZ,31,24.7378199142905,4.575447742489358,0.2052636538252455,24,4,6.0,0.3114614906107272,0.1787511958444136,0.5754477424893576,0.7378199142905011,135.0,5.0,18.0,,,,,,,,,"0.010484,0.047143,0.107038,0.163251,0.187668,0.172955,0.132710,0.086935,0.049471,0.024759,0.010994,0.004359,0.001549,0.000495,0.000142,0.000037,0.000009,0.000002,0.000000,0.000000,0.000000,0.000000,0.000000,0.000000,0.000000,0.000000,0.000000,0.000000,0.000000,0.000000,0.000000,0.000000",,,,,,,,,,,
2026-09-08,Jack Perkins,678022,ATH,TOR,13,21.87232604181757,4.168737875191628,0.2446034880356837,21,3,5.0,0.2451027176199013,0.1314289867667168,1.1687378751916278,0.8723260418175691,17.0,5.0,15.0,,,,,,,,,"0.016930,0.066621,0.134226,0.183902,0.191772,0.161447,0.113674,0.068507,0.035915,0.016574,0.006793,0.002490,0.000820,0.000244,0.000066,0.000016,0.000004,0.000001,0.000000,0.000000,0.000000,0.000000,0.000000,0.000000,0.000000,0.000000,0.000000,0.000000,0.000000,0.000000,0.000000,0.000000",,,,,,,,,,,
2026-09-08,Nick Lodolo,666157,CIN,LAD,21,22.53463700156308,4.14204364032885,0.2127534607085668,23,6,4.666666666666667,0.2397476814966276,0.1272894245877223,-1.8579563596711504,-0.4653629984369232,91.0,7.0,14.0,,,,,,,,,"0.016953,0.067129,0.135743,0.185957,0.193120,0.161351,0.112458,0.066988,0.034691,0.015817,0.006409,0.002324,0.000758,0.000223,0.000059,0.000014,0.000003,0.000001,0.000000,0.000000,0.000000,0.000000,0.000000,0.000000,0.000000,0.000000,0.000000,0.000000,0.000000,0.000000,0.000000,0.000000",,,,,,,,,,,
2026-09-08,AJ Smith-Shawver,700363,ATL,TB,4,22.08507711955988,4.01555069591252,0.2197462430265769,19,3,3.333333333333333,0.2193014371865314,0.1129550582394876,1.0155506959125198,3.0850771195598803,19.0,7.0,10.0,,,,,,,,,"0.019077,0.073467,0.144392,0.192268,0.194060,0.157434,0.106346,0.061230,0.030556,0.013386,0.005200,0.001806,0.000565,0.000160,0.000041,0.000010,0.000002,0.000000,0.000000,0.000000,0.000000,0.000000,0.000000,0.000000,0.000000,0.000000,0.000000,0.000000,0.000000,0.000000,0.000000,0.000000",,,,,,,,,,,
2026-09-09,Zebby Matthews,805673,MIN,DET,23,24.024985749572487,5.215672216953101,0.2001387247292417,13,2,2.333333333333333,0.4247684934022844,0.2727486111821698,3.2156722169531013,11.024985749572489,45.0,5.0,7.0,,,,,,,,,"0.006002,0.029508,0.074309,0.127074,0.165150,0.173189,0.152020,0.114440,0.075144,0.043559,0.022482,0.010396,0.004324,0.001622,0.000550,0.000169,0.000047,0.000012,0.000003,0.000001,0.000000,0.000000,0.000000,0.000000,0.000000,0.000000,0.000000,0.000000,0.000000,0.000000,0.000000,0.000000,0.000000",,,,,,,,,,,
2026-09-09,Keider Montero,672456,DET,MIN,26,22.00300017143837,3.664730476931484,0.1781590089205818,16,2,4.0,0.1702169984218737,0.0825278912614564,1.664730476931484,6.003000171438369,53.0,5.0,12.0,,,,,,,,,"0.029339,0.097658,0.170070,0.204251,0.188118,0.140347,0.087689,0.046929,0.021864,0.008973,0.003273,0.001068,0.000313,0.000083,0.000020,0.000004,0.000001,0.000000,0.000000,0.000000,0.000000,0.000000,0.000000,0.000000,0.000000,0.000000,0.000000,0.000000,0.000000,0.000000,0.000000,0.000000,0.000000",,,,,,,,,,,
2026-09-09,Yoshinobu Yamamoto,808967,LAD,CIN,28,24.75511025269596,7.058616998347024,0.2485962521573521,24,10,7.0,0.7088232678693486,0.5630147979579819,-2.941383001652976,0.7551102526959603,70.0,7.0,21.0,,,,,,,,,"0.000999,0.006583,0.022127,0.050478,0.087678,0.123312,0.145808,0.148593,0.132771,0.105289,0.074749,0.047798,0.027644,0.014497,0.006904,0.002987,0.001174,0.000419,0.000136,0.000040,0.000011,0.000003,0.000001,0.000000,0.000000,0.000000,0.000000,0.000000,0.000000,0.000000,0.000000,0.000000,0.000000",,,,,,,,,,,
2026-09-09,Foster Griffin,656492,CLE,BAL,28,23.34838242394978,6.0581422579534685,0.2137951800506687,17,4,2.333333333333333,0.5651545524622481,0.4073618926532948,2.0581422579534685,6.348382423949779,28.0,5.0,7.0,,,,,,,,,"0.002988,0.016088,0.045046,0.086840,0.128675,0.155208,0.157793,0.138383,0.106421,0.072630,0.044374,0.024421,0.012157,0.005488,0.002249,0.000837,0.000283,0.000087,0.000024,0.000006,0.000001,0.000000,0.000000,0.000000,0.000000,0.000000,0.000000,0.000000,0.000000,0.000000,0.000000,0.000000,0.000000",,,,,,,,,,,
2026-09-09,Cristopher Sánchez,650911,PHI,HOU,33,25.185466983107634,5.919647500124627,0.2606699252570508,26,3,6.0,0.5441597356099146,0.3837909316098277,2.919647500124628,-0.8145330168923657,113.0,5.0,18.0,,,,,,,,,"0.002906,0.016474,0.047398,0.092117,0.135718,0.161227,0.160369,0.136933,0.102119,0.067341,0.039621,0.020935,0.009980,0.004307,0.001686,0.000599,0.000194,0.000057,0.000015,0.000004,0.000001,0.000000,0.000000,0.000000,0.000000,0.000000,0.000000,0.000000,0.000000,0.000000,0.000000,0.000000,0.000000",,,,,,,,,,,
2026-09-09,Jake Bennett,687562,BOS,LAA,17,23.11023526558332,5.747045223300879,0.2060654702417931,23,2,5.333333333333333,0.5161192907472046,0.3576381790675403,3.747045223300879,0.1102352655833165,17.0,6.0,16.0,,,,,,,,,"0.003886,0.020139,0.054158,0.100105,0.141986,0.163607,0.158481,0.132003,0.096063,0.061798,0.035452,0.018254,0.008477,0.003562,0.001357,0.000469,0.000147,0.000042,0.000011,0.000003,0.000001,0.000000,0.000000,0.000000,0.000000,0.000000,0.000000,0.000000,0.000000,0.000000,0.000000,0.000000,0.000000",,,,,,,,,,,
2026-09-09,Logan Henderson,701656,MIL,CHC,14,21.791021671826627,5.529917920880276,0.2575539533683422,18,6,5.0,0.4801835242493583,0.3275553263178769,-0.4700820791197238,3.791021671826627,19.0,6.0,15.0,,,,,,,,,"0.006015,0.027201,0.065313,0.110768,0.147690,0.162829,0.152628,0.123876,0.088249,0.055773,0.031524,0.016027,0.007355,0.003053,0.001146,0.000389,0.000119,0.000033,0.000008,0.000002,0.000000,0.000000,0.000000,0.000000,0.000000,0.000000,0.000000,0.000000,0.000000,0.000000,0.000000,0.000000,0.000000",,,,,,,,,,,
2026-09-09,Will Warren,701542,NYY,COL,30,22.49256787501896,5.477582823735924,0.218519727603849,23,8,6.0,0.4717350254774924,0.3161551461965035,-2.522417176264076,-0.5074321249810403,64.0,10.0,18.0,,,,,,,,,"0.005301,0.025580,0.064537,0.112811,0.152301,0.167734,0.155580,0.124073,0.086315,0.052944,0.028865,0.014076,0.006170,0.002441,0.000874,0.000284,0.000084,0.000023,0.000006,0.000001,0.000000,0.000000,0.000000,0.000000,0.000000,0.000000,0.000000,0.000000,0.000000,0.000000,0.000000,0.000000,0.000000",,,,,,,,,,,
2026-09-09,Braydon Fisher,680755,TOR,ATH,0,22.657894736842103,5.422910275835722,0.2076489132238261,3,1,1.0,0.4617775907389257,0.3071374426796206,4.422910275835722,19.657894736842103,0.0,,3.0,,,,,,,,,"0.005519,0.026567,0.066727,0.115815,0.154888,0.168707,0.154640,0.121881,0.083874,0.050974,0.027599,0.013401,0.005866,0.002324,0.000835,0.000273,0.000081,0.000022,0.000005,0.000001,0.000000,0.000000,0.000000,0.000000,0.000000,0.000000,0.000000,0.000000,0.000000,0.000000,0.000000,0.000000,0.000000",,,,,,,,,,,
2026-09-09,Kevin Gausman,592332,CHC,MIL,33,23.620480245707103,5.370189367674058,0.2358919035840972,23,6,4.0,0.4520582087937841,0.2965815860156639,-0.6298106323259418,0.6204802457071033,154.0,6.0,12.0,,,,,,,,,"0.005171,0.026055,0.067389,0.118613,0.158889,0.171825,0.155477,0.120541,0.081419,0.048494,0.025698,0.012197,0.005211,0.002011,0.000703,0.000223,0.000064,0.000017,0.000004,0.000001,0.000000,0.000000,0.000000,0.000000,0.000000,0.000000,0.000000,0.000000,0.000000,0.000000,0.000000,0.000000,0.000000",,,,,,,,,,,
2026-09-09,Davis Martin,663436,CWS,PIT,27,22.72845757927943,5.219722498870305,0.2047595235022645,19,1,5.0,0.4265248197082029,0.274922376232024,4.219722498870305,3.728457579279429,68.0,7.0,15.0,,,,,,,,,"0.006432,0.030467,0.074828,0.126311,0.163556,0.171881,0.151602,0.114753,0.075732,0.044091,0.022843,0.010600,0.004426,0.001668,0.000568,0.000175,0.000049,0.000012,0.000003,0.000001,0.000000,0.000000,0.000000,0.000000,0.000000,0.000000,0.000000,0.000000,0.000000,0.000000,0.000000,0.000000,0.000000",,,,,,,,,,,
2026-09-09,Hunter Brown,686613,HOU,PHI,19,22.889962247390628,5.156465356557897,0.2345659304751553,21,7,5.0,0.415529090302311,0.2641539904865973,-1.8435346434421032,1.889962247390628,108.0,6.0,15.0,,,,,,,,,"0.006528,0.031168,0.076802,0.129483,0.166776,0.173715,0.151375,0.112853,0.073131,0.041677,0.021073,0.009514,0.003854,0.001405,0.000462,0.000137,0.000037,0.000009,0.000002,0.000000,0.000000,0.000000,0.000000,0.000000,0.000000,0.000000,0.000000,0.000000,0.000000,0.000000,0.000000,0.000000,0.000000",,,,,,,,,,,
2026-09-09,Lake Bachar,669199,PIT,CWS,1,20.612650046168053,4.852685422035365,0.2142230969576878,8,3,1.6666666666666663,0.3670988332849987,0.2298695958483693,1.852685422035365,12.612650046168053,1.0,24.0,5.0,,,,,,,,,"0.011762,0.046610,0.097449,0.144062,0.168574,0.164444,0.137229,0.099466,0.063319,0.035731,0.018014,0.008164,0.003342,0.001240,0.000417,0.000128,0.000035,0.000009,0.000002,0.000000,0.000000,0.000000,0.000000,0.000000,0.000000,0.000000,0.000000,0.000000,0.000000,0.000000,0.000000,0.000000,0.000000",,,,,,,,,,,
2026-09-09,Blade Tidwell,694918,SF,STL,6,22.00860796851943,4.828125659601199,0.2055731617571412,21,2,4.0,0.3595439824938142,0.2202454872177039,2.8281256596011994,1.0086079685194314,8.0,6.0,12.0,,,,,,,,,"0.010353,0.043359,0.095567,0.146735,0.174614,0.169829,0.139298,0.098420,0.060838,0.033291,0.016266,0.007140,0.002826,0.001010,0.000327,0.000095,0.000025,0.000006,0.000001,0.000000,0.000000,0.000000,0.000000,0.000000,0.000000,0.000000,0.000000,0.000000,0.000000,0.000000,0.000000,0.000000,0.000000",,,,,,,,,,,
2026-09-09,Griffin Jax,643377,TB,ATL,18,19.8454671922096,4.779986321967085,0.2372259735790514,17,2,5.0,0.3564368130440128,0.2234680603933282,2.779986321967085,2.8454671922096004,18.0,7.0,15.0,,,,,,,,,"0.013381,0.051372,0.103381,0.147306,0.167529,0.160594,0.132969,0.096266,0.061461,0.034865,0.017686,0.008063,0.003314,0.001230,0.000413,0.000125,0.000034,0.000008,0.000002,0.000000,0.000000,0.000000,0.000000,0.000000,0.000000,0.000000,0.000000,0.000000,0.000000,0.000000,0.000000,0.000000,0.000000",,,,,,,,,,,
2026-09-09,Shane Baz,669358,BAL,CLE,31,23.82330827067669,4.778408391796436,0.2101732679134371,26,5,5.666666666666667,0.3479669943369913,0.2078577618490311,-0.221591608203564,-2.176691729323309,79.0,5.0,17.0,,,,,,,,,"0.009037,0.041127,0.095746,0.151098,0.180827,0.174199,0.140109,0.096394,0.057687,0.030386,0.014204,0.005926,0.002215,0.000743,0.000224,0.000061,0.000015,0.000003,0.000001,0.000000,0.000000,0.000000,0.000000,0.000000,0.000000,0.000000,0.000000,0.000000,0.000000,0.000000,0.000000,0.000000,0.000000",,,,,,,,,,,
2026-09-09,Kade Anderson,807739,SEA,TEX,3,22.01196172248804,4.768689876836636,0.2009975345238228,24,5,6.0,0.3494311577923947,0.2119126127056246,-0.2313101231633636,-1.9880382775119607,3.0,6.0,18.0,,,,,,,,,"0.010918,0.045232,0.098660,0.149851,0.176334,0.169574,0.137519,0.096030,0.058618,0.031631,0.015218,0.006568,0.002554,0.000898,0.000286,0.000082,0.000021,0.000005,0.000001,0.000000,0.000000,0.000000,0.000000,0.000000,0.000000,0.000000,0.000000,0.000000,0.000000,0.000000,0.000000,0.000000,0.000000",,,,,,,,,,,
2026-09-09,Jackson Kent,800600,WSH,SD,5,22.5249593054802,4.6884607469660855,0.2014149953203219,17,2,3.0,0.334122164002984,0.1986034514858944,2.688460746966085,5.524959305480198,5.0,5.0,9.0,,,,,,,,,"0.011030,0.046461,0.102165,0.154961,0.180532,0.170729,0.135519,0.092353,0.054928,0.028867,0.013531,0.005696,0.002164,0.000744,0.000232,0.000066,0.000017,0.000004,0.000001,0.000000,0.000000,0.000000,0.000000,0.000000,0.000000,0.000000,0.000000,0.000000,0.000000,0.000000,0.000000,0.000000,0.000000",,,,,,,,,,,
2026-09-09,Robert Stock,476594,NYM,MIA,6,21.634776192818496,4.654733810628789,0.2050992754825507,20,4,4.0,0.3301709210801542,0.1964758812639702,0.6547338106287892,1.6347761928184958,6.0,9.0,12.0,,,,,,,,,"0.012131,0.049290,0.105019,0.155742,0.179128,0.168519,0.133695,0.091263,0.054396,0.028627,0.013414,0.005629,0.002124,0.000722,0.000221,0.000061,0.000015,0.000003,0.000001,0.000000,0.000000,0.000000,0.000000,0.000000,0.000000,0.000000,0.000000,0.000000,0.000000,0.000000,0.000000,0.000000,0.000000",,,,,,,,,,,
2026-09-09,Andre Pallante,669467,STL,SF,28,22.95082890713021,4.452813520224281,0.1755170338992802,18,4,5.0,0.292066635829964,0.1647357945405413,0.4528135202242813,4.950828907130209,86.0,5.0,15.0,,,,,,,,,"0.012805,0.053388,0.114913,0.168730,0.188486,0.169612,0.127331,0.081652,0.045484,0.022282,0.009686,0.003760,0.001309,0.000410,0.000115,0.000029,0.000007,0.000001,0.000000,0.000000,0.000000,0.000000,0.000000,0.000000,0.000000,0.000000,0.000000,0.000000,0.000000,0.000000,0.000000,0.000000,0.000000",,,,,,,,,,,
2026-09-09,Walker Buehler,621111,SD,WSH,30,20.87873502199302,4.344820472433605,0.2003597100299038,12,4,2.333333333333333,0.2803062358535941,0.1592919583136722,0.3448204724336046,8.87873502199302,80.0,5.0,7.0,,,,,,,,,"0.017252,0.063715,0.124235,0.170241,0.182690,0.161560,0.121014,0.078109,0.043991,0.021833,0.009625,0.003793,0.001344,0.000429,0.000124,0.000033,0.000008,0.000002,0.000000,0.000000,0.000000,0.000000,0.000000,0.000000,0.000000,0.000000,0.000000,0.000000,0.000000,0.000000,0.000000,0.000000,0.000000",,,,,,,,,,,
2026-09-09,Janson Junk,676083,MIA,NYM,24,21.794150009169265,4.187377355982803,0.1806400888243908,19,0,3.0,0.2510631801164723,0.1367507609969558,4.187377355982803,2.7941500091692646,40.0,5.0,9.0,,,,,,,,,"0.018362,0.068282,0.133258,0.180430,0.188456,0.160149,0.114312,0.070046,0.037444,0.017675,0.007434,0.002803,0.000952,0.000291,0.000081,0.000020,0.000005,0.000001,0.000000,0.000000,0.000000,0.000000,0.000000,0.000000,0.000000,0.000000,0.000000,0.000000,0.000000,0.000000,0.000000,0.000000,0.000000",,,,,,,,,,,
2026-09-09,Ryan Johnson,696270,LAA,BOS,15,21.29401549559177,4.148557156522799,0.1898973859786084,24,5,6.0,0.2460729260014052,0.1334846287130822,-0.8514428434772006,-2.705984504408232,15.0,5.0,18.0,,,,,,,,,"0.019508,0.071127,0.136115,0.181395,0.187459,0.158323,0.112588,0.068746,0.036561,0.017128,0.007131,0.002658,0.000892,0.000270,0.000074,0.000019,0.000004,0.000001,0.000000,0.000000,0.000000,0.000000,0.000000,0.000000,0.000000,0.000000,0.000000,0.000000,0.000000,0.000000,0.000000,0.000000,0.000000",,,,,,,,,,,
2026-09-09,Cody Bradford,674003,TEX,SEA,6,22.4758976881456,4.058533487271999,0.1768547612134284,18,1,4.0,0.22820441076835,0.1197469031392858,3.058533487272,4.475897688145601,27.0,7.0,12.0,,,,,,,,,"0.019482,0.072844,0.141471,0.188445,0.191801,0.157752,0.108458,0.063755,0.032561,0.014620,0.005823,0.002071,0.000661,0.000190,0.000050,0.000012,0.000002,0.000000,0.000000,0.000000,0.000000,0.000000,0.000000,0.000000,0.000000,0.000000,0.000000,0.000000,0.000000,0.000000,0.000000,0.000000,0.000000",,,,,,,,,,,
2026-09-09,Tomoyuki Sugano,608372,COL,NYY,28,22.24746499275712,4.015544189499421,0.1617821220504667,25,5,6.0,0.2219613211884984,0.1158157422705231,-0.9844558105005792,-2.75253500724288,55.0,7.0,18.0,,,,,,,,,"0.020586,0.075657,0.144664,0.190114,0.191271,0.155746,0.106146,0.061926,0.031428,0.014041,0.005572,0.001977,0.000630,0.000181,0.000047,0.000011,0.000002,0.000000,0.000000,0.000000,0.000000,0.000000,0.000000,0.000000,0.000000,0.000000,0.000000,0.000000,0.000000,0.000000,0.000000,0.000000,0.000000",,,,,,,,,,,
2026-09-09,Rhett Lowder,695076,CIN,LAD,22,22.34052828700966,3.7189521966171473,0.1877192274404818,19,4,3.333333333333333,0.1762534527688725,0.0858133711083784,-0.2810478033828527,3.3405282870096613,28.0,5.0,10.0,,,,,,,,,"0.026769,0.092734,0.166258,0.203838,0.190510,0.143638,0.090440,0.048678,0.022774,0.009376,0.003427,0.001119,0.000328,0.000086,0.000020,0.000004,0.000001,0.000000,0.000000,0.000000,0.000000,0.000000,0.000000,0.000000,0.000000,0.000000,0.000000,0.000000,0.000000,0.000000,0.000000,0.000000,0.000000",,,,,,,,,,,
2026-09-09,Zac Gallen,668678,AZ,KC,23,23.33906517195516,3.604025023382807,0.1695091497543753,15,1,3.333333333333333,0.1578187833352602,0.0740485045705186,2.604025023382807,8.33906517195516,144.0,64.0,10.0,,,,,,,,,"0.028452,0.098918,0.175457,0.210319,0.190546,0.138489,0.083770,0.043229,0.019369,0.007633,0.002671,0.000836,0.000235,0.000060,0.000014,0.000003,0.000001,0.000000,0.000000,0.000000,0.000000,0.000000,0.000000,0.000000,0.000000,0.000000,0.000000,0.000000,0.000000,0.000000,0.000000,0.000000,0.000000",,,,,,,,,,,
2026-09-09,Brady Basso,669620,ATH,TOR,2,19.028672427337,3.47155278717851,0.2100082225312049,17,4,4.0,0.1526371348013457,0.0740162844179408,-0.5284472128214901,2.028672427337,6.0,8.0,12.0,,,,,,,,,"0.039898,0.118424,0.184190,0.202102,0.175583,0.127166,0.078621,0.042038,0.019628,0.008071,0.002945,0.000959,0.000280,0.000074,0.000017,0.000004,0.000001,0.000000,0.000000,0.000000,0.000000,0.000000,0.000000,0.000000,0.000000,0.000000,0.000000,0.000000,0.000000,0.000000,0.000000,0.000000,0.000000",,,,,,,,,,,
2026-09-09,Daniel Lynch IV,663738,KC,AZ,6,18.45720609936055,2.835192125723834,0.1844933381406349,21,3,5.0,0.0794079738378867,0.0326293361116401,-0.1648078742761658,-2.542793900639449,47.0,5.0,15.0,,,,,,,,,"0.070213,0.174159,0.226595,0.207884,0.150765,0.090976,0.046779,0.020764,0.008031,0.002728,0.000820,0.000219,0.000053,0.000011,0.000002,0.000000,0.000000,0.000000,0.000000,0.000000,0.000000,0.000000,0.000000,0.000000,0.000000,0.000000,0.000000,0.000000,0.000000,0.000000,0.000000,0.000000,0.000000",,,,,,,,,,,
2026-09-10,Logan Gilbert,669302,SEA,TEX,32,23.324383598059413,6.308460564107646,0.2553320042403011,25,11,7.0,0.6034227175634962,0.4458889757833699,-4.691539435892354,-1.6756164019405873,149.0,6.0,21.0,,,,,,,,,"0.002140,0.012539,0.037557,0.076477,0.118691,0.149173,0.157534,0.143246,0.114103,0.080641,0.051066,0.029208,0.015192,0.007232,0.003170,0.001287,0.000487,0.000173,0.000058,0.000018,0.000005,0.000001,0.000000,0.000000,0.000000,0.000000,0.000000,0.000000,0.000000,0.000000,0.000000,0.000000,0.000000,0.000000",,,,,,,,,,,
2026-09-10,Zack Wheeler,554430,PHI,HOU,23,23.28537465880074,6.271620347566653,0.2754270079044829,27,9,7.0,0.5981949835464199,0.4399135904417191,-2.728379652433347,-3.714625341199259,137.0,5.0,21.0,,,,,,,,,"0.002186,0.012786,0.038236,0.077706,0.120277,0.150614,0.158281,0.143040,0.113107,0.079289,0.049790,0.028251,0.014593,0.006908,0.003016,0.001220,0.000460,0.000162,0.000054,0.000017,0.000005,0.000001,0.000000,0.000000,0.000000,0.000000,0.000000,0.000000,0.000000,0.000000,0.000000,0.000000,0.000000,0.000000",,,,,,,,,,,
2026-09-10,Max Fried,608331,NYY,COL,20,22.30788979954577,5.900516380103403,0.2450967474777895,14,7,3.333333333333333,0.541511585057543,0.3821886547455947,-1.0994836198965974,8.30788979954577,121.0,6.0,10.0,,,,,,,,,"0.003226,0.017544,0.048921,0.093088,0.135509,0.160201,0.159323,0.136310,0.101849,0.067179,0.039438,0.020748,0.009844,0.004241,0.001671,0.000608,0.000206,0.000066,0.000020,0.000006,0.000002,0.000000,0.000000,0.000000,0.000000,0.000000,0.000000,0.000000,0.000000,0.000000,0.000000,0.000000,0.000000,0.000000",,,,,,,,,,,
2026-09-10,Jacob deGrom,594798,TEX,SEA,30,21.642791874604622,5.805205156032785,0.27632515205864,19,12,6.0,0.5251895010729248,0.3680733106042462,-6.194794843967215,2.6427918746046224,77.0,5.0,18.0,,,,,,,,,"0.003825,0.019899,0.053334,0.098121,0.138942,0.160690,0.157116,0.132708,0.098224,0.064343,0.037574,0.019669,0.009272,0.003954,0.001532,0.000543,0.000178,0.000054,0.000016,0.000004,0.000001,0.000000,0.000000,0.000000,0.000000,0.000000,0.000000,0.000000,0.000000,0.000000,0.000000,0.000000,0.000000,0.000000",,,,,,,,,,,
2026-09-10,Hagen Smith,696146,CWS,PIT,0,22.341463414634145,5.640406246608288,0.2303493449781659,8,3,2.0,0.4984593653196412,0.3396862190804191,2.640406246608288,14.341463414634145,0.0,,6.0,,,,,,,,,"0.004021,0.021188,0.057167,0.105027,0.147187,0.166952,0.158773,0.129526,0.092093,0.057742,0.032221,0.016125,0.007287,0.002995,0.001127,0.000392,0.000127,0.000038,0.000011,0.000003,0.000001,0.000000,0.000000,0.000000,0.000000,0.000000,0.000000,0.000000,0.000000,0.000000,0.000000,0.000000,0.000000,0.000000",,,,,,,,,,,
2026-09-10,Jared Jones,683003,PIT,CWS,17,20.1845565921097,5.585742151099495,0.2565820518774296,24,8,7.0,0.4876804438622433,0.3363893551814594,-2.4142578489005047,-3.8154434078903,39.0,6.0,21.0,,,,,,,,,"0.005385,0.025929,0.064262,0.109891,0.146127,0.160726,0.151291,0.124232,0.090012,0.057986,0.033404,0.017290,0.008073,0.003413,0.001311,0.000460,0.000148,0.000044,0.000012,0.000003,0.000001,0.000000,0.000000,0.000000,0.000000,0.000000,0.000000,0.000000,0.000000,0.000000,0.000000,0.000000,0.000000,0.000000",,,,,,,,,,,
2026-09-10,Ryan Feltner,663372,COL,NYY,20,22.51031894934334,4.550117402791319,0.1848606793788038,22,2,5.0,0.308347543238662,0.1771996481029586,2.5501174027913187,0.5103189493433398,84.0,6.0,15.0,,,,,,,,,"0.011445,0.049451,0.109250,0.163808,0.186539,0.171160,0.131148,0.085927,0.048960,0.024574,0.010978,0.004404,0.001600,0.000531,0.000162,0.000046,0.000012,0.000003,0.000001,0.000000,0.000000,0.000000,0.000000,0.000000,0.000000,0.000000,0.000000,0.000000,0.000000,0.000000,0.000000,0.000000,0.000000,0.000000",,,,,,,,,,,
2026-09-10,Nick Martinez,607259,TB,ATL,27,23.596368392706008,4.364934703348306,0.1708704773175156,20,3,6.333333333333333,0.2751631825435148,0.152260433224235,1.3649347033483057,3.596368392706008,89.0,6.0,19.0,,,,,,,,,"0.013090,0.055875,0.120665,0.175202,0.191766,0.168239,0.122903,0.076733,0.041734,0.020068,0.008634,0.003357,0.001189,0.000386,0.000116,0.000032,0.000008,0.000002,0.000000,0.000000,0.000000,0.000000,0.000000,0.000000,0.000000,0.000000,0.000000,0.000000,0.000000,0.000000,0.000000,0.000000,0.000000,0.000000",,,,,,,,,,,
2026-09-10,Cristian Javier,664299,HOU,PHI,12,21.138016649627573,4.012248002495171,0.2160388278002841,20,5,6.0,0.2190208850196662,0.1124235037154775,-0.9877519975048292,1.1380166496275734,80.0,6.0,18.0,,,,,,,,,"0.019099,0.073631,0.144500,0.192160,0.193986,0.157603,0.106597,0.061318,0.030444,0.013194,0.005040,0.001713,0.000522,0.000145,0.000037,0.000009,0.000002,0.000000,0.000000,0.000000,0.000000,0.000000,0.000000,0.000000,0.000000,0.000000,0.000000,0.000000,0.000000,0.000000,0.000000,0.000000,0.000000,0.000000",,,,,,,,,,,
2026-09-10,Martín Pérez,527048,ATL,TB,24,21.84685986232685,3.183236163824983,0.1846986220784216,26,4,7.0,0.1037553236133212,0.0431139869014723,-0.8167638361750171,-4.153140137673152,110.0,5.0,21.0,,,,,,,,,"0.042549,0.132008,0.208259,0.221575,0.177784,0.114069,0.060641,0.027353,0.010651,0.003629,0.001094,0.000295,0.000072,0.000016,0.000003,0.000001,0.000000,0.000000,0.000000,0.000000,0.000000,0.000000,0.000000,0.000000,0.000000,0.000000,0.000000,0.000000,0.000000,0.000000,0.000000,0.000000,0.000000,0.000000",,,,,,,,,,,
2026-09-11,Cade Cavalli,676917,WSH,LAA,33,22.09788495361165,7.000772774631425,0.259409382360202,24,9,6.0,0.6961516156452245,0.5538789169089037,-1.9992272253685748,-1.9021150463883487,41.0,6.0,18.0,15.752667893850008,6.345217059761643,0.725604660899489,0.5170906466183526,0.4553616639303366,0.3970092387896762,0.1445979780088926,-2.247332106149992,"0.001481,0.008640,0.026161,0.054987,0.090163,0.122416,0.142273,0.144333,0.129397,0.103382,0.074065,0.047806,0.027906,0.014779,0.007122,0.003131,0.001260,0.000466,0.000159,0.000051,0.000015,0.000004,0.000001,0.000000,0.000000,0.000000,0.000000,0.000000,0.000000,0.000000,0.000000,0.000000,0.000000,0.000000,0.000000","2:0.004759,4:0.002237,5:0.002169,6:0.012616,7:0.012232,8:0.005930,9:0.017247,10:0.016722,11:0.028822,12:0.076846,13:0.040639,14:0.054177,15:0.208514,16:0.061729,17:0.058352,18:0.252411,19:0.028129,20:0.021818,21:0.075358,22:0.001282,23:0.004971,24:0.010844,27:0.002196",,,,,,,,,,
2026-09-11,Nolan McLean,690997,NYM,NYY,31,23.72801856445824,6.80994772496911,0.262811673922785,24,5,5.0,0.6758412247972035,0.5254041480397543,1.8099477249691096,-0.2719814355417611,36.0,7.0,15.0,17.0833495685755,6.644668995882739,0.8413515542373553,0.6641779621936491,0.605442911870056,0.5432685093950976,0.2421025233112283,2.0833495685755,"0.001361,0.008425,0.026828,0.058397,0.097322,0.131827,0.150437,0.148057,0.127716,0.097696,0.066855,0.041208,0.023007,0.011692,0.005434,0.002320,0.000916,0.000336,0.000115,0.000037,0.000011,0.000003,0.000001,0.000000,0.000000,0.000000,0.000000,0.000000,0.000000,0.000000,0.000000,0.000000,0.000000,0.000000,0.000000","2:0.000929,4:0.000547,5:0.000594,6:0.003872,7:0.004203,8:0.002282,9:0.007432,10:0.008069,11:0.015574,12:0.046500,13:0.027537,14:0.041109,15:0.177174,16:0.058735,17:0.062174,18:0.301166,19:0.037583,20:0.032643,21:0.126258,22:0.002405,23:0.010444,24:0.025513,27:0.007256",,,,,,,,,,
2026-09-11,Chris Sale,519242,ATL,PHI,27,23.914519329689565,6.6235918717791815,0.2843324719018392,26,6,7.0,0.6535253203938047,0.4977610437396095,0.6235918717791815,-2.085480670310435,95.0,7.0,21.0,17.787873173443067,6.1266461562464976,0.8893857870021596,0.7388792292529014,0.6855322028061493,0.6251538958691739,0.3124511676659138,-3.2121268265569327,"0.001455,0.009110,0.029116,0.063181,0.104341,0.139272,0.155764,0.149441,0.125005,0.092255,0.060616,0.035718,0.018991,0.009163,0.004033,0.001628,0.000607,0.000210,0.000068,0.000020,0.000006,0.000002,0.000000,0.000000,0.000000,0.000000,0.000000,0.000000,0.000000,0.000000,0.000000,0.000000,0.000000,0.000000,0.000000","2:0.000331,4:0.000223,5:0.000259,6:0.001801,7:0.002091,8:0.001214,9:0.004226,10:0.004906,11:0.010124,12:0.032318,13:0.020463,14:0.032661,15:0.150507,16:0.053347,17:0.060378,18:0.312703,19:0.041723,20:0.038747,21:0.160234,22:0.003263,23:0.015152,24:0.039575,27:0.013756",,,,,,,,,,
2026-09-11,Shota Imanaga,684007,CHC,PIT,31,22.747626407595494,6.22835199078026,0.2357943007157666,24,4,6.0,0.5929789351333682,0.435810743946018,2.22835199078026,-1.2523735924045063,82.0,7.0,18.0,16.57914788790323,6.168478519692265,0.800523174632251,0.6079660050992548,0.5469648318934349,0.4852580920522851,0.1996259731056959,-1.420852112096771,"0.002560,0.014106,0.040322,0.079453,0.120725,0.149855,0.157168,0.142285,0.112801,0.079109,0.049444,0.027696,0.013969,0.006370,0.002638,0.000997,0.000346,0.000111,0.000033,0.000009,0.000003,0.000001,0.000000,0.000000,0.000000,0.000000,0.000000,0.000000,0.000000,0.000000,0.000000,0.000000,0.000000,0.000000,0.000000","2:0.001822,4:0.000980,5:0.001017,6:0.006332,7:0.006569,8:0.003408,9:0.010607,10:0.011005,11:0.020298,12:0.057912,13:0.032773,14:0.046753,15:0.192557,16:0.061001,17:0.061707,18:0.285632,19:0.034063,20:0.028272,21:0.104497,22:0.001902,23:0.007893,24:0.018426,27:0.004573",,,,,,,,,,
2026-09-11,Taj Bradley,671737,MIN,CLE,30,23.806635814154443,6.029002889947002,0.2623153324907711,22,6,6.0,0.5618763745531566,0.4019523733521306,0.0290028899470016,1.806635814154444,101.0,6.0,18.0,16.82638557919727,6.980250234957172,0.8211339582595208,0.6356375967285466,0.5755702485091799,0.5134608327654487,0.2195900202723543,-1.1736144208027284,"0.002752,0.015450,0.044503,0.087274,0.130439,0.157705,0.159924,0.139317,0.106017,0.071334,0.042825,0.023099,0.011256,0.004980,0.002010,0.000745,0.000255,0.000081,0.000024,0.000007,0.000002,0.000000,0.000000,0.000000,0.000000,0.000000,0.000000,0.000000,0.000000,0.000000,0.000000,0.000000,0.000000,0.000000,0.000000","2:0.001319,4:0.000742,5:0.000787,6:0.005007,7:0.005310,8:0.002816,9:0.008958,10:0.009500,11:0.017911,12:0.052236,13:0.030217,14:0.044062,15:0.185496,16:0.060067,17:0.062109,18:0.293871,19:0.035822,20:0.030392,21:0.114822,22:0.002136,23:0.009062,24:0.021624,27:0.005731",,,,,,,,,,
2026-09-11,Dustin May,669160,MIL,CIN,25,22.19159133842287,5.909500424840532,0.2284084254159067,22,6,6.0,0.5415742111628583,0.3854196132931048,-0.0904995751594679,0.1915913384228709,62.0,6.0,18.0,15.787056552126105,6.404534786296766,0.7288504954897491,0.5207593931666619,0.4589929383304469,0.4004509108051096,0.146550812206126,-2.2129434478738954,"0.003784,0.019207,0.050908,0.093693,0.133844,0.156990,0.156155,0.134450,0.101632,0.068145,0.040843,0.022008,0.010709,0.004721,0.001891,0.000690,0.000230,0.000071,0.000020,0.000005,0.000001,0.000000,0.000000,0.000000,0.000000,0.000000,0.000000,0.000000,0.000000,0.000000,0.000000,0.000000,0.000000,0.000000,0.000000","2:0.004590,4:0.002169,5:0.002108,6:0.012295,7:0.011952,8:0.005809,9:0.016942,10:0.016469,11:0.028462,12:0.076086,13:0.040343,14:0.053924,15:0.208091,16:0.061766,17:0.058542,18:0.253900,19:0.028370,20:0.022062,21:0.076405,22:0.001303,23:0.005067,24:0.011082,27:0.002262",,,,,,,,,,
2026-09-11,George Kirby,669923,SEA,ATH,30,24.15245713980286,5.789622598077526,0.2254674385153488,28,5,6.0,0.5230275701823103,0.3624043159377094,0.7896225980775258,-3.847542860197141,139.0,6.0,18.0,17.46039134288603,6.692065796916829,0.8684836134539193,0.7050257429584426,0.6488820711984084,0.5873060381070712,0.2782746251097054,-0.5396086571139698,"0.003286,0.018186,0.051267,0.097810,0.141508,0.164916,0.160623,0.133980,0.097385,0.062488,0.035757,0.018401,0.008576,0.003644,0.001420,0.000510,0.000170,0.000053,0.000015,0.000004,0.000001,0.000000,0.000000,0.000000,0.000000,0.000000,0.000000,0.000000,0.000000,0.000000,0.000000,0.000000,0.000000,0.000000,0.000000","2:0.000540,4:0.000342,5:0.000385,6:0.002596,7:0.002920,8:0.001643,9:0.005543,10:0.006235,11:0.012469,12:0.038572,13:0.023666,14:0.036605,15:0.163458,16:0.056144,17:0.061576,18:0.309031,19:0.039957,20:0.035957,21:0.144094,22:0.002844,23:0.012795,24:0.032384,27:0.010243",,,,,,,,,,
2026-09-11,Aaron Nola,605400,PHI,ATL,32,23.054230592674635,5.719001240486066,0.2398215947255381,27,3,6.333333333333333,0.5116523740727503,0.3530971618355444,2.719001240486066,-3.945769407325365,142.0,5.0,19.0,16.31813568387317,6.736094908801466,0.7777154771486728,0.5788145469012516,0.5171971442448025,0.4562454360994785,0.1803475328417029,-2.6818643161268305,"0.003906,0.020383,0.054928,0.101387,0.143315,0.164430,0.158555,0.131446,0.095165,0.060843,0.034632,0.017657,0.008102,0.003360,0.001265,0.000435,0.000137,0.000040,0.000011,0.000003,0.000001,0.000000,0.000000,0.000000,0.000000,0.000000,0.000000,0.000000,0.000000,0.000000,0.000000,0.000000,0.000000,0.000000,0.000000","2:0.002516,4:0.001295,5:0.001314,6:0.007999,7:0.008115,8:0.004117,9:0.012530,10:0.012712,11:0.022928,12:0.063971,13:0.035401,14:0.049386,15:0.198901,16:0.061617,17:0.060952,18:0.275898,19:0.032174,20:0.026114,21:0.094386,22:0.001680,23:0.006818,24:0.015564,27:0.003612",,,,,,,,,,
2026-09-11,Matthew Liberatore,669461,STL,CWS,30,21.84698163548009,5.599619874456622,0.2366077216243698,20,2,4.333333333333333,0.4914235410450648,0.3371256796656849,3.5996198744566223,1.8469816354800912,80.0,6.0,13.0,15.154915838563266,6.692065796916825,0.6683973486138257,0.4556941239103205,0.3953943384577608,0.3408093302740833,0.1147038867664187,2.154915838563266,"0.005119,0.024620,0.061799,0.107805,0.146201,0.163033,0.154298,0.126395,0.090814,0.057784,0.032798,0.016701,0.007664,0.003181,0.001199,0.000412,0.000129,0.000037,0.000010,0.000002,0.000001,0.000000,0.000000,0.000000,0.000000,0.000000,0.000000,0.000000,0.000000,0.000000,0.000000,0.000000,0.000000,0.000000,0.000000","2:0.008526,4:0.003675,5:0.003412,6:0.019005,7:0.017645,8:0.008191,9:0.022815,10:0.021183,11:0.034963,12:0.089268,13:0.045207,14:0.057712,15:0.212703,16:0.060300,17:0.054585,18:0.226105,19:0.024129,20:0.017922,21:0.059278,22:0.000966,23:0.003586,24:0.007491,27:0.001332",,,,,,,,,,
2026-09-11,Parker Messick,800048,CLE,MIN,31,23.50392892860389,5.544385926676767,0.2547694065005674,22,5,5.333333333333333,0.4817989123595519,0.3244143677849889,0.5443859266767674,1.5039289286038944,35.0,6.0,16.0,17.50351763580239,6.000411292801509,0.8713812829430571,0.7095841702459692,0.6537817979538252,0.5923277525135048,0.2826369426685854,1.503517635802389,"0.004462,0.023002,0.060915,0.109946,0.151336,0.168540,0.157385,0.126154,0.088231,0.054487,0.029982,0.014807,0.006604,0.002675,0.000990,0.000337,0.000106,0.000031,0.000009,0.000002,0.000001,0.000000,0.000000,0.000000,0.000000,0.000000,0.000000,0.000000,0.000000,0.000000,0.000000,0.000000,0.000000,0.000000,0.000000","2:0.000507,4:0.000323,5:0.000365,6:0.002476,7:0.002797,8:0.001580,9:0.005353,10:0.006046,11:0.012141,12:0.037711,13:0.023234,14:0.036084,15:0.161797,16:0.055802,17:0.061454,18:0.309691,19:0.040207,20:0.036332,21:0.146195,22:0.002897,23:0.013089,24:0.033264,27:0.010652",,,,,,,,,,
2026-09-11,Mason Adams,690279,COL,DET,3,21.57016399365704,5.495286818383958,0.2400762368399908,18,5,5.0,0.4742354177872472,0.3220141431966496,0.495286818383958,3.57016399365704,3.0,6.0,15.0,15.17864670105783,6.391517292599211,0.6706835144232377,0.4580381421231753,0.397656358889035,0.3429079056792202,0.1157552606515815,0.1786467010578292,"0.005936,0.027440,0.066552,0.112831,0.149490,0.163515,0.152221,0.122875,0.087089,0.054688,0.030631,0.015382,0.006954,0.002840,0.001051,0.000354,0.000109,0.000031,0.000008,0.000002,0.000000,0.000000,0.000000,0.000000,0.000000,0.000000,0.000000,0.000000,0.000000,0.000000,0.000000,0.000000,0.000000,0.000000,0.000000","2:0.008345,4:0.003608,5:0.003356,6:0.018723,7:0.017412,8:0.008096,9:0.022587,10:0.021005,11:0.034726,12:0.088808,13:0.045048,14:0.057602,15:0.212645,16:0.060382,17:0.054748,18:0.227153,19:0.024281,20:0.018064,21:0.059845,22:0.000976,23:0.003632,24:0.007599,27:0.001358",,,,,,,,,,
2026-09-11,Carlos Rodón,607074,NYY,NYM,16,21.5985634179304,5.431468120994327,0.2443789104806054,23,8,6.333333333333333,0.4631138961084063,0.3116402370329972,-2.568531879005673,-1.4014365820696,122.0,6.0,19.0,15.694472444354846,5.9040909735755545,0.7200955591402749,0.5109126149369683,0.4492591012020554,0.3912354151928495,0.1413546533397839,-3.3055275556451544,"0.006212,0.028628,0.069015,0.116053,0.152264,0.164714,0.151474,0.120686,0.084421,0.052368,0.029035,0.014477,0.006522,0.002664,0.000989,0.000335,0.000103,0.000029,0.000008,0.000002,0.000000,0.000000,0.000000,0.000000,0.000000,0.000000,0.000000,0.000000,0.000000,0.000000,0.000000,0.000000,0.000000,0.000000,0.000000","2:0.005057,4:0.002356,5:0.002274,6:0.013171,7:0.012713,8:0.006136,9:0.017768,10:0.017151,11:0.029431,12:0.078123,13:0.041132,14:0.054592,15:0.209183,16:0.061654,17:0.058024,18:0.249881,19:0.027724,20:0.021409,21:0.073619,22:0.001247,23:0.004813,24:0.010454,27:0.002089",,,,,,,,,,
2026-09-11,Anthony Molina,683627,SF,SD,2,21.804516828531224,5.281717521550298,0.2393894712233812,20,4,3.0,0.4378281335911574,0.2880933464208924,1.2817175215502976,1.804516828531224,4.0,6.0,9.0,15.802325313156013,6.002191515375211,0.7302892315803886,0.5223925199707062,0.4606111498754989,0.4019860803893158,0.1474266260902678,6.802325313156013,"0.006939,0.031444,0.074653,0.123370,0.158484,0.167281,0.149735,0.115948,0.078734,0.047344,0.025395,0.012219,0.005298,0.002078,0.000740,0.000240,0.000071,0.000020,0.000005,0.000001,0.000000,0.000000,0.000000,0.000000,0.000000,0.000000,0.000000,0.000000,0.000000,0.000000,0.000000,0.000000,0.000000,0.000000,0.000000","2:0.004516,4:0.002139,5:0.002081,6:0.012154,7:0.011829,8:0.005756,9:0.016807,10:0.016357,11:0.028302,12:0.075747,13:0.040211,14:0.053811,15:0.207897,16:0.061781,17:0.058625,18:0.254559,19:0.028477,20:0.022172,21:0.076874,22:0.001313,23:0.005110,24:0.011189,27:0.002292",,,,,,,,,,
2026-09-11,Yusei Kikuchi,579328,LAA,WSH,12,22.64013549408139,5.252571488058263,0.2230010694502057,20,5,4.0,0.4324390030843268,0.2798495292499754,0.2525714880582628,2.640135494081392,125.0,6.0,12.0,15.980573628631456,6.659561865449936,0.7469596116724905,0.5416359876204019,0.4797612991366928,0.4202220916226677,0.1580580645207233,3.980573628631456,"0.006152,0.029516,0.073207,0.124531,0.162360,0.171796,0.152589,0.116269,0.077155,0.045084,0.023395,0.010856,0.004532,0.001712,0.000588,0.000185,0.000054,0.000014,0.000004,0.000001,0.000000,0.000000,0.000000,0.000000,0.000000,0.000000,0.000000,0.000000,0.000000,0.000000,0.000000,0.000000,0.000000,0.000000,0.000000","2:0.003720,4:0.001811,5:0.001788,6:0.010586,7:0.010448,8:0.005156,9:0.015265,10:0.015065,11:0.026433,12:0.071740,13:0.038620,14:0.052408,15:0.205324,16:0.061875,17:0.059539,18:0.262164,19:0.029740,20:0.023481,21:0.082557,22:0.001429,23:0.005643,24:0.012531,27:0.002677",,,,,,,,,,
2026-09-11,Wilber Dotel,696062,PIT,CHC,0,22.78516228748068,5.24520287883114,0.2287342287342287,10,1,2.0,0.4311159510749507,0.2784315889534865,4.24520287883114,12.78516228748068,0.0,,6.0,16.143740340030913,6.641421947449768,0.7619783616692428,0.5595054095826895,0.4976816074188563,0.4374034003091192,0.1684698608964451,10.143740340030911,"0.006123,0.029486,0.073324,0.124900,0.162867,0.172184,0.152684,0.116084,0.076826,0.044752,0.023140,0.010694,0.004444,0.001670,0.000571,0.000179,0.000052,0.000014,0.000003,0.000001,0.000000,0.000000,0.000000,0.000000,0.000000,0.000000,0.000000,0.000000,0.000000,0.000000,0.000000,0.000000,0.000000,0.000000,0.000000","2:0.003091,4:0.001546,5:0.001546,6:0.009274,7:0.009274,8:0.004637,9:0.013910,10:0.013910,11:0.024730,12:0.068006,13:0.037094,14:0.051005,15:0.202473,16:0.061824,17:0.060278,18:0.268934,19:0.030912,20:0.024730,21:0.088099,22:0.001546,23:0.006182,24:0.013910,27:0.003091",,,,,,,,,,
2026-09-11,Framber Valdez,664285,DET,COL,31,24.42829867650305,5.149769842362407,0.1893434060921745,25,2,6.0,0.4126529819391427,0.2610097188469764,3.1497698423624074,-0.5717013234969457,149.0,6.0,18.0,16.6911927058304,7.737105970672658,0.8099941831803379,0.6205148255430832,0.5598943159339094,0.4979654421416322,0.2084666160419176,-1.3088072941696005,"0.006040,0.030153,0.076420,0.130642,0.168834,0.175257,0.151643,0.112109,0.072076,0.040840,0.020614,0.009354,0.003847,0.001445,0.000499,0.000159,0.000047,0.000013,0.000003,0.000001,0.000000,0.000000,0.000000,0.000000,0.000000,0.000000,0.000000,0.000000,0.000000,0.000000,0.000000,0.000000,0.000000,0.000000,0.000000","2:0.001577,4:0.000866,5:0.000907,6:0.005702,7:0.005974,8:0.003130,9:0.009838,10:0.010308,11:0.019201,12:0.055327,13:0.031620,14:0.045555,15:0.189479,16:0.060621,17:0.061929,18:0.289499,19:0.034866,20:0.029225,21:0.109089,22:0.002005,23:0.008404,24:0.019813,27:0.005065",,,,,,,,,,
2026-09-11,Drew Rasmussen,656876,TB,HOU,30,21.70288941645992,5.08217765844044,0.2490887914995057,27,4,7.0,0.4036855880409439,0.2577613412160938,1.0821776584404397,-5.297110583540079,92.0,6.0,21.0,16.336472034528683,5.366417381931235,0.7793486574948155,0.5808546499915647,0.5192683572319721,0.4582533532030607,0.1816424772356279,-4.663527965471317,"0.008185,0.036173,0.083424,0.133553,0.165899,0.169080,0.145924,0.108774,0.070983,0.040957,0.021056,0.009704,0.004030,0.001515,0.000518,0.000162,0.000046,0.000012,0.000003,0.000001,0.000000,0.000000,0.000000,0.000000,0.000000,0.000000,0.000000,0.000000,0.000000,0.000000,0.000000,0.000000,0.000000,0.000000,0.000000","2:0.002461,4:0.001271,5:0.001291,6:0.007872,7:0.007999,8:0.004064,9:0.012389,10:0.012589,11:0.022741,12:0.063546,13:0.035220,14:0.049209,15:0.198494,16:0.061586,17:0.061015,18:0.276611,19:0.032307,20:0.026262,21:0.095069,22:0.001695,23:0.006888,24:0.015749,27:0.003672",,,,,,,,,,
2026-09-11,Max Scherzer,453286,TOR,BAL,16,20.58407066430721,5.067597457449738,0.2024315591978158,23,3,5.0,0.4024420462605498,0.260661612577787,2.0675974574497378,-2.415929335692791,89.0,6.0,15.0,13.955342009572236,6.628728654734973,0.5544329010449418,0.3483035130599031,0.2940384898846809,0.2484226167770713,0.0729570043842073,-1.0446579904277635,"0.009593,0.040001,0.087434,0.134233,0.162448,0.163850,0.141780,0.107006,0.071218,0.042150,0.022333,0.010649,0.004589,0.001793,0.000636,0.000205,0.000060,0.000016,0.000004,0.000001,0.000000,0.000000,0.000000,0.000000,0.000000,0.000000,0.000000,0.000000,0.000000,0.000000,0.000000,0.000000,0.000000,0.000000,0.000000","2:0.021638,4:0.008042,5:0.006934,6:0.035867,7:0.030924,8:0.013331,9:0.034480,10:0.029727,11:0.045564,12:0.108031,13:0.050804,14:0.060227,15:0.206129,16:0.054265,17:0.045616,18:0.175466,19:0.017389,20:0.011993,21:0.036838,22:0.000557,23:0.001922,24:0.003728,27:0.000531",,,,,,,,,,
2026-09-11,Robbie Ray,592662,SD,SF,29,22.673301565316297,5.060442713031297,0.2052740432012758,23,5,5.0,0.3987163135746236,0.2507916214659604,0.0604427130312972,-0.3266984346837027,98.0,6.0,15.0,15.87167891982627,6.801622645490028,0.7368041061362882,0.5298418302754333,0.4680062651145819,0.4090131407683115,0.1514732624631935,0.8716789198262695,"0.007443,0.034346,0.082141,0.134843,0.169582,0.172929,0.147925,0.108540,0.069390,0.039093,0.019575,0.008769,0.003534,0.001287,0.000426,0.000129,0.000036,0.000009,0.000002,0.000001,0.000000,0.000000,0.000000,0.000000,0.000000,0.000000,0.000000,0.000000,0.000000,0.000000,0.000000,0.000000,0.000000,0.000000,0.000000","2:0.004192,4:0.002007,5:0.001964,6:0.011528,7:0.011280,8:0.005519,9:0.016200,10:0.015851,11:0.027574,12:0.074199,13:0.039602,14:0.053281,15:0.206962,16:0.061836,17:0.058993,18:0.257540,19:0.028966,20:0.022674,21:0.079040,22:0.001357,23:0.005311,24:0.011692,27:0.002434",,,,,,,,,,
2026-09-11,Sonny Gray,543243,BOS,KC,29,23.50416209944093,4.9432011801181055,0.2290733231909702,25,5,6.0,0.3768062528454253,0.2316145422064458,-0.0567988198818945,-1.4958379005590707,141.0,6.0,18.0,17.147643311517665,6.35651878792326,0.8461994365991744,0.671249106803825,0.6129038591918443,0.5507723176350866,0.2480121085566516,-0.8523566884823346,"0.007789,0.036435,0.087257,0.141895,0.175289,0.174528,0.145192,0.103378,0.064090,0.035048,0.017080,0.007480,0.002965,0.001071,0.000354,0.000108,0.000030,0.000008,0.000002,0.000000,0.000000,0.000000,0.000000,0.000000,0.000000,0.000000,0.000000,0.000000,0.000000,0.000000,0.000000,0.000000,0.000000,0.000000,0.000000","2:0.000849,4:0.000506,5:0.000553,6:0.003623,7:0.003957,8:0.002161,9:0.007081,10:0.007733,11:0.015016,12:0.045101,13:0.026869,14:0.040351,15:0.174950,16:0.058345,17:0.062132,18:0.302760,19:0.038009,20:0.033210,21:0.129220,22:0.002476,23:0.010817,24:0.026583,27:0.007697",,,,,,,,,,
2026-09-11,Anthony Kay,641743,CWS,STL,27,22.305686522118588,4.903656140170348,0.2025688908041849,19,2,4.0,0.3718462472592983,0.2293022422659696,2.903656140170348,3.305686522118588,27.0,6.0,12.0,15.074939419499852,7.230747102618736,0.660691696557554,0.4478552240776341,0.387845277679459,0.3338175943926852,0.1112358829551163,3.0749394194998523,"0.009036,0.039726,0.090842,0.143222,0.173754,0.171574,0.142544,0.101813,0.063471,0.034920,0.017098,0.007499,0.002962,0.001058,0.000344,0.000102,0.000028,0.000007,0.000002,0.000000,0.000000,0.000000,0.000000,0.000000,0.000000,0.000000,0.000000,0.000000,0.000000,0.000000,0.000000,0.000000,0.000000,0.000000,0.000000","2:0.009157,4:0.003904,5:0.003605,6:0.019972,7:0.018442,8:0.008515,9:0.023588,10:0.021781,11:0.035755,12:0.090795,13:0.045731,14:0.058063,15:0.212836,16:0.060010,17:0.054028,18:0.222582,19:0.023624,20:0.017452,21:0.057409,22:0.000930,23:0.003435,24:0.007137,27:0.001249",,,,,,,,,,
2026-09-11,MacKenzie Gore,669022,TEX,AZ,32,22.83624694144848,4.653280048297613,0.2417773263848697,20,2,4.0,0.3268310762536321,0.1910941145249234,2.6532800482976127,2.836246941448479,130.0,5.0,12.0,15.909416337824124,6.9268306036243565,0.7403342463640386,0.5339160421033102,0.4720604727369036,0.4128735797750552,0.1537229306773545,3.909416337824125,"0.010476,0.045796,0.102893,0.157536,0.183680,0.172788,0.135737,0.091074,0.053023,0.027103,0.012277,0.004967,0.001808,0.000596,0.000179,0.000050,0.000013,0.000003,0.000001,0.000000,0.000000,0.000000,0.000000,0.000000,0.000000,0.000000,0.000000,0.000000,0.000000,0.000000,0.000000,0.000000,0.000000,0.000000,0.000000","2:0.004023,4:0.001937,5:0.001901,6:0.011196,7:0.010987,8:0.005391,9:0.015873,10:0.015578,11:0.027179,12:0.073350,13:0.039265,14:0.052984,15:0.206418,16:0.061856,17:0.059187,18:0.259151,19:0.029233,20:0.022951,21:0.080242,22:0.001382,23:0.005423,24:0.011976,27:0.002515",,,,,,,,,,
2026-09-11,Seth Lugo,607625,KC,BOS,29,23.50416209944093,4.566971283591105,0.1884316119610237,24,7,5.0,0.3107649912971711,0.1785651876568153,-2.433028716408895,-0.4958379005590707,113.0,6.0,15.0,16.34645636789749,7.157705731543437,0.7802361083101177,0.581966166634942,0.5203975775080629,0.4593487335401014,0.1823513206324056,1.3464563678974883,"0.011032,0.048264,0.107809,0.163076,0.186884,0.172170,0.132200,0.086673,0.049365,0.024747,0.011033,0.004413,0.001595,0.000525,0.000158,0.000044,0.000011,0.000003,0.000001,0.000000,0.000000,0.000000,0.000000,0.000000,0.000000,0.000000,0.000000,0.000000,0.000000,0.000000,0.000000,0.000000,0.000000,0.000000,0.000000","2:0.002432,4:0.001258,5:0.001279,6:0.007804,7:0.007936,8:0.004036,9:0.012313,10:0.012522,11:0.022639,12:0.063314,13:0.035121,14:0.049112,15:0.198270,16:0.061569,17:0.061049,18:0.276997,19:0.032379,20:0.026344,21:0.095443,22:0.001703,23:0.006927,24:0.015851,27:0.003705",,,,,,,,,,
2026-09-11,Jeffrey Springs,605488,ATH,SEA,27,22.36877800476843,4.32765862959007,0.1962248323750671,22,1,5.0,0.2723846184441906,0.1510310210626182,3.3276586295900703,0.3687780047684299,90.0,6.0,15.0,15.421942574073984,6.9468354306944455,0.694083300819063,0.4825327186022985,0.4214234867384383,0.3650577296671689,0.1271525541812206,0.4219425740739844,"0.015060,0.059945,0.123578,0.174673,0.188913,0.165446,0.121354,0.076204,0.041596,0.019957,0.008488,0.003223,0.001099,0.000338,0.000095,0.000024,0.000006,0.000001,0.000000,0.000000,0.000000,0.000000,0.000000,0.000000,0.000000,0.000000,0.000000,0.000000,0.000000,0.000000,0.000000,0.000000,0.000000,0.000000,0.000000","2:0.006644,4:0.002973,5:0.002813,6:0.015965,7:0.015103,8:0.007144,9:0.020275,10:0.019181,11:0.032259,12:0.083924,13:0.043306,14:0.056332,15:0.211551,16:0.061109,17:0.056366,18:0.237905,19:0.025870,20:0.019579,21:0.065984,22:0.001095,23:0.004144,24:0.008821,27:0.001660",,,,,,,,,,
2026-09-11,Andrew Abbott,671096,CIN,MIL,32,22.7272551158354,4.315239159177686,0.1946607545379295,15,0,2.0,0.2688174882723761,0.1475938664052629,4.315239159177686,7.727255115835401,104.0,6.0,6.0,15.691432686597963,7.035822429237436,0.7198072709416122,0.5105909932674201,0.448941832283795,0.3909355822974436,0.1411873431225292,9.691432686597963,"0.014524,0.059174,0.123798,0.176271,0.190874,0.166542,0.121224,0.075311,0.040583,0.019198,0.008049,0.003014,0.001015,0.000310,0.000086,0.000022,0.000005,0.000001,0.000000,0.000000,0.000000,0.000000,0.000000,0.000000,0.000000,0.000000,0.000000,0.000000,0.000000,0.000000,0.000000,0.000000,0.000000,0.000000,0.000000","2:0.005073,4:0.002362,5:0.002280,6:0.013200,7:0.012739,8:0.006147,9:0.017795,10:0.017173,11:0.029463,12:0.078189,13:0.041158,14:0.054613,15:0.209216,16:0.061649,17:0.058006,18:0.249748,19:0.027703,20:0.021387,21:0.073529,22:0.001245,23:0.004805,24:0.010434,27:0.002084",,,,,,,,,,
2026-09-11,Miguel Ullola,699044,HOU,TB,0,22.78516228748068,4.249268568139042,0.2287342287342287,3,0,1.0,0.2574994412290854,0.1392202419239986,4.249268568139042,19.78516228748068,0.0,,3.0,16.143740340030913,6.641421947449768,0.7619783616692428,0.5595054095826895,0.4976816074188563,0.4374034003091192,0.1684698608964451,13.143740340030911,"0.015371,0.061877,0.127931,0.179915,0.192202,0.165205,0.118279,0.072178,0.038162,0.017700,0.007273,0.002669,0.000881,0.000263,0.000072,0.000018,0.000004,0.000001,0.000000,0.000000,0.000000,0.000000,0.000000,0.000000,0.000000,0.000000,0.000000,0.000000,0.000000,0.000000,0.000000,0.000000,0.000000,0.000000,0.000000","2:0.003091,4:0.001546,5:0.001546,6:0.009274,7:0.009274,8:0.004637,9:0.013910,10:0.013910,11:0.024730,12:0.068006,13:0.037094,14:0.051005,15:0.202473,16:0.061824,17:0.060278,18:0.268934,19:0.030912,20:0.024730,21:0.088099,22:0.001546,23:0.006182,24:0.013910,27:0.003091",,,,,,,,,,
2026-09-11,Ryan Gusto,687473,MIA,LAD,15,19.903059022901484,3.670833409615557,0.2059505741748732,25,3,6.0,0.17647073824164,0.088207442577021,0.670833409615557,-5.096940977098516,32.0,6.0,18.0,13.445460893306867,6.457598129594617,0.5081155590047909,0.3091536977998177,0.2581861781173005,0.2164960640189747,0.0604500449725708,-4.554539106693133,"0.031579,0.101544,0.170439,0.199597,0.182593,0.137778,0.088263,0.048841,0.023625,0.010082,0.003824,0.001297,0.000395,0.000109,0.000027,0.000006,0.000001,0.000000,0.000000,0.000000,0.000000,0.000000,0.000000,0.000000,0.000000,0.000000,0.000000,0.000000,0.000000,0.000000,0.000000,0.000000,0.000000,0.000000,0.000000","2:0.029783,4:0.010481,5:0.008793,6:0.044262,7:0.037134,8:0.015577,9:0.039204,10:0.032890,11:0.049054,12:0.113174,13:0.051789,14:0.059742,15:0.198962,16:0.050968,17:0.041690,18:0.156046,19:0.015048,20:0.010099,21:0.030184,22:0.000444,23:0.001491,24:0.002814,27:0.000369",,,,,,,,,,
2026-09-11,Chris Bassitt,605135,BAL,TOR,17,22.676970633693973,3.266521322494552,0.1845410349347357,24,5,5.0,0.1145480100616952,0.04919047621649,-1.733478677505448,-1.3230293663060273,140.0,6.0,15.0,15.155556663509,7.521413970184973,0.6684590871896207,0.4557573136197277,0.3954552894422156,0.3408658556460414,0.1147321421248476,0.1555566635089995,"0.039957,0.125465,0.201491,0.219133,0.180339,0.119068,0.065358,0.030544,0.012362,0.004389,0.001381,0.000388,0.000098,0.000023,0.000005,0.000001,0.000000,0.000000,0.000000,0.000000,0.000000,0.000000,0.000000,0.000000,0.000000,0.000000,0.000000,0.000000,0.000000,0.000000,0.000000,0.000000,0.000000,0.000000,0.000000","2:0.008521,4:0.003673,5:0.003410,6:0.018998,7:0.017639,8:0.008189,9:0.022809,10:0.021178,11:0.034957,12:0.089256,13:0.045203,14:0.057709,15:0.212702,16:0.060302,17:0.054589,18:0.226134,19:0.024133,20:0.017926,21:0.059294,22:0.000966,23:0.003587,24:0.007494,27:0.001333",,,,,,,,,,
2026-09-12,Tyler Glasnow,607192,LAD,MIA,12,23.022103203950664,6.274028282322282,0.2608544624810272,22,7,4.0,0.6003662399719234,0.4418859546015869,-0.7259717176777176,1.022103203950664,71.0,7.0,12.0,17.325214113605462,5.696889090345202,0.8507252134319575,0.6765705877130371,0.6196701969590289,0.5637820593481192,0.2766621531885041,5.325214113605462,"0.002166,0.012672,0.037907,0.077108,0.119581,0.150200,0.158480,0.143862,0.114213,0.080229,0.050277,0.028269,0.014313,0.006540,0.002699,0.001006,0.000339,0.000103,0.000028,0.000007,0.000002,0.000000,0.000000,0.000000,0.000000,0.000000,0.000000,0.000000,0.000000,0.000000,0.000000,0.000000","6:0.000552,7:0.000622,8:0.002807,9:0.011869,10:0.007139,11:0.010063,12:0.048799,13:0.037115,14:0.030309,15:0.174155,16:0.056900,17:0.055888,18:0.287120,19:0.036854,20:0.044530,21:0.133914,22:0.007551,23:0.008515,24:0.038412,27:0.006886",,,,,,,,,,
2026-09-12,Paul Skenes,694973,PIT,CHC,30,22.434268688933027,5.873814436142386,0.269763825192268,25,4,7.0,0.5371660047906475,0.3778945827155505,1.8738144361423856,-2.5657313110669726,82.0,6.0,21.0,16.349598723262567,6.084669965670461,0.7685478395674261,0.5627077663655226,0.5012963500375374,0.4462165374669112,0.1878269129526408,-4.650401276737433,"0.003289,0.017855,0.049688,0.094292,0.136761,0.160949,0.159271,0.135601,0.100880,0.066298,0.038792,0.020325,0.009576,0.004071,0.001565,0.000546,0.000173,0.000050,0.000013,0.000003,0.000001,0.000000,0.000000,0.000000,0.000000,0.000000,0.000000,0.000000,0.000000,0.000000,0.000000,0.000000","6:0.001477,7:0.001521,8:0.006266,9:0.024199,10:0.013290,11:0.017107,12:0.075751,13:0.052609,14:0.039231,15:0.205840,16:0.061411,17:0.055080,18:0.258390,19:0.030286,20:0.033415,21:0.091760,22:0.004725,23:0.004865,24:0.020040,27:0.002736",,,,,,,,,,
2026-09-12,Andrew Alvarez,674841,WSH,LAA,17,20.94327758092056,5.551529250941275,0.2220233900708904,26,8,7.0,0.4824898178565817,0.3287330527164579,-2.4484707490587247,-5.056722419079438,19.0,6.0,21.0,14.8539666219913,6.089310958929259,0.6084643091273207,0.3852019229103928,0.326920857418353,0.2811842909814474,0.093452030383516,-6.146033378008701,"0.005056,0.024950,0.063396,0.110676,0.149041,0.164392,0.153757,0.124583,0.088680,0.055991,0.031573,0.015979,0.007283,0.002997,0.001115,0.000376,0.000115,0.000032,0.000008,0.000002,0.000000,0.000000,0.000000,0.000000,0.000000,0.000000,0.000000,0.000000,0.000000,0.000000,0.000000,0.000000","6:0.005331,7:0.004804,8:0.017312,9:0.058495,10:0.028109,11:0.031659,12:0.122659,13:0.074535,14:0.048631,15:0.223262,16:0.058281,17:0.045737,18:0.187732,19:0.019253,20:0.018586,21:0.044658,22:0.002012,23:0.001813,24:0.006533,27:0.000597",,,,,,,,,,
2026-09-12,Gerrit Cole,543037,NYY,NYM,19,23.56409803822684,5.425529721067287,0.2403869283818825,22,4,4.333333333333333,0.4610659315969823,0.3049783451833111,1.4255297210672868,1.5640980382268417,102.0,6.0,13.0,17.229159312118615,6.334938726108224,0.8435991765271144,0.6658189893774913,0.6082572302428744,0.5522287411825811,0.2669804569598321,4.229159312118615,"0.004807,0.024802,0.065211,0.116111,0.156930,0.171073,0.156088,0.122152,0.083405,0.050301,0.027038,0.013038,0.005667,0.002227,0.000793,0.000256,0.000075,0.000020,0.000005,0.000001,0.000000,0.000000,0.000000,0.000000,0.000000,0.000000,0.000000,0.000000,0.000000,0.000000,0.000000,0.000000","6:0.000611,7:0.000683,8:0.003052,9:0.012792,10:0.007625,11:0.010651,12:0.051186,13:0.038579,14:0.031221,15:0.177780,16:0.057562,17:0.056028,18:0.285248,19:0.036284,20:0.043446,21:0.129478,22:0.007235,23:0.008086,24:0.036145,27:0.006306",,,,,,,,,,
2026-09-12,Connor Prielipp,687570,MIN,CLE,19,22.593633903205745,5.349207723284996,0.238223545077152,21,1,5.333333333333333,0.4483687233277884,0.2939161333181954,4.349207723284996,1.5936339032057454,19.0,17.0,16.0,15.66797787751946,6.925656025686282,0.6996457497651811,0.4805568467477852,0.4191066483277154,0.3672922627713844,0.1387762213150638,-0.3320221224805397,"0.005374,0.026841,0.068749,0.119905,0.159394,0.171369,0.154453,0.119487,0.080654,0.048060,0.025490,0.012102,0.005162,0.001982,0.000686,0.000214,0.000060,0.000015,0.000003,0.000001,0.000000,0.000000,0.000000,0.000000,0.000000,0.000000,0.000000,0.000000,0.000000,0.000000,0.000000,0.000000","6:0.002741,7:0.002654,8:0.010276,9:0.037306,10:0.019262,11:0.023310,12:0.097035,13:0.063356,14:0.044415,15:0.219089,16:0.061450,17:0.051814,18:0.228516,19:0.025181,20:0.026119,21:0.067429,22:0.003264,23:0.003160,24:0.012236,27:0.001388",,,,,,,,,,
2026-09-12,Andrew Sears,808825,DET,COL,1,22.53844272034668,5.3055063577956725,0.2197509547709281,22,5,4.333333333333333,0.4408931665046683,0.2872299831341167,0.3055063577956725,0.53844272034668,1.0,8.0,13.0,16.198434332844062,6.340008387502618,0.7539929658990149,0.5444941760809286,0.4828495604669339,0.4283198824446702,0.1760240975797462,3.1984343328440623,"0.005613,0.027819,0.070655,0.122170,0.161056,0.171795,0.153663,0.117963,0.078974,0.046637,0.024497,0.011517,0.004868,0.001857,0.000641,0.000200,0.000057,0.000015,0.000003,0.000001,0.000000,0.000000,0.000000,0.000000,0.000000,0.000000,0.000000,0.000000,0.000000,0.000000,0.000000,0.000000","6:0.001703,7:0.001729,8:0.007026,9:0.026759,10:0.014495,11:0.018402,12:0.080364,13:0.055046,14:0.040484,15:0.209499,16:0.061645,17:0.054530,18:0.252296,19:0.029165,20:0.031737,21:0.085955,22:0.004365,23:0.004433,24:0.018010,27:0.002358",,,,,,,,,,
2026-09-12,Ian Seymour,693855,TB,HOU,14,21.4154611500522,5.234504760669124,0.2697101112889236,23,10,6.0,0.4288168757602096,0.2789873953704104,-4.765495239330876,-1.5845388499478013,17.0,6.0,18.0,15.15139442231076,6.26406672774144,0.6426527834633992,0.4194071709289161,0.3595937277467383,0.3114168302660413,0.1084532427063582,-2.84860557768924,"0.006646,0.031224,0.075739,0.126222,0.161891,0.169462,0.149829,0.114360,0.076474,0.045276,0.023914,0.011331,0.004835,0.001864,0.000650,0.000205,0.000059,0.000015,0.000004,0.000001,0.000000,0.000000,0.000000,0.000000,0.000000,0.000000,0.000000,0.000000,0.000000,0.000000,0.000000,0.000000","6:0.004218,7:0.003900,8:0.014428,9:0.050034,10:0.024677,11:0.028526,12:0.113437,13:0.070749,14:0.047378,15:0.223246,16:0.059813,17:0.048177,18:0.202964,19:0.021364,20:0.021168,21:0.052202,22:0.002414,23:0.002232,24:0.008257,27:0.000816",,,,,,,,,,
2026-09-12,Zac Thornton,804267,NYM,NYY,12,22.303540329699167,5.224123778439193,0.2069477962330046,26,4,7.0,0.4265583784655235,0.2752797638202432,1.2241237784391927,-3.696459670300833,12.0,7.0,21.0,16.42701052079109,5.876529808908078,0.7758259396357409,0.5720078610581016,0.5107657784886663,0.4554458828114464,0.1940781136035107,-4.572989479208911,"0.006248,0.030146,0.074777,0.126628,0.163839,0.171804,0.151279,0.114485,0.075682,0.044218,0.023031,0.010760,0.004530,0.001724,0.000594,0.000185,0.000052,0.000013,0.000003,0.000001,0.000000,0.000000,0.000000,0.000000,0.000000,0.000000,0.000000,0.000000,0.000000,0.000000,0.000000,0.000000","6:0.001372,7:0.001423,8:0.005904,9:0.022960,10:0.012700,11:0.016464,12:0.073424,13:0.051357,14:0.038570,15:0.203818,16:0.061242,17:0.055320,18:0.261368,19:0.030853,20:0.034284,21:0.094819,22:0.004917,23:0.005099,24:0.021155,27:0.002950",,,,,,,,,,
2026-09-12,Michael King,650633,SD,SF,32,23.010057861198256,5.217153547365934,0.2113164920651803,25,4,7.0,0.4252653270090895,0.2727083545264025,1.2171535473659336,-1.9899421388017444,83.0,6.0,21.0,16.65752249856161,6.352535362636644,0.7967617011540309,0.5995264398150085,0.5389873555035063,0.4831260231694136,0.213522223464782,-4.342477501438388,"0.005893,0.029215,0.073929,0.126834,0.165247,0.173616,0.152557,0.114833,0.075281,0.043491,0.022328,0.010248,0.004223,0.001566,0.000524,0.000158,0.000043,0.000011,0.000002,0.000000,0.000000,0.000000,0.000000,0.000000,0.000000,0.000000,0.000000,0.000000,0.000000,0.000000,0.000000,0.000000","6:0.001096,7:0.001161,8:0.004922,9:0.019555,10:0.011049,11:0.014632,12:0.066658,13:0.047627,14:0.036538,15:0.197235,16:0.060539,17:0.055861,18:0.269604,19:0.032510,20:0.036903,21:0.104256,22:0.005523,23:0.005851,24:0.024794,27:0.003685",,,,,,,,,,
2026-09-12,Walbert Ureña,700712,LAA,WSH,24,22.385683745852827,5.144598419625694,0.226165197779496,28,7,6.0,0.4130614698795534,0.2623109633521257,-1.8554015803743056,-5.614316254147173,24.0,6.0,18.0,16.17878312533837,6.206900620514457,0.7520684510446326,0.5421229348687476,0.4804574795699928,0.4260070343485054,0.1745289144013908,-1.82121687466163,"0.006459,0.031290,0.077522,0.130569,0.167474,0.173625,0.150751,0.112156,0.072619,0.041372,0.020905,0.009426,0.003810,0.001386,0.000455,0.000135,0.000037,0.000009,0.000002,0.000000,0.000000,0.000000,0.000000,0.000000,0.000000,0.000000,0.000000,0.000000,0.000000,0.000000,0.000000,0.000000","6:0.001734,7:0.001758,8:0.007130,9:0.027106,10:0.014656,11:0.018573,12:0.080969,13:0.055361,14:0.040643,15:0.209946,16:0.061665,17:0.054450,18:0.251478,19:0.029019,20:0.031521,21:0.085217,22:0.004320,23:0.004379,24:0.017759,27:0.002313",,,,,,,,,,
2026-09-12,Tanner Gordon,685299,COL,DET,13,22.79486573480091,5.023387205635792,0.1970657128694587,22,5,4.0,0.3911991346862841,0.2439846315712805,0.0233872056357924,0.7948657348009114,32.0,6.0,12.0,15.55542800549216,7.239437729308753,0.687531214489952,0.4670916309483817,0.4058806688963708,0.3547839535786032,0.131685768326673,3.5554280054921605,"0.007270,0.034440,0.083485,0.137468,0.172138,0.174000,0.147215,0.106777,0.067510,0.037654,0.018687,0.008303,0.003317,0.001195,0.000389,0.000114,0.000030,0.000007,0.000002,0.000000,0.000000,0.000000,0.000000,0.000000,0.000000,0.000000,0.000000,0.000000,0.000000,0.000000,0.000000,0.000000","6:0.003019,7:0.002893,8:0.011093,9:0.039868,10:0.020379,11:0.024415,12:0.100621,13:0.065040,14:0.045140,15:0.220440,16:0.061211,17:0.051097,18:0.223098,19:0.024338,20:0.024992,21:0.063876,22:0.003061,23:0.002934,24:0.011247,27:0.001238",,,,,,,,,,
2026-09-12,Spencer Miles,693686,TOR,BAL,4,19.479209598388056,4.92605348748244,0.2069809256447878,9,5,2.0,0.3769258268945987,0.2384560684652191,-0.0739465125175602,10.479209598388056,4.0,57.0,6.0,13.48633053990933,5.992879058478726,0.4452392795422912,0.2428183150060327,0.1958688788396537,0.1631325913297066,0.043742647326616,7.48633053990933,"0.009995,0.042665,0.093857,0.142635,0.168725,0.165197,0.138470,0.101287,0.065411,0.037593,0.019345,0.008957,0.003746,0.001419,0.000488,0.000152,0.000043,0.000011,0.000003,0.000001,0.000000,0.000000,0.000000,0.000000,0.000000,0.000000,0.000000,0.000000,0.000000,0.000000,0.000000,0.000000","6:0.014006,7:0.011212,8:0.035905,9:0.107791,10:0.046023,11:0.046056,12:0.158544,13:0.085600,14:0.049624,15:0.202421,16:0.046949,17:0.032736,18:0.119390,19:0.010879,20:0.009331,21:0.019921,22:0.000797,23:0.000638,24:0.002044,27:0.000131",,,,,,,,,,
2026-09-12,Clay Holmes,605280,CHC,PIT,17,22.64834670534452,4.88726566296998,0.1965283186359487,27,6,5.666666666666667,0.3675289419535898,0.2235137670566293,-1.1127343370300196,-4.351653294655481,46.0,6.0,17.0,16.743367543650287,5.904979161694236,0.8042669814229981,0.6096859985818351,0.549483847330762,0.4934890364073986,0.2210791711136193,-0.2566324563497133,"0.008130,0.037845,0.089884,0.144768,0.177120,0.174724,0.144015,0.101494,0.062128,0.033405,0.015909,0.006754,0.002570,0.000880,0.000272,0.000077,0.000020,0.000005,0.000001,0.000000,0.000000,0.000000,0.000000,0.000000,0.000000,0.000000,0.000000,0.000000,0.000000,0.000000,0.000000,0.000000","6:0.001007,7:0.001075,8:0.004592,9:0.018391,10:0.010475,11:0.013982,12:0.064207,13:0.046243,14:0.035760,15:0.194581,16:0.060202,17:0.055995,18:0.272410,19:0.033112,20:0.037886,21:0.107889,22:0.005761,23:0.006152,24:0.026279,27:0.004001",,,,,,,,,,
2026-09-12,Cesar Perdomo,702885,SF,SD,1,22.012126930873,4.885030013407005,0.2221926320461607,26,3,4.666666666666667,0.3677575754667496,0.2255050069106238,1.8850300134070048,-3.9878730691270015,1.0,6.0,14.0,16.373872929335292,5.638254001537707,0.7708430811168459,0.5656264516664077,0.5042645005892022,0.4491063210658135,0.1897720188092613,2.373872929335292,"0.008757,0.039439,0.091420,0.144818,0.175439,0.172370,0.142253,0.100881,0.062445,0.034117,0.016585,0.007217,0.002823,0.000996,0.000318,0.000092,0.000024,0.000006,0.000001,0.000000,0.000000,0.000000,0.000000,0.000000,0.000000,0.000000,0.000000,0.000000,0.000000,0.000000,0.000000,0.000000","6:0.001444,7:0.001490,8:0.006151,9:0.023805,10:0.013103,11:0.016904,12:0.075019,13:0.052217,14:0.039025,15:0.205217,16:0.061362,17:0.055158,18:0.259334,19:0.030464,20:0.033687,21:0.092713,22:0.004784,23:0.004938,24:0.020384,27:0.002801",,,,,,,,,,
2026-09-12,Randy Dobnak,677976,KC,BOS,10,22.61694717727729,4.673328016926195,0.1991446764202586,21,4,5.666666666666667,0.3298418890576051,0.1934270859256465,0.6733280169261953,1.6169471772772894,10.0,6.0,17.0,16.076943924980352,6.540003252296934,0.7419793546003804,0.5298280831777737,0.4680895030302207,0.4140773125955893,0.1669241227767429,-0.923056075019648,"0.010038,0.044722,0.101712,0.156849,0.183630,0.173208,0.136415,0.091820,0.053677,0.027570,0.012551,0.005098,0.001857,0.000610,0.000181,0.000049,0.000012,0.000003,0.000001,0.000000,0.000000,0.000000,0.000000,0.000000,0.000000,0.000000,0.000000,0.000000,0.000000,0.000000,0.000000,0.000000","6:0.001905,7:0.001913,8:0.007688,9:0.028957,10:0.015513,11:0.019477,12:0.084126,13:0.056989,14:0.041452,15:0.212151,16:0.061739,17:0.054012,18:0.247153,19:0.028257,20:0.030410,21:0.081455,22:0.004091,23:0.004109,24:0.016510,27:0.002092",,,,,,,,,,
2026-09-12,Kyle Bradish,680694,BAL,TOR,31,22.92630598055955,4.654816576897291,0.230521298704531,17,2,3.0,0.3263360916130712,0.190700812613315,2.654816576897291,5.926305980559551,93.0,6.0,9.0,16.143727610566135,6.782578369993416,0.7486172680266037,0.5378916895797862,0.4761944680216993,0.4218896812389884,0.1718839895673882,7.143727610566135,"0.010133,0.045198,0.102750,0.158094,0.184390,0.173099,0.135635,0.090853,0.052887,0.027070,0.012286,0.004975,0.001806,0.000589,0.000173,0.000046,0.000011,0.000002,0.000000,0.000000,0.000000,0.000000,0.000000,0.000000,0.000000,0.000000,0.000000,0.000000,0.000000,0.000000,0.000000,0.000000","6:0.001791,7:0.001810,8:0.007318,9:0.027733,10:0.014948,11:0.018882,12:0.082052,13:0.055923,14:0.040924,15:0.210726,16:0.061697,17:0.054305,18:0.250006,19:0.028757,20:0.031137,21:0.083910,22:0.004240,23:0.004285,24:0.017320,27:0.002234",,,,,,,,,,
2026-09-12,Daniel Espino,682982,CLE,MIN,0,22.4402390438247,4.605964379108905,0.2239680426098535,7,2,2.0,0.3186243664047554,0.1855247749933538,2.6059643791089053,15.4402390438247,0.0,,6.0,16.02788844621514,6.41235059760956,0.7370517928286852,0.5239043824701195,0.4621513944223108,0.4083665338645419,0.1633466135458167,10.02788844621514,"0.011036,0.047852,0.106274,0.160485,0.184467,0.171261,0.133100,0.088635,0.051391,0.026240,0.011895,0.004816,0.001749,0.000572,0.000169,0.000045,0.000011,0.000002,0.000000,0.000000,0.000000,0.000000,0.000000,0.000000,0.000000,0.000000,0.000000,0.000000,0.000000,0.000000,0.000000,0.000000","6:0.001992,7:0.001992,8:0.007968,9:0.029880,10:0.015936,11:0.019920,12:0.085657,13:0.057769,14:0.041833,15:0.213147,16:0.061753,17:0.053785,18:0.245020,19:0.027888,20:0.029880,21:0.079681,22:0.003984,23:0.003984,24:0.015936,27:0.001992",,,,,,,,,,
2026-09-12,Ranger Suarez,624133,BOS,KC,28,21.910370749418227,4.406405959881543,0.2195029159726636,26,8,7.0,0.2847898430869766,0.1600095764588774,-3.5935940401184574,-4.089629250581773,128.0,8.0,21.0,15.5452928347771,6.3650779146411285,0.6864313414667257,0.4658822108875022,0.4046960893758642,0.3536661968364608,0.1310608151102462,-5.454707165222899,"0.013558,0.055960,0.118552,0.171158,0.188389,0.167592,0.124780,0.079550,0.044124,0.021546,0.009346,0.003626,0.001266,0.000399,0.000114,0.000030,0.000007,0.000001,0.000000,0.000000,0.000000,0.000000,0.000000,0.000000,0.000000,0.000000,0.000000,0.000000,0.000000,0.000000,0.000000,0.000000","6:0.003045,7:0.002916,8:0.011168,9:0.040105,10:0.020482,11:0.024516,12:0.100944,13:0.065190,14:0.045203,15:0.220549,16:0.061186,17:0.051030,18:0.222605,19:0.024262,20:0.024892,21:0.063562,22:0.003043,23:0.002914,24:0.011162,27:0.001225",,,,,,,,,,
2026-09-12,Brady Singer,663903,CIN,MIL,32,23.119049686811337,4.393544633434811,0.1953595273438705,25,5,4.0,0.2808010613952553,0.155813906939452,-0.6064553665651893,-1.880950313188663,145.0,6.0,12.0,15.70384402444717,7.415205662364167,0.7034668046158292,0.4848597982145796,0.4233476084646927,0.371314178809897,0.1410942083065444,3.7038440244471698,"0.012842,0.054703,0.118398,0.172946,0.190987,0.169322,0.124987,0.078680,0.042948,0.020574,0.008727,0.003301,0.001119,0.000341,0.000094,0.000023,0.000005,0.000001,0.000000,0.000000,0.000000,0.000000,0.000000,0.000000,0.000000,0.000000,0.000000,0.000000,0.000000,0.000000,0.000000,0.000000","6:0.002657,7:0.002581,8:0.010025,9:0.036514,10:0.018914,11:0.022962,12:0.095894,13:0.062812,14:0.044175,15:0.218607,16:0.061512,17:0.052033,18:0.230220,19:0.025450,20:0.026483,21:0.068589,22:0.003331,23:0.003235,24:0.012567,27:0.001439",,,,,,,,,,
2026-09-12,Peter Lambert,663567,HOU,TB,25,23.58481897326519,4.39104609424149,0.2283929120147495,22,4,6.0,0.2794944574483231,0.1542085797672469,0.3910460942414904,1.5848189732651896,40.0,6.0,18.0,16.644143962869062,6.940675010396127,0.7955775522023814,0.597938198832274,0.5373502460214614,0.4815130904136329,0.2123598751731655,-1.3558560371309376,"0.012484,0.053964,0.118034,0.173542,0.192184,0.170298,0.125286,0.078418,0.042482,0.020169,0.008472,0.003170,0.001063,0.000320,0.000087,0.000021,0.000005,0.000001,0.000000,0.000000,0.000000,0.000000,0.000000,0.000000,0.000000,0.000000,0.000000,0.000000,0.000000,0.000000,0.000000,0.000000","6:0.001111,7:0.001175,8:0.004975,9:0.019741,10:0.011141,11:0.014735,12:0.067043,13:0.047843,14:0.036658,15:0.197639,16:0.060588,17:0.055837,18:0.269153,19:0.032416,20:0.036750,21:0.103695,22:0.005486,23:0.005805,24:0.024569,27:0.003638",,,,,,,,,,
2026-09-12,Tyler Phillips,663969,MIA,LAD,16,20.698991473718653,3.721507847772692,0.200684137264334,16,3,3.6666666666666665,0.1784702933039458,0.0878917805735163,0.721507847772692,4.698991473718653,24.0,6.0,11.0,14.895221048174454,5.803770425544199,0.6132548704717506,0.3898917358664579,0.3313742238092482,0.2852865949353949,0.095431544856264,3.895221048174454,"0.027458,0.094034,0.166500,0.202337,0.188560,0.142640,0.090579,0.049351,0.023425,0.009793,0.003635,0.001205,0.000358,0.000095,0.000023,0.000005,0.000001,0.000000,0.000000,0.000000,0.000000,0.000000,0.000000,0.000000,0.000000,0.000000,0.000000,0.000000,0.000000,0.000000,0.000000,0.000000","6:0.005164,7:0.004669,8:0.016889,9:0.057272,10:0.027621,11:0.031221,12:0.121397,13:0.074034,14:0.048479,15:0.223363,16:0.058518,17:0.046088,18:0.189855,19:0.019541,20:0.018932,21:0.045653,22:0.002064,23:0.001867,24:0.006751,27:0.000624",,,,,,,,,,
2026-09-12,Bryan Woo,693433,SEA,ATH,29,23.06909544147328,6.0171990183508335,0.2538704391795582,24,5,6.0,0.5607039095685182,0.4004210216364391,1.0171990183508337,-0.9309045585267236,97.0,6.0,18.0,17.128940041051322,5.940155400421951,0.8385496219190113,0.6554310166859616,0.5973538986752592,0.5409442052232057,0.2569300021996267,-0.8710599589486776,"0.002723,0.015427,0.044603,0.087559,0.130849,0.158135,0.160283,0.139523,0.106012,0.071125,0.042486,0.022734,0.010946,0.004757,0.001871,0.000667,0.000216,0.000063,0.000017,0.000004,0.000001,0.000000,0.000000,0.000000,0.000000,0.000000,0.000000,0.000000,0.000000,0.000000,0.000000,0.000000","6:0.000639,7:0.000709,8:0.003936,9:0.013109,10:0.007761,11:0.010768,12:0.053790,13:0.039807,14:0.030931,15:0.183119,16:0.058077,17:0.056410,18:0.284014,19:0.039719,20:0.041334,21:0.122354,22:0.006791,23:0.007538,24:0.033471,27:0.005723",,,,,,,,,,
2026-09-12,Gage Jump,695611,ATH,SEA,19,22.380950058128665,5.494189100364769,0.2401015480348928,12,2,2.0,0.4735887176578376,0.3173339440190185,3.4941891003647694,10.380950058128663,19.0,6.0,6.0,15.368999130102518,7.011950928026147,0.6697904068007952,0.4452099294217424,0.3846442746801731,0.334622749468717,0.1204692973621742,9.368999130102518,"0.004773,0.024256,0.063253,0.112521,0.152962,0.168646,0.156255,0.124471,0.086575,0.053147,0.029019,0.014172,0.006217,0.002458,0.000878,0.000284,0.000084,0.000022,0.000005,0.000001,0.000000,0.000000,0.000000,0.000000,0.000000,0.000000,0.000000,0.000000,0.000000,0.000000,0.000000,0.000000","6:0.003372,7:0.003183,8:0.015020,9:0.042531,10:0.021411,11:0.025262,12:0.107300,13:0.067520,14:0.044612,15:0.224580,16:0.060566,17:0.050022,18:0.214153,19:0.025466,20:0.022535,21:0.056722,22:0.002677,23:0.002527,24:0.009540,27:0.001003",,,,,,,,,,
2026-09-12,Sean Newcomb,656794,CWS,STL,0,22.43159922928709,5.090140209074342,0.2242741796942106,6,4,1.3333333333333333,0.4030680851279222,0.2543251786344832,1.0901402090743415,16.43159922928709,8.0,507.0,4.0,16.009633911368017,6.421965317919074,0.7379576107899807,0.5221579961464354,0.4605009633911368,0.4065510597302504,0.1618497109826589,12.009633911368017,"0.006907,0.032928,0.080459,0.133782,0.169428,0.173428,0.148743,0.109462,0.070271,0.039818,0.020079,0.009063,0.003674,0.001341,0.000441,0.000131,0.000035,0.000008,0.000002,0.000000,0.000000,0.000000,0.000000,0.000000,0.000000,0.000000,0.000000,0.000000,0.000000,0.000000,0.000000,0.000000","6:0.001927,7:0.001927,8:0.009634,9:0.028902,10:0.015414,11:0.019268,12:0.086705,13:0.057803,14:0.040462,15:0.215800,16:0.061657,17:0.053950,18:0.244701,19:0.030829,20:0.028902,21:0.077071,22:0.003854,23:0.003854,24:0.015414,27:0.001927",,,,,,,,,,
2026-09-12,Tim Mayza,641835,PHI,ATL,0,22.43159922928709,5.0685537366166,0.2242741796942106,9,4,3.0,0.3994430982301307,0.250638773711164,1.0685537366166002,13.431599229287093,0.0,,9.0,16.009633911368017,6.421965317919074,0.7379576107899807,0.5221579961464354,0.4605009633911368,0.4065510597302504,0.1618497109826589,7.009633911368017,"0.006943,0.033175,0.081105,0.134777,0.170457,0.174099,0.148804,0.108932,0.069408,0.038944,0.019411,0.008651,0.003465,0.001253,0.000410,0.000122,0.000033,0.000008,0.000002,0.000000,0.000000,0.000000,0.000000,0.000000,0.000000,0.000000,0.000000,0.000000,0.000000,0.000000,0.000000,0.000000","6:0.001927,7:0.001927,8:0.009634,9:0.028902,10:0.015414,11:0.019268,12:0.086705,13:0.057803,14:0.040462,15:0.215800,16:0.061657,17:0.053950,18:0.244701,19:0.030829,20:0.028902,21:0.077071,22:0.003854,23:0.003854,24:0.015414,27:0.001927",,,,,,,,,,
2026-09-12,Kyle Leahy,681517,STL,CWS,27,20.959890106550453,5.056444883896509,0.2225816377299785,11,4,3.0,0.3983827752743947,0.2526299859214412,1.0564448838965088,9.959890106550452,27.0,6.0,9.0,14.865781684019865,6.09410842253059,0.612514918294569,0.3867542236508277,0.3285128402166618,0.2824987192870203,0.0940521596377923,5.865781684019865,"0.007914,0.035905,0.084091,0.135424,0.168023,0.170261,0.145753,0.107678,0.069645,0.039842,0.020309,0.009274,0.003808,0.001410,0.000471,0.000142,0.000039,0.000010,0.000002,0.000000,0.000000,0.000000,0.000000,0.000000,0.000000,0.000000,0.000000,0.000000,0.000000,0.000000,0.000000,0.000000","6:0.005053,7:0.004563,8:0.020599,9:0.055797,10:0.026870,11:0.030327,12:0.123222,13:0.074174,14:0.046881,15:0.225761,16:0.058241,17:0.046014,18:0.188447,19:0.021437,20:0.018146,21:0.043692,22:0.001973,23:0.001781,24:0.006433,27:0.000592",,,,,,,,,,
2026-09-12,Tyler Mahle,641816,ATL,PHI,26,22.424381640965777,4.707742752348558,0.2281735233175902,25,3,7.0,0.3354313100416654,0.19673169850899,1.7077427523485582,-2.575618359034223,70.0,6.0,21.0,16.196914637896732,6.227467003069044,0.7565958091893242,0.5448459322066229,0.4832982556943616,0.4285114152119218,0.1757105910359845,-4.803085362103268,"0.009367,0.042689,0.098918,0.154928,0.183698,0.174969,0.138700,0.093636,0.054702,0.027983,0.012650,0.005092,0.001836,0.000596,0.000175,0.000047,0.000011,0.000002,0.000000,0.000000,0.000000,0.000000,0.000000,0.000000,0.000000,0.000000,0.000000,0.000000,0.000000,0.000000,0.000000,0.000000","6:0.001620,7:0.001648,8:0.008383,9:0.025583,10:0.013881,11:0.017651,12:0.080807,13:0.054804,14:0.039027,15:0.211750,16:0.061548,17:0.054787,18:0.252801,19:0.032400,20:0.030901,21:0.083831,22:0.004264,23:0.004338,24:0.017652,27:0.002323",,,,,,,,,,
2026-09-12,Brandon Pfaadt,694297,AZ,TEX,20,23.62058770759714,4.495954700335396,0.180039210059825,31,7,6.666666666666667,0.2983665753833491,0.1691897896456291,-2.504045299664604,-7.379412292402861,98.0,7.0,20.0,17.580780541839257,6.039807165757882,0.8710617606792571,0.7056111774045914,0.6508275749659537,0.5952743892348688,0.3032595057013537,-2.419219458160743,"0.011658,0.050755,0.112195,0.167327,0.188706,0.170992,0.129177,0.083368,0.046748,0.023055,0.010089,0.003943,0.001383,0.000437,0.000125,0.000032,0.000008,0.000002,0.000000,0.000000,0.000000,0.000000,0.000000,0.000000,0.000000,0.000000,0.000000,0.000000,0.000000,0.000000,0.000000,0.000000","6:0.000392,7:0.000454,8:0.002631,9:0.009146,10:0.005653,11:0.008189,12:0.042708,13:0.032997,14:0.026768,15:0.165451,16:0.054784,17:0.055553,18:0.292015,19:0.042636,20:0.046323,21:0.143157,22:0.008295,23:0.009614,24:0.044565,27:0.008671",,,,,,,,,,
2026-09-12,Kumar Rocker,677958,TEX,AZ,24,21.896463985283948,4.424449366848645,0.2122490878700551,16,5,4.0,0.2877091442591906,0.1621538896950406,-0.5755506331513551,5.896463985283948,41.0,13.0,12.0,14.85175189489302,7.044712090390927,0.6108830200346604,0.3851614315950206,0.3270015188854647,0.281108091605608,0.0933862207381939,2.8517518948930203,"0.013325,0.055165,0.117355,0.170211,0.188176,0.168058,0.125555,0.080306,0.044706,0.021931,0.009570,0.003742,0.001317,0.000419,0.000121,0.000032,0.000007,0.000002,0.000000,0.000000,0.000000,0.000000,0.000000,0.000000,0.000000,0.000000,0.000000,0.000000,0.000000,0.000000,0.000000,0.000000","6:0.005108,7:0.004607,8:0.020773,9:0.056200,10:0.027030,11:0.030471,12:0.123655,13:0.074343,14:0.046931,15:0.225722,16:0.058160,17:0.045893,18:0.187722,19:0.021328,20:0.018032,21:0.043364,22:0.001955,23:0.001763,24:0.006361,27:0.000583",,,,,,,,,,
2026-09-13,Jackson Jobe,695549,DET,COL,6,21.615101987257063,5.449898238424825,0.2241453374726917,23,8,6.333333333333333,0.4662299881817784,0.3109910262633418,-2.550101761575175,-1.3848980127429371,16.0,7.0,19.0,15.070640208785925,6.54446177847114,0.6415630783762268,0.4343368504814013,0.3617817101216758,0.2997617184543252,0.1074955546367498,-3.9293597912140754,"0.005151,0.025564,0.065411,0.114696,0.154258,0.168689,0.155239,0.122897,0.084956,0.051828,0.028123,0.013655,0.005962,0.002350,0.000839,0.000272,0.000080,0.000022,0.000005,0.000001,0.000000,0.000000,0.000000,0.000000,0.000000,0.000000,0.000000,0.000000,0.000000,0.000000,0.000000,0.000000","4:0.004578,5:0.008349,6:0.015225,7:0.003471,8:0.018986,9:0.037508,10:0.010523,11:0.038378,12:0.107165,13:0.037888,14:0.076365,15:0.207226,16:0.072555,17:0.062020,18:0.192266,19:0.022916,20:0.013581,21:0.054295,22:0.002606,23:0.000792,24:0.011553,25:0.000658,27:0.001095",,,,,,,,,,
2026-09-13,Gabriel Hughes,687312,COL,DET,11,21.992458042270737,5.03328930241714,0.214835381497463,13,2,2.0,0.3932875841412104,0.2465072603492955,3.03328930241714,8.992458042270737,11.0,5.0,6.0,15.239226129554735,6.753231912716,0.6588387378018873,0.4520253220630542,0.3786782664961819,0.3151705184578902,0.1157460778383602,9.239226129554735,"0.007513,0.034923,0.083626,0.136799,0.170921,0.172930,0.146780,0.106991,0.068083,0.038275,0.019177,0.008618,0.003490,0.001277,0.000423,0.000127,0.000034,0.000008,0.000002,0.000000,0.000000,0.000000,0.000000,0.000000,0.000000,0.000000,0.000000,0.000000,0.000000,0.000000,0.000000,0.000000","4:0.003967,5:0.007328,6:0.013535,7:0.003125,8:0.017319,9:0.034656,10:0.009848,11:0.036383,12:0.102907,13:0.036853,14:0.075239,15:0.206813,16:0.073347,17:0.063508,18:0.199424,19:0.024076,20:0.014454,21:0.058530,22:0.002845,23:0.000876,24:0.012943,25:0.000747,27:0.001275",,,,,,,,,,
2026-09-13,Dylan Cease,656302,TOR,BAL,30,23.70197738860563,8.728028300303855,0.3162669667000365,24,9,5.0,0.8636560479032283,0.7664014907260199,-0.2719716996961452,-0.2980226113943693,156.0,6.0,15.0,17.622105963201065,6.079871425404566,0.8634760996115768,0.7142542418753753,0.6468552720753239,0.5803417109568628,0.2985414921431422,2.622105963201065,"0.000228,0.001779,0.007098,0.019283,0.040084,0.067872,0.097255,0.120929,0.132764,0.130307,0.115396,0.092841,0.068212,0.045937,0.028425,0.016178,0.008467,0.004067,0.001788,0.000715,0.000259,0.000084,0.000024,0.000006,0.000001,0.000000,0.000000,0.000000,0.000000,0.000000,0.000000,0.000000","4:0.000336,5:0.000756,6:0.001701,7:0.000478,8:0.003227,9:0.007257,10:0.002720,11:0.012236,12:0.044722,13:0.017409,14:0.045681,15:0.149222,16:0.067399,17:0.066514,18:0.281800,19:0.039124,20:0.028598,21:0.145959,22:0.008346,23:0.006257,24:0.056293,25:0.003957,27:0.010007",,,,,,,,,,
2026-09-13,Cam Schlittler,693645,NYY,NYM,33,23.22171393593144,6.898992671586123,0.2939292343790337,21,8,6.0,0.6855633124171242,0.5372238980576276,-1.1010073284138766,2.22171393593144,44.0,5.0,18.0,17.59912670883493,5.62258722709651,0.8619797959348903,0.7119623439422724,0.6443419021012655,0.5777455639627768,0.296168757696818,-0.4008732911650696,"0.001252,0.007898,0.025524,0.056202,0.094527,0.129034,0.148339,0.147199,0.128303,0.099515,0.069362,0.043767,0.025133,0.013177,0.006316,0.002766,0.001104,0.000400,0.000131,0.000038,0.000010,0.000002,0.000000,0.000000,0.000000,0.000000,0.000000,0.000000,0.000000,0.000000,0.000000,0.000000","4:0.000346,5:0.000776,6:0.001742,7:0.000489,8:0.003290,9:0.007385,10:0.002763,11:0.012402,12:0.045236,13:0.017573,14:0.046018,15:0.150017,16:0.067620,17:0.066596,18:0.281577,19:0.039013,20:0.028459,21:0.144955,22:0.008272,23:0.006189,24:0.055565,25:0.003897,27:0.009818",,,,,,,,,,
2026-09-13,Chase Burns,695505,CIN,MIL,27,22.34885222033488,6.767409845563979,0.275251044404032,13,5,3.0,0.66869221217738,0.5185721623449304,1.7674098455639786,9.34885222033488,33.0,6.0,9.0,16.450696432904635,5.8981557874302375,0.7728868877702858,0.588985013894262,0.5140084359701029,0.4472200111871018,0.191802322691367,7.4506964329046355,"0.001496,0.009065,0.028283,0.060455,0.099229,0.132780,0.150120,0.146759,0.126050,0.096211,0.065812,0.040600,0.022695,0.011534,0.005342,0.002257,0.000870,0.000306,0.000098,0.000028,0.000007,0.000002,0.000000,0.000000,0.000000,0.000000,0.000000,0.000000,0.000000,0.000000,0.000000,0.000000","4:0.001278,5:0.002596,6:0.005269,7:0.001337,8:0.008144,9:0.016534,10:0.005595,11:0.022716,12:0.074941,13:0.026333,14:0.062370,15:0.183902,16:0.074977,17:0.066788,18:0.255418,19:0.032009,20:0.021120,21:0.097297,22:0.005022,23:0.003398,24:0.027598,25:0.001751,27:0.003608",,,,,,,,,,
2026-09-13,Riley Cornelio,683000,WSH,LAA,0,22.65076923076923,6.618331782178672,0.2340555593289411,8,4,2.0,0.6486873575631045,0.4953251776447829,2.618331782178672,14.650769230769232,0.0,,6.0,16.273846153846154,6.376923076923077,0.7569230769230766,0.5692307692307689,0.4938461538461535,0.4276923076923073,0.1784615384615382,10.273846153846154,"0.001661,0.009983,0.030838,0.065109,0.105289,0.138432,0.153362,0.146541,0.122760,0.091262,0.060783,0.036546,0.019959,0.009947,0.004538,0.001897,0.000726,0.000254,0.000081,0.000023,0.000006,0.000001,0.000000,0.000000,0.000000,0.000000,0.000000,0.000000,0.000000,0.000000,0.000000,0.000000","4:0.001538,5:0.003077,6:0.006154,7:0.001538,8:0.009231,9:0.018462,10:0.006154,11:0.024615,12:0.080000,13:0.027692,14:0.064615,15:0.187692,16:0.075385,17:0.066154,18:0.249231,19:0.030769,20:0.020000,21:0.090769,22:0.004615,23:0.003077,24:0.024615,25:0.001538,27:0.003077",,,,,,,,,,
2026-09-13,Christian Scott,681035,NYM,NYY,21,20.91278659084107,6.133746824175281,0.2621349336743543,22,7,6.0,0.5752618776790543,0.4206795759612324,-0.8662531758247187,-1.087213409158931,30.0,7.0,18.0,14.571481592337625,6.341304998503444,0.5865880533099674,0.3874497065532902,0.3173869961656346,0.2635283915965567,0.0857833708879617,-3.428518407662376,"0.003161,0.016570,0.045079,0.084981,0.124548,0.150399,0.154582,0.137945,0.108333,0.075647,0.047364,0.026779,0.013752,0.006443,0.002762,0.001085,0.000390,0.000128,0.000038,0.000010,0.000002,0.000001,0.000000,0.000000,0.000000,0.000000,0.000000,0.000000,0.000000,0.000000,0.000000,0.000000","4:0.007004,5:0.012271,6:0.021498,7:0.004708,8:0.024744,9:0.043351,10:0.012658,11:0.044354,12:0.126273,13:0.038289,14:0.078262,15:0.199138,16:0.070063,17:0.053859,18:0.177745,19:0.019222,20:0.010945,21:0.043513,22:0.001938,23:0.001132,24:0.007932,25:0.000434,27:0.000666",,,,,,,,,,
2026-09-13,Emmet Sheehan,686218,LAD,MIA,22,21.55275713050994,5.932977398188125,0.2663614601282827,21,5,6.0,0.5456199705572234,0.3875468146347716,0.9329773981881252,0.5527571305099386,43.0,6.0,18.0,15.48640737539614,6.066349755113798,0.680733522769963,0.4820913776260548,0.4072613216129979,0.3456703762318797,0.1280338157770729,-2.51359262460386,"0.003330,0.017745,0.048808,0.092188,0.133879,0.158430,0.158073,0.135948,0.102374,0.068306,0.040757,0.021903,0.010655,0.004707,0.001890,0.000689,0.000228,0.000068,0.000018,0.000004,0.000001,0.000000,0.000000,0.000000,0.000000,0.000000,0.000000,0.000000,0.000000,0.000000,0.000000,0.000000","4:0.003295,5:0.006181,6:0.011595,7:0.002719,8:0.015300,9:0.028700,10:0.008973,11:0.033663,12:0.102615,13:0.033316,14:0.072911,15:0.198642,16:0.074830,17:0.061591,18:0.217637,19:0.025201,20:0.015364,21:0.065399,22:0.003119,23:0.001950,24:0.014633,25:0.000858,27:0.001509",,,,,,,,,,
2026-09-13,Robert Gasser,688107,MIL,CIN,20,21.51654313298038,5.57132255802193,0.2229835404922004,20,5,5.0,0.4859679829937116,0.3306037046223111,0.5713225580219303,1.516543132980381,25.0,6.0,15.0,14.878019308626596,6.6385238243537845,0.6183888790869567,0.4180372650549701,0.3459698799405942,0.2893301975143783,0.0982230024661068,-0.1219806913734036,"0.004821,0.023942,0.061626,0.109182,0.148891,0.165570,0.155364,0.125792,0.089254,0.056127,0.031542,0.015938,0.007272,0.003006,0.001127,0.000384,0.000119,0.000033,0.000008,0.000002,0.000000,0.000000,0.000000,0.000000,0.000000,0.000000,0.000000,0.000000,0.000000,0.000000,0.000000,0.000000","4:0.005524,5:0.009894,6:0.017722,7:0.003968,8:0.021321,9:0.038191,10:0.011401,11:0.040843,12:0.118880,13:0.036854,14:0.077015,15:0.200352,16:0.072067,17:0.056640,18:0.191107,19:0.021130,20:0.012301,21:0.049997,22:0.002277,23:0.001359,24:0.009740,25:0.000545,27:0.000875",,,,,,,,,,
2026-09-13,Joe Ryan,657746,MIN,CLE,26,23.044254572788777,5.387942248015412,0.2591232547969862,22,1,4.0,0.4544283298637299,0.2994250374627394,4.387942248015412,1.0442545727887769,131.0,6.0,12.0,16.497950388373845,6.546304184414932,0.7770641726438219,0.5942521083188037,0.5194187670320107,0.4524886557646703,0.1954951548595269,4.4979503883738445,"0.005071,0.025804,0.067059,0.118198,0.158299,0.171140,0.155003,0.120548,0.081899,0.049204,0.026369,0.012679,0.005491,0.002145,0.000757,0.000241,0.000069,0.000018,0.000004,0.000001,0.000000,0.000000,0.000000,0.000000,0.000000,0.000000,0.000000,0.000000,0.000000,0.000000,0.000000,0.000000","4:0.001216,5:0.002478,6:0.005051,7:0.001287,8:0.007871,9:0.016044,10:0.005450,11:0.022220,12:0.073601,13:0.025966,14:0.061750,15:0.182812,16:0.074833,17:0.066930,18:0.256994,19:0.032336,20:0.021422,21:0.099088,22:0.005135,23:0.003489,24:0.028448,25:0.001812,27:0.003765",,,,,,,,,,
2026-09-13,David Sandlin,689818,CWS,STL,5,21.90295003965108,5.2815382031406415,0.2317805894163912,20,5,5.666666666666667,0.4361799292576062,0.2841714644040736,0.2815382031406415,1.9029500396510808,5.0,37.0,17.0,15.514131641554323,6.388818398096751,0.683524734705571,0.4850987549710413,0.4101872690526811,0.3483949611386053,0.1295711366325866,-1.4858683584456769,"0.006017,0.029090,0.072529,0.123737,0.161500,0.170947,0.152008,0.116257,0.077772,0.046082,0.024413,0.011644,0.005024,0.001967,0.000699,0.000225,0.000066,0.000017,0.000004,0.000001,0.000000,0.000000,0.000000,0.000000,0.000000,0.000000,0.000000,0.000000,0.000000,0.000000,0.000000,0.000000","4:0.003214,5:0.006041,6:0.011357,7:0.002669,8:0.015052,9:0.028297,10:0.008866,11:0.033335,12:0.101836,13:0.033135,14:0.072673,15:0.198426,16:0.074911,17:0.061792,18:0.218824,19:0.025394,20:0.015515,21:0.066187,22:0.003163,23:0.001982,24:0.014907,25:0.000876,27:0.001548",,,,,,,,,,
2026-09-13,Matthew Boyd,571510,CHC,PIT,21,23.16959592936247,5.272705108576504,0.2063787413156093,24,3,5.333333333333333,0.4347776901229992,0.2808757113663166,2.2727051085765044,-0.8304040706375311,72.0,6.0,16.0,16.711559413349296,6.458036516013173,0.7954496559076336,0.6179479878310189,0.5439415602347002,0.4765240718797483,0.2128606522953231,0.7115594133492955,"0.005515,0.027782,0.071307,0.123902,0.163303,0.173412,0.153902,0.116946,0.077379,0.045131,0.023416,0.010883,0.004555,0.001723,0.000591,0.000184,0.000052,0.000013,0.000003,0.000001,0.000000,0.000000,0.000000,0.000000,0.000000,0.000000,0.000000,0.000000,0.000000,0.000000,0.000000,0.000000","4:0.000965,5:0.002002,6:0.004157,7:0.001079,8:0.006720,9:0.013952,10:0.004828,11:0.020047,12:0.067632,13:0.024303,14:0.058866,15:0.177502,16:0.074006,17:0.067417,18:0.263663,19:0.033791,20:0.022800,21:0.107419,22:0.005670,23:0.003924,24:0.032587,25:0.002114,27:0.004557",,,,,,,,,,
2026-09-13,Eury Pérez,691587,MIA,LAD,29,22.03141291942479,5.144306829589151,0.2646883632418005,21,5,5.0,0.4126682781643604,0.2630010556668825,0.1443068295891514,1.0314129194247883,63.0,6.0,15.0,15.91949783154531,6.111915087879478,0.7235358329212899,0.5296885763154373,0.4540875002481806,0.3896657646217289,0.1539921033263872,0.9194978315453106,"0.006753,0.032032,0.078287,0.130773,0.166919,0.172567,0.149667,0.111461,0.072460,0.041622,0.021318,0.009803,0.004067,0.001528,0.000520,0.000161,0.000045,0.000011,0.000003,0.000001,0.000000,0.000000,0.000000,0.000000,0.000000,0.000000,0.000000,0.000000,0.000000,0.000000,0.000000,0.000000","4:0.002196,5:0.004264,6:0.008281,7:0.002010,8:0.011712,9:0.022745,10:0.007362,11:0.028595,12:0.090242,13:0.030332,14:0.068725,15:0.193847,16:0.075601,17:0.064422,18:0.235674,19:0.028253,20:0.017832,21:0.078586,22:0.003880,23:0.002512,24:0.019512,25:0.001184,27:0.002233",,,,,,,,,,
2026-09-13,Freddy Peralta,642547,TB,HOU,31,22.841978021978026,5.069969690331259,0.2257704794913819,18,4,5.0,0.3987819473332753,0.2504339713084911,1.0699696903312592,4.841978021978026,138.0,5.0,15.0,15.924007756948932,6.917970265029089,0.7239711679627561,0.5301897753605213,0.4545865183218944,0.3901391682622149,0.1542848634679155,0.9240077569489316,"0.006882,0.033078,0.081197,0.135157,0.170829,0.174075,0.148348,0.108366,0.069064,0.038915,0.019583,0.008869,0.003635,0.001352,0.000457,0.000140,0.000039,0.000010,0.000002,0.000000,0.000000,0.000000,0.000000,0.000000,0.000000,0.000000,0.000000,0.000000,0.000000,0.000000,0.000000,0.000000","4:0.002186,5:0.004247,6:0.008251,7:0.002004,8:0.011678,9:0.022687,10:0.007346,11:0.028543,12:0.090111,13:0.030300,14:0.068677,15:0.193781,16:0.075603,17:0.064447,18:0.235854,19:0.028285,20:0.017859,21:0.078733,22:0.003889,23:0.002518,24:0.019570,25:0.001188,27:0.002242",,,,,,,,,,
2026-09-13,Grayson Rodriguez,680570,LAA,WSH,17,21.95661822048919,5.00284395755903,0.2153449836003795,23,4,5.333333333333333,0.3881333103238452,0.2418094913601275,1.0028439575590298,-1.0433817795108098,60.0,6.0,16.0,14.815072669266218,7.141545551222972,0.6118651107654282,0.4116550473932905,0.3399695794100389,0.2838890024964747,0.0955379705574454,-1.1849273307337818,"0.007652,0.035552,0.084904,0.138353,0.172102,0.173303,0.146324,0.105995,0.066932,0.037270,0.018458,0.008183,0.003263,0.001175,0.000383,0.000113,0.000030,0.000007,0.000002,0.000000,0.000000,0.000000,0.000000,0.000000,0.000000,0.000000,0.000000,0.000000,0.000000,0.000000,0.000000,0.000000","4:0.005807,5:0.010353,6:0.018459,7:0.004114,8:0.022005,9:0.039233,10:0.011658,11:0.041573,12:0.120449,13:0.037169,14:0.077315,15:0.200210,16:0.071685,17:0.056081,18:0.188351,19:0.020730,20:0.012012,21:0.048600,22:0.002203,23:0.001309,24:0.009337,25:0.000520,27:0.000827",,,,,,,,,,
2026-09-13,Bubba Chandler,696149,PIT,CHC,30,21.828778541343382,4.852535245247978,0.2214360597472089,23,3,5.333333333333333,0.3618352045042291,0.2197176839126333,1.852535245247978,-1.1712214586566176,31.0,5.0,16.0,15.46072267789847,6.368055863444912,0.6781424690523646,0.479311075986819,0.4045601888411014,0.3431579971146559,0.1266242562264576,-0.5392773221015297,"0.008792,0.039754,0.092399,0.146514,0.177261,0.173446,0.142118,0.099756,0.060945,0.032787,0.015670,0.006700,0.002576,0.000895,0.000281,0.000080,0.000021,0.000005,0.000001,0.000000,0.000000,0.000000,0.000000,0.000000,0.000000,0.000000,0.000000,0.000000,0.000000,0.000000,0.000000,0.000000","4:0.003372,5:0.006313,6:0.011818,7:0.002765,8:0.015531,9:0.029076,10:0.009072,11:0.033968,12:0.103334,13:0.033482,14:0.073127,15:0.198831,16:0.074751,17:0.061402,18:0.216534,19:0.025023,20:0.015225,21:0.064677,22:0.003078,23:0.001921,24:0.014385,25:0.000842,27:0.001475",,,,,,,,,,
2026-09-13,Michael McGreevy,700241,STL,CWS,31,22.72993320405085,4.740364012448756,0.1837841778348013,23,6,6.0,0.3411040368238744,0.2025435454228897,-1.2596359875512435,-0.2700667959491483,47.0,6.0,18.0,16.456220642102995,6.273712561947857,0.7733772123953999,0.5896010996504973,0.5146405218424536,0.4478349145669028,0.1922312416005327,-1.5437793578970052,"0.009375,0.042425,0.098006,0.153359,0.181956,0.173775,0.138560,0.094516,0.056114,0.029365,0.013673,0.005704,0.002142,0.000726,0.000223,0.000062,0.000015,0.000003,0.000001,0.000000,0.000000,0.000000,0.000000,0.000000,0.000000,0.000000,0.000000,0.000000,0.000000,0.000000,0.000000,0.000000","4:0.001271,5:0.002582,6:0.005243,7:0.001331,8:0.008112,9:0.016476,10:0.005578,11:0.022658,12:0.074784,13:0.026290,14:0.062298,15:0.183776,16:0.074961,17:0.066806,18:0.255604,19:0.032047,20:0.021155,21:0.097505,22:0.005035,23:0.003409,24:0.027696,25:0.001758,27:0.003626",,,,,,,,,,
2026-09-13,Trevor Rogers,669432,BAL,TOR,29,22.891947044053868,4.739125983037361,0.225698240253809,26,5,6.0,0.3407259144170579,0.201869384418451,-0.2608740169626387,-3.108052955946132,96.0,6.0,18.0,16.572316822643234,6.319630221410634,0.7835590824126677,0.6025256397694634,0.5279469147662011,0.4608183712098644,0.2014161572591174,-1.4276831773567658,"0.009226,0.042103,0.097789,0.153499,0.182399,0.174258,0.138857,0.094564,0.055986,0.029174,0.013502,0.005587,0.002076,0.000695,0.000210,0.000057,0.000014,0.000003,0.000001,0.000000,0.000000,0.000000,0.000000,0.000000,0.000000,0.000000,0.000000,0.000000,0.000000,0.000000,0.000000,0.000000","4:0.001122,5:0.002303,6:0.004724,7:0.001211,8:0.007454,9:0.015292,10:0.005228,11:0.021451,12:0.071506,13:0.025388,14:0.060761,15:0.181033,16:0.074579,17:0.067129,18:0.259402,19:0.032848,20:0.021900,21:0.101946,22:0.005317,23:0.003636,24:0.029833,25:0.001912,27:0.004024",,,,,,,,,,
2026-09-13,Tanner Bibee,676440,CLE,MIN,32,23.39124292601132,4.643567951688601,0.2041056784752847,26,7,6.666666666666667,0.3239843658082801,0.1894956362830763,-2.356432048311399,-2.6087570739886807,117.0,5.0,20.0,17.015996646405366,6.375246279605953,0.8201382032002894,0.6511972535618371,0.5788673064602442,0.5112064501202973,0.2394805625093156,-2.984003353594634,"0.010263,0.045781,0.103846,0.159125,0.184618,0.172383,0.134489,0.089895,0.052394,0.026968,0.012371,0.005090,0.001887,0.000631,0.000191,0.000052,0.000013,0.000003,0.000001,0.000000,0.000000,0.000000,0.000000,0.000000,0.000000,0.000000,0.000000,0.000000,0.000000,0.000000,0.000000,0.000000","4:0.000686,5:0.001462,6:0.003117,7:0.000831,8:0.005312,9:0.011326,10:0.004024,11:0.017160,12:0.059448,13:0.021936,14:0.054560,15:0.168941,16:0.072330,17:0.067661,18:0.271726,19:0.035760,20:0.024777,21:0.119870,22:0.006497,23:0.004617,24:0.039375,25:0.002623,27:0.005962",,,,,,,,,,
2026-09-13,Andrew Painter,691725,PHI,ATL,20,22.12383058237309,4.522652575287654,0.2108896954090366,24,3,5.0,0.303823963428131,0.1738162077385881,1.522652575287654,-1.876169417626912,20.0,5.0,15.0,15.28287760822174,6.840952974151357,0.6600788670019252,0.460225655377997,0.3861186249505282,0.3260781918822424,0.1172436159047158,0.2828776082217406,"0.011832,0.050607,0.110919,0.165207,0.187004,0.170609,0.130008,0.084732,0.048033,0.023980,0.010644,0.004231,0.001514,0.000490,0.000143,0.000038,0.000009,0.000002,0.000000,0.000000,0.000000,0.000000,0.000000,0.000000,0.000000,0.000000,0.000000,0.000000,0.000000,0.000000,0.000000,0.000000","4:0.003944,5:0.007282,6:0.013446,7:0.003104,8:0.017192,9:0.031744,10:0.009769,11:0.036076,12:0.108248,13:0.034594,14:0.074523,15:0.199853,16:0.074107,17:0.060040,18:0.208835,19:0.023803,20:0.014284,21:0.059852,22:0.002810,23:0.001729,24:0.012773,25:0.000737,27:0.001256",,,,,,,,,,
2026-09-13,Grant Holmes,656550,ATL,PHI,26,21.74132297669757,4.072855732894334,0.201620086106332,18,0,4.0,0.2277701158197544,0.1180976047112275,4.072855732894334,3.741322976697571,54.0,6.0,12.0,15.260165372087195,6.481157604610374,0.6577582568949323,0.457810555065438,0.3837974449563935,0.3239374029001338,0.1160924109623559,3.2601653720871955,"0.017743,0.069783,0.139882,0.189725,0.194745,0.160352,0.109673,0.063761,0.032038,0.014093,0.005484,0.001904,0.000594,0.000168,0.000043,0.000010,0.000002,0.000000,0.000000,0.000000,0.000000,0.000000,0.000000,0.000000,0.000000,0.000000,0.000000,0.000000,0.000000,0.000000,0.000000,0.000000","4:0.004022,5:0.007414,6:0.013665,7:0.003149,8:0.017411,9:0.032092,10:0.009859,11:0.036346,12:0.108866,13:0.034731,14:0.074688,15:0.199948,16:0.074013,17:0.059860,18:0.207845,19:0.023649,20:0.014167,21:0.059258,22:0.002777,23:0.001706,24:0.012580,25:0.000725,27:0.001231",,,,,,,,,,
2026-09-13,Hayden Wesneski,669713,HOU,TB,8,22.555796486977595,3.895060610821615,0.219799743795896,18,2,3.0,0.1997668506910587,0.0998451591076394,1.895060610821615,4.555796486977595,35.0,5.0,9.0,16.81000605693519,5.745790430042405,0.8036348831288246,0.6287811569946701,0.5552537931949683,0.4876985245547868,0.2212313980048192,7.81000605693519,"0.021050,0.079609,0.153127,0.198716,0.194740,0.152991,0.099922,0.055576,0.026770,0.011305,0.004223,0.001405,0.000419,0.000112,0.000027,0.000006,0.000001,0.000000,0.000000,0.000000,0.000000,0.000000,0.000000,0.000000,0.000000,0.000000,0.000000,0.000000,0.000000,0.000000,0.000000,0.000000","4:0.000865,5:0.001811,6:0.003793,7:0.000993,8:0.006236,9:0.013058,10:0.004557,11:0.019085,12:0.064939,13:0.023535,14:0.057495,15:0.174854,16:0.073527,17:0.067555,18:0.266467,19:0.034443,20:0.023439,21:0.111377,22:0.005929,23:0.004139,24:0.034664,25:0.002268,27:0.004973",,,,,,,,,,
2026-09-13,Payton Tolle,801139,BOS,KC,24,22.907965692843742,6.075115802440423,0.2715529211388705,24,7,6.0,0.5680876929296219,0.4091037196728839,-0.9248841975595772,-1.0920343071562577,26.0,7.0,18.0,16.985612436344145,5.922353256499598,0.8177583411014193,0.6479153921284551,0.5753925343201766,0.5077315326107886,0.236727271002305,-1.0143875636558557,"0.002682,0.015117,0.043660,0.085819,0.128604,0.156030,0.158984,0.139404,0.107019,0.072845,0.044380,0.024369,0.012118,0.005474,0.002249,0.000840,0.000285,0.000087,0.000024,0.000006,0.000001,0.000000,0.000000,0.000000,0.000000,0.000000,0.000000,0.000000,0.000000,0.000000,0.000000,0.000000","4:0.000710,5:0.001509,6:0.003209,7:0.000853,8:0.005441,9:0.011570,10:0.004100,11:0.017436,12:0.060245,13:0.022171,14:0.054998,15:0.169843,16:0.072523,17:0.067661,18:0.271004,19:0.035570,20:0.024580,21:0.118601,22:0.006411,23:0.004544,24:0.038648,25:0.002568,27:0.005805",,,,,,,,,,
2026-09-13,Bryce Miller,682243,SEA,ATH,21,22.11901227177492,5.647397621174288,0.2324633284160608,22,5,5.0,0.4992076388827904,0.3413532342617238,0.6473976211742878,0.1190122717749204,92.0,5.0,15.0,15.972259802454357,6.146752469320566,0.7286133462565816,0.5355570307700245,0.4599382736187994,0.3952223456225265,0.1574468943790131,0.9722598024543564,"0.004140,0.021524,0.057530,0.105028,0.146604,0.165967,0.157854,0.129084,0.092226,0.058247,0.032804,0.016582,0.007560,0.003120,0.001167,0.000396,0.000122,0.000034,0.000009,0.000002,0.000000,0.000000,0.000000,0.000000,0.000000,0.000000,0.000000,0.000000,0.000000,0.000000,0.000000,0.000000","4:0.002085,5:0.004067,6:0.007932,7:0.001934,8:0.011316,9:0.022072,10:0.007175,11:0.027990,12:0.088716,13:0.029949,14:0.068150,15:0.193056,16:0.075619,17:0.064716,18:0.237775,19:0.028628,20:0.018147,21:0.080322,22:0.003983,23:0.002590,24:0.020204,25:0.001231,27:0.002342",,,,,,,,,,
2026-09-13,Noah Cameron,702070,KC,BOS,30,23.6731589448016,5.588997886148047,0.2212579169245961,23,4,6.0,0.4892681794462515,0.3304835036821909,1.5889978861480474,0.6731589448015995,51.0,6.0,18.0,17.045737087120372,6.627421857681224,0.8224490507776883,0.6544004417677977,0.5822646732885148,0.5146092633675673,0.2421957922102312,-0.9542629128796278,"0.004004,0.021461,0.058466,0.107653,0.150238,0.168911,0.158785,0.127913,0.089834,0.055692,0.030761,0.015242,0.006809,0.002752,0.001009,0.000335,0.000101,0.000028,0.000007,0.000002,0.000000,0.000000,0.000000,0.000000,0.000000,0.000000,0.000000,0.000000,0.000000,0.000000,0.000000,0.000000","4:0.000663,5:0.001417,6:0.003028,7:0.000809,8:0.005189,9:0.011091,10:0.003951,11:0.016892,12:0.058673,13:0.021706,14:0.054131,15:0.168049,16:0.072136,17:0.067655,18:0.272413,19:0.035944,20:0.024970,21:0.121117,22:0.006582,23:0.004690,24:0.040097,25:0.002678,27:0.006119",,,,,,,,,,
2026-09-13,Eduardo Rodriguez,593958,AZ,TEX,32,24.29042548731922,5.138447309552925,0.1927670433161693,26,7,5.333333333333333,0.4106843880801524,0.2603272663483162,-1.8615526904470752,-1.7095745126807813,110.0,7.0,16.0,17.6154516872773,6.674973800041919,0.8630440042914937,0.7135914678432149,0.6461281124177097,0.5795902703479512,0.2978534108214464,1.6154516872773002,"0.006250,0.030936,0.077666,0.131562,0.168713,0.174189,0.150357,0.111257,0.071813,0.040943,0.020805,0.009484,0.003895,0.001445,0.000485,0.000147,0.000040,0.000010,0.000002,0.000000,0.000000,0.000000,0.000000,0.000000,0.000000,0.000000,0.000000,0.000000,0.000000,0.000000,0.000000,0.000000","4:0.000339,5:0.000762,6:0.001713,7:0.000481,8:0.003245,9:0.007294,10:0.002733,11:0.012284,12:0.044871,13:0.017457,14:0.045779,15:0.149453,16:0.067463,17:0.066538,18:0.281737,19:0.039092,20:0.028558,21:0.145669,22:0.008325,23:0.006237,24:0.056081,25:0.003939,27:0.009952",,,,,,,,,,
2026-09-13,Jacob Lopez,682052,ATH,SEA,20,22.40723139208969,5.095053243276876,0.2202494832600219,19,3,3.6666666666666665,0.4038465459200971,0.2550917213294493,2.095053243276876,3.407231392089692,39.0,6.0,11.0,15.28287760822174,7.1243537838679565,0.6600788670019252,0.460225655377997,0.3861186249505282,0.3260781918822424,0.1172436159047158,4.282877608221741,"0.006918,0.032904,0.080322,0.133536,0.169179,0.173295,0.148755,0.109567,0.070407,0.039953,0.020202,0.009165,0.003749,0.001388,0.000466,0.000142,0.000039,0.000010,0.000002,0.000000,0.000000,0.000000,0.000000,0.000000,0.000000,0.000000,0.000000,0.000000,0.000000,0.000000,0.000000,0.000000","4:0.003944,5:0.007282,6:0.013446,7:0.003104,8:0.017192,9:0.031744,10:0.009769,11:0.036076,12:0.108248,13:0.034594,14:0.074523,15:0.199853,16:0.074107,17:0.060040,18:0.208835,19:0.023803,20:0.014284,21:0.059852,22:0.002810,23:0.001729,24:0.012773,25:0.000737,27:0.001256",,,,,,,,,,
2026-09-13,Cal Quantrill,615698,TEX,AZ,12,22.30291110087517,4.700606263180795,0.2219261430857272,22,4,6.0,0.3342937926933848,0.1976622589946268,0.700606263180795,0.3029111008751712,118.0,5.0,18.0,16.675872869645325,5.62703823122985,0.792436634060168,0.6140054325275955,0.5398405137102591,0.4724866711270153,0.2098832299195783,-1.324127130354675,"0.009967,0.044256,0.100644,0.155500,0.182567,0.172772,0.136632,0.092528,0.054626,0.028500,0.013280,0.005571,0.002115,0.000729,0.000228,0.000065,0.000017,0.000004,0.000001,0.000000,0.000000,0.000000,0.000000,0.000000,0.000000,0.000000,0.000000,0.000000,0.000000,0.000000,0.000000,0.000000","4:0.001003,5:0.002076,6:0.004297,7:0.001112,8:0.006903,9:0.014287,10:0.004928,11:0.020402,12:0.068618,13:0.024581,14:0.059357,15:0.178431,16:0.074165,17:0.067354,18:0.262603,19:0.033551,20:0.022569,21:0.106001,22:0.005578,23:0.003848,24:0.031861,25:0.002061,27:0.004414",,,,,,,,,,
2026-09-13,Nick Pivetta,601713,SD,SF,6,21.16435657800144,5.404239819351271,0.2446321346817169,17,5,4.0,0.4585812448615944,0.3053974267406602,0.4042398193512708,4.164356578001438,110.0,6.0,12.0,15.092250179726816,6.0721063982746255,0.6405240369333087,0.4401263415336978,0.3668856791387,0.3084002164134498,0.1078986450605593,3.0922501797268165,"0.005859,0.027701,0.068387,0.117010,0.154864,0.167598,0.153184,0.120743,0.083280,0.050798,0.027619,0.013465,0.005913,0.002348,0.000845,0.000276,0.000082,0.000022,0.000005,0.000001,0.000000,0.000000,0.000000,0.000000,0.000000,0.000000,0.000000,0.000000,0.000000,0.000000,0.000000,0.000000","4:0.004637,5:0.008440,6:0.015360,7:0.003494,8:0.019077,9:0.034720,10:0.010531,11:0.038332,12:0.113362,13:0.035707,14:0.075816,15:0.200398,16:0.073241,17:0.058485,18:0.200502,19:0.022525,20:0.013323,21:0.055021,22:0.002546,23:0.001544,24:0.011242,25:0.000639,27:0.001059",,,,,,,,,,
2026-09-13,Logan Webb,657277,SF,SD,30,24.27834626468632,5.019320205969498,0.211474533298413,24,7,5.0,0.389716806965558,0.2425826144637222,-1.980679794030502,0.2783462646863199,158.0,6.0,15.0,17.59328751939703,6.68505874528929,0.8615977147915836,0.711378555354603,0.6437022284627802,0.577085337878111,0.2955673697809505,2.5932875193970304,"0.007033,0.034027,0.083479,0.138158,0.173065,0.174521,0.147134,0.106343,0.067053,0.037347,0.018538,0.008252,0.003307,0.001196,0.000391,0.000115,0.000031,0.000007,0.000002,0.000000,0.000000,0.000000,0.000000,0.000000,0.000000,0.000000,0.000000,0.000000,0.000000,0.000000,0.000000,0.000000","4:0.000348,5:0.000781,6:0.001752,7:0.000491,8:0.003307,9:0.007418,10:0.002774,11:0.012445,12:0.045367,13:0.017615,14:0.046104,15:0.150219,16:0.067676,17:0.066617,18:0.281518,19:0.038985,20:0.028424,21:0.144700,22:0.008253,23:0.006172,24:0.055381,25:0.003883,27:0.009770",,,,,,,,,,
2026-09-14,Gavin Williams,668909,CLE,CWS,31,23.34767102717376,7.970280357413162,0.3132615453312037,24,7,5.0,0.8031992802780064,0.6842030133761473,0.970280357413162,-0.6523289728262398,90.0,8.0,15.0,17.29594415085622,6.051726876317538,0.8454316536874804,0.6737791592215108,0.6205031779341716,0.5166449236621271,0.2911492073623634,2.2959441508562186,"0.000541,0.003652,0.012803,0.031052,0.058401,0.090352,0.118996,0.136321,0.137836,0.124309,0.100794,0.073929,0.049280,0.029959,0.016650,0.008474,0.003952,0.001690,0.000662,0.000237,0.000078,0.000023,0.000006,0.000002,0.000000,0.000000,0.000000,0.000000,0.000000,0.000000,0.000000,0.000000","3:0.000979,4:0.002098,6:0.001206,7:0.001293,8:0.002773,9:0.008920,10:0.004782,11:0.015381,12:0.047642,13:0.029470,14:0.040024,15:0.171652,16:0.053276,17:0.103858,18:0.225496,19:0.029849,20:0.054406,21:0.144118,22:0.007358,23:0.011834,24:0.033836,25:0.004535,27:0.005213",,,95.87437195603648,97.9145056002199,2.0401336441834133,Hot,0.2658871377732588,0.4523809523809524,3.868779644450867,Hot
2026-09-14,Tarik Skubal,669373,LAD,CIN,25,23.821948002360376,7.594401311897073,0.2796584295617475,24,9,7.0,0.7682597562944581,0.6375069214950378,-1.405598688102927,-0.1780519976396242,121.0,6.0,21.0,17.928121420389463,5.893826581970913,0.8866960598143458,0.7387716233184564,0.6901710570579765,0.5898779797127843,0.3593687592356228,-3.071878579610537,"0.000686,0.004597,0.015919,0.037853,0.069247,0.103439,0.130753,0.143131,0.137861,0.118174,0.090909,0.063152,0.039794,0.022820,0.011936,0.005703,0.002492,0.000996,0.000364,0.000122,0.000037,0.000010,0.000003,0.000001,0.000000,0.000000,0.000000,0.000000,0.000000,0.000000,0.000000,0.000000","3:0.000426,4:0.000967,6:0.000623,7:0.000707,8:0.001604,9:0.005463,10:0.003100,11:0.010556,12:0.034612,13:0.022664,14:0.032583,15:0.147924,16:0.048601,17:0.100293,18:0.230509,19:0.032299,20:0.062321,21:0.174755,22:0.009445,23:0.016080,24:0.048668,25:0.006905,27:0.008895",,,96.40503030250188,96.75947707570349,0.3544467732016017,Normal,0.3004746257758306,0.284313725490196,-0.356008197968093,Normal
2026-09-14,Jonah Tong,804636,NYM,BAL,3,20.97556567144196,6.041957679272407,0.2390429263957875,23,6,6.0,0.5591803928973559,0.4095561343098188,0.0419576792724072,-2.0244343285580406,5.0,7.0,18.0,14.735741063060653,6.2398246083813085,0.6187259388962065,0.4059982929956209,0.3517952928728777,0.26504899714588,0.1104287836305737,-3.264258936939348,"0.004175,0.020331,0.051385,0.090719,0.126404,0.147806,0.149624,0.133163,0.105068,0.073931,0.046634,0.026498,0.013620,0.006356,0.002700,0.001047,0.000371,0.000120,0.000035,0.000010,0.000002,0.000001,0.000000,0.000000,0.000000,0.000000,0.000000,0.000000,0.000000,0.000000,0.000000,0.000000","3:0.012940,4:0.022780,6:0.008825,7:0.007768,8:0.013674,9:0.036109,10:0.015892,11:0.041965,12:0.106712,13:0.054190,14:0.060419,15:0.212728,16:0.054203,17:0.086746,18:0.154620,19:0.016802,20:0.025143,21:0.054677,22:0.002292,23:0.003026,24:0.007103,25:0.000781,27:0.000605",,,95.25223350043971,94.0715215989684,-1.1807119014713123,Cold,0.25,0.2058823529411764,-0.8401680504168061,Normal
2026-09-14,Quinn Mathews,687273,STL,SF,6,22.945033240196555,5.84857998827537,0.2181653919842988,25,8,6.666666666666667,0.5330607135131117,0.3741004536870662,-2.15142001172463,-2.0549667598034453,6.0,6.0,20.0,15.83786973696888,7.1071635032276745,0.723161477260341,0.5153170019175407,0.4581391649956384,0.3593418413124261,0.1692119693647263,-4.16213026303112,"0.003519,0.018607,0.050839,0.095385,0.137451,0.161137,0.158960,0.134863,0.099916,0.065381,0.038125,0.019953,0.009427,0.004040,0.001576,0.000562,0.000183,0.000055,0.000015,0.000004,0.000001,0.000000,0.000000,0.000000,0.000000,0.000000,0.000000,0.000000,0.000000,0.000000,0.000000,0.000000","3:0.005039,4:0.009578,6:0.004325,7:0.004110,8:0.007813,9:0.022274,10:0.010584,11:0.030175,12:0.082843,13:0.045421,14:0.054676,15:0.207844,16:0.057178,17:0.098797,18:0.190130,19:0.022307,20:0.036039,21:0.084617,22:0.003829,23:0.005459,24:0.013834,25:0.001643,27:0.001484",,,93.7452904040404,93.14993482465732,-0.5953555793830958,Cold,,,,Unknown
2026-09-14,Landen Roupp,694738,SF,STL,28,22.798527696333423,5.574560838618501,0.2203269523088203,20,4,4.333333333333333,0.4872732417595917,0.3308855331959223,1.5745608386185008,2.798527696333423,54.0,6.0,13.0,16.1915965194363,6.606931176897128,0.7554397123246682,0.553311566650418,0.4961590906224024,0.3946578079420192,0.1938892369264958,3.191596519436299,"0.004736,0.023567,0.060912,0.108503,0.148792,0.166218,0.156388,0.126646,0.089640,0.056089,0.031294,0.015670,0.007075,0.002890,0.001071,0.000360,0.000110,0.000031,0.000008,0.000002,0.000000,0.000000,0.000000,0.000000,0.000000,0.000000,0.000000,0.000000,0.000000,0.000000,0.000000,0.000000","3:0.003526,4:0.006887,6:0.003286,7:0.003209,8:0.006270,9:0.018373,10:0.008973,11:0.026294,12:0.074197,13:0.041812,14:0.051733,15:0.202128,16:0.057152,17:0.101501,18:0.200769,19:0.024211,20:0.040203,21:0.097019,22:0.004513,23:0.006612,24:0.017222,25:0.002103,27:0.002006",,,92.7426234593178,92.41278825995808,-0.329835199359735,Normal,0.2258333333333333,0.1235955056179775,-2.3067225448205115,Cold
2026-09-14,José Soriano,667755,TOR,DET,29,23.42765150356389,5.5481440198843694,0.2260257859268782,25,5,6.333333333333333,0.4829528136132625,0.3253651584258544,0.5481440198843694,-1.57234849643611,79.0,6.0,19.0,16.80905656336994,6.618594940193951,0.8082201440142281,0.6209818947858772,0.5652760866876633,0.4611799509754571,0.2445310681305488,-2.190943436630061,"0.004520,0.023052,0.060731,0.109483,0.150874,0.168386,0.157588,0.126540,0.088595,0.054722,0.030081,0.014815,0.006571,0.002635,0.000959,0.000317,0.000095,0.000026,0.000007,0.000001,0.000000,0.000000,0.000000,0.000000,0.000000,0.000000,0.000000,0.000000,0.000000,0.000000,0.000000,0.000000","3:0.001773,4:0.003645,6:0.001925,7:0.001979,8:0.004068,9:0.012542,10:0.006445,11:0.019872,12:0.059002,13:0.034985,14:0.045545,15:0.187238,16:0.055706,17:0.104096,18:0.216649,19:0.027490,20:0.048030,21:0.121958,22:0.005969,23:0.009202,24:0.025220,25:0.003240,27:0.003422",,,97.32845135338808,96.75932722832722,-0.569124125060867,Cold,0.2201222901612006,0.174757281553398,-1.111205404127409,Normal
2026-09-14,Dean Kremer,665152,MIN,NYY,16,21.90878529807261,5.343860510027818,0.2242521120973506,19,5,5.666666666666667,0.4487249290433803,0.2974404157705967,0.3438605100278176,2.9087852980726083,120.0,6.0,17.0,15.867884356790675,6.040900941281938,0.7259421797006586,0.5185008645139049,0.4613038754396955,0.3622482145584405,0.1711867294328088,-1.132115643209325,"0.006447,0.029796,0.071783,0.120113,0.156196,0.166940,0.151285,0.118487,0.081254,0.049261,0.026603,0.012873,0.005609,0.002208,0.000788,0.000256,0.000075,0.000020,0.000005,0.000001,0.000000,0.000000,0.000000,0.000000,0.000000,0.000000,0.000000,0.000000,0.000000,0.000000,0.000000,0.000000","3:0.004894,4:0.009323,6:0.004229,7:0.004028,8:0.007674,9:0.021929,10:0.010444,11:0.029843,12:0.082120,13:0.045127,14:0.054446,15:0.207441,16:0.057197,17:0.099056,18:0.191061,19:0.022468,20:0.036381,21:0.085614,22:0.003883,23:0.005548,24:0.014093,25:0.001678,27:0.001522",,,91.4220997347355,90.64790728417468,-0.7741924505608182,Cold,0.2056555269922879,0.1927710843373494,-0.290422360675988,Normal
2026-09-14,Sean Newcomb,656794,CWS,CLE,0,23.087628865979383,4.747212648943362,0.2257200267916945,3,0,1.0,0.3434610011848421,0.20509730878331,4.747212648943362,20.087628865979383,8.0,509.0,3.0,16.4819587628866,6.605670103092784,0.7809278350515464,0.5850515463917525,0.5283505154639174,0.4252577319587628,0.2164948453608247,13.4819587628866,"0.009887,0.043306,0.098154,0.152248,0.180307,0.172637,0.138364,0.095018,0.056841,0.029978,0.014061,0.005902,0.002226,0.000756,0.000232,0.000064,0.000016,0.000004,0.000001,0.000000,0.000000,0.000000,0.000000,0.000000,0.000000,0.000000,0.000000,0.000000,0.000000,0.000000,0.000000,0.000000","3:0.002577,4:0.005155,6:0.002577,7:0.002577,8:0.005155,9:0.015464,10:0.007732,11:0.023196,12:0.067010,13:0.038660,14:0.048969,15:0.195876,16:0.056701,17:0.103093,18:0.208763,19:0.025773,20:0.043814,21:0.108247,22:0.005155,23:0.007732,24:0.020619,25:0.002577,27:0.002577",,,92.94305044960548,94.87442730247778,1.9313768528723188,Hot,0.213768115942029,0.1463414634146341,-1.0531172749885216,Normal
2026-09-14,Will Warren,701542,NYY,MIN,30,22.60841082622776,4.706237190467659,0.2261663139286432,24,6,5.666666666666667,0.3372550324614514,0.2007249182731113,-1.2937628095323408,-1.391589173772239,65.0,5.0,17.0,15.60418461629876,7.004226209928994,0.7013104521561144,0.490841977147831,0.433940081930229,0.3373139419235695,0.1545669457751602,-1.3958153837012404,"0.010640,0.045513,0.101001,0.154062,0.180284,0.171246,0.136530,0.093388,0.055650,0.029218,0.013630,0.005686,0.002131,0.000721,0.000220,0.000061,0.000015,0.000004,0.000001,0.000000,0.000000,0.000000,0.000000,0.000000,0.000000,0.000000,0.000000,0.000000,0.000000,0.000000,0.000000,0.000000","3:0.006286,4:0.011743,6:0.005122,7:0.004783,8:0.008935,9:0.025035,10:0.011691,11:0.032756,12:0.088380,13:0.047622,14:0.056337,15:0.210468,16:0.056902,17:0.096626,18:0.182747,19:0.021072,20:0.033456,21:0.077198,22:0.003433,23:0.004810,24:0.011980,25:0.001399,27:0.001220",,,93.30969712982431,94.47752267573696,1.167825545912649,Hot,0.2357301704966642,0.2317073170731707,-0.0858242846322034,Normal
2026-09-14,Brandon Young,687064,BAL,NYM,25,24.02396820438058,4.64838118700578,0.1969941598806124,24,6,5.0,0.3248333880100748,0.1897931003769919,-1.3516188129942197,0.02396820438058,37.0,6.0,15.0,16.817010309278352,7.206957895102228,0.808862467950611,0.6218540173419665,0.5661788784915461,0.4620695590444507,0.245246422137961,1.817010309278352,"0.010197,0.045444,0.103260,0.158699,0.184695,0.172872,0.135040,0.090248,0.052513,0.026947,0.012310,0.005041,0.001860,0.000620,0.000187,0.000051,0.000013,0.000003,0.000001,0.000000,0.000000,0.000000,0.000000,0.000000,0.000000,0.000000,0.000000,0.000000,0.000000,0.000000,0.000000,0.000000","3:0.001757,4:0.003614,6:0.001911,7:0.001966,8:0.004043,9:0.012475,10:0.006415,11:0.019794,12:0.058810,13:0.034894,14:0.045458,15:0.187008,16:0.055675,17:0.104109,18:0.216823,19:0.027530,20:0.048134,21:0.122305,22:0.005990,23:0.009241,24:0.025343,25:0.003258,27:0.003446",,,93.66228060822073,94.463294761727,0.8010141535062871,Hot,0.1871727748691099,0.1616161616161616,-0.6519292064887093,Normal
2026-09-14,David Peterson,656849,CHC,ATL,22,22.60344028726978,4.573773907073523,0.2005771901985552,23,7,6.0,0.3141523463429779,0.1821609123835287,-2.426226092926477,-0.3965597127302196,110.0,6.0,18.0,14.773977759759063,7.8294625275107155,0.6223593566460803,0.409504627092887,0.3551369434859909,0.2679148357789341,0.1120672634892312,-3.226022240240937,"0.011874,0.049799,0.108215,0.161361,0.184223,0.170376,0.131991,0.087556,0.050499,0.025604,0.011504,0.004608,0.001652,0.000532,0.000154,0.000040,0.000010,0.000002,0.000000,0.000000,0.000000,0.000000,0.000000,0.000000,0.000000,0.000000,0.000000,0.000000,0.000000,0.000000,0.000000,0.000000","3:0.012574,4:0.022190,6:0.008638,7:0.007622,8:0.013451,9:0.035607,10:0.015709,11:0.041583,12:0.105998,13:0.053959,14:0.060308,15:0.212855,16:0.054368,17:0.087222,18:0.155848,19:0.016977,20:0.025466,21:0.055515,22:0.002333,23:0.003087,24:0.007264,25:0.000801,27:0.000624",,,92.34088373750905,92.5993935684878,0.2585098309787668,Normal,0.2218844984802431,0.2391304347826087,0.3981027490970069,Normal
2026-09-14,Reynaldo López,625643,ATL,CHC,12,20.56957219581456,4.47620627886599,0.2235670241194301,17,2,3.0,0.3041845594260592,0.1792972285331876,2.47620627886599,3.5695721958145583,37.0,5.0,9.0,14.399114142848324,6.170458052966234,0.586925163190759,0.3760964225658526,0.3234832239496426,0.241014776531798,0.0970458891242318,5.399114142848324,"0.016301,0.060394,0.117962,0.162719,0.177410,0.161029,0.124887,0.084028,0.049583,0.025881,0.012033,0.005009,0.001873,0.000631,0.000191,0.000052,0.000013,0.000003,0.000001,0.000000,0.000000,0.000000,0.000000,0.000000,0.000000,0.000000,0.000000,0.000000,0.000000,0.000000,0.000000,0.000000","3:0.016461,4:0.028381,6:0.010547,7:0.009092,8:0.015677,9:0.040545,10:0.017477,11:0.045200,12:0.112570,13:0.055988,14:0.061138,15:0.210829,16:0.052613,17:0.082468,18:0.143969,19:0.015323,20:0.022457,21:0.047830,22:0.001964,23:0.002539,24:0.005837,25:0.000629,27:0.000468",,,95.21623915910192,93.59304995693368,-1.6231892021682484,Cold,0.245136186770428,0.2222222222222222,-0.5053397663189216,Normal
2026-09-14,Nick Lodolo,666157,CIN,LAD,21,22.743651971599345,4.374688997557622,0.2140909183166992,27,4,7.0,0.279684023321133,0.156144788418107,0.3746889975576222,-4.256348028400655,92.0,6.0,21.0,15.387751213446188,7.355900758153156,0.6808341270920145,0.4687336076105778,0.4122755644677091,0.3178829245647081,0.1421155926459453,-5.612248786553812,"0.014224,0.057487,0.120318,0.172466,0.188802,0.167019,0.123539,0.078172,0.043015,0.020835,0.008965,0.003451,0.001194,0.000373,0.000105,0.000027,0.000006,0.000001,0.000000,0.000000,0.000000,0.000000,0.000000,0.000000,0.000000,0.000000,0.000000,0.000000,0.000000,0.000000,0.000000,0.000000","3:0.007635,4:0.014042,6:0.005937,7:0.005459,8:0.010040,9:0.027697,10:0.012734,11:0.035129,12:0.093320,13:0.049507,14:0.057664,15:0.212101,16:0.056458,17:0.094393,18:0.175767,19:0.019954,20:0.031193,21:0.070864,22:0.003103,23:0.004280,24:0.010495,25:0.001206,27:0.001020",,,93.9475917216254,93.3043822276324,-0.6432094939930124,Cold,0.2496343247196489,0.2,-1.0879645441902983,Normal
2026-09-14,Troy Melton,675512,DET,TOR,19,23.52370699029971,4.072282953817247,0.2066237577938821,17,3,2.6666666666666665,0.2275624846839873,0.1182540385650153,1.072282953817247,6.523706990299711,22.0,7.0,8.0,17.40359519770325,6.120111792596461,0.8530427312564182,0.6852029883495454,0.6326100250391945,0.5290985018507967,0.3021969457844065,9.40359519770325,"0.017696,0.069788,0.140154,0.190065,0.194739,0.159995,0.109308,0.063622,0.032089,0.014200,0.005564,0.001943,0.000608,0.000171,0.000043,0.000010,0.000002,0.000000,0.000000,0.000000,0.000000,0.000000,0.000000,0.000000,0.000000,0.000000,0.000000,0.000000,0.000000,0.000000,0.000000,0.000000","3:0.000853,4:0.001847,6:0.001082,7:0.001171,8:0.002536,9:0.008236,10:0.004457,11:0.014475,12:0.045267,13:0.028270,14:0.038762,15:0.167840,16:0.052593,17:0.103512,18:0.226902,19:0.030323,20:0.055802,21:0.149236,22:0.007693,23:0.012491,24:0.036057,25:0.004879,27:0.005717",,,95.22519399018988,94.71411418677678,-0.5110798034130966,Cold,0.2157258064516129,0.1333333333333333,-2.052566211696949,Cold
2026-09-14,Kade Anderson,807739,SEA,LAA,4,22.4726270885176,6.297060688075594,0.2149258358988831,20,5,4.333333333333333,0.6017230930815445,0.4470009608838685,1.297060688075594,2.4726270885176014,4.0,5.0,13.0,16.145425998341036,6.327201090176565,0.7512946896741188,0.5483008862092013,0.4911131725263852,0.3899200704703284,0.1904917638758036,3.145425998341036,"0.002658,0.014261,0.039922,0.077661,0.117494,0.146282,0.154722,0.141797,0.114125,0.081476,0.051999,0.029850,0.015488,0.007291,0.003123,0.001219,0.000435,0.000142,0.000042,0.000011,0.000003,0.000001,0.000000,0.000000,0.000000,0.000000,0.000000,0.000000,0.000000,0.000000,0.000000,0.000000","3:0.003699,4:0.007201,6:0.003410,7:0.003319,8:0.006460,9:0.018861,10:0.009178,11:0.026796,12:0.075337,13:0.042300,14:0.052145,15:0.202994,16:0.057188,17:0.101193,18:0.199428,19:0.023961,20:0.039644,21:0.095320,22:0.004417,23:0.006449,24:0.016736,25:0.002036,27:0.001928",,,,,,Unknown,,,,Unknown
2026-09-14,Reid Detmers,672282,LAA,SEA,29,23.16058918902383,6.228584292727496,0.268362263229852,25,8,6.0,0.5931895664965465,0.4354449431105903,-1.771415707272504,-1.8394108109761689,99.0,6.0,18.0,17.254160420936707,5.906428768087125,0.8424149478289922,0.6693143901387993,0.615786986293551,0.5118231935256369,0.2869302820834278,-0.7458395790632935,"0.002501,0.013882,0.039963,0.079216,0.120876,0.150372,0.157745,0.142611,0.112791,0.078897,0.049210,0.027543,0.013902,0.006354,0.002639,0.000999,0.000346,0.000109,0.000032,0.000008,0.000002,0.000000,0.000000,0.000000,0.000000,0.000000,0.000000,0.000000,0.000000,0.000000,0.000000,0.000000","3:0.001031,4:0.002204,6:0.001257,7:0.001343,8:0.002870,9:0.009197,10:0.004912,11:0.015742,12:0.048579,13:0.029939,14:0.040511,15:0.173101,16:0.053527,17:0.103964,18:0.224893,19:0.029659,20:0.053861,21:0.142150,22:0.007231,23:0.011587,24:0.033006,25:0.004407,27:0.005029",,,93.88379628909875,94.19304480980011,0.3092485207013737,Normal,0.2633015006821282,0.2580645161290322,-0.1146703683095472,Normal
2026-09-14,Casey Mize,663554,SD,COL,26,21.743057187951244,5.189997152807791,0.2279728142125137,24,0,5.0,0.4228448787386174,0.2743374720368455,5.189997152807791,-2.256942812048756,73.0,6.0,15.0,15.878345478357232,5.864711709594012,0.7269097632724064,0.519612525785667,0.4624097613191706,0.3632652348796862,0.1718801078190396,0.8783454783572324,"0.007501,0.033596,0.078521,0.127680,0.161606,0.168250,0.148507,0.113192,0.075445,0.044393,0.023235,0.010883,0.004585,0.001744,0.000601,0.000188,0.000054,0.000014,0.000003,0.000001,0.000000,0.000000,0.000000,0.000000,0.000000,0.000000,0.000000,0.000000,0.000000,0.000000,0.000000,0.000000","3:0.004844,4:0.009235,6:0.004196,7:0.004000,8:0.007626,9:0.021809,10:0.010395,11:0.029728,12:0.081867,13:0.045024,14:0.054365,15:0.207297,16:0.057203,17:0.099145,18:0.191385,19:0.022524,20:0.036501,21:0.085964,22:0.003902,23:0.005580,24:0.014184,25:0.001690,27:0.001536",,,94.47322643886476,93.14328703703704,-1.3299394018277295,Cold,0.2053281351526965,0.1538461538461538,-1.1256008280500334,Normal
2026-09-14,Sandy Alcantara,645261,MIA,AZ,33,26.43267521671361,4.672434030116022,0.1849121324234829,25,6,5.0,0.3285386865734436,0.192086247482297,-1.3275659698839783,1.4326752167136083,122.0,6.0,15.0,19.03090732587711,7.401767890836499,0.9389791551630716,0.8352596865358778,0.7975242567664692,0.7112926377964577,0.4918244910619239,4.030907325877109,"0.009570,0.043854,0.101441,0.157689,0.184909,0.173998,0.136452,0.091432,0.053254,0.027289,0.012408,0.005036,0.001832,0.000599,0.000176,0.000047,0.000011,0.000002,0.000000,0.000000,0.000000,0.000000,0.000000,0.000000,0.000000,0.000000,0.000000,0.000000,0.000000,0.000000,0.000000,0.000000","3:0.000088,4:0.000221,6:0.000174,7:0.000219,8:0.000551,9:0.002077,10:0.001305,11:0.004922,12:0.017872,13:0.012959,14:0.020631,15:0.103719,16:0.037735,17:0.086232,18:0.219468,19:0.034054,20:0.072760,21:0.225931,22:0.013522,23:0.025492,24:0.085439,25:0.013423,27:0.021203",,,95.43009325289248,94.76727586788002,-0.6628173850124739,Cold,0.2018554062699936,0.1142857142857142,-2.2355659732273288,Cold
2026-09-14,Corbin Burnes,669203,AZ,MIA,1,21.31786941580756,4.666793803872338,0.2221673258476184,19,4,4.666666666666667,0.3324439615752904,0.1976851953404902,0.6667938038723378,2.317869415807561,108.0,6.0,14.0,15.169334418520528,6.148534997287033,0.6600403039560174,0.4470398890895359,0.3911956367101156,0.2992344144327952,0.1305718474768216,1.1693344185205277,"0.011551,0.048270,0.104232,0.155331,0.179095,0.169077,0.134759,0.092315,0.054995,0.028739,0.013268,0.005445,0.001998,0.000659,0.000196,0.000053,0.000013,0.000003,0.000001,0.000000,0.000000,0.000000,0.000000,0.000000,0.000000,0.000000,0.000000,0.000000,0.000000,0.000000,0.000000,0.000000","3:0.009198,4:0.016662,6:0.006834,7:0.006189,8:0.011212,9:0.030464,10:0.013796,11:0.037485,12:0.098078,13:0.051248,14:0.058794,15:0.213000,16:0.055844,17:0.091961,18:0.168663,19:0.018859,20:0.029038,21:0.064976,22:0.002802,23:0.003807,24:0.009195,25:0.001041,27:0.000854",,,94.99611676945536,93.54192888540712,-1.4541878840482385,Cold,0.2606486908948808,0.25,-0.2275539400860532,Normal
2026-09-14,Tomoyuki Sugano,608372,COL,SD,28,22.46213625902456,3.5390109616364764,0.1671575418926069,23,2,5.0,0.1511126178935725,0.0704235633609048,1.5390109616364764,-0.537863740975439,56.0,5.0,15.0,15.67171884359532,6.790417415429241,0.7076581586216973,0.497854844144315,0.4408506636262315,0.3435693804467012,0.1586682393768384,0.6717188435953201,"0.031833,0.105214,0.179873,0.210203,0.187235,0.134529,0.080689,0.041333,0.018378,0.007178,0.002485,0.000768,0.000213,0.000053,0.000012,0.000002,0.000000,0.000000,0.000000,0.000000,0.000000,0.000000,0.000000,0.000000,0.000000,0.000000,0.000000,0.000000,0.000000,0.000000,0.000000,0.000000","3:0.005904,4:0.011084,6:0.004882,7:0.004583,8:0.008603,9:0.024224,10:0.011368,11:0.032011,12:0.086799,13:0.047002,14:0.055881,15:0.209803,16:0.057004,17:0.097281,18:0.184901,19:0.021426,20:0.034188,21:0.079279,22:0.003543,23:0.004989,24:0.012487,25:0.001465,27:0.001291",,,91.6257524519094,92.64957264957263,1.023820197663241,Hot,0.1490630323679727,0.1612903225806451,0.3310838699957573,Normal
2026-09-04,Logan Allen,671106,CLE,DET,5,22.693537925855125,4.70634299647807,0.2028726417085933,14,1,2.333333333333333,0.3365010381576973,0.2008642914289915,3.70634299647807,8.693537925855125,,,7.0,,,,,,,,,"0.010534,0.045535,0.101512,0.154774,0.180474,0.170669,0.135637,0.092753,0.055487,0.029389,0.013904,0.005914,0.002273,0.000793,0.000252,0.000073,0.000020,0.000005,0.000001,0.000000,0.000000,0.000000,0.000000,0.000000,0.000000,0.000000,0.000000,0.000000,0.000000,0.000000,0.000000,0.000000,0.000000,0.000000,0.000000",,,,,,,,,,,
2026-09-04,Keider Montero,672456,DET,CLE,25,22.05815885120521,3.086894345265601,0.1800034698498989,21,4,4.0,0.0950822700842405,0.0391110994363177,-0.913105654734399,1.05815885120521,,,12.0,,,,,,,,,"0.048210,0.142283,0.215030,0.220521,0.171543,0.107331,0.055971,0.024909,0.009618,0.003261,0.000980,0.000263,0.000063,0.000014,0.000003,0.000000,0.000000,0.000000,0.000000,0.000000,0.000000,0.000000,0.000000,0.000000,0.000000,0.000000,0.000000,0.000000,0.000000,0.000000,0.000000,0.000000,0.000000,0.000000,0.000000",,,,,,,,,,,
2026-09-04,Chris Sale,519242,ATL,PHI,28,23.91826660185917,7.182617222962872,0.285019209665102,25,7,6.0,0.7242103217266559,0.5809392948978916,0.1826172229628717,-1.0817333981408304,,,18.0,,,,,,,,,"0.000885,0.005928,0.020233,0.046910,0.082946,0.118887,0.143271,0.148642,0.134966,0.108567,0.078117,0.050683,0.029860,0.016073,0.007947,0.003626,0.001532,0.000600,0.000219,0.000074,0.000023,0.000007,0.000002,0.000000,0.000000,0.000000,0.000000,0.000000,0.000000,0.000000,0.000000,0.000000,0.000000,0.000000,0.000000",,,,,,,,,,,
2026-09-04,Jared Jones,683003,PIT,LAA,16,20.296005694724386,6.430910957611824,0.2427047405687732,21,9,6.0,0.6120056205439135,0.4661438652513945,-2.569089042388176,-0.7039943052756144,,,18.0,,,,,,,,,"0.002888,0.015249,0.041341,0.077368,0.113118,0.138030,0.145862,0.136201,0.113606,0.085195,0.057712,0.035460,0.019835,0.010133,0.004740,0.002034,0.000801,0.000290,0.000097,0.000030,0.000008,0.000002,0.000001,0.000000,0.000000,0.000000,0.000000,0.000000,0.000000,0.000000,0.000000,0.000000,0.000000,0.000000,0.000000",,,,,,,,,,,
2026-09-04,Cristopher Sánchez,650911,PHI,ATL,33,25.228841323098003,6.357885021037725,0.2620134999453559,26,5,6.0,0.6114112339532737,0.4535326671163539,1.357885021037725,-0.7711586769019974,,,18.0,,,,,,,,,"0.001928,0.011660,0.035779,0.074200,0.116748,0.148274,0.157879,0.144532,0.115797,0.082261,0.052337,0.030062,0.015693,0.007488,0.003283,0.001329,0.000498,0.000174,0.000056,0.000017,0.000005,0.000001,0.000000,0.000000,0.000000,0.000000,0.000000,0.000000,0.000000,0.000000,0.000000,0.000000,0.000000,0.000000,0.000000",,,,,,,,,,,
2026-09-04,Shane Drohan,675660,MIL,CIN,16,22.518227916946604,6.110092370048274,0.2243723627918216,18,5,4.0,0.571626790955014,0.4159124013049164,1.1100923700482737,4.518227916946604,,,12.0,,,,,,,,,"0.003024,0.016174,0.044842,0.085675,0.126301,0.152357,0.155714,0.137900,0.107470,0.074531,0.046377,0.026053,0.013275,0.006157,0.002608,0.001012,0.000361,0.000119,0.000036,0.000010,0.000003,0.000001,0.000000,0.000000,0.000000,0.000000,0.000000,0.000000,0.000000,0.000000,0.000000,0.000000,0.000000,0.000000,0.000000",,,,,,,,,,,
2026-09-04,Rhett Lowder,695076,CIN,MIL,21,22.33958435333832,4.200763458868842,0.1933650891774328,23,2,4.0,0.2511836703500157,0.1363062118714932,2.200763458868842,-0.6604156466616793,,,12.0,,,,,,,,,"0.016929,0.065927,0.132375,0.181657,0.190398,0.161530,0.114877,0.070093,0.037296,0.017516,0.007328,0.002750,0.000931,0.000286,0.000080,0.000020,0.000005,0.000001,0.000000,0.000000,0.000000,0.000000,0.000000,0.000000,0.000000,0.000000,0.000000,0.000000,0.000000,0.000000,0.000000,0.000000,0.000000,0.000000,0.000000",,,,,,,,,,,
2026-09-04,Ryan Johnson,696270,LAA,PIT,14,21.290230902716296,4.062088799717638,0.1897278538636217,23,6,6.0,0.2304688438928703,0.1223843912732183,-1.937911200282362,-1.7097690972837043,,,18.0,,,,,,,,,"0.019993,0.074207,0.142265,0.187358,0.189603,0.156105,0.108084,0.064285,0.033338,0.015246,0.006204,0.002264,0.000745,0.000223,0.000061,0.000015,0.000003,0.000001,0.000000,0.000000,0.000000,0.000000,0.000000,0.000000,0.000000,0.000000,0.000000,0.000000,0.000000,0.000000,0.000000,0.000000,0.000000,0.000000,0.000000",,,,,,,,,,,
2026-09-04,Blake Snell,605483,LAD,WSH,9,22.783015903707643,7.894947264939637,0.2717423493191634,23,7,6.0,0.7940989831983243,0.6732729203916675,0.8949472649396366,-0.2169840962923572,,,18.0,,,,,,,,,"0.000589,0.003973,0.013826,0.033096,0.061245,0.093172,0.120826,0.136631,0.136740,0.122349,0.098581,0.071910,0.047686,0.028846,0.015965,0.008108,0.003791,0.001638,0.000657,0.000246,0.000086,0.000029,0.000009,0.000003,0.000001,0.000000,0.000000,0.000000,0.000000,0.000000,0.000000,0.000000,0.000000,0.000000,0.000000",,,,,,,,,,,
2026-09-04,Logan Gilbert,669302,SEA,ATH,32,23.46395961528051,6.550968578555852,0.2476521602990232,23,10,4.666666666666667,0.639017378021858,0.4849571128807513,-3.449031421444148,0.4639596152805083,,,14.0,,,,,,,,,"0.001782,0.010599,0.032381,0.067602,0.108084,0.140534,0.154060,0.145781,0.121025,0.089190,0.058863,0.035027,0.018896,0.009284,0.004172,0.001722,0.000656,0.000232,0.000076,0.000023,0.000007,0.000002,0.000000,0.000000,0.000000,0.000000,0.000000,0.000000,0.000000,0.000000,0.000000,0.000000,0.000000,0.000000,0.000000",,,,,,,,,,,
2026-09-04,Nolan McLean,690997,NYM,SF,31,23.67303411430797,6.285670044966413,0.2577355960933394,27,7,6.0,0.6001943402654552,0.4428332389692015,-0.7143299550335866,-3.326965885692029,,,18.0,,,,,,,,,"0.002252,0.012973,0.038368,0.077413,0.119384,0.149416,0.157361,0.142818,0.113577,0.080120,0.050607,0.028836,0.014914,0.007038,0.003044,0.001212,0.000446,0.000153,0.000049,0.000014,0.000004,0.000001,0.000000,0.000000,0.000000,0.000000,0.000000,0.000000,0.000000,0.000000,0.000000,0.000000,0.000000,0.000000,0.000000",,,,,,,,,,,
2026-09-04,Zebby Matthews,805673,MIN,CWS,22,24.236978197782577,5.682869080013113,0.202079454354708,20,4,5.0,0.5049685389119375,0.3454477265678166,1.6828690800131128,4.236978197782577,,,15.0,,,,,,,,,"0.003684,0.019987,0.055189,0.103110,0.146127,0.166934,0.159521,0.130669,0.093338,0.058877,0.033118,0.016743,0.007661,0.003193,0.001220,0.000430,0.000140,0.000043,0.000012,0.000003,0.000001,0.000000,0.000000,0.000000,0.000000,0.000000,0.000000,0.000000,0.000000,0.000000,0.000000,0.000000,0.000000,0.000000,0.000000",,,,,,,,,,,
2026-09-04,Shane Baz,669358,BAL,BOS,31,23.785078932235145,5.525375867731947,0.2133495654639308,26,6,6.333333333333333,0.477540206199989,0.3209816922311848,-0.4746241322680529,-2.2149210677648554,,,19.0,,,,,,,,,"0.004522,0.023403,0.061940,0.111390,0.152478,0.168726,0.156559,0.124822,0.087007,0.053715,0.029666,0.014774,0.006678,0.002754,0.001041,0.000362,0.000116,0.000034,0.000010,0.000002,0.000001,0.000000,0.000000,0.000000,0.000000,0.000000,0.000000,0.000000,0.000000,0.000000,0.000000,0.000000,0.000000,0.000000,0.000000",,,,,,,,,,,
2026-09-04,Ranger Suarez,624133,BOS,BAL,29,21.90288777094346,5.390898034349831,0.2266092723498517,27,3,7.0,0.4552287784020549,0.3036895610671913,2.3908980343498314,-5.097112229056538,,,21.0,,,,,,,,,"0.006018,0.028458,0.069872,0.118476,0.155277,0.166671,0.151539,0.119238,0.082397,0.050544,0.027749,0.013724,0.006147,0.002504,0.000931,0.000317,0.000100,0.000029,0.000008,0.000002,0.000000,0.000000,0.000000,0.000000,0.000000,0.000000,0.000000,0.000000,0.000000,0.000000,0.000000,0.000000,0.000000,0.000000,0.000000",,,,,,,,,,,
2026-09-04,Cristian Javier,664299,HOU,AZ,12,21.50462981322124,5.242038668862151,0.1984915715940625,19,8,5.0,0.4304897326327438,0.2814473005075771,-2.7579613311378486,2.5046298132212392,,,15.0,,,,,,,,,"0.007010,0.032117,0.076359,0.125679,0.160384,0.167962,0.149042,0.114335,0.076903,0.045846,0.024439,0.011732,0.005102,0.002019,0.000729,0.000241,0.000073,0.000020,0.000005,0.000001,0.000000,0.000000,0.000000,0.000000,0.000000,0.000000,0.000000,0.000000,0.000000,0.000000,0.000000,0.000000,0.000000,0.000000,0.000000",,,,,,,,,,,
2026-09-04,Shota Imanaga,684007,CHC,MIA,31,22.8046867753724,5.141693636256413,0.2316016394359659,21,4,6.0,0.4122580409466412,0.2619647177934379,1.141693636256413,1.8046867753724,,,18.0,,,,,,,,,"0.006587,0.031639,0.077939,0.130815,0.167437,0.173325,0.150293,0.111705,0.072323,0.041285,0.020976,0.009558,0.003932,0.001468,0.000500,0.000156,0.000045,0.000012,0.000003,0.000001,0.000000,0.000000,0.000000,0.000000,0.000000,0.000000,0.000000,0.000000,0.000000,0.000000,0.000000,0.000000,0.000000,0.000000,0.000000",,,,,,,,,,,
2026-09-04,Foster Griffin,656492,CLE,DET,27,23.253227693400465,5.035617218965009,0.2189122374320674,27,3,6.0,0.3932806563965663,0.2470702768430613,2.035617218965009,-3.746772306599535,,,18.0,,,,,,,,,"0.007521,0.035045,0.083921,0.137034,0.170781,0.172418,0.146210,0.106665,0.068071,0.038463,0.019417,0.008817,0.003622,0.001353,0.000461,0.000145,0.000042,0.000011,0.000003,0.000001,0.000000,0.000000,0.000000,0.000000,0.000000,0.000000,0.000000,0.000000,0.000000,0.000000,0.000000,0.000000,0.000000,0.000000,0.000000",,,,,,,,,,,
2026-09-04,Merrill Kelly,518876,AZ,HOU,29,24.306448601804,5.014742542991282,0.1732253315386895,25,4,6.0,0.38880380589996,0.2423951987853845,1.0147425429912822,-0.693551398196,,,18.0,,,,,,,,,"0.007244,0.034616,0.084183,0.138492,0.172808,0.173853,0.146409,0.105826,0.066826,0.037350,0.018661,0.008400,0.003429,0.001277,0.000436,0.000137,0.000040,0.000011,0.000003,0.000001,0.000000,0.000000,0.000000,0.000000,0.000000,0.000000,0.000000,0.000000,0.000000,0.000000,0.000000,0.000000,0.000000,0.000000,0.000000",,,,,,,,,,,
2026-09-04,Max Fried,608331,NYY,SD,20,22.6772193474006,5.009083086432424,0.2370451905266278,21,4,5.666666666666667,0.3891730845218384,0.243715947770314,1.0090830864324245,1.6772193474006016,,,17.0,,,,,,,,,"0.007876,0.036111,0.085391,0.138184,0.171171,0.172094,0.145457,0.105766,0.067231,0.037801,0.018967,0.008552,0.003485,0.001290,0.000436,0.000135,0.000039,0.000010,0.000003,0.000001,0.000000,0.000000,0.000000,0.000000,0.000000,0.000000,0.000000,0.000000,0.000000,0.000000,0.000000,0.000000,0.000000,0.000000,0.000000",,,,,,,,,,,
2026-09-04,Ryan Feltner,663372,COL,STL,19,22.57921172492805,4.774145103027405,0.1779391872274622,24,5,5.0,0.3481297761726805,0.2099469992997042,-0.2258548969725948,-1.4207882750719492,,,15.0,,,,,,,,,"0.009816,0.043113,0.097595,0.151063,0.178776,0.171506,0.138183,0.095739,0.058004,0.031109,0.014903,0.006419,0.002497,0.000881,0.000283,0.000083,0.000022,0.000005,0.000001,0.000000,0.000000,0.000000,0.000000,0.000000,0.000000,0.000000,0.000000,0.000000,0.000000,0.000000,0.000000,0.000000,0.000000,0.000000,0.000000",,,,,,,,,,,
2026-09-04,Walker Buehler,621111,SD,NYY,29,21.01268005580993,4.6022779234435385,0.1958199400002577,17,6,5.0,0.321199537890788,0.1908675740667587,-1.3977220765564615,4.0126800558099305,,,15.0,,,,,,,,,"0.012849,0.051966,0.109263,0.159077,0.179496,0.166150,0.130332,0.088437,0.052659,0.027812,0.013139,0.005588,0.002150,0.000751,0.000239,0.000069,0.000018,0.000004,0.000001,0.000000,0.000000,0.000000,0.000000,0.000000,0.000000,0.000000,0.000000,0.000000,0.000000,0.000000,0.000000,0.000000,0.000000,0.000000,0.000000",,,,,,,,,,,
2026-09-04,Nick Martinez,607259,TB,TEX,26,23.619782341393968,4.47004346511637,0.166639134723755,25,4,6.333333333333333,0.2947088709885037,0.1675851196051325,0.4700434651163698,-1.380217658606032,,,19.0,,,,,,,,,"0.012487,0.052952,0.114685,0.168419,0.187821,0.168927,0.127124,0.082026,0.046173,0.022966,0.010194,0.004070,0.001471,0.000485,0.000146,0.000041,0.000010,0.000003,0.000001,0.000000,0.000000,0.000000,0.000000,0.000000,0.000000,0.000000,0.000000,0.000000,0.000000,0.000000,0.000000,0.000000,0.000000,0.000000,0.000000",,,,,,,,,,,
2026-09-04,Andre Pallante,669467,STL,COL,28,23.12315956822002,4.147690386937553,0.1786905105008001,20,1,5.0,0.2405488684894205,0.1277367270849275,3.147690386937553,3.123159568220021,,,15.0,,,,,,,,,"0.016822,0.066746,0.135269,0.185704,0.193223,0.161687,0.112812,0.067229,0.034811,0.015863,0.006426,0.002333,0.000765,0.000228,0.000062,0.000015,0.000004,0.000001,0.000000,0.000000,0.000000,0.000000,0.000000,0.000000,0.000000,0.000000,0.000000,0.000000,0.000000,0.000000,0.000000,0.000000,0.000000,0.000000,0.000000",,,,,,,,,,,
2026-09-04,Jameson Taillon,592791,TOR,KC,20,22.353332707724483,4.013401876350589,0.2066802430794523,8,1,2.0,0.2206434493470104,0.114825836815423,3.013401876350589,14.353332707724483,,,6.0,,,,,,,,,"0.019943,0.075056,0.145130,0.191262,0.192097,0.155869,0.105818,0.061509,0.031117,0.013870,0.005499,0.001955,0.000628,0.000183,0.000049,0.000012,0.000003,0.000001,0.000000,0.000000,0.000000,0.000000,0.000000,0.000000,0.000000,0.000000,0.000000,0.000000,0.000000,0.000000,0.000000,0.000000,0.000000,0.000000,0.000000",,,,,,,,,,,
2026-09-04,Matt Wilkinson,683363,SF,NYM,2,21.95930117623801,3.913963642989553,0.205664720483515,17,2,3.0,0.2064216193832523,0.1059451771330266,1.913963642989553,4.959301176238011,,,9.0,,,,,,,,,"0.022630,0.081711,0.152491,0.194947,0.190677,0.151124,0.100476,0.057350,0.028571,0.012577,0.004937,0.001741,0.000554,0.000160,0.000042,0.000010,0.000002,0.000000,0.000000,0.000000,0.000000,0.000000,0.000000,0.000000,0.000000,0.000000,0.000000,0.000000,0.000000,0.000000,0.000000,0.000000,0.000000,0.000000,0.000000",,,,,,,,,,,
2026-09-04,Janson Junk,676083,MIA,CHC,24,22.02534208643884,3.882402941138833,0.1801842179873798,18,4,5.0,0.2008444000185548,0.1017572595037555,-0.117597058861167,4.02534208643884,,,15.0,,,,,,,,,"0.022857,0.082831,0.154548,0.196903,0.191465,0.150551,0.099087,0.055836,0.027370,0.011810,0.004528,0.001554,0.000481,0.000135,0.000035,0.000008,0.000002,0.000000,0.000000,0.000000,0.000000,0.000000,0.000000,0.000000,0.000000,0.000000,0.000000,0.000000,0.000000,0.000000,0.000000,0.000000,0.000000,0.000000,0.000000",,,,,,,,,,,
2026-09-04,Andrew Sears,808825,DET,CLE,0,22.793046357615893,3.7761627054441393,0.2145710757608774,23,4,5.666666666666667,0.1837983049046062,0.0905700728321812,-0.2238372945558606,-0.2069536423841071,,,17.0,,,,,,,,,"0.024652,0.088457,0.162483,0.202570,0.191762,0.146277,0.093228,0.050849,0.024135,0.010088,0.003747,0.001245,0.000372,0.000101,0.000025,0.000006,0.000001,0.000000,0.000000,0.000000,0.000000,0.000000,0.000000,0.000000,0.000000,0.000000,0.000000,0.000000,0.000000,0.000000,0.000000,0.000000,0.000000,0.000000,0.000000",,,,,,,,,,,
2026-09-04,Kade Morris,695034,ATH,SEA,1,22.65391541768328,3.768068646527472,0.2119219446331594,14,0,2.6666666666666665,0.182186718463377,0.0892136806996927,3.768068646527472,8.65391541768328,,,8.0,,,,,,,,,"0.024675,0.088618,0.162857,0.203086,0.192193,0.146384,0.092973,0.050410,0.023724,0.009814,0.003604,0.001185,0.000352,0.000095,0.000023,0.000005,0.000001,0.000000,0.000000,0.000000,0.000000,0.000000,0.000000,0.000000,0.000000,0.000000,0.000000,0.000000,0.000000,0.000000,0.000000,0.000000,0.000000,0.000000,0.000000",,,,,,,,,,,
2026-09-04,Jackson Kent,800600,WSH,LAD,4,22.428427342620083,3.760245747355967,0.2090022749710632,24,4,5.0,0.1815948620612464,0.0890606597021242,-0.2397542526440328,-1.5715726573799174,,,15.0,,,,,,,,,"0.025165,0.089554,0.163491,0.202962,0.191541,0.145693,0.092534,0.050235,0.023697,0.009832,0.003622,0.001194,0.000354,0.000095,0.000023,0.000005,0.000001,0.000000,0.000000,0.000000,0.000000,0.000000,0.000000,0.000000,0.000000,0.000000,0.000000,0.000000,0.000000,0.000000,0.000000,0.000000,0.000000,0.000000,0.000000",,,,,,,,,,,
2026-09-04,Erick Fedde,607200,CWS,MIN,15,21.17397552694389,3.466353766795131,0.1922192302503917,20,2,5.0,0.1440851325327432,0.067198511938061,1.4663537667951312,1.1739755269438916,,,15.0,,,,,,,,,"0.035572,0.112726,0.185485,0.210062,0.182778,0.129292,0.076887,0.039293,0.017528,0.006904,0.002423,0.000762,0.000216,0.000056,0.000013,0.000003,0.000001,0.000000,0.000000,0.000000,0.000000,0.000000,0.000000,0.000000,0.000000,0.000000,0.000000,0.000000,0.000000,0.000000,0.000000,0.000000,0.000000,0.000000,0.000000",,,,,,,,,,,
2026-09-04,Trevor Williams,592866,TEX,TB,0,22.793046357615893,3.3835215691508846,0.2145710757608774,3,2,1.0,0.1284036808130751,0.0567678509650132,1.3835215691508846,19.793046357615893,,,3.0,,,,,,,,,"0.035238,0.115417,0.192601,0.217121,0.184944,0.126274,0.071636,0.034589,0.014464,0.005308,0.001729,0.000504,0.000133,0.000032,0.000007,0.000001,0.000000,0.000000,0.000000,0.000000,0.000000,0.000000,0.000000,0.000000,0.000000,0.000000,0.000000,0.000000,0.000000,0.000000,0.000000,0.000000,0.000000,0.000000,0.000000",,,,,,,,,,,
2026-09-04,Daniel Lynch IV,663738,KC,TOR,5,17.95126988461801,2.864457221249838,0.2039204067514806,24,0,5.0,0.0796428163472165,0.0327626174049016,2.864457221249838,-6.048730115381989,,,15.0,,,,,,,,,"0.064906,0.169624,0.228165,0.212157,0.153608,0.091897,0.046880,0.020759,0.008070,0.002776,0.000851,0.000233,0.000057,0.000013,0.000003,0.000000,0.000000,0.000000,0.000000,0.000000,0.000000,0.000000,0.000000,0.000000,0.000000,0.000000,0.000000,0.000000,0.000000,0.000000,0.000000,0.000000,0.000000,0.000000,0.000000",,,,,,,,,,,
2026-09-15,Jacob Misiorowski,694819,MIL,PIT,28,22.63067513526229,8.315939203938214,0.3395294486503755,20,7,5.0,0.828699618504062,0.7204314540986397,1.315939203938214,2.6306751352622904,41.0,7.0,15.0,17.494707127734646,5.135968007527644,0.8766905272765934,0.6928007546481092,0.6282169274154128,0.5460252448411922,0.2959474035942346,2.494707127734646,"0.000417,0.002939,0.010633,0.026417,0.050725,0.080169,0.108268,0.127909,0.134221,0.126387,0.107560,0.083154,0.058612,0.037763,0.022277,0.012045,0.005974,0.002720,0.001138,0.000439,0.000157,0.000052,0.000016,0.000005,0.000001,0.000000,0.000000,0.000000,0.000000,0.000000,0.000000,0.000000,0.000000,0.000000,0.000000","4:0.000508,6:0.002436,7:0.002000,8:0.005836,9:0.012775,10:0.006991,11:0.011477,12:0.030356,13:0.018330,14:0.032600,15:0.183890,16:0.064584,17:0.082192,18:0.250078,19:0.035443,20:0.036637,21:0.153314,22:0.010326,23:0.005651,24:0.030923,25:0.003384,27:0.020270",0.3490223271251682,-1.0207396209454451,99.58999816153374,98.66194050303638,-0.928057658497366,Cold,0.3717146433041302,0.2888888888888888,-1.6259356413741306,Cold
2026-09-15,Yoshinobu Yamamoto,808967,LAD,CIN,28,24.80192895789225,7.692483392592665,0.2640030769506922,24,7,7.0,0.7772875855405652,0.648705329820728,0.6924833925926652,0.801928957892251,71.0,6.0,21.0,19.17666431427899,5.625264643613267,0.9481995128600428,0.8318294311227394,0.7849298291627962,0.7164386148850382,0.4773032417922479,-1.823335685721009,"0.000581,0.004090,0.014688,0.035831,0.066697,0.100825,0.128582,0.141860,0.137773,0.119262,0.092862,0.065479,0.042023,0.024642,0.013245,0.006545,0.002984,0.001260,0.000495,0.000182,0.000063,0.000021,0.000006,0.000002,0.000000,0.000000,0.000000,0.000000,0.000000,0.000000,0.000000,0.000000,0.000000,0.000000,0.000000","4:0.000071,6:0.000447,7:0.000421,8:0.001410,9:0.003541,10:0.002223,11:0.004189,12:0.012713,13:0.008809,14:0.017978,15:0.116370,16:0.046900,17:0.068491,18:0.239135,19:0.038892,20:0.046132,21:0.221531,22:0.017122,23:0.010752,24:0.067517,25:0.008480,27:0.066877",0.256773398289235,0.7773848023072328,94.5966661141146,95.2107302533532,0.614064139238593,Hot,0.2745341614906832,0.3431372549019608,1.552519647406299,Hot
2026-09-15,Cristopher Sánchez,650911,PHI,WSH,33,25.30565190777392,6.952505505132882,0.2683445048911775,27,5,6.333333333333333,0.6934371966893607,0.5454438846849649,1.9525055051328817,-1.694348092226079,114.0,6.0,19.0,18.516629259334827,6.789022648439094,0.9264425653028134,0.7839502711103516,0.7294697792761637,0.6539903596943496,0.4039792364311218,-0.4833707406651726,"0.001114,0.007274,0.024121,0.054138,0.092379,0.127537,0.147993,0.148024,0.129883,0.101265,0.070836,0.044792,0.025758,0.013541,0.006536,0.002909,0.001199,0.000459,0.000164,0.000055,0.000017,0.000005,0.000001,0.000000,0.000000,0.000000,0.000000,0.000000,0.000000,0.000000,0.000000,0.000000,0.000000,0.000000,0.000000","4:0.000155,6:0.000879,7:0.000785,8:0.002496,9:0.005947,10:0.003543,11:0.006332,12:0.018232,13:0.011985,14:0.023205,15:0.142492,16:0.054480,17:0.075479,18:0.250011,19:0.038575,20:0.043408,21:0.197750,22:0.014499,23:0.008638,24:0.051459,25:0.006131,27:0.043520",0.2650797213029154,0.3510519987378683,94.361565503344,94.82091589267286,0.4593503893288613,Normal,0.2430978845464324,0.219047619047619,-0.5745185758763067,Normal
2026-09-15,Foster Griffin,656492,CLE,CWS,29,23.175758959141746,5.634761738933178,0.2268308612207187,19,5,4.0,0.4967485328977567,0.3392711073356338,0.6347617389331779,4.175758959141746,29.0,6.0,12.0,16.767861218899792,6.407897740241953,0.827678176716643,0.618487450223492,0.549326944032482,0.4664732664735182,0.2291672967133045,4.767861218899792,"0.004175,0.021745,0.058102,0.105848,0.147267,0.166115,0.157477,0.128455,0.091632,0.057828,0.032560,0.016459,0.007505,0.003099,0.001162,0.000398,0.000125,0.000036,0.000010,0.000002,0.000001,0.000000,0.000000,0.000000,0.000000,0.000000,0.000000,0.000000,0.000000,0.000000,0.000000,0.000000,0.000000,0.000000,0.000000","4:0.001125,6:0.004775,7:0.003689,8:0.010136,9:0.020886,10:0.010759,11:0.016627,12:0.041398,13:0.023532,14:0.039397,15:0.209191,16:0.069161,17:0.082854,18:0.237306,19:0.031661,20:0.030807,21:0.121357,22:0.007694,23:0.003964,24:0.020418,25:0.002104,27:0.011164",0.218791847256076,0.8644101037250218,89.80404246472922,90.289651416122,0.485608951392777,Normal,0.2198347107438016,0.1764705882352941,-0.9653806295023164,Normal
2026-09-15,Lake Bachar,669199,PIT,MIL,1,20.705802968960864,5.137047108250364,0.2298154298162552,11,1,2.0,0.4123156696244315,0.267373812704316,4.137047108250364,9.705802968960864,1.0,30.0,6.0,15.101214574898783,5.604588394062079,0.6801703589735436,0.4438832704440988,0.3751062665305393,0.3025651214885497,0.1196419143311354,9.101214574898783,"0.007926,0.035614,0.082500,0.131784,0.163249,0.166612,0.144942,0.109660,0.073079,0.043280,0.022933,0.010930,0.004707,0.001837,0.000652,0.000211,0.000062,0.000017,0.000004,0.000001,0.000000,0.000000,0.000000,0.000000,0.000000,0.000000,0.000000,0.000000,0.000000,0.000000,0.000000,0.000000,0.000000,0.000000,0.000000","4:0.005156,6:0.016968,7:0.011544,8:0.027922,9:0.050654,10:0.022973,11:0.031258,12:0.068520,13:0.034291,14:0.050544,15:0.236287,16:0.068777,17:0.072541,18:0.182923,19:0.021487,20:0.018407,21:0.063839,22:0.003563,23:0.001616,24:0.007330,25:0.000665,27:0.002735",0.2377918145279918,-0.8576757754555517,94.37256065954438,93.71899255715046,-0.653568102393919,Cold,0.2457337883959044,0.2647058823529412,0.2569567085455107,Normal
2026-09-15,Griffin Jax,643377,TB,ATH,19,19.74780915287245,4.926208296648332,0.2392624138040804,17,7,5.0,0.3768624456215452,0.2389948723992912,-2.0737917033516684,2.747809152872449,19.0,6.0,15.0,14.391431353456673,5.356377799415775,0.6090805835306291,0.3756128443598994,0.3108482887809971,0.2457475685739217,0.0892968926403882,-0.6085686465433273,"0.010024,0.042919,0.094335,0.142903,0.168434,0.164523,0.137868,0.101036,0.065483,0.037812,0.019560,0.009105,0.003826,0.001455,0.000502,0.000157,0.000045,0.000012,0.000003,0.000001,0.000000,0.000000,0.000000,0.000000,0.000000,0.000000,0.000000,0.000000,0.000000,0.000000,0.000000,0.000000,0.000000,0.000000,0.000000","4:0.008648,6:0.025850,7:0.016760,8:0.038635,9:0.066798,10:0.028872,11:0.037438,12:0.078213,13:0.037303,14:0.052402,15:0.233468,16:0.064765,17:0.065101,18:0.156451,19:0.017514,20:0.014299,21:0.047262,22:0.002514,23:0.001087,24:0.004697,25:0.000406,27:0.001517",0.245175111818017,-0.6357739799931756,95.27922955421292,94.9306164717349,-0.3486130824780389,Normal,0.2294617563739376,0.2625,0.7027642956416885,Normal
2026-09-15,Chris Murphy,669684,CWS,CLE,0,22.7708674304419,4.922082512273621,0.2398211465765719,5,0,0.6666666666666666,0.3738460357897496,0.2305122335773345,4.922082512273621,17.7708674304419,0.0,,2.0,16.399345335515548,6.371522094926352,0.7986906710310965,0.5793780687397707,0.509001636661211,0.4271685761047462,0.199672667757774,14.399345335515548,"0.008397,0.038193,0.089416,0.142950,0.174551,0.172647,0.143334,0.102260,0.063733,0.035109,0.017240,0.007591,0.003011,0.001079,0.000350,0.000103,0.000028,0.000007,0.000002,0.000000,0.000000,0.000000,0.000000,0.000000,0.000000,0.000000,0.000000,0.000000,0.000000,0.000000,0.000000,0.000000,0.000000,0.000000,0.000000","4:0.001637,6:0.006547,7:0.004910,8:0.013093,9:0.026187,10:0.013093,11:0.019640,12:0.047463,13:0.026187,14:0.042553,15:0.219313,16:0.070376,17:0.081833,18:0.227496,19:0.029460,20:0.027823,21:0.106383,22:0.006547,23:0.003273,24:0.016367,25:0.001637,27:0.008183",0.2285632142600445,1.2105303566158492,94.0071797939694,95.04799145299148,1.0408116590220686,Hot,0.2083333333333333,0.2564102564102564,0.7392960871352158,Normal
2026-09-15,Jackson Kent,800600,WSH,PHI,6,22.05823148813803,4.614348411629275,0.2084689774634943,22,4,5.0,0.3203845089173057,0.1864653243200307,0.6143484116292752,0.0582314881380305,6.0,6.0,15.0,14.867002156721783,7.191229331416245,0.6569890581133021,0.4207611788196144,0.3531099175839932,0.2829064545634957,0.1087320153626502,-0.1329978432782166,"0.010978,0.047573,0.105580,0.159643,0.184136,0.171705,0.133919,0.089293,0.051691,0.026289,0.011861,0.004786,0.001739,0.000572,0.000171,0.000047,0.000012,0.000003,0.000001,0.000000,0.000000,0.000000,0.000000,0.000000,0.000000,0.000000,0.000000,0.000000,0.000000,0.000000,0.000000,0.000000,0.000000,0.000000,0.000000","4:0.006164,6:0.019636,7:0.013143,8:0.031279,9:0.055829,10:0.024912,11:0.033349,12:0.071925,13:0.035415,14:0.051359,15:0.236228,16:0.067651,17:0.070203,18:0.174174,19:0.020129,20:0.016966,21:0.057893,22:0.003179,23:0.001419,24:0.006331,25:0.000565,27:0.002250",0.2053207245125687,0.3385218226801666,93.01524509803922,93.09996175575836,0.0847166577191558,Normal,,,,Unknown
2026-09-15,Rhett Lowder,695076,CIN,LAD,23,22.239100249930576,4.451284467698065,0.2066728456720108,22,4,5.0,0.2930829124579917,0.1671011854189037,0.4512844676980654,0.2391002499305763,29.0,6.0,15.0,14.94862538183838,7.290474868092197,0.6651065435726805,0.4287563295719596,0.3606885914548637,0.2896548761645602,0.1124274263233489,-0.0513746181616205,"0.013467,0.055100,0.116387,0.168352,0.186361,0.167250,0.125982,0.081510,0.046053,0.023004,0.010255,0.004108,0.001486,0.000487,0.000145,0.000039,0.000010,0.000002,0.000000,0.000000,0.000000,0.000000,0.000000,0.000000,0.000000,0.000000,0.000000,0.000000,0.000000,0.000000,0.000000,0.000000,0.000000,0.000000,0.000000","4:0.005797,6:0.018677,7:0.012572,8:0.030088,9:0.054006,10:0.024234,11:0.032625,12:0.070759,13:0.035037,14:0.051098,15:0.236350,16:0.068068,17:0.071034,18:0.177227,19:0.020597,20:0.017459,21:0.059909,22:0.003309,23:0.001485,24:0.006663,25:0.000598,27:0.002408",0.190113022972696,1.780626096700519,93.12810438784314,94.10092768290112,0.972823295057978,Hot,0.1786941580756013,0.1348314606741573,-1.080146607014072,Normal
2026-09-15,Jack Perkins,678022,ATH,TB,14,21.765939942410533,4.192903090083472,0.2316109129244305,24,8,6.666666666666667,0.2497933795858416,0.1348699572826912,-3.807096909916528,-2.234060057589467,18.0,7.0,20.0,14.335664335664337,7.430275606746196,0.6034132089096359,0.3704860741390418,0.3061064177018915,0.241627889364499,0.0872358778481684,-5.664335664335663,"0.016907,0.066034,0.132639,0.182004,0.190787,0.161835,0.114923,0.069852,0.036914,0.017165,0.007089,0.002620,0.000872,0.000263,0.000072,0.000018,0.000004,0.000001,0.000000,0.000000,0.000000,0.000000,0.000000,0.000000,0.000000,0.000000,0.000000,0.000000,0.000000,0.000000,0.000000,0.000000,0.000000,0.000000,0.000000","4:0.008981,6:0.026650,7:0.017215,8:0.039541,9:0.068115,10:0.029335,11:0.037900,12:0.078889,13:0.037489,14:0.052472,15:0.232927,16:0.064380,17:0.064479,18:0.154392,19:0.017221,20:0.014008,21:0.046134,22:0.002445,23:0.001053,24:0.004535,25:0.000391,27:0.001449",0.2406321825311259,-0.9700289899672508,94.9798439234198,94.1197646626218,-0.8600792607980168,Cold,0.2515463917525773,0.2441860465116279,-0.1573098518312145,Normal
2026-09-15,Logan Gilbert,669302,SEA,LAA,32,23.461119262209177,7.443920339082454,0.2693838368676987,27,7,6.0,0.7504458230847885,0.6156693400603266,0.443920339082454,-3.538880737790823,150.0,5.0,18.0,17.468036051142317,5.99308321106686,0.8750948095671479,0.690181538950122,0.6253833538797287,0.5431031242264602,0.2933152249240472,-0.5319639488576833,"0.000790,0.005251,0.017906,0.041757,0.074737,0.109113,0.134776,0.144219,0.135885,0.114071,0.086071,0.058767,0.036493,0.020688,0.010736,0.005110,0.002234,0.000898,0.000333,0.000114,0.000036,0.000011,0.000003,0.000001,0.000000,0.000000,0.000000,0.000000,0.000000,0.000000,0.000000,0.000000,0.000000,0.000000,0.000000","4:0.000524,6:0.002499,7:0.002047,8:0.005961,9:0.013020,10:0.007109,11:0.011644,12:0.030730,13:0.018515,14:0.032855,15:0.184913,16:0.064798,17:0.082280,18:0.249788,19:0.035323,20:0.036431,21:0.152112,22:0.010222,23:0.005581,24:0.030475,25:0.003328,27:0.019843",0.2602704448440339,0.9799346262005092,95.70524528002343,96.62269753858988,0.9174522585664562,Hot,0.2627338129496402,0.3191489361702128,1.242765891645861,Normal
2026-09-15,Jacob deGrom,594798,TEX,BOS,30,21.52804256262469,6.484091592125626,0.2939343913121238,21,8,5.0,0.6248109664541095,0.4746732339984404,-1.515908407874374,0.528042562624691,78.0,5.0,15.0,15.938816227000665,5.58922633562403,0.7591397310809537,0.5303745650250116,0.4595638505747531,0.3801409125189657,0.1671622142633011,0.9388162270006646,"0.002358,0.012999,0.036979,0.072619,0.110759,0.139475,0.150138,0.141062,0.117242,0.087022,0.058101,0.035091,0.019255,0.009627,0.004393,0.001832,0.000698,0.000243,0.000077,0.000023,0.000006,0.000002,0.000000,0.000000,0.000000,0.000000,0.000000,0.000000,0.000000,0.000000,0.000000,0.000000,0.000000,0.000000,0.000000","4:0.002538,6:0.009446,7:0.006833,8:0.017578,9:0.033910,10:0.016355,11:0.023664,12:0.055163,13:0.029357,14:0.046016,15:0.228765,16:0.070811,17:0.079423,18:0.212979,19:0.026604,20:0.024236,21:0.089386,22:0.005306,23:0.002559,24:0.012342,25:0.001191,27:0.005539",0.2965626356189958,-0.2826069147174176,97.73701330935484,97.50100889192886,-0.2360044174259741,Normal,0.3163522012578616,0.3493975903614458,0.6473635995496061,Normal
2026-09-15,Sean Manaea,640455,NYM,BAL,17,23.5033676001418,5.933691249810044,0.2040748584209415,19,6,5.333333333333333,0.5465015554588101,0.3867267154653795,-0.0663087501899557,4.5033676001418,99.0,7.0,16.0,16.455157745480328,7.048209854661465,0.8032439503441838,0.585324852092811,0.5150825848220953,0.4330399421686413,0.2039405126960124,0.4551577454803279,"0.003025,0.016768,0.047518,0.091583,0.134558,0.160046,0.159775,0.137066,0.102707,0.068029,0.040191,0.021331,0.010230,0.004455,0.001769,0.000643,0.000214,0.000066,0.000019,0.000005,0.000001,0.000000,0.000000,0.000000,0.000000,0.000000,0.000000,0.000000,0.000000,0.000000,0.000000,0.000000,0.000000,0.000000,0.000000","4:0.001548,6:0.006249,7:0.004708,8:0.012610,9:0.025332,10:0.012723,11:0.019170,12:0.046534,13:0.025789,14:0.042094,15:0.217919,16:0.070242,17:0.082043,18:0.229099,19:0.029800,20:0.028271,21:0.108578,22:0.006712,23:0.003371,24:0.016930,25:0.001701,27:0.008579",0.2138959894014587,-1.0560355893029203,91.74932297767847,90.1976568339946,-1.551666143683903,Cold,0.2444788841534289,0.1287128712871287,-2.707059378618541,Cold
2026-09-15,Patrick Sandoval,663776,BOS,TEX,11,22.93140617344439,5.810522847832709,0.2284024875263778,14,5,2.6666666666666665,0.5249636715662251,0.3677461538605144,0.8105228478327087,8.93140617344439,82.0,7.0,8.0,15.418912297893192,7.512493875551199,0.7109667930324348,0.4760747497780773,0.4061345856320078,0.330673529301826,0.1360199649767432,7.418912297893192,"0.003734,0.019593,0.052980,0.098123,0.139403,0.161203,0.157218,0.132348,0.097726,0.064041,0.037572,0.019867,0.009516,0.004146,0.001648,0.000599,0.000200,0.000061,0.000017,0.000005,0.000001,0.000000,0.000000,0.000000,0.000000,0.000000,0.000000,0.000000,0.000000,0.000000,0.000000,0.000000,0.000000,0.000000,0.000000","4:0.003993,6:0.013752,7:0.009570,8:0.023680,9:0.043946,10:0.020388,11:0.028377,12:0.063632,13:0.032576,14:0.049118,15:0.234892,16:0.069940,17:0.075461,18:0.194654,19:0.023389,20:0.020497,21:0.072719,22:0.004152,23:0.001926,24:0.008937,25:0.000829,27:0.003570",0.2265123626278081,0.203239236405341,93.29733823208063,93.4708823529412,0.173544120860555,Normal,0.2189578713968958,0.2365591397849462,0.4104572473612678,Normal
2026-09-15,Kevin Gausman,592332,CHC,ATL,33,23.44888798204448,5.716057461549481,0.233315471166689,22,6,5.666666666666667,0.5104225482031669,0.3516845831387742,-0.2839425384505194,1.4488879820444789,155.0,6.0,17.0,16.500714139971432,6.948173842073047,0.8069187718315477,0.5901751604133,0.520055647617742,0.4378561116451109,0.2074770054067747,-0.4992858600285679,"0.003763,0.020067,0.054785,0.101765,0.144091,0.165107,0.158738,0.131129,0.094631,0.060390,0.034393,0.017605,0.008144,0.003420,0.001309,0.000458,0.000147,0.000043,0.000012,0.000003,0.000001,0.000000,0.000000,0.000000,0.000000,0.000000,0.000000,0.000000,0.000000,0.000000,0.000000,0.000000,0.000000,0.000000,0.000000","4:0.001479,6:0.006014,7:0.004547,8:0.012224,9:0.024648,10:0.012425,11:0.018789,12:0.045778,13:0.025463,14:0.041714,15:0.216744,16:0.070120,17:0.082200,18:0.230379,19:0.030077,20:0.028637,21:0.110390,22:0.006849,23:0.003452,24:0.017402,25:0.001754,27:0.008916",0.2408678340226609,-0.8120820275238597,94.3512698189008,93.50917674279742,-0.8420930761033816,Cold,0.2574965612104539,0.2886597938144329,0.7019293740497058,Normal
2026-09-15,Hunter Brown,686613,HOU,KC,19,22.827977929243755,5.651336280310943,0.2611374537546223,20,10,5.0,0.4993771102908081,0.342161391012224,-4.348663719689057,2.8279779292437546,109.0,6.0,15.0,16.247971437844857,6.580006491398898,0.7860674870521016,0.5632398143331946,0.4925891253284444,0.4114179993729991,0.1884564435882759,1.247971437844857,"0.004202,0.021752,0.057860,0.105165,0.146310,0.165335,0.157216,0.128714,0.092188,0.058441,0.033087,0.016849,0.007762,0.003250,0.001242,0.000434,0.000139,0.000041,0.000011,0.000003,0.000001,0.000000,0.000000,0.000000,0.000000,0.000000,0.000000,0.000000,0.000000,0.000000,0.000000,0.000000,0.000000,0.000000,0.000000","4:0.001898,6:0.007411,7:0.005492,8:0.014470,9:0.028595,10:0.014127,11:0.020937,12:0.049993,13:0.027253,14:0.043758,15:0.222828,16:0.070651,17:0.081171,18:0.222962,19:0.028528,20:0.026621,21:0.100573,22:0.006115,23:0.003021,24:0.014925,25:0.001475,27:0.007198",0.2539117844846005,0.7769536849485773,95.3395244298042,96.1009872680808,0.7614628382766284,Hot,0.2644191714053615,0.2947368421052631,0.6700326459120702,Normal
2026-09-15,Braydon Fisher,680755,TOR,DET,0,22.7708674304419,5.589196319595633,0.231777644346838,5,1,1.3333333333333333,0.4886628077415891,0.3328089630739201,4.589196319595633,17.7708674304419,0.0,,4.0,16.399345335515548,6.371522094926352,0.7986906710310965,0.5793780687397707,0.509001636661211,0.4271685761047462,0.199672667757774,12.399345335515548,"0.004598,0.023245,0.060637,0.108406,0.148646,0.165804,0.155854,0.126348,0.089769,0.056548,0.031847,0.016133,0.007383,0.003061,0.001153,0.000395,0.000124,0.000036,0.000009,0.000002,0.000001,0.000000,0.000000,0.000000,0.000000,0.000000,0.000000,0.000000,0.000000,0.000000,0.000000,0.000000,0.000000,0.000000,0.000000","4:0.001637,6:0.006547,7:0.004910,8:0.013093,9:0.026187,10:0.013093,11:0.019640,12:0.047463,13:0.026187,14:0.042553,15:0.219313,16:0.070376,17:0.081833,18:0.227496,19:0.029460,20:0.027823,21:0.106383,22:0.006547,23:0.003273,24:0.016367,25:0.001637,27:0.008183",0.2285632142600445,0.3456376437412354,95.1,95.31111111111112,0.2111111111111085,Normal,,,,Unknown
2026-09-15,Michael Soroka,647336,AZ,MIA,17,22.950372208436725,5.185684796776458,0.2239814805930982,18,6,5.0,0.4197071859948024,0.2687840227579333,-0.8143152032235417,4.950372208436725,48.0,24.0,15.0,16.593406593406595,6.356965615030131,0.8142770741374448,0.6000286217878598,0.5301956377804968,0.4477170154155471,0.2148191845186366,1.5934065934065949,"0.006340,0.030663,0.076094,0.128639,0.165780,0.172776,0.150923,0.113149,0.074031,0.042787,0.022038,0.010179,0.004235,0.001592,0.000542,0.000168,0.000047,0.000012,0.000003,0.000001,0.000000,0.000000,0.000000,0.000000,0.000000,0.000000,0.000000,0.000000,0.000000,0.000000,0.000000,0.000000,0.000000,0.000000,0.000000","4:0.001347,6:0.005557,7:0.004234,8:0.011467,9:0.023295,10:0.011831,11:0.018025,12:0.044246,13:0.024796,14:0.040927,15:0.214248,16:0.069833,17:0.082479,18:0.232898,19:0.030634,20:0.029387,21:0.114131,22:0.007134,23:0.003623,24:0.018400,25:0.001869,27:0.009641",0.231579449425151,-0.8169858959196573,93.0934170975696,92.1566645248804,-0.936752572689187,Cold,0.2349914236706689,0.2051282051282051,-0.6220492283296555,Normal
2026-09-15,Michael Wacha,608379,KC,HOU,32,24.68727730035632,5.092100895764078,0.2113410802144104,24,2,6.0,0.4022445807002004,0.2536220683794051,3.0921008957640783,0.6872773003563211,136.0,7.0,18.0,18.14923496122406,6.538042339132257,0.911021355056112,0.7534359777816573,0.6949779046833113,0.6163980958871357,0.3638636139208099,0.1492349612240602,"0.006641,0.032397,0.080263,0.134301,0.170255,0.173897,0.148623,0.109007,0.069846,0.039610,0.020077,0.009164,0.003788,0.001425,0.000490,0.000154,0.000045,0.000012,0.000003,0.000001,0.000000,0.000000,0.000000,0.000000,0.000000,0.000000,0.000000,0.000000,0.000000,0.000000,0.000000,0.000000,0.000000,0.000000,0.000000","4:0.000239,6:0.001276,7:0.001106,8:0.003410,9:0.007884,10:0.004557,11:0.007902,12:0.022076,13:0.014080,14:0.026450,15:0.157585,16:0.058458,17:0.078580,18:0.252534,19:0.037804,20:0.041275,21:0.182437,22:0.012979,23:0.007502,24:0.043361,25:0.005013,27:0.033493",0.2005105185869406,1.1645765190827748,91.82975540175644,92.89836034510564,1.068604943349186,Hot,0.1994201030927835,0.2596153846153846,1.5363575928940447,Hot
2026-09-15,Max Fried,608331,NYY,MIN,20,21.903768296480848,4.950370784843724,0.2411966074150799,25,6,7.0,0.3797318262102106,0.2371865625802152,-1.0496292151562765,-3.096231703519152,122.0,5.0,21.0,16.804733727810653,5.099034568670195,0.8304333574807065,0.622369455924748,0.553373183871361,0.4704659538334839,0.2322875216926691,-4.195266272189347,"0.008840,0.039065,0.089486,0.141166,0.171550,0.170160,0.142545,0.103098,0.065367,0.036731,0.018440,0.008320,0.003388,0.001250,0.000418,0.000127,0.000035,0.000009,0.000002,0.000000,0.000000,0.000000,0.000000,0.000000,0.000000,0.000000,0.000000,0.000000,0.000000,0.000000,0.000000,0.000000,0.000000,0.000000,0.000000","4:0.001082,6:0.004621,7:0.003582,8:0.009870,9:0.020400,10:0.010540,11:0.016339,12:0.040803,13:0.023264,14:0.039066,15:0.208064,16:0.068996,17:0.082907,18:0.238178,19:0.031873,20:0.031108,21:0.122913,22:0.007816,23:0.004039,24:0.020868,25:0.002156,27:0.011514",0.2539117844846005,-1.3672233408086574,93.68972574522476,92.62779879543598,-1.0619269497887842,Cold,0.2368329264039065,0.2714285714285714,0.6808314345560839,Normal
2026-09-15,Shane Baz,669358,BAL,NYM,31,24.09028226675285,4.893055306468663,0.2032510890651788,21,2,4.0,0.3676392070326826,0.2248278476558348,2.8930553064686637,3.090282266752851,80.0,6.0,12.0,17.11700064641241,6.973281620340444,0.8526375366370482,0.6548512517859031,0.5875469571401157,0.5045566688977778,0.259901150558274,5.117000646412411,"0.008185,0.038106,0.090393,0.145150,0.176830,0.173696,0.142811,0.100768,0.062105,0.033864,0.016493,0.007226,0.002864,0.001031,0.000338,0.000102,0.000028,0.000007,0.000002,0.000000,0.000000,0.000000,0.000000,0.000000,0.000000,0.000000,0.000000,0.000000,0.000000,0.000000,0.000000,0.000000,0.000000,0.000000,0.000000","4:0.000774,6:0.003482,7:0.002769,8:0.007831,9:0.016608,10:0.008806,11:0.014007,12:0.035896,13:0.021001,14:0.036189,15:0.197786,16:0.067304,17:0.082990,18:0.244656,19:0.033597,20:0.033648,21:0.136428,22:0.008903,23:0.004720,24:0.025029,25:0.002654,27:0.014923",0.2118322061340052,-0.9227007600888536,95.1445832193604,93.9744357031857,-1.170147516174694,Cold,0.2296839729119638,0.1818181818181818,-1.1322518151468175,Normal
2026-09-15,Andre Pallante,669467,STL,SF,28,22.84474241354976,4.883501459925971,0.1897178830808483,27,2,5.0,0.3667290797914727,0.2235525360828864,2.883501459925971,-4.15525758645024,87.0,6.0,15.0,16.424370736297337,6.420371677252415,0.8007391848484842,0.5820450115311312,0.5117265286286042,0.4297971494295496,0.2015774742228391,1.4243707362973377,"0.008372,0.038476,0.090589,0.145066,0.176806,0.173963,0.143177,0.100913,0.061931,0.033508,0.016136,0.006967,0.002713,0.000957,0.000307,0.000090,0.000024,0.000006,0.000001,0.000000,0.000000,0.000000,0.000000,0.000000,0.000000,0.000000,0.000000,0.000000,0.000000,0.000000,0.000000,0.000000,0.000000,0.000000,0.000000","4:0.001597,6:0.006412,7:0.004818,8:0.012875,9:0.025801,10:0.012926,11:0.019428,12:0.047046,13:0.026008,14:0.042348,15:0.218694,16:0.070318,17:0.081929,18:0.228220,19:0.029613,20:0.028024,21:0.107364,22:0.006620,23:0.003317,24:0.016617,25:0.001665,27:0.008358",0.1813727622012743,0.8973248257606528,94.92597824055468,95.5750715946876,0.6490933541329156,Hot,0.1680229775011967,0.1395348837209302,-0.7065983380819135,Normal
2026-09-15,Kyle Freeland,607536,COL,SD,26,23.87697318967677,4.711595307712286,0.1951282078134974,20,1,4.0,0.3361098276935959,0.1991253088200264,3.711595307712286,3.876973189676772,134.0,27.0,12.0,16.386870458531696,7.490102731145079,0.7976653623538688,0.5780483886331065,0.5076444092461633,0.4258607754759855,0.1987285030065663,4.386870458531696,"0.009736,0.043716,0.100071,0.155112,0.182398,0.172856,0.136985,0.093031,0.055087,0.028800,0.013422,0.005617,0.002123,0.000729,0.000228,0.000065,0.000017,0.000004,0.000001,0.000000,0.000000,0.000000,0.000000,0.000000,0.000000,0.000000,0.000000,0.000000,0.000000,0.000000,0.000000,0.000000,0.000000,0.000000,0.000000","4:0.001657,6:0.006615,7:0.004956,8:0.013203,9:0.026380,10:0.013177,11:0.019746,12:0.047671,13:0.026275,14:0.042655,15:0.219617,16:0.070404,17:0.081784,18:0.227132,19:0.029384,20:0.027724,21:0.105896,22:0.006510,23:0.003252,24:0.016243,25:0.001623,27:0.008097",0.1923769099729467,0.2958384774785692,89.07307930518053,89.5353378290677,0.4622585238871721,Normal,0.1675274370561652,0.1764705882352941,0.2418592610471728,Normal
2026-09-15,Blade Tidwell,694918,SF,STL,7,21.96778435239974,4.271036736483283,0.1987343959586792,25,4,6.666666666666667,0.2634146524599046,0.1454921089569671,0.2710367364832828,-3.0322156476002604,9.0,6.0,20.0,15.47666009204471,6.491124260355029,0.716467557922513,0.4820176330581696,0.4119148033497824,0.3359593621105483,0.1392044967318889,-4.52333990795529,"0.016124,0.063243,0.128065,0.177652,0.188746,0.162755,0.117923,0.073441,0.039944,0.019190,0.008212,0.003150,0.001088,0.000339,0.000096,0.000025,0.000006,0.000001,0.000000,0.000000,0.000000,0.000000,0.000000,0.000000,0.000000,0.000000,0.000000,0.000000,0.000000,0.000000,0.000000,0.000000,0.000000,0.000000,0.000000","4:0.003805,6:0.013216,7:0.009236,8:0.022950,9:0.042770,10:0.019926,11:0.027851,12:0.062716,13:0.032242,14:0.048820,15:0.234450,16:0.070103,17:0.075955,18:0.196755,19:0.023741,20:0.020893,21:0.074437,22:0.004268,23:0.001989,24:0.009265,25:0.000863,27:0.003748",0.2076149404633556,-0.9548972585673502,95.15056888655714,94.26443458781362,-0.8861342987435137,Cold,0.1538461538461538,0.2068965517241379,1.371450962647483,Hot
2026-09-15,Bailey Ober,641927,MIN,NYY,24,22.614044492093274,4.227889447093103,0.1631687188203562,27,3,5.333333333333333,0.2551653225932572,0.1389901157972385,1.2278894470931032,-4.385955507906726,117.0,9.0,16.0,16.135084427767357,6.478960064325918,0.7764055510927446,0.5512139719426912,0.4804432886312046,0.3998511792651241,0.1804318394491579,0.1350844277673566,"0.016271,0.064258,0.130481,0.180629,0.190607,0.162589,0.116175,0.071202,0.038060,0.017960,0.007549,0.002845,0.000966,0.000297,0.000083,0.000021,0.000005,0.000001,0.000000,0.000000,0.000000,0.000000,0.000000,0.000000,0.000000,0.000000,0.000000,0.000000,0.000000,0.000000,0.000000,0.000000,0.000000,0.000000,0.000000","4:0.002114,6:0.008111,7:0.005958,8:0.015559,9:0.030475,10:0.014923,11:0.021922,12:0.051884,13:0.028034,14:0.044615,15:0.225192,16:0.070771,17:0.080592,18:0.219419,19:0.027827,20:0.025739,21:0.096380,22:0.005809,23:0.002844,24:0.013928,25:0.001364,27:0.006541",0.1810469395072351,-1.922389321169765,90.67129829496716,87.91985445856413,-2.751443836403027,Cold,0.2247849882720875,0.216867469879518,-0.17279588178684,Normal
2026-09-15,Walker Buehler,621111,SD,COL,30,20.605852360895582,4.055465991781377,0.2028194278417396,21,1,4.666666666666667,0.2315906422327978,0.1243064538539513,3.055465991781377,-0.3941476391044176,81.0,6.0,14.0,14.641986255819107,5.963866105076479,0.6344328654752011,0.399086537766542,0.3327080970130976,0.2648682970771014,0.0991061674733849,0.6419862558191074,"0.021166,0.076482,0.143457,0.186167,0.187090,0.154047,0.107284,0.064475,0.033910,0.015775,0.006546,0.002439,0.000820,0.000250,0.000069,0.000017,0.000004,0.000001,0.000000,0.000000,0.000000,0.000000,0.000000,0.000000,0.000000,0.000000,0.000000,0.000000,0.000000,0.000000,0.000000,0.000000,0.000000,0.000000,0.000000","4:0.007263,6:0.022442,7:0.014794,8:0.034674,9:0.060952,10:0.026786,11:0.035315,12:0.075012,13:0.036376,14:0.051954,15:0.235346,16:0.066378,17:0.067840,18:0.165762,19:0.018867,20:0.015661,21:0.052632,22:0.002847,23:0.001251,24:0.005498,25:0.000483,27:0.001867",0.2074993168060774,-0.5032138671331002,93.15755111463722,92.69650953984286,-0.4610415747943506,Normal,0.186729301233118,0.2394366197183098,1.1396626027408463,Normal
2026-09-15,Ryan Johnson,696270,LAA,SEA,16,21.450390189520625,4.046806568620195,0.1886720537373709,25,7,6.0,0.2278879143842047,0.1205909096801491,-2.9531934313798054,-3.5496098104793745,16.0,6.0,18.0,15.22110739502044,6.229282794500186,0.6918905459058444,0.4559261968028746,0.3866586115283116,0.3129782759018858,0.1256012290088261,-2.7788926049795606,"0.020193,0.074845,0.143303,0.188280,0.189852,0.155639,0.107297,0.063564,0.032840,0.014955,0.006051,0.002189,0.000711,0.000209,0.000055,0.000013,0.000003,0.000001,0.000000,0.000000,0.000000,0.000000,0.000000,0.000000,0.000000,0.000000,0.000000,0.000000,0.000000,0.000000,0.000000,0.000000,0.000000,0.000000,0.000000","4:0.004691,6:0.015701,7:0.010772,8:0.026278,9:0.048077,10:0.021990,11:0.030175,12:0.066708,13:0.033668,14:0.050049,15:0.235964,16:0.069268,17:0.073680,18:0.187377,19:0.022197,20:0.019177,21:0.067077,22:0.003776,23:0.001727,24:0.007900,25:0.000723,27:0.003024",0.1936026327289665,-0.5301697840425361,90.850403413334,90.24365434001028,-0.6067490733237264,Cold,0.1789473684210526,0.1739130434782608,-0.1259757639696811,Normal
2026-09-15,Drew Anderson,623454,DET,TOR,9,20.07467714766985,3.758355220040904,0.218913221790346,20,4,5.0,0.186402764688633,0.0940255018044984,-0.2416447799590959,0.0746771476698491,9.0,7.0,15.0,14.531162268388549,5.543514879281302,0.6232444719069544,0.3886159697005195,0.322927266531779,0.2562867277743596,0.0946539048230252,-0.4688377316114511,"0.027644,0.093786,0.164457,0.198965,0.186143,0.142602,0.092377,0.051624,0.025235,0.010903,0.004197,0.001449,0.000450,0.000126,0.000032,0.000007,0.000002,0.000000,0.000000,0.000000,0.000000,0.000000,0.000000,0.000000,0.000000,0.000000,0.000000,0.000000,0.000000,0.000000,0.000000,0.000000,0.000000,0.000000,0.000000","4:0.007854,6:0.023912,7:0.015647,8:0.036403,9:0.063521,10:0.027710,11:0.036264,12:0.076460,13:0.036805,14:0.052180,15:0.234629,16:0.065689,17:0.066641,18:0.161633,19:0.018261,20:0.015047,21:0.050196,22:0.002695,23:0.001176,24:0.005129,25:0.000447,27:0.001703",0.2304543463490776,-1.240981135347482,95.58876379892038,94.30344560588463,-1.2853181930357491,Cold,0.2546296296296296,0.2068965517241379,-1.0219709100440513,Normal
2026-09-15,Janson Junk,676083,MIA,AZ,24,21.568748324845888,3.63132598516984,0.178561667729688,15,4,3.0,0.1649741990260526,0.0793602684335056,-0.3686740148301601,6.568748324845888,41.0,6.0,9.0,15.403377110694183,6.165371214151703,0.7094814330872183,0.4744804847423945,0.4045867370320067,0.3292607323855429,0.1351744754226405,6.403377110694184,"0.029644,0.099656,0.173166,0.206191,0.187827,0.138541,0.085614,0.045355,0.020945,0.008540,0.003104,0.001014,0.000299,0.000080,0.000019,0.000004,0.000001,0.000000,0.000000,0.000000,0.000000,0.000000,0.000000,0.000000,0.000000,0.000000,0.000000,0.000000,0.000000,0.000000,0.000000,0.000000,0.000000,0.000000,0.000000","4:0.004045,6:0.013899,7:0.009662,8:0.023879,9:0.044264,10:0.020513,11:0.028518,12:0.063877,13:0.032664,14:0.049196,15:0.235001,16:0.069894,17:0.075326,18:0.194086,19:0.023295,20:0.020391,21:0.072262,22:0.004122,23:0.001910,24:0.008851,25:0.000820,27:0.003524",0.1771668914486505,0.1499759441975728,93.72468232196832,93.85048076923076,0.12579844726244,Normal,0.1724500525762355,0.1095890410958904,-1.4217198322824425,Cold
2026-09-15,Martín Pérez,527048,ATL,CHC,24,21.98686679174484,3.3665447073645245,0.1648081907316725,28,2,6.0,0.127621648901863,0.0566492751443687,1.3665447073645245,-6.013133208255159,111.0,5.0,18.0,15.542749932993836,6.444116858751006,0.7227214473049521,0.4888499845878023,0.4185803975830225,0.3420744036343018,0.1429306129381726,-2.4572500670061643,"0.036664,0.117802,0.193682,0.216177,0.183165,0.124888,0.070972,0.034407,0.014466,0.005341,0.001749,0.000512,0.000135,0.000032,0.000007,0.000001,0.000000,0.000000,0.000000,0.000000,0.000000,0.000000,0.000000,0.000000,0.000000,0.000000,0.000000,0.000000,0.000000,0.000000,0.000000,0.000000,0.000000,0.000000,0.000000","4:0.003599,6:0.012621,7:0.008863,8:0.022130,9:0.041441,10:0.019401,11:0.027249,12:0.061658,13:0.031852,14:0.048464,15:0.233871,16:0.070270,17:0.076506,18:0.199144,19:0.024146,20:0.021353,21:0.076444,22:0.004405,23:0.002062,24:0.009654,25:0.000904,27:0.003962",0.1784636233516419,-1.468326088168756,90.02445988265642,87.5484639775173,-2.475995905139115,Cold,0.1819887429643527,0.1630434782608695,-0.4709693974530996,Normal
2026-09-16,Parker Messick,800048,CLE,CWS,31,23.387632750942103,6.7820317792965055,0.2674546842719206,26,8,6.0,0.6712364948244253,0.5205156011564979,-1.2179682207034945,-2.612367249057897,36.0,5.0,18.0,17.408681458194785,5.978951292747318,0.852316509699652,0.6985568886157484,0.6208250930501477,0.5397413657221467,0.2752967265421042,-0.5913185418052151,"0.001404,0.008664,0.027487,0.059560,0.098729,0.132920,0.150721,0.147447,0.126565,0.096503,0.065958,0.040683,0.022756,0.011584,0.005380,0.002285,0.000889,0.000318,0.000105,0.000032,0.000009,0.000002,0.000001,0.000000,0.000000,0.000000,0.000000,0.000000,0.000000,0.000000,0.000000,0.000000,0.000000,0.000000","2:0.000264,5:0.000781,6:0.002228,7:0.003556,8:0.000579,9:0.010565,10:0.005270,11:0.009442,12:0.042083,13:0.033476,14:0.039440,15:0.153760,16:0.077732,17:0.081084,18:0.264445,19:0.034318,20:0.033538,21:0.130649,22:0.003633,23:0.020712,24:0.033061,25:0.005385,27:0.014000",0.256703941297948,1.1559938681690929,93.1996187318691,94.27907491201609,1.079456180146991,Hot,0.2513227513227513,0.2765957446808511,0.5648815490834808,Normal
2026-09-16,Anthony Molina,683627,SF,STL,3,21.29071288423806,5.620710954179723,0.2429890386005486,20,6,5.666666666666667,0.4943356319178881,0.3406278911361465,-0.37928904582027734,1.2907128842380615,5.0,5.0,17.0,14.738951695786229,6.5517611884518345,0.6127156171580336,0.4171629545226126,0.3373565622572057,0.2701533196943195,0.0932203217096641,-2.2610483042137712,"0.005213,0.024761,0.061617,0.107030,0.145052,0.161993,0.153708,0.126349,0.091239,0.058502,0.033584,0.017369,0.008128,0.003451,0.001331,0.000467,0.000149,0.000043,0.000012,0.000003,0.000001,0.000000,0.000000,0.000000,0.000000,0.000000,0.000000,0.000000,0.000000,0.000000,0.000000,0.000000,0.000000,0.000000","2:0.005422,5:0.008456,6:0.019458,7:0.025073,8:0.003297,9:0.048550,10:0.019550,11:0.028276,12:0.101737,13:0.065330,14:0.062135,15:0.195553,16:0.079806,17:0.067203,18:0.176933,19:0.018536,20:0.014623,21:0.045987,22:0.001032,23:0.004751,24:0.006122,25:0.000805,27:0.001364",0.2291840590535612,1.484406402901869,94.99144438664143,96.15558400092884,1.1641396142874072,Hot,0.1118210862619808,0.2328767123287671,3.281967873947693,Hot
2026-09-16,Zebby Matthews,805673,MIN,NYY,23,23.60788769706257,5.219562162866655,0.1931354731725507,22,8,6.0,0.4250144317630215,0.2730106811242236,-2.780437837133345,1.6078876970625693,46.0,7.0,18.0,16.624185128431556,6.98370256863101,0.7928748698126383,0.6167447983803477,0.5335007140774726,0.4523201892887623,0.2047967181047572,-1.3758148715684442,"0.005920,0.029331,0.074164,0.127066,0.165242,0.173262,0.152004,0.114363,0.075084,0.043568,0.022556,0.010495,0.004414,0.001685,0.000586,0.000186,0.000054,0.000015,0.000004,0.000001,0.000000,0.000000,0.000000,0.000000,0.000000,0.000000,0.000000,0.000000,0.000000,0.000000,0.000000,0.000000,0.000000,0.000000","2:0.000725,5:0.001755,6:0.004677,7:0.006979,8:0.001063,9:0.018125,10:0.008453,11:0.014158,12:0.058995,13:0.043873,14:0.048324,15:0.176130,16:0.083244,17:0.081181,18:0.247523,19:0.030031,20:0.027438,21:0.099926,22:0.002598,23:0.013846,24:0.020662,25:0.003146,27:0.007150",0.1987116857542121,-0.5995927507162838,94.5336183693347,93.94776785714286,-0.5858505121918398,Cold,0.2250530785562632,0.2,-0.5691200646357952,Normal
2026-09-16,Matthew Liberatore,669461,STL,SF,30,21.69851553915369,5.153685055825773,0.2238188016195205,24,2,6.0,0.4157144408515647,0.2661896486814927,3.1536850558257727,-2.3014844608463108,81.0,5.0,18.0,14.970891298488583,6.727624240665104,0.6361813282338862,0.4401645046940052,0.3588454106125134,0.2892356209506526,0.1029350570980953,-3.029108701511417,"0.007090,0.032776,0.078538,0.129694,0.165017,0.171171,0.149525,0.112276,0.073499,0.042387,0.021713,0.009947,0.004100,0.001529,0.000518,0.000161,0.000046,0.000012,0.000003,0.000001,0.000000,0.000000,0.000000,0.000000,0.000000,0.000000,0.000000,0.000000,0.000000,0.000000,0.000000,0.000000,0.000000,0.000000","2:0.004391,5:0.007194,6:0.016826,7:0.022041,8:0.002946,9:0.044103,10:0.018053,11:0.026543,12:0.097081,13:0.063372,14:0.061269,15:0.196017,16:0.081319,17:0.069610,18:0.186301,19:0.019840,20:0.015911,21:0.050864,22:0.001161,23:0.005430,24:0.007113,25:0.000951,27:0.001665",0.2304504615816971,-0.7130817163630716,93.67976020876569,93.06776094276093,-0.6119992660047586,Cold,0.1978273299028016,0.2413793103448276,1.0197423579867615,Normal
2026-09-16,Carlos Rodón,607074,NYY,MIN,16,21.494613005247977,5.043683861256663,0.2464174993758899,25,5,6.0,0.3965921849288817,0.2515496905957566,0.043683861256663015,-3.5053869947520226,123.0,5.0,18.0,15.675841935147533,5.8187710701004445,0.7063456956927545,0.5137028282683502,0.4294439349586547,0.3534012973638447,0.1388334460743987,-2.324158064852467,"0.008469,0.037076,0.085050,0.135609,0.167606,0.169598,0.145042,0.107044,0.069199,0.039628,0.020278,0.009333,0.003883,0.001465,0.000503,0.000157,0.000045,0.000012,0.000003,0.000001,0.000000,0.000000,0.000000,0.000000,0.000000,0.000000,0.000000,0.000000,0.000000,0.000000,0.000000,0.000000,0.000000,0.000000","2:0.002170,5:0.004166,6:0.010275,7:0.014190,8:0.002000,9:0.031560,10:0.013620,11:0.021113,12:0.081415,13:0.056031,14:0.057113,15:0.192643,16:0.084259,17:0.076043,18:0.214568,19:0.024091,20:0.020370,21:0.068652,22:0.001652,23:0.008147,24:0.011251,25:0.001585,27:0.003086",0.2508152415146822,-0.47287549879487,94.80295704997025,94.28217888100863,-0.5207781689615842,Cold,0.2755474452554745,0.2784810126582278,0.058358812783015,Normal
2026-09-16,Max Scherzer,453286,TOR,DET,16,20.57673860911271,3.912066087822902,0.1733722060812967,20,3,5.0,0.2094862575902592,0.1087303965512981,0.9120660878229021,0.5767386091127094,90.0,5.0,15.0,13.888402321620964,6.688336287491746,0.527332916353688,0.339093475461422,0.2664670883334328,0.2086499142003605,0.0647417806430746,-1.1115976783790362,"0.024572,0.084410,0.152457,0.191931,0.187450,0.149694,0.100756,0.058313,0.029444,0.013115,0.005197,0.001845,0.000589,0.000170,0.000044,0.000011,0.000002,0.000000,0.000000,0.000000,0.000000,0.000000,0.000000,0.000000,0.000000,0.000000,0.000000,0.000000,0.000000,0.000000,0.000000,0.000000,0.000000,0.000000","2:0.010832,5:0.014273,6:0.031049,7:0.037824,8:0.004702,9:0.065460,10:0.024920,11:0.034075,12:0.115904,13:0.070363,14:0.063267,15:0.188239,16:0.072626,17:0.057817,18:0.143908,19:0.014253,20:0.010630,21:0.031604,22:0.000671,23:0.002918,24:0.003555,25:0.000442,27:0.000669",0.1866230750365059,-1.4248246188396978,92.92850622030092,91.8242480359147,-1.104258184386211,Cold,0.2601246105919003,0.2043010752688172,-1.2271249858572182,Normal
2026-09-16,Anthony Kay,641743,CWS,CLE,28,22.13879171891844,3.854931868443788,0.1928677347209125,17,3,4.0,0.1959389982128054,0.0982365073765831,0.8549318684437881,5.138791718918441,28.0,5.0,12.0,14.93852991001694,7.200261808901502,0.6329111285312586,0.4369148816025976,0.3557926269028393,0.2865121488993231,0.1015223431957621,2.938529910016941,"0.023203,0.083835,0.156255,0.198631,0.192192,0.149946,0.097702,0.054425,0.026347,0.011216,0.004235,0.001427,0.000432,0.000118,0.000029,0.000006,0.000001,0.000000,0.000000,0.000000,0.000000,0.000000,0.000000,0.000000,0.000000,0.000000,0.000000,0.000000,0.000000,0.000000,0.000000,0.000000,0.000000,0.000000","2:0.004525,5:0.007362,6:0.017179,7:0.022451,8:0.002994,9:0.044716,10:0.018262,11:0.026788,12:0.097748,13:0.063659,14:0.061405,15:0.195996,16:0.081122,17:0.069280,18:0.184990,19:0.019655,20:0.015726,21:0.050157,22:0.001142,23:0.005330,24:0.006965,25:0.000929,27:0.001619",0.1936273970639717,-0.0816841229095997,94.42780895770778,94.3810788873689,-0.0467300703388815,Normal,0.1825938566552901,0.160919540229885,-0.52329068758893,Normal
2026-09-16,Keider Montero,672456,DET,TOR,26,21.887247205492933,3.3891928890764147,0.1750801385139382,18,4,4.0,0.1303298186681611,0.0580729031962801,-0.6108071109235853,3.8872472054929332,54.0,7.0,12.0,16.10716378037635,5.780083425116583,0.7472707857093567,0.5604674769084451,0.4758973883619877,0.3968972938115521,0.1661670659056881,4.10716378037635,"0.035938,0.115816,0.191696,0.215670,0.184142,0.126408,0.072257,0.035204,0.014861,0.005501,0.001802,0.000526,0.000138,0.000032,0.000007,0.000001,0.000000,0.000000,0.000000,0.000000,0.000000,0.000000,0.000000,0.000000,0.000000,0.000000,0.000000,0.000000,0.000000,0.000000,0.000000,0.000000,0.000000,0.000000","2:0.001344,5:0.002862,6:0.007306,7:0.010444,8:0.001523,9:0.024886,10:0.011117,11:0.017837,12:0.071191,13:0.050713,14:0.053506,15:0.186803,16:0.084570,17:0.079000,18:0.230730,19:0.026814,20:0.023467,21:0.081866,22:0.002039,23:0.010408,24:0.014878,25:0.002170,27:0.004525",0.1714079056376489,0.3948637501386288,94.30264876659206,94.57908906134516,0.276440294753101,Normal,0.174884437596302,0.1538461538461538,-0.4891303803290996,Normal
2026-09-16,Blake Snell,605483,LAD,CIN,9,22.41132516985096,7.358768340130057,0.2860205360352695,3,1,1.0,0.7392655479592241,0.60400564426692,6.358768340130057,19.41132516985096,93.0,5.0,3.0,16.54519830348477,5.866126866366187,0.7879468351548471,0.6088983913530233,0.5260978542914692,0.4443948835226215,0.1976952102598779,13.54519830348477,"0.001014,0.006244,0.020057,0.044750,0.077647,0.111023,0.135260,0.143412,0.134253,0.112120,0.084173,0.057123,0.035184,0.019724,0.010084,0.004710,0.002013,0.000789,0.000285,0.000095,0.000029,0.000009,0.000002,0.000001,0.000000,0.000000,0.000000,0.000000,0.000000,0.000000,0.000000,0.000000,0.000000,0.000000","2:0.000844,5:0.001986,6:0.005240,7:0.007743,8:0.001168,9:0.018489,10:0.009108,11:0.015108,12:0.059441,13:0.042850,14:0.050078,15:0.179048,16:0.082801,17:0.081703,18:0.246700,19:0.029641,20:0.026818,21:0.096723,22:0.002490,23:0.013143,24:0.019423,25:0.002929,27:0.006527",0.2838690824620811,0.2313390938912307,95.662407303078,95.81440326340328,0.15199596032528,Normal,0.3181367690782953,0.3369565217391304,0.3875718767811368,Normal
2026-09-16,Logan Henderson,701656,MIL,PIT,15,21.52462714857656,6.757740766433399,0.2837159829519865,21,8,5.0,0.6638708059762664,0.5176015810040551,-1.2422592335666014,0.5246271485765597,20.0,7.0,15.0,16.937523693286366,4.587103455290187,0.8198232854678894,0.650918661988932,0.5701497582057411,0.4877380472604806,0.2304262462389076,1.9375236932863658,"0.001937,0.010738,0.031087,0.062802,0.099316,0.130250,0.146269,0.143395,0.124296,0.096121,0.066741,0.041793,0.023669,0.012147,0.005655,0.002392,0.000921,0.000324,0.000104,0.000031,0.000009,0.000002,0.000001,0.000000,0.000000,0.000000,0.000000,0.000000,0.000000,0.000000,0.000000,0.000000,0.000000,0.000000","2:0.000515,5:0.001340,6:0.003657,7:0.005588,8:0.000871,9:0.014267,10:0.007267,11:0.012465,12:0.050715,13:0.037804,14:0.045686,15:0.168905,16:0.080769,17:0.082412,18:0.257312,19:0.031968,20:0.029909,21:0.111543,22:0.002970,23:0.016207,24:0.024766,25:0.003862,27:0.009202",0.2727546205259116,1.1786411210833267,91.66211514279983,92.62170995670996,0.9595948139101012,Hot,0.3176470588235294,0.2727272727272727,-0.9051114573693304,Normal
2026-09-16,Zack Wheeler,554430,PHI,WSH,24,23.41585905320412,6.688875237588396,0.2840720455187265,25,5,7.0,0.6604762605177743,0.507426517802916,1.6888752375883964,-1.5841409467958805,138.0,6.0,21.0,17.34039082779587,6.075468225408248,0.8492463632416697,0.6924838297691879,0.61486087730211,0.5328483618125455,0.2676956091966062,-3.6596091722041315,"0.001485,0.009124,0.028786,0.061966,0.101971,0.136192,0.153050,0.148154,0.125542,0.094201,0.063119,0.038008,0.020672,0.010198,0.004581,0.001882,0.000710,0.000247,0.000080,0.000024,0.000007,0.000002,0.000000,0.000000,0.000000,0.000000,0.000000,0.000000,0.000000,0.000000,0.000000,0.000000,0.000000,0.000000","2:0.000304,5:0.000878,6:0.002480,7:0.003924,8:0.000634,9:0.010742,10:0.005666,11:0.010063,12:0.042393,13:0.032723,14:0.040948,15:0.156763,16:0.077623,17:0.082013,18:0.265153,19:0.034111,20:0.033047,21:0.127618,22:0.003518,23:0.019882,24:0.031460,25:0.005080,27:0.012979",0.2802258256996549,0.4135720235560896,94.59648637076876,94.95431907323636,0.35783270246759,Normal,0.2886693423896264,0.28,-0.1913154574990602,Normal
2026-09-16,Jared Jones,683003,PIT,MIL,18,20.35397157828009,5.504945670788148,0.2666230725443571,23,9,5.0,0.4752074763356141,0.325738146967436,-3.495054329211852,-2.6460284217199117,40.0,6.0,15.0,14.56692584835865,5.7870457299214415,0.5979573272078491,0.4020841182695143,0.3242174614928565,0.2581678739263168,0.086726861156913,-0.43307415164134966,"0.006356,0.028876,0.068387,0.113277,0.147606,0.160290,0.149469,0.121691,0.087414,0.055825,0.031886,0.016366,0.007577,0.003174,0.001206,0.000417,0.000131,0.000038,0.000010,0.000002,0.000001,0.000000,0.000000,0.000000,0.000000,0.000000,0.000000,0.000000,0.000000,0.000000,0.000000,0.000000,0.000000,0.000000","2:0.006596,5:0.009857,6:0.022361,7:0.028407,8:0.003682,9:0.050122,10:0.021225,11:0.030265,12:0.102364,13:0.063435,14:0.063729,15:0.195873,16:0.077867,17:0.066050,18:0.171441,19:0.017707,20:0.013772,21:0.042699,22:0.000945,23:0.004288,24:0.005447,25:0.000706,27:0.001163",0.260201019776435,0.690543308378724,97.6891316855325,98.24647730437204,0.5573456188395483,Hot,0.2632258064516129,0.3181818181818182,1.1706447136699552,Normal
2026-09-16,Jared Simpson,688692,WSH,PHI,0,22.34790528233151,4.434296672331553,0.2128127801776836,6,0,0.3333333333333333,0.288283742800276,0.1609517802370882,4.434296672331553,16.34790528233151,0.0,,1.0,15.887067395264117,6.4608378870673935,0.7285974499089252,0.5373406193078323,0.4535519125683059,0.3752276867030964,0.1511839708561019,14.887067395264117,"0.012573,0.053271,0.115491,0.169997,0.189890,0.170495,0.127332,0.080904,0.044446,0.021377,0.009094,0.003452,0.001178,0.000364,0.000103,0.000026,0.000006,0.000001,0.000000,0.000000,0.000000,0.000000,0.000000,0.000000,0.000000,0.000000,0.000000,0.000000,0.000000,0.000000,0.000000,0.000000,0.000000,0.000000","2:0.001821,5:0.003643,6:0.009107,7:0.012750,8:0.001821,9:0.027322,10:0.012750,11:0.020036,12:0.074681,13:0.051002,14:0.056466,15:0.191257,16:0.083789,17:0.078324,18:0.224044,19:0.025501,20:0.021858,21:0.074681,22:0.001821,23:0.009107,24:0.012750,25:0.001821,27:0.003643",0.2128127801776836,,,,,Unknown,,,,Unknown
2026-09-16,Nick Martinez,607259,TB,ATH,28,23.487313603270888,3.837824630373088,0.1562669120118739,19,3,5.0,0.190504696321698,0.0937720852335711,0.8378246303730879,4.487313603270888,90.0,6.0,15.0,17.54340112408995,5.943912479180938,0.862718380935032,0.7125616293845904,0.6368871075341972,0.5555110588961032,0.2877363581964924,2.54340112408995,"0.021984,0.082631,0.157434,0.201813,0.194938,0.150696,0.096733,0.052841,0.024995,0.010371,0.003813,0.001252,0.000370,0.000099,0.000024,0.000005,0.000001,0.000000,0.000000,0.000000,0.000000,0.000000,0.000000,0.000000,0.000000,0.000000,0.000000,0.000000,0.000000,0.000000,0.000000,0.000000,0.000000,0.000000","2:0.000231,5:0.000705,6:0.002027,7:0.003264,8:0.000536,9:0.009256,10:0.004969,11:0.008983,12:0.038515,13:0.030258,14:0.038537,15:0.150157,16:0.075675,17:0.081376,18:0.267775,19:0.035061,20:0.034572,21:0.135881,22:0.003812,23:0.021929,24:0.035317,25:0.005804,27:0.015361",0.1598055559983426,-0.3804993533837242,91.45465435960598,91.15381848282313,-0.3008358767828554,Normal,0.1789290378754897,0.1685393258426966,-0.2557218007187,Normal
2026-09-16,Andrew Abbott,671096,CIN,LAD,33,22.467775990104982,3.259586635182555,0.1729505075246763,22,5,4.666666666666667,0.1137565168690152,0.0488175273427803,-1.740413364817445,0.4677759901049825,105.0,5.0,14.0,15.40236649224778,7.065409497857207,0.6816184210885277,0.4856556931456712,0.4029707930993579,0.3285282799615499,0.123439510782725,1.4023664922477792,"0.040194,0.126082,0.202128,0.219303,0.179996,0.118541,0.064939,0.030314,0.012265,0.004356,0.001371,0.000385,0.000097,0.000022,0.000005,0.000001,0.000000,0.000000,0.000000,0.000000,0.000000,0.000000,0.000000,0.000000,0.000000,0.000000,0.000000,0.000000,0.000000,0.000000,0.000000,0.000000,0.000000,0.000000","2:0.003042,5:0.005435,6:0.013086,7:0.017644,8:0.002428,9:0.035073,10:0.015764,11:0.023858,12:0.085648,13:0.056334,14:0.060071,15:0.195963,16:0.082685,17:0.074443,18:0.205089,19:0.022483,20:0.018560,21:0.061076,22:0.001435,23:0.006909,24:0.009316,25:0.001282,27:0.002378",0.1848900415097001,-1.2838208586047164,92.52894354726922,91.74353460159912,-0.7854089456701132,Cold,0.2104586369481354,0.16,-1.0720013348337163,Normal
2026-09-16,Brady Basso,669620,ATH,TB,3,18.57599413337118,3.1470739069514853,0.2120006922273297,16,0,2.6666666666666665,0.1107349878903567,0.0490769201978813,3.1470739069514853,2.5759941333711787,7.0,7.0,8.0,13.073924254252123,5.502069879119055,0.4525697382321101,0.2764287397612016,0.2125461137375328,0.1631096772372728,0.0460418419158332,5.073924254252123,"0.052003,0.143481,0.207105,0.209725,0.166916,0.110034,0.061658,0.029799,0.012544,0.004635,0.001513,0.000439,0.000114,0.000027,0.000006,0.000001,0.000000,0.000000,0.000000,0.000000,0.000000,0.000000,0.000000,0.000000,0.000000,0.000000,0.000000,0.000000,0.000000,0.000000,0.000000,0.000000,0.000000,0.000000","2:0.019556,5:0.022190,6:0.045926,7:0.053228,8:0.006295,9:0.078170,10:0.030200,11:0.039287,12:0.121225,13:0.068536,14:0.062817,15:0.176141,16:0.063883,17:0.049436,18:0.117068,19:0.011031,20:0.007827,21:0.022140,22:0.000447,23:0.001850,24:0.002145,25:0.000254,27:0.000348",0.2176697714183645,-0.609578407638157,91.58063649408626,91.20845523394544,-0.3721812601408345,Normal,0.1923076923076923,0.1458333333333333,-0.816982446237566,Normal
2026-09-16,George Kirby,669923,SEA,LAA,30,24.26614279040225,6.250740639231118,0.2158051492120767,23,5,4.333333333333333,0.5957363955663977,0.4367957444394817,1.2507406392311182,1.2661427904022489,140.0,5.0,13.0,17.396807399358536,6.8693353910437125,0.8530826458369654,0.6981288893239403,0.621024713075167,0.5391601806900385,0.2731858643990399,4.396807399358536,"0.002148,0.012723,0.038346,0.078235,0.121206,0.151604,0.158941,0.143192,0.112818,0.078744,0.049170,0.027680,0.014133,0.006578,0.002802,0.001096,0.000395,0.000131,0.000040,0.000012,0.000003,0.000001,0.000000,0.000000,0.000000,0.000000,0.000000,0.000000,0.000000,0.000000,0.000000,0.000000,0.000000,0.000000","2:0.000282,5:0.000826,6:0.002345,7:0.003730,8:0.000605,9:0.010310,10:0.005465,11:0.009754,12:0.041293,13:0.032030,14:0.040278,15:0.154954,16:0.077104,17:0.081865,18:0.265974,19:0.034385,20:0.033476,21:0.129909,22:0.003599,23:0.020438,24:0.032499,25:0.005273,27:0.013606",0.2107349684629679,0.5451807257106176,95.75160881970778,96.35242533321106,0.6008165135032755,Hot,0.2309859154929577,0.1926605504587156,-0.949379068489634,Normal
2026-09-16,Xzavion Curry,675540,NYM,BAL,0,22.34790528233151,5.634541559113423,0.1966699672346169,16,3,3.0,0.4968740872834132,0.340346143951893,2.6345415591134227,6.34790528233151,16.0,718.0,9.0,15.887067395264117,6.4608378870673935,0.7285974499089252,0.5373406193078323,0.4535519125683059,0.3752276867030964,0.1511839708561019,6.887067395264117,"0.004517,0.022642,0.058967,0.105853,0.146314,0.164833,0.156528,0.128076,0.091705,0.058127,0.032904,0.016751,0.007711,0.003224,0.001229,0.000428,0.000137,0.000040,0.000011,0.000003,0.000001,0.000000,0.000000,0.000000,0.000000,0.000000,0.000000,0.000000,0.000000,0.000000,0.000000,0.000000,0.000000,0.000000","2:0.001821,5:0.003643,6:0.009107,7:0.012750,8:0.001821,9:0.027322,10:0.012750,11:0.020036,12:0.074681,13:0.051002,14:0.056466,15:0.191257,16:0.083789,17:0.078324,18:0.224044,19:0.025501,20:0.021858,21:0.074681,22:0.001821,23:0.009107,24:0.012750,25:0.001821,27:0.003643",0.2128127801776836,-1.7357863379641585,92.2469728625056,90.65492424242426,-1.592048620081357,Cold,0.1458333333333333,0.1481481481481481,0.0481962692711876,Normal
2026-09-16,MacKenzie Gore,669022,TEX,BOS,32,22.75300149392256,5.387785934676412,0.2295417740625402,16,0,4.0,0.4556132754959474,0.2999073472902463,5.387785934676412,6.753001493922561,131.0,5.0,12.0,15.79480154653246,6.958199947390101,0.7198190790742367,0.5273821537587021,0.4436908246094022,0.3660277441873411,0.1454941317218292,3.79480154653246,"0.005203,0.025997,0.066877,0.117500,0.157644,0.171167,0.155706,0.121376,0.082361,0.049212,0.026125,0.012411,0.005309,0.002057,0.000726,0.000234,0.000070,0.000019,0.000005,0.000001,0.000000,0.000000,0.000000,0.000000,0.000000,0.000000,0.000000,0.000000,0.000000,0.000000,0.000000,0.000000,0.000000,0.000000","2:0.002016,5:0.003944,6:0.009787,7:0.013602,8:0.001929,9:0.028724,10:0.013307,11:0.020759,12:0.076809,13:0.052073,14:0.057232,15:0.192437,16:0.083691,17:0.077663,18:0.220534,19:0.024918,20:0.021203,21:0.071916,22:0.001741,23:0.008643,24:0.012012,25:0.001703,27:0.003357",0.2385476329848324,-0.9683719271281988,94.85065259983726,94.20842127971696,-0.6422313201203025,Cold,0.256701030927835,0.1294117647058823,-2.6866164782793165,Cold
2026-09-16,Yusei Kikuchi,579328,LAA,SEA,12,22.39731466029689,5.343701192363378,0.2334412996783144,24,4,4.333333333333333,0.4479988550964582,0.2943412539859473,1.343701192363378,-1.6026853397031111,126.0,5.0,13.0,15.549054895673136,6.848259764623757,0.6960389524651096,0.5011127088406367,0.4179435491847754,0.342226025102462,0.1312871977823501,2.5490548956731356,"0.005760,0.027824,0.069696,0.119979,0.158526,0.170216,0.153658,0.119220,0.080728,0.048237,0.025646,0.012210,0.005234,0.002029,0.000715,0.000230,0.000068,0.000018,0.000005,0.000001,0.000000,0.000000,0.000000,0.000000,0.000000,0.000000,0.000000,0.000000,0.000000,0.000000,0.000000,0.000000,0.000000,0.000000","2:0.002617,5:0.004836,6:0.011774,7:0.016054,8:0.002234,9:0.032631,10:0.014831,11:0.022698,12:0.082394,13:0.054801,14:0.059091,15:0.194926,16:0.083169,17:0.075718,18:0.210939,19:0.023383,20:0.019520,21:0.064954,22:0.001543,23:0.007513,24:0.010244,25:0.001425,27:0.002704",0.2217706850278103,1.2549048011294737,94.942620206423,95.92649013838944,0.9838699319664528,Hot,0.2544931703810209,0.2234042553191489,-0.6919992343229946,Normal
2026-09-16,Shota Imanaga,684007,CHC,ATL,31,22.74608276826213,5.279554717143179,0.2299294833288604,22,8,6.0,0.4364779689308317,0.2830769965926992,-2.7204452828568213,0.7460827682621307,83.0,5.0,18.0,16.629389825146813,6.116692943115318,0.7950364051295125,0.6180015356093778,0.5355467714209149,0.4536032196682137,0.2044079201907307,-1.3706101748531871,"0.005823,0.028453,0.071658,0.123310,0.162027,0.172251,0.153401,0.117100,0.077876,0.045670,0.023840,0.011161,0.004715,0.001806,0.000630,0.000201,0.000059,0.000016,0.000004,0.000001,0.000000,0.000000,0.000000,0.000000,0.000000,0.000000,0.000000,0.000000,0.000000,0.000000,0.000000,0.000000,0.000000,0.000000","2:0.000761,5:0.001828,6:0.004859,7:0.007232,8:0.001098,9:0.017516,10:0.008690,11:0.014518,12:0.057529,13:0.041769,14:0.049164,15:0.177035,16:0.082455,17:0.081944,18:0.249195,19:0.030154,20:0.027478,21:0.099812,22:0.002588,23:0.013758,24:0.020477,25:0.003110,27:0.007030",0.2274468109995945,0.2669540138995568,91.22581848932704,91.42040343915345,0.1945849498264209,Normal,0.2343665035345296,0.1927710843373494,-0.8945946948987741,Normal
2026-09-16,Jake Bennett,687562,BOS,TEX,18,23.04119624788362,5.030963228336285,0.1983331167752666,23,7,4.666666666666667,0.3925605626465719,0.245466312871936,-1.9690367716637152,0.04119624788361875,18.0,7.0,14.0,17.166044791089927,5.875151456793692,0.836945338109397,0.6747476503734189,0.5956391430262805,0.5133118543396713,0.2511373427784678,3.166044791089927,"0.007363,0.034572,0.083394,0.137023,0.171534,0.173554,0.147094,0.106939,0.067812,0.037970,0.018950,0.008492,0.003438,0.001263,0.000423,0.000130,0.000037,0.000010,0.000002,0.000001,0.000000,0.000000,0.000000,0.000000,0.000000,0.000000,0.000000,0.000000,0.000000,0.000000,0.000000,0.000000,0.000000,0.000000","2:0.000383,5:0.001056,6:0.002940,7:0.004582,8:0.000729,9:0.012170,10:0.006323,11:0.011061,12:0.045900,13:0.034897,14:0.043014,15:0.162198,16:0.079109,17:0.082327,18:0.262175,19:0.033222,20:0.031702,21:0.120587,22:0.003274,23:0.018227,24:0.028408,25:0.004518,27:0.011200",0.2023273187088953,-0.4294840788848082,92.25657297586942,91.8860220125786,-0.3705509632908104,Normal,0.1888544891640866,0.231578947368421,1.063960061463276,Normal
2026-09-16,Mason Adams,690279,COL,SD,4,20.923581014592887,4.925518385150054,0.2375414846989098,24,1,4.333333333333333,0.3773815484616692,0.2366845740572205,3.9255183851500544,-3.0764189854071127,4.0,5.0,13.0,15.01945020203924,5.904130812553648,0.6434526376856498,0.4463151923931374,0.3654416272924696,0.294649307555583,0.1050259941914732,2.0194502020392395,"0.010019,0.041910,0.092080,0.141429,0.169586,0.167595,0.140697,0.102261,0.065209,0.036848,0.018594,0.008430,0.003450,0.001279,0.000431,0.000132,0.000037,0.000010,0.000002,0.000000,0.000000,0.000000,0.000000,0.000000,0.000000,0.000000,0.000000,0.000000,0.000000,0.000000,0.000000,0.000000,0.000000,0.000000","2:0.004410,5:0.007243,6:0.016956,7:0.022229,8:0.002974,9:0.041769,10:0.018253,11:0.026859,12:0.093747,13:0.059951,14:0.062155,15:0.197137,16:0.080874,17:0.070792,18:0.189623,19:0.020211,20:0.016222,21:0.051901,22:0.001185,23:0.005550,24:0.007276,25:0.000973,27:0.001707",0.2375414846989098,,,,,Unknown,,,,Unknown
2026-09-16,Robbie Ray,592662,SD,COL,29,22.64199272483555,4.770377381903465,0.1935672445217718,24,6,6.0,0.3473061299555773,0.2082172824709566,-1.2296226180965348,-1.35800727516445,99.0,5.0,18.0,15.924902574413688,6.717090150421862,0.732170106807135,0.5414359242799258,0.4576234247496163,0.3790399651557258,0.1535747604582594,-2.0750974255863124,"0.009621,0.042505,0.096947,0.151105,0.179719,0.172797,0.139089,0.095938,0.057656,0.030567,0.014433,0.006116,0.002339,0.000812,0.000257,0.000074,0.000020,0.000005,0.000001,0.000000,0.000000,0.000000,0.000000,0.000000,0.000000,0.000000,0.000000,0.000000,0.000000,0.000000,0.000000,0.000000,0.000000,0.000000","2:0.001747,5:0.003525,6:0.008839,7:0.012412,8:0.001779,9:0.026758,10:0.012525,11:0.019742,12:0.073805,13:0.050556,14:0.056142,15:0.190734,16:0.083812,17:0.078583,18:0.225465,19:0.025740,20:0.022130,21:0.075839,22:0.001855,23:0.009305,24:0.013066,25:0.001872,27:0.003767",0.1991607883993224,-0.601456330919419,93.34314825341364,92.8919540229885,-0.4511942304251448,Normal,0.2482300884955752,0.1785714285714285,-1.4779000964233704,Cold
2026-09-16,JR Ritchie,702275,ATL,CHC,9,21.9733689654714,4.410644851494593,0.2037779610038735,22,5,4.666666666666667,0.2860323649692208,0.1606742983749981,-0.5893551485054074,-0.026631034528598718,9.0,45.0,14.0,15.085344288886231,6.888024676585163,0.6500581991028431,0.4529697613063931,0.3717320888116456,0.300283132632473,0.1079915221824895,1.0853442888862315,"0.013737,0.055989,0.118007,0.170363,0.188018,0.167855,0.125358,0.080049,0.044378,0.021600,0.009310,0.003578,0.001233,0.000383,0.000108,0.000028,0.000007,0.000001,0.000000,0.000000,0.000000,0.000000,0.000000,0.000000,0.000000,0.000000,0.000000,0.000000,0.000000,0.000000,0.000000,0.000000,0.000000,0.000000","2:0.004146,5:0.006906,6:0.016244,7:0.021397,8:0.002876,9:0.040588,10:0.017821,11:0.026348,12:0.092400,13:0.059371,14:0.061845,15:0.197088,16:0.081238,17:0.071449,18:0.192292,19:0.020593,20:0.016607,21:0.053385,22:0.001225,23:0.005763,24:0.007591,25:0.001020,27:0.001806",0.2020864653949495,0.1818812482713953,93.41917319912748,93.5718792337638,0.1527060346363242,Normal,0.2124352331606217,0.1833333333333333,-0.5511128702966299,Normal
2026-09-16,Merrill Kelly,518876,AZ,MIA,29,23.858609935518043,4.050336023585322,0.1672055379194579,23,9,4.666666666666667,0.222321191797499,0.1139954269847824,-4.949663976414678,0.858609935518043,135.0,5.0,14.0,16.399680022484905,7.458929913033138,0.775396539561524,0.593096962291927,0.5098168846302051,0.4286388238072866,0.1865012113316472,2.3996800224849046,"0.017298,0.069586,0.141318,0.192387,0.196681,0.160409,0.108326,0.062112,0.030793,0.013386,0.005160,0.001780,0.000554,0.000157,0.000040,0.000010,0.000002,0.000000,0.000000,0.000000,0.000000,0.000000,0.000000,0.000000,0.000000,0.000000,0.000000,0.000000,0.000000,0.000000,0.000000,0.000000,0.000000,0.000000","2:0.001007,5:0.002284,6:0.005955,7:0.008694,8:0.001295,9:0.020257,10:0.009857,11:0.016153,12:0.062780,13:0.044708,14:0.051614,15:0.182300,16:0.083280,17:0.081178,18:0.242138,19:0.028739,20:0.025687,21:0.091517,22:0.002328,23:0.012136,24:0.017716,25:0.002639,27:0.005739",0.163630055390639,0.3844604869697666,91.7726742915078,92.04657172096198,0.2738974294541663,Normal,0.215648854961832,0.1894736842105263,-0.6203295652715555,Normal
2026-09-16,Chris Bassitt,605135,BAL,NYM,17,22.858762895251527,3.9291960647422304,0.1820667466224975,26,6,6.666666666666667,0.2064134935343972,0.1050169139922368,-2.0708039352577696,-3.1412371047484733,141.0,5.0,20.0,15.0999639058867,7.758798989364827,0.6515221780211818,0.4544530489629126,0.3731373977693871,0.3015441964351106,0.1086605299399253,-4.9000360941133,"0.021096,0.078882,0.151028,0.196143,0.193227,0.153210,0.101397,0.057393,0.028268,0.012271,0.004740,0.001641,0.000512,0.000145,0.000037,0.000009,0.000002,0.000000,0.000000,0.000000,0.000000,0.000000,0.000000,0.000000,0.000000,0.000000,0.000000,0.000000,0.000000,0.000000,0.000000,0.000000,0.000000,0.000000","2:0.004089,5:0.006833,6:0.016089,7:0.021214,8:0.002854,9:0.040327,10:0.017725,11:0.026235,12:0.092098,13:0.059240,14:0.061774,15:0.197069,16:0.081316,17:0.071593,18:0.192884,19:0.020678,20:0.016693,21:0.053720,22:0.001234,23:0.005812,24:0.007663,25:0.001031,27:0.001829",0.1680626932100786,1.5058121948837484,91.29491515820868,92.55321007845444,1.2582949202457456,Hot,0.2165680473372781,0.1941747572815534,-0.5517453569598723,Normal
2026-09-16,Cristian Javier,664299,HOU,KC,12,20.900308672272946,3.921540796270016,0.2013120016100214,24,2,5.333333333333333,0.2094499810596787,0.1081639093760477,1.921540796270016,-3.0996913277270544,81.0,6.0,16.0,14.590971063337808,6.309337608935135,0.6003736736791895,0.4043664887301696,0.3263199301602938,0.2600101458173071,0.0876140187171455,-1.4090289366621924,"0.023399,0.082617,0.151833,0.192865,0.188968,0.150868,0.101286,0.058353,0.029268,0.012923,0.005067,0.001778,0.000561,0.000160,0.000042,0.000010,0.000002,0.000000,0.000000,0.000000,0.000000,0.000000,0.000000,0.000000,0.000000,0.000000,0.000000,0.000000,0.000000,0.000000,0.000000,0.000000,0.000000,0.000000","2:0.006463,5:0.009705,6:0.022051,7:0.028059,8:0.003643,9:0.049670,10:0.021068,11:0.030090,12:0.101936,13:0.063272,14:0.063669,15:0.196007,16:0.078047,17:0.066310,18:0.172396,19:0.017835,20:0.013894,21:0.043147,22:0.000956,23:0.004347,24:0.005531,25:0.000718,27:0.001187",0.205385576209778,-0.438018774167373,92.9855416535276,92.606223893066,-0.3793177604615891,Normal,0.253765932792584,0.3289473684210526,1.5061326223058955,Hot
2026-09-16,Ryan Gusto,687473,MIA,AZ,16,20.050007479563195,3.581956607146995,0.19494490868335,22,4,4.333333333333333,0.1623971948566909,0.0786983885755244,-0.4180433928530052,-1.9499925204368047,33.0,5.0,13.0,13.607208539021322,6.4427989405418735,0.503060262466452,0.3176619952226547,0.24831076058567,0.1929572952436046,0.0577620356401948,0.6072085390213218,"0.033583,0.106371,0.176346,0.203694,0.182930,0.134678,0.083699,0.044735,0.020845,0.008561,0.003127,0.001023,0.000302,0.000081,0.000020,0.000004,0.000001,0.000000,0.000000,0.000000,0.000000,0.000000,0.000000,0.000000,0.000000,0.000000,0.000000,0.000000,0.000000,0.000000,0.000000,0.000000,0.000000,0.000000","2:0.013771,5:0.017145,6:0.036599,7:0.043750,8:0.005336,9:0.068348,10:0.027234,11:0.036542,12:0.116295,13:0.067813,14:0.064106,15:0.185398,16:0.069351,17:0.055353,18:0.135195,19:0.013139,20:0.009616,21:0.028053,22:0.000584,23:0.002494,24:0.002981,25:0.000364,27:0.000530",0.1911346022318533,0.40971037112868,93.04532584421185,93.41378337639964,0.3684575321878043,Normal,0.2116244411326378,0.1489361702127659,-1.487992458023975,Cold
2026-09-16,Daniel Lynch IV,663738,KC,HOU,7,18.550013233073344,3.0581547532421665,0.1747147424181278,17,3,5.0,0.1009757157918433,0.0438961599277228,0.05815475324216646,1.5500132330733436,48.0,7.0,15.0,12.963180919465074,5.586832313608269,0.4423496889999744,0.2683610020994977,0.2056493184703039,0.1574192363051118,0.0439146068995559,-2.0368190805349258,"0.056377,0.151669,0.213328,0.210292,0.162852,0.104506,0.057080,0.026943,0.011110,0.004037,0.001303,0.000376,0.000098,0.000023,0.000005,0.000001,0.000000,0.000000,0.000000,0.000000,0.000000,0.000000,0.000000,0.000000,0.000000,0.000000,0.000000,0.000000,0.000000,0.000000,0.000000,0.000000,0.000000,0.000000","2:0.020939,5:0.023322,6:0.047970,7:0.055253,8:0.006494,9:0.080144,10:0.030771,11:0.039782,12:0.121994,13:0.068544,14:0.062436,15:0.173989,16:0.062712,17:0.048230,18:0.113505,19:0.010629,20:0.007496,21:0.021070,22:0.000423,23:0.001739,24:0.002003,25:0.000235,27:0.000319",0.1752744924681394,-0.0601881774206094,93.5753109979336,93.52829419315864,-0.0470168047749837,Normal,0.1860465116279069,0.1038961038961039,-1.852441601962865,Cold
