game_pk,player_id,name,team,opponent,is_home,lineup_slot,lineup_status,opposing_pitcher,venue_name,start_time_utc,expected_pa,batter_pa_seen,pitcher_pa_seen,exp_runs,starter_share,form_z,form_state,prob_hr,prob_hit,prob_walk,prob_k,prob_hrr_over_0.5,prob_hrr_over_1.5,prob_hrr_over_2.5,prob_hrr_over_3.5,prob_tb_over_0.5,prob_tb_over_1.5,prob_tb_over_2.5,prob_tb_over_3.5,prob_hits_over_0.5,prob_hits_over_1.5,prob_hits_over_2.5,predicted_at_utc
822840,607043,Brandon Nimmo,TEX,NYM,1,1,projected,Sean Manaea,Globe Life Field,2026-09-23T00:05:00Z,4.426836551861437,3297,2772,0.5355908101893645,0.6810186751879528,-0.8294976144712211,Normal,0.09990369453563709,0.6462628729636354,0.3511784460412969,0.726447504001509,0.6850497584389165,0.4825004840674726,0.31839669547611266,0.19427478856522523,0.6217512771812341,0.37201061994685847,0.21543789385441472,0.1417164619153614,0.6251697408841411,0.24349772929633717,0.05871095293837635,2026-09-20T03:45:12Z
822840,543760,Marcus Semien,NYM,TEX,0,1,projected,TBD,Globe Life Field,2026-09-23T00:05:00Z,4.604683468942251,3247,0,0.6099171274000817,0.586004877667603,1.4865928009123723,Normal,0.11601836770916267,0.6609889308753728,0.33629576294234637,0.5694053362780377,0.7064492355556665,0.5076669070839751,0.34207833433646856,0.21374193702999517,0.6352248972275243,0.38436082057048515,0.22812945490649567,0.15580813153528247,0.6388230746641397,0.25890145774360795,0.06642517739956923,2026-09-20T03:45:12Z
822840,608369,Corey Seager,TEX,NYM,1,2,projected,Sean Manaea,Globe Life Field,2026-09-23T00:05:00Z,4.320015293442936,2579,2772,0.5543093345412414,0.6814754278480503,1.2352033935005755,Normal,0.1717282531945982,0.6529380234770107,0.3502599520794875,0.6643506267667711,0.7141106368184715,0.5147654647412413,0.34720314513502537,0.21674925155704225,0.6279211825555056,0.40053757793800393,0.257439385402231,0.1989867554460145,0.6314098214341624,0.24861076975610935,0.06018037481169148,2026-09-20T03:45:12Z
822840,596019,Francisco Lindor,NYM,TEX,0,2,projected,TBD,Globe Life Field,2026-09-23T00:05:00Z,4.513137557959815,3244,0,0.6342089869451997,0.586004877667603,-1.0860703396326186,Normal,0.1670753858061862,0.6696882659127865,0.374630938227232,0.6259500118492292,0.727080443731016,0.5311846839513158,0.363547149491863,0.23085069341795098,0.6432415981233216,0.41308305269076456,0.2677116783263666,0.20200712357260767,0.6469354552362868,0.2662350598775454,0.0690537333957915,2026-09-20T03:45:12Z
822840,694671,Wyatt Langford,TEX,NYM,1,3,projected,Sean Manaea,Globe Life Field,2026-09-23T00:05:00Z,4.222100054975261,1568,2772,0.5708003611359104,0.6835162274429288,-0.6246453134963407,Normal,0.15614058435033443,0.6326275051777659,0.47530680277227705,0.6564326011844237,0.693695000767953,0.49069728044859606,0.32465983752709293,0.19837157019917573,0.6092860081627308,0.3815883930765047,0.24377147537244725,0.18499927667970706,0.6125370855852017,0.2292933162553792,0.05175154139717808,2026-09-20T03:45:12Z
822840,665742,Juan Soto,NYM,TEX,0,3,projected,TBD,Globe Life Field,2026-09-23T00:05:00Z,4.400406879970409,3244,0,0.6496886594553908,0.586004877667603,-0.22699659260456,Normal,0.23221731186101804,0.6597117982240722,0.5582319886920528,0.5174181167838643,0.7348666714078003,0.540171182535075,0.3717568246964456,0.2373535783448856,0.6341014854613566,0.4251258179516425,0.30391480934256637,0.25391504280954796,0.6376757842367977,0.2561521339757582,0.06420152386578183,2026-09-20T03:45:12Z
822840,592626,Joc Pederson,TEX,NYM,1,4,projected,Sean Manaea,Globe Life Field,2026-09-23T00:05:00Z,4.139847139020863,2045,2772,0.4631895699234471,0.6793157738835482,-0.6355737936545056,Normal,0.16999149480586861,0.5959456158509266,0.3955905055429959,0.7206243781831053,0.6771352009804809,0.47188075559340825,0.3075145827510292,0.1847243681900808,0.5754372904627588,0.3559289461448534,0.23708288369773034,0.1899292045505445,0.5782896310831266,0.19824348022179755,0.04001448756511451,2026-09-20T03:45:12Z
822840,666182,Bo Bichette,NYM,TEX,0,4,projected,TBD,Globe Life Field,2026-09-23T00:05:00Z,4.319891914362919,2920,0,0.4404401461533864,0.586004877667603,-0.03991753655105754,Normal,0.10544974184199302,0.7005556134313388,0.27019077875241193,0.5817515161505028,0.7072313792216474,0.5068538380939547,0.3399830494389345,0.21102611214923223,0.6715382724093474,0.41591877925474574,0.24065220406084592,0.15509748277471389,0.6755949756740766,0.29523899301713286,0.0811165890098172,2026-09-20T03:45:12Z
822840,553869,Elias Díaz,TEX,NYM,1,5,projected,Sean Manaea,Globe Life Field,2026-09-23T00:05:00Z,4.019521717911176,1770,2772,0.38261932051930436,0.6789308634249814,-0.26747668173759725,Normal,0.11743362399154479,0.6212123297763961,0.2726975390124074,0.6820880768196095,0.6524452658559312,0.44536374233279574,0.2843790799939852,0.16700870459011807,0.5988271590716638,0.3528495989452661,0.20489816727530688,0.14493645638163902,0.6019421219642561,0.2180181639516204,0.04656544450187676,2026-09-20T03:45:12Z
822840,666624,Christopher Morel,NYM,TEX,0,5,projected,TBD,Globe Life Field,2026-09-23T00:05:00Z,4.190453686200378,1870,0,0.41673690678638814,0.586004877667603,-0.075026669900161,Normal,0.11852454407670845,0.5974630702909226,0.3110352303133312,0.8136158275021405,0.6618478083240986,0.45646795292442177,0.29481620830796507,0.17555575106566418,0.5767745476887474,0.34055335947518106,0.2045425961513216,0.1467567832155761,0.5796532523821,0.20076040139657733,0.04160467130997416,2026-09-20T03:45:12Z
822840,669394,Jake Burger,TEX,NYM,1,6,projected,Sean Manaea,Globe Life Field,2026-09-23T00:05:00Z,3.8890302876049887,2266,2772,0.4988067545328379,0.6685180525141782,0.17473807646231312,Normal,0.19879227870509633,0.6103219494607152,0.34183804555453856,0.6966113248407197,0.6895248898824269,0.48458147002335916,0.3180300458549642,0.1922975312998381,0.5888004662800037,0.3788290702538076,0.25924375371467917,0.21559139515792536,0.5917936062322144,0.2084001616938375,0.04274690062879996,2026-09-20T03:45:12Z
822840,668901,Mark Vientos,NYM,TEX,0,6,projected,TBD,Globe Life Field,2026-09-23T00:05:00Z,4.056710289966641,1468,0,0.4113615162367673,0.586004877667603,0.37585394030040786,Normal,0.1505504478126291,0.6128373589004383,0.2531898611219874,0.7055433719903217,0.6684654519530671,0.46332671227053623,0.30060773233276034,0.1798400277808295,0.591008850584779,0.3598682285173317,0.22635360672253346,0.17373011224202478,0.5940472120998145,0.2128422823522722,0.045691969006066854,2026-09-20T03:45:12Z
822840,673962,Josh Jung,TEX,NYM,1,7,projected,Sean Manaea,Globe Life Field,2026-09-23T00:05:00Z,3.7439381827871037,1739,2772,0.44986608063322475,0.6238117905416809,1.0142206866795573,Normal,0.12108725113306897,0.6360286201475793,0.29303195855749015,0.6054629770958321,0.6677033540914082,0.4603917700999467,0.2965389106964478,0.17564105550134376,0.612555846342412,0.3630253773228199,0.21311727575790987,0.1503377132163881,0.6158221512335343,0.2290892466458359,0.04978846975914552,2026-09-20T03:45:12Z
822840,683146,Brett Baty,NYM,TEX,0,7,projected,TBD,Globe Life Field,2026-09-23T00:05:00Z,3.9121475054229937,1486,0,0.433039692324054,0.586004877667603,1.141304533584402,Normal,0.11754106061831546,0.6080038273545112,0.3098648887994645,0.6644555066216694,0.6435655304358383,0.4368112645249969,0.27759625798527005,0.1622885457826891,0.5865836263588029,0.3336559908843946,0.1951085659204776,0.1406607157793383,0.589564058965312,0.20810866008446852,0.04359352006913665,2026-09-20T03:45:12Z
822840,677649,Ezequiel Duran,TEX,NYM,1,8,projected,Sean Manaea,Globe Life Field,2026-09-23T00:05:00Z,3.5835015863859243,1729,2772,0.4249006780482913,0.6243264643786289,0.43796653623962656,Normal,0.10100246245065457,0.6043379888289079,0.27555571263304035,0.617345133936412,0.6321940730944701,0.4228205366261333,0.2642621026119331,0.15133394058103797,0.5834071238213416,0.33274212093069155,0.18695871199441313,0.1277904860427371,0.5863161092532005,0.20125348601476448,0.03919762722807778,2026-09-20T03:45:12Z
822840,682626,Francisco Alvarez,NYM,TEX,0,8,projected,TBD,Globe Life Field,2026-09-23T00:05:00Z,3.7734994337485843,1451,0,0.4065351789072507,0.586004877667603,-2.322085850246968,Cold,0.12624960362230345,0.5714120644220616,0.3165577894791478,0.7463204206579507,0.6301939834988789,0.4227579518098601,0.26555043191230765,0.15321354693832015,0.5526998843869131,0.31793615540965364,0.19150484859112335,0.1449947817687557,0.5553006057134248,0.17924706580717828,0.03367091356424331,2026-09-20T03:45:12Z
822840,670032,Nicky Lopez,TEX,NYM,1,9,projected,Sean Manaea,Globe Life Field,2026-09-23T00:05:00Z,3.4076134699853586,1468,2772,0.3574888751547557,0.6432002210070441,-0.2639191720158176,Normal,0.044218862142085556,0.5334058843133039,0.2465322589413636,0.5054246827177864,0.5573482142053274,0.3518109802689795,0.20792852828404323,0.11175720605020222,0.5175118245018064,0.23790785374655668,0.11144854318236112,0.06319823744286611,0.5197173305178352,0.14917215858285604,0.02328059874875097,2026-09-20T03:45:12Z
822840,620443,Luis Torrens,NYM,TEX,0,9,projected,TBD,Globe Life Field,2026-09-23T00:05:00Z,3.6080709263222257,877,0,0.40311449386952874,0.586004877667603,0.07231074828940327,Normal,0.08586249490769284,0.5677651796741711,0.24940507207500417,0.5751933421394511,0.6087437450801134,0.401131058298149,0.247565195134359,0.14001439784359818,0.549369751759427,0.302918949004231,0.16164671243696918,0.10869185146908156,0.5519257945606962,0.17569731042494235,0.03222561479243154,2026-09-20T03:45:12Z
823089,621493,Taylor Ward,SEA,HOU,1,1,projected,TBD,T-Mobile Park,2026-09-23T01:40:00Z,4.426836551861437,2903,0,0.588114200113824,0.586004877667603,-2.3693875392840655,Cold,0.10034195928375696,0.6263296378296704,0.47346424260755987,0.6619103108690418,0.6860909582975906,0.4836476081461477,0.31941950876973024,0.19507447549422294,0.6033867315793625,0.35252214531286963,0.19903785726674217,0.13337148799290138,0.606583819573801,0.22599406990098703,0.051732751420573084,2026-09-20T03:45:12Z
823089,665161,Jeremy Peña,HOU,SEA,0,1,projected,TBD,T-Mobile Park,2026-09-23T01:40:00Z,4.604683468942251,2832,0,0.6209627323422015,0.586004877667603,-0.5470700707345157,Normal,0.1175984633486522,0.7007250636505287,0.2705949111154089,0.7109727456408668,0.7215714023847343,0.5252517421748798,0.3584405665947936,0.2270380715944467,0.67163101353029,0.41724784706488427,0.24856700863961256,0.16595932472412164,0.6757037955171306,0.29841840449191337,0.0848369213216501,2026-09-20T03:45:12Z
823089,641487,J.P. Crawford,SEA,HOU,1,2,projected,TBD,T-Mobile Park,2026-09-23T01:40:00Z,4.320015293442936,2805,0,0.5295403533969212,0.586004877667603,1.0168245867207353,Normal,0.09827349491603199,0.6364520196300265,0.4830589034250389,0.5455084409897406,0.6647402497165863,0.4599849549307262,0.2981718848995818,0.17833164317857653,0.6127544817177105,0.35367396510102156,0.19711567589881707,0.13050174328259853,0.6160569156425063,0.23384110196397534,0.05421890637797302,2026-09-20T03:45:12Z
823089,514888,Jose Altuve,HOU,SEA,0,2,projected,TBD,T-Mobile Park,2026-09-23T01:40:00Z,4.513137557959815,2887,0,0.5542609589369143,0.586004877667603,-0.4468458847456735,Normal,0.11440149929132766,0.6882032675732779,0.3150036164982353,0.6012464601752009,0.7131396590310579,0.5147926509592894,0.34819663376104765,0.21832430609132134,0.6602036984780677,0.4064554991162012,0.23773192585189107,0.1584110377159075,0.6641184913025805,0.28450403938311825,0.07741521263437312,2026-09-20T03:45:12Z
823089,677594,Julio Rodríguez,SEA,HOU,1,3,projected,TBD,T-Mobile Park,2026-09-23T01:40:00Z,4.222100054975261,3220,0,0.4770324742897728,0.586004877667603,-0.6489007103123103,Normal,0.1218207865249728,0.6626348899079179,0.26534126070416386,0.6730869405372863,0.6972587801220992,0.49468828529036485,0.3282464027827247,0.2011861574644329,0.6368737712615702,0.38120938131149645,0.22489226598678272,0.15594661975464985,0.6404660798005428,0.2562974517794861,0.06258290645933348,2026-09-20T03:45:12Z
823089,670623,Isaac Paredes,HOU,SEA,0,3,projected,TBD,T-Mobile Park,2026-09-23T01:40:00Z,4.400406879970409,2654,0,0.4725911654309453,0.586004877667603,-0.7215599472710024,Normal,0.13227541197079773,0.6341436556376547,0.4508766141834706,0.5163816981838133,0.6808132995603264,0.4780409216780932,0.3145677134528637,0.1913890235049886,0.6105799731004719,0.3706973780672984,0.22305492862423815,0.16184294225619567,0.6138649157417875,0.23303024149058635,0.05465245859648769,2026-09-20T03:45:12Z
823089,663728,Cal Raleigh,SEA,HOU,1,4,projected,TBD,T-Mobile Park,2026-09-23T01:40:00Z,4.139847139020863,2816,0,0.49363895171050737,0.586004877667603,-0.6179931828158661,Normal,0.20586896079454386,0.5811229655550992,0.42231524185000363,0.7523976072972149,0.6873852048561252,0.4830742353058027,0.3173763096769389,0.1923254258553061,0.5616884045073877,0.3646016692223527,0.25489504347810515,0.21849643552302275,0.5643903628802404,0.18691110647761958,0.036261099786326495,2026-09-20T03:45:12Z
823089,670541,Yordan Alvarez,HOU,SEA,0,4,projected,TBD,T-Mobile Park,2026-09-23T01:40:00Z,4.319891914362919,2545,0,0.5647744044337945,0.586004877667603,-0.3050186709455502,Normal,0.21720758822059835,0.6932882858571404,0.42865468807022794,0.5528865051882513,0.7473959787705841,0.5547310065358806,0.3851334731405234,0.248001456228419,0.6649003637662233,0.4509612764862298,0.3109548233129139,0.2488016948630166,0.6688674104778715,0.2877420652426972,0.0775690725630409,2026-09-20T03:45:12Z
823089,668227,Randy Arozarena,SEA,HOU,1,5,projected,TBD,T-Mobile Park,2026-09-23T01:40:00Z,4.019521717911176,3291,0,0.5008238071503505,0.586004877667603,1.7808932387456409,Normal,0.12068834746301058,0.6232877456115327,0.42124958185606676,0.6322546221430362,0.6876215814958574,0.4829323832274642,0.31692404978590255,0.19171860427469936,0.6007419775719897,0.3633641317942118,0.21339549455174303,0.15119334953099178,0.6038794860355948,0.21975365623101042,0.04719528560547126,2026-09-20T03:45:12Z
823089,572233,Christian Walker,HOU,SEA,0,5,projected,TBD,T-Mobile Park,2026-09-23T01:40:00Z,4.190453686200378,3120,0,0.4404295210680847,0.586004877667603,-1.9001989598060531,Normal,0.13646792883999306,0.6084498737827443,0.31293042167952706,0.6539494551591344,0.6817919195988899,0.4778735563516187,0.31349277770906886,0.18986218254207482,0.5869443684757886,0.3580264978353215,0.21794337935871397,0.16245480842733345,0.5899377623710812,0.2095361874992409,0.04470320672678088,2026-09-20T03:45:12Z
823089,647304,Josh Naylor,SEA,HOU,1,6,projected,TBD,T-Mobile Park,2026-09-23T01:40:00Z,3.8890302876049887,2846,0,0.41178850962005087,0.586004877667603,1.5192602909653692,Normal,0.10528199356825518,0.6618321133415259,0.26500298129432664,0.4161326585098503,0.6850319812709593,0.47963456148383576,0.31365712544825386,0.1889245149900951,0.6362157964632356,0.3764066080917414,0.21051411777614695,0.13915413274215824,0.6397842654695354,0.25306875354315356,0.05953048198519823,2026-09-20T03:45:12Z
823089,662139,Daulton Varsho,HOU,SEA,0,6,projected,TBD,T-Mobile Park,2026-09-23T01:40:00Z,4.056710289966641,2480,0,0.43575545206796545,0.586004877667603,-1.7913218262174921,Normal,0.12515970576731708,0.6000585250675968,0.2810345168868626,0.6177276738971073,0.6632429279258684,0.45778120865605826,0.2958089957503236,0.17619173612303268,0.5791874358311339,0.3528547772108079,0.2168359174900571,0.15652260881807978,0.5820913938531093,0.20254487840947408,0.04203431804510946,2026-09-20T03:45:12Z
823089,686527,Dominic Canzone,SEA,HOU,1,7,projected,TBD,T-Mobile Park,2026-09-23T01:40:00Z,3.7439381827871037,1136,0,0.4224276112090815,0.586004877667603,0.7792302566815895,Normal,0.13231111326374442,0.6183547391894677,0.297260090668504,0.5576913003458115,0.664350111426784,0.45684443859246743,0.29349478261670925,0.1733523702310776,0.5962648774645125,0.3637234287997731,0.22003905194053075,0.1607476540978025,0.599337181679308,0.2141830379708907,0.04440727578559178,2026-09-20T03:45:12Z
823089,673237,Yainer Diaz,HOU,SEA,0,7,projected,TBD,T-Mobile Park,2026-09-23T01:40:00Z,3.9121475054229937,1897,0,0.40323499680351776,0.586004877667603,1.076156312808955,Normal,0.11034201295593996,0.6592807686936715,0.1953870563557786,0.5201274530920175,0.6801061480640168,0.475305963276521,0.31068141949189987,0.18727654079635847,0.6338196318771364,0.3753702309415674,0.21507203231832137,0.14485876699968664,0.6373686397385601,0.2524843221565378,0.06054866306668938,2026-09-20T03:45:12Z
823089,645302,Victor Robles,SEA,HOU,1,8,projected,TBD,T-Mobile Park,2026-09-23T01:40:00Z,3.5835015863859243,1091,0,0.3828102000372435,0.586004877667603,1.2617036876098284,Normal,0.05289467950388441,0.5946288806637082,0.26556415106812264,0.501958545330362,0.6081525469443915,0.39937337370346215,0.24530995117439816,0.13781046605593625,0.5744183618852475,0.29769762694120633,0.14488661725413632,0.08156229394284391,0.5772266255800714,0.19370876638856488,0.03675540123507244,2026-09-20T03:45:12Z
823089,543877,Christian Vázquez,HOU,SEA,0,8,projected,TBD,T-Mobile Park,2026-09-23T01:40:00Z,3.7734994337485843,1572,0,0.3336038499368968,0.586004877667603,-2.1763685022413966,Cold,0.0707677605704495,0.5644636418029615,0.2291021771364085,0.5644632640749251,0.5886057146254429,0.3827036949254951,0.23329157746264398,0.13018042966839496,0.5462337837764821,0.28367423730681945,0.14199640340779054,0.09086789379177199,0.548767069705215,0.17423879167962278,0.03212168598565528,2026-09-20T03:45:12Z
823089,702284,Cole Young,SEA,HOU,1,9,projected,TBD,T-Mobile Park,2026-09-23T01:40:00Z,3.4076134699853586,867,0,0.4116646269196141,0.586004877667603,-0.21731876342529685,Normal,0.08468347461394718,0.5598931330117762,0.282652110475801,0.4426069024831416,0.6054863373879963,0.39580138380587643,0.24182039401258953,0.1349308235836493,0.5422456787874305,0.2844363724256853,0.15463746994981634,0.10480222737362431,0.5446954608291632,0.16682629175233962,0.028015312503453592,2026-09-20T03:45:12Z
823089,669397,Nick Allen,HOU,SEA,0,9,projected,TBD,T-Mobile Park,2026-09-23T01:40:00Z,3.6080709263222257,1329,0,0.35356577416238666,0.586004877667603,2.1621399988970547,Hot,0.05194236914830493,0.5504844199905867,0.22946484694517436,0.5612873535934226,0.569242504529074,0.36437866451767137,0.2187212021436589,0.11989146638546631,0.5332652440152068,0.25634056625520835,0.11943698845564325,0.07038522579117132,0.5356569942761218,0.16359412256419123,0.028629747853114357,2026-09-20T03:45:12Z
823166,808982,Jung Hoo Lee,SF,MIN,1,1,projected,TBD,Oracle Park,2026-09-23T01:45:00Z,4.426836551861437,1347,0,0.5703547198148474,0.586004877667603,-1.3729563267903908,Normal,0.08286385178233636,0.694361696939756,0.30014447743178757,0.4094098011983136,0.7008453130694076,0.5001397991092539,0.33427987289959754,0.20679722148911173,0.6658541813520221,0.40938216539770095,0.23748344268893656,0.1451751609735404,0.6698396329136037,0.2898024335934107,0.07918545963356492,2026-09-20T03:45:12Z
823166,665019,Kody Clemens,MIN,SF,0,1,projected,TBD,Oracle Park,2026-09-23T01:45:00Z,4.604683468942251,1338,0,0.6105654668091745,0.586004877667603,0.0833535323722191,Normal,0.1643508223980476,0.6491576619474219,0.33537571992709014,0.6738272223852902,0.7096963227056776,0.5114005087378474,0.345523635094664,0.2165218969167234,0.6243487769473509,0.40670503193612184,0.2692439789274638,0.20299462225256557,0.6278115171335454,0.24792568222729117,0.061695952984409025,2026-09-20T03:45:12Z
823166,805811,Bryce Eldridge,SF,MIN,1,2,projected,TBD,Oracle Park,2026-09-23T01:45:00Z,4.320015293442936,485,0,0.5468133025460825,0.586004877667603,0.697581859757264,Normal,0.12943759548246195,0.658511370418508,0.4631092896764871,0.6970105137988073,0.6947390278554023,0.49267588254889577,0.3270451970583551,0.20069834578617005,0.6330403217987628,0.3927956210888073,0.23575081923321875,0.16619321695300882,0.6365931658397229,0.2537539162277034,0.0623254240129217,2026-09-20T03:45:12Z
823166,807712,Luke Keaschall,MIN,SF,0,2,projected,TBD,Oracle Park,2026-09-23T01:45:00Z,4.513137557959815,796,0,0.5472459760381694,0.586004877667603,1.6642364121085187,Normal,0.07512849864529934,0.6802152606189237,0.4198482937434764,0.5244121295000961,0.6917296005585055,0.49044567937716194,0.3259457435243473,0.20053718858711322,0.6528906925647533,0.38691563410897506,0.2089605216616086,0.12377618092716983,0.656709348851648,0.2765102728459807,0.07369945940902929,2026-09-20T03:45:12Z
823166,678545,Osleivis Basabe,SF,MIN,1,3,projected,TBD,Oracle Park,2026-09-23T01:45:00Z,4.222100054975261,226,0,0.4321142414784808,0.586004877667603,-1.43869169059744,Normal,0.09603631355139904,0.6185447213659916,0.29304140657389144,0.6234417101757509,0.6500196323672598,0.44382250551802105,0.28378753594580536,0.16709584159782945,0.596295860734075,0.34302022044521957,0.19103265631390912,0.1270724698759182,0.5993932603373716,0.21735433570696103,0.047272445738797866,2026-09-20T03:45:12Z
823166,605137,Josh Bell,MIN,SF,0,3,projected,TBD,Oracle Park,2026-09-23T01:45:00Z,4.400406879970409,3001,0,0.4325339679389959,0.586004877667603,-0.23662375958843632,Normal,0.10686853845730153,0.6444120787268782,0.3391056243232975,0.5976894892673029,0.6674973065376624,0.46366144087230104,0.30192490365732805,0.18161779809057754,0.6200366911791938,0.36664732604342903,0.21017864901933364,0.14174265464126412,0.6234362599005693,0.2421263782165925,0.058322608259626735,2026-09-20T03:45:12Z
823166,687551,Drew Gilbert,SF,MIN,1,4,projected,TBD,Oracle Park,2026-09-23T01:45:00Z,4.139847139020863,487,0,0.4622478513457074,0.586004877667603,-0.7344193871295096,Normal,0.10800707487456714,0.6162129614318842,0.38694079926188224,0.5365915879038533,0.6600125524153875,0.4536364987996211,0.2917201852835228,0.17272856449612403,0.5941855141199494,0.3507125502856609,0.20536965456791276,0.14105100324075986,0.597250926473041,0.21449595460930437,0.04568937047128005,2026-09-20T03:45:12Z
823166,668904,Royce Lewis,MIN,SF,0,4,projected,TBD,Oracle Park,2026-09-23T01:45:00Z,4.319891914362919,1488,0,0.4094636702981409,0.586004877667603,-1.2283112224934196,Normal,0.10900142104126187,0.635434299496554,0.2656019501280689,0.69264118605609,0.6717881128220878,0.46754505960589215,0.304809548874843,0.18346781958233377,0.611819625127456,0.3643909217526729,0.20804202107884917,0.1419455525225609,0.6151106722046896,0.233043980383752,0.054030841329360514,2026-09-20T03:45:12Z
823166,687529,Grant McCray,SF,MIN,1,5,projected,TBD,Oracle Park,2026-09-23T01:45:00Z,4.019521717911176,241,0,0.4161414393307882,0.586004877667603,-0.42225665605413804,Normal,0.10362230338368417,0.5860515923642152,0.3009649796413306,0.8256946692879557,0.6393392549549859,0.4319492612350891,0.27310634591191696,0.15866748951377355,0.5662926349672873,0.32490728444778494,0.19098335592999488,0.1323291119017771,0.5690395166209127,0.19005583285056188,0.03695846955108206,2026-09-20T03:45:12Z
823166,605170,Victor Caratini,MIN,SF,0,5,projected,TBD,Oracle Park,2026-09-23T01:45:00Z,4.190453686200378,1566,0,0.3959875512442068,0.586004877667603,-0.855726705487226,Normal,0.0966615981254727,0.6179496886408431,0.3698990747402868,0.5766430002504357,0.648496164844085,0.44255032468064964,0.2829247605752707,0.16660744289774732,0.5957241786811689,0.32748764908170486,0.17950075418420258,0.12118637955696812,0.598818749747364,0.21733682011899028,0.047542649463226214,2026-09-20T03:45:12Z
823166,695391,Brett Harris,SF,MIN,1,6,projected,TBD,Oracle Park,2026-09-23T01:45:00Z,3.8890302876049887,233,0,0.40781096434518765,0.586004877667603,-0.3519495444384932,Normal,0.06857319947678645,0.5711020053552808,0.3768193694365046,0.6130894170403842,0.6164351869889149,0.4088090146858907,0.2537998190725023,0.14444499271990022,0.5524391226811354,0.29853135339339976,0.15181645989389103,0.0943845782666156,0.5550322378788098,0.1783534630238433,0.03291979678082623,2026-09-20T03:45:12Z
823166,680777,Ryan Jeffers,MIN,SF,0,6,projected,TBD,Oracle Park,2026-09-23T01:45:00Z,4.056710289966641,1848,0,0.42207944796634994,0.586004877667603,-1.8056638278779646,Normal,0.099423961307384,0.6082952133607029,0.36524528860483113,0.589627741652461,0.6524829318507261,0.4465140036986094,0.28615579041029215,0.1689145188997699,0.5868096424925701,0.3469224813790686,0.19491973552579014,0.1315459013577198,0.589799842842759,0.20914134304739443,0.04436130891235389,2026-09-20T03:45:12Z
823166,694376,Shay Whitcomb,SF,MIN,1,7,projected,TBD,Oracle Park,2026-09-23T01:45:00Z,3.7439381827871037,179,0,0.33882761087803515,0.586004877667603,-0.023611548924913642,Normal,0.08761080104773437,0.5657355845375466,0.21759932256821252,0.6499251796473435,0.6057447586470732,0.3980416890301766,0.24485971489552363,0.13789670133909485,0.5474905212675593,0.3003607530576285,0.1624766512248709,0.11003860860598977,0.5500249506831406,0.1738334143242191,0.03127877122339145,2026-09-20T03:45:12Z
823166,686797,Brooks Lee,MIN,SF,0,7,projected,TBD,Oracle Park,2026-09-23T01:45:00Z,3.9121475054229937,1308,0,0.3569834330916293,0.586004877667603,0.09360985485485918,Normal,0.09912027489223474,0.6059642225149807,0.22426422380892283,0.5153203490412157,0.6335506259882845,0.4266774387003331,0.2691348596738226,0.15605373398052214,0.5846970855516475,0.3256089792156342,0.18340565887964452,0.12526460223514913,0.5876560427618623,0.20646762435750945,0.04301635560928652,2026-09-20T03:45:12Z
823166,668800,Andrew Knizner,SF,MIN,1,8,projected,TBD,Oracle Park,2026-09-23T01:45:00Z,3.5835015863859243,775,0,0.3638001125284988,0.586004877667603,0.653457467858989,Normal,0.0733535039464709,0.5500343354964181,0.2629500208724566,0.5326516860834086,0.5955198605541782,0.38741639226674385,0.2358465734155433,0.131178341656394,0.5329510531112225,0.2759844705267961,0.1410561898002588,0.09235489367645912,0.5353227631060828,0.16153539021584096,0.027146019441070122,2026-09-20T03:45:12Z
823166,668885,Austin Martin,MIN,SF,0,8,projected,TBD,Oracle Park,2026-09-23T01:45:00Z,3.7734994337485843,788,0,0.43377908774361307,0.586004877667603,-0.7086660589273422,Normal,0.050484319333822594,0.5777944419434832,0.37895773566292484,0.5538736901899911,0.6132186856294481,0.40608406715428297,0.25193498379495605,0.14337694456544314,0.5586331189504937,0.3002865542558044,0.14402125810665128,0.080787166379819,0.5612966649705291,0.1839321668428558,0.035149484517721465,2026-09-20T03:45:12Z
823166,683766,Christian Koss,SF,MIN,1,9,projected,TBD,Oracle Park,2026-09-23T01:45:00Z,3.4076134699853586,384,0,0.3943502550700664,0.586004877667603,0.4397355931623137,Normal,0.06606864034780935,0.5633193495046434,0.213975128033953,0.5873315632736258,0.6097289296119158,0.39984149792333024,0.24502300291575227,0.1371744885038215,0.5454373982702877,0.2803885781226572,0.13861583304385455,0.08653774561830191,0.5479198706856577,0.16920720640922696,0.028683258985240507,2026-09-20T03:45:12Z
823166,668952,Ryan Kreidler,MIN,SF,0,9,projected,TBD,Oracle Park,2026-09-23T01:45:00Z,3.6080709263222257,462,0,0.3813576984688779,0.586004877667603,-1.0418512837740745,Normal,0.0670054323769731,0.5167775299159844,0.2432119034344874,0.6675833584426429,0.5820738817579838,0.37607052042831984,0.22776033459636374,0.12611497043535164,0.5017291537361755,0.25441657849594146,0.13187438787904293,0.085769218295855,0.503818115475357,0.14159764260185148,0.022574983845835516,2026-09-20T03:45:12Z
823328,665833,Oneil Cruz,PIT,STL,1,1,projected,Andre Pallante,PNC Park,2026-09-22T22:40:00Z,4.426836551861437,1942,2612,0.6153818140428461,0.666059859163136,1.2298665549039518,Normal,0.13515780108759937,0.659552915143048,0.4084621406898222,0.7345368076929315,0.7098569049293956,0.5104374587739227,0.34370813458759053,0.21433585366984778,0.6339664212742564,0.396451781383246,0.24601426437555235,0.1751967532621616,0.6375369372582356,0.2556984714210383,0.06382005814032107,2026-09-20T03:45:12Z
823328,691026,Masyn Winn,STL,PIT,0,1,projected,TBD,PNC Park,2026-09-22T22:40:00Z,4.604683468942251,1824,0,0.5667775895852496,0.586004877667603,-0.8722021213647936,Normal,0.07223265309186204,0.6564882640760226,0.32835692070513006,0.6699193064948105,0.677883947689396,0.47576404707931025,0.31325412172157685,0.19089607266451192,0.6310896150443002,0.3669902808987916,0.19752933311356843,0.11767923419588992,0.6346359483178223,0.2546853335999326,0.0645889759325393,2026-09-20T03:45:12Z
823328,687462,Spencer Horwitz,PIT,STL,1,2,projected,Andre Pallante,PNC Park,2026-09-22T22:40:00Z,4.320015293442936,1265,2612,0.51685054532557,0.6655769705771869,-0.3979322906092934,Normal,0.09090658259332333,0.6575934031989283,0.41591942273223925,0.46058104144694767,0.6802000358633274,0.47661165517497767,0.31271668180206436,0.18950684502835266,0.6321974481805833,0.37361560275964395,0.2056858106420452,0.13042956083166662,0.6357396732198299,0.2529014856706965,0.061967421365327284,2026-09-20T03:45:12Z
823328,802139,JJ Wetherholt,STL,PIT,0,2,projected,TBD,PNC Park,2026-09-22T22:40:00Z,4.513137557959815,593,0,0.5933470494789888,0.586004877667603,-1.3247646606299017,Normal,0.11261255911954457,0.6486834572130634,0.45569157000833577,0.5590180719968546,0.6919437136679958,0.49068442314515665,0.3261608158910883,0.20070702099058071,0.6239475646895991,0.36101151528851955,0.20814773980381754,0.14318624725363305,0.6273989073109518,0.24657986159290912,0.060571946173590054,2026-09-20T03:45:12Z
823328,668804,Bryan Reynolds,PIT,STL,1,3,projected,Andre Pallante,PNC Park,2026-09-22T22:40:00Z,4.222100054975261,3272,2612,0.4659791025181481,0.66620618745746,0.05281110460131613,Normal,0.09715035786763203,0.6576200962953066,0.39105751102828223,0.5431624460643061,0.681856059463312,0.4776262227962782,0.3130324752659874,0.18932457436014596,0.6322718948661757,0.3820248995867009,0.21857071813477552,0.14127255174950742,0.6358058739016126,0.25163087283404983,0.06064117719282115,2026-09-20T03:45:12Z
823328,671056,Iván Herrera,STL,PIT,0,3,projected,TBD,PNC Park,2026-09-22T22:40:00Z,4.400406879970409,1459,0,0.496638194257599,0.586004877667603,-0.7461589011902083,Normal,0.0922781811785095,0.6457489611507871,0.44588883485807324,0.6179522279898285,0.6766384106361361,0.4734960248849624,0.31054843195157555,0.18826731115364034,0.6212668769609532,0.35310977396990284,0.19376857072252765,0.1252569252318854,0.6246815253379719,0.2433291422413984,0.058816275294232,2026-09-20T03:45:12Z
823328,664040,Brandon Lowe,PIT,STL,1,4,projected,Andre Pallante,PNC Park,2026-09-22T22:40:00Z,4.139847139020863,2305,2612,0.4924970932682765,0.6572196564164866,1.2988537706905878,Normal,0.15372940691486464,0.6432480655341277,0.3475776887413265,0.6636744021794295,0.7013525350339355,0.4986727035483486,0.33134123825084383,0.2032349057366014,0.6191031478702158,0.38469498765227167,0.2427491261958302,0.1825697186070762,0.6224662521756489,0.23761162989310314,0.05435763579841576,2026-09-20T03:45:12Z
823328,676475,Alec Burleson,STL,PIT,0,4,projected,TBD,PNC Park,2026-09-22T22:40:00Z,4.319891914362919,2186,0,0.46122737382910156,0.586004877667603,-1.0016748429641587,Normal,0.12235721712937983,0.6890421707497726,0.31572252052965816,0.549281995657306,0.7036948390161707,0.5028149332061043,0.3362925023002805,0.20808343555906478,0.661019063872729,0.40860318367065357,0.24206023132388726,0.16440790832184138,0.6649342019792374,0.2834301007947969,0.07556430193410353,2026-09-20T03:45:12Z
823328,656811,Ryan O'Hearn,PIT,STL,1,5,projected,Andre Pallante,PNC Park,2026-09-22T22:40:00Z,4.019521717911176,1972,2612,0.4653168720477357,0.6533443691410089,-0.588325434387138,Normal,0.10770349257549888,0.6565654672185598,0.32609570466451476,0.49764718388181384,0.690400241275987,0.48600338475341165,0.31964954784614885,0.1938301089790419,0.6313604329206925,0.37134036185792285,0.2122469576717556,0.14218533594489416,0.6348719723345696,0.2489575490009734,0.05838927391035492,2026-09-20T03:45:12Z
823328,691023,Jordan Walker,STL,PIT,0,5,projected,TBD,PNC Park,2026-09-22T22:40:00Z,4.190453686200378,1673,0,0.44019825264844803,0.586004877667603,-1.3331566870172482,Normal,0.10901305577123802,0.6482112733280057,0.28340753132859353,0.7254343789580864,0.6809913614610623,0.47699955337889416,0.3127208651495124,0.18926480060836584,0.6236089497516119,0.37105930478146615,0.21336377480382915,0.1441708537580283,0.6270382722780926,0.24355918166624524,0.05767953170806511,2026-09-20T03:45:12Z
823328,693304,Nick Gonzales,PIT,STL,1,6,projected,Andre Pallante,PNC Park,2026-09-22T22:40:00Z,3.8890302876049887,1507,2612,0.4171936053036817,0.639723112481698,0.2751928645762362,Normal,0.05271875525006042,0.6671459980778265,0.31180588770404477,0.44877337078948776,0.666312486753791,0.45945586490591067,0.2960858307026328,0.17553983611473792,0.6410855395920407,0.3626040923056305,0.1839796496600624,0.09904772668759633,0.644716608837046,0.2580433897852485,0.06156333713564238,2026-09-20T03:45:12Z
823328,669357,Nolan Gorman,STL,PIT,0,6,projected,TBD,PNC Park,2026-09-22T22:40:00Z,4.056710289966641,1873,0,0.4401706237869672,0.586004877667603,-0.501362970933054,Normal,0.14011336487376655,0.5739502491318317,0.35562118765009354,0.8056994218085086,0.6523749194363402,0.44640195960060075,0.2860604426238679,0.1688430516618127,0.5549636725984317,0.3282966236135122,0.20250534276669388,0.15782592146377455,0.5576035341763416,0.18258297857567268,0.03534057471987751,2026-09-20T03:45:12Z
823328,663968,Jake Mangum,PIT,STL,1,7,projected,Andre Pallante,PNC Park,2026-09-22T22:40:00Z,3.7439381827871037,883,2612,0.3829421223314242,0.5928589005200797,-1.0005227304205317,Normal,0.05786599283568814,0.649863926066191,0.2633292102525685,0.44211113531245494,0.6411818647668244,0.4328979969941856,0.27327800430802907,0.15835917826005072,0.6252766297433003,0.34020421780445537,0.1691388999633859,0.09392584166802914,0.6286995260029757,0.2412689817566873,0.054400900134102204,2026-09-20T03:45:12Z
823328,701675,Nathan Church,STL,PIT,0,7,projected,TBD,PNC Park,2026-09-22T22:40:00Z,3.9121475054229937,509,0,0.40932219503217115,0.586004877667603,2.2763877673943798,Hot,0.08719174838376706,0.6171458428683735,0.2713337235729146,0.49756457967026635,0.6409013890020568,0.4340987707089465,0.27532144826835053,0.1606060695044956,0.5950323094864053,0.33082335859626216,0.1805196535503105,0.1170841455859771,0.5981100698381449,0.21557651361701394,0.046264618136457845,2026-09-20T03:45:12Z
823328,669707,Jared Triolo,PIT,STL,1,8,projected,Andre Pallante,PNC Park,2026-09-22T22:40:00Z,3.5835015863859243,1385,2612,0.3784981587726268,0.5945511087750582,-0.5016192510473615,Normal,0.05373901839164986,0.5785113154640045,0.3180981136135864,0.49130617659380166,0.6021816152368844,0.39369162431351445,0.24079632590774516,0.13463712696035643,0.5594653278392245,0.2843682037065984,0.13504886710859162,0.07752890363988688,0.5621108974228262,0.18162025070053145,0.032992144117869965,2026-09-20T03:45:12Z
823328,686780,Pedro Pagés,STL,PIT,0,8,projected,TBD,PNC Park,2026-09-22T22:40:00Z,3.7734994337485843,809,0,0.3455542328607702,0.586004877667603,-0.7850007920414491,Normal,0.08001865177033113,0.5708558458635228,0.22465064809841934,0.7005870393427676,0.6028408333244227,0.3961143868206708,0.2439217375388317,0.13766596165752654,0.5521825310508277,0.2909841794810077,0.15395832379018198,0.10168352065150227,0.5547778171748072,0.17884262985939675,0.033544606326495884,2026-09-20T03:45:12Z
823328,680779,Henry Davis,PIT,STL,1,9,projected,Andre Pallante,PNC Park,2026-09-22T22:40:00Z,3.4076134699853586,951,2612,0.37552563931255184,0.6148634310834015,0.3706604594395999,Normal,0.06854706079419536,0.49255864708998404,0.32212364814839234,0.5320452914889934,0.5613978818482146,0.35538710232826376,0.2106175356098861,0.11355712246210177,0.47916549442988055,0.23969297339436083,0.11963660859634494,0.08173421444294768,0.4810230215074667,0.12442606873491693,0.017292702856258817,2026-09-20T03:45:12Z
823328,687363,Victor Scott II,STL,PIT,0,9,projected,TBD,PNC Park,2026-09-22T22:40:00Z,3.6080709263222257,807,0,0.41745321277557307,0.586004877667603,0.6182490948715088,Normal,0.06381418268771419,0.528752652457207,0.3206529703340279,0.5911367497293233,0.5787075775457069,0.3729808938017635,0.22535938108151335,0.12445446593916537,0.5129516616774965,0.2614312607259823,0.12928017888579316,0.08239741677492114,0.5151455423067254,0.14917521148808924,0.02459065596901761,2026-09-20T03:45:12Z
823412,656941,Kyle Schwarber,PHI,MIL,1,1,projected,TBD,Citizens Bank Park,2026-09-22T22:40:00Z,4.426836551861437,3469,0,0.7585005865722707,0.586004877667603,-0.3260191114166977,Normal,0.32439681052606895,0.6313850354456867,0.5072013514826436,0.7504120548445037,0.750204810733011,0.5588206865377422,0.38961245846987685,0.25216560043496794,0.6080492381282162,0.4444464790635936,0.35923338098939517,0.3303659955814506,0.6113017563402209,0.2303452168780489,0.05342893337803813,2026-09-20T03:45:12Z
823412,592885,Christian Yelich,MIL,PHI,0,1,projected,TBD,Citizens Bank Park,2026-09-22T22:40:00Z,4.604683468942251,2740,0,0.6791391170562598,0.586004877667603,-0.23793425456992545,Normal,0.13508496818809365,0.6921950369507645,0.38323141465507965,0.7016451152098716,0.7335020697490062,0.5394907011054028,0.37194521372006084,0.23819127039127977,0.6638310126810776,0.4160122002005052,0.25564810129824517,0.17881859063783614,0.6677993929570905,0.289575351825797,0.08052640108700662,2026-09-20T03:45:12Z
823412,650333,Luis Arraez,PHI,MIL,1,2,projected,TBD,Citizens Bank Park,2026-09-22T22:40:00Z,4.320015293442936,3201,0,0.5292314405494086,0.586004877667603,-0.3757923911086756,Normal,0.08275407389650452,0.7592759836903551,0.26910342818000144,0.3079726193331985,0.730766700383124,0.5344281815385639,0.36560427672666324,0.2317144789205073,0.7249466819144087,0.4553566349334291,0.25967744883717725,0.15255039774098772,0.729766036623954,0.3616328230385198,0.11587925613150114,2026-09-20T03:45:12Z
823412,668930,Brice Turang,MIL,PHI,0,2,projected,TBD,Citizens Bank Park,2026-09-22T22:40:00Z,4.513137557959815,2376,0,0.6331454512657727,0.586004877667603,1.4103979584687598,Normal,0.11443843868981173,0.686983707236192,0.4424209787358328,0.6773130134831604,0.7175161220815774,0.5198912914501989,0.35293891369395924,0.2221718300000316,0.6590876778749046,0.40180285410389605,0.23861426292371318,0.15966629834142407,0.6629877136148884,0.2832724171874697,0.07683689698835007,2026-09-20T03:45:12Z
823412,607208,Trea Turner,PHI,MIL,1,3,projected,TBD,Citizens Bank Park,2026-09-22T22:40:00Z,4.222100054975261,3240,0,0.5330511277649722,0.586004877667603,0.17401292336690138,Normal,0.11367813903312694,0.6839191958502558,0.2818976568560944,0.588109844737956,0.7131835388524371,0.5128538608625683,0.34479020633965496,0.21431531049029315,0.6563682414681682,0.40191398815201407,0.23726510937876627,0.158218164215636,0.6602139039771467,0.2768254032911168,0.07147603529167489,2026-09-20T03:45:12Z
823412,661388,William Contreras,MIL,PHI,0,3,projected,TBD,Citizens Bank Park,2026-09-22T22:40:00Z,4.400406879970409,2937,0,0.5430126314401166,0.586004877667603,0.17721674458487366,Normal,0.12184547660927493,0.6849934628877022,0.35682222315580797,0.5695866801103038,0.7142783845824787,0.5157515291001804,0.3487689680470274,0.21852988521797093,0.6572776694507491,0.40846144068893564,0.24216001376253218,0.16466344771847838,0.6611508837197891,0.280630513721604,0.07510756760245062,2026-09-20T03:45:12Z
823412,650559,Bryan De La Cruz,PHI,MIL,1,4,projected,TBD,Citizens Bank Park,2026-09-22T22:40:00Z,4.139847139020863,1727,0,0.4010247736235934,0.586004877667603,0.6663154036265176,Normal,0.11328791747991351,0.6485249729203074,0.24893255225387517,0.7113350651270292,0.6738433653752959,0.46832988121888663,0.30441359202973617,0.18235187205650566,0.6239547195057991,0.3718149797239174,0.21242986318630863,0.1453016387683915,0.6273777289509163,0.24232412822711877,0.056211561815444656,2026-09-20T03:45:12Z
823412,694192,Jackson Chourio,MIL,PHI,0,4,projected,TBD,Citizens Bank Park,2026-09-22T22:40:00Z,4.319891914362919,1707,0,0.5331111542058812,0.586004877667603,-0.23418856618152342,Normal,0.1446776004054109,0.6972136259337234,0.25941537418222826,0.6606555681562541,0.7289228124692612,0.5322361648046945,0.3635918106257616,0.23013485683177665,0.6684865173543928,0.43157635583783066,0.2702709178659772,0.19147756995887477,0.672501860071427,0.29177292897915647,0.07946665645191694,2026-09-20T03:45:12Z
823412,547180,Bryce Harper,PHI,MIL,1,5,projected,TBD,Citizens Bank Park,2026-09-22T22:40:00Z,4.019521717911176,2840,0,0.5729915027396973,0.586004877667603,-0.2106522001274964,Normal,0.1652670920181571,0.6636502746162116,0.47450475589734353,0.587263621839001,0.7216941708126958,0.5217323014546045,0.35211255116496554,0.21948031482313052,0.6378588187587841,0.4171253506171507,0.26512838184107773,0.19966922489066338,0.6414530367466944,0.2555231413440677,0.06106206213574451,2026-09-20T03:45:12Z
823412,683734,Andrew Vaughn,MIL,PHI,0,5,projected,TBD,Citizens Bank Park,2026-09-22T22:40:00Z,4.190453686200378,2564,0,0.42488276800308267,0.586004877667603,-0.4201546579667076,Normal,0.10528631822890305,0.673938688211964,0.3248990431327158,0.5733792787760138,0.687214931088147,0.48382766394669996,0.31877283618786706,0.19396246858692962,0.64721804722836,0.39435967140711903,0.22608339785553955,0.14808665864895149,0.6509468361129387,0.2675985032958641,0.06778392402639535,2026-09-20T03:45:12Z
823412,664761,Alec Bohm,PHI,MIL,1,6,projected,TBD,Citizens Bank Park,2026-09-22T22:40:00Z,3.8890302876049887,2948,0,0.42289657315305534,0.586004877667603,1.5657877946230931,Normal,0.09095769866071568,0.6525923949687316,0.28561254912926054,0.4565677676482604,0.670450232047942,0.46385754383522104,0.29988268197443346,0.17840911354412314,0.6277387804935042,0.36492085914225963,0.20024727907199377,0.12737193149015882,0.6311998475154968,0.24458874545919654,0.056141551816391036,2026-09-20T03:45:12Z
823412,641343,Jake Bauers,MIL,PHI,0,6,projected,TBD,Citizens Bank Park,2026-09-22T22:40:00Z,4.056710289966641,1384,0,0.5979744381982172,0.586004877667603,-0.25432528997974807,Normal,0.16365957893099087,0.6160482230956184,0.5363539438783347,0.705486820877057,0.699102881307056,0.4969287186109317,0.33037278225438466,0.20292271705909995,0.5939755449946122,0.3706889694823152,0.2399057001009622,0.187410126976199,0.5970482102816419,0.21548601079979154,0.04665358176013379,2026-09-20T03:45:12Z
823412,592663,J.T. Realmuto,PHI,MIL,1,7,projected,TBD,Citizens Bank Park,2026-09-22T22:40:00Z,3.7439381827871037,2503,0,0.427622521726838,0.586004877667603,-0.3996911577714445,Normal,0.1024828006912704,0.5997916480578426,0.28779251338784034,0.581949225710814,0.648434633881139,0.44029106356482556,0.27945830037441893,0.1629044216484115,0.5791047352768111,0.3338061774746369,0.19005385202626143,0.13053835815038925,0.5819805348421184,0.19928077239224906,0.039315101449375736,2026-09-20T03:45:12Z
823412,686217,Sal Frelick,MIL,PHI,0,7,projected,TBD,Citizens Bank Park,2026-09-22T22:40:00Z,3.9121475054229937,1710,0,0.4495730838886401,0.586004877667603,-0.6222878333386227,Normal,0.07864249694265674,0.6339986484072436,0.3028048370722447,0.4191006795979663,0.6516820598557509,0.44515134675432505,0.2846365909381331,0.16752480621816448,0.610575992757353,0.3394752850634423,0.1816295323623591,0.11256504114322215,0.6138377659378271,0.229836298386294,0.051568967962418666,2026-09-20T03:45:12Z
823412,681082,Bryson Stott,PHI,MIL,1,8,projected,TBD,Citizens Bank Park,2026-09-22T22:40:00Z,3.5835015863859243,2812,0,0.4505821342483126,0.586004877667603,-0.1596627491059227,Normal,0.08746536970561875,0.6017850021082839,0.31976644176752494,0.44369659510532206,0.6431873027992102,0.4338604917442722,0.27336977244596755,0.1579460266207548,0.5810449258718878,0.3228111345950808,0.1765491020101457,0.11558163031425735,0.5839272279510901,0.19925010839413623,0.03854211154573023,2026-09-20T03:45:12Z
823412,596142,Gary Sánchez,MIL,PHI,0,8,projected,TBD,Citizens Bank Park,2026-09-22T22:40:00Z,3.7734994337485843,1380,0,0.4483130455213356,0.586004877667603,-0.7468598749466062,Normal,0.136829286500325,0.5526258589164222,0.38235821037241646,0.6499880544873139,0.6406318825296642,0.4332456356159899,0.27425317182238157,0.15958783656326467,0.5352017607996756,0.31774544507796226,0.1962102976102596,0.15377347982425496,0.5376224585494671,0.16592385721576644,0.029621085361630963,2026-09-20T03:45:12Z
823412,669016,Brandon Marsh,PHI,MIL,1,9,projected,TBD,Citizens Bank Park,2026-09-22T22:40:00Z,3.4076134699853586,2379,0,0.4470073724238982,0.586004877667603,-0.9868154014280018,Normal,0.09942888700797507,0.5944305307205088,0.2501152404918726,0.5842849322275181,0.6431009273589136,0.432631577728604,0.27159058978727835,0.15613681512599417,0.5743376763703795,0.32414299359321985,0.18486509491663938,0.12633643590334118,0.5771286331810864,0.19189644327021751,0.03539950137126094,2026-09-20T03:45:12Z
823412,687401,Joey Ortiz,MIL,PHI,0,9,projected,TBD,Citizens Bank Park,2026-09-22T22:40:00Z,3.6080709263222257,1447,0,0.44111154843490635,0.586004877667603,1.9170481358826492,Normal,0.07533079985211175,0.5892724367675072,0.25321540657148933,0.514871710739272,0.6302379116072904,0.4221227216254837,0.2646138576536727,0.1522641069458095,0.569352653121966,0.3110209025275724,0.1665535766816998,0.10494489365211232,0.5721218744409999,0.1915863287649354,0.037230745305685466,2026-09-20T03:45:12Z
823494,671218,Heliot Ramos,NYY,TB,1,1,projected,TBD,Yankee Stadium,2026-09-22T23:05:00Z,4.426836551861437,1704,0,0.5520566603914607,0.586004877667603,-0.20875105034463337,Normal,0.12573109577951003,0.6702037699047129,0.3405228763894483,0.7161463156047946,0.694519311312954,0.4930138607089528,0.3278231723605182,0.20167984703738617,0.6437394601208862,0.3943986732762654,0.23783662138055722,0.1652197729510433,0.647434389109566,0.26579564825028207,0.0682018783130916,2026-09-20T03:45:12Z
823494,650490,Yandy Díaz,TB,NYY,0,1,projected,TBD,Yankee Stadium,2026-09-22T23:05:00Z,4.604683468942251,3090,0,0.5646676568040429,0.586004877667603,-1.4340118406087674,Normal,0.1286320359923044,0.7330244506333,0.33806116459803637,0.540121938497556,0.7270559568495665,0.5317562813330691,0.3645808825833708,0.2320890996029676,0.7010986316864697,0.448728764455283,0.2711075878850857,0.18161454825160375,0.7055787013306477,0.3338330240041025,0.10322607783552715,2026-09-20T03:45:12Z
823494,671277,Luis García Jr.,NYY,TB,1,2,projected,TBD,Yankee Stadium,2026-09-22T23:05:00Z,4.320015293442936,2432,0,0.5846812914882575,0.586004877667603,-0.44673904906908474,Normal,0.17704309693583595,0.7202200678518939,0.2465633931704391,0.5318165036918372,0.7336579500953577,0.537907848996455,0.3689068171251254,0.23443211896847252,0.6894577725558769,0.4567233067335618,0.3005761659285247,0.2228204271489136,0.6937632275258512,0.3162132590210882,0.0912918249560967,2026-09-20T03:45:12Z
823494,656775,Cedric Mullins,TB,NYY,0,2,projected,TBD,Yankee Stadium,2026-09-22T23:05:00Z,4.513137557959815,2604,0,0.5718156070201788,0.586004877667603,-0.5737087103998465,Normal,0.13731537450323628,0.6455063984279479,0.3747144340538839,0.5948158367986637,0.6920917720371765,0.49084956803905316,0.3263096223814632,0.20082455031348512,0.6210244029722178,0.38513863569792633,0.2399951683289122,0.17354228292680382,0.6244398260638843,0.24370195488177818,0.05937432732693172,2026-09-20T03:45:12Z
823494,642708,Amed Rosario,NYY,TB,1,3,projected,TBD,Yankee Stadium,2026-09-22T23:05:00Z,4.222100054975261,1986,0,0.4850823103302697,0.586004877667603,-0.056838275164230546,Normal,0.10050969940172594,0.6921261924062362,0.23593325457181766,0.6157854439685279,0.6915684930044438,0.48832841961556944,0.3225391228372866,0.19671263531627178,0.6638693231615876,0.4030610079052172,0.23769104617841227,0.15278671844408281,0.6678151610352612,0.2850639707280862,0.07520792083100221,2026-09-20T03:45:12Z
823494,802415,Chandler Simpson,TB,NYY,0,3,projected,TBD,Yankee Stadium,2026-09-22T23:05:00Z,4.400406879970409,1031,0,0.49910907307307745,0.586004877667603,1.1632559371215085,Normal,0.07119673595739347,0.7434861675445165,0.23711913838546392,0.3789955822205404,0.7076610914495831,0.5081070438600318,0.3417107965488391,0.21284418560073531,0.7106188498482261,0.4277997637281692,0.23633802281206504,0.13519262929437265,0.715230616115362,0.34417246430008974,0.1073724751435113,2026-09-20T03:45:12Z
823494,641857,Ryan McMahon,NYY,TB,1,4,projected,TBD,Yankee Stadium,2026-09-22T23:05:00Z,4.139847139020863,2803,0,0.4560507411213298,0.586004877667603,-0.49254691872761514,Normal,0.13811378798869828,0.6262176767912748,0.3702994826978309,0.7291538919167547,0.670815584639547,0.4650823250788911,0.3015889488052192,0.18019815332024453,0.6034187121624609,0.3681574707186763,0.22498588271043443,0.16602643452766383,0.6065924918146285,0.22285379499320992,0.04874225438256553,2026-09-20T03:45:12Z
823494,666018,Jonathan Aranda,TB,NYY,0,4,projected,TBD,Yankee Stadium,2026-09-22T23:05:00Z,4.319891914362919,1399,0,0.5156922423352108,0.586004877667603,0.20480179600429604,Normal,0.14766077909495037,0.6895398811637021,0.38636720707953226,0.6763179187965234,0.713169012198203,0.5136962473762661,0.3462762969077859,0.21607173730826876,0.6614741261520207,0.41530340590694603,0.25639944590659414,0.18450850042326436,0.6653953301193557,0.28393295433306676,0.07579675931322995,2026-09-20T03:45:12Z
823494,502671,Paul Goldschmidt,NYY,TB,1,5,projected,TBD,Yankee Stadium,2026-09-22T23:05:00Z,4.019521717911176,2896,0,0.4665864954471009,0.586004877667603,0.7774212123592265,Normal,0.1331518521667866,0.6549078194763418,0.2952307673150261,0.6315059116633382,0.6911536536739804,0.4868388007058529,0.3203927151042362,0.19440698587905994,0.6298389738187306,0.38760670824610205,0.23159166671360143,0.16537591556493939,0.6333313233125062,0.24743955876558285,0.057779534549794856,2026-09-20T03:45:12Z
823494,691406,Junior Caminero,TB,NYY,0,5,projected,TBD,Yankee Stadium,2026-09-22T23:05:00Z,4.190453686200378,1535,0,0.5411405881029067,0.586004877667603,-0.7857428810843574,Normal,0.22677162958412178,0.6703224032610626,0.2965223402267413,0.5793074318982765,0.7297340206081234,0.5326723403145891,0.36354214038606275,0.2297142942010567,0.6439048073523054,0.4283148273950267,0.3006485564939397,0.24872668035472642,0.6475906861315641,0.26411765419917904,0.06627220854336689,2026-09-20T03:45:12Z
823494,641355,Cody Bellinger,NYY,TB,1,6,projected,TBD,Yankee Stadium,2026-09-22T23:05:00Z,3.8890302876049887,2869,0,0.5249943044953062,0.586004877667603,1.8594194623023426,Normal,0.1464230153639373,0.6620474579184064,0.3105065063979194,0.47082071562711425,0.7056679884337387,0.5027045188924151,0.3342748305522566,0.20497430842100656,0.6364132198572959,0.39609031246911214,0.2477877697370829,0.180772894984089,0.6399842141657144,0.25326895050863896,0.059611649771503045,2026-09-20T03:45:12Z
823494,641584,Jake Fraley,TB,NYY,0,6,projected,TBD,Yankee Stadium,2026-09-22T23:05:00Z,4.056710289966641,1319,0,0.44703968651558845,0.586004877667603,-1.7576093855966266,Normal,0.1217763106350192,0.6492970243667608,0.3291510497518121,0.6229299139134702,0.6777439658404704,0.4733066202266799,0.30932382719513485,0.1865185286030504,0.6246116355693662,0.37737405735673096,0.22212380203494086,0.15511978078212182,0.6280521142622555,0.24425120906085349,0.057716329800752475,2026-09-20T03:45:12Z
823494,683011,Anthony Volpe,NYY,TB,1,7,projected,TBD,Yankee Stadium,2026-09-22T23:05:00Z,3.7439381827871037,2109,0,0.39764404893169636,0.586004877667603,0.6404890860933738,Normal,0.09196548718747825,0.5837731648862932,0.2742809726983841,0.6079448866861098,0.628293204001595,0.4199827992276449,0.26261077974181246,0.15059366745710867,0.5642560486495984,0.325313970950803,0.18413068690533077,0.12276951557905005,0.5669682144249046,0.18701490604765142,0.035338042296818604,2026-09-20T03:45:12Z
823494,670764,Taylor Walls,TB,NYY,0,7,projected,TBD,Yankee Stadium,2026-09-22T23:05:00Z,3.9121475054229937,1800,0,0.4227981161999907,0.586004877667603,0.12485607973196787,Normal,0.07030149452144079,0.5588928946316241,0.32444761583138104,0.6474889096413446,0.6069596165971798,0.4005713585551107,0.24779990732724427,0.14061838808252416,0.540993475032687,0.2934587273934956,0.1547473936580783,0.09747109653649105,0.5434808673114603,0.17101695942355907,0.031405946433780196,2026-09-20T03:45:12Z
823494,676609,José Caballero,NYY,TB,1,8,projected,TBD,Yankee Stadium,2026-09-22T23:05:00Z,3.5835015863859243,1568,0,0.40936161920403336,0.586004877667603,-0.7069246105939367,Normal,0.08689202015352639,0.5677715913036924,0.2920066594804803,0.6121356668567415,0.6112434399065668,0.4023361910549675,0.24767575759013497,0.139481089203036,0.5494799849591637,0.2979172867042759,0.15929663413583417,0.10788287718729549,0.5520202454097286,0.17385851355908813,0.030672828025169685,2026-09-20T03:45:12Z
823494,663743,Nick Fortes,TB,NYY,0,8,projected,TBD,Yankee Stadium,2026-09-22T23:05:00Z,3.7734994337485843,1446,0,0.3968412246823934,0.586004877667603,1.1225222417414704,Normal,0.0840764541598226,0.5961761044765547,0.24836316134795164,0.473464012910556,0.6228469206929832,0.4154843444685354,0.259577903283251,0.14887813024837013,0.5756884802488961,0.31605409025059716,0.16785869374865656,0.10960135257344547,0.5785377150363021,0.19789081315901888,0.039722845100822766,2026-09-20T03:45:12Z
823494,669224,Austin Wells,NYY,TB,1,9,projected,TBD,Yankee Stadium,2026-09-22T23:05:00Z,3.4076134699853586,1307,0,0.4340109868652152,0.586004877667603,-0.5727335684125616,Normal,0.13702583363514637,0.5348591519097015,0.3272952588325995,0.5887233626231821,0.6125141911729771,0.4025090561104001,0.2471460076962355,0.13866685188124592,0.5188716018098388,0.3060132681249476,0.18941162284122032,0.15110189042387648,0.5210901258870113,0.15010697972844764,0.023521671577239212,2026-09-20T03:45:12Z
823494,622761,Jorge Mateo,TB,NYY,0,9,projected,TBD,Yankee Stadium,2026-09-22T23:05:00Z,3.6080709263222257,1379,0,0.45412160768806603,0.586004877667603,-1.8069935895512186,Normal,0.0831717600992783,0.5551478103845999,0.21046985454865327,0.6788244867859812,0.6137739883267845,0.4059780011148812,0.25146416421479867,0.14279283366139647,0.5376154595435074,0.30378586184464546,0.16754651456703057,0.11074719120826586,0.5400509359784802,0.16680356448656836,0.02956502064741325,2026-09-20T03:45:12Z
823543,671218,Heliot Ramos,NYY,TB,1,1,projected,TBD,Yankee Stadium,2026-09-22T17:05:00Z,4.426836551861437,1704,0,0.5520566603914607,0.586004877667603,-0.20875105034463337,Normal,0.12573109577951003,0.6702037699047129,0.3405228763894483,0.7161463156047946,0.694519311312954,0.4930138607089528,0.3278231723605182,0.20167984703738617,0.6437394601208862,0.3943986732762654,0.23783662138055722,0.1652197729510433,0.647434389109566,0.26579564825028207,0.0682018783130916,2026-09-20T03:45:12Z
823543,650490,Yandy Díaz,TB,NYY,0,1,projected,TBD,Yankee Stadium,2026-09-22T17:05:00Z,4.604683468942251,3090,0,0.5646676568040429,0.586004877667603,-1.4340118406087674,Normal,0.1286320359923044,0.7330244506333,0.33806116459803637,0.540121938497556,0.7270559568495665,0.5317562813330691,0.3645808825833708,0.2320890996029676,0.7010986316864697,0.448728764455283,0.2711075878850857,0.18161454825160375,0.7055787013306477,0.3338330240041025,0.10322607783552715,2026-09-20T03:45:12Z
823543,671277,Luis García Jr.,NYY,TB,1,2,projected,TBD,Yankee Stadium,2026-09-22T17:05:00Z,4.320015293442936,2432,0,0.5846812914882575,0.586004877667603,-0.44673904906908474,Normal,0.17704309693583595,0.7202200678518939,0.2465633931704391,0.5318165036918372,0.7336579500953577,0.537907848996455,0.3689068171251254,0.23443211896847252,0.6894577725558769,0.4567233067335618,0.3005761659285247,0.2228204271489136,0.6937632275258512,0.3162132590210882,0.0912918249560967,2026-09-20T03:45:12Z
823543,656775,Cedric Mullins,TB,NYY,0,2,projected,TBD,Yankee Stadium,2026-09-22T17:05:00Z,4.513137557959815,2604,0,0.5718156070201788,0.586004877667603,-0.5737087103998465,Normal,0.13731537450323628,0.6455063984279479,0.3747144340538839,0.5948158367986637,0.6920917720371765,0.49084956803905316,0.3263096223814632,0.20082455031348512,0.6210244029722178,0.38513863569792633,0.2399951683289122,0.17354228292680382,0.6244398260638843,0.24370195488177818,0.05937432732693172,2026-09-20T03:45:12Z
823543,642708,Amed Rosario,NYY,TB,1,3,projected,TBD,Yankee Stadium,2026-09-22T17:05:00Z,4.222100054975261,1986,0,0.4850823103302697,0.586004877667603,-0.056838275164230546,Normal,0.10050969940172594,0.6921261924062362,0.23593325457181766,0.6157854439685279,0.6915684930044438,0.48832841961556944,0.3225391228372866,0.19671263531627178,0.6638693231615876,0.4030610079052172,0.23769104617841227,0.15278671844408281,0.6678151610352612,0.2850639707280862,0.07520792083100221,2026-09-20T03:45:12Z
823543,802415,Chandler Simpson,TB,NYY,0,3,projected,TBD,Yankee Stadium,2026-09-22T17:05:00Z,4.400406879970409,1031,0,0.49910907307307745,0.586004877667603,1.1632559371215085,Normal,0.07119673595739347,0.7434861675445165,0.23711913838546392,0.3789955822205404,0.7076610914495831,0.5081070438600318,0.3417107965488391,0.21284418560073531,0.7106188498482261,0.4277997637281692,0.23633802281206504,0.13519262929437265,0.715230616115362,0.34417246430008974,0.1073724751435113,2026-09-20T03:45:12Z
823543,641857,Ryan McMahon,NYY,TB,1,4,projected,TBD,Yankee Stadium,2026-09-22T17:05:00Z,4.139847139020863,2803,0,0.4560507411213298,0.586004877667603,-0.49254691872761514,Normal,0.13811378798869828,0.6262176767912748,0.3702994826978309,0.7291538919167547,0.670815584639547,0.4650823250788911,0.3015889488052192,0.18019815332024453,0.6034187121624609,0.3681574707186763,0.22498588271043443,0.16602643452766383,0.6065924918146285,0.22285379499320992,0.04874225438256553,2026-09-20T03:45:12Z
823543,666018,Jonathan Aranda,TB,NYY,0,4,projected,TBD,Yankee Stadium,2026-09-22T17:05:00Z,4.319891914362919,1399,0,0.5156922423352108,0.586004877667603,0.20480179600429604,Normal,0.14766077909495037,0.6895398811637021,0.38636720707953226,0.6763179187965234,0.713169012198203,0.5136962473762661,0.3462762969077859,0.21607173730826876,0.6614741261520207,0.41530340590694603,0.25639944590659414,0.18450850042326436,0.6653953301193557,0.28393295433306676,0.07579675931322995,2026-09-20T03:45:12Z
823543,502671,Paul Goldschmidt,NYY,TB,1,5,projected,TBD,Yankee Stadium,2026-09-22T17:05:00Z,4.019521717911176,2896,0,0.4665864954471009,0.586004877667603,0.7774212123592265,Normal,0.1331518521667866,0.6549078194763418,0.2952307673150261,0.6315059116633382,0.6911536536739804,0.4868388007058529,0.3203927151042362,0.19440698587905994,0.6298389738187306,0.38760670824610205,0.23159166671360143,0.16537591556493939,0.6333313233125062,0.24743955876558285,0.057779534549794856,2026-09-20T03:45:12Z
823543,691406,Junior Caminero,TB,NYY,0,5,projected,TBD,Yankee Stadium,2026-09-22T17:05:00Z,4.190453686200378,1535,0,0.5411405881029067,0.586004877667603,-0.7857428810843574,Normal,0.22677162958412178,0.6703224032610626,0.2965223402267413,0.5793074318982765,0.7297340206081234,0.5326723403145891,0.36354214038606275,0.2297142942010567,0.6439048073523054,0.4283148273950267,0.3006485564939397,0.24872668035472642,0.6475906861315641,0.26411765419917904,0.06627220854336689,2026-09-20T03:45:12Z
823543,641355,Cody Bellinger,NYY,TB,1,6,projected,TBD,Yankee Stadium,2026-09-22T17:05:00Z,3.8890302876049887,2869,0,0.5249943044953062,0.586004877667603,1.8594194623023426,Normal,0.1464230153639373,0.6620474579184064,0.3105065063979194,0.47082071562711425,0.7056679884337387,0.5027045188924151,0.3342748305522566,0.20497430842100656,0.6364132198572959,0.39609031246911214,0.2477877697370829,0.180772894984089,0.6399842141657144,0.25326895050863896,0.059611649771503045,2026-09-20T03:45:12Z
823543,641584,Jake Fraley,TB,NYY,0,6,projected,TBD,Yankee Stadium,2026-09-22T17:05:00Z,4.056710289966641,1319,0,0.44703968651558845,0.586004877667603,-1.7576093855966266,Normal,0.1217763106350192,0.6492970243667608,0.3291510497518121,0.6229299139134702,0.6777439658404704,0.4733066202266799,0.30932382719513485,0.1865185286030504,0.6246116355693662,0.37737405735673096,0.22212380203494086,0.15511978078212182,0.6280521142622555,0.24425120906085349,0.057716329800752475,2026-09-20T03:45:12Z
823543,683011,Anthony Volpe,NYY,TB,1,7,projected,TBD,Yankee Stadium,2026-09-22T17:05:00Z,3.7439381827871037,2109,0,0.39764404893169636,0.586004877667603,0.6404890860933738,Normal,0.09196548718747825,0.5837731648862932,0.2742809726983841,0.6079448866861098,0.628293204001595,0.4199827992276449,0.26261077974181246,0.15059366745710867,0.5642560486495984,0.325313970950803,0.18413068690533077,0.12276951557905005,0.5669682144249046,0.18701490604765142,0.035338042296818604,2026-09-20T03:45:12Z
823543,670764,Taylor Walls,TB,NYY,0,7,projected,TBD,Yankee Stadium,2026-09-22T17:05:00Z,3.9121475054229937,1800,0,0.4227981161999907,0.586004877667603,0.12485607973196787,Normal,0.07030149452144079,0.5588928946316241,0.32444761583138104,0.6474889096413446,0.6069596165971798,0.4005713585551107,0.24779990732724427,0.14061838808252416,0.540993475032687,0.2934587273934956,0.1547473936580783,0.09747109653649105,0.5434808673114603,0.17101695942355907,0.031405946433780196,2026-09-20T03:45:12Z
823543,676609,José Caballero,NYY,TB,1,8,projected,TBD,Yankee Stadium,2026-09-22T17:05:00Z,3.5835015863859243,1568,0,0.40936161920403336,0.586004877667603,-0.7069246105939367,Normal,0.08689202015352639,0.5677715913036924,0.2920066594804803,0.6121356668567415,0.6112434399065668,0.4023361910549675,0.24767575759013497,0.139481089203036,0.5494799849591637,0.2979172867042759,0.15929663413583417,0.10788287718729549,0.5520202454097286,0.17385851355908813,0.030672828025169685,2026-09-20T03:45:12Z
823543,663743,Nick Fortes,TB,NYY,0,8,projected,TBD,Yankee Stadium,2026-09-22T17:05:00Z,3.7734994337485843,1446,0,0.3968412246823934,0.586004877667603,1.1225222417414704,Normal,0.0840764541598226,0.5961761044765547,0.24836316134795164,0.473464012910556,0.6228469206929832,0.4154843444685354,0.259577903283251,0.14887813024837013,0.5756884802488961,0.31605409025059716,0.16785869374865656,0.10960135257344547,0.5785377150363021,0.19789081315901888,0.039722845100822766,2026-09-20T03:45:12Z
823543,669224,Austin Wells,NYY,TB,1,9,projected,TBD,Yankee Stadium,2026-09-22T17:05:00Z,3.4076134699853586,1307,0,0.4340109868652152,0.586004877667603,-0.5727335684125616,Normal,0.13702583363514637,0.5348591519097015,0.3272952588325995,0.5887233626231821,0.6125141911729771,0.4025090561104001,0.2471460076962355,0.13866685188124592,0.5188716018098388,0.3060132681249476,0.18941162284122032,0.15110189042387648,0.5210901258870113,0.15010697972844764,0.023521671577239212,2026-09-20T03:45:12Z
823543,622761,Jorge Mateo,TB,NYY,0,9,projected,TBD,Yankee Stadium,2026-09-22T17:05:00Z,3.6080709263222257,1379,0,0.45412160768806603,0.586004877667603,-1.8069935895512186,Normal,0.0831717600992783,0.5551478103845999,0.21046985454865327,0.6788244867859812,0.6137739883267845,0.4059780011148812,0.25146416421479867,0.14279283366139647,0.5376154595435074,0.30378586184464546,0.16754651456703057,0.11074719120826586,0.5400509359784802,0.16680356448656836,0.02956502064741325,2026-09-20T03:45:12Z
823897,605141,Mookie Betts,LAD,SD,1,1,projected,TBD,UNIQLO Field at Dodger Stadium,2026-09-23T02:10:00Z,4.426836551861437,3004,0,0.6805845053300134,0.586004877667603,1.709206086454807,Normal,0.1755122895051035,0.694491127058546,0.36345526029502484,0.4519004116420108,0.7472938574100196,0.5551971061929345,0.38607965354988116,0.24918747092015667,0.6659724741003278,0.4391029992302382,0.28746856164171286,0.21593725227861027,0.6699595145649144,0.2899353349533677,0.07924850300554982,2026-09-20T03:45:12Z
823897,665487,Fernando Tatis Jr.,SD,LAD,0,1,projected,TBD,UNIQLO Field at Dodger Stadium,2026-09-23T02:10:00Z,4.604683468942251,2438,0,0.6501648869627772,0.586004877667603,-0.1569522248723746,Normal,0.16007846322196617,0.7059896566744968,0.3439862352013768,0.6158967181218173,0.7416981757337252,0.5494684754889305,0.3815481417362914,0.24622109607665912,0.6764411410645291,0.43891623354059517,0.2804162199571344,0.20401721744399245,0.6805790317383738,0.3039792161830485,0.08760450043559653,2026-09-20T03:45:12Z
823897,669242,Tommy Edman,LAD,SD,1,2,projected,TBD,UNIQLO Field at Dodger Stadium,2026-09-23T02:10:00Z,4.320015293442936,1991,0,0.5607039743627761,0.586004877667603,-1.4594222282371128,Normal,0.0993020862380334,0.6497920999334453,0.330124548483268,0.5772985364287774,0.6921353918368358,0.48976757843257873,0.3244307416662816,0.1986427950919258,0.6250298238365217,0.3711314577947359,0.21371717315542946,0.14009396758884632,0.6284824999720293,0.24574157144998854,0.05899927960273689,2026-09-20T03:45:12Z
823897,664034,Ty France,SD,LAD,0,2,projected,TBD,UNIQLO Field at Dodger Stadium,2026-09-23T02:10:00Z,4.513137557959815,2768,0,0.5203476484742815,0.586004877667603,1.4409778338492392,Normal,0.11303252891129804,0.6922589407139208,0.3682661855698992,0.6194267388103186,0.7054332374100015,0.5059168844120332,0.3400100289971591,0.21172914078637475,0.6639138084642734,0.4104771745440651,0.23922408967411216,0.1582982021231938,0.6678778816081387,0.288629178505385,0.07936769259013163,2026-09-20T03:45:12Z
823897,663656,Kyle Tucker,LAD,SD,1,3,projected,TBD,UNIQLO Field at Dodger Stadium,2026-09-23T02:10:00Z,4.222100054975261,2816,0,0.5832289856003399,0.586004877667603,1.8468245847556135,Normal,0.16559340199055417,0.6523935236901561,0.44047875821726334,0.4762408246558296,0.7149575470905739,0.5149120215410022,0.34668758946701395,0.21583645305582186,0.6274720518662836,0.40150269448700254,0.26069014693246245,0.19802635130132892,0.6309457948139885,0.2468340922760047,0.05867587223197845,2026-09-20T03:45:12Z
823897,592518,Manny Machado,SD,LAD,0,3,projected,TBD,UNIQLO Field at Dodger Stadium,2026-09-23T02:10:00Z,4.400406879970409,3210,0,0.5361315738360676,0.586004877667603,0.016283484270828347,Normal,0.15972622725553562,0.6618380634965432,0.34462885558702594,0.6123045316472164,0.7141396448732354,0.5155902617203495,0.34861939927695595,0.21840894358757354,0.6360537581297387,0.39865338306042114,0.2507512678905046,0.18887302554116245,0.6396527008125469,0.25814730380341666,0.06505958203565372,2026-09-20T03:45:12Z
823897,518692,Freddie Freeman,LAD,SD,1,4,projected,TBD,UNIQLO Field at Dodger Stadium,2026-09-23T02:10:00Z,4.139847139020863,3331,0,0.5395342893257387,0.586004877667603,-0.9674455465777382,Normal,0.12294543225934289,0.7069539738987517,0.382531740105468,0.5184909929332806,0.7286440088218613,0.5303829042549772,0.3605551095468379,0.2266103544288681,0.6774201738505689,0.43822450526290607,0.26267746862184443,0.1759269655471736,0.6815455644286789,0.2992873822240564,0.08099922790209907,2026-09-20T03:45:12Z
823897,669720,Austin Hays,SD,LAD,0,4,projected,TBD,UNIQLO Field at Dodger Stadium,2026-09-23T02:10:00Z,4.319891914362919,1913,0,0.48192837812487505,0.586004877667603,0.8550757995700683,Normal,0.11144545003890557,0.6772413543294654,0.2406696882857591,0.6963599934393874,0.6985782613201094,0.497018900530835,0.33102748182027997,0.20390609980766464,0.6502204518691488,0.4089363509686153,0.24175906186379031,0.16066506599210004,0.6539932232769392,0.27170431126659805,0.07024319896913693,2026-09-20T03:45:12Z
823897,606192,Teoscar Hernández,LAD,SD,1,5,projected,TBD,UNIQLO Field at Dodger Stadium,2026-09-23T02:10:00Z,4.019521717911176,2871,0,0.4701273228526551,0.586004877667603,1.2360939872878574,Normal,0.13497091373083586,0.6518159184348848,0.28826331390884347,0.705395201362771,0.6942259381670511,0.4902576757244405,0.3234418546956462,0.196778914859676,0.6270000614103772,0.3884590803995662,0.23531830366853818,0.16873360459990788,0.6304567734719074,0.244626358464062,0.05665767781880922,2026-09-20T03:45:12Z
823897,593428,Xander Bogaerts,SD,LAD,0,5,projected,TBD,UNIQLO Field at Dodger Stadium,2026-09-23T02:10:00Z,4.190453686200378,2896,0,0.46799021827392806,0.586004877667603,0.3637703213257764,Normal,0.08989279584968118,0.6487333775925064,0.3589748177872886,0.5648201683461682,0.6741396951132983,0.46957062458835674,0.3061919903597831,0.1842330973307389,0.6240889468280643,0.3587999104275344,0.19496120281009743,0.12424180422843605,0.6275242110009102,0.2440306160473198,0.057870180394038906,2026-09-20T03:45:12Z
823897,669257,Will Smith,LAD,SD,1,6,projected,TBD,UNIQLO Field at Dodger Stadium,2026-09-23T02:10:00Z,3.8890302876049887,2366,0,0.5015685672653087,0.586004877667603,-0.03480593936496715,Normal,0.12173941817487051,0.6164497945968985,0.4193104805556023,0.5150907629004866,0.6775562588671037,0.47149372455315325,0.3065171273747523,0.1834531016264885,0.5944613679949742,0.3505456730098722,0.20754957134565988,0.14880691492056763,0.5975199638390766,0.2133920834215329,0.04449268913359478,2026-09-20T03:45:12Z
823897,630105,Jake Cronenworth,SD,LAD,0,6,projected,TBD,UNIQLO Field at Dodger Stadium,2026-09-23T02:10:00Z,4.056710289966641,2771,0,0.446244907534599,0.586004877667603,0.8525249160681714,Normal,0.09203437434527834,0.6082939848244201,0.38873565323564435,0.5946787534901556,0.6449390312223209,0.438738104510284,0.2795685844733034,0.1639961379724918,0.58680850633704,0.3381082510852485,0.19057613574538765,0.1255391605083433,0.5897986937021158,0.209140348165602,0.044360953634245526,2026-09-20T03:45:12Z
823897,571970,Max Muncy,LAD,SD,1,7,projected,TBD,UNIQLO Field at Dodger Stadium,2026-09-23T02:10:00Z,3.7439381827871037,2359,0,0.5584537473558541,0.586004877667603,-0.7979598855909079,Normal,0.19340602794039144,0.5734198998425576,0.45458590901445173,0.6197997672796023,0.6790186268458234,0.47252115641457343,0.30704560116070284,0.18360263019832432,0.5546387616159761,0.35862097969940454,0.24652106028886198,0.20789592205736693,0.557248070207039,0.17936900912516493,0.032956425855077,2026-09-20T03:45:12Z
823897,701538,Jackson Merrill,SD,LAD,0,7,projected,TBD,UNIQLO Field at Dodger Stadium,2026-09-23T02:10:00Z,3.9121475054229937,1712,0,0.48531716818737913,0.586004877667603,1.8439500519258212,Normal,0.14878324204286694,0.6548329279661195,0.24699761566775988,0.6011532593903947,0.6932481682273577,0.48977734469790174,0.32351672389954106,0.1972300209483481,0.6297368343302974,0.396720201583721,0.2543705220164226,0.18643083927619572,0.6332343377392107,0.24838678305168604,0.058873170612474025,2026-09-20T03:45:12Z
823897,500743,Miguel Rojas,LAD,SD,1,8,projected,TBD,UNIQLO Field at Dodger Stadium,2026-09-23T02:10:00Z,3.5835015863859243,1822,0,0.3779075266578915,0.586004877667603,-0.4681778750248214,Normal,0.06984982203150143,0.600546996463572,0.2407760066130056,0.39236350809720244,0.6202548041606188,0.41106001093290995,0.2546902539788521,0.1444638687297464,0.5798990848782329,0.31535897485178166,0.15916315127970654,0.09716870564559138,0.5827684986736525,0.19828365905843506,0.038227700992416104,2026-09-20T03:45:12Z
823897,669134,Luis Campusano,SD,LAD,0,8,projected,TBD,UNIQLO Field at Dodger Stadium,2026-09-23T02:10:00Z,3.7734994337485843,782,0,0.4306056308724949,0.586004877667603,-1.5394876599905656,Normal,0.09826455460118785,0.6033052936588436,0.2953785234395279,0.5345419243851828,0.6492363246517173,0.4420312522638593,0.2816271509813654,0.16504154153978676,0.582290190738043,0.3269762835793695,0.180301698713009,0.12304878992749843,0.5852133495926845,0.20349527635147394,0.04163004735123057,2026-09-20T03:45:12Z
823897,571771,Enrique Hernández,LAD,SD,1,9,projected,TBD,UNIQLO Field at Dodger Stadium,2026-09-23T02:10:00Z,3.4076134699853586,1643,0,0.41163057993797325,0.586004877667603,-1.2119681406608749,Normal,0.08834522250210956,0.5433361165117634,0.2278204123537605,0.5796543107784048,0.6054247246772737,0.39574291621676355,0.24177415917338696,0.13489849976276405,0.526796981156347,0.2850873033607716,0.15071089877378932,0.10549142360585183,0.5290923250631475,0.15563707391195025,0.024969841865457518,2026-09-20T03:45:12Z
823897,666023,Freddy Fermin,SD,LAD,0,9,projected,TBD,UNIQLO Field at Dodger Stadium,2026-09-23T02:10:00Z,3.6080709263222257,1214,0,0.3871344113120092,0.586004877667603,-0.8540472859833171,Normal,0.07328287302205473,0.578931292419707,0.23131322947983643,0.5490919760338197,0.6138197797500501,0.4060223050595408,0.25149990650890963,0.14281836733934772,0.5597528317927567,0.2954632348786213,0.15029428590212582,0.09570034485668523,0.5624183412754643,0.1838297323123415,0.03474700406495772,2026-09-20T03:45:12Z
824061,672580,Maikel Garcia,KC,CWS,1,1,projected,TBD,Kauffman Stadium,2026-09-22T23:40:00Z,4.426836551861437,2151,0,0.5475798279574219,0.586004877667603,-0.8363968098712817,Normal,0.06926505284212331,0.6764664855678909,0.30156223683368666,0.5197047219062171,0.6847124433037235,0.4821293159638671,0.31806604817372475,0.19401646944383388,0.6494793503325218,0.388203220562112,0.21427108089532618,0.12546036770136915,0.6532484892695181,0.27186941542273474,0.07090517122710935,2026-09-20T03:45:12Z
824061,805367,Chase Meidroth,CWS,KC,0,1,projected,TBD,Kauffman Stadium,2026-09-22T23:40:00Z,4.604683468942251,1126,0,0.5741432936925747,0.586004877667603,0.5790340490415934,Normal,0.08055286984914357,0.6767166747170322,0.3609252957788487,0.6393915764345804,0.6928392813238865,0.4922601284582518,0.3280221288344209,0.20250914869809625,0.6496565236026681,0.37732852046904874,0.20290626195476294,0.12272643734597916,0.65343895194968,0.27403981455263715,0.0732205844398486,2026-09-20T03:45:12Z
824061,668942,Josh Rojas,KC,CWS,1,2,projected,TBD,Kauffman Stadium,2026-09-22T23:40:00Z,4.320015293442936,1655,0,0.4841250177787009,0.586004877667603,1.2203552246621563,Normal,0.08345392014010455,0.6316171577925398,0.34291616850419926,0.584259544734303,0.6504329119070872,0.44499369562557434,0.28530116249728343,0.168598882991647,0.6082995830339913,0.3493698341329094,0.18822603880024244,0.1186102410679576,0.6115484651637214,0.22963228038060496,0.05257372868469671,2026-09-20T03:45:12Z
824061,643217,Andrew Benintendi,CWS,KC,0,2,projected,TBD,Kauffman Stadium,2026-09-22T23:40:00Z,4.513137557959815,2581,0,0.5096698610859973,0.586004877667603,0.626416086152854,Normal,0.1099063039842718,0.6768997762912021,0.3276629681570511,0.6082653651798566,0.6884481150599364,0.48679831607379415,0.3226675830710497,0.19795364175138216,0.6498531483285143,0.39665347233855186,0.23192929850614485,0.15399595743069075,0.6536322655609634,0.27324263815606054,0.07220619583780154,2026-09-20T03:45:12Z
824061,677951,Bobby Witt Jr.,KC,CWS,1,3,projected,TBD,Kauffman Stadium,2026-09-22T23:40:00Z,4.222100054975261,3320,0,0.5137127417607187,0.586004877667603,-1.5510120630754891,Normal,0.114031370902989,0.6849671340253345,0.30135416422856764,0.5462873863176874,0.7107749606156882,0.5100707680058172,0.34223202200058617,0.21226941406920513,0.6573265234692132,0.4178614964862245,0.2552687290288051,0.16992433172659022,0.661184900639798,0.2778671194591333,0.07194272443007846,2026-09-20T03:45:12Z
824061,502054,Tommy Pham,CWS,KC,0,3,projected,TBD,Kauffman Stadium,2026-09-22T23:40:00Z,4.400406879970409,2055,0,0.44864740801803454,0.586004877667603,-2.1829284979993235,Cold,0.09253111397950692,0.6308578654868633,0.3545172391296518,0.6783141295621733,0.6579353504239491,0.4535409035402317,0.2931547139554839,0.1749228399275,0.6075509803934336,0.35323098452613244,0.19769917436453063,0.12872001983995848,0.610799692104152,0.23017197925825691,0.05352222454712116,2026-09-20T03:45:12Z
824061,686469,Vinnie Pasquantino,KC,CWS,1,4,projected,TBD,Kauffman Stadium,2026-09-22T23:40:00Z,4.139847139020863,2244,0,0.43226244307127193,0.586004877667603,-0.5654103092091205,Normal,0.13488738657954474,0.6526023095996689,0.3585923285011559,0.45248799388959426,0.681271342251573,0.47637244207845636,0.3114560407527041,0.18775206717965096,0.6277007427246292,0.3873580738821573,0.2342677198674482,0.16807447384913793,0.6311704424802445,0.2460117627669359,0.05768294367077457,2026-09-20T03:45:12Z
824061,678246,Miguel Vargas,CWS,KC,0,4,projected,TBD,Kauffman Stadium,2026-09-22T23:40:00Z,4.319891914362919,1831,0,0.5107932382273562,0.586004877667603,0.15594831514143698,Normal,0.12168573393912988,0.6099092478935774,0.4210050244982905,0.5940368609995139,0.6710862777957795,0.466791855276021,0.3041515004395702,0.1829626306081786,0.5882591101813666,0.36404846445304706,0.21732387610234083,0.1550320350582198,0.5912735864481896,0.21148924322025753,0.045863782066560124,2026-09-20T03:45:12Z
824061,521692,Salvador Perez,KC,CWS,1,5,projected,TBD,Kauffman Stadium,2026-09-22T23:40:00Z,4.019521717911176,2945,0,0.3440407189828397,0.586004877667603,0.02820093164574185,Normal,0.11450156073712184,0.6248020241619411,0.22679704104884585,0.5492300281326732,0.6514835385156723,0.44436907997108505,0.2835370479522154,0.1663817578229197,0.6021386888450596,0.35304460185454606,0.20199759999420852,0.14159449248835995,0.6052927049158869,0.22102609616301847,0.04765958348103135,2026-09-20T03:45:12Z
824061,695657,Colson Montgomery,CWS,KC,0,5,projected,TBD,Kauffman Stadium,2026-09-22T23:40:00Z,4.190453686200378,892,0,0.5092484618739578,0.586004877667603,-0.977784574621481,Normal,0.19045793464514163,0.5994240434045424,0.3632716195900098,0.845744119675481,0.6856426444740777,0.48209533872608984,0.31723275677858065,0.19276397012490562,0.5785909393992935,0.37116007752621594,0.2520610351829702,0.20821527542292223,0.5814899337787626,0.20230770638937387,0.04214363325435258,2026-09-20T03:45:12Z
824061,686681,Michael Massey,KC,CWS,1,6,projected,TBD,Kauffman Stadium,2026-09-22T23:40:00Z,3.8890302876049887,1710,0,0.3989068047978251,0.586004877667603,0.6951873505694827,Normal,0.10535634542070879,0.6446493731060902,0.23099686127341623,0.47828231177236863,0.6575203807421762,0.45020967420252267,0.2881747416745691,0.16960211630476044,0.6204416464872943,0.3644081289900921,0.20702282229257155,0.1387520643149264,0.62381185359873,0.23746744794007074,0.05336953907507757,2026-09-20T03:45:12Z
824061,545341,Randal Grichuk,CWS,KC,0,6,projected,TBD,Kauffman Stadium,2026-09-22T23:40:00Z,4.056710289966641,1840,0,0.4410995563508389,0.586004877667603,0.7028490437727823,Normal,0.11798473831578236,0.6509437637121102,0.2188745315049309,0.6163622429928072,0.678914927513475,0.47457792318745323,0.31044159117238546,0.18737983446102346,0.6261250168339705,0.395573395754692,0.23575204907326974,0.16165113842074658,0.6295843094667728,0.24574403123211214,0.05832064285884625,2026-09-20T03:45:12Z
824061,679845,Nick Loftin,KC,CWS,1,7,projected,TBD,Kauffman Stadium,2026-09-22T23:40:00Z,3.7439381827871037,836,0,0.3650507247884926,0.586004877667603,-1.2959772605614654,Normal,0.06418399333902548,0.5620886837582859,0.3299532591488492,0.5111234359623603,0.5924077964172697,0.38543533615863684,0.23486856776293993,0.1308756123550575,0.5440950072648022,0.301495992119215,0.15395204428534617,0.09367649667324157,0.5465943351501616,0.17124710255572084,0.03050835867125526,2026-09-20T03:45:12Z
824061,671976,Tristan Peters,CWS,KC,0,7,projected,TBD,Kauffman Stadium,2026-09-22T23:40:00Z,3.9121475054229937,484,0,0.45216104702003984,0.586004877667603,-0.5729213267922367,Normal,0.09878712103093469,0.6259180660270717,0.34788141249017107,0.5414421581170844,0.6565435331382163,0.45020269024481907,0.28893469373499114,0.1707431332798145,0.6031281098616159,0.3641404353239915,0.208471975794115,0.13797404013453232,0.6063009086153073,0.2229179583066205,0.04896196981255277,2026-09-20T03:45:12Z
824061,686555,Isaac Collins,KC,CWS,1,8,projected,TBD,Kauffman Stadium,2026-09-22T23:40:00Z,3.5835015863859243,959,0,0.3995656322318469,0.586004877667603,-0.7394414246535674,Normal,0.0581377335128529,0.5425306230952499,0.3940798454122724,0.5592763697317825,0.5933104643296684,0.38534983413258095,0.2342246056888615,0.1300497843420144,0.525944508228526,0.28028206537796463,0.1393853879667493,0.08361939711235845,0.5282469108553353,0.15650297849522962,0.02576063556308807,2026-09-20T03:45:12Z
824061,686668,Brenton Doyle,CWS,KC,0,8,projected,TBD,Kauffman Stadium,2026-09-22T23:40:00Z,3.7734994337485843,1775,0,0.404712600787937,0.586004877667603,-0.8263141431445715,Normal,0.07922578823155645,0.5805714846585787,0.21715360664320685,0.7325623161543089,0.6256262191985421,0.418225488254458,0.26182268074902887,0.15050384950357923,0.5612129056887014,0.30917295466487416,0.168167747769174,0.10818337605767875,0.563904052264706,0.18599638247487454,0.035809925947768745,2026-09-20T03:45:12Z
824061,664728,Kyle Isbel,KC,CWS,1,9,projected,TBD,Kauffman Stadium,2026-09-22T23:40:00Z,3.4076134699853586,1730,0,0.41286283206715985,0.586004877667603,-1.115281214867864,Normal,0.06638520278593495,0.5522111687677459,0.22806091762435013,0.5007298240118271,0.5978500645135606,0.3885989815863504,0.23614898028114945,0.13098011377756205,0.5350830557185586,0.2848432740582121,0.15164603874555235,0.09360010602393505,0.5374604565598007,0.16157017564194437,0.02656548825828834,2026-09-20T03:45:12Z
824061,668670,Jake Rogers,CWS,KC,0,9,projected,TBD,Kauffman Stadium,2026-09-22T23:40:00Z,3.6080709263222257,1015,0,0.41264784932270043,0.586004877667603,-1.1293519026748031,Normal,0.09167484601264689,0.5123210298116324,0.3040658996912753,0.7151415102111599,0.5984478777764952,0.39133136729392237,0.23975030711698617,0.13448691668777057,0.49754752983889866,0.2723636460819141,0.15216639545961558,0.10916014654741547,0.4995981866662568,0.13884264489113884,0.02186047568202102,2026-09-20T03:45:12Z
824222,805808,Kevin McGonigle,DET,WSH,1,1,projected,TBD,Comerica Park,2026-09-22T22:40:00Z,4.426836551861437,674,0,0.6416191018810339,0.586004877667603,1.2909656780349228,Normal,0.11469378098969427,0.6806851326266727,0.4767960876251607,0.46790328821612037,0.7176511420066122,0.5194871750726358,0.3520905584271772,0.22110419869200792,0.6533430761996556,0.39925038220159903,0.23838766293185265,0.16007911095920774,0.6571626423055188,0.27601903617974743,0.07278138659155871,2026-09-20T03:45:12Z
824222,682928,CJ Abrams,WSH,DET,0,1,projected,TBD,Comerica Park,2026-09-22T22:40:00Z,4.604683468942251,2774,0,0.6278472884772608,0.586004877667603,-0.7429654014334258,Normal,0.13542231916392306,0.6825278075516982,0.3410309495599061,0.6944458811058177,0.720412074561321,0.5238856140051616,0.3571570301185081,0.22598646859396143,0.6549813536445684,0.4224059687511576,0.2661865873006763,0.18660100414057545,0.658833062741175,0.27979666426791683,0.07588836967689053,2026-09-20T03:45:12Z
824222,650402,Gleyber Torres,DET,WSH,1,2,projected,TBD,Comerica Park,2026-09-22T22:40:00Z,4.320015293442936,2943,0,0.5104227558102795,0.586004877667603,0.1067321035155513,Normal,0.09225549403923348,0.654325800869001,0.3848576234415336,0.5745786529741537,0.6850661655559219,0.4819409390936459,0.3174397812182458,0.1931759032265423,0.6291962462115955,0.36159972032695625,0.19744561725556856,0.12645044071340028,0.6327008121284835,0.24988421744412925,0.06070815220520437,2026-09-20T03:45:12Z
824222,695578,James Wood,WSH,DET,0,2,projected,TBD,Comerica Park,2026-09-22T22:40:00Z,4.513137557959815,1614,0,0.6110142578029207,0.586004877667603,0.2188876888855301,Normal,0.1683330486256874,0.6665706821007905,0.48468282315291045,0.7636979513120542,0.7206876572046097,0.5236130185594652,0.35641890935948267,0.22500790320328332,0.6403814133296281,0.4195135419904021,0.2718020500939998,0.20527820451736872,0.6440387264200154,0.2632474147704224,0.06773031939535663,2026-09-20T03:45:12Z
824222,682985,Riley Greene,DET,WSH,1,3,projected,TBD,Comerica Park,2026-09-22T22:40:00Z,4.222100054975261,2635,0,0.5178042882757854,0.586004877667603,0.616033384989472,Normal,0.1428311770615284,0.6755967612205352,0.3652175936030924,0.7018755373451935,0.7078830502680968,0.5067461886577538,0.33918736099036906,0.2098419606935154,0.6487527664497088,0.4115664318648633,0.25834087160935143,0.1848308544642859,0.6524982529189076,0.26865711897097244,0.06786838868424515,2026-09-20T03:45:12Z
824222,691781,Brady House,WSH,DET,0,3,projected,TBD,Comerica Park,2026-09-22T22:40:00Z,4.400406879970409,606,0,0.4379638142788673,0.586004877667603,0.5562684104303314,Normal,0.08900338354034532,0.6464185859837769,0.2696893533111966,0.7356118252227971,0.6659654590232092,0.462028776434974,0.3005029744295165,0.180527692006103,0.6218829713058199,0.3647225810598781,0.20023019759920477,0.12731407762329278,0.6253051864027765,0.24393320987657413,0.05906495028185465,2026-09-20T03:45:12Z
824222,679529,Spencer Torkelson,DET,WSH,1,4,projected,TBD,Comerica Park,2026-09-22T22:40:00Z,4.139847139020863,2702,0,0.452302968899563,0.586004877667603,1.534857972893578,Normal,0.12038896805406919,0.6017231274887752,0.39433937593942997,0.7548786600218511,0.6597789582671723,0.4533914034559392,0.2915103244872031,0.17257065408340316,0.580787744270168,0.35135476295559065,0.20534678715208293,0.14794980504434047,0.5836999446988343,0.20278580733691057,0.041565836343794335,2026-09-20T03:45:12Z
824222,660688,Keibert Ruiz,WSH,DET,0,4,projected,TBD,Comerica Park,2026-09-22T22:40:00Z,4.319891914362919,2082,0,0.4123049965020172,0.586004877667603,1.6505661808993297,Normal,0.09858778965743908,0.6789842008198682,0.25981473912068237,0.41292009888119346,0.6767963900968322,0.4729472258847197,0.3095464865958643,0.1871156830243982,0.6518163793628776,0.39307630423138934,0.2198045869311446,0.14060478289590778,0.6556100012433308,0.2734125487515663,0.07100655834701582,2026-09-20T03:45:12Z
824222,690993,Colt Keith,DET,WSH,1,5,projected,TBD,Comerica Park,2026-09-22T22:40:00Z,4.019521717911176,1444,0,0.4550607822019994,0.586004877667603,-0.2590469517353729,Normal,0.0967233846777754,0.6483380167887829,0.33898513478116193,0.5591417828545603,0.6699168238330562,0.4637280312120755,0.3001056243315476,0.1788329849969947,0.6238051173133232,0.36151196931737944,0.20568814781622527,0.13412893279493168,0.6272219861917772,0.2414900565397939,0.05541940882751192,2026-09-20T03:45:12Z
824222,686611,Dylan Crews,WSH,DET,0,5,projected,TBD,Comerica Park,2026-09-22T22:40:00Z,4.190453686200378,863,0,0.4368864002636423,0.586004877667603,-0.007754188448058519,Normal,0.0946719473163335,0.6045951546754263,0.29233086600458863,0.6872412537971383,0.6472504362245973,0.4412679847820786,0.28183893268998855,0.16579661287450403,0.5833782119552735,0.3337880224659588,0.18765162992064915,0.1254131264646762,0.5863310830296838,0.20642750854010883,0.04359400740176597,2026-09-20T03:45:12Z
824222,656716,Zach McKinstry,DET,WSH,1,6,projected,TBD,Comerica Park,2026-09-22T22:40:00Z,3.8890302876049887,1954,0,0.4124843019418733,0.586004877667603,-1.8341777061342297,Normal,0.07543189072193905,0.5867863637439633,0.3451247206581699,0.5110475531095144,0.6135314986751789,0.40598905036903765,0.2515193777086762,0.1428134127434776,0.5670072805110105,0.32285218801076054,0.18279661999114927,0.11369378828414418,0.5697564574774574,0.18998400878445096,0.03658557031777173,2026-09-20T03:45:12Z
824222,695734,Daylen Lile,WSH,DET,0,6,projected,TBD,Comerica Park,2026-09-22T22:40:00Z,4.056710289966641,975,0,0.47929118452598957,0.586004877667603,0.29070826522613935,Normal,0.11904707705462059,0.6504665235244402,0.2718208466232193,0.5621348293711703,0.6757832326405728,0.4711838561515706,0.3074612040753835,0.18508570903929458,0.6256864629930617,0.3866274239956865,0.24269298679124915,0.16644858458069256,0.6291402974226,0.24531071454787579,0.05814492190825514,2026-09-20T03:45:12Z
824222,693307,Dillon Dingler,DET,WSH,1,7,projected,TBD,Comerica Park,2026-09-22T22:40:00Z,3.7439381827871037,1142,0,0.3826675005928888,0.586004877667603,-1.8383927186987283,Normal,0.10648002902232732,0.5966192755684343,0.24539666518196238,0.6202200825278696,0.6339746338869628,0.42564136440394923,0.2672643052632811,0.153968904329993,0.5761670378437527,0.3329379272674856,0.19180886487023574,0.13364988073845938,0.5790099955490218,0.1968087056016225,0.038498035016147625,2026-09-20T03:45:12Z
824222,677588,José Tena,WSH,DET,0,7,projected,TBD,Comerica Park,2026-09-22T22:40:00Z,3.9121475054229937,656,0,0.4165081358133432,0.586004877667603,-2.0607546350417247,Cold,0.0808678249721059,0.6077114119963736,0.3215447082677653,0.6963448884552387,0.6292350658808766,0.4223627446956779,0.26556297338244084,0.1534409826493039,0.5863131920276136,0.3344129256001862,0.1815557533243597,0.11500095661776345,0.589290540276329,0.20787283012843935,0.043510359895756266,2026-09-20T03:45:12Z
824222,595879,Javier Báez,DET,WSH,1,8,projected,TBD,Comerica Park,2026-09-22T22:40:00Z,3.5835015863859243,2047,0,0.38508035335025986,0.586004877667603,-1.558946757597607,Normal,0.0708324525295875,0.5762625713025441,0.1880966911265807,0.5843653341049287,0.6101903044624298,0.40132502283863697,0.24686740452470168,0.13890970229345873,0.5573759662048046,0.3001645129517184,0.15684841857710846,0.09786351658883584,0.5599992811957983,0.17997592480752583,0.03249447162289973,2026-09-20T03:45:12Z
824222,696285,Jacob Young,WSH,DET,0,8,projected,TBD,Comerica Park,2026-09-22T22:40:00Z,3.7734994337485843,1458,0,0.4133412235999996,0.586004877667603,-0.24713640058787056,Normal,0.057464840076223024,0.5875015648046108,0.290299352491926,0.5185915157522861,0.6118257858777217,0.4047362725372163,0.2508461241414005,0.14259750129915844,0.5676458968560241,0.30015312832779945,0.14863558654118433,0.08636236104681143,0.570406622159994,0.19121638325743467,0.03750462066012776,2026-09-20T03:45:12Z
824222,701678,Hao-Yu Lee,DET,WSH,1,9,projected,TBD,Comerica Park,2026-09-22T22:40:00Z,3.4076134699853586,326,0,0.4069883933822168,0.586004877667603,0.4307569850301793,Normal,0.08566791585571172,0.5734842882295793,0.26083882799173747,0.5709321838189622,0.6237019710622128,0.4133481128930693,0.2558417362704235,0.1448212383051315,0.5548961780875904,0.30590035484579997,0.1653684981428088,0.10997840069195955,0.5574771256444057,0.17640617470324998,0.03074538447249083,2026-09-20T03:45:12Z
824222,683083,Nasim Nuñez,WSH,DET,0,9,projected,TBD,Comerica Park,2026-09-22T22:40:00Z,3.6080709263222257,642,0,0.40542046855308217,0.586004877667603,-1.4030223336525864,Normal,0.060461996189282115,0.5418379238400742,0.3126152557928163,0.5156368472623353,0.5873490958203522,0.38094460652923545,0.23156606532570284,0.1287579670678813,0.5251911258122011,0.2518114418598221,0.1252172399613976,0.07849420939478827,0.5275029889878173,0.1577522563286038,0.026961191131015014,2026-09-20T03:45:12Z
824302,678662,Ezequiel Tovar,COL,AZ,1,1,projected,TBD,Coors Field,2026-09-23T00:40:00Z,4.426836551861437,2218,0,0.58082391517828,0.586004877667603,0.7277757978037479,Normal,0.12213184873292571,0.6812164893637941,0.2632498166802717,0.7158334448310609,0.7151979138861475,0.5166241929556448,0.34942880396167403,0.21894824764930218,0.6538295741650606,0.41862911417524945,0.2540344568671528,0.17292594909583017,0.6576555167629825,0.27654506146896857,0.07302092927032316,2026-09-20T03:45:12Z
824302,682998,Corbin Carroll,AZ,COL,0,1,projected,TBD,Coors Field,2026-09-23T00:40:00Z,4.604683468942251,2724,0,0.7891624101882742,0.586004877667603,-1.5154974243824288,Normal,0.18623962042788728,0.6874456653742895,0.4102870872347041,0.6577049895403678,0.7587028397707182,0.5707061825477506,0.4023823954046184,0.26392711628045323,0.6594846176599048,0.4603725417108432,0.32863873150738887,0.2469131397024257,0.6633954640415382,0.2847393749404479,0.07821589129746619,2026-09-20T03:45:12Z
824302,666160,Mickey Moniak,COL,AZ,1,2,projected,TBD,Coors Field,2026-09-23T00:40:00Z,4.320015293442936,1735,0,0.5827391556471945,0.586004877667603,-1.4123541395495058,Normal,0.2104077537141478,0.6883075409299995,0.25942026954773945,0.7196496870371076,0.7307360342321542,0.5343913822314398,0.3655694256735845,0.23168585185562363,0.6603398882242982,0.4501519351890261,0.3167959399038828,0.249748814045448,0.6642466818096778,0.28260289337131583,0.07502773258664235,2026-09-20T03:45:12Z
824302,663457,Lars Nootbaar,AZ,COL,0,2,projected,TBD,Coors Field,2026-09-23T00:40:00Z,4.513137557959815,2143,0,0.577365775699769,0.586004877667603,-0.21815608893248842,Normal,0.14046945965429508,0.6631396478821137,0.4441269851824391,0.6103222136379676,0.703203030373272,0.5033721711929656,0.33767887668019686,0.20986199239766334,0.6372322704641042,0.40250076441687116,0.25050637609144377,0.18009554671089448,0.6408495846468715,0.259988137121616,0.066300594529571,2026-09-20T03:45:12Z
824302,696100,Hunter Goodman,COL,AZ,1,3,projected,TBD,Coors Field,2026-09-23T00:40:00Z,4.222100054975261,1420,0,0.5723134334151619,0.586004877667603,-0.02297826255509707,Normal,0.2478317795605172,0.6635493337733532,0.28701942639963085,0.7588294159479961,0.7327146315375408,0.535913718704303,0.3663225858546023,0.2317643329986636,0.6377125479656799,0.4409367308092422,0.3232894116595599,0.2717621355848092,0.6413155558428884,0.2571552465974391,0.06294303189317392,2026-09-20T03:45:12Z
824302,606466,Ketel Marte,AZ,COL,0,3,projected,TBD,Coors Field,2026-09-23T00:40:00Z,4.400406879970409,2936,0,0.5725498632873565,0.586004877667603,-0.4113828789252453,Normal,0.19008742393252953,0.6895288612957486,0.36865197479348444,0.508446447093527,0.7320045240349184,0.5367168981839423,0.3684635755350857,0.23462809231730455,0.6614270908346412,0.4450296570910493,0.2997609829761721,0.23042498816123083,0.6653552636019818,0.2852012987931507,0.07723608233929069,2026-09-20T03:45:12Z
824302,687597,Jordan Beck,COL,AZ,1,4,projected,TBD,Coors Field,2026-09-23T00:40:00Z,4.139847139020863,937,0,0.413542014286401,0.586004877667603,-0.964979409409941,Normal,0.09811638215101973,0.6440601179417244,0.28669656278756916,0.7653689349692713,0.6623393640580625,0.4560833579348626,0.2938186393045071,0.17430968822888884,0.6198500007706556,0.3677729836974553,0.21129796061682696,0.13824695710068996,0.6232222850823699,0.2383324508650806,0.05463929739400959,2026-09-20T03:45:12Z
824302,571448,Nolan Arenado,AZ,COL,0,4,projected,TBD,Coors Field,2026-09-23T00:40:00Z,4.319891914362919,2867,0,0.5125443811983406,0.586004877667603,1.339666725876416,Normal,0.17741146211109796,0.6777838677531146,0.2994293263650499,0.5690344502653799,0.7144078024149687,0.5151336372558328,0.3476049234696666,0.2171414292255088,0.6507172718230242,0.41830578579533767,0.2721545042929169,0.2085539188172425,0.6544965286067803,0.2722351877456502,0.07048000090341179,2026-09-20T03:45:12Z
824302,681198,TJ Rumfield,COL,AZ,1,5,projected,TBD,Coors Field,2026-09-23T00:40:00Z,4.019521717911176,605,0,0.5191295203641304,0.586004877667603,1.3326697926715865,Normal,0.1240731322562797,0.6907396986213683,0.4705400092030403,0.4333591820248846,0.7093047475370072,0.5073287089445225,0.33885619655080235,0.20889436244200288,0.662642030166953,0.4098120679686141,0.24540265788113882,0.16705019973958335,0.6665621981352579,0.2818311640601414,0.07235728192082284,2026-09-20T03:45:12Z
824302,660821,Jesús Sánchez,AZ,COL,0,5,projected,TBD,Coors Field,2026-09-23T00:40:00Z,4.190453686200378,2086,0,0.47924410251710126,0.586004877667603,-0.993266152613278,Normal,0.14262631006279805,0.6581991569077144,0.3203311623119118,0.6687697782325412,0.6899973445453609,0.4869055420959645,0.3215170076443928,0.19610316759525553,0.6327849400631735,0.40137657960673845,0.25078977355794085,0.18131959447206794,0.6363289041875366,0.25269386026304874,0.06142687845389734,2026-09-20T03:45:12Z
824302,664983,Jake McCarthy,COL,AZ,1,6,projected,TBD,Coors Field,2026-09-23T00:40:00Z,3.8890302876049887,1946,0,0.49355419293775843,0.586004877667603,1.4429063029516564,Normal,0.108267813159303,0.6796178337581502,0.2860181422303605,0.46045966336483124,0.689677436954948,0.4847501580258347,0.3181796199247742,0.1924131999002413,0.6524993478286731,0.3954820533437842,0.24205425482201512,0.16000009116200997,0.65627972352021,0.27000683861379016,0.06658885701654678,2026-09-20T03:45:12Z
824302,656976,Pavin Smith,AZ,COL,0,6,projected,TBD,Coors Field,2026-09-23T00:40:00Z,4.056710289966641,1054,0,0.4854800796948463,0.586004877667603,-0.8514212375941513,Normal,0.14167946290240527,0.612939727980616,0.39798293757324493,0.6523253180212941,0.6661967077688384,0.46091139457514296,0.29851377956703895,0.178245574846624,0.5911034574644792,0.36012781328667576,0.22139959596885037,0.16662160156549094,0.5941429092065738,0.2129262168205267,0.04572235692237423,2026-09-20T03:45:12Z
824302,681393,Connor Norby,COL,AZ,1,7,projected,TBD,Coors Field,2026-09-23T00:40:00Z,3.7439381827871037,890,0,0.44614870452380867,0.586004877667603,2.19003091172941,Hot,0.10371586992335537,0.6121766811890357,0.3216959518814026,0.6874970962842301,0.650650827297578,0.4425686055166105,0.28137319406617356,0.1643195524362342,0.5905593820281336,0.34794072543416604,0.19520677688091936,0.13328333861409922,0.5935654635560725,0.20913937838614566,0.04265176065761641,2026-09-20T03:45:12Z
824302,672515,Gabriel Moreno,AZ,COL,0,7,projected,TBD,Coors Field,2026-09-23T00:40:00Z,3.9121475054229937,1631,0,0.46399232175294985,0.586004877667603,0.9516605966635525,Normal,0.10723784696492213,0.6671279419991426,0.3363391852680072,0.4997240971825344,0.6790260397681017,0.4741319852395111,0.30964986545715734,0.18648287581342254,0.6410161748595536,0.38323149341176865,0.2190880684458648,0.14518758486998612,0.6446570607355385,0.25983503098748656,0.06361114140643793,2026-09-20T03:45:12Z
824302,691720,Kyle Karros,COL,AZ,1,8,projected,TBD,Coors Field,2026-09-23T00:40:00Z,3.5835015863859243,602,0,0.4726621047523041,0.586004877667603,0.3627702998710918,Normal,0.09643568533546107,0.5940336554403822,0.3378116952162712,0.5496972809952329,0.6469047904151304,0.43764104564126804,0.2765161412535637,0.16024720674147144,0.5738668365873479,0.3225331403289017,0.18013508050100827,0.122394342867909,0.5766689921182627,0.19325273876941168,0.036610091098716414,2026-09-20T03:45:12Z
824302,545121,Ildemaro Vargas,AZ,COL,0,8,projected,TBD,Coors Field,2026-09-23T00:40:00Z,3.7734994337485843,1405,0,0.4293790756152933,0.586004877667603,-0.4097531040322109,Normal,0.09349213735113318,0.6332501687500415,0.22769209387638967,0.3756940354547767,0.6496083658635738,0.442414047127254,0.28195018688367013,0.16528155563001073,0.6099398415685969,0.35150247142224345,0.197623183372343,0.1287822676550112,0.6131852137457128,0.2282552660688183,0.05054528166323404,2026-09-20T03:45:12Z
824302,687859,Troy Johnston,COL,AZ,1,9,projected,TBD,Coors Field,2026-09-23T00:40:00Z,3.4076134699853586,558,0,0.4404759075319493,0.586004877667603,-1.3428998849106961,Normal,0.08747689980837461,0.6121016360526205,0.30381901846909026,0.47503455943262185,0.6420905634004024,0.43161137950987183,0.2707483551157831,0.1555261819101184,0.5906869615672413,0.33634745945326194,0.18146174034207888,0.11744049936691629,0.5936626050712305,0.20567959964620797,0.039790723269204034,2026-09-20T03:45:12Z
824302,672695,Geraldo Perdomo,AZ,COL,0,9,projected,TBD,Coors Field,2026-09-23T00:40:00Z,3.6080709263222257,2746,0,0.5233956829982467,0.586004877667603,0.49921051628835766,Normal,0.0829179094757696,0.5925299646509664,0.4128730103753965,0.412968353073836,0.6467301847824687,0.43874487948458346,0.2784172619892605,0.16237185435307092,0.5723734404723788,0.31288398803992845,0.17194655239713258,0.11160302831200854,0.575175798295258,0.19407541328542652,0.03804411446307601,2026-09-20T03:45:12Z
824624,663538,Nico Hoerner,CHC,MIA,1,1,projected,TBD,Wrigley Field,2026-09-22T23:40:00Z,4.426836551861437,3152,0,0.5853967349790975,0.586004877667603,0.3464613749827483,Normal,0.07426094152759019,0.707043155337358,0.274956781483738,0.40585777995241623,0.7134194578330986,0.5145571096601687,0.34751270440315135,0.21740013591570567,0.6774353870224722,0.4038178476173726,0.22112501864233683,0.12909112062289868,0.6815778973664726,0.3030495156785738,0.08559204704601253,2026-09-20T03:45:12Z
824624,669364,Xavier Edwards,MIA,CHC,0,1,projected,TBD,Wrigley Field,2026-09-22T23:40:00Z,4.604683468942251,1597,0,0.5968675659865529,0.586004877667603,-0.7689580211253236,Normal,0.07728103960575626,0.7239249414845367,0.37532385509938204,0.5095563617116707,0.7183458444207683,0.5214583399698011,0.35488168979643986,0.22412587533998182,0.6928070191411939,0.41543068963593976,0.23484351311196472,0.1394468052032913,0.6971704791617822,0.323535457405637,0.09769093285478395,2026-09-20T03:45:12Z
824624,691718,Pete Crow-Armstrong,CHC,MIA,1,2,projected,TBD,Wrigley Field,2026-09-22T23:40:00Z,4.320015293442936,1768,0,0.6936415369070764,0.586004877667603,-0.14146184943517515,Normal,0.2574771445214444,0.6809420268153096,0.36406338613777145,0.6591880244071099,0.7494653664377257,0.5572981412904718,0.3875711245636354,0.24997356459476058,0.6536020266170907,0.46129989656372883,0.3430229951205912,0.28667828891773167,0.6574196672366082,0.2752534203340917,0.07168290830366122,2026-09-20T03:45:12Z
824624,665923,Esteury Ruiz,MIA,CHC,0,2,projected,TBD,Wrigley Field,2026-09-22T23:40:00Z,4.513137557959815,852,0,0.4900987836735412,0.586004877667603,-1.935471883634627,Normal,0.08761881209276459,0.6423598621644788,0.3650092069475211,0.7589593024945767,0.670092074935234,0.4667870421565148,0.30493180972362743,0.18414077131850537,0.6181280462382902,0.36556359996198085,0.20424198599037538,0.12965391346699737,0.6215080915062527,0.2408756780771863,0.05820914158430174,2026-09-20T03:45:12Z
824624,621020,Dansby Swanson,CHC,MIA,1,3,projected,TBD,Wrigley Field,2026-09-22T23:40:00Z,4.222100054975261,3034,0,0.5371834590074368,0.586004877667603,0.1361388268317024,Normal,0.1323035560295517,0.64090412620688,0.3346290004518116,0.6526102431807836,0.6930610415934206,0.4899900926421611,0.32402610050453357,0.19787541394611546,0.6169076007062279,0.3727537598613172,0.2268436848929762,0.16354933650907166,0.6202509239264753,0.2365244948005687,0.05455635276588553,2026-09-20T03:45:12Z
824624,805300,Jakob Marsee,MIA,CHC,0,3,projected,TBD,Wrigley Field,2026-09-22T23:40:00Z,4.400406879970409,822,0,0.5520994076095381,0.586004877667603,1.973170091676398,Normal,0.10702608570466843,0.6501504881665486,0.48640821236713827,0.590891019898062,0.6862313462713043,0.48399011107410694,0.31986172629511495,0.19552258976563752,0.6253154725045577,0.38313368929309816,0.22906986052511874,0.15302140353188529,0.6287800230571274,0.2473196738810823,0.06046820956721142,2026-09-20T03:45:12Z
824624,608324,Alex Bregman,CHC,MIA,1,4,projected,TBD,Wrigley Field,2026-09-22T23:40:00Z,4.139847139020863,3195,0,0.5192423742202092,0.586004877667603,1.4506268785932421,Normal,0.14910275727149833,0.651981253988711,0.3990539320984628,0.4515087976505407,0.700460192031025,0.4976638694898541,0.33043011585122506,0.2025179205358321,0.6271303018880835,0.39437412275057615,0.2452087152674509,0.18119266990992514,0.6305928673658269,0.2454474329138919,0.057456596700537675,2026-09-20T03:45:12Z
824624,672640,Otto Lopez,MIA,CHC,0,4,projected,TBD,Wrigley Field,2026-09-22T23:40:00Z,4.319891914362919,1692,0,0.4705379902583263,0.586004877667603,0.1564698042241638,Normal,0.08003046620159565,0.6989280265575619,0.279742313713697,0.49824101244332847,0.6984784076699413,0.49690633760049596,0.33092559242577885,0.20382550009432707,0.6700521979585279,0.4012381089280487,0.22326753154289727,0.13374281715413108,0.6740887304541271,0.29354702175701386,0.08030905789377772,2026-09-20T03:45:12Z
824624,683737,Michael Busch,CHC,MIA,1,5,projected,TBD,Wrigley Field,2026-09-22T23:40:00Z,4.019521717911176,1916,0,0.5070263527095876,0.586004877667603,-0.7659769429203602,Normal,0.14656365355219028,0.6229553036659372,0.4467285222133982,0.6339413849237492,0.6834431738521943,0.47834397371831866,0.3128705124838728,0.1885902691457657,0.6004353017107543,0.37215719783748774,0.23381851135232581,0.17518407925920618,0.6035691928973708,0.21947500599429223,0.047093892671433275,2026-09-20T03:45:12Z
824624,682663,Agustín Ramírez,MIA,CHC,0,5,projected,TBD,Wrigley Field,2026-09-22T23:40:00Z,4.190453686200378,811,0,0.45803634815970407,0.586004877667603,-0.42889978478142,Normal,0.10893447861518306,0.6221693660577626,0.30688803935033787,0.6426242814360215,0.6664232300294131,0.4613120315137712,0.2990012697498396,0.1787347948292899,0.599620011856848,0.36180211591099104,0.2085281456849054,0.14308795710517536,0.6027601234376169,0.22086632061998224,0.048853819685297006,2026-09-20T03:45:12Z
824624,664023,Ian Happ,CHC,MIA,1,6,projected,TBD,Wrigley Field,2026-09-22T23:40:00Z,3.8890302876049887,3258,0,0.46696250411472184,0.586004877667603,1.0501624094903352,Normal,0.11875904052558003,0.5925352357048722,0.4051910298834462,0.6826585317457337,0.6546577523696941,0.44722993272587797,0.28564376415238407,0.1677141033263461,0.5723380248241615,0.34805404702500575,0.20376308304615195,0.14667805179595006,0.5751457058034305,0.19437377899641337,0.038014443019036684,2026-09-20T03:45:12Z
824624,669065,Kyle Stowers,MIA,CHC,0,6,projected,TBD,Wrigley Field,2026-09-22T23:40:00Z,4.056710289966641,1289,0,0.4619412619022604,0.586004877667603,-1.0017557482287132,Normal,0.14890307302874795,0.627730364897957,0.36122080101983933,0.7559615282375223,0.6745274460693667,0.46982821120296353,0.30627415178078204,0.1841741667072389,0.6047571605518219,0.3827292070586027,0.24423939457175853,0.18204593178172837,0.6079564403146089,0.22530029480526978,0.05030425916275958,2026-09-20T03:45:12Z
824624,673548,Seiya Suzuki,CHC,MIA,1,7,projected,TBD,Wrigley Field,2026-09-22T23:40:00Z,3.7439381827871037,2867,0,0.46375748649491355,0.586004877667603,-1.0502569168670348,Normal,0.12072385712581891,0.6145898169162309,0.37520474844477525,0.6194846506320042,0.6671190713214213,0.4597721397660115,0.29600624916378415,0.17523999567639423,0.5927886054503614,0.3581149878803419,0.21453317166278033,0.15220740158985752,0.5958204555081823,0.21109932207443516,0.04333003969627573,2026-09-20T03:45:12Z
824624,681715,Heriberto Hernández,MIA,CHC,0,7,projected,TBD,Wrigley Field,2026-09-22T23:40:00Z,3.9121475054229937,763,0,0.4529142564924567,0.586004877667603,0.4058535711059843,Normal,0.14200116758480666,0.601007135878673,0.3591053829148177,0.6923949446389204,0.6613682532457898,0.4552581700385572,0.2932621859022339,0.17399997313864707,0.5801095396758564,0.3457872532473643,0.21509176581570677,0.16398633134360874,0.5830166659364506,0.2025168203871386,0.04164128622897601,2026-09-20T03:45:12Z
824624,624424,Michael Conforto,CHC,MIA,1,8,projected,TBD,Wrigley Field,2026-09-22T23:40:00Z,3.5835015863859243,1734,0,0.4582567551055251,0.586004877667603,1.1280496197428143,Normal,0.13143934068412302,0.5662451243378842,0.36695344908638466,0.5866478408670858,0.6364321813822627,0.4270522156757526,0.26773904020095096,0.15384954432439,0.5480593438284065,0.3244120227353937,0.19582796970585375,0.15003217832048996,0.5505848364627638,0.1727739274517449,0.030354768975344986,2026-09-20T03:45:12Z
824624,665052,Griffin Conine,MIA,CHC,0,8,projected,TBD,Wrigley Field,2026-09-22T23:40:00Z,3.7734994337485843,470,0,0.5215520279114171,0.586004877667603,-0.34399476010360913,Normal,0.14843891385893832,0.6121992530083261,0.36010579084131683,0.7143389412983329,0.6786855779064206,0.4731148964914312,0.3083415524394096,0.1852006032875428,0.5905158569398752,0.3569143162996349,0.22388291249974465,0.17131971331237628,0.5935327394076744,0.210640796575902,0.044120820717430696,2026-09-20T03:45:12Z
824624,608348,Carson Kelly,CHC,MIA,1,9,projected,TBD,Wrigley Field,2026-09-22T23:40:00Z,3.4076134699853586,1648,0,0.41600588923698534,0.586004877667603,2.0826064997971043,Hot,0.0843913059443091,0.5609295941310367,0.28632159936770757,0.47445790774516894,0.6188873946214823,0.4086590048587971,0.25206615492160467,0.1421408561844346,0.5432113893638981,0.2848372012662327,0.14989365887780673,0.10216200200809408,0.545671033933836,0.16754413874237067,0.0282159629751798,2026-09-20T03:45:12Z
824624,691594,Javier Sanoja,MIA,CHC,0,9,projected,TBD,Wrigley Field,2026-09-22T23:40:00Z,3.6080709263222257,834,0,0.4251601258940148,0.586004877667603,0.9369843835839398,Normal,0.07679252030499266,0.6241861629983747,0.20498596170726668,0.36310729121049035,0.6472284860178814,0.4392543767859763,0.27884465816543047,0.16268751077106114,0.601648684936473,0.3567342766275486,0.1958702494849685,0.12033083256213223,0.6047847794135838,0.21944789013394636,0.046789787748016294,2026-09-20T03:45:12Z
824709,680776,Jarren Duran,BOS,CLE,1,1,projected,TBD,Fenway Park,2026-09-22T22:45:00Z,4.426836551861437,2600,0,0.5714938523655545,0.586004877667603,-0.7535792784406321,Normal,0.12568900562755017,0.6668705790310907,0.31199290241400746,0.6921953145208637,0.6913169397435144,0.4894381284547232,0.32460386754046966,0.199142072926409,0.6406825284305948,0.42193384530296285,0.26735479622525904,0.18400547243175655,0.6443382788289863,0.2626045729940211,0.0668019579002688,2026-09-20T03:45:12Z
824709,680757,Steven Kwan,CLE,BOS,0,1,projected,TBD,Fenway Park,2026-09-22T22:45:00Z,4.604683468942251,3193,0,0.6307639503426486,0.586004877667603,0.8144428322713623,Normal,0.07771463071095633,0.7098638347220909,0.43991622652786744,0.42547601094712256,0.7095169622771518,0.5111936807460459,0.3453323759619,0.21636729713905448,0.6799790352759809,0.406505049441311,0.22692143101717788,0.13482699617769645,0.6841651599663185,0.3081226001763915,0.08969541167853735,2026-09-20T03:45:12Z
824709,668939,Adley Rutschman,BOS,CLE,1,2,projected,TBD,Fenway Park,2026-09-22T22:45:00Z,4.320015293442936,2543,0,0.48930869706544267,0.586004877667603,-0.6696215873584693,Normal,0.10338721102248934,0.6396984517543075,0.37602057035636316,0.538370220709776,0.6710865790794974,0.46675520435581763,0.30405979516223575,0.18283298387006616,0.6157440052697398,0.37130543389545945,0.21130727351039189,0.14099085600225703,0.619082666337083,0.2366980173662195,0.0553491583073935,2026-09-20T03:45:12Z
824709,682657,Angel Martínez,CLE,BOS,0,2,projected,TBD,Fenway Park,2026-09-22T22:45:00Z,4.513137557959815,1038,0,0.48475657881704526,0.586004877667603,0.9026964752045634,Normal,0.10591666563329852,0.6549582839912204,0.25666051934960604,0.6849276906222895,0.677133319018194,0.47438609244206126,0.31161736316906685,0.1893148714083216,0.6297171442679538,0.38590040072199183,0.2244722148783484,0.14929702716368706,0.6332400196518128,0.2523361756096672,0.06300122386421655,2026-09-20T03:45:12Z
824709,677800,Wilyer Abreu,BOS,CLE,1,3,projected,TBD,Fenway Park,2026-09-22T22:45:00Z,4.222100054975261,1602,0,0.5159048164458925,0.586004877667603,-1.19664212530531,Normal,0.14116502599198366,0.6515358535700632,0.3761167266778717,0.5958267426991953,0.691480664075888,0.48823078159843064,0.3224518416223745,0.19664444395773376,0.6266840528138046,0.40378141484862484,0.24936112670020177,0.18030593663076236,0.6301479647329307,0.24605339984806546,0.05835893956714245,2026-09-20T03:45:12Z
824709,608070,José Ramírez,CLE,BOS,0,3,projected,TBD,Fenway Park,2026-09-22T22:45:00Z,4.400406879970409,3242,0,0.5357669353253554,0.586004877667603,-0.8472288120174334,Normal,0.13968536980791818,0.6760817468438952,0.3259438325067782,0.46446164562563874,0.7098721217323305,0.5106506048350192,0.3440520868946761,0.21472532851242285,0.6491171495241269,0.4209600585826252,0.2619583090903243,0.18590659751428876,0.6528835530605316,0.27181098878821286,0.07108275613151135,2026-09-20T03:45:12Z
824709,575929,Willson Contreras,BOS,CLE,1,4,projected,TBD,Fenway Park,2026-09-22T22:45:00Z,4.139847139020863,2436,0,0.4885611197862649,0.586004877667603,-0.12591496520143644,Normal,0.14020813645386435,0.634209400159393,0.4847941887931276,0.6775560915760973,0.6881187657264769,0.4838834078145673,0.3180943362640349,0.1928821846478696,0.6107839347002695,0.3810836458535497,0.2333113812384685,0.1713016091310134,0.6140457946076157,0.2296944630355008,0.051309347109960095,2026-09-20T03:45:12Z
824709,663993,Nathaniel Lowe,CLE,BOS,0,4,projected,TBD,Fenway Park,2026-09-22T22:45:00Z,4.319891914362919,2955,0,0.4498864483673611,0.586004877667603,-0.28785512964542875,Normal,0.1280584901329226,0.6643122847160207,0.3663133967537732,0.6477749890792596,0.6853045311596688,0.48223629041512317,0.31776301125402723,0.19349006290988435,0.6383691989344611,0.3883124137483753,0.23362482504727583,0.16404953790900845,0.6419892038342312,0.25928020708566124,0.06481175789556042,2026-09-20T03:45:12Z
824709,596115,Trevor Story,BOS,CLE,1,5,projected,TBD,Fenway Park,2026-09-22T22:45:00Z,4.019521717911176,1568,0,0.43230290191454757,0.586004877667603,0.7576374496194296,Normal,0.100332715754449,0.6447451223612312,0.23672830454662103,0.7315464467069346,0.6699001195860701,0.46371020096064014,0.30009018779723107,0.17882127208666965,0.6205027348850856,0.36974079987597924,0.2053283865759206,0.13524964673820813,0.6238787142102884,0.2382810036074916,0.054165953733555934,2026-09-20T03:45:12Z
824709,666176,Jo Adell,CLE,BOS,0,5,projected,TBD,Fenway Park,2026-09-22T22:45:00Z,4.190453686200378,1996,0,0.410601632577502,0.586004877667603,0.6039587086163253,Normal,0.1384207431909351,0.6185582817647481,0.2724226872256738,0.7224869208686086,0.6650152897022512,0.4598172798004095,0.2977073084785295,0.17775022694667017,0.5962862168572071,0.35976481731614,0.22238157528993707,0.16530178867827605,0.5993873337551586,0.21784339808808736,0.047729824305138766,2026-09-20T03:45:12Z
824709,702332,Caleb Durbin,BOS,CLE,1,6,projected,TBD,Fenway Park,2026-09-22T22:45:00Z,3.8890302876049887,1064,0,0.43417887389430937,0.586004877667603,0.41878667122469815,Normal,0.08004898901447459,0.6061874529166184,0.3755768102777502,0.438476431462885,0.6427574874324405,0.4350001880195841,0.27534933632668246,0.16009312781504362,0.584977922514863,0.3253291796866668,0.17063985524924646,0.10833846956181073,0.5879273500209815,0.20507881849856552,0.04160327608117944,2026-09-20T03:45:12Z
824709,682177,Daniel Schneemann,CLE,BOS,0,6,projected,TBD,Fenway Park,2026-09-22T22:45:00Z,4.056710289966641,925,0,0.37927659115651957,0.586004877667603,-1.599250720222088,Normal,0.09728339990188194,0.5839429937668399,0.3117098303150478,0.7347782226415841,0.6193820099754903,0.4131158863285525,0.25828781716156046,0.14837186231891006,0.5642465101230296,0.32459248025920234,0.18220655512003636,0.12472255991258778,0.5669857913383337,0.19005644305795052,0.0377854446002569,2026-09-20T03:45:12Z
824709,643396,Isiah Kiner-Falefa,BOS,CLE,1,7,projected,TBD,Fenway Park,2026-09-22T22:45:00Z,3.7439381827871037,2009,0,0.3809867912716603,0.586004877667603,-0.4114166706557505,Normal,0.0576308823519284,0.6197091869101089,0.24511462492936292,0.46188522286089756,0.6219726597881872,0.41375035414760414,0.2575213665925044,0.146924390793155,0.5975149712568767,0.3129511934929322,0.15330300996471832,0.08712451684257717,0.6006019036633397,0.21530017669086038,0.04480056305798854,2026-09-20T03:45:12Z
824709,672275,Patrick Bailey,CLE,BOS,0,7,projected,TBD,Fenway Park,2026-09-22T22:45:00Z,3.9121475054229937,1581,0,0.387373824306165,0.586004877667603,-0.06748547704965753,Normal,0.08927365366559702,0.5930168109782977,0.2950215191857758,0.6707227543105942,0.6150999614951919,0.4084434768676333,0.2541638310183462,0.14517948935163177,0.5727075089077708,0.3177310979731881,0.17446822092677758,0.11606966371489562,0.575532168060291,0.19625927255517514,0.039505102458424174,2026-09-20T03:45:12Z
824709,655316,Andruw Monasterio,BOS,CLE,1,8,projected,TBD,Fenway Park,2026-09-22T22:45:00Z,3.5835015863859243,921,0,0.37941886362444255,0.586004877667603,-1.5342864757628658,Normal,0.0642084993543573,0.5777821425531152,0.27691806594039187,0.5481022051864406,0.5988252646887269,0.39052167465774146,0.23829132238363812,0.13288390564659427,0.5587879188147672,0.3057051375091945,0.15224047496334667,0.09191854336538403,0.5614262602862884,0.18108594622207216,0.032830058172147916,2026-09-20T03:45:12Z
824709,677587,Brayan Rocchio,CLE,BOS,0,8,projected,TBD,Fenway Park,2026-09-22T22:45:00Z,3.7734994337485843,1480,0,0.3959656270262796,0.586004877667603,0.7028567218591891,Normal,0.08318008466354497,0.5884326587455574,0.2941655200532381,0.47696327319576426,0.6080768222217093,0.40112369877324067,0.2479361677138805,0.1405197263030509,0.5685096775809725,0.316006925759947,0.16895722700195198,0.11016848008278932,0.5712798276794924,0.1919252652068442,0.037737478945128945,2026-09-20T03:45:12Z
824709,657136,Connor Wong,BOS,CLE,1,9,projected,TBD,Fenway Park,2026-09-22T22:45:00Z,3.4076134699853586,1367,0,0.39387254764791607,0.586004877667603,-1.6445463614701763,Normal,0.06577315929362917,0.5524701979580973,0.25245807580612034,0.6134307439372202,0.5933053791822503,0.3843541388423542,0.23282910915435337,0.12868092276248516,0.535324717682607,0.2861850286516729,0.14167640582627786,0.08839806619950022,0.53770453861324,0.16174557137154566,0.026613319498763045,2026-09-20T03:45:12Z
824709,595978,Austin Hedges,CLE,BOS,0,9,projected,TBD,Fenway Park,2026-09-22T22:45:00Z,3.6080709263222257,1108,0,0.34023651619557543,0.586004877667603,-0.06840195568189894,Normal,0.06900511303544198,0.509693962341876,0.2675525329443673,0.5989033839921137,0.5521693168829982,0.3491696335300102,0.20715150143704616,0.11203790756488503,0.4950811804749766,0.24042502539940305,0.12081094478012595,0.0821319260895654,0.49710944413239105,0.13723489332634528,0.02144803338754172,2026-09-20T03:45:12Z
824785,683002,Gunnar Henderson,BAL,TOR,1,1,projected,Max Scherzer,Oriole Park at Camden Yards,2026-09-22T22:35:00Z,4.426836551861437,2802,2036,0.6911093333444354,0.6287020024397695,0.13854396629631624,Normal,0.18377946862925168,0.6617200756931145,0.41529596758779336,0.6312171455324098,0.7282666418961757,0.5320341678210907,0.3638648658335262,0.2307163368018134,0.6359561375546502,0.4198802308277194,0.2860052922289825,0.22089130402921867,0.6395517865304702,0.25772960573533016,0.0646902834643208,2026-09-20T03:45:12Z
824785,543807,George Springer,TOR,BAL,0,1,projected,TBD,Oriole Park at Camden Yards,2026-09-22T22:35:00Z,4.604683468942251,2963,0,0.6264347575360598,0.586004877667603,0.9654289556375103,Normal,0.13933645812516765,0.6891510726818747,0.3622820636374441,0.605090120572524,0.727685293162289,0.5325070997460449,0.36529276219507895,0.23267686188526834,0.6610456185863833,0.41332736537870784,0.255876828902594,0.18113285530469803,0.664977072012041,0.28646875266456495,0.07903836025662565,2026-09-20T03:45:12Z
824785,624413,Pete Alonso,BAL,TOR,1,2,projected,Max Scherzer,Oriole Park at Camden Yards,2026-09-22T22:35:00Z,4.320015293442936,3417,2036,0.6098870811349052,0.6238109972552194,-0.016371741499548627,Normal,0.25366990492766367,0.6476680893609725,0.3349062611581535,0.7493711015372947,0.7281807746746928,0.5313329736145678,0.3626784042305736,0.22931488595829957,0.6230769301066826,0.4280480573769855,0.3125471225079324,0.26973465301782057,0.6265054500487336,0.24381808502415098,0.058213707904253446,2026-09-20T03:45:12Z
824785,669701,Josh Smith,TOR,BAL,0,2,projected,TBD,Oriole Park at Camden Yards,2026-09-22T22:35:00Z,4.513137557959815,1863,0,0.5517695435128633,0.586004877667603,-1.165961530413876,Normal,0.11479813467959424,0.6544797331368383,0.42456146743749107,0.620990488612046,0.684618979862785,0.4825695511562674,0.31888458419576593,0.19498403407658277,0.6292773023724701,0.375519102535896,0.22002424881908864,0.15068641674167396,0.6327946948821137,0.25189375806372594,0.06281291182136656,2026-09-20T03:45:12Z
824785,694212,Samuel Basallo,BAL,TOR,1,3,projected,Max Scherzer,Oriole Park at Camden Yards,2026-09-22T22:35:00Z,4.222100054975261,508,2036,0.5154680406583712,0.6209330265208495,-0.9346080073515313,Normal,0.20146220147552377,0.6149500415287412,0.34130633665410215,0.7002545426420812,0.6805997787077478,0.47625572545448547,0.3118238186400433,0.18839096019555165,0.5929756319607968,0.3793626548205092,0.2629267284232162,0.2187371974565411,0.5960344693228187,0.2143788442374105,0.04618545045710508,2026-09-20T03:45:12Z
824785,664770,Nathan Lukes,TOR,BAL,0,3,projected,TBD,Oriole Park at Camden Yards,2026-09-22T22:35:00Z,4.400406879970409,982,0,0.49679040392774315,0.586004877667603,0.5584184046941357,Normal,0.12057376783854873,0.6900350261658605,0.29193302731338294,0.5070880156596755,0.6979321055128718,0.4970395474372231,0.33160598980978473,0.20478087074340035,0.6618900313159874,0.4061980548546651,0.24350627249578483,0.16505261016895248,0.6658243591546397,0.2857149075243085,0.07747708517588754,2026-09-20T03:45:12Z
824785,687952,Christian Encarnacion-Strand,BAL,TOR,1,4,projected,Max Scherzer,Oriole Park at Camden Yards,2026-09-22T22:35:00Z,4.139847139020863,694,2036,0.43782562803207237,0.6069488114490544,0.5307463445826254,Normal,0.16390466933633532,0.6338658712398847,0.21014063637271152,0.8032194385090206,0.6793819652510669,0.4743164700348466,0.3096493026229105,0.18636249816127443,0.6104675219526482,0.37818807741531224,0.24154017749720577,0.18737954652042196,0.6137255683218242,0.2293973608928046,0.05119657121910341,2026-09-20T03:45:12Z
824785,665489,Vladimir Guerrero Jr.,TOR,BAL,0,4,projected,TBD,Oriole Park at Camden Yards,2026-09-22T22:35:00Z,4.319891914362919,3355,0,0.4672055286210785,0.586004877667603,0.2460114348981316,Normal,0.11605308854734298,0.6855226354824647,0.3188156903422211,0.5070471655718946,0.7052663495541169,0.504606344543047,0.33792719759127005,0.2093853885785078,0.6578002417002357,0.403882390416885,0.234107466738546,0.1567089264951461,0.6616726286122964,0.2798935529213361,0.07393937287283862,2026-09-20T03:45:12Z
824785,687637,Dylan Beavers,BAL,TOR,1,5,projected,Max Scherzer,Oriole Park at Camden Yards,2026-09-22T22:35:00Z,4.019521717911176,473,2036,0.4686993454460136,0.6013212919024769,-1.1047646762723198,Normal,0.1288075261764694,0.609927591867331,0.4010653021276052,0.6942847995039984,0.6582448534998194,0.451397289139688,0.2895081629856683,0.17084115604690905,0.5884047732523028,0.3561101784911077,0.21373919877910255,0.1561160837079197,0.5913987500847222,0.2087508599007997,0.04326880539177695,2026-09-20T03:45:12Z
824785,672386,Alejandro Kirk,TOR,BAL,0,5,projected,TBD,Oriole Park at Camden Yards,2026-09-22T22:35:00Z,4.190453686200378,2146,0,0.3869526654139211,0.586004877667603,0.08548006838207187,Normal,0.10991023339860594,0.6672031971271737,0.3201749684265664,0.4618947762647487,0.6693120211425481,0.464390568789643,0.3016735038077657,0.18077276197545042,0.6410456228689478,0.37117337069528167,0.2097181646607361,0.1410211165698934,0.6446946963995356,0.2611425316259679,0.06499324080689399,2026-09-20T03:45:12Z
824785,681297,Colton Cowser,BAL,TOR,1,6,projected,Max Scherzer,Oriole Park at Camden Yards,2026-09-22T22:35:00Z,3.8890302876049887,1372,2036,0.4843743052960433,0.5849594857402846,0.3780371145001013,Normal,0.16437069778016136,0.5726346346374063,0.3817539181506884,0.7785410562627901,0.6570849662283572,0.4497554836478141,0.28778837439997856,0.16931353600551477,0.5538642622535981,0.3362423994154321,0.22076697359639608,0.17971383287403417,0.5564723996278487,0.179468003088381,0.03326354479142672,2026-09-20T03:45:12Z
824785,665926,Andrés Giménez,TOR,BAL,0,6,projected,TBD,Oriole Park at Camden Yards,2026-09-22T22:35:00Z,4.056710289966641,2660,0,0.4164982359025969,0.586004877667603,0.316953757851978,Normal,0.09817784425173845,0.6449088935062506,0.2744402465976192,0.5364860283223933,0.6617372561243353,0.4561918433170615,0.2944394730842415,0.17515427603477984,0.6205770630021422,0.3587179858163292,0.2022979539724692,0.1330172951019997,0.6239676821103144,0.24030546953911042,0.056133468089174306,2026-09-20T03:45:12Z
824785,691723,Coby Mayo,BAL,TOR,1,7,projected,Max Scherzer,Oriole Park at Camden Yards,2026-09-22T22:35:00Z,3.7439381827871037,765,2036,0.4343806319277148,0.5334208313827283,1.7747760280554317,Normal,0.1636134593743884,0.5680583077281188,0.25240175800794895,0.7880771922908371,0.6471014178851601,0.43892513729582067,0.2783123512848322,0.16205909679507566,0.5496521192110644,0.3374537901184061,0.22229197924931499,0.18013997520121655,0.5522090511676349,0.17549428725292435,0.031778016867493306,2026-09-20T03:45:12Z
824785,676391,Ernie Clement,TOR,BAL,0,7,projected,TBD,Oriole Park at Camden Yards,2026-09-22T22:35:00Z,3.9121475054229937,1865,0,0.4144863347913904,0.586004877667603,-1.4464358313174424,Normal,0.07359602648306258,0.6458728406146855,0.19890262481554513,0.40039839399213895,0.6573049554195047,0.450997709759961,0.2896135113316099,0.17125291211068974,0.6215038349125208,0.3542050323373594,0.18739209810432855,0.1124179474887373,0.6248988419534858,0.2402806519567331,0.05562492439626301,2026-09-20T03:45:12Z
824785,665966,Carlos Narváez,BAL,TOR,1,8,projected,Max Scherzer,Oriole Park at Camden Yards,2026-09-22T22:35:00Z,3.5835015863859243,735,2036,0.3494547474472789,0.5367777718567769,-1.7893467738407383,Normal,0.08653007665876854,0.5278951853938313,0.24016578781606834,0.7758694122474266,0.5821732008325998,0.3750413883026769,0.22619336243168178,0.12449711244748568,0.5122549563736741,0.27892660924246815,0.14827866347552704,0.10401625516431603,0.5144255635560765,0.14698798242524133,0.02322826705850875,2026-09-20T03:45:12Z
824785,676914,Davis Schneider,TOR,BAL,0,8,projected,TBD,Oriole Park at Camden Yards,2026-09-22T22:35:00Z,3.7734994337485843,964,0,0.4531387090451891,0.586004877667603,-1.254833348343163,Normal,0.11054439304701728,0.533581465562066,0.43573535607331826,0.7652522866840554,0.6209212177521164,0.41359240258667473,0.2580328013507637,0.14776176110613945,0.5174115971061531,0.3011471443015802,0.17438370280486049,0.12970755276781565,0.5196572009579413,0.1531061876680614,0.02594127287670519,2026-09-20T03:45:12Z
824785,665750,Leody Taveras,BAL,TOR,1,9,projected,Max Scherzer,Oriole Park at Camden Yards,2026-09-22T22:35:00Z,3.4076134699853586,2071,2036,0.42141526910459604,0.5589287766830137,-2.019367499429633,Cold,0.09479702846922923,0.5480895355790046,0.2516434154317286,0.6147808193087918,0.602665159816678,0.393130179597997,0.23971133776424666,0.13345828250615488,0.5312364135836521,0.28867865839214346,0.1640906602178404,0.1151750048259781,0.5335754985788493,0.15879639133001466,0.02581410584738609,2026-09-20T03:45:12Z
824785,664702,Myles Straw,TOR,BAL,0,9,projected,TBD,Oriole Park at Camden Yards,2026-09-22T22:35:00Z,3.6080709263222257,1727,0,0.43902630267714543,0.586004877667603,1.2717622371389878,Normal,0.05373097388720936,0.5719743564384316,0.25882943353042553,0.45676679658567126,0.6027467241821395,0.39540350426035525,0.24298664518608118,0.13676924947897834,0.5532858796026628,0.2875469651974741,0.14023500813901885,0.08073492905013488,0.5558828807582308,0.1787336830720111,0.03315711958074192,2026-09-20T03:45:12Z
824867,573262,Mike Yastrzemski,ATL,CIN,1,1,projected,Andrew Abbott,Truist Park,2026-09-22T23:15:00Z,4.426836551861437,2353,2430,0.5613976148143115,0.6594624476043727,-0.6104038781969064,Normal,0.11550359568587243,0.6229625095277885,0.35861009217432355,0.6915086245572735,0.6777009482014105,0.4744649323831658,0.31127084853928294,0.18872908842624941,0.600279354456775,0.37624799652103746,0.2249277355170037,0.155929036677322,0.6034398418493949,0.2231285288733078,0.0506295542495077,2026-09-20T03:45:12Z
824867,680574,Matt McLain,CIN,ATL,0,1,projected,TBD,Truist Park,2026-09-22T23:15:00Z,4.604683468942251,1452,0,0.584501387254503,0.586004877667603,-2.227227552652333,Cold,0.12420073019051123,0.629425437586871,0.35684252298308705,0.7949778199829434,0.6843932052577483,0.48288960407380005,0.31959788170640435,0.19586091320195168,0.6061703902702739,0.36660479534260154,0.21978935143919892,0.1566120787065599,0.6094133502567068,0.23037308841484427,0.054474973214928626,2026-09-20T03:45:12Z
824867,660670,Ronald Acuña Jr.,ATL,CIN,1,2,projected,Andrew Abbott,Truist Park,2026-09-22T23:15:00Z,4.320015293442936,2347,2430,0.6713110314058435,0.6582303263655491,0.4971683040259718,Normal,0.18751332224751358,0.6819705226700673,0.4601506591673239,0.5884144850160391,0.7353115780188247,0.5399071289877213,0.3708107016805928,0.23600321894878912,0.6545432936067127,0.4197866056586991,0.27867990107319834,0.216934278946478,0.6583733105076487,0.276270863517097,0.07214149034817123,2026-09-20T03:45:12Z
824867,663647,Ke'Bryan Hayes,CIN,ATL,0,2,projected,TBD,Truist Park,2026-09-22T23:15:00Z,4.513137557959815,2281,0,0.45478773707422493,0.586004877667603,-2.3124699906238817,Cold,0.08117754340879509,0.6412430383131977,0.2739861905309288,0.6559519681467185,0.6474028655034523,0.4429226465467467,0.28432184983452535,0.1684402330292281,0.6170997128569317,0.34980698742733846,0.19286636849263916,0.12036145078675761,0.6204672488915367,0.23987822585155455,0.05780050964365179,2026-09-20T03:45:12Z
824867,645277,Ozzie Albies,ATL,CIN,1,3,projected,Andrew Abbott,Truist Park,2026-09-22T23:15:00Z,4.222100054975261,2684,2430,0.5261211458562215,0.6581084392916456,-1.1228000412753092,Normal,0.1385098254621529,0.6465844372625283,0.34429734673767237,0.4609969493457222,0.6858232793141957,0.48197474142020086,0.31688057831739774,0.1923055515837551,0.6221328860795752,0.3834403565664878,0.23515941232019927,0.17084290133549196,0.6255403445642476,0.24158156201240233,0.05655928824796871,2026-09-20T03:45:12Z
824867,682829,Elly De La Cruz,CIN,ATL,0,3,projected,TBD,Truist Park,2026-09-22T23:15:00Z,4.400406879970409,2423,0,0.6276464366876419,0.586004877667603,1.2625350351990916,Normal,0.16158386339551117,0.6921299995997616,0.3740302308481541,0.7525645176032235,0.7271711233377445,0.5309279454032055,0.3629754438482982,0.23010755843191474,0.6638057682386028,0.4387173357766942,0.29158911710463725,0.21313115342912003,0.6677656378621009,0.28784820987388615,0.07848206225046532,2026-09-20T03:45:12Z
824867,663586,Austin Riley,ATL,CIN,1,4,projected,Andrew Abbott,Truist Park,2026-09-22T23:15:00Z,4.139847139020863,2926,2430,0.5150220365857012,0.6475780124551599,-1.0391991012723274,Normal,0.16307147718590562,0.6395539884308902,0.3537862915502831,0.740679717000454,0.6947265329136249,0.4912220825156211,0.324638254606547,0.1979771703377149,0.6157044995176155,0.3889588053035875,0.24956066820789796,0.1911195470741847,0.6190260173010673,0.2343524918213514,0.05309273534303882,2026-09-20T03:45:12Z
824867,668709,JJ Bleday,CIN,ATL,0,4,projected,TBD,Truist Park,2026-09-22T23:15:00Z,4.319891914362919,2043,0,0.485630189387456,0.586004877667603,-0.38156292001813213,Normal,0.13816063317880692,0.6052236563506593,0.4269926811290986,0.6593157928653803,0.6611239283300899,0.45619993845426104,0.29495958375020936,0.1759459416856658,0.5839244444418857,0.3694630783199577,0.22799726245611154,0.1692257272376819,0.5868896003083378,0.2076906139703642,0.044488424286579245,2026-09-20T03:45:12Z
824867,621566,Matt Olson,ATL,CIN,1,5,projected,Andrew Abbott,Truist Park,2026-09-22T23:15:00Z,4.019521717911176,3495,2430,0.4756475466074781,0.6427985940140358,0.431053264966389,Normal,0.16976000075119207,0.623300133780783,0.2976059629068231,0.6921069402613262,0.6881888601917383,0.4835580596398956,0.31747852011967903,0.1921476379206423,0.600753404637983,0.3899249450978587,0.250475365359553,0.19596390830822114,0.6038910485861576,0.2197640447541193,0.04719906766163807,2026-09-20T03:45:12Z
824867,553993,Eugenio Suárez,CIN,ATL,0,5,projected,TBD,Truist Park,2026-09-22T23:15:00Z,4.190453686200378,3094,0,0.49543385600902917,0.586004877667603,1.1688514794810636,Normal,0.18361802360272533,0.6026137047694979,0.3910978996451595,0.801096829765507,0.6793971272379769,0.47526282236419115,0.31118937864258467,0.18808113796898354,0.5815442816736823,0.3713935213914647,0.24765451826186977,0.20233344236973283,0.5844764441960579,0.2048420913898827,0.043033218872330685,2026-09-20T03:45:12Z
824867,669221,Sean Murphy,ATL,CIN,1,6,projected,Andrew Abbott,Truist Park,2026-09-22T23:15:00Z,3.8890302876049887,1751,2430,0.44295368783456934,0.6283546994344256,-0.3775044183124572,Normal,0.14756026588687388,0.5673599921020199,0.40324392827833017,0.6712266044135582,0.641262262861254,0.4334811696238701,0.27408111531508367,0.15916075108691918,0.5489581119962231,0.3362363194455302,0.21061437644417932,0.16607492523491188,0.5515147586555039,0.17565192533384044,0.03209321005562281,2026-09-20T03:45:12Z
824867,663886,Tyler Stephenson,CIN,ATL,0,6,projected,TBD,Truist Park,2026-09-22T23:15:00Z,4.056710289966641,2004,0,0.43010301329591527,0.586004877667603,0.16954849354301627,Normal,0.11533391997132204,0.6212115025117824,0.33625130058207775,0.7388640623749254,0.6594788127487201,0.453815686431354,0.29239680075121893,0.17360996640393953,0.5987431587334996,0.3550815010149847,0.20558279815940145,0.1444177699084164,0.6018714348075256,0.2197856245604374,0.04823722889838071,2026-09-20T03:45:12Z
824867,673490,Ha-Seong Kim,ATL,CIN,1,7,projected,Andrew Abbott,Truist Park,2026-09-22T23:15:00Z,3.7439381827871037,1997,2430,0.4032622012322287,0.5808715805625122,-1.7736544407280788,Normal,0.08989727342729317,0.5675993673901979,0.38018820036552875,0.5173384395727685,0.6141381785149856,0.40611469351022933,0.25133724604191365,0.14249710165357912,0.5492250782653251,0.2947665756601823,0.16073608377571139,0.11034736334414837,0.5517775545900135,0.17516527488471242,0.031678838485716225,2026-09-20T03:45:12Z
824867,667472,Dane Myers,CIN,ATL,0,7,projected,TBD,Truist Park,2026-09-22T23:15:00Z,3.9121475054229937,830,0,0.39749430275849135,0.586004877667603,0.049831626607091756,Normal,0.08116471651378471,0.6095634813624973,0.30908742543611106,0.6447036525400258,0.6345907671549905,0.42772201830114837,0.2700023572965501,0.15669001213867978,0.5880258357667137,0.32066788228248383,0.1692791017966169,0.1082226596684229,0.5910227488139741,0.20936966313083438,0.04403942128857356,2026-09-20T03:45:12Z
824867,671739,Michael Harris II,ATL,CIN,1,8,projected,Andrew Abbott,Truist Park,2026-09-22T23:15:00Z,3.5835015863859243,2683,2430,0.4171691415745423,0.5830544823808547,0.710961941627536,Normal,0.10889908547439683,0.6397016846865559,0.16672222246117366,0.5693571086111543,0.6694301173324602,0.4610826763712768,0.2963440416830386,0.17494782189680924,0.616026898290989,0.36261939829766704,0.20987548021221786,0.1423980890638755,0.6193202063457907,0.23049347281631188,0.04934667044845103,2026-09-20T03:45:12Z
824867,624431,Jose Trevino,CIN,ATL,0,8,projected,TBD,Truist Park,2026-09-22T23:15:00Z,3.7734994337485843,1209,0,0.362984234341735,0.586004877667603,-1.806809828715828,Normal,0.08652144024730994,0.5813416770820841,0.1951040929082191,0.5104951787062523,0.6168186199031366,0.40958153480534554,0.25476866183807173,0.14541041339317906,0.5619281941192528,0.3025712766725022,0.16134923910133897,0.1082681099948782,0.5646270239873528,0.1865716569599289,0.03599496456536723,2026-09-20T03:45:12Z
824867,643289,Mauricio Dubón,ATL,CIN,1,9,projected,Andrew Abbott,Truist Park,2026-09-22T23:15:00Z,3.4076134699853586,2174,2430,0.440014259856384,0.6038773173639626,1.4602142386110768,Normal,0.0763332340309844,0.5961122036901917,0.23933950916866012,0.3348784855856521,0.6288742181522229,0.418427759500989,0.25995548946256053,0.14775600098190247,0.5758956279290687,0.3128726416992934,0.16143601436539184,0.1019231050856967,0.578703862730933,0.19317941266047534,0.03579828804089576,2026-09-20T03:45:12Z
824867,665828,Oswaldo Cabrera,CIN,ATL,0,9,projected,TBD,Truist Park,2026-09-22T23:15:00Z,3.6080709263222257,960,0,0.4449312250611875,0.586004877667603,-0.8535789138211514,Normal,0.08113945782079965,0.5740707914182682,0.27504039420751236,0.5540465885843672,0.6221732001215761,0.41415984757558727,0.25809679057760015,0.14755073571522703,0.5552353996874047,0.29489253422568096,0.15478434554281742,0.10242537526389855,0.5578529388035506,0.18025913065726168,0.03362955008451973,2026-09-20T03:45:12Z
824953,671732,Lawrence Butler,ATH,LAA,1,1,projected,TBD,Sutter Health Park,2026-09-23T01:40:00Z,4.426836551861437,1714,0,0.6422430784584321,0.586004877667603,-0.564225297300775,Normal,0.1795052398980642,0.671487739917892,0.3917031571424214,0.7084980034189613,0.7149744094122996,0.5163640282188166,0.34918737984634673,0.21875301041762132,0.644916638672328,0.4199101282282447,0.27648434245896797,0.2126699455007948,0.648626720263254,0.2670325372480332,0.06874826526969392,2026-09-20T03:45:12Z
824953,687263,Zach Neto,LAA,ATH,0,1,projected,TBD,Sutter Health Park,2026-09-23T01:40:00Z,4.604683468942251,2151,0,0.6148287608606083,0.586004877667603,0.6397049334329734,Normal,0.15262794611584746,0.6740629382535043,0.3646622923707338,0.7809123696710837,0.7130165936051547,0.5152418991919878,0.3490844717077587,0.21940613589924868,0.6472235491921094,0.4227297566819605,0.2677714421171328,0.19545852139857112,0.650974556288263,0.2714405940103869,0.07203122451251673,2026-09-20T03:45:12Z
824953,666126,Carlos Cortes,ATH,LAA,1,2,projected,TBD,Sutter Health Park,2026-09-23T01:40:00Z,4.320015293442936,461,0,0.4898196687127683,0.586004877667603,-0.8845720726446538,Normal,0.13352521540725618,0.6871347018167611,0.3221866410319919,0.5443996737187612,0.6931969348728256,0.49095165107120375,0.32549408223216425,0.19947809384772727,0.6592674483754953,0.4157775256733226,0.25467784402695715,0.17757390379208807,0.6631599688621322,0.28142273429951703,0.07448557261050527,2026-09-20T03:45:12Z
824953,545361,Mike Trout,LAA,ATH,0,2,projected,TBD,Sutter Health Park,2026-09-23T01:40:00Z,4.513137557959815,2143,0,0.6008641552917017,0.586004877667603,-0.5854066338381623,Normal,0.17560954108813331,0.6497583667119831,0.47943452626808203,0.7650914075325936,0.7177574929028486,0.5201737368037862,0.3532024678927497,0.22238624182374742,0.6249362763890367,0.40143296981942855,0.2639616111135001,0.20499003509450275,0.6283998200558302,0.24755910398550823,0.06098201883754147,2026-09-20T03:45:12Z
824953,703607,Henry Bolte,ATH,LAA,1,3,projected,TBD,Sutter Health Park,2026-09-23T01:40:00Z,4.222100054975261,436,0,0.49288290356602465,0.586004877667603,-0.31056264864889105,Normal,0.1137705951883651,0.6707662355244659,0.4013865033606824,0.73559182292108,0.6911818213340951,0.4878986816800049,0.3221550449613286,0.19641261172251978,0.6443284090861408,0.3815538804497406,0.22167071334726604,0.1498253515101151,0.6480164044356288,0.2640001505208098,0.06585247126762564,2026-09-20T03:45:12Z
824953,518595,Travis d'Arnaud,LAA,ATH,0,3,projected,TBD,Sutter Health Park,2026-09-23T01:40:00Z,4.400406879970409,1370,0,0.46485118472843506,0.586004877667603,-1.3389843587517058,Normal,0.12814375704871137,0.6364285503652114,0.30664726630547806,0.7666628602669119,0.6777721829859062,0.4747269343590462,0.311634850716574,0.18910970651898273,0.6126854516477864,0.3804422248331302,0.22704538089014442,0.16214940725166,0.6159957167491503,0.2350327093874259,0.05545084021147426,2026-09-20T03:45:12Z
824953,680869,Zack Gelof,ATH,LAA,1,4,projected,TBD,Sutter Health Park,2026-09-23T01:40:00Z,4.139847139020863,1349,0,0.484431528740136,0.586004877667603,0.06983469125071817,Normal,0.14361410018896983,0.6286188533366603,0.3043762495620413,0.7475607354722463,0.6797343855798199,0.4746994293929399,0.3099855021386529,0.18662085360960967,0.6056326030235423,0.37394570558606216,0.23253523961179653,0.1727951010656402,0.6088327054797623,0.22489360791611604,0.04950127894254588,2026-09-20T03:45:12Z
824953,666139,Josh Lowe,LAA,ATH,0,4,projected,TBD,Sutter Health Park,2026-09-23T01:40:00Z,4.319891914362919,1841,0,0.48552388860361523,0.586004877667603,-0.3762947680949348,Normal,0.13656067469041883,0.6507724780720839,0.319028186418054,0.7508637192243676,0.6831808499661526,0.4799043223438783,0.3156917684511667,0.19187758488686757,0.6259348711219503,0.39422671397568493,0.24267479268560394,0.17426474116567128,0.6293985236696509,0.24672521213765577,0.05953677736957934,2026-09-20T03:45:12Z
824953,669127,Shea Langeliers,ATH,LAA,1,5,projected,TBD,Sutter Health Park,2026-09-23T01:40:00Z,4.019521717911176,2131,0,0.4690675060335086,0.586004877667603,-0.20760875628157444,Normal,0.1851816044394184,0.637576797593865,0.2838430096726561,0.6695427888023052,0.6916474866218413,0.4873870207214797,0.32088080468774166,0.19478612410248178,0.6139085316336633,0.4006071676816173,0.26662375819484807,0.2114330648612337,0.6172037540968603,0.23197121468477022,0.05174115395132846,2026-09-20T03:45:12Z
824953,624428,Adam Frazier,LAA,ATH,0,5,projected,TBD,Sutter Health Park,2026-09-23T01:40:00Z,4.190453686200378,1956,0,0.4402739198163502,0.586004877667603,-1.7130064492159154,Normal,0.08809857340545739,0.6506406071545102,0.3015931951759069,0.5782393393800618,0.6558516669074755,0.4501779583565217,0.2894176620037004,0.17147780774546495,0.6258420463484187,0.3630586735542221,0.20081215069173955,0.12701883248360915,0.6292990632951644,0.24575839973792887,0.05857145189555755,2026-09-20T03:45:12Z
824953,643446,Jeff McNeil,ATH,LAA,1,6,projected,TBD,Sutter Health Park,2026-09-23T01:40:00Z,3.8890302876049887,2662,0,0.42091404116743186,0.586004877667603,0.04340044371600292,Normal,0.09576646515271221,0.6624692482580764,0.285248120421185,0.38470273049811293,0.6592688837488917,0.4520370744337458,0.28973137330175386,0.17076610641148846,0.636799890034086,0.3767986354227947,0.2107659967479569,0.13515146051828164,0.6403758327608797,0.2536614125595129,0.05977092534009505,2026-09-20T03:45:12Z
824953,687093,Vaughn Grissom,LAA,ATH,0,6,projected,TBD,Sutter Health Park,2026-09-23T01:40:00Z,4.056710289966641,786,0,0.39945535822904826,0.586004877667603,-0.7220899596581732,Normal,0.09094658617795583,0.6221233746669448,0.28359934998564834,0.6027215981995424,0.6355799972631188,0.42922845483843636,0.2715947381126142,0.15809417124494488,0.5995847664405893,0.3416463771681662,0.18677108469078144,0.1219363402463416,0.6027229213729466,0.2205512086448993,0.04852177769911235,2026-09-20T03:45:12Z
824953,641680,Jonah Heim,ATH,LAA,1,7,projected,TBD,Sutter Health Park,2026-09-23T01:40:00Z,3.7439381827871037,2244,0,0.36837378034374146,0.586004877667603,-1.6346622869930392,Normal,0.10356994081356598,0.5748791595065733,0.26124963426801423,0.5156235170643785,0.6135240431431753,0.40552026932589263,0.25085817325150933,0.1421555625611495,0.5559952423810686,0.31118543900329043,0.17380111366223167,0.12378585572551408,0.5586189099585501,0.18043353842102763,0.033283537094195396,2026-09-20T03:45:12Z
824953,642350,Jose Siri,LAA,ATH,0,7,projected,TBD,Sutter Health Park,2026-09-23T01:40:00Z,3.9121475054229937,1400,0,0.4538266718036683,0.586004877667603,0.26386480331763834,Normal,0.13414837990802442,0.5715473685219281,0.247649291209267,0.8387665954901267,0.6407715101166829,0.4339668468971617,0.2752109978788687,0.16052449639028235,0.5527736531215404,0.3314489934652745,0.20445063010628983,0.15569331372724987,0.5553833078802166,0.18010417025659375,0.034226127159322266,2026-09-20T03:45:12Z
824953,691777,Max Muncy,ATH,LAA,1,8,projected,TBD,Sutter Health Park,2026-09-23T01:40:00Z,3.5835015863859243,504,0,0.396129648606136,0.586004877667603,0.6288721007655831,Normal,0.11402268914760999,0.5752771199470647,0.25646037679237604,0.7240381242137304,0.6198685056711567,0.4106833820479555,0.2543859182516025,0.14424677070988284,0.5564601216330256,0.3134601280700393,0.18384637397897788,0.1343458935392556,0.5590737183773645,0.17925855548809919,0.03227841788268173,2026-09-20T03:45:12Z
824953,672724,Oswald Peraza,LAA,ATH,0,8,projected,TBD,Sutter Health Park,2026-09-23T01:40:00Z,3.7734994337485843,887,0,0.3597075979358812,0.586004877667603,-0.4868550004619999,Normal,0.07620206567311731,0.5567120691472482,0.26057971128343577,0.7460891281363682,0.5849295347399994,0.3792887179572661,0.23061171141510295,0.12830975435649264,0.5390121060121164,0.28448683020980864,0.14865001190905433,0.09753818605253152,0.541471340664101,0.16876340321393157,0.030465005407387315,2026-09-20T03:45:12Z
824953,675961,Alika Williams,ATH,LAA,1,9,projected,TBD,Sutter Health Park,2026-09-23T01:40:00Z,3.4076134699853586,425,0,0.39022331913365677,0.586004877667603,0.0992422710642705,Normal,0.06804308823749848,0.5644911752995152,0.2212084565908235,0.5701893420500752,0.5913882505431611,0.3825726716537791,0.23144081841520323,0.12772241063120446,0.5465286151310232,0.30311069777146155,0.15542108087491652,0.09610446306882461,0.5490223261566936,0.1700267582146699,0.028914794218585876,2026-09-20T03:45:12Z
824953,623168,Tyler Heineman,LAA,ATH,0,9,projected,TBD,Sutter Health Park,2026-09-23T01:40:00Z,3.6080709263222257,602,0,0.4098959500246955,0.586004877667603,-1.2212092941423016,Normal,0.0707928492830506,0.5617824756626254,0.2754657596964395,0.43826379525502523,0.5895546215467682,0.38299429396052764,0.23317310456264206,0.12987803661643055,0.5437991574780281,0.2859018511298155,0.14838353077875796,0.09431713675979646,0.5462976196693171,0.1714416206259153,0.030939889294023984,2026-09-20T03:45:12Z
