game_pk,player_id,name,team,opponent,is_home,lineup_slot,lineup_status,opposing_pitcher,venue_name,start_time_utc,expected_pa,batter_pa_seen,pitcher_pa_seen,exp_runs,starter_share,form_z,form_state,prob_hr,prob_hit,prob_walk,prob_k,prob_hrr_over_0.5,prob_hrr_over_1.5,prob_hrr_over_2.5,prob_hrr_over_3.5,prob_tb_over_0.5,prob_tb_over_1.5,prob_tb_over_2.5,prob_tb_over_3.5,prob_hits_over_0.5,prob_hits_over_1.5,prob_hits_over_2.5,predicted_at_utc
822680,695578,James Wood,WSH,PHI,1,1,confirmed,Zack Wheeler,Nationals Park,2026-09-16T22:45:00Z,4.432967032967033,1606,3340,0.6709234476281326,0.6787307305939471,-0.1945514487516063,Normal,0.1754755776184685,0.6453649853540893,0.495540874735046,0.8269946668835172,0.7216773877137391,0.525649013509712,0.3593345034063677,0.2275669089359207,0.6211263402214489,0.4043508471541437,0.2650755000883751,0.2057991243061616,0.6239069700050024,0.24288629758384,0.0586237391250114,2026-09-16T21:25:07Z
822680,656941,Kyle Schwarber,PHI,WSH,0,1,confirmed,Jared Simpson,Nationals Park,2026-09-16T22:45:00Z,4.608220376038478,3455,14,0.7043022428463126,0.6336186298060925,-0.3080636837863762,Normal,0.2661293937751952,0.618162408265008,0.5043458839236443,0.805375094594022,0.7367622115108616,0.5448214388655184,0.3785027081725141,0.2442236761509184,0.5959605411617415,0.412465693361757,0.3132802065606426,0.2777370038407405,0.5985061692451774,0.2208673222576604,0.0508367643214642,2026-09-16T21:25:07Z
822680,695734,Daylen Lile,WSH,PHI,1,2,confirmed,Zack Wheeler,Nationals Park,2026-09-16T22:45:00Z,4.323413111342352,966,3340,0.5587003328119107,0.6818970259494962,-0.5193319079100781,Normal,0.1339203541390211,0.6590861070073802,0.2901439852677675,0.6671911316287208,0.7012858336857777,0.5014318559844541,0.3364221339178525,0.2086318904273798,0.6337804019123123,0.3997894805025215,0.2575653936277557,0.1817297003632758,0.6366841144608769,0.2544605692899636,0.0627964154259577,2026-09-16T21:25:07Z
822680,607208,Trea Turner,PHI,WSH,0,2,confirmed,Jared Simpson,Nationals Park,2026-09-16T22:45:00Z,4.5235368956743,3226,14,0.6390236690785602,0.6297762336962742,0.3577362392117273,Normal,0.1313896986967617,0.6968544390675185,0.3398364511092807,0.6190372815203573,0.7337946866119208,0.5406576174654479,0.3740427414494433,0.2401273490203201,0.6683574852452109,0.4209888734227153,0.2584642044006445,0.178601830855018,0.6716370059733013,0.2935031621533778,0.0819468322515364,2026-09-16T21:25:07Z
822680,694673,Abimelec Ortiz,WSH,PHI,1,3,confirmed,Zack Wheeler,Nationals Park,2026-09-16T22:45:00Z,4.225470957613815,120,3340,0.4746585797767148,0.6792046257710872,-1.6112875731395029,Normal,0.1407496390423991,0.6252321078023634,0.2785979541226365,0.7553266211824815,0.6745889893840452,0.4711230011921254,0.3087581817833916,0.1864974250921257,0.602652686123682,0.3673084983184883,0.2266489729567847,0.168375234818935,0.6052389984844732,0.2232064523659509,0.049599410580867,2026-09-16T21:25:07Z
822680,547180,Bryce Harper,PHI,WSH,0,3,confirmed,Jared Simpson,Nationals Park,2026-09-16T22:45:00Z,4.408090422367638,2826,14,0.5873660658700182,0.6247826375522665,-0.4186814721866942,Normal,0.1469442121976865,0.6679986465468498,0.5017485356198343,0.66132628342748,0.7226226197152156,0.5269310544312732,0.3606502443590503,0.2287254280780986,0.6419235659846825,0.4175751090740886,0.2590188231806549,0.1878192783485073,0.6449182980546976,0.2641119602662848,0.06777264218096,2026-09-16T21:25:07Z
822680,682928,CJ Abrams,WSH,PHI,1,4,confirmed,Zack Wheeler,Nationals Park,2026-09-16T22:45:00Z,4.139465191332411,2766,3340,0.4723930056432384,0.6672059377990877,-1.465475003231479,Normal,0.1301129475972876,0.6263463811784366,0.318747355290254,0.7362352507253982,0.6766555147027641,0.4727007630997152,0.3096530433684048,0.186821575003396,0.6037270527604389,0.372000425092939,0.2297418297538102,0.1648555211533542,0.6063171549748837,0.2231351480146115,0.0489757873256294,2026-09-16T21:25:07Z
822680,650333,Luis Arraez,PHI,WSH,0,4,confirmed,Jared Simpson,Nationals Park,2026-09-16T22:45:00Z,4.328313253012047,3188,14,0.4365058418606565,0.6089442055080851,0.4863883782663075,Normal,0.0698031232798207,0.7394879060737557,0.2483872430838515,0.3435265621117422,0.7095437716613411,0.5109998335877137,0.345322388000172,0.2158884973329158,0.7072678546033369,0.4309603845961077,0.2370834514703613,0.1343114751710158,0.710983785190681,0.3383621361678487,0.1035079915074123,2026-09-16T21:25:07Z
822680,677588,José Tena,WSH,PHI,1,5,confirmed,Zack Wheeler,Nationals Park,2026-09-16T22:45:00Z,4.014985590778098,651,3340,0.4332187906375217,0.6550637900921676,-1.6433982910510136,Normal,0.0907088585900915,0.6068338363488796,0.3373522944467582,0.7670220499664693,0.6460265902386221,0.4399000870898945,0.2810457590289041,0.1648552497674825,0.5857326595551781,0.3369201137321235,0.187080662168645,0.1228025035956344,0.5881467782775956,0.2062164067419399,0.0423833349647983,2026-09-16T21:25:07Z
822680,664761,Alec Bohm,PHI,WSH,0,5,confirmed,Jared Simpson,Nationals Park,2026-09-16T22:45:00Z,4.198426082068578,2935,14,0.4777613569083679,0.5930750563165635,0.0574684507743362,Normal,0.1059711074911912,0.6716288230590479,0.3412922823606876,0.482135124219176,0.6940195461000533,0.4926867154403184,0.3281130139875931,0.2017587172246702,0.6453303568817167,0.3881893307836367,0.2226101010683646,0.1465401581932715,0.6483489309169312,0.2654509320363861,0.0670246779850608,2026-09-16T21:25:07Z
822680,678391,Jorbit Vivas,WSH,PHI,1,6,confirmed,Zack Wheeler,Nationals Park,2026-09-16T22:45:00Z,3.8834375,403,3340,0.4130695271628266,0.6458717335347379,-0.1178759805749316,Normal,0.0792877927040303,0.5790853386706849,0.4031267362978672,0.5457835746694826,0.6245109356327746,0.4180072251902241,0.2626603228550935,0.1511969677146925,0.5600144356381842,0.3074216888691982,0.1624628833467972,0.1051076067175955,0.5621944054259186,0.1844342731764402,0.0349217671444347,2026-09-16T21:25:07Z
822680,681082,Bryson Stott,PHI,WSH,0,6,confirmed,Jared Simpson,Nationals Park,2026-09-16T22:45:00Z,4.054608585858586,2799,14,0.4429566840384928,0.5835631648469455,-1.2024616832888002,Normal,0.081615947945193,0.6205045050728121,0.3421254075534021,0.5326012308764784,0.6557878681483895,0.4512479563402916,0.2915727897894161,0.1733881388739396,0.5982755395055276,0.3374998991626022,0.1837930503670263,0.116034111921589,0.6008212480119546,0.2193522669916607,0.0481764271122554,2026-09-16T21:25:07Z
822680,686611,Dylan Crews,WSH,PHI,1,7,confirmed,Zack Wheeler,Nationals Park,2026-09-16T22:45:00Z,3.7334200260078014,855,3340,0.3539445342963644,0.6293138430577383,0.2327348695327278,Normal,0.0803360507955977,0.5351298279760451,0.2319830562556448,0.7368590344715866,0.5949431790895968,0.3888684353612582,0.2387871817119843,0.1338619306962848,0.5190812413345401,0.2776725288002182,0.14883868310912,0.1005276976929736,0.5209137870013592,0.1528911832312847,0.025266687712603,2026-09-16T21:25:07Z
822680,592663,J.T. Realmuto,PHI,WSH,0,7,confirmed,Jared Simpson,Nationals Park,2026-09-16T22:45:00Z,3.926315789473685,2494,14,0.4646154039560596,0.564589773265552,-0.1031378099110032,Normal,0.1144864836134215,0.6077816694080194,0.3486385273817244,0.5944714187725096,0.6599935539149754,0.4552306397999375,0.2947279017366638,0.1756026140746538,0.5865489547759448,0.3456498258778864,0.2032851919849377,0.1435100112516276,0.5889792551455487,0.208284026379948,0.0438964881058546,2026-09-16T21:25:07Z
822680,660688,Keibert Ruiz,WSH,PHI,1,8,confirmed,Zack Wheeler,Nationals Park,2026-09-16T22:45:00Z,3.579333089043605,2080,3340,0.3764310303399961,0.6216231986442105,1.631990338828612,Normal,0.089322822892721,0.5950966610279464,0.2244831472897272,0.4045092431520934,0.620942057528721,0.4132557106013702,0.2580206842861444,0.1473470533304914,0.5749978208174235,0.3186689854353404,0.1687986673284472,0.1125892665063032,0.5772953446299047,0.1947009718572411,0.0374503445380174,2026-09-16T21:25:07Z
822680,669016,Brandon Marsh,PHI,WSH,0,8,confirmed,Jared Simpson,Nationals Park,2026-09-16T22:45:00Z,3.7588298251872994,2370,14,0.4272445185397435,0.5597021505242497,-0.8269494893997203,Normal,0.0898094993228982,0.6033045125860598,0.2662988220924589,0.6622942671929704,0.6416234125436562,0.435561835877418,0.277597452890219,0.1624714577885842,0.5824626404445697,0.3300611469493459,0.1850651427706734,0.1215820672583763,0.5848473731900492,0.2037339692069405,0.0418827549523134,2026-09-16T21:25:07Z
822680,683083,Nasim Nuñez,WSH,PHI,1,9,confirmed,Zack Wheeler,Nationals Park,2026-09-16T22:45:00Z,3.4116129032258065,639,3340,0.3461551022909119,0.6197499146527482,-1.4848424710632773,Normal,0.0515809107720919,0.4909701573510247,0.2439435109608918,0.6198012985956383,0.5470831047576407,0.3441494256734371,0.2035631966875874,0.1091740468774887,0.4777592184819987,0.2141969797119313,0.1023146191072115,0.0644589457593969,0.4792663278382956,0.123950850066545,0.0173466947708689,2026-09-16T21:25:07Z
822680,702222,Justin Crawford,PHI,WSH,0,9,confirmed,Jared Simpson,Nationals Park,2026-09-16T22:45:00Z,3.6029543419874654,432,14,0.4173652563817737,0.5586389013919975,0.2172311566629433,Normal,0.0625980340924031,0.5910754821075671,0.250240623282673,0.4809989639460101,0.6192478977822096,0.4125982584453116,0.2582178456691114,0.1480245761289219,0.5711874460905104,0.3063474429611657,0.1570766121034081,0.0933678797633014,0.5734618588246286,0.19324478104967,0.0379519201690199,2026-09-16T21:25:07Z
822763,703520,Brett Bateman,TOR,DET,1,1,confirmed,Keider Montero,Rogers Centre,2026-09-16T19:07:00Z,4.430336168489267,153,1394,0.6247182648187126,0.6502891264427545,0.7190264041868758,Normal,0.1258202869012194,0.7051984370347583,0.3713287571108877,0.5231347269110745,0.7247471003439737,0.5289968870638645,0.3620654106242902,0.2296010356355244,0.6756599778547077,0.4225994553674612,0.2561077763093035,0.1738943041845752,0.6797301773052783,0.3011349260684567,0.0847218655387514,2026-09-16T17:01:06Z
822763,805808,Kevin McGonigle,DET,TOR,0,1,confirmed,Max Scherzer,Rogers Centre,2026-09-16T19:07:00Z,4.60487117552335,658,2016,0.6842074006661019,0.5998815105963526,0.1008593078389212,Normal,0.1489546630738782,0.6758710448325664,0.4913204756545481,0.5231921485249336,0.7234875739415938,0.528609099992188,0.3626287763489774,0.2308111632137703,0.6488000938404513,0.4077433141140074,0.2581797982559546,0.1878985465759016,0.6525268640148726,0.2731814425502691,0.0728473648103826,2026-09-16T17:01:06Z
822763,664770,Nathan Lukes,TOR,DET,1,2,confirmed,Keider Montero,Rogers Centre,2026-09-16T19:07:00Z,4.323697068403908,976,1394,0.5300603630276581,0.6480004652860197,1.0908299221244435,Normal,0.1303381589211895,0.6830122341453333,0.2928875423452461,0.4204619139393946,0.7023584287326468,0.5023906048688661,0.3368894479453552,0.2088146692223646,0.6554107882630072,0.402852282820096,0.245113265407586,0.1707965002179245,0.6592073669423495,0.2773547217765327,0.0726969049076943,2026-09-16T17:01:06Z
822763,701678,Hao-Yu Lee,DET,TOR,0,2,confirmed,Max Scherzer,Rogers Centre,2026-09-16T19:07:00Z,4.517768595041322,317,2016,0.4971330721360938,0.5872468706292425,-0.301288871759135,Normal,0.1241790941722389,0.66311732849302,0.2688316058659944,0.7844314262291368,0.6927099660493725,0.4925857181688207,0.3288691729007938,0.2031288015029168,0.6371348913038889,0.393967665557259,0.238336947204927,0.1654235836072014,0.6407080338018109,0.2599376574792781,0.066298881031701,2026-09-16T17:01:06Z
822763,665489,Vladimir Guerrero Jr.,TOR,DET,1,3,confirmed,Keider Montero,Rogers Centre,2026-09-16T19:07:00Z,4.226767200754005,3347,1394,0.4675953004892355,0.6388716535815012,-0.0589494967524656,Normal,0.114130846233624,0.6809538957055266,0.2843239765149137,0.4603585755672675,0.7026044609610449,0.5018717766973683,0.3358057179987188,0.2074869501009956,0.6535693349293578,0.3987440354540845,0.2294574722731966,0.1532358161694063,0.6573337440455006,0.2739743553230537,0.0702828316167657,2026-09-16T17:01:06Z
822763,690993,Colt Keith,DET,TOR,0,3,confirmed,Max Scherzer,Rogers Centre,2026-09-16T19:07:00Z,4.40785498489426,1439,2016,0.512704845620592,0.5760754231938112,-0.8357933483686019,Normal,0.131860632144752,0.6659189557988807,0.3533940066258563,0.6373405255881243,0.6928562952055222,0.4924175904230516,0.3284314723258482,0.2025519194308236,0.6397189393939512,0.3894753046408701,0.2399369987453928,0.1699042956351418,0.6433215386068244,0.262010955636098,0.0667611018768082,2026-09-16T17:01:06Z
822763,543807,George Springer,TOR,DET,1,4,confirmed,Keider Montero,Rogers Centre,2026-09-16T19:07:00Z,4.13932680017043,2955,1394,0.4692941035027105,0.6225268418106984,1.853259413742027,Normal,0.1288376480371965,0.6561647998641744,0.3126731055580067,0.5251446442609068,0.6915286171148608,0.4887941855380869,0.323517669782656,0.1974152846065607,0.630891461259424,0.3793834031841493,0.228312488165892,0.1617263936165196,0.6343604446318846,0.2493534465097257,0.0590984421407903,2026-09-16T17:01:06Z
822763,682985,Riley Greene,DET,TOR,0,4,confirmed,Max Scherzer,Rogers Centre,2026-09-16T19:07:00Z,4.319030251019095,2622,2016,0.5357870392485959,0.5587785804446311,1.4446035475136438,Normal,0.1748583564626736,0.6683467786766139,0.3736872127569688,0.7495794632384861,0.7092045085130204,0.5102666651592933,0.34417466532139,0.2147195145983222,0.6419859800697744,0.4168882045640648,0.2758542588509564,0.2104090427797558,0.6456096130066137,0.26318052080997,0.066553852292221,2026-09-16T17:01:06Z
822763,672960,Kazuma Okamoto,TOR,DET,1,5,confirmed,Keider Montero,Rogers Centre,2026-09-16T19:07:00Z,4.021573270192055,596,1394,0.4897072588484611,0.6042767598713122,0.909041350775472,Normal,0.1805728339164948,0.6218902017159339,0.2947763412277389,0.6968665913066128,0.6889198831820601,0.485479718457829,0.3202106396058111,0.1945545699718653,0.5993814984155724,0.3788862868809756,0.2503460425316276,0.2010903127473324,0.6024664856111195,0.218630172737637,0.0468048592012518,2026-09-16T17:01:06Z
822763,693307,Dillon Dingler,DET,TOR,0,5,confirmed,Max Scherzer,Rogers Centre,2026-09-16T19:07:00Z,4.201328564128769,1131,2016,0.4232486415126215,0.53916195780325,-2.091482941322341,Cold,0.1345668957805122,0.630691872589123,0.2223124551727275,0.7694614743452468,0.667275790462513,0.4631972468275911,0.3015875375914219,0.1809380464185937,0.6074169128361041,0.3703188436084435,0.2277320510216688,0.1657644781464428,0.6106101667484145,0.2280462628340199,0.0515735236986972,2026-09-16T17:01:06Z
822763,669701,Josh Smith,TOR,DET,1,6,confirmed,Keider Montero,Rogers Centre,2026-09-16T19:07:00Z,3.882703777335984,1855,1394,0.4380112453576842,0.5939678045475748,-1.2431033034919432,Normal,0.1085522411423329,0.5985579249906315,0.3896714892621801,0.4907127797496583,0.6341447274092291,0.4274142199997901,0.2700577842575388,0.1564604939121442,0.5778443527103662,0.3265441061520079,0.1870468358939461,0.1321505957901572,0.5806809107145304,0.1992324510056161,0.0397100258137318,2026-09-16T17:01:06Z
822763,703601,Max Clark,DET,TOR,0,6,confirmed,Max Scherzer,Rogers Centre,2026-09-16T19:07:00Z,4.0540775014459225,163,2016,0.4775062640811208,0.5307058139923517,1.6881981774554935,Normal,0.1207249423508722,0.634407320509996,0.3386154741765769,0.6082236613548613,0.6680785347739763,0.4639912149794665,0.3021794287346172,0.1812895996885916,0.6108348366377213,0.3730730977631762,0.2254456947004934,0.1576722030932972,0.614068825855648,0.2311001152408781,0.0525338804227933,2026-09-16T17:01:06Z
822763,676391,Ernie Clement,TOR,DET,1,7,confirmed,Keider Montero,Rogers Centre,2026-09-16T19:07:00Z,3.7333138173302105,1858,1394,0.3984257443197109,0.5793975470326106,-0.9796140364326444,Normal,0.0721774488878716,0.6323608016128458,0.1751210907131146,0.351253035004381,0.6417095240830085,0.4344683590241047,0.2755696315469111,0.1602726850831984,0.6091078130927828,0.3411644134692195,0.1778960742842459,0.1069427829885144,0.612294478817563,0.2259966439216764,0.0487104225357104,2026-09-16T17:01:06Z
822763,679529,Spencer Torkelson,DET,TOR,0,7,confirmed,Max Scherzer,Rogers Centre,2026-09-16T19:07:00Z,3.9116513489475246,2689,2016,0.4272357377280867,0.516367720116821,0.5385815868070296,Normal,0.131441488235798,0.5685955629388812,0.3023496921245661,0.8181494219944413,0.6374521950022665,0.4315722834068314,0.2741470178626754,0.1599396426962578,0.5499748339706136,0.3324737065738965,0.2002008853567305,0.1524586316643339,0.5525240015125967,0.1779420473654642,0.0335559394953623,2026-09-16T17:01:06Z
822763,678218,Brandon Valenzuela,TOR,DET,1,8,confirmed,Keider Montero,Rogers Centre,2026-09-16T19:07:00Z,3.577972709551657,256,1394,0.4394842226254938,0.5745528617647315,-1.6316592393611664,Normal,0.1246636556486967,0.5731409895592818,0.3220010229966557,0.557022465437967,0.6315651968166105,0.4232267234162756,0.2655746396279832,0.1525043820119722,0.5544159325423319,0.3189830310042517,0.1905417191615484,0.1434399757530934,0.5569774776150741,0.1777845090645371,0.0318865383714272,2026-09-16T17:01:06Z
822763,814430,Brett Callahan,DET,TOR,0,8,confirmed,Max Scherzer,Rogers Centre,2026-09-16T19:07:00Z,3.760705289672544,58,2016,0.4466410358410609,0.5108762351975233,-1.2626480017146513,Normal,0.1236802221407702,0.5936277300012326,0.2966537689061324,0.7376382337892919,0.6414672818705027,0.4351430577808229,0.276840665915115,0.1617462463038985,0.5732636543987755,0.3386606027496293,0.2040568146373846,0.1491493351552307,0.5760529473586445,0.1960135062210217,0.0391807376973938,2026-09-16T17:01:06Z
822763,664702,Myles Straw,TOR,DET,1,9,confirmed,Keider Montero,Rogers Centre,2026-09-16T19:07:00Z,3.397685950413224,1720,1394,0.4070757320353728,0.5804346437763104,0.650622295969259,Normal,0.0527776311669928,0.5503535830599945,0.2288811212509985,0.4024476298440476,0.584586927628714,0.3772618334171713,0.2282415797704147,0.1256834512851962,0.5332953173705001,0.2698169473808489,0.1292428367921052,0.0753233485857906,0.5356272864843182,0.1604007156127116,0.0262937447119717,2026-09-16T17:01:06Z
822763,807726,John Peck,DET,TOR,0,9,confirmed,Max Scherzer,Rogers Centre,2026-09-16T19:07:00Z,3.581146408839779,46,2016,0.418146446129484,0.5168325584835184,0.4339158071476438,Normal,0.0894407686808715,0.5657938846784972,0.2829948458423567,0.6315567287268621,0.6183469129404764,0.4113775072954381,0.2567499103184383,0.1467487017417912,0.5474801857584768,0.3002432974543911,0.1641857023186202,0.1119478430721612,0.5499863343467776,0.174282248994556,0.0317835847309225,2026-09-16T17:01:06Z
822846,679822,Justin Foscue,TEX,BOS,1,1,confirmed,Jake Bennett,Globe Life Field,2026-09-17T00:05:00Z,4.433489827856025,283,418,0.5657390825001524,0.6716901499167451,1.2055575576889253,Normal,0.16261803857540602,0.681256762677357,0.26746503174326686,0.6819105038968675,0.7077182645555379,0.5091417547026945,0.3440052379463082,0.21509266815696057,0.6544375232316406,0.4248176005867375,0.27301832843188484,0.20229887339736935,0.6576150146862327,0.2766340852065642,0.07311140961718404,2026-09-16T23:04:00Z
822846,701350,Roman Anthony,BOS,TEX,0,1,confirmed,MacKenzie Gore,Globe Life Field,2026-09-17T00:05:00Z,4.604505911220166,504,3005,0.6516576279477783,0.6415500200919324,-0.8171127432211076,Normal,0.09755871857081154,0.6866607848660046,0.48936935399979886,0.803616785261013,0.7165266530636533,0.5204414995551668,0.35537083081935417,0.22501984347300807,0.6593500746156311,0.4082416187496433,0.23711575208051572,0.15132769728927137,0.6625894007985729,0.28390476844203727,0.07780293991934589,2026-09-16T23:04:00Z
822846,608369,Corey Seager,TEX,BOS,1,2,confirmed,Jake Bennett,Globe Life Field,2026-09-17T00:05:00Z,4.32332707942464,2565,418,0.5128515393642658,0.6742113477136744,0.9562593867738529,Normal,0.151037840772048,0.6494863274982917,0.2958222550922769,0.6024038318071847,0.7066329585152443,0.5073160138905901,0.3418438920592065,0.21297008290835942,0.6252628155289949,0.39081868623910715,0.24198184795029876,0.1804814358308967,0.6281272356699245,0.24552354049958772,0.05895722560024327,2026-09-16T23:04:00Z
822846,663330,Jahmai Jones,BOS,TEX,0,2,confirmed,MacKenzie Gore,Globe Life Field,2026-09-17T00:05:00Z,4.523525654673196,367,3005,0.5986868921420441,0.6384732212759355,-0.21552882356630162,Normal,0.14460776882555984,0.6700648880465246,0.433449564281187,0.8084566892535434,0.7139972757028743,0.5169611538888105,0.35171171497089043,0.2217156302034496,0.6441394105876431,0.41343663853837637,0.2607704290335105,0.18777735833932993,0.6472105052158588,0.26666800303816146,0.06931996867261031,2026-09-16T23:04:00Z
822846,673962,Josh Jung,TEX,BOS,1,3,confirmed,Jake Bennett,Globe Life Field,2026-09-17T00:05:00Z,4.22611778609415,1725,418,0.5006769502928955,0.6698379978990137,0.6894758811763765,Normal,0.12560991283805947,0.6975693100498072,0.24688239398357775,0.5955639383644248,0.7112202799850377,0.5118152846483296,0.34537042493887604,0.21533323530773973,0.6694340793154072,0.4177279302037296,0.25012627060138376,0.17007656772752514,0.672767107138356,0.2907649708662487,0.07793437240835337,2026-09-16T23:04:00Z
822846,677800,Wilyer Abreu,BOS,TEX,0,3,confirmed,MacKenzie Gore,Globe Life Field,2026-09-17T00:05:00Z,4.407155706576054,1589,3005,0.5306429565264759,0.6352350552613287,0.26593043434584324,Normal,0.12010614635444147,0.6630878481156195,0.3943985596353441,0.6938221544544877,0.7057375185811613,0.5070400037679417,0.34217853464174447,0.21369333303974725,0.6377384136093629,0.4086472441239715,0.24455956071542567,0.16747899921299686,0.6407391657845979,0.2593113373753636,0.0655268816883132,2026-09-16T23:04:00Z
822846,669394,Jake Burger,TEX,BOS,1,4,confirmed,Jake Bennett,Globe Life Field,2026-09-17T00:05:00Z,4.140399814039982,2252,418,0.48481718859440065,0.6566676023295749,-1.0705889755632525,Normal,0.18878139415011339,0.651132845369568,0.26324631444957014,0.6594718364535136,0.7032429372425255,0.5019811075299521,0.3358332335397817,0.2072933765106732,0.6268661380162579,0.4046684402524739,0.26897628584658356,0.2137152931025932,0.6297335185775097,0.24471477854861617,0.05719341998932944,2026-09-16T23:04:00Z
822846,575929,Willson Contreras,BOS,TEX,0,4,confirmed,MacKenzie Gore,Globe Life Field,2026-09-17T00:05:00Z,4.326644890340644,2428,3005,0.5515665938663478,0.6205166842715059,-0.5935431353727122,Normal,0.16289566648475012,0.6561359015297327,0.5179517837267268,0.7373021212194436,0.7114788637805255,0.5129933976756403,0.34718334491070835,0.21737469951767957,0.6313837666765538,0.40752563132319236,0.2603123798368377,0.19644071318313422,0.634311921635384,0.25181720680216707,0.06176128168020242,2026-09-16T23:04:00Z
822846,607043,Brandon Nimmo,TEX,BOS,1,5,confirmed,Jake Bennett,Globe Life Field,2026-09-17T00:05:00Z,4.0168751818446315,3284,418,0.38193023201924853,0.6425531465515582,0.017434140900098805,Normal,0.08518870785164795,0.6117104422854224,0.2798087835851438,0.6339248937145173,0.6470201397372533,0.4407608254755839,0.2818508435438818,0.16546632357490917,0.5905124835280133,0.3368385179382886,0.1858141051821564,0.11917518281713685,0.5930132456048233,0.21003070597717782,0.04363325869527427,2026-09-16T23:04:00Z
822846,668939,Adley Rutschman,BOS,TEX,0,5,confirmed,MacKenzie Gore,Globe Life Field,2026-09-17T00:05:00Z,4.196332863187588,2535,3005,0.46424196822325003,0.6060396098258624,-0.5821379431395551,Normal,0.11781692377667341,0.6340753009081941,0.3953284967123744,0.5667563934946562,0.6726710671088879,0.4690778350117702,0.3072136337879619,0.18546358497406243,0.611093035781927,0.370997545254898,0.2171178122839169,0.15145172039876323,0.6138084058189802,0.2310302671522893,0.05276438379550106,2026-09-16T23:04:00Z
822846,694671,Wyatt Langford,TEX,BOS,1,6,confirmed,Jake Bennett,Globe Life Field,2026-09-17T00:05:00Z,3.8734137055837565,1555,418,0.4747506082009403,0.6343913901534706,-2.2679288082828384,Cold,0.1339640061430209,0.6136677820113857,0.359467087193676,0.5526685848704997,0.6702327951581153,0.4648048308221628,0.3022067189246796,0.1806394026159056,0.5923405956877262,0.3591333230288576,0.21956949947378543,0.16156810424752316,0.594856318135767,0.21120800097943512,0.04377666209005667,2026-09-16T23:04:00Z
822846,702332,Caleb Durbin,BOS,TEX,0,6,confirmed,MacKenzie Gore,Globe Life Field,2026-09-17T00:05:00Z,4.0531710442024345,1052,3005,0.47872964322572115,0.5967724111027776,0.2625886227913605,Normal,0.1006291194829734,0.6297982434094691,0.39420912791032137,0.49345025067382753,0.668898089735088,0.46491933946190017,0.3034443731613101,0.18243221208103919,0.6071427513971445,0.35326249461183634,0.1973880623956526,0.13207086962723127,0.6098185784443262,0.22709365680730054,0.050981714811675446,2026-09-16T23:04:00Z
822846,677649,Ezequiel Duran,TEX,BOS,1,7,confirmed,Jake Bennett,Globe Life Field,2026-09-17T00:05:00Z,3.731739707835325,1716,418,0.4052485376356185,0.6167274550224756,0.07976371912033188,Normal,0.10122458221462105,0.637441044759675,0.22547421159610384,0.5651937877369352,0.6558031102830331,0.4488531251144651,0.2880275190587025,0.16959494189438712,0.614358190771094,0.3591079371043179,0.2026086687707999,0.13467257486318068,0.6170821018283926,0.23006370796085912,0.050010827889466286,2026-09-16T23:04:00Z
822846,596115,Trevor Story,BOS,TEX,0,7,confirmed,MacKenzie Gore,Globe Life Field,2026-09-17T00:05:00Z,3.9251299826689774,1557,3005,0.4426878080486884,0.5772015126070249,-0.24167982023904447,Normal,0.11222414942585661,0.6351398660125902,0.24885381839571735,0.7676407400144727,0.6711556456146248,0.466850298726107,0.3048258920055384,0.18329343697579167,0.612114239895568,0.36737049588429654,0.20955456347992477,0.14418392790083695,0.6148338885603996,0.23099439549218084,0.0521663085944218,2026-09-16T23:04:00Z
822846,553869,Elias Díaz,TEX,BOS,1,8,confirmed,Jake Bennett,Globe Life Field,2026-09-17T00:05:00Z,3.576617480136209,1762,418,0.35459454797104717,0.6098166240983455,-0.3369456555304269,Normal,0.09979439584038774,0.5937058393906722,0.1881038841101744,0.564274329206245,0.6165290534404247,0.4087427725906923,0.25440287957761865,0.14472576281234273,0.5739634749360354,0.3245794413142029,0.17945132894066518,0.1237311842714933,0.576290110840785,0.1933892565829772,0.03688740423864823,2026-09-16T23:04:00Z
822846,643396,Isiah Kiner-Falefa,BOS,TEX,0,8,confirmed,MacKenzie Gore,Globe Life Field,2026-09-17T00:05:00Z,3.748177842565598,2002,3005,0.43447037148654216,0.5731838376633492,0.5920390694621471,Normal,0.07096576087028568,0.6267372588477755,0.26278103090266786,0.4881460888202435,0.6386936870165896,0.4324451132794731,0.2750747129828089,0.1606166067494084,0.6044079853397959,0.32463889381234423,0.1669596265888428,0.10100649768766021,0.6070440029231015,0.22283269435410943,0.048633896892794924,2026-09-16T23:04:00Z
822846,643376,Danny Jansen,TEX,BOS,1,9,confirmed,Jake Bennett,Globe Life Field,2026-09-17T00:05:00Z,3.4280408542246983,1401,418,0.42959154275423483,0.6061435070426545,0.611015594590283,Normal,0.13247361774634256,0.5374560147554445,0.30524466565689057,0.5307787009543442,0.6190890202646783,0.41031201638014053,0.255082396430587,0.14481831244443122,0.5216030058181498,0.30553016919753273,0.18575998758023024,0.14685467838876035,0.5234688816862817,0.15230531407940548,0.02433007109440199,2026-09-16T23:04:00Z
822846,681987,Nate Eaton,BOS,TEX,0,9,confirmed,MacKenzie Gore,Globe Life Field,2026-09-17T00:05:00Z,3.608993157380254,313,3005,0.443476686618529,0.5681764683964473,-1.1714486533392199,Normal,0.08022529280405725,0.5733953804371315,0.30796771344711354,0.667428777314378,0.6175448849364209,0.41079025340446645,0.2568346134137135,0.14703980047138349,0.5549929466265036,0.30220639945699157,0.1636800307144361,0.10659767425917337,0.5571618612630602,0.17991520004339037,0.03362740601631271,2026-09-16T23:04:00Z
822926,650490,Yandy Díaz,TB,ATH,1,1,confirmed,Brady Basso,Tropicana Field,2026-09-16T22:40:00Z,4.432967032967033,3076,311,0.5746997185056784,0.5809975808800952,-1.4631811468042295,Normal,0.1243122833937121,0.7569743876017286,0.3348320235176173,0.4384275519612718,0.7422571416171344,0.5504488438246812,0.3829845188770509,0.2472047889006592,0.7231578135142434,0.4707865904843293,0.2843066833407701,0.1855784001231653,0.7270655715065382,0.3601098324675433,0.1164415242809206,2026-09-16T21:25:07Z
822926,703607,Henry Bolte,ATH,TB,0,1,confirmed,Nick Martinez,Tropicana Field,2026-09-16T22:40:00Z,4.608220376038478,424,2825,0.5593818797898578,0.6541963604803989,-0.0973379704677703,Normal,0.100941087328817,0.6871077762809973,0.3474149079259663,0.7372843915509582,0.7011937635964794,0.5029952948526044,0.3391920088080292,0.211898431797554,0.6594103802348484,0.3951293540922019,0.2263090643916893,0.1458685456449876,0.6625971528061775,0.284471629167195,0.078246439497072,2026-09-16T21:25:07Z
822926,668723,Ryan Vilade,TB,ATH,1,2,confirmed,Brady Basso,Tropicana Field,2026-09-16T22:40:00Z,4.323413111342352,306,311,0.5310380854029967,0.5552347143509995,-0.1726817610102809,Normal,0.1415605496519445,0.6843412324957899,0.3194778658709162,0.6091138587926124,0.7073106165737444,0.5083101944503617,0.3427153364759747,0.2136706312947305,0.656942950115912,0.410597764452889,0.2557061752009001,0.1821869205722228,0.6600907108104556,0.2787888575739174,0.0734874109084949,2026-09-16T21:25:07Z
822926,643446,Jeff McNeil,ATH,TB,0,2,confirmed,Nick Martinez,Tropicana Field,2026-09-16T22:40:00Z,4.5235368956743,2652,2825,0.4968792034466199,0.6530996669156413,0.6795323073730233,Normal,0.1021295070054534,0.6950899244551436,0.2756657863254411,0.4477571527091916,0.6918290773717615,0.4919072298544017,0.3286969397283105,0.203203619647301,0.6667431333103169,0.4111449607111179,0.2382717740800478,0.1530541194656135,0.6700050054650197,0.291681558557848,0.0810665243787291,2026-09-16T21:25:07Z
822926,691406,Junior Caminero,TB,ATH,1,3,confirmed,Brady Basso,Tropicana Field,2026-09-16T22:40:00Z,4.225470957613815,1521,311,0.5644820970067372,0.5403266895000762,-0.4350325914914334,Normal,0.2163641856592396,0.7056991665343338,0.2996895651272572,0.5045663097644615,0.7441613894563918,0.5513724081447802,0.3826477283482291,0.2459123464454416,0.6764981980530059,0.4520934890124708,0.3099505918822525,0.2467434898311285,0.6798552010560976,0.299334200937441,0.0821625948358447,2026-09-16T21:25:07Z
822926,669127,Shea Langeliers,ATH,TB,0,3,confirmed,Nick Martinez,Tropicana Field,2026-09-16T22:40:00Z,4.408090422367638,2123,2825,0.4652581091339001,0.652718158608581,-0.3803837592957761,Normal,0.1633285939008258,0.6539918367396657,0.2500628589751622,0.6798435532838605,0.698041245731831,0.4985165423449442,0.3343573367547405,0.2074366524579363,0.6290541400784565,0.4079440083013809,0.2624630233147867,0.1981502916421092,0.6319162805046625,0.2509640677979801,0.0620986773277464,2026-09-16T21:25:07Z
822926,676356,Jonny DeLuca,TB,ATH,1,4,confirmed,Brady Basso,Tropicana Field,2026-09-16T22:40:00Z,4.139465191332411,791,311,0.418396792710592,0.5240869293606626,0.6594780432844591,Normal,0.0965218926346069,0.6880529648153554,0.2384067192590066,0.5165695790649337,0.6795413552925892,0.4758336399082387,0.3124066867996256,0.1889468345459663,0.6604073145272485,0.4031907213495785,0.2337172083221808,0.148228395919811,0.6635808811137205,0.2800110449275277,0.0723099808418201,2026-09-16T21:25:07Z
822926,671732,Lawrence Butler,ATH,TB,0,4,confirmed,Nick Martinez,Tropicana Field,2026-09-16T22:40:00Z,4.328313253012047,1702,2825,0.474249539230874,0.6399438303845442,-0.2516134135580721,Normal,0.1504883926132826,0.6370033279483439,0.3229929359384429,0.7123399609992619,0.6794521917119045,0.477263633906922,0.3148378605240888,0.1917222530445614,0.6134556778064719,0.3830048116036254,0.2407440149434991,0.1804399864007116,0.6161554789462944,0.2347332912540665,0.0549228459418213,2026-09-16T21:25:07Z
822926,802415,Chandler Simpson,TB,ATH,1,5,confirmed,Brady Basso,Tropicana Field,2026-09-16T22:40:00Z,4.014985590778098,1017,311,0.4144556685168198,0.5047636924841169,0.8286794572469838,Normal,0.0486437367093484,0.7031994704878508,0.1941010141371134,0.3452230548614614,0.6673861437620675,0.4622091161230592,0.3000947478395223,0.1791851635036445,0.6742590190872562,0.3767343720531993,0.1900880458969288,0.0990910678657721,0.6775822311691682,0.2944760383143297,0.0781428054629365,2026-09-16T21:25:07Z
822926,680869,Zack Gelof,ATH,TB,0,5,confirmed,Nick Martinez,Tropicana Field,2026-09-16T22:40:00Z,4.198426082068578,1337,2825,0.4530918604886653,0.6286511281183941,-0.3884490942041032,Normal,0.1186642093397543,0.6153728160862891,0.2538915269940682,0.7394236392661236,0.6623961886578236,0.4583031796527735,0.2977742106921692,0.1782181839865688,0.5935327326085901,0.3561040865125889,0.2108635173368885,0.1494302608751503,0.5960339036004906,0.2153122325454455,0.0469209199829201,2026-09-16T21:25:07Z
822926,663611,Nick Madrigal,TB,ATH,1,6,confirmed,Brady Basso,Tropicana Field,2026-09-16T22:40:00Z,3.8834375,676,311,0.3998762067721592,0.4975715550487942,0.3457481271832383,Normal,0.0633016537856541,0.6529564666560589,0.285719478699075,0.3265986555001316,0.6353550972821586,0.4288234107555824,0.2715933725750457,0.1577248285058428,0.6282761959766042,0.3495522690149819,0.1771292657440432,0.1007256813166563,0.6311033941464341,0.2451564478215261,0.0565476935906953,2026-09-16T21:25:07Z
822926,622268,Donovan Walton,ATH,TB,0,6,confirmed,Nick Martinez,Tropicana Field,2026-09-16T22:40:00Z,4.054608585858586,348,2825,0.4618305914949558,0.6210251140073453,0.8085301592693208,Normal,0.1127074250536428,0.6075039740448618,0.3608601112778428,0.5231825679087536,0.6465137606060194,0.4416311927061538,0.2833755888218108,0.1672162550864001,0.586254715910555,0.3548906195509174,0.2063268594584152,0.1444676787610895,0.5886871942332655,0.2086600030736513,0.0442798708220631,2026-09-16T21:25:07Z
822926,683748,Victor Mesa Jr.,TB,ATH,1,7,confirmed,Brady Basso,Tropicana Field,2026-09-16T22:40:00Z,3.7334200260078014,264,311,0.4237903233284341,0.4851345723883684,2.545715946552616,Hot,0.1176246952474795,0.6046552641233223,0.2803821151160801,0.5003891465268692,0.6533990937201161,0.4465494956029357,0.2860150077174865,0.1680929613408784,0.5837931721392121,0.3400577274391311,0.2032698489625248,0.1450433822620808,0.5861788121293062,0.2030502483322298,0.0405555235186933,2026-09-16T21:25:07Z
822926,695720,Tommy White,ATH,TB,0,7,confirmed,Nick Martinez,Tropicana Field,2026-09-16T22:40:00Z,3.926315789473685,167,2825,0.3631196591646333,0.6007709419439172,-0.9877384015768306,Normal,0.0790694942073642,0.616072671372851,0.1759048859711859,0.5034959230778527,0.6263742656731741,0.4208720172849576,0.2657625162356938,0.1540079008067935,0.5942175989253194,0.3296003766600963,0.1747763079492392,0.109833926609183,0.5967197856820607,0.2150479083615798,0.0463269799572146,2026-09-16T21:25:07Z
822926,622761,Jorge Mateo,TB,ATH,1,8,confirmed,Brady Basso,Tropicana Field,2026-09-16T22:40:00Z,3.579333089043605,1375,311,0.4414965805304457,0.4801327263400164,-2.03076776475514,Cold,0.0824882888491164,0.5797792249217898,0.225675623755443,0.5978376376514613,0.6217632072252818,0.414060007513986,0.2586746713194659,0.1478178290155758,0.5607789925452098,0.3209311177769207,0.1764033858996531,0.11398273447113,0.5629502006058175,0.1831652070929959,0.0338067447534407,2026-09-16T21:25:07Z
822926,666126,Carlos Cortes,ATH,TB,0,8,confirmed,Nick Martinez,Tropicana Field,2026-09-16T22:40:00Z,3.7588298251872994,458,2825,0.3903939997419123,0.5942186124281371,-0.5348081381906673,Normal,0.1064065500866534,0.6087693402457229,0.2443569967160506,0.5158851024470085,0.6336588713680221,0.42751517077611,0.2708793474728351,0.1575089030480487,0.5875217999241795,0.341742093343174,0.1959826261209304,0.1354033246984932,0.5899533348983247,0.2081045824278687,0.0434058586453412,2026-09-16T21:25:07Z
822926,663743,Nick Fortes,TB,ATH,1,9,confirmed,Brady Basso,Tropicana Field,2026-09-16T22:40:00Z,3.4116129032258065,1442,311,0.4072371662498487,0.486190728126513,0.1220574050682268,Normal,0.0765514981351559,0.584798250822501,0.2399032479002397,0.3747264649193666,0.6156644667661358,0.4070146350913327,0.252261173566805,0.1427433459485576,0.5655466307703347,0.3012682348570001,0.1545676977347854,0.0991144505219398,0.5677459983131318,0.1852134389930513,0.0336617414323551,2026-09-16T21:25:07Z
822926,661531,Brian Serven,ATH,TB,0,9,confirmed,Nick Martinez,Tropicana Field,2026-09-16T22:40:00Z,3.6029543419874654,372,2825,0.3652029152615493,0.5888090182860212,-0.5612696432529476,Normal,0.0883775982961815,0.5387738681913117,0.2046475279589438,0.6211573066301858,0.5942385156477146,0.3886234194573967,0.2389547405569104,0.1342680651931429,0.5224586294080749,0.2800482817831072,0.1533776069719649,0.1070963453082865,0.5243223018449186,0.1559770706721477,0.0265914900981847,2026-09-16T21:25:07Z
823004,802139,JJ Wetherholt,STL,SF,1,1,confirmed,Anthony Molina,Busch Stadium,2026-09-16T17:15:00Z,4.430336168489267,586,518,0.691693268223995,0.638287303538066,-0.880432495361813,Normal,0.1345350204369433,0.700951865343003,0.4522391323470361,0.4537554825676879,0.7337424815720849,0.5397754388675066,0.3722974850877571,0.2380559559763136,0.6717841548846964,0.4135466688554602,0.2499763521659775,0.17401078369963,0.6758021917268242,0.2966712222743852,0.0825455847487347,2026-09-16T17:01:06Z
823004,813841,Jonah Cox,SF,STL,0,1,confirmed,Matthew Liberatore,Busch Stadium,2026-09-16T17:15:00Z,4.60487117552335,127,2070,0.6340915668180089,0.6220285833919281,0.694997841264216,Normal,0.1389107927520953,0.7160380857003528,0.2910043284683135,0.8259145202457692,0.7340862302433178,0.5413044480485958,0.3747180535683145,0.2408526133305678,0.6855215473012306,0.4396345637555277,0.2761733489634112,0.1919688469087529,0.6897337214479827,0.3147725203510275,0.0931303405321208,2026-09-16T17:01:06Z
823004,699024,Leo Bernal,STL,SF,1,2,confirmed,Anthony Molina,Busch Stadium,2026-09-16T17:15:00Z,4.323697068403908,60,518,0.5957689012963734,0.6328725049144525,0.693388802093494,Normal,0.1636402051309232,0.7253892720848741,0.3140841827786703,0.4768460739937256,0.7383064889374558,0.5447260567039195,0.3765081714342904,0.241117627694005,0.6940662466734483,0.4579512964066622,0.2947667579375982,0.2127741428925095,0.698385845381019,0.321983405979642,0.0943311302160827,2026-09-16T17:01:06Z
823004,805811,Bryce Eldridge,SF,STL,0,2,confirmed,Matthew Liberatore,Busch Stadium,2026-09-16T17:15:00Z,4.517768595041322,480,2070,0.530727377650262,0.6156862930471009,0.9958182060664252,Normal,0.116776238887516,0.6726972000871974,0.4255823512215528,0.7591809827309123,0.7018851655495508,0.50293260424087,0.33828013765175,0.2106379243525206,0.6459215642996194,0.4020162942487729,0.2371115598792849,0.1604623764238908,0.6496056269806136,0.2691094660214917,0.0703602840028687,2026-09-16T17:01:06Z
823004,676475,Alec Burleson,STL,SF,1,3,confirmed,Anthony Molina,Busch Stadium,2026-09-16T17:15:00Z,4.226767200754005,2178,518,0.5298730580426364,0.6218003300380923,-0.1750590976973989,Normal,0.145845095317304,0.7378192649662624,0.309528589117251,0.4535628613069375,0.7333018364907938,0.5378206629865934,0.36923124692279,0.2345463431141412,0.7053810314059878,0.4596949644046986,0.285645674493904,0.1975741444480981,0.7098552768767409,0.334580218599404,0.0997660509550479,2026-09-16T17:01:06Z
823004,695391,Brett Harris,SF,STL,0,3,confirmed,Matthew Liberatore,Busch Stadium,2026-09-16T17:15:00Z,4.40785498489426,225,2070,0.5245900023275694,0.607506443555089,-0.7137604349715625,Normal,0.0993194374184918,0.6511866564961631,0.4346943710667855,0.6195630820129575,0.6792501857317896,0.4773875002323159,0.3149788775032004,0.1919727009290151,0.626191947966872,0.3758449875136883,0.2137254737395635,0.1399148187453875,0.6296264017935947,0.2482711854287782,0.0608870764855703,2026-09-16T17:01:06Z
823004,691023,Jordan Walker,STL,SF,1,4,confirmed,Anthony Molina,Busch Stadium,2026-09-16T17:15:00Z,4.13932680017043,1665,518,0.4588413416646902,0.6045467325800523,-1.2738292142757983,Normal,0.116324496053448,0.7001564979067336,0.2448341125560998,0.6487790978469445,0.703332138961803,0.5020724655190115,0.3354864864346326,0.2068414756777846,0.6711314577853758,0.4178155107992023,0.2459063936404435,0.1629534303636381,0.6751233801052363,0.2922680553585586,0.0777914382371701,2026-09-16T17:01:06Z
823004,808982,Jung Hoo Lee,SF,STL,0,4,confirmed,Matthew Liberatore,Busch Stadium,2026-09-16T17:15:00Z,4.319030251019095,1338,2070,0.4263000477873169,0.5911821180406038,-0.7662316333467909,Normal,0.0710861337343472,0.6806385941948219,0.2606021662427746,0.4407148071967272,0.6718236629803632,0.468668034393438,0.3068028463134322,0.1852710607800892,0.653244024585385,0.3929207239300734,0.2211287486269873,0.1305153453592669,0.657012082682601,0.2751110356634098,0.0718344749305925,2026-09-16T17:01:06Z
823004,695491,Joshua Báez,STL,SF,1,5,confirmed,Anthony Molina,Busch Stadium,2026-09-16T17:15:00Z,4.021573270192055,104,518,0.4852363515922734,0.5853407093707764,-0.0757158373393804,Normal,0.1424532368727512,0.6691714723291079,0.2460522970862567,0.6889546830969241,0.7036480311926167,0.5020082567704042,0.3350637060431809,0.2062094965216806,0.6428342527912375,0.406868638178454,0.2511316267669189,0.1803825080851575,0.6464500045723715,0.2607757379514016,0.063269457185084,2026-09-16T17:01:06Z
823004,694376,Shay Whitcomb,SF,STL,0,5,confirmed,Matthew Liberatore,Busch Stadium,2026-09-16T17:15:00Z,4.201328564128769,171,2070,0.4319772000368914,0.5726412438497117,0.328615855851644,Normal,0.1243137193372389,0.6414831028419669,0.2567889287896517,0.6550595413631407,0.6678746482026243,0.4638358969481346,0.3021429481905736,0.1813632314300589,0.6173535114780366,0.3737872693973396,0.2230170208373507,0.1574921679903326,0.6206653583522961,0.2374653818210071,0.0552433025389807,2026-09-16T17:01:06Z
823004,669357,Nolan Gorman,STL,SF,1,6,confirmed,Anthony Molina,Busch Stadium,2026-09-16T17:15:00Z,3.882703777335984,1867,518,0.4680362051546007,0.5754148764924507,-0.8080484137922492,Normal,0.1583404577235375,0.611650551260222,0.3281392411375703,0.7204356336950213,0.6657627438167559,0.4600469271155692,0.2976629141478227,0.1770317365427352,0.5899520380509651,0.3610075902290829,0.2285687561239706,0.178766865730773,0.5929245088810314,0.2096669818961797,0.043279679615409,2026-09-16T17:01:06Z
823004,806367,Turner Hill,SF,STL,0,6,confirmed,Matthew Liberatore,Busch Stadium,2026-09-16T17:15:00Z,4.0540775014459225,97,2070,0.4351024448591922,0.5631530970992121,-0.7090325423506396,Normal,0.0822415004651315,0.6241079442727531,0.3668483760174554,0.5679464637780322,0.6489649532460353,0.4439186507901748,0.2849203365674042,0.1682107309484548,0.6013427370628601,0.3477630588518038,0.1882727624701219,0.1185267203270143,0.6044648401293101,0.2222729897088571,0.0491750256648856,2026-09-16T17:01:06Z
823004,695336,Thomas Saggese,STL,SF,1,7,confirmed,Anthony Molina,Busch Stadium,2026-09-16T17:15:00Z,3.7333138173302105,491,518,0.3968325991206392,0.5615984589719569,1.6749430804671177,Normal,0.0710490329397051,0.6501469600007134,0.2096408242071173,0.6166421091088748,0.6472473456381281,0.4401190191567219,0.2803045412310846,0.1637697978705106,0.6254614643187068,0.3581385364986818,0.1873342491130844,0.1105314661632587,0.6288463521344817,0.2415813981385459,0.0545907296880219,2026-09-16T17:01:06Z
823004,668800,Andrew Knizner,SF,STL,0,7,confirmed,Matthew Liberatore,Busch Stadium,2026-09-16T17:15:00Z,3.9116513489475246,768,2070,0.4181019649715227,0.5475335962839656,-0.4123589339861344,Normal,0.1004253194354675,0.6080151343156226,0.2893239804681671,0.5420235667220399,0.6357094725240052,0.4298123033203756,0.2726773069324587,0.1588543010678693,0.5865327107238643,0.3318675799968751,0.1858328204296536,0.1269501385925261,0.5894767285863416,0.2080937402070541,0.0436028211504509,2026-09-16T17:01:06Z
823004,701675,Nathan Church,STL,SF,1,8,confirmed,Anthony Molina,Busch Stadium,2026-09-16T17:15:00Z,3.577972709551657,501,518,0.4453065747448143,0.5572729798421046,2.1625312854199152,Hot,0.0957647768358252,0.6348121978638388,0.2512935727198472,0.39584863614852,0.6514280757004012,0.443338476930993,0.2822910927239672,0.1647455449008075,0.6114562735607454,0.3454872036074988,0.1916663379593552,0.1261533945246439,0.6146558955528078,0.2263558361535512,0.0479167033451011,2026-09-16T17:01:06Z
823004,814154,Scott Bandura,SF,STL,0,8,confirmed,Matthew Liberatore,Busch Stadium,2026-09-16T17:15:00Z,3.760705289672544,7,2070,0.4248235275000276,0.5413914774797298,,Unknown,0.0915049963912748,0.5998060230108361,0.2897462363089559,0.628609016440197,0.6378414347286209,0.4314683160113044,0.2737672849422999,0.1594748529059644,0.5789862960970632,0.3282995306165802,0.1812650951936941,0.1204462891091531,0.5818384774103189,0.2008308328030084,0.0408089545508262,2026-09-16T17:01:06Z
823004,686780,Pedro Pagés,STL,SF,1,9,confirmed,Anthony Molina,Busch Stadium,2026-09-16T17:15:00Z,3.397685950413224,806,518,0.3600644869309525,0.5642746248997156,-0.4580039692231963,Normal,0.077691964548256,0.583790021654508,0.1801514774071677,0.6020325761423251,0.6106755122001631,0.4017569908277833,0.2475053921656201,0.1391159438840796,0.5644086715695491,0.2971470229245175,0.1545688140050031,0.099898236865292,0.5670597227855314,0.1840045600889151,0.0330480099162389,2026-09-16T17:01:06Z
823004,683766,Christian Koss,SF,STL,0,9,confirmed,Matthew Liberatore,Busch Stadium,2026-09-16T17:15:00Z,3.581146408839779,377,2070,0.4487040623728313,0.5458580092362825,1.3537560978581002,Normal,0.0879819071739707,0.6107384089006688,0.2326878737496067,0.5652364323432226,0.6414123244185261,0.4343303669694539,0.2756691742079115,0.1605428948421408,0.5891648450245377,0.3267116160763393,0.1758841639359668,0.11505897524166,0.5921203277407012,0.2083937405134663,0.04286617610056,2026-09-16T17:01:06Z
823332,804606,Konnor Griffin,PIT,MIL,1,1,confirmed,Logan Henderson,PNC Park,2026-09-16T22:40:00Z,4.432967032967033,290,427,0.4990699393525428,0.6424302241782449,-0.744488436039158,Normal,0.0846869114118754,0.6302189146462643,0.2482864417820856,0.806741917039813,0.6687825260048735,0.4661905934102765,0.3054147210041656,0.1846471681297893,0.6071651429928117,0.3492189205990358,0.1941402208424794,0.12311957675881,0.6098081601134907,0.2295346303870145,0.0532585404574146,2026-09-16T21:25:07Z
823332,668930,Brice Turang,MIL,PIT,0,1,confirmed,Jared Jones,PNC Park,2026-09-16T22:40:00Z,4.608220376038478,2361,861,0.6524532409823073,0.59476393164049,2.457703655226755,Hot,0.102545106890233,0.6521381522346356,0.4616240424779586,0.7571313835496605,0.7047215596950172,0.5070189353343405,0.3428889861973165,0.214880021708599,0.6273012522815343,0.3684855775282906,0.2127122671720145,0.1411462551243259,0.6301533349338043,0.2507529644901025,0.0630222618459706,2026-09-16T21:25:07Z
823332,664040,Brandon Lowe,PIT,MIL,1,2,confirmed,Logan Henderson,PNC Park,2026-09-16T22:40:00Z,4.323413111342352,2292,427,0.5354771890582756,0.6388941596798114,0.4613086751850631,Normal,0.1810630678986127,0.5990126414534203,0.3197622486961015,0.843567590321122,0.6861609391995269,0.4845003386991369,0.3211489594143695,0.196548412756188,0.5783464104842454,0.3634558310587869,0.2445417632391237,0.1995021913098418,0.5807123352781791,0.2028132155979706,0.042760362654175,2026-09-16T21:25:07Z
823332,694192,Jackson Chourio,MIL,PIT,0,2,confirmed,Jared Jones,PNC Park,2026-09-16T22:40:00Z,4.5235368956743,1691,861,0.5705893404467902,0.5805371795321674,0.8993260757802896,Normal,0.129568705093622,0.6836395706403492,0.2568347115890321,0.7183775987879533,0.721832059377421,0.526360489884184,0.3604689649957192,0.2288834900682294,0.6562586369197537,0.4166267930388408,0.2547597424206814,0.17641932683117,0.6594071672577025,0.2800694309947434,0.075564904551787,2026-09-16T21:25:07Z
823332,668804,Bryan Reynolds,PIT,MIL,1,3,confirmed,Logan Henderson,PNC Park,2026-09-16T22:40:00Z,4.225470957613815,3258,427,0.4196428956944479,0.6287887959717219,-0.117411810124373,Normal,0.0939325955598619,0.6105798229843412,0.3226874749234154,0.7472041466143837,0.6534814691490443,0.4487480182885786,0.2893867003834076,0.1717168449485627,0.5891120658175988,0.3420460682506772,0.1923497653758284,0.1272967826582149,0.5915698414810603,0.2110365642160282,0.0451185167507389,2026-09-16T21:25:07Z
823332,641343,Jake Bauers,MIL,PIT,0,3,confirmed,Jared Jones,PNC Park,2026-09-16T22:40:00Z,4.408090422367638,1376,861,0.6202045197247105,0.5697699710292162,-0.3302303515090896,Normal,0.150655839235651,0.6087873056004043,0.5637983486868862,0.806925016802877,0.6983110206634723,0.4988213069718067,0.3346346415038139,0.2076579895888661,0.587346906947486,0.3611209794842744,0.2288208827815651,0.1754523586028629,0.5898031089031692,0.2117400679352266,0.0465679147806318,2026-09-16T21:25:07Z
823332,665833,Oneil Cruz,PIT,MIL,1,4,confirmed,Logan Henderson,PNC Park,2026-09-16T22:40:00Z,4.139465191332411,1928,427,0.4528141842957134,0.6121235161553378,1.2878802719482332,Normal,0.1473330970108868,0.5749981437469444,0.3649176926752032,0.8618739752215948,0.6517317579255795,0.4463019857567196,0.2868507654311281,0.1694793047899366,0.5561556373378646,0.3364172327893353,0.215657241515059,0.1680150548885611,0.5583100947816034,0.1825308409023972,0.034944952948819,2026-09-16T21:25:07Z
823332,661388,William Contreras,MIL,PIT,0,4,confirmed,Jared Jones,PNC Park,2026-09-16T22:40:00Z,4.328313253012047,2927,861,0.4820748230897121,0.5517748533422768,0.006377364464594,Normal,0.1079222701752812,0.6466763739300087,0.3440924298508078,0.6033425972236872,0.6844573911147215,0.4827468785333564,0.3197099738423819,0.1955295623854414,0.6223658501696754,0.3707051931571467,0.2116481543650429,0.1427634529925995,0.625154240457746,0.243333741092602,0.0583885189457291,2026-09-16T21:25:07Z
823332,804668,Rafael Flores Jr.,PIT,MIL,1,5,confirmed,Logan Henderson,PNC Park,2026-09-16T22:40:00Z,4.014985590778098,148,427,0.3966997563828025,0.5937198021372003,0.8150013004914531,Normal,0.1231009773710787,0.5945628301190726,0.2503925534342682,0.8104759803270709,0.6529466322327725,0.4470371485815537,0.2870853463318787,0.1693639469273727,0.5743654919143745,0.3349882870966342,0.1991488576047116,0.1461660675662558,0.5766754406314352,0.1965451245165565,0.0390930812255678,2026-09-16T21:25:07Z
823332,592885,Christian Yelich,MIL,PIT,0,5,confirmed,Jared Jones,PNC Park,2026-09-16T22:40:00Z,4.198426082068578,2730,861,0.497931459655387,0.5331464779489156,-0.0920186604073918,Normal,0.1056475305382849,0.6185475647664228,0.3856941027931628,0.7416433669463209,0.6747998771282232,0.4715578455171441,0.3093238467902898,0.1870841829243315,0.5964673217229896,0.3435286862120496,0.1966464825285533,0.1350114804614306,0.5989962695254855,0.217944468236382,0.0478926920586656,2026-09-16T21:25:07Z
823332,656811,Ryan O'Hearn,PIT,MIL,1,6,confirmed,Logan Henderson,PNC Park,2026-09-16T22:40:00Z,3.8834375,1963,427,0.4302978511729591,0.5829890777053677,-1.027958492275621,Normal,0.1245642487089903,0.5892123463846475,0.2851297061649209,0.6590182206119369,0.6517035793301611,0.4455085629427439,0.285599280730432,0.1681027856801967,0.5694190997520379,0.3260296402997187,0.194654124431442,0.1448553151946075,0.5716821835335897,0.1920547964988831,0.0373718862645307,2026-09-16T21:25:07Z
823332,687401,Joey Ortiz,MIL,PIT,0,6,confirmed,Jared Jones,PNC Park,2026-09-16T22:40:00Z,4.054608585858586,1433,861,0.3994165775736258,0.5248526403198326,1.4021854021175435,Normal,0.0781512871790038,0.6041273752083764,0.2670214454552595,0.5912576810784103,0.6363177892356248,0.4312318176148095,0.2746151857827995,0.1606865595117451,0.5831287266919232,0.3256678191583169,0.1770551537068988,0.111500785084701,0.5855322645120703,0.2059436766006448,0.0433140809504853,2026-09-16T21:25:07Z
823332,682927,Ronny Simon,PIT,MIL,1,7,confirmed,Logan Henderson,PNC Park,2026-09-16T22:40:00Z,3.7334200260078014,124,427,0.3647067743045695,0.5685199146585734,0.2403786991327501,Normal,0.0817687957822755,0.5541505082626558,0.2702342446708121,0.5571605822345201,0.6020701141069705,0.3956092191405523,0.2441418201992961,0.1376421286065965,0.5368549168131496,0.2858861191660806,0.1517559711370732,0.1020404305550333,0.5388305289957008,0.1656705342096271,0.0288562111891217,2026-09-16T21:25:07Z
823332,669003,Garrett Mitchell,MIL,PIT,0,7,confirmed,Jared Jones,PNC Park,2026-09-16T22:40:00Z,3.926315789473685,935,861,0.4641040565199907,0.5084061634698722,1.778340169782226,Normal,0.0909080419246473,0.5929977379597563,0.3871128059675542,0.8173130137954537,0.6498362940967448,0.4446425180127115,0.2856765761757956,0.1687743073443167,0.5728508163716354,0.3350744924356442,0.1896777431004297,0.1251467858557857,0.5751558361438808,0.1965926071517656,0.0398372549866263,2026-09-16T21:25:07Z
823332,694378,Jacob Gonzalez,PIT,MIL,1,8,confirmed,Logan Henderson,PNC Park,2026-09-16T22:40:00Z,3.579333089043605,217,427,0.365902806299437,0.5634546503579276,0.1360376345873175,Normal,0.1011732166366364,0.5293379917853788,0.2320252265465044,0.5777913606449594,0.596873995481172,0.3901526051696083,0.2394972682964085,0.1341724130981352,0.5137123150294758,0.2811603333866955,0.1591171952410239,0.117141370427218,0.5154962512827905,0.1484503601211318,0.0238588663214965,2026-09-16T21:25:07Z
823332,683734,Andrew Vaughn,MIL,PIT,0,8,confirmed,Jared Jones,PNC Park,2026-09-16T22:40:00Z,3.7588298251872994,2555,861,0.3777084370655654,0.5047307205417075,1.1156309837776526,Normal,0.0853223447601182,0.6001331257287558,0.2847890868600137,0.5674150401451689,0.6350997963723242,0.428963009480675,0.2720834555225499,0.1583953995318028,0.5795247272442451,0.3266673176217097,0.1749311757451972,0.1138248455153566,0.5818825342917183,0.2012270645618505,0.0410203680130893,2026-09-16T21:25:07Z
823332,663968,Jake Mangum,PIT,MIL,1,9,confirmed,Logan Henderson,PNC Park,2026-09-16T22:40:00Z,3.4116129032258065,879,427,0.3730106455503222,0.5676685551649862,-0.7952785455383883,Normal,0.0623283288924007,0.5581090052172336,0.2232549941083651,0.5599527175613928,0.5909306787437898,0.3835623475225487,0.2336692370828669,0.129670928909089,0.5407075924422615,0.2697249312043989,0.1320824030713479,0.0816847221374193,0.5426946258709452,0.1661146014271114,0.02807453061229,2026-09-16T21:25:07Z
823332,806198,Cooper Pratt,MIL,PIT,0,9,confirmed,Jared Jones,PNC Park,2026-09-16T22:40:00Z,3.6029543419874654,232,861,0.4203619846458857,0.5072023370380512,0.1992118714371633,Normal,0.0699559090882906,0.5600723277419426,0.2767505366576487,0.5643330622707365,0.613680826941471,0.4071779780777137,0.2538151602085645,0.1448508269508602,0.5423493909329583,0.2833803878730873,0.147233125001677,0.0934002734547447,0.5443747335018985,0.1705096078364437,0.0308093461502008,2026-09-16T21:25:07Z
823576,596019,Francisco Lindor,NYM,BAL,1,1,confirmed,Chris Bassitt,Citi Field,2026-09-16T23:10:00Z,4.433489827856025,3231,3477,0.7309838760553174,0.6682830182677013,-0.8909473919258043,Normal,0.18647058770697877,0.6944715059927865,0.43044533434636867,0.5747430818206385,0.7470562890010762,0.5560905850934204,0.38845610201529157,0.2517962370946705,0.6665497614595167,0.43966501655033086,0.29246646606838433,0.2238553707209176,0.6698603629770914,0.2899637420352842,0.07931608893156018,2026-09-16T23:04:00Z
823576,687637,Dylan Beavers,BAL,NYM,0,1,confirmed,Xzavion Curry,Citi Field,2026-09-16T23:10:00Z,4.604505911220166,463,717,0.5916462258940558,0.6341297713170432,-0.23229858870358186,Normal,0.116749376746298,0.6669769262656461,0.41006127467569314,0.6921384713085734,0.695431071707797,0.4962626554902167,0.3330801621750058,0.2069847222792671,0.6412723489339033,0.40135245891580434,0.23820507105752314,0.16173153721315897,0.6443177312217435,0.2645526749379085,0.06890841282749394,2026-09-16T23:04:00Z
823576,665742,Juan Soto,NYM,BAL,1,2,confirmed,Chris Bassitt,Citi Field,2026-09-16T23:10:00Z,4.32332707942464,3231,3477,0.7105566530607411,0.6703317214841665,-0.9812968105990181,Normal,0.21971881012622096,0.6701239500715368,0.5959178724969909,0.5126527448694028,0.7436036682000259,0.5512323034853183,0.3832006150125347,0.2469139743378383,0.644243540640813,0.4280773182503475,0.29942640319980024,0.24475989272966317,0.6473067450787832,0.2647816328000827,0.06709938455368354,2026-09-16T23:04:00Z
823576,624413,Pete Alonso,BAL,NYM,0,2,confirmed,Xzavion Curry,Citi Field,2026-09-16T23:10:00Z,4.523525654673196,3408,717,0.6156156446067623,0.6297777986957633,-0.40335481967120423,Normal,0.22613387161505483,0.6775251820992056,0.37031859419627755,0.6363642119840828,0.7361208543867165,0.5432405955387901,0.3765442277501832,0.24221169587237926,0.6509919868176118,0.44137878112443013,0.3077545476843007,0.252172522619469,0.6541363510176348,0.27392687914389213,0.07259417551996478,2026-09-16T23:04:00Z
823576,666182,Bo Bichette,NYM,BAL,1,3,confirmed,Chris Bassitt,Citi Field,2026-09-16T23:10:00Z,4.22611778609415,2907,3477,0.42161628079927704,0.6651860512369472,-0.2704595997727634,Normal,0.08580672955703968,0.6809779110989255,0.254708711521266,0.5666997379063093,0.6824628164371128,0.4794917677092078,0.31619168479295023,0.19225961740143452,0.6542417988287712,0.3918267684112444,0.21560354359912795,0.13217508055418406,0.6574063755428783,0.274047274566944,0.07031848113847396,2026-09-16T23:04:00Z
823576,683002,Gunnar Henderson,BAL,NYM,0,3,confirmed,Xzavion Curry,Citi Field,2026-09-16T23:10:00Z,4.407155706576054,2793,717,0.5419012865528521,0.6249151480049279,0.30555345125751043,Normal,0.13655597726377933,0.6601448034950205,0.3865893266592041,0.5864362502213285,0.7037379093528319,0.5047552687480131,0.34008309990163166,0.21200900416289636,0.6350315304480683,0.40416153417070916,0.25629433404868873,0.18206677193241264,0.6380039046135432,0.25654346577598375,0.06433380398424574,2026-09-16T23:04:00Z
823576,701807,Carson Benge,NYM,BAL,1,4,confirmed,Chris Bassitt,Citi Field,2026-09-16T23:10:00Z,4.140399814039982,605,3477,0.49630877878665125,0.6514739871993307,-0.5952198413276728,Normal,0.12315288599272387,0.6905756115482546,0.35146642997846667,0.6084067464096921,0.7053614286071548,0.5043933645420239,0.33802649561019066,0.20903556689610206,0.6630643203592247,0.4012613108692018,0.2389461767921544,0.16302416657228497,0.666320628621136,0.28242655964344227,0.07323737635768304,2026-09-16T23:04:00Z
823576,691723,Coby Mayo,BAL,NYM,0,4,confirmed,Xzavion Curry,Citi Field,2026-09-16T23:10:00Z,4.326644890340644,756,717,0.4802872029218866,0.6091790155762064,1.271544118181095,Normal,0.17068175977050754,0.6320396003470288,0.2943561877253799,0.7528738975365747,0.6870932958327978,0.4854372913263405,0.32214973039169364,0.19743408944880542,0.6091706952438132,0.38458339330264046,0.25251014160888313,0.19703543120222136,0.6118733569625272,0.23025617142947682,0.0530357927028486,2026-09-16T23:04:00Z
823576,676724,Jared Young,NYM,BAL,1,5,confirmed,Chris Bassitt,Citi Field,2026-09-16T23:10:00Z,4.0168751818446315,452,3477,0.4977259661802733,0.6365796028656732,0.6156393310227031,Normal,0.12195020722450667,0.658491528481592,0.3406364833287189,0.5754139723157848,0.6893714661854587,0.48587916846765394,0.3209228828973277,0.19522656495121057,0.6336642999050478,0.39153866486302047,0.23861545267459336,0.16443837288949825,0.6365977068571995,0.25053749746587867,0.058917874738868066,2026-09-16T23:04:00Z
823576,687952,Christian Encarnacion-Strand,BAL,NYM,0,5,confirmed,Xzavion Curry,Citi Field,2026-09-16T23:10:00Z,4.196332863187588,685,717,0.4386405366411185,0.5933708945987495,0.9220164048625898,Normal,0.14524579726514067,0.6460869532771464,0.22898894365833972,0.696078959132257,0.6808908580115908,0.477982390418304,0.3150474123476113,0.1915285229510847,0.6221702212986048,0.3801823369898177,0.23408776370877263,0.17344590294195636,0.6249973083851303,0.24163018897352193,0.05694724574036792,2026-09-16T23:04:00Z
823576,543760,Marcus Semien,NYM,BAL,1,6,confirmed,Chris Bassitt,Citi Field,2026-09-16T23:10:00Z,3.8734137055837565,3239,3477,0.3956007517951319,0.6280871273486441,1.3097144166764056,Normal,0.08095291347564419,0.5832777933729819,0.28892081479605586,0.5079342084154153,0.6274871735290359,0.4207986849039907,0.26503556196771333,0.15293574830491038,0.5641529399295117,0.3077139835276875,0.16450635377521444,0.10687237231309195,0.5664071360039326,0.18742510103812376,0.03580580428471285,2026-09-16T23:04:00Z
823576,694212,Samuel Basallo,BAL,NYM,0,6,confirmed,Xzavion Curry,Citi Field,2026-09-16T23:10:00Z,4.0531710442024345,499,717,0.431630069168038,0.5837701376959356,-1.1246922150252967,Normal,0.14004719160375922,0.6012992458366806,0.3075637478755902,0.650172426429637,0.6508936427445698,0.4459798294125279,0.287136697605821,0.17004289188875865,0.580770211339384,0.34688196251075853,0.21477854078769165,0.16283225465363213,0.5831926448614091,0.20355076795561675,0.042380484492510764,2026-09-16T23:04:00Z
823576,805999,A.J. Ewing,NYM,BAL,1,7,confirmed,Chris Bassitt,Citi Field,2026-09-16T23:10:00Z,3.731739707835325,450,3477,0.4322463630544889,0.6106121282038314,1.1027425295824522,Normal,0.09733836245984868,0.6231769219747897,0.343658266405725,0.6174213490689925,0.6425768949073254,0.4352600933785178,0.2765818669198992,0.16109768079752348,0.6011936166914461,0.3441050536200424,0.19103146938782342,0.12714727448120572,0.6037867019443465,0.2179417616705452,0.04560770023705028,2026-09-16T23:04:00Z
823576,669236,Jeremiah Jackson,BAL,NYM,0,7,confirmed,Xzavion Curry,Citi Field,2026-09-16T23:10:00Z,3.9251299826689774,442,717,0.3742551185405202,0.5647603394373635,-2.6010753632609256,Cold,0.10012304775378562,0.6227878922904037,0.20037493898262845,0.6037913220839297,0.6356261027601885,0.42993508047567247,0.273343824488746,0.15958145842887722,0.6007066165673871,0.3508454770816752,0.1987771831848656,0.13315028584241378,0.6033136242986473,0.22044524702204038,0.048190316136077,2026-09-16T23:04:00Z
823576,683146,Brett Baty,NYM,BAL,1,8,confirmed,Chris Bassitt,Citi Field,2026-09-16T23:10:00Z,3.576617480136209,1475,3477,0.44071176813160656,0.6040027705958037,1.253137940071464,Normal,0.10763753090466878,0.5914125993209207,0.3077204231906606,0.6283272177901066,0.6310942345771434,0.42305481068712314,0.2660636799905855,0.15313641175043494,0.5718343800246509,0.3162777595016986,0.17970874084551888,0.12819038384210474,0.5741415544939189,0.19163869767206898,0.036328554823899524,2026-09-16T23:04:00Z
823576,677956,Rece Hinds,BAL,NYM,0,8,confirmed,Xzavion Curry,Citi Field,2026-09-16T23:10:00Z,3.748177842565598,149,717,0.4183484058883302,0.561292773443207,-2.0466522979124893,Cold,0.12368214209140789,0.5762105050807877,0.2434385812492778,0.823189695765926,0.6292382543172057,0.422957560685911,0.2671923289920018,0.15481616358802025,0.5575520742697038,0.33461942037539294,0.2008569402999528,0.1482666868734811,0.5597516349701981,0.18288635507270104,0.034896640596038926,2026-09-16T23:04:00Z
823576,620443,Luis Torrens,NYM,BAL,1,9,confirmed,Chris Bassitt,Citi Field,2026-09-16T23:10:00Z,3.4280408542246983,870,3477,0.3620924228024526,0.6010785373508677,0.4752162211690856,Normal,0.07057882541883295,0.5391350649893174,0.23287116328560448,0.5507525775577988,0.5816249603455121,0.3749633990048193,0.2271447378643685,0.1252141342993721,0.5231752476437372,0.2759275934840999,0.1385470700530222,0.09003121048111716,0.5250537418380056,0.15340093297935614,0.0246196347869809,2026-09-16T23:04:00Z
823576,681297,Colton Cowser,BAL,NYM,0,9,confirmed,Xzavion Curry,Citi Field,2026-09-16T23:10:00Z,3.608993157380254,1365,717,0.4641286290615937,0.5577041483875931,-0.5172409085572288,Normal,0.11613295393163653,0.5422611184443006,0.32977376304690603,0.7156979692014014,0.6222091708242659,0.4153532294326565,0.26055319110888514,0.14972912314384682,0.5259272039660295,0.2968702446447842,0.17546348251367067,0.13279017115128874,0.5278510729023371,0.15817487929720658,0.027168255668322403,2026-09-16T23:04:00Z
823655,807712,Luke Keaschall,MIN,NYY,1,1,confirmed,Carlos Rodón,Target Field,2026-09-16T17:40:00Z,4.430336168489267,781,2811,0.6382325380904615,0.642431672374041,1.5609697662679909,Normal,0.0977203981374666,0.6565062751905689,0.4916933424309327,0.5392566496859101,0.69574789659179,0.4954966465743792,0.3310983643981298,0.204578327321558,0.6310891438001197,0.3740836729537795,0.2101655558194256,0.1365400388795897,0.6345821490841088,0.2529114241907208,0.0626871250909007,2026-09-16T17:01:06Z
823655,700250,Ben Rice,NYY,MIN,0,1,confirmed,Zebby Matthews,Target Field,2026-09-16T17:40:00Z,4.60487117552335,1330,1031,0.7946579728231149,0.657014971807194,1.8998501885850367,Normal,0.2735640492731884,0.707923339375463,0.438942225132261,0.6914263810682296,0.7682671239419793,0.5841435188664655,0.4169207448850944,0.2769359954138573,0.678116876349399,0.4851658585231695,0.36097013822656,0.3034042583187742,0.682228636208402,0.3060008557504346,0.0886475285288928,2026-09-16T17:01:06Z
823655,668885,Austin Martin,MIN,NYY,1,2,confirmed,Carlos Rodón,Target Field,2026-09-16T17:40:00Z,4.323697068403908,783,2811,0.5745560210489578,0.638152963332094,-0.8468807305205032,Normal,0.0774926335624939,0.6172257598398286,0.487355121950547,0.6299324296091661,0.6576964293766074,0.4536085942474378,0.2936586560259366,0.1751496827399295,0.594950965881656,0.3424477553357003,0.1825601275148129,0.1135075583000891,0.5980062327219706,0.2174784671337622,0.0479988692824959,2026-09-16T17:01:06Z
823655,641355,Cody Bellinger,NYY,MIN,0,2,confirmed,Zebby Matthews,Target Field,2026-09-16T17:40:00Z,4.517768595041322,2858,1031,0.701401006827087,0.6563100557615149,1.6281272181365618,Normal,0.1787909196104969,0.7326752425941611,0.3292458380031555,0.577746779871469,0.7573913771644876,0.569568413410498,0.4017724251861708,0.263355368944498,0.7006924496223489,0.4711035187069619,0.3126030478631172,0.2306137951028365,0.7051104551664209,0.3322713453121407,0.1015425085517875,2026-09-16T17:01:06Z
823655,680777,Ryan Jeffers,MIN,NYY,1,3,confirmed,Carlos Rodón,Target Field,2026-09-16T17:40:00Z,4.226767200754005,1838,2811,0.4968934311358581,0.627698551790681,-0.9731838575800226,Normal,0.1336108190339195,0.6134050904246146,0.4409821436100424,0.6262386400367612,0.6694754276380261,0.4653446347486564,0.3032880739370214,0.1821072403760744,0.5914783265940934,0.3630358168001072,0.2202720197472104,0.1620532969016283,0.594484423508299,0.2131875507541543,0.0458032479877244,2026-09-16T17:01:06Z
823655,592450,Aaron Judge,NYY,MIN,0,3,confirmed,Zebby Matthews,Target Field,2026-09-16T17:40:00Z,4.40785498489426,2820,1031,0.695777710625555,0.6555586402051468,-2.208070402780756,Cold,0.3040911630136798,0.6904924464852162,0.4423863386634951,0.7574975661600168,0.7753190309139949,0.5924420756662789,0.4244453157347087,0.2827334002325272,0.662221388316805,0.4781105478120134,0.3653452981374321,0.3208583268045302,0.6661139606894086,0.2861760179455137,0.0777231963123394,2026-09-16T17:01:06Z
823655,605137,Josh Bell,MIN,NYY,1,4,confirmed,Carlos Rodón,Target Field,2026-09-16T17:40:00Z,4.13932680017043,2987,2811,0.4425855831829131,0.6106995720175085,-0.2632054669261398,Normal,0.1345536718958662,0.6121716243982086,0.3906704963083792,0.5922332811286122,0.6671950180368746,0.4623148164309191,0.3002085818089279,0.1794191831822283,0.5903821272609111,0.3501623746548235,0.21256837109129,0.1582690133326665,0.5933683947846844,0.2112664895761916,0.044584037422086,2026-09-16T17:01:06Z
823655,671277,Luis García Jr.,NYY,MIN,0,4,confirmed,Zebby Matthews,Target Field,2026-09-16T17:40:00Z,4.319030251019095,2428,1031,0.544939609128925,0.6440967657865436,0.4864660063918287,Normal,0.1851060695757452,0.7376193197469981,0.2344235617225501,0.5636156554221454,0.7441129657135643,0.5518780341526961,0.3834724624521924,0.2470174470683879,0.7051964907851295,0.4752327834454083,0.3165765665371534,0.2351035505179317,0.7096724078345957,0.3359632515704079,0.1018831659805651,2026-09-16T17:01:06Z
823655,665019,Kody Clemens,MIN,NYY,1,5,confirmed,Carlos Rodón,Target Field,2026-09-16T17:40:00Z,4.021573270192055,1324,2811,0.4271610056733544,0.5917621112069059,0.6075696392934118,Normal,0.1362526842557213,0.5587448078615309,0.3006620838109897,0.7262307943426045,0.6466239260891347,0.4404077719040186,0.2811652724616592,0.1648412748309555,0.5408460227556972,0.3288494392317187,0.2090782069613906,0.1592282521701858,0.5432952458046642,0.1701598368932677,0.0307493409347584,2026-09-16T17:01:06Z
823655,682987,Spencer Jones,NYY,MIN,0,5,confirmed,Zebby Matthews,Target Field,2026-09-16T17:40:00Z,4.201328564128769,255,1031,0.5347052711998038,0.6320128468712873,1.382886199835315,Normal,0.1685354958007769,0.6876365626319737,0.3309786156235452,0.8207957723157197,0.7186930343266592,0.5206482727982662,0.3532763993274562,0.2216722814575922,0.659674259520381,0.4274322259133662,0.2767304154990411,0.2066074082809481,0.6635201305880755,0.2809926226188445,0.0737561235217005,2026-09-16T17:01:06Z
823655,668904,Royce Lewis,MIN,NYY,1,6,confirmed,Carlos Rodón,Target Field,2026-09-16T17:40:00Z,3.882703777335984,1474,2811,0.4109713045096185,0.5816664948795225,-0.8090476218005679,Normal,0.1304834070034653,0.5892674981804275,0.2956576885690715,0.6642388869012237,0.6526791486272542,0.4463266191797421,0.2859261842130376,0.1682030988654533,0.5692376023268537,0.3360838284965434,0.2010780868321577,0.1512180113927959,0.5719799032439891,0.1920508348240215,0.0373351893824873,2026-09-16T17:01:06Z
823655,806146,George Lombard Jr.,NYY,MIN,0,6,confirmed,Zebby Matthews,Target Field,2026-09-16T17:40:00Z,4.0540775014459225,128,1031,0.4250395171187851,0.624754318371891,-1.0626729902742955,Normal,0.1008726345083664,0.6356775231906358,0.2638039563841304,0.7157298914708838,0.6657699621734137,0.4615311401039397,0.3000420630426836,0.1796555763646861,0.6120044565811287,0.3578349295132577,0.2044327398321645,0.1360944512972434,0.6152523955156277,0.2322058181087561,0.052961936015038,2026-09-16T17:01:06Z
823655,691181,Emmanuel Rodriguez,MIN,NYY,1,7,confirmed,Carlos Rodón,Target Field,2026-09-16T17:40:00Z,3.7333138173302105,15,2811,0.3862588004248801,0.5676051590571629,,Unknown,0.1002395277616794,0.5575541042374801,0.3051471157916658,0.6657152505299336,0.6175189263339975,0.4103943123298249,0.2557478485523045,0.1458492553251258,0.5398153834476055,0.3030573952866839,0.1730147598260147,0.1223378160865539,0.5422419587755509,0.168127886125655,0.0296298348894593,2026-09-16T17:01:06Z
823655,641857,Ryan McMahon,NYY,MIN,0,7,confirmed,Zebby Matthews,Target Field,2026-09-16T17:40:00Z,3.9116513489475246,2795,1031,0.4499299458683082,0.606969683853445,0.2087436106235899,Normal,0.138378621108486,0.6183847642648882,0.3422862374489014,0.7341094952327344,0.6565225624221084,0.4511748689469156,0.2907246669189637,0.1723151472327737,0.5961126581024797,0.3625456997387887,0.2219828423189377,0.1649649627917169,0.599165868316246,0.2165756246454145,0.0466433352652454,2026-09-16T17:01:06Z
823655,668952,Ryan Kreidler,MIN,NYY,1,8,confirmed,Carlos Rodón,Target Field,2026-09-16T17:40:00Z,3.577972709551657,457,2811,0.3758094587379418,0.5631360114811307,-0.9344260861449496,Normal,0.0826628526973916,0.5080260603424455,0.2857740527293318,0.6811414562091767,0.5737085548247826,0.3682621283873373,0.221865662526016,0.1216779220356249,0.4935741968118744,0.255374720145526,0.140309778872629,0.0985840165834633,0.4955490921354963,0.134754046816673,0.0201726471393521,2026-09-16T17:01:06Z
823655,669224,Austin Wells,NYY,MIN,0,8,confirmed,Zebby Matthews,Target Field,2026-09-16T17:40:00Z,3.760705289672544,1301,1031,0.4579733060173393,0.5979629594524277,-0.7490085894395734,Normal,0.1584303581977464,0.5834215518585133,0.3369132928504242,0.6601922676752683,0.6456616552809683,0.4394221894979208,0.2804363407676022,0.164414304917035,0.5637981379054197,0.348725180432339,0.223444477198003,0.1776129354827741,0.5664852729640607,0.1882306458330147,0.0366137237175119,2026-09-16T17:01:06Z
823655,805346,Ben Ross,MIN,NYY,1,9,confirmed,Carlos Rodón,Target Field,2026-09-16T17:40:00Z,3.397685950413224,4,2811,0.4398922464064559,0.5698104702355746,,Unknown,0.1038937838289048,0.5393671090375328,0.3108625045025566,0.5991250109626611,0.6133948406236561,0.4043699550821005,0.2495934075362357,0.1405919419837634,0.5230353269276219,0.2890846637914387,0.1653263957229699,0.1211155232016218,0.5252676142552182,0.1531142089994837,0.0243475976649377,2026-09-16T17:01:06Z
823655,683011,Anthony Volpe,NYY,MIN,0,9,confirmed,Zebby Matthews,Target Field,2026-09-16T17:40:00Z,3.581146408839779,2100,1031,0.4172097694896063,0.5961131027235612,1.0863841570562396,Normal,0.0794666166257922,0.565992778323367,0.2293268585550427,0.6241952965644982,0.6119926845425872,0.4052058265586114,0.2517494922513413,0.1431564614313606,0.5476653020097908,0.3077043553974483,0.1683681335316401,0.1088682724091219,0.5501733466401975,0.174424151350344,0.0318265973270085,2026-09-16T17:01:06Z
823979,687263,Zach Neto,LAA,SEA,1,1,confirmed,George Kirby,Angel Stadium,2026-09-17T01:38:00Z,4.433489827856025,2137,3296,0.5478120061339559,0.6948161969920574,0.04604662996390112,Normal,0.12592824672281827,0.6786055195384273,0.2576312718655732,0.7804513021733416,0.7114558555519739,0.5134496353688248,0.347980090230199,0.2183035008940621,0.6520049966938776,0.4183220483559431,0.25313447904592334,0.174092652611039,0.6551561236398217,0.27401674485408717,0.07192218606681894,2026-09-16T23:04:00Z
823979,641487,J.P. Crawford,SEA,LAA,0,1,confirmed,Yusei Kikuchi,Angel Stadium,2026-09-17T01:38:00Z,4.604505911220166,2795,2898,0.5464323014434502,0.6350439223183688,1.3040873713027976,Normal,0.09039379346602255,0.63412347021574,0.47377410523531904,0.6948961817650842,0.6725005168303257,0.4710137095009689,0.3104716693581916,0.18914153214409776,0.6109970820287454,0.350842295726267,0.19263805609850856,0.12453049626575739,0.6137326358381388,0.2344373581098208,0.056095300745737216,2026-09-16T23:04:00Z
823979,545361,Mike Trout,LAA,SEA,1,2,confirmed,George Kirby,Angel Stadium,2026-09-17T01:38:00Z,4.32332707942464,2129,3296,0.5395842498726814,0.6986050202592151,-0.3553119739807754,Normal,0.14588156500428143,0.6540750972663885,0.38441100869212314,0.7632421074620211,0.7128986923106404,0.5145375993109568,0.34849492871580895,0.21832695277055952,0.6294879080851593,0.39433580464189094,0.24563253358419732,0.17999994795752583,0.632395905278514,0.24971350760713523,0.06068582033081175,2026-09-16T23:04:00Z
823979,668227,Randy Arozarena,SEA,LAA,0,2,confirmed,Yusei Kikuchi,Angel Stadium,2026-09-17T01:38:00Z,4.523525654673196,3281,2898,0.6628077364453097,0.6308644569828482,0.8520672071240749,Normal,0.17733083100149552,0.6743562968047364,0.4714758790544685,0.7266621005184127,0.7271679620808671,0.5324692718843256,0.366271063127919,0.23366617947685994,0.64808204654605,0.42551704340737306,0.27834739766302175,0.2126722122341066,0.6511951753083994,0.2708257633362784,0.07118644875272787,2026-09-16T23:04:00Z
823979,685133,Wade Meckler,LAA,SEA,1,3,confirmed,George Kirby,Angel Stadium,2026-09-17T01:38:00Z,4.22611778609415,353,3296,0.49053225228154324,0.6988436181896358,1.534084572481343,Normal,0.08527287946904298,0.6841736490586802,0.3311274217987876,0.6275627431920209,0.6901177229635916,0.4879280464768191,0.3236992765100495,0.19812496004829594,0.6571707147564732,0.3881617511519061,0.2122201761522083,0.12960933131480307,0.660367376214769,0.2772087371578124,0.07172900879693937,2026-09-16T23:04:00Z
823979,686527,Dominic Canzone,SEA,LAA,0,3,confirmed,Yusei Kikuchi,Angel Stadium,2026-09-17T01:38:00Z,4.407155706576054,1126,2898,0.46240706231478057,0.626194946660918,-0.13861354780945825,Normal,0.13182011773910315,0.6547793629084739,0.2939882056049804,0.7424222207732009,0.6931992127672622,0.4928531966392292,0.3292586507298779,0.2033699078081218,0.6300938537115298,0.3948827274933153,0.24051351320251455,0.17058555650975685,0.6330148605185758,0.2515533108921696,0.0622092927727263,2026-09-16T23:04:00Z
823979,687093,Vaughn Grissom,LAA,SEA,1,4,confirmed,George Kirby,Angel Stadium,2026-09-17T01:38:00Z,4.140399814039982,776,3296,0.396558074626508,0.6888805071469806,-0.6811795998577732,Normal,0.08273744876788655,0.6531551314504789,0.21975322548287807,0.622163197863891,0.6602649828116348,0.45502911252901884,0.29437431864800073,0.1751539882208742,0.6287271322701123,0.3638321693778548,0.19571989635135656,0.1208780789745686,0.6316137931636766,0.2465515963876301,0.05793033203811428,2026-09-16T23:04:00Z
823979,663728,Cal Raleigh,SEA,LAA,0,4,confirmed,Yusei Kikuchi,Angel Stadium,2026-09-17T01:38:00Z,4.326644890340644,2807,2898,0.5004606354977397,0.6105744056230935,-0.6237307432100913,Normal,0.20254274859536583,0.5828859706367687,0.4199978545893546,0.8384247433029967,0.6881087336658345,0.48656016098779786,0.32315390490713414,0.19822335337926228,0.5636195928018363,0.3650685800189908,0.2537524910521511,0.2161819555525904,0.5658927622402378,0.1903728108633709,0.03853075653726774,2026-09-16T23:04:00Z
823979,694208,Moisés Ballesteros,LAA,SEA,1,5,confirmed,George Kirby,Angel Stadium,2026-09-17T01:38:00Z,4.0168751818446315,378,3296,0.419479128735017,0.681489542133007,0.2124858596596778,Normal,0.1101139906640943,0.6341533978097484,0.265191584050278,0.6424380204952383,0.6592709957082818,0.4534662303607888,0.292643685595337,0.1735528894057016,0.6112526449752234,0.3555722692882892,0.2047063485713473,0.14055060827002944,0.6139561285715508,0.22882271513227934,0.05045528382064217,2026-09-16T23:04:00Z
823979,677594,Julio Rodríguez,SEA,LAA,0,5,confirmed,Yusei Kikuchi,Angel Stadium,2026-09-17T01:38:00Z,4.196332863187588,3211,2898,0.5155502656796456,0.5949110539757781,-0.2828208456208013,Normal,0.15809533973945555,0.6680534199334038,0.29528544655336936,0.713288708649621,0.7066441700770318,0.5067609844115977,0.34093745738079506,0.21195618528512256,0.642378489760072,0.3982095565571253,0.2517062711305016,0.1883222004756117,0.6454162646923394,0.2619249009065576,0.06537718292820288,2026-09-16T23:04:00Z
823979,694203,Denzer Guzman,LAA,SEA,1,6,confirmed,George Kirby,Angel Stadium,2026-09-17T01:38:00Z,3.8734137055837565,303,3296,0.3749862210701524,0.6778485771835681,-1.2150764867609762,Normal,0.09328648767358734,0.617613752981865,0.16918502525782128,0.7510337913692116,0.6381061842707902,0.4314323645028474,0.2738417021462953,0.15938833529000168,0.5959909331197454,0.33781645089017254,0.1852324867144636,0.12231947915955704,0.5985418107648033,0.21444300986754355,0.04491758696370353,2026-09-16T23:04:00Z
823979,647304,Josh Naylor,SEA,LAA,0,6,confirmed,Yusei Kikuchi,Angel Stadium,2026-09-17T01:38:00Z,4.0531710442024345,2837,2898,0.40593269034173074,0.5853343641059614,0.6851150232918433,Normal,0.09502593083582915,0.6491051293361899,0.2527682619416091,0.5426201760444723,0.666578194761338,0.4624454445232102,0.30129353107199364,0.18078469965638747,0.6249463082497395,0.36385106765789393,0.19903705732277832,0.12880471886005387,0.6278017558272131,0.24410269218305852,0.057654527789870916,2026-09-16T23:04:00Z
823979,666139,Josh Lowe,LAA,SEA,1,7,confirmed,George Kirby,Angel Stadium,2026-09-17T01:38:00Z,3.731739707835325,1833,3296,0.40735584779682765,0.6599403535295145,-0.6014226140822946,Normal,0.10593661675857358,0.5983068962370778,0.23934677881358107,0.712574301068583,0.6360497972692785,0.42866460345664376,0.2710939989643551,0.15706449430937497,0.5781703445364906,0.34056601392397323,0.194699935973481,0.13484251486339377,0.5805440697543351,0.1979015934436173,0.03874556580042707,2026-09-16T23:04:00Z
823979,621493,Taylor Ward,SEA,LAA,0,7,confirmed,Yusei Kikuchi,Angel Stadium,2026-09-17T01:38:00Z,3.9251299826689774,2898,2898,0.46834949570315787,0.5662532076763303,-1.634873282000036,Normal,0.1164845992388313,0.5887420836173732,0.46382800511378297,0.6492874958765523,0.6518529134399623,0.4465154402899292,0.2873150404408875,0.16999611289931074,0.5691547065004264,0.3288394340414596,0.1922442852944849,0.13951954760277013,0.5714649293401344,0.1931267581852332,0.03857453682969236,2026-09-16T23:04:00Z
823979,695681,Christian Moore,LAA,SEA,1,8,confirmed,George Kirby,Angel Stadium,2026-09-17T01:38:00Z,3.576617480136209,295,3296,0.3559614532200541,0.6517190516808313,-1.1727768640298315,Normal,0.08141194275542317,0.5645231319293257,0.21463032343796862,0.765014786135306,0.6078724382553915,0.40039716564442107,0.2476932182596745,0.139941306980171,0.546812412383011,0.2973727064837076,0.1601704027643363,0.10558844503798916,0.548898371412476,0.1719155753841753,0.030299881978407706,2026-09-16T23:04:00Z
823979,702284,Cole Young,SEA,LAA,0,8,confirmed,Yusei Kikuchi,Angel Stadium,2026-09-17T01:38:00Z,3.748177842565598,859,2898,0.3972417692065019,0.562722948986933,0.11764341865267669,Normal,0.08343209056373273,0.5713097784159246,0.27855877729654976,0.5767632966672114,0.6190988203291682,0.41294699130225515,0.25896999249022573,0.1488247984838119,0.5529883416810996,0.293789646895574,0.1599815271476573,0.10661115517821325,0.5551479244003572,0.17929600550648792,0.03376336231987173,2026-09-16T23:04:00Z
823979,624428,Adam Frazier,LAA,SEA,1,9,confirmed,George Kirby,Angel Stadium,2026-09-17T01:38:00Z,3.4280408542246983,1951,3296,0.402715195278464,0.6426487898665227,-1.3993730081320919,Normal,0.06696177663814867,0.5751949651340837,0.22072866196772054,0.5201059765359506,0.6080471014431319,0.39967188389672353,0.24655058105895014,0.1387569712136011,0.5568421317032904,0.2930059635870242,0.1481607455068243,0.09133662189302315,0.5590035844699287,0.1782183061703946,0.03157797483386338,2026-09-16T23:04:00Z
823979,642215,Weston Wilson,SEA,LAA,0,9,confirmed,Yusei Kikuchi,Angel Stadium,2026-09-17T01:38:00Z,3.608993157380254,410,2898,0.4858929986565319,0.5589742133340383,-0.06004293663086043,Normal,0.11803432897885766,0.5780091248100235,0.3313765915097766,0.7376573454828731,0.6467012011296366,0.43989963523755027,0.28090163896583026,0.16466353948228377,0.5592885141730598,0.32123325789741386,0.1893709496175641,0.13927035814588754,0.561495163595633,0.18329827023765904,0.03468693038744324,2026-09-16T23:04:00Z
824140,665161,Jeremy Peña,HOU,KC,1,1,confirmed,Daniel Lynch IV,Daikin Park,2026-09-17T00:10:00Z,4.433489827856025,2819,1582,0.6563040780916715,0.5803894880821165,-1.1545415724688437,Normal,0.14910942219429166,0.7163679357649718,0.31792975721595423,0.6065218401964879,0.738406726719147,0.5454510916595727,0.3781600098478119,0.24313837762580057,0.6865760676306546,0.44003205405579665,0.27575524593077466,0.1952417745434635,0.6901133631375902,0.3131351337549772,0.09069902272495108,2026-09-16T23:04:00Z
824140,695600,Carter Jensen,KC,HOU,0,1,confirmed,Cristian Javier,Daikin Park,2026-09-17T00:10:00Z,4.604505911220166,631,1822,0.6687915270667479,0.6062022277058218,1.0240832035645828,Normal,0.17665104600502235,0.6515561311258858,0.4742143438319579,0.7761552883257151,0.7211662037017241,0.5258890989492371,0.36048202885410796,0.22921725822412597,0.627078102631226,0.41757599708965687,0.2741709229665796,0.21159476442100855,0.6299758792891167,0.2500882955830683,0.06259923191439302,2026-09-16T23:04:00Z
824140,670541,Yordan Alvarez,HOU,KC,1,2,confirmed,Daniel Lynch IV,Daikin Park,2026-09-17T00:10:00Z,4.32332707942464,2533,1582,0.5790498112609339,0.5544565560504268,-1.1907857213207464,Normal,0.17284717317597914,0.6881300699909193,0.44412668005624933,0.5306668854821549,0.739746105595446,0.5464974936212936,0.37863487163494175,0.24309209056226871,0.6607602738965155,0.4322865076960004,0.2798902901936534,0.21035455369254222,0.6640027429962398,0.28248398066477737,0.07503225712906231,2026-09-16T23:04:00Z
824140,677951,Bobby Witt Jr.,KC,HOU,0,2,confirmed,Cristian Javier,Daikin Park,2026-09-17T00:10:00Z,4.523525654673196,3307,1822,0.567248918431896,0.5949382343425362,-0.8478768070694229,Normal,0.14199124226787663,0.6638154208923538,0.3273752503892977,0.7047998974725797,0.7115002071256299,0.5140647668428294,0.34902229166561644,0.21952862904251416,0.6383939113102003,0.4101099533966138,0.26216150159294715,0.18793704275836273,0.6414043294644539,0.2606981495159378,0.0666817392613959,2026-09-16T23:04:00Z
824140,670623,Isaac Paredes,HOU,KC,1,3,confirmed,Daniel Lynch IV,Daikin Park,2026-09-17T00:10:00Z,4.22611778609415,2642,1582,0.5284621216275626,0.539444245525949,-0.6735745607561365,Normal,0.16818585961646293,0.6549146170867868,0.498531158313032,0.4146294629916797,0.7031182542872837,0.5025316967922306,0.3368745778446,0.20853784550495807,0.6303055735109382,0.39893589524153494,0.25550521055911013,0.1959955355970154,0.6332149840727685,0.24926231842163668,0.05973410537975262,2026-09-16T23:04:00Z
824140,686469,Vinnie Pasquantino,KC,HOU,0,3,confirmed,Cristian Javier,Daikin Park,2026-09-17T00:10:00Z,4.407155706576054,2235,1822,0.4740219705304119,0.5854525754062007,-0.7005789345440994,Normal,0.14783849669304683,0.6592974144927344,0.39476826147075694,0.5360881058352812,0.6922703997972811,0.4918152644869165,0.328321911489297,0.20262714659617803,0.6342519394037601,0.39923168547133087,0.24838206240548777,0.18222352947806744,0.6372161693447763,0.25575056161950543,0.06399395897653096,2026-09-16T23:04:00Z
824140,514888,Jose Altuve,HOU,KC,1,4,confirmed,Daniel Lynch IV,Daikin Park,2026-09-17T00:10:00Z,4.140399814039982,2875,1582,0.5160714171440367,0.5232004855464001,-0.11167186451612471,Normal,0.1415744032296871,0.6941299865075621,0.34864748892462355,0.4764836460978664,0.716100347678679,0.5167735068550784,0.3493833434461474,0.21812419948673348,0.6663163206301959,0.41769434371251285,0.25464821357774603,0.18002150726451824,0.6696089998411674,0.2860286157179807,0.0748716515247267,2026-09-16T23:04:00Z
824140,521692,Salvador Perez,KC,HOU,0,4,confirmed,Cristian Javier,Daikin Park,2026-09-17T00:10:00Z,4.326644890340644,2933,1822,0.3661510794323485,0.5676717206741329,0.6931053117762427,Normal,0.14269096892270255,0.6072120803158016,0.2537711832644106,0.7040210486138393,0.6516390498893359,0.44747618237520526,0.2889707475385607,0.17185617917922988,0.5862034043452535,0.3518913279286456,0.215889451760277,0.16452661765817692,0.5886840118072003,0.20945230254705416,0.04520654474876198,2026-09-16T23:04:00Z
824140,673237,Yainer Diaz,HOU,KC,1,5,confirmed,Daniel Lynch IV,Daikin Park,2026-09-17T00:10:00Z,4.0168751818446315,1888,1582,0.48767746123574685,0.5037673835083375,1.0550230828837766,Normal,0.14941538317874217,0.7054247652726008,0.24370456268882004,0.44085455787647676,0.7127749671894222,0.5123564486738552,0.3448479748282113,0.21410966831341807,0.6766548540822797,0.42764853005746484,0.2644123198255106,0.18854195246115957,0.6800611611698416,0.29671032225707655,0.07902748852585838,2026-09-16T23:04:00Z
824140,686681,Michael Massey,KC,HOU,0,5,confirmed,Cristian Javier,Daikin Park,2026-09-17T00:10:00Z,4.196332863187588,1697,1822,0.43175591018516324,0.5493946899969177,1.100412452451985,Normal,0.11559718002302653,0.6555331454438945,0.2628023570606276,0.5741976684386816,0.668852995932891,0.46498577339136105,0.3036411137061358,0.18271566146751553,0.630868077296754,0.37892816560102044,0.22145033363746308,0.15151212869787892,0.6337847559654304,0.2502103439909867,0.060443371328867346,2026-09-16T23:04:00Z
824140,572233,Christian Walker,HOU,KC,1,6,confirmed,Daniel Lynch IV,Daikin Park,2026-09-17T00:10:00Z,3.8734137055837565,3112,1582,0.49016629793688743,0.4981312537484633,-0.8351891402485394,Normal,0.16985556472439295,0.616579931877569,0.3496635820767093,0.5262115643158661,0.6741228551641185,0.46897523516299355,0.30583068114869455,0.1834054776537659,0.5950347803382872,0.3753183109119071,0.2428796258279337,0.19196737989037918,0.5975764213528606,0.21359209854188707,0.04461616530600923,2026-09-16T23:04:00Z
824140,679845,Nick Loftin,KC,HOU,0,6,confirmed,Cristian Javier,Daikin Park,2026-09-17T00:10:00Z,4.0531710442024345,828,1822,0.3901272954674075,0.5404234445081256,-1.9736841481914933,Normal,0.08444912368547043,0.5476382179763739,0.3538290195041664,0.6670871953567321,0.5886190581090354,0.38469427287553676,0.23678965149780984,0.13329628810425695,0.5308091454479151,0.30016942951630365,0.16382086061863327,0.1100207333604156,0.5327922540442849,0.16387217345646327,0.029534115233841952,2026-09-16T23:04:00Z
824140,701358,Cam Smith,HOU,KC,1,7,confirmed,Daniel Lynch IV,Daikin Park,2026-09-17T00:10:00Z,3.731739707835325,1021,1582,0.44019435544100816,0.48463493526737167,-1.0114433834526235,Normal,0.1251683767830955,0.5937139193985232,0.32114427596077216,0.5898946097609201,0.6320160176348856,0.42462475925656,0.26775357143718403,0.15462259252571853,0.5739086311802545,0.33782829890767563,0.2073615885554286,0.1514386651264503,0.5762430535021673,0.19434715407842676,0.03758239496417502,2026-09-16T23:04:00Z
824140,670231,John Rave,KC,HOU,0,7,confirmed,Cristian Javier,Daikin Park,2026-09-17T00:10:00Z,3.9251299826689774,302,1822,0.4550379430213248,0.5233840642270264,-0.38288835141820615,Normal,0.12024650369891722,0.5795432617313077,0.38475754018184843,0.6713625067407266,0.6323036811733576,0.4265956560777629,0.2705626582600859,0.1575290376266536,0.5606020922398094,0.32665509488163674,0.19453001430730407,0.1430617004799822,0.562835559243296,0.1861681291016695,0.036281173226966806,2026-09-16T23:04:00Z
824140,662139,Daulton Varsho,HOU,KC,1,8,confirmed,Daniel Lynch IV,Daikin Park,2026-09-17T00:10:00Z,3.576617480136209,2468,1582,0.4172892750969876,0.4797714405422104,-1.1452841275155643,Normal,0.09669746610605753,0.5532617810074799,0.27752302013572183,0.538766991174658,0.6187538848893308,0.41090674498745566,0.25615343166189813,0.14598066486092792,0.5363020056477078,0.30714806848689596,0.17610923182292254,0.12200087151607447,0.5382991082381576,0.1640813658689578,0.028041474573040428,2026-09-16T23:04:00Z
824140,668942,Josh Rojas,KC,HOU,0,8,confirmed,Cristian Javier,Daikin Park,2026-09-17T00:10:00Z,3.748177842565598,1651,1822,0.4162168737896859,0.5209618333438073,0.951158885151504,Normal,0.0835804668826589,0.5619258259798859,0.31632932208183007,0.5934655505545334,0.5999453327858967,0.3944792330400327,0.24405259876598157,0.13811081051642127,0.5442402685562794,0.29559890872344075,0.1567904721814783,0.10530674275910691,0.5463244532119035,0.17255429484688614,0.03168041089023121,2026-09-16T23:04:00Z
824140,678489,Jorge Barrosa,HOU,KC,1,9,confirmed,Daniel Lynch IV,Daikin Park,2026-09-17T00:10:00Z,3.4280408542246983,260,1582,0.4094501820726056,0.48313943063477427,-0.020423916660673367,Normal,0.06733084878193524,0.5319057529196849,0.28040306662910536,0.5750037254251917,0.589805888831385,0.3825038462326714,0.233007199871698,0.12926935541148668,0.5164029115734055,0.2836340889339002,0.14271695201603551,0.0907264549158896,0.5182274245066536,0.14872038735025242,0.023393034377228204,2026-09-16T23:04:00Z
824140,686555,Isaac Collins,KC,HOU,0,9,confirmed,Cristian Javier,Daikin Park,2026-09-17T00:10:00Z,3.608993157380254,951,1822,0.4702056753355662,0.5205480150052872,-0.6966616460987193,Normal,0.0771258072875191,0.5392066278036846,0.43739569247564275,0.5991263136844935,0.6060486309496117,0.3996895900793623,0.24787078722475042,0.14060819592114468,0.5230683035708485,0.28705518220393966,0.1530404998687163,0.1008387042192973,0.5249690249876859,0.15614126046549742,0.026595021180455848,2026-09-16T23:04:00Z
824306,664983,Jake McCarthy,COL,SD,1,1,confirmed,Robbie Ray,Coors Field,2026-09-17T00:40:00Z,4.433489827856025,1934,2339,0.5872539570852386,0.6642018699150655,2.0698807408167497,Hot,0.09659747617519669,0.6890009403142167,0.30819895365844596,0.5766763694533581,0.7065552973251985,0.5078075313935247,0.3427782932810945,0.21410437424766857,0.6615380745769741,0.4028004108704483,0.24283475244662592,0.15549100284836642,0.6647932274643217,0.2843876102976144,0.07669028122936561,2026-09-16T23:04:00Z
824306,665487,Fernando Tatis Jr.,SD,COL,0,1,confirmed,Mason Adams,Coors Field,2026-09-17T00:40:00Z,4.604505911220166,2423,77,0.7158663562524494,0.60666567362159,0.8667924426254243,Normal,0.20008142885305968,0.7339549249322137,0.36216831612701167,0.6267298734400817,0.7627334337952643,0.5769880540138771,0.41009744740995696,0.27117364320837894,0.7026171590259778,0.47604368903852323,0.32143012528225434,0.24487319506572514,0.7063468473949116,0.334848087906688,0.10376055533022689,2026-09-16T23:04:00Z
824306,681393,Connor Norby,COL,SD,1,2,confirmed,Robbie Ray,Coors Field,2026-09-17T00:40:00Z,4.32332707942464,877,2339,0.5829869520970424,0.6655959337448099,1.0124701558969569,Normal,0.13849125877012466,0.6418443109035012,0.4251790798525155,0.7780677452906002,0.693718655566363,0.4926977847978789,0.32855473011989766,0.20238340094205434,0.6182203657490455,0.3859527410942404,0.2352923449816867,0.17129323965382848,0.6210130055028764,0.2386594075651907,0.05617660356689358,2026-09-16T23:04:00Z
824306,687957,Dustin Harris,SD,COL,0,2,confirmed,Mason Adams,Coors Field,2026-09-17T00:40:00Z,4.523525654673196,152,77,0.6110199652804726,0.5955388159427032,1.094655769942908,Normal,0.13784258903758723,0.7055633403002097,0.39778887508854077,0.6032500480474532,0.7249039981262836,0.5297753421600924,0.3637224916797928,0.2315607135816515,0.6766892520103203,0.4357632779165286,0.27276990084690794,0.18986898185318102,0.6801168840359407,0.3025529945814059,0.08622436184105008,2026-09-16T23:04:00Z
824306,694249,Cole Carrigg,COL,SD,1,3,confirmed,Robbie Ray,Coors Field,2026-09-17T00:40:00Z,4.22611778609415,327,2339,0.49051770349010054,0.6595400203968023,0.22367440393027227,Normal,0.11711194273695255,0.6475294192674764,0.3244051413940931,0.7184274275194124,0.6829297279516973,0.4800029764671435,0.3166444856160807,0.19261196744759132,0.6235068768894756,0.388070619185427,0.23300376506085757,0.15970719969813077,0.626346103485603,0.24255127707566843,0.05701129837693984,2026-09-16T23:04:00Z
824306,592518,Manny Machado,SD,COL,0,3,confirmed,Mason Adams,Coors Field,2026-09-17T00:40:00Z,4.407155706576054,3196,77,0.6049462867994635,0.5861096388656332,0.40319279004837566,Normal,0.19909483564516753,0.6927249023817572,0.3747866699701017,0.6334318966628265,0.7364558329454518,0.5432611476966105,0.3761762803199881,0.24156363003446715,0.6649387074279706,0.4373890217345788,0.29197143044479085,0.2291167901943198,0.6682331582867994,0.2884425921893848,0.07872548327545736,2026-09-16T23:04:00Z
824306,691720,Kyle Karros,COL,SD,1,4,confirmed,Robbie Ray,Coors Field,2026-09-17T00:40:00Z,4.140399814039982,589,2339,0.5286269541369382,0.6452092120352654,0.007724005629449668,Normal,0.1260461153254533,0.6298328097773008,0.4462820858027569,0.630816502659388,0.6760233673931659,0.47182141900838626,0.3089377483932302,0.1862719294892173,0.607230918983404,0.3633771655741404,0.21855338990094142,0.15640144978620069,0.609899558855758,0.22596665326744392,0.0499287081328863,2026-09-16T23:04:00Z
824306,664034,Ty France,SD,COL,0,4,confirmed,Mason Adams,Coors Field,2026-09-17T00:40:00Z,4.326644890340644,2754,77,0.4926656268896575,0.5683411076513843,0.8734809142620605,Normal,0.13283455188725965,0.6971879338565726,0.37921860462588947,0.629746504571238,0.7033138323168736,0.5036268163581672,0.33858202958372946,0.21046111384185395,0.669058236599651,0.41973222734712884,0.2526997547630709,0.17483327525244174,0.6723929572539565,0.2919330223027736,0.07968291473501748,2026-09-16T23:04:00Z
824306,691182,Adael Amador,COL,SD,1,5,confirmed,Robbie Ray,Coors Field,2026-09-17T00:40:00Z,4.0168751818446315,227,2339,0.4192845981943999,0.6294805723529134,1.2726137813353593,Normal,0.10139617763774164,0.6041549226958721,0.3191532888856754,0.5752444559735816,0.6435228068695156,0.43718260393707464,0.27884029028890644,0.16322901945038953,0.5835141840164111,0.33820400192025346,0.18991305533226344,0.12974244026848783,0.5859486999978282,0.20395755898001347,0.041527071771357685,2026-09-16T23:04:00Z
824306,701538,Jackson Merrill,SD,COL,0,5,confirmed,Mason Adams,Coors Field,2026-09-17T00:40:00Z,4.196332863187588,1699,77,0.5721256289620305,0.5500824211706026,2.743635323395162,Hot,0.1861912281039965,0.7019048472996237,0.2995507689464819,0.628165836123152,0.7294966201511666,0.5335010247314766,0.36580490094830503,0.23213166644921956,0.6734002501296018,0.44869509443243044,0.3030562618582437,0.22985337237726744,0.6767786966877716,0.29566359670686404,0.08063836871515838,2026-09-16T23:04:00Z
824306,687859,Troy Johnston,COL,SD,1,6,confirmed,Robbie Ray,Coors Field,2026-09-17T00:40:00Z,3.8734137055837565,550,2339,0.4063584394958539,0.6206974600357908,-0.12561700445837326,Normal,0.07890436416288299,0.6273370176008839,0.3350369374989738,0.5844839863451277,0.6426903478691536,0.43608190105906053,0.27772694850583,0.16225714318576925,0.6049762614651797,0.34815016198614634,0.18576052392657535,0.11499636482439113,0.6076149459127167,0.22256404796263085,0.04784190897952534,2026-09-16T23:04:00Z
824306,593428,Xander Bogaerts,SD,COL,0,6,confirmed,Mason Adams,Coors Field,2026-09-17T00:40:00Z,4.0531710442024345,2883,77,0.4903747244653561,0.5410880119213258,0.2652443428416883,Normal,0.10687704175598568,0.6598232829910916,0.3757540059708675,0.5659803399654025,0.6800115094396567,0.47691286968937774,0.3139612788462971,0.1905467580625155,0.6348083911986946,0.3728804713451655,0.2104564734400265,0.14038336617747263,0.637766324373379,0.2539347387330009,0.06168911314011078,2026-09-16T23:04:00Z
824306,687597,Jordan Beck,COL,SD,1,7,confirmed,Robbie Ray,Coors Field,2026-09-17T00:40:00Z,3.731739707835325,932,2339,0.3960025039627504,0.603479032282116,-1.1143440394275343,Normal,0.1036808101679975,0.584383452797865,0.3082634015392168,0.7519611805026061,0.6224756643371179,0.4151776410111647,0.260003746936298,0.1489956092870936,0.5652417198275971,0.32308789903502594,0.18672757561059466,0.13005151168825593,0.5674974524890221,0.18726263221871345,0.03531229089791025,2026-09-16T23:04:00Z
824306,630105,Jake Cronenworth,SD,COL,0,7,confirmed,Mason Adams,Coors Field,2026-09-17T00:40:00Z,3.9251299826689774,2757,77,0.4778829254893572,0.5240221192318114,-0.48665895857370045,Normal,0.10787602077402218,0.6115395219054666,0.4283748049515644,0.5862984789629326,0.6517423800691059,0.4464009458319556,0.28721762739770124,0.16992289748045122,0.5902999607246029,0.34633330119412686,0.2019720792464637,0.13935660816716355,0.5928066949147764,0.2111398566302853,0.044804992405189946,2026-09-16T23:04:00Z
824306,690924,Braxton Fulford,COL,SD,1,8,confirmed,Robbie Ray,Coors Field,2026-09-17T00:40:00Z,3.576617480136209,199,2339,0.43089293371940596,0.5972216691336373,-1.5165751370061775,Normal,0.10032405190209256,0.5573244294108778,0.33122778820106125,0.7517707493559251,0.615137793267138,0.4073935645626278,0.25331368428519163,0.14394634485145255,0.5400958552701434,0.30514938264318775,0.17398782468860327,0.12280569561760442,0.542124757800869,0.16687940902634693,0.02883919488219977,2026-09-16T23:04:00Z
824306,669392,Samad Taylor,SD,COL,0,8,confirmed,Mason Adams,Coors Field,2026-09-17T00:40:00Z,3.748177842565598,222,77,0.4758744388128783,0.521595025967136,-0.21352047647103062,Normal,0.08842533209987294,0.6326340957057984,0.32067702701367023,0.6980774192555976,0.6583771629919832,0.45268816311321713,0.292189128876309,0.17340055108119795,0.6098531550528945,0.34378823147691817,0.1915512710666354,0.12315781279302214,0.6125430143881626,0.22786100256595734,0.05051069013232608,2026-09-16T23:04:00Z
824306,678662,Ezequiel Tovar,COL,SD,1,9,confirmed,Robbie Ray,Coors Field,2026-09-17T00:40:00Z,3.4280408542246983,2210,2339,0.44053669354402547,0.595130185077695,0.6240910093680712,Normal,0.10984395050879392,0.5620479116690154,0.25172516547983625,0.6424059613492786,0.6272114479717078,0.41826319034096865,0.2615279318115305,0.1494403411759174,0.544589599028888,0.3178273983414982,0.18400178203617554,0.1327037384875493,0.5466452233108505,0.16887981681359962,0.028869904587553216,2026-09-16T23:04:00Z
824306,806956,Ethan Salas,SD,COL,0,9,confirmed,Mason Adams,Coors Field,2026-09-17T00:40:00Z,3.608993157380254,17,77,0.5143259493233155,0.5211499430386369,,Unknown,0.13362331819485365,0.6135035760044621,0.32730988313295756,0.5854102121832884,0.6693184102356468,0.4634953730585902,0.30102130471530064,0.17978901301616518,0.5922342597740793,0.3557295008733924,0.2185318987737252,0.16092080368347178,0.5947436335207584,0.21079822033070184,0.043844203668594414,2026-09-16T23:04:00Z
824382,680757,Steven Kwan,CLE,CWS,1,1,confirmed,Anthony Kay,Progressive Field,2026-09-16T17:10:00Z,4.430336168489267,3184,728,0.5707520044606303,0.6552287789084708,1.0138460981481852,Normal,0.0608158523118066,0.6612157751100797,0.4384771762967181,0.4357179591666569,0.6813502476107322,0.4795245105822715,0.3167638161597071,0.193282591585872,0.6354129171522411,0.3550761187288459,0.1854066061696957,0.1051306959972874,0.6389597194897951,0.2573038811061492,0.0645610271109239,2026-09-16T17:01:06Z
824382,805367,Chase Meidroth,CWS,CLE,0,1,confirmed,Parker Messick,Progressive Field,2026-09-16T17:10:00Z,4.60487117552335,1113,850,0.5486700891343673,0.6530707549411999,0.0439461834109572,Normal,0.0911320999040811,0.658488041023157,0.3399972977057788,0.6944582594186115,0.6806261049112017,0.4797868146671215,0.3178081018867823,0.1947161780896009,0.6328507486390699,0.3649005600576882,0.1999157569336949,0.1273370594675427,0.6363768357715553,0.2565301013667805,0.0654075942545649,2026-09-16T17:01:06Z
824382,608070,José Ramírez,CLE,CWS,1,2,confirmed,Anthony Kay,Progressive Field,2026-09-16T17:10:00Z,4.323697068403908,3233,728,0.5207972416421981,0.6540708114990816,-1.5788350994041735,Normal,0.1000337409309857,0.628561678880096,0.3424587859366026,0.4843579185988655,0.6899504553018234,0.4884400692375174,0.3242698253959762,0.19881678959847,0.6054105534329247,0.3680669130573606,0.2104051590470542,0.1397544269215364,0.6085873168003827,0.2270555091481089,0.0516246547679752,2026-09-16T17:01:06Z
824382,545341,Randal Grichuk,CWS,CLE,0,2,confirmed,Parker Messick,Progressive Field,2026-09-16T17:10:00Z,4.517768595041322,1826,850,0.5255842260599292,0.6520965010819079,1.4387486323770182,Normal,0.138515015035665,0.6768316735001043,0.2208789364813106,0.7168990634353082,0.709072170802614,0.5111612957750424,0.3458475770985561,0.2167329241505362,0.649710225178143,0.4249292400349225,0.264339866995651,0.187017202668362,0.6534427087169404,0.2731412759273104,0.0721823986568624,2026-09-16T17:01:06Z
824382,666176,Jo Adell,CLE,CWS,1,3,confirmed,Anthony Kay,Progressive Field,2026-09-16T17:10:00Z,4.226767200754005,1988,728,0.4929303054957921,0.6458785815201236,0.0515893184212512,Normal,0.1589919381863938,0.6473981082622619,0.3722081778523325,0.6151412219624057,0.6948518835966683,0.4931234517564999,0.3278882841637487,0.2012217459981847,0.6228030306808442,0.3894414767881982,0.2491496240461264,0.1885859555975271,0.6261790190988026,0.242392956929234,0.0569456996362815,2026-09-16T17:01:06Z
824382,678246,Miguel Vargas,CWS,CLE,0,3,confirmed,Parker Messick,Progressive Field,2026-09-16T17:10:00Z,4.40785498489426,1818,850,0.5164018190542611,0.6504883164363164,-0.3984352845267277,Normal,0.1268194646171417,0.6008637189300331,0.3993640674171889,0.6411881084693586,0.666188859403776,0.4632986924735146,0.302583918037715,0.1823670892736444,0.5797703219133074,0.3591716587482065,0.2170681027974917,0.1578705800864227,0.5826629978548514,0.205223540228713,0.04413642908479,2026-09-16T17:01:06Z
824382,683953,Travis Bazzana,CLE,CWS,1,4,confirmed,Anthony Kay,Progressive Field,2026-09-16T17:10:00Z,4.13932680017043,479,728,0.4236424712393641,0.6300658827475762,1.88722372136712,Normal,0.0899632041302701,0.6016035621332047,0.4250889264771703,0.6020088196607707,0.6453372498541639,0.4394854001003295,0.280691689922458,0.164719423113004,0.5806098820722372,0.3292245906496346,0.1814499930203892,0.1196939886492403,0.5834861956094423,0.2027728792034895,0.0416077498878338,2026-09-16T17:01:06Z
824382,502054,Tommy Pham,CWS,CLE,0,4,confirmed,Parker Messick,Progressive Field,2026-09-16T17:10:00Z,4.319030251019095,2045,850,0.410180685413661,0.6383991780650649,-2.251079315661422,Cold,0.0940824452059171,0.607100270724701,0.324342882899474,0.7105564709138374,0.6397781199580632,0.4351405628242224,0.2779919115924356,0.1634122493717797,0.5855924775709337,0.3347789783645127,0.1871177587561432,0.1247521522842967,0.5885417501636052,0.2092741515281975,0.0450986735389689,2026-09-16T17:01:06Z
824382,681807,David Fry,CLE,CWS,1,5,confirmed,Anthony Kay,Progressive Field,2026-09-16T17:10:00Z,4.021573270192055,852,728,0.4702990691318418,0.6123915569312414,-0.0136840812939954,Normal,0.1342660684054722,0.6055060362705,0.4543219880491253,0.6257253996579821,0.6615671470011762,0.4559468939304221,0.2943912708826615,0.1747556862594852,0.5842490719464897,0.3491742199087877,0.2117157960506863,0.1579575511784451,0.5871611137724242,0.2052418182915482,0.0420650233113715,2026-09-16T17:01:06Z
824382,691019,Kyle Teel,CWS,CLE,0,5,confirmed,Parker Messick,Progressive Field,2026-09-16T17:10:00Z,4.201328564128769,401,850,0.44660742819709,0.6252219845950743,-0.6966406589809154,Normal,0.0930747023154286,0.6176051372334922,0.3814647498683071,0.8381255697809592,0.6568396000990191,0.4521743856450147,0.2920670622696488,0.1736922535127906,0.595344961124932,0.3372467180470571,0.1854784743104541,0.1226119024759253,0.5983975946913844,0.2169844886867806,0.0474143227919059,2026-09-16T17:01:06Z
824382,694197,Angel Genao,CLE,CWS,1,6,confirmed,Anthony Kay,Progressive Field,2026-09-16T17:10:00Z,3.882703777335984,124,728,0.3918212790829188,0.6020481457907162,-1.3695499586575084,Normal,0.0757418334718899,0.5778945711021878,0.3135529584094669,0.4948245850030293,0.6233762457350104,0.4166948190404297,0.2612202222377358,0.1500180753013757,0.5586843941143671,0.3026228878512159,0.158102750553329,0.1010700477451794,0.5613137667456234,0.1835041489277751,0.0345957972467314,2026-09-16T17:01:06Z
824382,686668,Brenton Doyle,CWS,CLE,0,6,confirmed,Parker Messick,Progressive Field,2026-09-16T17:10:00Z,4.0540775014459225,1763,850,0.3961852979483064,0.617276255600267,-0.6720873700961364,Normal,0.0901498009550817,0.5896862033992408,0.2195997403793538,0.7991240489623705,0.6323908753234119,0.4270364113629961,0.2707179971355072,0.1576473624576635,0.569510880370184,0.321061121921124,0.1806295753272996,0.1200499504775737,0.5722748575087954,0.1944900521373463,0.039276581979741,2026-09-16T17:01:06Z
824382,595978,Austin Hedges,CLE,CWS,1,7,confirmed,Anthony Kay,Progressive Field,2026-09-16T17:10:00Z,3.7333138173302105,1104,728,0.3724261316035429,0.5871370076886673,-0.0335782408172595,Normal,0.0839912977061629,0.5502162213087021,0.362470813634383,0.5080849898714502,0.5883693292305089,0.3826203958254798,0.2335706173759762,0.1301318227995187,0.532974022731183,0.2735975277383091,0.1446046168113396,0.1000286163177486,0.5353323478172723,0.1630662065530076,0.0281651043652221,2026-09-16T17:01:06Z
824382,695657,Colson Montgomery,CWS,CLE,0,7,confirmed,Parker Messick,Progressive Field,2026-09-16T17:10:00Z,3.9116513489475246,886,850,0.4155225784952789,0.5996033818379206,-1.47117499992281,Normal,0.1395277039431331,0.5548203005963017,0.283326547886264,0.8716954521331477,0.6433493921083174,0.4375662724985186,0.2791753975533715,0.1636675634119076,0.5371471614970453,0.320088228871227,0.1992015303626828,0.1566123428250219,0.5395658438650149,0.1681476889351917,0.030547169598006,2026-09-16T17:01:06Z
824382,690984,Petey Halpin,CLE,CWS,1,8,confirmed,Anthony Kay,Progressive Field,2026-09-16T17:10:00Z,3.577972709551657,185,728,0.3714256932270098,0.5819831115338654,-0.1780697410111491,Normal,0.0679799800558195,0.5389098203818885,0.2562952515478301,0.5316548855721682,0.5900880818198039,0.3833121068744204,0.2335520049748971,0.129749743943148,0.5225090215569466,0.2688924415292395,0.137246093523154,0.0880191354744408,0.5247512627242235,0.1541833481969608,0.0251729461791267,2026-09-16T17:01:06Z
824382,682668,Luisangel Acuña,CWS,CLE,0,8,confirmed,Parker Messick,Progressive Field,2026-09-16T17:10:00Z,3.760705289672544,444,850,0.3584023133675745,0.5909171372708227,-0.5730425919883981,Normal,0.0642228197662928,0.5745928389267999,0.2050625372038894,0.5990099257487201,0.5950287340993183,0.3896953373802975,0.2397506622180198,0.1349017363356284,0.5555980183487157,0.2867459983770664,0.14349888676663,0.0878601711777103,0.5581985141156766,0.1816706188307578,0.0345108988638147,2026-09-16T17:01:06Z
824382,677587,Brayan Rocchio,CLE,CWS,1,9,confirmed,Anthony Kay,Progressive Field,2026-09-16T17:10:00Z,3.397685950413224,1472,728,0.3556963572108187,0.5872344947780308,0.0932354339936643,Normal,0.0599476548672851,0.515863927849119,0.2744099198563989,0.4675814048854395,0.5603086120114749,0.3553480822094073,0.2114759667172583,0.1142691952388282,0.5010260159619325,0.2536698412567094,0.1230159207498733,0.0775618601412246,0.503053466077866,0.138266734484641,0.0205851101652443,2026-09-16T17:01:06Z
824382,671976,Tristan Peters,CWS,CLE,0,9,confirmed,Parker Messick,Progressive Field,2026-09-16T17:10:00Z,3.581146408839779,478,850,0.4205670717518018,0.5899865145389764,-0.0581766526317752,Normal,0.0750878315835067,0.5769857325574066,0.2633407397328078,0.5811744906590177,0.6180566422124397,0.411094185003073,0.2565195591022803,0.1465827249142346,0.5578878233382648,0.3173626699152034,0.16884306600855,0.1065869536513399,0.5605019334188651,0.182388970732352,0.0342821830860412,2026-09-16T17:01:06Z
824467,667472,Dane Myers,CIN,LAD,1,1,confirmed,Blake Snell,Great American Ball Park,2026-09-16T22:40:00Z,4.432967032967033,822,2103,0.5757502802438651,0.659886435881066,1.0858602868683285,Normal,0.0983256733868303,0.6283611977563298,0.4160807761387284,0.786661625342913,0.678806725265547,0.477022919899429,0.3149571572016185,0.1920556849341813,0.6054506746451962,0.3436395003712461,0.1915474230502917,0.1280597745480383,0.6080770741979733,0.2279339002535811,0.0526314670792449,2026-09-16T21:25:07Z
824467,669242,Tommy Edman,LAD,CIN,0,1,confirmed,Andrew Abbott,Great American Ball Park,2026-09-16T22:40:00Z,4.608220376038478,1978,2408,0.6355494078624929,0.6358300453967092,-0.72980105963374,Normal,0.107565451032988,0.6771754633068614,0.304488426764158,0.6426647346965652,0.715012220539123,0.5189084970583687,0.3539170776699104,0.2238460762437527,0.6503051641825153,0.3990307771392822,0.2361804711709449,0.1559550834537972,0.6533949208987265,0.2745719195546883,0.0736123757982333,2026-09-16T21:25:07Z
824467,682829,Elly De La Cruz,CIN,LAD,1,2,confirmed,Blake Snell,Great American Ball Park,2026-09-16T22:40:00Z,4.323413111342352,2411,2103,0.6399604856291239,0.6603855169142975,1.38978433361462,Normal,0.1408540242273443,0.6438033547364971,0.4085063756698803,0.8545153529492596,0.7084580814306494,0.5096291280561304,0.3439279969685797,0.2146455794432904,0.6197238806106136,0.3919023930308165,0.2520138473032545,0.1821051759803361,0.6224850523918273,0.2405219171349965,0.0570358606764478,2026-09-16T21:25:07Z
824467,605141,Mookie Betts,LAD,CIN,0,2,confirmed,Andrew Abbott,Great American Ball Park,2026-09-16T22:40:00Z,4.5235368956743,2994,2408,0.7057767012430796,0.6323999341394033,0.2980091937373242,Normal,0.2119563096089987,0.6987251543681853,0.4080317240827324,0.4417228045340354,0.7498504053678081,0.5603898575613219,0.3931673924735097,0.2562483022696126,0.6700686162501982,0.4549886963745347,0.3132616777813828,0.2476750700404512,0.6733669060075983,0.2954439344949439,0.082889906340795,2026-09-16T21:25:07Z
824467,701398,Sal Stewart,CIN,LAD,1,3,confirmed,Blake Snell,Great American Ball Park,2026-09-16T22:40:00Z,4.225470957613815,711,2103,0.5018733234328533,0.6534972089943376,0.1048864025979648,Normal,0.1572243133138415,0.6268348473134145,0.3546287027011459,0.7434230399533506,0.6932063320209038,0.4915702489625664,0.3269146904815751,0.2006513320656998,0.6041320202732808,0.3665472752266078,0.2318848007702751,0.1793015883103101,0.6067326141830207,0.2245670131094403,0.0501125640532817,2026-09-16T21:25:07Z
824467,669257,Will Smith,LAD,CIN,0,3,confirmed,Andrew Abbott,Great American Ball Park,2026-09-16T22:40:00Z,4.408090422367638,2356,2408,0.6332687667323713,0.627877067791572,-0.0661544400083936,Normal,0.1698039255451936,0.6631453626417246,0.4979011604364153,0.539206239169081,0.7218818266875768,0.5260550814583284,0.3598262236813698,0.2280489432675331,0.6374671764307468,0.4060998375690628,0.2639508622160458,0.2013889744715844,0.6404156048705635,0.2595002982362226,0.06575543773875,2026-09-16T21:25:07Z
824467,663886,Tyler Stephenson,CIN,LAD,1,4,confirmed,Blake Snell,Great American Ball Park,2026-09-16T22:40:00Z,4.139465191332411,1993,2103,0.4586244989567102,0.6385965577811435,-0.1948369724834642,Normal,0.1247002403433045,0.5994246553759996,0.4176781060868001,0.8332045155703919,0.6595799395381826,0.4544903595805191,0.2938476653151698,0.1747520206600022,0.5788321467229309,0.3422123937037901,0.2023389510577285,0.1484792412641629,0.5811882169560239,0.2011428634012811,0.0411086323129064,2026-09-16T21:25:07Z
824467,518692,Freddie Freeman,LAD,CIN,0,4,confirmed,Andrew Abbott,Great American Ball Park,2026-09-16T22:40:00Z,4.328313253012047,3317,2408,0.5174261089136372,0.6123228971717315,-0.6124636788996445,Normal,0.1135248069504088,0.7139011675700574,0.3380621919824762,0.5922717407455621,0.7264787421358058,0.5308447549363063,0.3638368464449373,0.2309657714327651,0.6839605778143034,0.443998075695517,0.26433530950248,0.1728340328330361,0.6874071531026806,0.3097132833469387,0.088555436901272,2026-09-16T21:25:07Z
824467,553993,Eugenio Suárez,CIN,LAD,1,5,confirmed,Blake Snell,Great American Ball Park,2026-09-16T22:40:00Z,4.014985590778098,3086,2103,0.4859508863750325,0.6222385520346222,0.9089478212543964,Normal,0.1739101842298152,0.5594256031399671,0.4419997777228291,0.8655549375820774,0.6712106618203284,0.4662928991261038,0.3036365266262189,0.1818847622819877,0.5416965536889881,0.3382648235965249,0.2249591144260152,0.187545726379132,0.5437225288713592,0.1705774281616436,0.0308585682238974,2026-09-16T21:25:07Z
824467,606192,Teoscar Hernández,LAD,CIN,0,5,confirmed,Andrew Abbott,Great American Ball Park,2026-09-16T22:40:00Z,4.198426082068578,2856,2408,0.54026914630354,0.5968127139974869,1.965896652257048,Normal,0.1860943061094666,0.6716542663872841,0.3263049772145988,0.6955037026888315,0.7238660720723246,0.5270372271253173,0.359688407224629,0.2271191312928457,0.6453536867657611,0.4229695973246372,0.2799936167030897,0.2176050427495013,0.6483725085221179,0.2654753697923818,0.067035305665161,2026-09-16T21:25:07Z
824467,682877,Juan Brito,CIN,LAD,1,6,confirmed,Blake Snell,Great American Ball Park,2026-09-16T22:40:00Z,3.8834375,88,2103,0.415262603790842,0.6113816882125677,0.1056521270924503,Normal,0.0893424471116236,0.5729276375937075,0.3485563557675469,0.7642999096444921,0.6372750084319062,0.4307589108190588,0.2732039615412659,0.1589093565104093,0.5542887003500051,0.3112858852181707,0.1695270299008986,0.1142928133746734,0.5564189956807758,0.1799028728164041,0.0335004401411786,2026-09-16T21:25:07Z
824467,500743,Miguel Rojas,LAD,CIN,0,6,confirmed,Andrew Abbott,Great American Ball Park,2026-09-16T22:40:00Z,4.054608585858586,1813,2408,0.4349199301083459,0.5873672595196645,-0.534043973929979,Normal,0.100507719602297,0.64707112958158,0.30518372614597,0.4147287142214667,0.6614802380470106,0.4572271970639828,0.296716473400854,0.1772914318312832,0.6227675936133545,0.3664107000774835,0.2052932209911732,0.1353786538645603,0.6255536084620138,0.2424006834017996,0.0570940334495263,2026-09-16T21:25:07Z
824467,668709,JJ Bleday,CIN,LAD,1,7,confirmed,Blake Snell,Great American Ball Park,2026-09-16T22:40:00Z,3.7334200260078014,2035,2103,0.3981531567079616,0.5957764561675587,-1.2991961975580029,Normal,0.0966943080981008,0.5048457930000354,0.4319338314627274,0.7481660182769462,0.5980870664232508,0.3918325819159991,0.2411365323800031,0.1355172701565804,0.4906754981478429,0.2831961392880972,0.1584864441759274,0.1153462498396847,0.4922927985052601,0.1339053253704191,0.0203204157212824,2026-09-16T21:25:07Z
824467,663656,Kyle Tucker,LAD,CIN,0,7,confirmed,Andrew Abbott,Great American Ball Park,2026-09-16T22:40:00Z,3.926315789473685,2803,2408,0.4695188361079008,0.5682220112859024,0.4409180567296455,Normal,0.1274598632842798,0.6051064933269149,0.367281621995367,0.5201096732941294,0.6701552903235288,0.4660124996488956,0.3040617221643962,0.1827199237156912,0.5840725314039662,0.351604062284284,0.2135422423048015,0.1556493271938988,0.5864798868198214,0.2061336836336229,0.043136418332088,2026-09-16T21:25:07Z
824467,624431,Jose Trevino,CIN,LAD,1,8,confirmed,Blake Snell,Great American Ball Park,2026-09-16T22:40:00Z,3.579333089043605,1201,2103,0.3667044918194295,0.5896934449406966,-2.005900759431852,Cold,0.0923705590983268,0.5366394104013792,0.231174284511825,0.5749510830990673,0.5935141029861718,0.3869977122665644,0.2370067148742869,0.1324247149407963,0.5205481701595456,0.2737832895438145,0.1493171112796099,0.1073953734974998,0.522385476145202,0.1531781402414204,0.0251239023529785,2026-09-16T21:25:07Z
824467,571771,Enrique Hernández,LAD,CIN,0,8,confirmed,Andrew Abbott,Great American Ball Park,2026-09-16T22:40:00Z,3.7588298251872994,1636,2408,0.4666178768380999,0.5631710851507976,-0.8672034602565359,Normal,0.1254699513802161,0.5809417110187559,0.2825076789712051,0.5908999457353065,0.6367009015536579,0.4305758903269606,0.2734272370593608,0.1593862544656744,0.5617156284781734,0.3283966125119136,0.1937282297911942,0.1453195227462923,0.563914164947751,0.1865082549840564,0.0361218892651153,2026-09-16T21:25:07Z
824467,680574,Matt McLain,CIN,LAD,1,9,confirmed,Blake Snell,Great American Ball Park,2026-09-16T22:40:00Z,3.4116129032258065,1441,2103,0.4413428251027074,0.5916951605126753,-1.9043180390451184,Normal,0.1008522330387501,0.4950613134430663,0.3407975078450485,0.7726765308640343,0.593332130876372,0.3857989370581119,0.2354202304796451,0.1308887913800691,0.481613647904817,0.2604424861486574,0.1492276277859061,0.1134466470131106,0.483147837119275,0.1262945630990253,0.0178846380373236,2026-09-16T21:25:07Z
824467,669743,Alex Call,LAD,CIN,0,9,confirmed,Andrew Abbott,Great American Ball Park,2026-09-16T22:40:00Z,3.6029543419874654,1192,2408,0.5029720762204104,0.5617280897433917,-1.4191356891503768,Normal,0.0917245966825509,0.5724014758433795,0.4291836248326299,0.4788936963098666,0.6311739224981722,0.4243772491497932,0.2678826198858489,0.1550525608899977,0.5538340486361171,0.3042206058941603,0.1673378798860068,0.1144908625526978,0.5559564772897285,0.1793205633698796,0.0334986480784456,2026-09-16T21:25:07Z
824626,691718,Pete Crow-Armstrong,CHC,ATL,1,1,confirmed,JR Ritchie,Wrigley Field,2026-09-16T23:40:00Z,4.433489827856025,1758,256,0.7639359985895425,0.6513008060651208,-0.2965382840747617,Normal,0.24188629976266396,0.6583346010934799,0.47735827563655153,0.6836668475224665,0.7460574143539904,0.5548522908290066,0.38725086565333283,0.250777868857655,0.6333780677070354,0.43922195292838345,0.3223876538877936,0.26872904352711846,0.6363314527403668,0.2546113195790251,0.06339990836896219,2026-09-16T23:04:00Z
824626,660670,Ronald Acuña Jr.,ATL,CHC,0,1,confirmed,Shota Imanaga,Wrigley Field,2026-09-16T23:40:00Z,4.604505911220166,2338,1922,0.7060125521674657,0.6414246077999382,1.2206841722314734,Normal,0.2124415929064664,0.6961491045365319,0.3776790245503698,0.665616849212688,0.7496153027308069,0.5603952457175,0.3936466409714521,0.2570175593428728,0.6680486614272501,0.4411365821265587,0.3035390049444088,0.2422954273274698,0.6713836608540583,0.29360570995525037,0.08245920074149433,2026-09-16T23:04:00Z
824626,673548,Seiya Suzuki,CHC,ATL,1,2,confirmed,JR Ritchie,Wrigley Field,2026-09-16T23:40:00Z,4.32332707942464,2857,256,0.5851870794353977,0.6500761320215179,-0.11222099648427854,Normal,0.13923038021612902,0.6398238606558553,0.4830727029346882,0.6796317589280093,0.7080515917435323,0.5089435332790675,0.34333781599410557,0.2141699236981319,0.6163571528818675,0.3864532315910664,0.24120277046727126,0.1752366736890261,0.6191309806075439,0.23686806012647232,0.05546137389067411,2026-09-16T23:04:00Z
824626,686948,Drake Baldwin,ATL,CHC,0,2,confirmed,Shota Imanaga,Wrigley Field,2026-09-16T23:40:00Z,4.523525654673196,1019,1922,0.539864317980328,0.638328750019505,0.03352975622142245,Normal,0.1616240004598745,0.6812357136886552,0.28776022233820053,0.7121589469625863,0.7210697239389258,0.5252398095658526,0.35945025426545796,0.22804418054271483,0.6543978359399631,0.40762846467027763,0.2592365378706622,0.19368957214714871,0.6575789640688565,0.2775918243407153,0.07427507349483199,2026-09-16T23:04:00Z
824626,683737,Michael Busch,CHC,ATL,1,3,confirmed,JR Ritchie,Wrigley Field,2026-09-16T23:40:00Z,4.22611778609415,1907,256,0.5646600055043985,0.6413892940185177,-0.056840893557780825,Normal,0.15374088321867216,0.6159413669778825,0.5608306041677394,0.6580392935782651,0.6964379466939664,0.49498343431461395,0.33003598292154857,0.20311405331620822,0.5943444566803597,0.3705128289781108,0.23654605838888146,0.18066613580645935,0.5968941159521877,0.2153084612515872,0.04657568567123235,2026-09-16T23:04:00Z
824626,621566,Matt Olson,ATL,CHC,0,3,confirmed,Shota Imanaga,Wrigley Field,2026-09-16T23:40:00Z,4.407155706576054,3486,1922,0.5289056397307349,0.6350622288867284,-0.3064693845553736,Normal,0.2143307527915535,0.6343278913576859,0.3017294271922053,0.7739250478807705,0.7115697297064919,0.513753163751039,0.34836858458302006,0.21869158532359734,0.6112394044496979,0.4157502599636369,0.2872186467051709,0.2376188859555167,0.613969015312797,0.2331770029973375,0.05467757861314372,2026-09-16T23:04:00Z
824626,608324,Alex Bregman,CHC,ATL,1,4,confirmed,JR Ritchie,Wrigley Field,2026-09-16T23:40:00Z,4.140399814039982,3186,256,0.518033607875515,0.6254452478429084,1.5437655452678727,Normal,0.14082637142482865,0.6208966840315179,0.4626836359319255,0.4697485889222112,0.690499803012992,0.487672496799985,0.3229528848360527,0.1971470621751537,0.5989745806991785,0.3669844312806758,0.22456782479927398,0.16742423258466382,0.601562207210155,0.21841712957229392,0.04713462672685537,2026-09-16T23:04:00Z
824626,645277,Ozzie Albies,ATL,CHC,0,4,confirmed,Shota Imanaga,Wrigley Field,2026-09-16T23:40:00Z,4.326644890340644,2676,1922,0.4505903352007519,0.6203253000847736,-1.1127246984275188,Normal,0.12886426227195788,0.6313980921680354,0.24869782206822197,0.5772247491468054,0.679448329383646,0.4770493682317837,0.31469042811196324,0.191598994424526,0.6085782861384964,0.36916965808317,0.22253870061039804,0.16007022040081878,0.6112750774589457,0.22970099761194115,0.052819368128441194,2026-09-16T23:04:00Z
824626,664023,Ian Happ,CHC,ATL,1,5,confirmed,JR Ritchie,Wrigley Field,2026-09-16T23:40:00Z,4.0168751818446315,3252,256,0.5406366130027965,0.607757002936928,0.4472378471410128,Normal,0.13753074582940872,0.585945595178486,0.5401418489726305,0.6876216754405097,0.6687162934949351,0.4634493349510986,0.30123822508528164,0.1800657321809721,0.5666145071121687,0.3502385705802601,0.21400183215834553,0.16192254900761566,0.5688934864108978,0.18982397576499319,0.036810722940740295,2026-09-16T23:04:00Z
824626,671739,Michael Harris II,ATL,CHC,0,5,confirmed,Shota Imanaga,Wrigley Field,2026-09-16T23:40:00Z,4.196332863187588,2674,1922,0.46362810158638934,0.6058226933142515,0.3122493635663923,Normal,0.14470314923307093,0.6800390611899991,0.17032053035744582,0.6676571369717517,0.7018796710789851,0.5013324301106049,0.33598576316205453,0.2080037056167061,0.6533785258422015,0.41135656953597527,0.25759784732981134,0.18492864743973214,0.6565347195346947,0.27351703670254357,0.07044343226014042,2026-09-16T23:04:00Z
824626,663538,Nico Hoerner,CHC,ATL,1,6,confirmed,JR Ritchie,Wrigley Field,2026-09-16T23:40:00Z,3.8734137055837565,3144,256,0.4265684520131728,0.5986600882831967,0.8678013621118463,Normal,0.06693311533009659,0.6281711364547017,0.29183657383927963,0.37371661041961873,0.6410918576825603,0.43445650977777894,0.2763663184972275,0.16125094959165398,0.6057464496105678,0.32861189589481166,0.16847630224921972,0.09960867401875072,0.6083927449460983,0.2232707615767874,0.048100472467904914,2026-09-16T23:04:00Z
824626,643289,Mauricio Dubón,ATL,CHC,0,6,confirmed,Shota Imanaga,Wrigley Field,2026-09-16T23:40:00Z,4.0531710442024345,2165,1922,0.4356553499536518,0.5965470151437946,1.249383811921194,Normal,0.10084526881454545,0.6501724586097346,0.20057139735781385,0.4302260350739993,0.6576865708790585,0.4530561302112069,0.29318715698568226,0.1746120879036625,0.625929071621622,0.3672767943522752,0.2062594045050151,0.13591341317557754,0.6287946363548953,0.24506907424512173,0.058045299516728606,2026-09-16T23:04:00Z
824626,624424,Michael Conforto,CHC,ATL,1,7,confirmed,JR Ritchie,Wrigley Field,2026-09-16T23:40:00Z,3.731739707835325,1726,256,0.4861977478608243,0.5823402696876714,0.42951410036471316,Normal,0.1405436349295542,0.5512920866593642,0.4689581521704753,0.6155218240293427,0.6325147128770934,0.42512272320693,0.26816446538570804,0.15492242745371604,0.5344025310787559,0.3197074874027439,0.19832592880768188,0.1568041322091131,0.5363915351229098,0.1635543112506759,0.02818155869131811,2026-09-16T23:04:00Z
824626,663586,Austin Riley,ATL,CHC,0,7,confirmed,Shota Imanaga,Wrigley Field,2026-09-16T23:40:00Z,3.9251299826689774,2918,1922,0.4710879807341257,0.5769850804938372,-0.27949200267845026,Normal,0.16806890245442963,0.6117317630312195,0.2564076132534925,0.7629679551010735,0.6673018722749484,0.4627353776350712,0.30124851561755783,0.1805548850974527,0.5904779624534345,0.3706739012521017,0.24145152809502346,0.19063317540763014,0.592986392757765,0.21129652810775917,0.044861047391661045,2026-09-16T23:04:00Z
824626,699393,Pedro Ramírez,CHC,ATL,1,8,confirmed,JR Ritchie,Wrigley Field,2026-09-16T23:40:00Z,3.576617480136209,236,256,0.4819944366757461,0.5770137569618041,0.16043536905445685,Normal,0.10970065857271867,0.5757587617555636,0.36119559650256067,0.48093251572467405,0.6389775729226053,0.4309474735225636,0.27257860858701655,0.15788797033339072,0.5572805115149593,0.31969620733430004,0.18590120315312642,0.13306472634679917,0.5594573455965025,0.17997935880000784,0.032705326408126505,2026-09-16T23:04:00Z
824626,669221,Sean Murphy,ATL,CHC,0,8,confirmed,Shota Imanaga,Wrigley Field,2026-09-16T23:40:00Z,3.748177842565598,1743,1922,0.43659959513675467,0.5729773442942871,-0.5306685123243476,Normal,0.1537593312891978,0.5456104062838004,0.30844567233786263,0.7172187538482209,0.6230897380851015,0.4168673612318909,0.2621785473080204,0.15115555187448954,0.5290010714592823,0.3250126704457309,0.20814531174292744,0.1690665892123628,0.5309577498674891,0.16123969767624452,0.028316702070697426,2026-09-16T23:04:00Z
824626,608348,Carson Kelly,CHC,ATL,1,9,confirmed,JR Ritchie,Wrigley Field,2026-09-16T23:40:00Z,3.4280408542246983,1640,256,0.42425400182811646,0.5770408535723137,0.40297826726672537,Normal,0.08485335682912058,0.5301698360585044,0.3283509421003766,0.4935391225039899,0.6022317469777119,0.39414428079916664,0.242160137788014,0.1356631890762198,0.514775602306524,0.26570290906129057,0.14100748373036928,0.09949507717892779,0.5165872880828731,0.14761066281598723,0.023106212589363097,2026-09-16T23:04:00Z
824626,673490,Ha-Seong Kim,ATL,CHC,0,9,confirmed,Shota Imanaga,Wrigley Field,2026-09-16T23:40:00Z,3.608993157380254,1994,1922,0.4217678032611057,0.5679961687691565,-1.201458129165414,Normal,0.09614723031254305,0.5445563597266296,0.28665301394022663,0.5511765719364197,0.6032016356091922,0.39697198365253444,0.24569404215409665,0.1390573341568781,0.5280746117024883,0.2821614199895264,0.15783766973070681,0.1133198961691593,0.530015978657727,0.1597144294275621,0.027605749465106792,2026-09-16T23:04:00Z
825031,663457,Lars Nootbaar,AZ,MIA,1,1,confirmed,Ryan Gusto,Chase Field,2026-09-17T01:40:00Z,4.433489827856025,2134,800,0.6387472415029384,0.6118265130073999,0.8075669725319481,Normal,0.1307046327522992,0.6769960059283168,0.4733639481475906,0.5748097724470337,0.7152646300869775,0.5178711512947572,0.35208111125366853,0.2216308690727399,0.6505278499700942,0.41095920816856485,0.2514086275661431,0.17519820964287744,0.6536630282457639,0.27243693043756534,0.07120897379744359,2026-09-16T23:04:00Z
825031,669065,Kyle Stowers,MIA,AZ,0,1,confirmed,Merrill Kelly,Chase Field,2026-09-17T01:40:00Z,4.604505911220166,1279,3233,0.6226605465654296,0.6614278027980747,-1.2677674229896976,Normal,0.18309644591802735,0.6695557665365739,0.4122880749541114,0.7794322366568514,0.7198513372378333,0.524340316442098,0.35902550423011975,0.22801877199032955,0.6436433051390139,0.42917544635814064,0.28900732892321457,0.22214859821550934,0.6467137498609805,0.2670302836790777,0.07001807170460125,2026-09-16T23:04:00Z
825031,606466,Ketel Marte,AZ,MIA,1,2,confirmed,Ryan Gusto,Chase Field,2026-09-17T01:40:00Z,4.32332707942464,2928,800,0.6216628765440066,0.5988055484123114,0.7005116192594169,Normal,0.17406553711696637,0.7031224800421949,0.3930168459810654,0.47661874476541644,0.7350952657400749,0.5408381833991391,0.37321226665338136,0.2385770765967652,0.6744827770112883,0.45168086342438113,0.2971986383099618,0.22076406062009815,0.6778785943252389,0.2978995559996523,0.08229590844798142,2026-09-16T23:04:00Z
825031,681715,Heriberto Hernández,MIA,AZ,0,2,confirmed,Merrill Kelly,Chase Field,2026-09-17T01:40:00Z,4.523525654673196,754,3233,0.5292292696371065,0.6601020683865766,-0.6197680647136747,Normal,0.14610697973730977,0.6476935803700998,0.35943146203115905,0.7814435807176622,0.6957888526538379,0.4961484951882582,0.33259024365179723,0.20630506188793388,0.6235501657022234,0.38594940054110416,0.2410752628277051,0.1780401104762167,0.6264070009811314,0.2457509943079537,0.06029065061269759,2026-09-16T23:04:00Z
825031,672515,Gabriel Moreno,AZ,MIA,1,3,confirmed,Ryan Gusto,Chase Field,2026-09-17T01:40:00Z,4.22611778609415,1623,800,0.4963764301850637,0.5851759657466244,0.7033570463586553,Normal,0.09438744938797601,0.6999180539174344,0.3579464299728206,0.5128327292513878,0.6985792347070491,0.49739264850403675,0.33221200309222426,0.20483543414345856,0.671582025663497,0.40887109214659617,0.23032079087254673,0.14352738821631145,0.6749392733794786,0.2931935353010364,0.07907313170313211,2026-09-16T23:04:00Z
825031,672640,Otto Lopez,MIA,AZ,0,3,confirmed,Merrill Kelly,Chase Field,2026-09-17T01:40:00Z,4.407155706576054,1683,3233,0.47928509492902915,0.6612437981692475,0.5242463043905811,Normal,0.07933171934797192,0.6991709544216361,0.24635522809152785,0.5319257551422069,0.69178769543599,0.4912765464115848,0.3278361688064979,0.2022422952842871,0.6708411619220647,0.4022079122106169,0.22400104375051094,0.1339745930574882,0.6742013704297861,0.29509416272112887,0.08190537325171005,2026-09-16T23:04:00Z
825031,672695,Geraldo Perdomo,AZ,MIA,1,4,confirmed,Ryan Gusto,Chase Field,2026-09-17T01:40:00Z,4.140399814039982,2738,800,0.5369331354992185,0.5677304939400081,-0.2636673349571238,Normal,0.09092330223277952,0.6614071853400861,0.4850339932251912,0.4378063507900452,0.6812927980780265,0.47754289240261955,0.3139661766767434,0.19015396636732373,0.6363152722672227,0.3721743462170626,0.21092942027371955,0.13380060416724882,0.6392813542186678,0.2541520673821403,0.06102763918373008,2026-09-16T23:04:00Z
825031,665052,Griffin Conine,MIA,AZ,0,4,confirmed,Merrill Kelly,Chase Field,2026-09-17T01:40:00Z,4.326644890340644,461,3233,0.5757072442663556,0.6495300217233992,0.610675250088435,Normal,0.17988024577251222,0.6582389191618867,0.42238295088230526,0.7297447625207604,0.7131790892239117,0.5149621635646634,0.34900352940368584,0.2188460830166809,0.6333188573493493,0.4048913658717779,0.26689506109910893,0.20804957572881067,0.6362671579758763,0.2537660121427957,0.06258087537685086,2026-09-16T23:04:00Z
825031,682998,Corbin Carroll,AZ,MIA,1,5,confirmed,Ryan Gusto,Chase Field,2026-09-17T01:40:00Z,4.0168751818446315,2716,800,0.6072765085576277,0.5480804056940705,-2.181268913563452,Cold,0.14792305386273724,0.6536364939415354,0.40186149731617654,0.5830874749857956,0.7135033715704251,0.5131997376860036,0.34562257395851953,0.21472940033562954,0.6292001395399108,0.418599870732735,0.28390532328327706,0.20287100616546866,0.6320868428002175,0.24609042211631713,0.057133746935384915,2026-09-16T23:04:00Z
825031,691594,Javier Sanoja,MIA,AZ,0,5,confirmed,Merrill Kelly,Chase Field,2026-09-17T01:40:00Z,4.196332863187588,826,3233,0.42171513551921114,0.6402991508924556,1.3205968353234796,Normal,0.0858146963305291,0.6775108987902763,0.20258278834311327,0.43250682244588057,0.6752738178954345,0.47188328120002493,0.30967285660605076,0.18736170970699975,0.6510597747971799,0.4069621370762928,0.23421258452289073,0.14493619600476426,0.6541907874270741,0.2710404370263736,0.0693455868853231,2026-09-16T23:04:00Z
825031,571448,Nolan Arenado,AZ,MIA,1,6,confirmed,Ryan Gusto,Chase Field,2026-09-17T01:40:00Z,3.8734137055837565,2859,800,0.43873776978593104,0.5406052873542294,1.0410971993514107,Normal,0.1264478012670443,0.6357686100418105,0.28081029386135054,0.5224361563932465,0.6721700734044828,0.46687808036135275,0.30400607343831876,0.18201136326323028,0.6127570733683952,0.36575456034198073,0.21594032788304585,0.1545118806756756,0.6154732621199493,0.22978203412933543,0.050513583210075486,2026-09-16T23:04:00Z
825031,805300,Jakob Marsee,MIA,AZ,0,6,confirmed,Merrill Kelly,Chase Field,2026-09-17T01:40:00Z,4.0531710442024345,814,3233,0.49988646318997876,0.6338926485011865,1.0633729796316347,Normal,0.10238604938604745,0.6073809246970499,0.46418858804227386,0.5254523208036798,0.6544644554901098,0.44968929049564826,0.29030212059839783,0.17242931021529656,0.5864074538713583,0.34609525783117295,0.2031284882825546,0.13756251334934871,0.588882786889961,0.20842391783655032,0.04410073431837561,2026-09-16T23:04:00Z
825031,660821,Jesús Sánchez,AZ,MIA,1,7,confirmed,Ryan Gusto,Chase Field,2026-09-17T01:40:00Z,3.731739707835325,2082,800,0.43149335896967556,0.526346313229533,-1.135997746528971,Normal,0.11938339628260178,0.629393906158191,0.31981700140648434,0.6020235839964133,0.6611987956495063,0.4544888659878137,0.2928270200100423,0.17319236686560632,0.6069349741190648,0.36902104972420385,0.2190141415436517,0.1532529435251822,0.609584628769353,0.22316724075753455,0.04748233708562919,2026-09-16T23:04:00Z
825031,669364,Xavier Edwards,MIA,AZ,0,7,confirmed,Merrill Kelly,Chase Field,2026-09-17T01:40:00Z,3.9251299826689774,1589,3233,0.4237167715925657,0.613470610135253,-0.29789726170932934,Normal,0.07313771434958105,0.6544946909530298,0.34137727595134265,0.42352202087286356,0.6516887667314134,0.44634541901311303,0.2871703893372465,0.16988739648963538,0.6299475268617699,0.3465326893690754,0.18683045327934344,0.11257759113699176,0.6328490036682941,0.24824807158132176,0.05898810534553669,2026-09-16T23:04:00Z
825031,656976,Pavin Smith,AZ,MIA,1,8,confirmed,Ryan Gusto,Chase Field,2026-09-17T01:40:00Z,3.576617480136209,1048,800,0.4593074601371924,0.521861371682803,-1.3475745575374738,Normal,0.11379040887633944,0.5799440938759335,0.39155761886812024,0.5927127961235004,0.6438697300395414,0.4358987320083911,0.27669652009002865,0.16091060294356105,0.5611752450763526,0.3241849489675666,0.1863961666150099,0.13532981674577751,0.5633865011994662,0.18304767415467404,0.03364216955075293,2026-09-16T23:04:00Z
825031,691788,Joe Mack,MIA,AZ,0,8,confirmed,Merrill Kelly,Chase Field,2026-09-17T01:40:00Z,3.748177842565598,309,3233,0.45321000126968963,0.6080600343586761,0.09517494038429629,Normal,0.14383727734740426,0.5929355415480034,0.26406453276732256,0.6069977629276373,0.6564704520173694,0.45069720880215325,0.290487789891574,0.1721181175515944,0.5731016441297239,0.3370732538066189,0.2101604583518198,0.16276594188568216,0.5754407626816727,0.1955073634786031,0.03901282586979123,2026-09-16T23:04:00Z
825031,694374,Tim Tawa,AZ,MIA,1,9,confirmed,Ryan Gusto,Chase Field,2026-09-17T01:40:00Z,3.4280408542246983,536,800,0.42123707678072847,0.5247167268813154,0.5960142871014041,Normal,0.09010999634800315,0.5622274345964601,0.25532768159372676,0.6230960896705099,0.6255994197972813,0.41667660361745396,0.2602369791171237,0.14851167056369122,0.5447570784532098,0.2965913575430897,0.16076246421791443,0.1105453891389872,0.546814127079144,0.16900505010895514,0.028905504724528294,2026-09-16T23:04:00Z
825031,665923,Esteury Ruiz,MIA,AZ,0,9,confirmed,Merrill Kelly,Chase Field,2026-09-17T01:40:00Z,3.608993157380254,848,3233,0.39084103070356396,0.5983192857575136,-2.0915660625537855,Cold,0.0690354990953131,0.5586548581121298,0.2697345658836529,0.7012577891376658,0.6048134871985062,0.3985090690854942,0.24692436156750072,0.13993336916444393,0.5412487993901283,0.2917652156185777,0.15016230792624405,0.09439458459186385,0.5432996217571201,0.16938922329775385,0.030424532518640867,2026-09-16T23:04:00Z
