game_pk,player_id,name,team,opponent,is_home,lineup_slot,lineup_status,opposing_pitcher,venue_name,start_time_utc,expected_pa,batter_pa_seen,pitcher_pa_seen,exp_runs,starter_share,form_z,form_state,prob_hr,prob_hit,prob_walk,prob_k,prob_hrr_over_0.5,prob_hrr_over_1.5,prob_hrr_over_2.5,prob_hrr_over_3.5,prob_tb_over_0.5,prob_tb_over_1.5,prob_tb_over_2.5,prob_tb_over_3.5,prob_hits_over_0.5,prob_hits_over_1.5,prob_hits_over_2.5,predicted_at_utc
822848,607043,Brandon Nimmo,TEX,TB,1,1,projected,TBD,Globe Life Field,2026-09-06T18:35:00Z,4.431203685159223,3245,0,0.6003898716969178,0.5872022454862692,0.18554640676571446,Normal,0.1343191163151849,0.6878293691988917,0.38758275673843706,0.6019502457289531,0.7091220851347626,0.5098255224511881,0.34386977144201303,0.2145584911813727,0.6580453253461525,0.4164138680410495,0.25849833874348094,0.1836068977082414,0.6642866892041581,0.2830056671744887,0.07580304503026965,2026-09-05T22:41:32Z
822848,650490,Yandy Díaz,TB,TEX,0,1,projected,MacKenzie Gore,Globe Life Field,2026-09-06T18:35:00Z,4.612460191082803,3035,2965,0.595172606097306,0.6398329574775833,0.5840348788028608,Normal,0.1387282301482011,0.7402946366679207,0.3770573252478607,0.5619706987400473,0.735177119993262,0.5416279666294884,0.3746369166558188,0.24050966517610498,0.6870323619650349,0.4491636696111081,0.2858203467807361,0.20346550009221548,0.7128805161125038,0.3420457963391163,0.10742285995579857,2026-09-05T22:41:32Z
822848,592626,Joc Pederson,TEX,TB,1,2,projected,TBD,Globe Life Field,2026-09-06T18:35:00Z,4.3160359685275385,2026,0,0.6048620164612467,0.5872022454862692,-1.23868406180619,Normal,0.20975031008840347,0.6426990966337697,0.4372958589112387,0.6420870028321415,0.7103273892264551,0.5105153919099585,0.3439349322572406,0.21416292957866767,0.6787631457536014,0.4379375506040442,0.27522235333617223,0.19522558873975016,0.6223152969964524,0.23904135938522766,0.05606368778551603,2026-09-05T22:41:32Z
822848,802415,Chandler Simpson,TB,TEX,0,2,projected,MacKenzie Gore,Globe Life Field,2026-09-06T18:35:00Z,4.514755959137344,979,2965,0.5249988208930484,0.6397978903557848,0.5331471758935247,Normal,0.05672712103655408,0.7402231409078553,0.2478651609134345,0.45845011697892396,0.7104384818342697,0.5118907679214701,0.34622035449856764,0.21680745311014926,0.6275319501731573,0.3857514452964948,0.23499995310219562,0.1672651310871831,0.7128108829572253,0.34092928476894774,0.10592782316219551,2026-09-05T22:41:32Z
822848,608369,Corey Seager,TEX,TB,1,3,projected,TBD,Globe Life Field,2026-09-06T18:35:00Z,4.227059485832238,2525,0,0.5732605476060234,0.5872022454862692,0.8746655931197763,Normal,0.2013331753285543,0.6754829435070567,0.3939415013968581,0.5603989374632228,0.7300165395440206,0.5328024778803133,0.364052510333573,0.22999317512433679,0.6912550985261428,0.4509490070719667,0.28527065167734084,0.20213560164721034,0.6528750233959026,0.2683011538514871,0.06750414367135492,2026-09-05T22:41:32Z
822848,666018,Jonathan Aranda,TB,TEX,0,3,projected,MacKenzie Gore,Globe Life Field,2026-09-06T18:35:00Z,4.403412322274881,1351,2965,0.4950356423458122,0.6359311605071218,-1.0106915655515056,Normal,0.10311574966214347,0.678412639534487,0.3883144207712095,0.7436606550012437,0.6998146664690952,0.499428600017292,0.3345120574550425,0.20717707101731417,0.6190959698026338,0.3770650048850103,0.22816785414172064,0.1624268780395294,0.6555310294674341,0.27395583756289005,0.07186960493008293,2026-09-05T22:41:32Z
822848,694671,Wyatt Langford,TEX,TB,1,4,projected,TBD,Globe Life Field,2026-09-06T18:35:00Z,4.14127187366624,1517,0,0.5069555754562793,0.5872022454862692,0.11359743690563881,Normal,0.11925323573954588,0.6302216274629127,0.42532216134439227,0.6120990742406374,0.6901333252368769,0.48644777245258436,0.321164818914487,0.19537782202928486,0.6076619248242212,0.3638557788547915,0.21707268123645204,0.15437453851810748,0.610734531396411,0.22616443088160454,0.04987626643334229,2026-09-05T22:41:32Z
822848,691406,Junior Caminero,TB,TEX,0,4,projected,MacKenzie Gore,Globe Life Field,2026-09-06T18:35:00Z,4.32796045562003,1481,2965,0.5666766227932455,0.6221045774524582,0.0582314987301689,Normal,0.23302578238754773,0.6813869318595428,0.3314708434336449,0.630194837104337,0.7442049973695204,0.5509729316429727,0.38219186145988593,0.2456630218098498,0.7124167624697303,0.47646492859066214,0.30736807390768583,0.21843090628305956,0.6583247654460544,0.2756689359200415,0.07184902073573797,2026-09-05T22:41:32Z
822848,669394,Jake Burger,TEX,TB,1,5,projected,TBD,Globe Life Field,2026-09-06T18:35:00Z,4.027127924340467,2214,0,0.45199931857039427,0.5872022454862692,0.38705568698715875,Normal,0.16291706257594887,0.6275340687352328,0.28357181288609096,0.6983807206186327,0.6863398769600786,0.48166560146390586,0.31645757763614324,0.19136600829565145,0.6358684126470792,0.390793355731703,0.23688979436393331,0.16786551905420638,0.6082567297483384,0.22294331094154934,0.04811424022606063,2026-09-05T22:41:32Z
822848,689414,Liam Hicks,TB,TEX,0,5,projected,MacKenzie Gore,Globe Life Field,2026-09-06T18:35:00Z,4.20082165297245,887,2965,0.45017042514816613,0.6143806771828558,0.20795901872649916,Normal,0.09344989303533216,0.6494606844161064,0.426633372629734,0.48423468043099055,0.6761939704521372,0.47206576739129646,0.30912254828042124,0.18655177850983826,0.5855633815704009,0.3440781482516836,0.20308550104732281,0.14494994085543372,0.6286430325010758,0.2444825558189364,0.05788806832237695,2026-09-05T22:41:32Z
822848,677649,Ezequiel Duran,TEX,TB,1,6,projected,TBD,Globe Life Field,2026-09-06T18:35:00Z,3.8907716371220022,1678,0,0.40816857162065395,0.5872022454862692,2.100676845321379,Hot,0.09350128318538468,0.6398972078777623,0.2776010280603742,0.6293163435975063,0.6611748416258272,0.4544287058530978,0.2925866457768262,0.17299619674588823,0.5911896652810698,0.34758690414139237,0.20470454859217477,0.14577505661954782,0.6198058502825069,0.23319299661945728,0.05162711275036341,2026-09-05T22:41:32Z
822848,656775,Cedric Mullins,TB,TEX,0,6,projected,MacKenzie Gore,Globe Life Field,2026-09-06T18:35:00Z,4.056087187666135,2585,2965,0.42539179128993687,0.5976516709195436,0.7282185501916938,Normal,0.09223736313267283,0.5870960921594072,0.36480202312373494,0.6297878207485392,0.6445814390754888,0.4387386571426223,0.28034748151786903,0.16462916599916663,0.5544592427075363,0.31626163639809535,0.18317989960375886,0.1313530895565111,0.5702964397930721,0.19229797961373524,0.03843004362560783,2026-09-05T22:41:32Z
822848,681351,Logan O'Hoppe,TEX,TB,1,7,projected,TBD,Globe Life Field,2026-09-06T18:35:00Z,3.7491749174917492,1457,0,0.3572672492181211,0.5872022454862692,-0.8442144354933612,Normal,0.10876749172862334,0.5786610413918184,0.23334824517709027,0.6759082303045035,0.6262468678867242,0.4183891737048893,0.26212443203143027,0.15030527645526928,0.5483830091924514,0.30924457876061084,0.17744208403993803,0.1272974746340239,0.5625058771883023,0.18310126654125827,0.03403807889371732,2026-09-05T22:41:32Z
822848,663743,Nick Fortes,TB,TEX,0,7,projected,MacKenzie Gore,Globe Life Field,2026-09-06T18:35:00Z,3.9272214386459803,1430,2965,0.39983943817492423,0.5810283935594152,-0.24713689814938672,Normal,0.08959120922777862,0.609577615361595,0.27525429481803915,0.513388859726914,0.6335757337551127,0.4270755919179658,0.2702564118525979,0.1569332714333645,0.5586195263669547,0.31939322226338374,0.18516390310505013,0.13266254379455297,0.5914191672359973,0.20921776355671315,0.04389084037848062,2026-09-05T22:41:32Z
822848,553869,Elias Díaz,TEX,TB,1,8,projected,TBD,Globe Life Field,2026-09-06T18:35:00Z,3.596165550821668,1744,0,0.34061618848587005,0.5872022454862692,-0.24314029241703977,Normal,0.0902040903627831,0.5775493360568633,0.2268460976167832,0.5994822735573492,0.6049398536712418,0.3968544665205105,0.24419936596548475,0.13713400633004755,0.5406581300374147,0.30190022018466467,0.17205708868332803,0.12363289721215301,0.5615346048881485,0.180954723509928,0.03282622665781821,2026-09-05T22:41:32Z
822848,670764,Taylor Walls,TB,TEX,0,8,projected,MacKenzie Gore,Globe Life Field,2026-09-06T18:35:00Z,3.7700358851674642,1790,2965,0.44293006806337576,0.5723350432959337,0.1850231542392156,Normal,0.07283428138334991,0.5442191242151089,0.3316226030885013,0.6669954708771584,0.5964344136638413,0.39047107167945716,0.24023547320758587,0.13510237264394712,0.5058475202190091,0.2751545434349776,0.15476011688143143,0.11209185651546959,0.5299960610170704,0.16004909972246323,0.027868443809670733,2026-09-05T22:41:32Z
822848,643376,Danny Jansen,TEX,TB,1,9,projected,TBD,Globe Life Field,2026-09-06T18:35:00Z,3.4219449776071658,1380,0,0.42712386940900054,0.5872022454862692,-1.5753179754145856,Normal,0.11506700378723103,0.5168620037820495,0.34771560791805906,0.6008300440169202,0.6035008362268857,0.39432047277305876,0.24143841539865263,0.13468477661005343,0.5248082317584971,0.28777347758940147,0.16204456812984847,0.11685018125274117,0.5043341594223429,0.1386055910527117,0.020548289040074903,2026-09-05T22:41:32Z
822848,622761,Jorge Mateo,TB,TEX,0,9,projected,MacKenzie Gore,Globe Life Field,2026-09-06T18:35:00Z,3.625715247391451,1349,2965,0.4804423076064463,0.5675560322276096,-1.1824420889059406,Normal,0.09038224701543583,0.5588642486211715,0.2390073087163459,0.6947110228150883,0.6190363024510076,0.41138023606254576,0.25655078847225904,0.146423200327043,0.5397358475690325,0.302069948027409,0.17264581588125263,0.12412655072479696,0.5438735448516225,0.16906575211309105,0.030070118874693637,2026-09-05T22:41:32Z
823091,641487,J.P. Crawford,SEA,ATH,1,1,projected,Gage Jump,T-Mobile Park,2026-09-06T20:10:00Z,4.431203685159223,2749,407,0.5573661028660332,0.6622968387823767,1.9347597562159353,Normal,0.07620696925454364,0.6305560847944084,0.5231915986620511,0.6381537272339205,0.6691395425099553,0.4655459206005938,0.30419992928482414,0.18333835686121663,0.5638737152948842,0.32557081224639345,0.19030949517777374,0.13634700979378056,0.6109432537717105,0.2294611460651899,0.052954637434184854,2026-09-05T22:41:32Z
823091,671732,Lawrence Butler,ATH,SEA,0,1,projected,Bryan Woo,T-Mobile Park,2026-09-06T20:10:00Z,4.612460191082803,1665,2180,0.5813479864741199,0.6402124162312985,0.380723529976979,Normal,0.14239394430097738,0.6484675721744639,0.3547810124016883,0.7651171005917021,0.6973210774762475,0.49749326679997846,0.33346519364604404,0.2068978899019577,0.6344142477422566,0.3932081283220602,0.24106888332011278,0.1716319017752421,0.6276146590843289,0.24706207669879718,0.061156042176487097,2026-09-05T22:41:32Z
823091,621493,Taylor Ward,SEA,ATH,1,2,projected,Gage Jump,T-Mobile Park,2026-09-06T20:10:00Z,4.3160359685275385,2888,407,0.5688360241946032,0.6650901795986429,-2.6145243265693705,Cold,0.10837633779833111,0.6348332865285579,0.52604695055568,0.6566836728118436,0.6913827068498473,0.4891003820957289,0.3245079666771189,0.19873639598899837,0.5968044761050862,0.3548590349989879,0.21113385822156358,0.15051119899457227,0.6149736870604047,0.232108546477803,0.05332924107635889,2026-09-05T22:41:32Z
823091,703607,Henry Bolte,ATH,SEA,0,2,projected,Bryan Woo,T-Mobile Park,2026-09-06T20:10:00Z,4.514755959137344,386,2180,0.45508373572877847,0.6402181316035785,0.5599510496131409,Normal,0.09029620471108811,0.6455761767552615,0.2911371828516952,0.8254251197752713,0.6653227758889294,0.46200070782885755,0.3015004381380588,0.18155554817962866,0.5842955572435328,0.34445029543366534,0.2041637790570265,0.1459123537914106,0.6249417929923683,0.24358644807087457,0.05916544708376246,2026-09-05T22:41:32Z
823091,677594,Julio Rodríguez,SEA,ATH,1,3,projected,Gage Jump,T-Mobile Park,2026-09-06T20:10:00Z,4.227059485832238,3168,407,0.5227319367095402,0.6574629683016645,-1.7381997197529144,Normal,0.13416789314793767,0.6774682440624278,0.3340180459614,0.6844501303364178,0.7125784968144904,0.5123253679443945,0.3449993907642202,0.21456156584045427,0.642088063633195,0.3982949982108107,0.24338869705760857,0.1726579995513578,0.6547193215128189,0.2702325182130806,0.06834506843157341,2026-09-05T22:41:32Z
823091,680869,Zack Gelof,ATH,SEA,0,3,projected,Bryan Woo,T-Mobile Park,2026-09-06T20:10:00Z,4.403412322274881,1301,2180,0.44558838989882843,0.6364386329231855,0.11278211932845114,Normal,0.12053901529035686,0.6061887046366891,0.24155479744748043,0.8562177638730414,0.6592055902632697,0.45520945795871226,0.2953589880512768,0.17666040457349905,0.5906039009506805,0.34993126978177136,0.20797719871281775,0.14847720400581182,0.5881283252113728,0.20933761878583693,0.045505442105364634,2026-09-05T22:41:32Z
823091,663728,Cal Raleigh,SEA,ATH,1,4,projected,Gage Jump,T-Mobile Park,2026-09-06T20:10:00Z,4.14127187366624,2763,407,0.5001522169348935,0.6442986066669749,1.312312548623342,Normal,0.18699048097633536,0.575558547914521,0.4845020843358877,0.7672244644143279,0.6788202874558785,0.47406203728956525,0.31022315325403016,0.18690420524448106,0.621781723998745,0.37747711644365384,0.22721083747808737,0.16133457432739431,0.559499910070651,0.1826643292305321,0.03482967711720917,2026-09-05T22:41:32Z
823091,666126,Carlos Cortes,ATH,SEA,0,4,projected,Bryan Woo,T-Mobile Park,2026-09-06T20:10:00Z,4.32796045562003,431,2180,0.40377035892124175,0.6226993247656746,-0.9343910959086906,Normal,0.11101994451487729,0.6502264156697442,0.2840870113169812,0.6166125347460897,0.6654015147478917,0.46106981591467094,0.29994837926425144,0.17981859187130037,0.6133760957059291,0.37078703628464393,0.22305607460874188,0.15876631986673725,0.6293301666327091,0.24610107095403974,0.05914204191477934,2026-09-05T22:41:32Z
823091,668227,Randy Arozarena,SEA,ATH,1,5,projected,Gage Jump,T-Mobile Park,2026-09-06T20:10:00Z,4.027127924340467,3237,407,0.5440013924955743,0.6345065843618665,0.2703763136541444,Normal,0.1265373286111898,0.6341441263494728,0.48652952298790964,0.6380276922271488,0.6897285042061102,0.48539671645643,0.3197612168180198,0.19392600129624968,0.6160042657826574,0.3712393731789092,0.22219253179276413,0.15776700643705366,0.6144292797659611,0.22859773114214055,0.050206567731931225,2026-09-05T22:41:32Z
823091,643446,Jeff McNeil,ATH,SEA,0,5,projected,Bryan Woo,T-Mobile Park,2026-09-06T20:10:00Z,4.20082165297245,2618,2180,0.4210489710931498,0.6150330380793781,1.0978069589588528,Normal,0.09216112778429156,0.65566783060545,0.27551458658497513,0.4540596540112757,0.6639102293159819,0.45894545611163634,0.2977061673843072,0.17780687648805152,0.599447271329883,0.3569517536706294,0.21247527473751884,0.1513800108750313,0.6344263743987514,0.2501502367346495,0.060199492502857894,2026-09-05T22:41:32Z
823091,647304,Josh Naylor,SEA,ATH,1,6,projected,Gage Jump,T-Mobile Park,2026-09-06T20:10:00Z,3.8907716371220022,2796,407,0.39858977271193097,0.6166457034307843,-0.11227011726131793,Normal,0.08488510095732638,0.64404290606545,0.30422296561612955,0.47259090065383424,0.6666805699227154,0.4602317384552724,0.29756476023280193,0.17674991069692292,0.5808743326835868,0.3381796502689809,0.19794930558268928,0.14119018775094921,0.623671179661316,0.23684512704927463,0.05301660307884833,2026-09-05T22:41:32Z
823091,641680,Jonah Heim,ATH,SEA,0,6,projected,Bryan Woo,T-Mobile Park,2026-09-06T20:10:00Z,4.056087187666135,2215,2180,0.3840319119321796,0.5983150141862486,0.18989188931609127,Normal,0.11246433824643601,0.5805266729641575,0.26964624742674864,0.5637289029956029,0.6272277258637297,0.4212540696024481,0.26575978814760054,0.15385432779617106,0.5596956101137143,0.32081275311258367,0.18637576857341423,0.13352347444546736,0.5641238638531633,0.18731951826005663,0.036783397813794985,2026-09-05T22:41:32Z
823091,686527,Dominic Canzone,SEA,ATH,1,7,projected,Gage Jump,T-Mobile Park,2026-09-06T20:10:00Z,3.7491749174917492,1083,407,0.4090366492015221,0.6024672376886646,-0.30796606753552047,Normal,0.10680066927738109,0.5984974682774056,0.33830829076502417,0.6099277996833137,0.6489167238092078,0.4411914260746494,0.28103106539484196,0.1641467458404864,0.5745906530463256,0.3320543698586898,0.19337651123501065,0.1380532915617053,0.5811297974749302,0.19816128563743884,0.03886167226652508,2026-09-05T22:41:32Z
823091,691777,Max Muncy,ATH,SEA,0,7,projected,Bryan Woo,T-Mobile Park,2026-09-06T20:10:00Z,3.9272214386459803,479,2180,0.3444009939601577,0.5816665142389216,0.718254673396927,Normal,0.09948004647892186,0.556042144305546,0.21262008860719503,0.8348120383508046,0.6073571868039328,0.4013576858084102,0.2492264754096792,0.14167769737795352,0.5338579339845868,0.2983213974220893,0.1705591062603937,0.12277213989942685,0.5411110954937781,0.16885678157624556,0.0306880711727536,2026-09-05T22:41:32Z
823091,642215,Weston Wilson,SEA,ATH,1,8,projected,Gage Jump,T-Mobile Park,2026-09-06T20:10:00Z,3.596165550821668,387,407,0.45360373898106804,0.5944404047038138,-1.1227238469396208,Normal,0.1008616532882388,0.5775786102072138,0.38424379310578294,0.7074278656836048,0.6363693468287377,0.42750717409207234,0.2690173490608697,0.1549140161909559,0.5519227894372501,0.31140475887718794,0.1785675876920741,0.12800983276703481,0.5615621306655151,0.1809761514682585,0.03283271854842127,2026-09-05T22:41:32Z
823091,622268,Donovan Walton,ATH,SEA,0,8,projected,Bryan Woo,T-Mobile Park,2026-09-06T20:10:00Z,3.7700358851674642,316,2180,0.44586897257134783,0.572911996289937,0.5095645269151577,Normal,0.09561539872062898,0.5669058202123202,0.34176520214187417,0.5304497643692154,0.6234815699293841,0.41650876034344003,0.2612246921151047,0.15013238453826752,0.5460451227703382,0.3080995586360487,0.17710371108989417,0.12718226783504696,0.5513902743220961,0.1758508929501649,0.03256865468451575,2026-09-05T22:41:32Z
823091,702284,Cole Young,SEA,ATH,1,9,projected,Gage Jump,T-Mobile Park,2026-09-06T20:10:00Z,3.4219449776071658,826,407,0.4018369258842756,0.5961819927071685,-1.2578548314084792,Normal,0.06882349172530854,0.546029218341068,0.31523278136791955,0.48534156238064674,0.5981712710506155,0.3893054288067665,0.2374906607650435,0.13192995956537606,0.49370551199978707,0.26329162814953866,0.1459363292310956,0.10605970535873202,0.5319288750592784,0.1572188078221352,0.02529122401669426,2026-09-05T22:41:32Z
823091,687231,Darell Hernaiz,ATH,SEA,0,9,projected,Bryan Woo,T-Mobile Park,2026-09-06T20:10:00Z,3.625715247391451,489,2180,0.32631230673143335,0.5680828797465938,-1.2829372499647171,Normal,0.05484743551123489,0.5225202659478292,0.22637165638177467,0.5818686538023379,0.5557435252334432,0.35267769471838156,0.2105228584914375,0.11427832157021542,0.45856059758053286,0.2386748087462887,0.13080620022314093,0.09591570777193187,0.5095331672205926,0.14489988342454244,0.02331875544331124,2026-09-05T22:41:32Z
823253,665487,Fernando Tatis Jr.,SD,NYY,1,1,projected,Gerrit Cole,Petco Park,2026-09-06T20:10:00Z,4.431203685159223,2377,2430,0.5612302689388691,0.6773085357120876,0.1514747687292146,Normal,0.1303053837963971,0.6683213969692475,0.2892887921697054,0.649776923070894,0.7074920986471275,0.5079560382204977,0.3421525289646695,0.21317833876122844,0.6363695605529903,0.3940361125340991,0.24101565447443168,0.17133515097239185,0.646155891452959,0.26383202877230827,0.06717199596909045,2026-09-05T22:41:32Z
823253,502671,Paul Goldschmidt,NYY,SD,0,1,projected,Michael King,Petco Park,2026-09-06T20:10:00Z,4.612460191082803,2879,2326,0.540098986422199,0.6393991476684127,0.11787500291657615,Normal,0.11655670748927763,0.6579143583531962,0.30521758108946007,0.8015091792780908,0.7001856360457283,0.5007242885953676,0.33640667814698844,0.20924958362153714,0.6194787502855207,0.3783493911569015,0.22967903444681415,0.1636660124251182,0.6364225783972837,0.2557818243376584,0.06487743180632946,2026-09-05T22:41:32Z
823253,630105,Jake Cronenworth,SD,NYY,1,2,projected,Gerrit Cole,Petco Park,2026-09-06T20:10:00Z,4.3160359685275385,2721,2430,0.484255402275973,0.6814758085276302,-1.6306985946900832,Normal,0.09194792947724623,0.5827890432865923,0.406114478797274,0.7244035463794116,0.6366242319526247,0.4311406658852607,0.27432828243816076,0.16042740197574332,0.5508710448980392,0.3136338195507318,0.18158576574201285,0.13033204445512292,0.5662197055835698,0.18976412201461537,0.03800986455143274,2026-09-05T22:41:32Z
823253,671277,Luis García Jr.,NYY,SD,0,2,projected,Michael King,Petco Park,2026-09-06T20:10:00Z,4.514755959137344,2395,2326,0.5266496753431187,0.6393165020587955,0.07307214681645932,Normal,0.14322450639039191,0.6807616089694742,0.2578943675691881,0.6110317120734831,0.7066861866897759,0.5075829467185621,0.3422541997034671,0.21360976049031843,0.6565300097116658,0.4154225092761204,0.25810115427326025,0.18348916702140836,0.6577052058762628,0.276884788228102,0.07366721251157274,2026-09-05T22:41:32Z
823253,592518,Manny Machado,SD,NYY,1,3,projected,Gerrit Cole,Petco Park,2026-09-06T20:10:00Z,4.227059485832238,3152,2430,0.45436113551900864,0.677159718077057,1.0981495418810985,Normal,0.12282533048731778,0.6286080883123374,0.28932036408704054,0.6817405910612494,0.6793037847225791,0.47508970755522595,0.3115278474011308,0.18822254302733515,0.6001809700124467,0.35730311021143807,0.21255403079947477,0.15138110835727164,0.6092017669493597,0.22559628172399002,0.05019335644729267,2026-09-05T22:41:32Z
823253,700250,Ben Rice,NYY,SD,0,3,projected,Michael King,Petco Park,2026-09-06T20:10:00Z,4.403412322274881,1289,2326,0.545697469509944,0.6353500482458239,0.4584198231088731,Normal,0.17968214971200083,0.6161879201102207,0.4297812191319892,0.7203237034915037,0.6954887623054282,0.4945629404251467,0.3301032303055909,0.20367323815520952,0.6458938431891951,0.4039623622561473,0.24883109926069238,0.17685000579264346,0.5974941026700827,0.21755406811573172,0.048546498590987607,2026-09-05T22:41:32Z
823253,664034,Ty France,SD,NYY,1,4,projected,Gerrit Cole,Petco Park,2026-09-06T20:10:00Z,4.14127187366624,2725,2430,0.39469080429570774,0.6676079355584698,1.2984110518895546,Normal,0.09211141365023204,0.6337838649465158,0.31325164274382705,0.6431933175515725,0.6539525861166119,0.4477021647093609,0.28746326178661413,0.1696144250823795,0.5799803916391469,0.33818159754593474,0.1983974188965069,0.14162713206344407,0.6140610203823038,0.22922964025230594,0.05102970452517682,2026-09-05T22:41:32Z
823253,641355,Cody Bellinger,NYY,SD,0,4,projected,Michael King,Petco Park,2026-09-06T20:10:00Z,4.32796045562003,2816,2326,0.5044741453057648,0.6214241676174866,0.6464608648191649,Normal,0.11199271714933677,0.6355506410413542,0.3414825652273948,0.614744544404249,0.6887987864261281,0.48639893811638013,0.32223672630923983,0.1970753226431168,0.6031028694921534,0.36096250435233074,0.21574436535442845,0.1537241109335206,0.615637970159535,0.23301349897410517,0.053894459851970965,2026-09-05T22:41:32Z
823253,669720,Austin Hays,SD,NYY,1,5,projected,Gerrit Cole,Petco Park,2026-09-06T20:10:00Z,4.027127924340467,1901,2430,0.41487784377722464,0.6602454276518628,-1.328266920527304,Normal,0.09294921667234314,0.6237307460184706,0.20063177626526582,0.7350092876993962,0.6544274001773558,0.44762593869791506,0.28698324117950436,0.16894875638438367,0.5853950463599176,0.34252687369370743,0.20121279922020094,0.14345792605994778,0.6047027633945973,0.21973562197575391,0.046945854177738576,2026-09-05T22:41:32Z
823253,671218,Heliot Ramos,NYY,SD,0,5,projected,Michael King,Petco Park,2026-09-06T20:10:00Z,4.20082165297245,1681,2326,0.38443793175467816,0.61363513713877,-1.225855881338476,Normal,0.08820946863983577,0.6057612153032557,0.2941307203392065,0.7990774528605809,0.6424050830200766,0.43663829682930666,0.27869564620918436,0.16350026376484073,0.5586911400368993,0.3200723114067773,0.18594827150013843,0.13326849716182687,0.5878031822269758,0.20715996630231395,0.04373355899399053,2026-09-05T22:41:32Z
823253,593428,Xander Bogaerts,SD,NYY,1,6,projected,Gerrit Cole,Petco Park,2026-09-06T20:10:00Z,3.8907716371220022,2842,2430,0.38827052954807456,0.6434299384061616,-0.39845949555024385,Normal,0.0745555744945872,0.5934808883649063,0.31223383073098976,0.5863850526064749,0.6290895197412774,0.4216881150621259,0.2651304241430661,0.15268569290527395,0.5315764705284062,0.2955825321077818,0.16826626393899738,0.12113541748797664,0.5763864389981702,0.19500028334138353,0.03813915369452486,2026-09-05T22:41:32Z
823253,641857,Ryan McMahon,NYY,SD,0,6,projected,Michael King,Petco Park,2026-09-06T20:10:00Z,4.056087187666135,2768,2326,0.401526066254883,0.5968954868828199,0.29383254878649356,Normal,0.1080310421118847,0.5661777827054268,0.3679590746818703,0.790171676265632,0.6264064166205785,0.42043895361572414,0.26508701098934134,0.15336199840815695,0.5501197201434975,0.3125220975358436,0.1805665807741859,0.12957958966539893,0.5506240075901605,0.17675124684066496,0.033395099747325865,2026-09-05T22:41:32Z
823253,701538,Jackson Merrill,SD,NYY,1,7,projected,Gerrit Cole,Petco Park,2026-09-06T20:10:00Z,3.7491749174917492,1656,2430,0.4189933553817936,0.6286836302975317,-0.6452771058058837,Normal,0.1311522727612572,0.5825293607922762,0.23885798607342276,0.6806693386193534,0.6422359995849114,0.43438059645853083,0.2753305348581648,0.1599400838810731,0.5867584782234033,0.3430212050365121,0.20118853281147317,0.1433416643758443,0.5661415505458859,0.18597407885577313,0.03493585847697132,2026-09-05T22:41:32Z
823253,665862,Jazz Chisholm Jr.,NYY,SD,0,7,projected,Michael King,Petco Park,2026-09-06T20:10:00Z,3.9272214386459803,2289,2326,0.4491017596473563,0.5803017909142552,1.206631170951065,Normal,0.13574685208271337,0.574971998322446,0.3323639277552611,0.7661683826521006,0.6531806628342302,0.4470488333218247,0.2870332160916944,0.16938738955927507,0.5778423723989724,0.3364079139915446,0.19722037613119706,0.14085326978108617,0.5589388111587568,0.18245820882306332,0.034901121282146265,2026-09-05T22:41:32Z
823253,666023,Freddy Fermin,SD,NYY,1,8,projected,Gerrit Cole,Petco Park,2026-09-06T20:10:00Z,3.596165550821668,1198,2430,0.3291637641037744,0.618268382769593,0.2678336543876087,Normal,0.06754451508573946,0.5571272277451133,0.20439396927324302,0.5883167986119368,0.5885120792594013,0.38144152961320055,0.2320546598825678,0.12863497332367976,0.49787681208267615,0.26746750952591763,0.14905504947933462,0.10818083271965598,0.5423061482400352,0.1664219887024142,0.028556009961067528,2026-09-05T22:41:32Z
823253,676609,José Caballero,NYY,SD,0,8,projected,Michael King,Petco Park,2026-09-06T20:10:00Z,3.7700358851674642,1547,2326,0.374593035908403,0.571678192673391,-0.6691121848075192,Normal,0.07028710524811857,0.5426254821719275,0.28127922122701615,0.7521190669407504,0.590624974137744,0.3850225397982282,0.2359242505360502,0.13206489813503844,0.49506571734343313,0.2666993834717311,0.14916202838077808,0.10831387937025658,0.5284908925731784,0.15897600888736224,0.027560912876294506,2026-09-05T22:41:32Z
823253,669134,Luis Campusano,SD,NYY,1,9,projected,Gerrit Cole,Petco Park,2026-09-06T20:10:00Z,3.4219449776071658,735,2430,0.40001155474848393,0.6179636213617643,-0.8923552732421228,Normal,0.0806216237539261,0.5521258840197629,0.26069687754062887,0.5472542864960664,0.6116970751548171,0.40211740293233433,0.24762246598235949,0.13902819699358956,0.5101624976264548,0.27608179647797726,0.1542960338862554,0.11166151557768618,0.5376834074165542,0.1613075560685439,0.02639022755997826,2026-09-05T22:41:32Z
823253,669224,Austin Wells,NYY,SD,0,9,projected,Michael King,Petco Park,2026-09-06T20:10:00Z,3.625715247391451,1270,2326,0.3940056906517548,0.5669554349737386,-0.4044464324211281,Normal,0.10981975850766418,0.5136687592373153,0.30794789135782474,0.6852371088882697,0.5968975718446541,0.3901857513590921,0.23956310541522083,0.1343327048828824,0.51749249301312,0.2838143920831224,0.1602819330162151,0.11579217654294786,0.5011455725907386,0.13937922179262502,0.021881086809167644,2026-09-05T22:41:32Z
823336,663968,Jake Mangum,PIT,LAA,1,1,projected,Walbert Ureña,PNC Park,2026-09-06T17:35:00Z,4.431203685159223,851,525,0.5687504938153363,0.6524774618294195,-0.6845452197925491,Normal,0.0706771293565872,0.677115346499859,0.3996643870120126,0.5735453821820625,0.6840241486603467,0.48165714620871786,0.3183945403052054,0.1943502672395248,0.5899750482275952,0.34916707298321426,0.20732678916851066,0.14800417219430478,0.6543337852921172,0.27235000078491267,0.07094379889224965,2026-09-05T22:41:32Z
823336,687263,Zach Neto,LAA,PIT,0,1,projected,Paul Skenes,PNC Park,2026-09-06T17:35:00Z,4.612460191082803,2092,1866,0.5074012987751237,0.6285333476856286,-0.09168438087806378,Normal,0.10419977415367167,0.6233159275963,0.2965442772423355,0.8733924704287646,0.6686504477292377,0.4660550866800956,0.3054201261292277,0.184859894366549,0.5938787224435638,0.3538337893041341,0.21131816549814975,0.15092256931638307,0.6041185184972638,0.22489101726081015,0.05215897104395867,2026-09-05T22:41:32Z
823336,665833,Oneil Cruz,PIT,LAA,1,2,projected,Walbert Ureña,PNC Park,2026-09-06T17:35:00Z,4.3160359685275385,1891,525,0.5690471001598274,0.6537709963481869,0.8922338704883493,Normal,0.12963224299165155,0.6026153636660248,0.5089955433636704,0.8026272612686794,0.6765489416343554,0.47284532447806776,0.3100877656627001,0.18749994424902386,0.5971391847282997,0.35517233565607,0.2113639107478077,0.15066915221477056,0.5848294508040457,0.20519745657190724,0.043319570279503464,2026-09-05T22:41:32Z
823336,545361,Mike Trout,LAA,PIT,0,2,projected,Paul Skenes,PNC Park,2026-09-06T17:35:00Z,4.514755959137344,2086,1866,0.4941372215490804,0.6269666552647526,-0.7338373354491662,Normal,0.12444271853980637,0.603123983885338,0.4009432572808089,0.8589603867145761,0.6766097303155116,0.4741066746211738,0.3121118654463608,0.18976064292749958,0.589083193625966,0.34886211411263185,0.20738675427936362,0.1481301621556792,0.5852365882142819,0.20737606306736742,0.04509876082547846,2026-09-05T22:41:32Z
823336,687462,Spencer Horwitz,PIT,LAA,1,3,projected,Walbert Ureña,PNC Park,2026-09-06T17:35:00Z,4.227059485832238,1233,525,0.48747314069973735,0.6440171363181375,-2.1500322237794927,Cold,0.09257902936852941,0.6127875253242637,0.5243235035995135,0.5141196010456014,0.66343956648292,0.4581155600435035,0.2967525855023169,0.1769081914458632,0.5674048369214589,0.3274211340714239,0.19099122260762647,0.13666323663343458,0.5944049132458734,0.21236296159360965,0.045320511169394645,2026-09-05T22:41:32Z
823336,687093,Vaughn Grissom,LAA,PIT,0,3,projected,Paul Skenes,PNC Park,2026-09-06T17:35:00Z,4.403412322274881,734,1866,0.39101310250447585,0.6205594502205256,0.5455102729881739,Normal,0.07344602305061172,0.6193249785369476,0.2597693447480085,0.7227482093948308,0.64024488036513,0.43560888218526034,0.2786436300743122,0.1640456512006239,0.5539175225402608,0.3170206122277035,0.18433458670008476,0.13228689857672948,0.6004301209967567,0.22017763182863168,0.049536452455058395,2026-09-05T22:41:32Z
823336,664040,Brandon Lowe,PIT,LAA,1,4,projected,Walbert Ureña,PNC Park,2026-09-06T17:35:00Z,4.14127187366624,2261,525,0.5056841248143199,0.6288148532570141,1.0905360663454584,Normal,0.15167071540806268,0.6047013733334311,0.43016594388638973,0.7303342430059577,0.6840642117512391,0.4797714073259902,0.31524689131179734,0.19078176108399172,0.6124962606594597,0.3684781302448303,0.22049487767470333,0.15672051732340206,0.5868592780544077,0.2050500090569555,0.04226535419605176,2026-09-05T22:41:32Z
823336,518595,Travis d'Arnaud,LAA,PIT,0,4,projected,Paul Skenes,PNC Park,2026-09-06T17:35:00Z,4.32796045562003,1359,1866,0.3808031783332408,0.6043447638233336,-1.578260407573261,Normal,0.09068942404077886,0.5864399748543172,0.27677342662109405,0.8389847834932335,0.6392180095652127,0.4339207181065896,0.2767834425644995,0.1623483077904416,0.5517499626667884,0.31454828110043165,0.18231560308116318,0.13085477730711423,0.5696415522962581,0.1927959146262402,0.039192230281823885,2026-09-05T22:41:32Z
823336,668804,Bryan Reynolds,PIT,LAA,1,5,projected,Walbert Ureña,PNC Park,2026-09-06T17:35:00Z,4.027127924340467,3220,525,0.4142351096106576,0.6179071379208576,0.844856873449424,Normal,0.0810375651982404,0.5912840666740202,0.4258817024391934,0.6712332310166389,0.6435225285019429,0.4364243451389892,0.2775401510490757,0.16192806921872593,0.5480146555383701,0.3095964067468681,0.1779974805848772,0.12773374377580662,0.5743123182309318,0.19367973143251868,0.037950005517117746,2026-09-05T22:41:32Z
823336,666139,Josh Lowe,LAA,PIT,0,5,projected,Paul Skenes,PNC Park,2026-09-06T17:35:00Z,4.20082165297245,1812,1866,0.41705469198874207,0.5951832039445979,0.23053314423279325,Normal,0.09358923395229207,0.5924007766674556,0.3055783982804959,0.8060924550036043,0.6404522584362639,0.4346527098468931,0.2770274980804865,0.16226018661642014,0.5614877127379064,0.32251658737324557,0.18767135703876572,0.1344402863817808,0.5752728794012841,0.19660147084042076,0.040062175379623845,2026-09-05T22:41:32Z
823336,693304,Nick Gonzales,PIT,LAA,1,6,projected,Walbert Ureña,PNC Park,2026-09-06T17:35:00Z,3.8907716371220022,1472,525,0.3908377487683562,0.6005474402946809,1.6528249246675972,Normal,0.055778319857207284,0.6113016969289875,0.3347730386936519,0.5392682584194254,0.6244270600061017,0.4170761702341551,0.2613473192990859,0.14993966427702893,0.5332137691194747,0.296937949703628,0.16918840204573668,0.1217568878094188,0.5930876461544005,0.20909493663736836,0.04289634346122127,2026-09-05T22:41:32Z
823336,624428,Adam Frazier,LAA,PIT,0,6,projected,Paul Skenes,PNC Park,2026-09-06T17:35:00Z,4.056087187666135,1939,1866,0.38032246873798525,0.578760752569223,-0.4731809777766155,Normal,0.06421792222580082,0.5886893024641194,0.3023393571549803,0.6610271068687277,0.6067345971104928,0.4012366118921721,0.2494231306020264,0.14201504345822827,0.5239929616044852,0.2906030225861714,0.16547553915742017,0.11935619690941036,0.5717926398910931,0.19351883198236722,0.03883878768876872,2026-09-05T22:41:32Z
823336,699013,Esmerlyn Valdez,PIT,LAA,1,7,projected,Walbert Ureña,PNC Park,2026-09-06T17:35:00Z,3.7491749174917492,269,525,0.4556400497275427,0.5871826959370489,-1.4123113215644263,Normal,0.11550008567590214,0.5395769504151828,0.47978194222108234,0.8565118977376027,0.6335116991547287,0.42560194413980573,0.26805012816109436,0.15460934329973927,0.54265545214325,0.30440100529749115,0.17411209919576925,0.1250537283945936,0.5256692889700803,0.15573739621783927,0.026013686927587525,2026-09-05T22:41:32Z
823336,672724,Oswald Peraza,LAA,PIT,0,7,projected,Paul Skenes,PNC Park,2026-09-06T17:35:00Z,3.9272214386459803,871,1866,0.29812725468963164,0.5630894487958702,-1.0934253778475438,Normal,0.0589324044231618,0.5273488642455676,0.23711534100028836,0.8429494634340925,0.5570017655149754,0.35484629673518997,0.21277939595161172,0.11619931757373776,0.4718850017161929,0.24938364245961328,0.13799046456540362,0.10076671243207047,0.5140070069796943,0.14955225939773148,0.02512046369136978,2026-09-05T22:41:32Z
823336,669707,Jared Triolo,PIT,LAA,1,8,projected,Walbert Ureña,PNC Park,2026-09-06T17:35:00Z,3.596165550821668,1365,525,0.3695117750850625,0.5805732777561021,-0.04384730530675724,Normal,0.05678422367679197,0.5288561838332988,0.35560717615504217,0.5777969380285629,0.5716929478897986,0.3660657199598199,0.2201578498748906,0.12044047552602333,0.4671587047573439,0.24425294178453918,0.13405185209839035,0.09808770671801258,0.5156022481128103,0.14762393426715267,0.023425423774524078,2026-09-05T22:41:32Z
823336,642350,Jose Siri,LAA,PIT,0,8,projected,Paul Skenes,PNC Park,2026-09-06T17:35:00Z,3.7700358851674642,1369,1866,0.3959379046443291,0.5560978257449396,-2.0955753216228414,Cold,0.0918771066683302,0.5087020709720694,0.22491604123067235,0.88662315606685,0.5929283848929896,0.3871769466654819,0.23762563708057882,0.13326156820604632,0.4985590071137598,0.26942188308631876,0.15095857186053688,0.10952635655566395,0.4963790068405172,0.13723567521851132,0.021650849775026168,2026-09-05T22:41:32Z
823336,680779,Henry Davis,PIT,LAA,1,9,projected,Walbert Ureña,PNC Park,2026-09-06T17:35:00Z,3.4219449776071658,928,525,0.3645917667841273,0.5830035379338463,-0.5842024561476212,Normal,0.06925908396905191,0.44860911865289593,0.3475849493173334,0.6585781323776521,0.5318286604049389,0.330212769377898,0.19269909648219266,0.10167820149159279,0.42407839597175545,0.212918679104175,0.11417353531527567,0.08466871310927464,0.4393551758888926,0.10074864577636905,0.01223045937380413,2026-09-05T22:41:32Z
823336,623168,Tyler Heineman,LAA,PIT,0,9,projected,Paul Skenes,PNC Park,2026-09-06T17:35:00Z,3.625715247391451,583,1866,0.3519692076601318,0.5524310078627429,-0.5594799523772864,Normal,0.04728214704444935,0.5147355184278716,0.23663508202447098,0.5460924289118637,0.5506587702699963,0.3482028308190263,0.20714407808845778,0.11199659410365309,0.4522956410912571,0.23413238199424619,0.12792475693034544,0.09396759600707133,0.5021569187662372,0.14003721616224424,0.022050387359609677,2026-09-05T22:41:32Z
823417,656941,Kyle Schwarber,PHI,ATL,1,1,projected,Tyler Mahle,Citizens Bank Park,2026-09-06T17:10:00Z,4.431203685159223,3410,1528,0.6713039971145257,0.6564577188386292,-1.1505117306466008,Normal,0.26504161426666556,0.5956907382399405,0.5018907570676289,0.8252334796031192,0.7191307921215571,0.5214326209122406,0.3546177963749751,0.2232557045987609,0.6897902999288859,0.4510030043804107,0.2864635133454731,0.20351492064247761,0.5782948201013935,0.20068136518137225,0.04226761966928412,2026-09-05T22:41:32Z
823417,660670,Ronald Acuña Jr.,ATL,PHI,0,1,projected,Aaron Nola,Citizens Bank Park,2026-09-06T17:10:00Z,4.612460191082803,2290,3462,0.6602620296222974,0.6425056040942737,0.5001923960404175,Normal,0.1570172850592301,0.7075212810825656,0.35351600143982004,0.7628078008296643,0.7448825528477342,0.5534745239557898,0.386063744947402,0.2501047561854602,0.6772372330224234,0.4382931517897923,0.2768888636278986,0.1970377501421743,0.682532262781288,0.305388763867897,0.08804973390623672,2026-09-05T22:41:32Z
823417,650333,Luis Arraez,PHI,ATL,1,2,projected,Tyler Mahle,Citizens Bank Park,2026-09-06T17:10:00Z,4.3160359685275385,3147,1528,0.49059867767944143,0.6584046068147117,0.41537926792326607,Normal,0.08293183210279362,0.7272554641425464,0.23555019439456115,0.35474328058162996,0.7111812077854978,0.5114986413573316,0.3448388664397099,0.2148887936006341,0.6388083411709855,0.3957682062482377,0.24190144748619616,0.17178421860164672,0.7008224384661734,0.32371476356746387,0.0947608965832946,2026-09-05T22:41:32Z
823417,645277,Ozzie Albies,ATL,PHI,0,2,projected,Aaron Nola,Citizens Bank Park,2026-09-06T17:10:00Z,4.514755959137344,2633,3462,0.5462418956083446,0.6427406421141512,-0.29080456896821144,Normal,0.12603682654054363,0.6859074774935461,0.24569840310579716,0.6181700167488006,0.7151152314638944,0.5173027643196024,0.3512319927258659,0.22086789398237622,0.6473466024823262,0.4058430510776884,0.2505534187367681,0.1781643883499527,0.6624864529574089,0.2820246879535723,0.07604164588586944,2026-09-05T22:41:32Z
823417,607208,Trea Turner,PHI,ATL,1,3,projected,Tyler Mahle,Citizens Bank Park,2026-09-06T17:10:00Z,4.227059485832238,3183,1528,0.5377870076188944,0.6494925801217892,-0.4691217957083886,Normal,0.11168044509438896,0.6936690945369012,0.2656912221707744,0.5992378386251307,0.7180854158145313,0.5187166531190689,0.35089575238693654,0.2193031158400858,0.6426305427378443,0.3988477937862183,0.24381480086753793,0.1729542973546893,0.6697538112360597,0.2863909693375005,0.07558078987414234,2026-09-05T22:41:32Z
823417,657041,Lane Thomas,ATL,PHI,0,3,projected,Aaron Nola,Citizens Bank Park,2026-09-06T17:10:00Z,4.403412322274881,2271,3462,0.4619447406123406,0.6394873928037471,-0.5317766925755217,Normal,0.1275780616108588,0.6508864910020907,0.2675310970232803,0.8201667814439915,0.6816268321023561,0.47922756072349976,0.31637236407872477,0.1928705289596882,0.6286063247550964,0.3864517300167534,0.23530429481325243,0.16739007478042853,0.6299085527667452,0.24783911355308116,0.06053474843738428,2026-09-05T22:41:32Z
823417,547180,Bryce Harper,PHI,ATL,1,4,projected,Tyler Mahle,Citizens Bank Park,2026-09-06T17:10:00Z,4.14127187366624,2786,1528,0.5623194974228967,0.6350761587782494,2.242055955316029,Hot,0.16092334395074873,0.636310942647559,0.5036898109130683,0.6304811364888523,0.7082124523909734,0.506788694502882,0.33948797885146614,0.20980238415992059,0.645768596909696,0.40148962816223893,0.24548428535442207,0.173963673215233,0.6164199518636521,0.2314221429705927,0.05186233276978553,2026-09-05T22:41:32Z
823417,686948,Drake Baldwin,ATL,PHI,0,4,projected,Aaron Nola,Citizens Bank Park,2026-09-06T17:10:00Z,4.32796045562003,969,3462,0.5236782886479731,0.6262831573463308,-0.735441206850822,Normal,0.17157343351536278,0.6843549714742718,0.32342233161068235,0.6395678824394337,0.7197437455670903,0.521609697254924,0.3543519554628255,0.22270793490904012,0.669926456690561,0.428504541016612,0.2677702779607554,0.19001959342926228,0.6610811844509917,0.2786176893900412,0.07318177367338302,2026-09-05T22:41:32Z
823417,664761,Alec Bohm,PHI,ATL,1,5,projected,Tyler Mahle,Citizens Bank Park,2026-09-06T17:10:00Z,4.027127924340467,2899,1528,0.4424641889267485,0.6245751468746973,1.0534789937769007,Normal,0.0952685732149895,0.6762676230159469,0.27072497748227325,0.4778597922632312,0.6840546600956026,0.4791625325926423,0.3142494922378371,0.18966027257822507,0.6152009168445011,0.37046430049165,0.221616904037638,0.15737283610318453,0.6536431329055684,0.2671243932604737,0.06558729989999952,2026-09-05T22:41:32Z
823417,621566,Matt Olson,ATL,PHI,0,5,projected,Aaron Nola,Citizens Bank Park,2026-09-06T17:10:00Z,4.20082165297245,3441,3462,0.5806306974114186,0.6189775873975547,-1.928257140133125,Normal,0.25056430554939135,0.6454009279445149,0.3399335993409223,0.7345478484516226,0.7187021201554517,0.5198021888487854,0.3521887231214714,0.22056982425305,0.7127134565585966,0.47612205890476983,0.3065654749290752,0.2175819917857741,0.6248581281712556,0.24082673332661725,0.0564199500556199,2026-09-05T22:41:32Z
823417,592663,J.T. Realmuto,PHI,ATL,1,6,projected,Tyler Mahle,Citizens Bank Park,2026-09-06T17:10:00Z,3.8907716371220022,2464,1528,0.43698354475068424,0.6069240254631938,-0.25838530347658845,Normal,0.10201083158937896,0.6260612393070386,0.29028376110931686,0.598654501359212,0.664915949486727,0.45836568004644507,0.2959602378514949,0.17553765609654587,0.5900205591150147,0.3465116281870331,0.20392865808513633,0.1452479456024972,0.6068905994962399,0.2212986025781485,0.04722309567819147,2026-09-05T22:41:32Z
823417,663586,Austin Riley,ATL,PHI,0,6,projected,Aaron Nola,Citizens Bank Park,2026-09-06T17:10:00Z,4.056087187666135,2878,3462,0.44165024190943447,0.6023601296127861,0.038760142944197024,Normal,0.12827113892518902,0.6400226905537907,0.23148403776674167,0.8496124868907257,0.6838510973228297,0.4802753231586119,0.3162299564740077,0.19193622209888145,0.6199380935270181,0.3764310011363903,0.22683516806678894,0.16120128438866158,0.6198410983086725,0.2358144214999135,0.054207724861191714,2026-09-05T22:41:32Z
823417,669016,Brandon Marsh,PHI,ATL,1,7,projected,Tyler Mahle,Citizens Bank Park,2026-09-06T17:10:00Z,3.7491749174917492,2350,1528,0.41311630016912265,0.5932104936559862,-1.1528172169219324,Normal,0.10579661329527351,0.6002423959031397,0.2664983636520813,0.6948599893963086,0.645851124710033,0.43805646049427416,0.2784014768464058,0.16220269964685352,0.5742831963748811,0.3317804315140556,0.19318264283646017,0.13792219595210425,0.582765744857775,0.19952567588632514,0.0393130048974386,2026-09-05T22:41:32Z
823417,671739,Michael Harris II,ATL,PHI,0,7,projected,Aaron Nola,Citizens Bank Park,2026-09-06T17:10:00Z,3.9272214386459803,2629,3462,0.4836581223741137,0.5855733266383332,0.06023574837626434,Normal,0.15406815662177212,0.6778796166252242,0.19717645634569383,0.6067888320708408,0.7063654559337913,0.5048246838433822,0.33784902274817147,0.2086230916867403,0.6638104772166776,0.42049650872264577,0.260464791850555,0.18447147733375213,0.6551142197433574,0.27001052639365386,0.06781463335859118,2026-09-05T22:41:32Z
823417,681082,Bryson Stott,PHI,ATL,1,8,projected,Tyler Mahle,Citizens Bank Park,2026-09-06T17:10:00Z,3.596165550821668,2763,1528,0.4303084864881233,0.5860559630914,-1.0410738094170935,Normal,0.08716976786139152,0.5745521349484334,0.323711379905825,0.49114928819070075,0.6258229308008316,0.4170438250112439,0.2604449613280621,0.148710682683736,0.5362529531024642,0.29823477069756227,0.16956514704513734,0.12195838878893898,0.5587158423047706,0.17876999995887402,0.03216735999894094,2026-09-05T22:41:32Z
823417,573262,Mike Yastrzemski,ATL,PHI,0,8,projected,Aaron Nola,Citizens Bank Park,2026-09-06T17:10:00Z,3.7700358851674642,2323,3462,0.47455869395479966,0.5764470366607887,-1.1758598452558615,Normal,0.1314559630258464,0.5668454478551616,0.34569655829147766,0.6394092705476155,0.6406628668104047,0.4336537261568004,0.27540019940180727,0.16050736386584985,0.582955558157786,0.34048611357315045,0.19991467246150185,0.14265097651933428,0.5513334233811983,0.17580751522322544,0.03255531225661603,2026-09-05T22:41:32Z
823417,624641,Edmundo Sosa,PHI,ATL,1,9,projected,Tyler Mahle,Citizens Bank Park,2026-09-06T17:10:00Z,3.4219449776071658,1249,1528,0.4297946410136555,0.5882672444345887,0.8550319211589918,Normal,0.09615198229775435,0.5870315717697622,0.20794528597681805,0.5630942571898936,0.6350300111300997,0.4248970053111419,0.2660177434705605,0.15214874038049134,0.5633729091790548,0.3200435432328323,0.18397160233955057,0.13153757287075768,0.570539503273613,0.18610862165194483,0.033496945202022295,2026-09-05T22:41:32Z
823417,643289,Mauricio Dubón,ATL,PHI,0,9,projected,Aaron Nola,Citizens Bank Park,2026-09-06T17:10:00Z,3.625715247391451,2120,3462,0.43733707773170527,0.5712974099844371,0.5234626249222212,Normal,0.06972047364652723,0.6175822382826223,0.16230823871710987,0.46319721195081626,0.6417946546840213,0.43397920033486564,0.2751359144411469,0.15994685557401142,0.550412045884893,0.3110886012456391,0.17885035783261005,0.12831346714930203,0.5990153768118714,0.21361637941779424,0.04446659967914377,2026-09-05T22:41:32Z
823578,596019,Francisco Lindor,NYM,SF,1,1,projected,Cesar Perdomo,Citi Field,2026-09-06T17:40:00Z,4.431203685159223,3180,15,0.6694374957461385,0.6620601094701599,-0.7583369566552526,Normal,0.16361113460632434,0.6789331651194337,0.3721054723126942,0.595930283096728,0.7339870472855419,0.5390815473691847,0.3712500694795029,0.23691535063618016,0.6695809005247669,0.42872355416634705,0.26831685834134694,0.19055555523067028,0.6560232749777845,0.2741361822953332,0.07174738641773677,2026-09-05T22:41:32Z
823578,646240,Rafael Devers,SF,NYM,0,1,projected,Christian Scott,Citi Field,2026-09-06T17:40:00Z,4.612460191082803,3207,609,0.6985739119569273,0.6360430389302464,1.7416473928711351,Normal,0.22632348409515274,0.6917790363346588,0.42701964269839787,0.7298734344734465,0.7486797640712761,0.5581727936446793,0.39064121473945856,0.2539811458313888,0.7220587999077642,0.48992404155587443,0.3203909510221074,0.2287400079081101,0.6679244760777868,0.28892052327301093,0.07997541591768786,2026-09-05T22:41:32Z
823578,543760,Marcus Semien,NYM,SF,1,2,projected,Cesar Perdomo,Citi Field,2026-09-06T17:40:00Z,4.3160359685275385,3200,15,0.5488501656343968,0.6648220108508268,1.1586080576577205,Normal,0.13029518050535663,0.6403900858772881,0.3551452317812605,0.5411711844876427,0.6882557109920622,0.4856373440248912,0.32141256515505756,0.19630900872801962,0.6169419363769472,0.3740629204301768,0.22539244539188272,0.16033089148413326,0.6201608853140764,0.23699096905220385,0.055248286473462443,2026-09-05T22:41:32Z
823578,805811,Bryce Eldridge,SF,NYM,0,2,projected,Christian Scott,Citi Field,2026-09-06T17:40:00Z,4.514755959137344,436,609,0.5697756731564203,0.6355594272362937,1.1205687935017745,Normal,0.14506589355306912,0.6626472926729254,0.4729299932964616,0.7880022460783054,0.7028134809586422,0.5031684765286786,0.33821083338543045,0.21036408516664826,0.64506482656399,0.4034896759026208,0.24871234131052597,0.17686918009200517,0.64085363180379,0.2593489537884359,0.0658410822548886,2026-09-05T22:41:32Z
823578,701807,Carson Benge,NYM,SF,1,3,projected,Cesar Perdomo,Citi Field,2026-09-06T17:40:00Z,4.227059485832238,558,15,0.4732147980789603,0.6571418706285083,0.163281505562263,Normal,0.10996208674167549,0.6865446520449237,0.28764317248642385,0.6209516568152552,0.6985756620410171,0.496373944629317,0.33047870990997463,0.20301466388039477,0.6303690404762675,0.38649596826576205,0.2343600885431563,0.16639529983599535,0.6631457026319862,0.27919685281205914,0.07231494000013032,2026-09-05T22:41:32Z
823578,808982,Jung Hoo Lee,SF,NYM,0,3,projected,Christian Scott,Citi Field,2026-09-06T17:40:00Z,4.403412322274881,1304,609,0.49316454543037375,0.6308239098406138,-1.4496779605733352,Normal,0.09567916709685514,0.6929989699783635,0.3183386324794897,0.48279512013564924,0.6930270390636812,0.4918112809323588,0.3276211360416927,0.2017081671428721,0.6386527013929282,0.39655594871347816,0.24307536255419834,0.17281605029016395,0.6690775191509057,0.288603493135653,0.078637892463192,2026-09-05T22:41:32Z
823578,665742,Juan Soto,NYM,SF,1,4,projected,Cesar Perdomo,Citi Field,2026-09-06T17:40:00Z,4.14127187366624,3182,15,0.5871667421032539,0.6439245594146139,-0.8456849455644667,Normal,0.19447737236086415,0.6368051753401105,0.5548344507698941,0.5068258596531723,0.7191404908198897,0.5194283904677574,0.3511011079873257,0.21909667780524333,0.6636681026568209,0.4201700201961573,0.26006543911584806,0.18412852135412486,0.6168812117802827,0.23185270043069553,0.0520265864106158,2026-09-05T22:41:32Z
823578,678545,Osleivis Basabe,SF,NYM,0,4,projected,Christian Scott,Citi Field,2026-09-06T17:40:00Z,4.32796045562003,201,609,0.42302390813991525,0.6161485748336478,-0.02110297296493635,Normal,0.09189992003164976,0.5978401080551993,0.3277947682745284,0.6933812200714368,0.6488097888613729,0.4437263251873423,0.28506513802305283,0.16853936252104607,0.5558007462483351,0.3180551160999229,0.1847785537808364,0.1325312557740583,0.5803434339972562,0.2016624585941927,0.04225016754196401,2026-09-05T22:41:32Z
823578,666182,Bo Bichette,NYM,SF,1,5,projected,Cesar Perdomo,Citi Field,2026-09-06T17:40:00Z,4.027127924340467,2859,15,0.4445646521096734,0.6341010978028403,1.1944666851029397,Normal,0.11070385315662065,0.6837392751879073,0.27321134988199286,0.5140959449818174,0.6925753053424658,0.4885493959245388,0.32256416159834944,0.1961054741716113,0.6341230142338946,0.3890446163872015,0.2355615515734464,0.16695003820606077,0.6605772201224999,0.2744334921698098,0.06872980662449783,2026-09-05T22:41:32Z
823578,687551,Drew Gilbert,SF,NYM,0,5,projected,Christian Scott,Citi Field,2026-09-06T17:40:00Z,4.20082165297245,459,609,0.4705065254048958,0.6078825641192988,-0.5909472229241632,Normal,0.1130477048290471,0.6189963756277131,0.38825105654329245,0.6022690905517536,0.6604649324180368,0.4553159844684036,0.29457904822086295,0.17543154835654667,0.5952259717378109,0.3530024703152883,0.2095797031358071,0.14939463146695162,0.6001954663403116,0.2180026006670181,0.04765593263782466,2026-09-05T22:41:32Z
823578,666624,Christopher Morel,NYM,SF,1,6,projected,Cesar Perdomo,Citi Field,2026-09-06T17:40:00Z,3.8907716371220022,1859,15,0.4071241702347479,0.6162430084143916,-0.8179897998690568,Normal,0.12018903875814882,0.5771244305286088,0.32664708088246003,0.7581463786719348,0.634249684069232,0.4268341743047256,0.2693760022983221,0.15578263726271885,0.5712505106021379,0.32956311405475497,0.19182630460146732,0.13704238869917726,0.5610234253753998,0.182655254862284,0.03418268582336488,2026-09-05T22:41:32Z
823578,687529,Grant McCray,SF,NYM,0,6,projected,Christian Scott,Citi Field,2026-09-06T17:40:00Z,4.056087187666135,220,609,0.4144263657548526,0.5911265482665967,-1.1985946633848807,Normal,0.1119398739650707,0.583843293284878,0.3127524772470321,0.8828692335478349,0.629904161482527,0.4239179668436919,0.2679630079592738,0.1554694632592099,0.5703855246197334,0.33023774489348834,0.19304827428177143,0.13806097921799798,0.567240772289231,0.1898217923816766,0.03760698971927032,2026-09-05T22:41:32Z
823578,668901,Mark Vientos,NYM,SF,1,7,projected,Cesar Perdomo,Citi Field,2026-09-06T17:40:00Z,3.7491749174917492,1451,15,0.4011997299052414,0.6020817889794909,-1.1902778511027423,Normal,0.14830614796884475,0.5909342101298009,0.2558188787398383,0.6295356512543623,0.6403257632013566,0.4324473787441511,0.27372078776055525,0.15875737920040492,0.5999606705283091,0.35520452983343703,0.20998439693468632,0.14931120859821262,0.5740345661162104,0.19232226106346526,0.03695708049683974,2026-09-05T22:41:32Z
823578,701852,Drew Cavanaugh,SF,NYM,0,7,projected,Christian Scott,Citi Field,2026-09-06T17:40:00Z,3.9272214386459803,132,609,0.4114250251577164,0.5747855008396824,-1.1808346957404336,Normal,0.08702610651418655,0.6134548736289466,0.36269837804926186,0.7309927262371468,0.6313475796801167,0.4248468561191099,0.26840866166513266,0.15557693406861126,0.5609051720897432,0.32138550697950635,0.18656332838596407,0.133611881377773,0.5950494425920062,0.21237576412440334,0.045013282653708415,2026-09-05T22:41:32Z
823578,683146,Brett Baty,NYM,SF,1,8,projected,Cesar Perdomo,Citi Field,2026-09-06T17:40:00Z,3.596165550821668,1451,15,0.3967991560533835,0.5940917378587459,0.06137677152925923,Normal,0.09064141061763695,0.572191530382835,0.2620423658853393,0.6546693574648286,0.6148279030738648,0.4063284586536997,0.2517746862277921,0.14250283775284198,0.530515281799407,0.29350307861136216,0.16636373047972675,0.11980759663456043,0.556494986773271,0.17706201390058277,0.03165643917512611,2026-09-05T22:41:32Z
823578,683766,Christian Koss,SF,NYM,0,8,projected,Christian Scott,Citi Field,2026-09-06T17:40:00Z,3.7700358851674642,341,609,0.3822200192934387,0.5666928132225187,-1.3157079698980587,Normal,0.06302746187837668,0.5536737869828009,0.2666798196090189,0.702858876993329,0.595439786687715,0.3895347241017068,0.23949260021557986,0.1345777624560136,0.49551636895484197,0.2670496937250166,0.14939287504720453,0.10846968090458015,0.5389195819411947,0.1665141489923169,0.029752612785434694,2026-09-05T22:41:32Z
823578,682626,Francisco Alvarez,NYM,SF,1,9,projected,Cesar Perdomo,Citi Field,2026-09-06T17:40:00Z,3.4219449776071658,1419,15,0.4320480344422506,0.595855973172781,-2.1518257802574445,Cold,0.13171611988713058,0.5488865210227041,0.3350866845933338,0.6580539394617463,0.6242842171006069,0.41429625773885675,0.2573960728997764,0.1459621253619001,0.5577892845625368,0.31523208807585434,0.18065118216926884,0.1293116553799607,0.534626413985973,0.15912633234765947,0.02580138479507259,2026-09-05T22:41:32Z
823578,668800,Andrew Knizner,SF,NYM,0,9,projected,Christian Scott,Citi Field,2026-09-06T17:40:00Z,3.625715247391451,749,609,0.3940657047092476,0.56236803379493,0.717984486375293,Normal,0.06996573287140288,0.522307970958418,0.292080260837753,0.6078306926422338,0.5847233314128535,0.378842830065275,0.2306443309712889,0.12809021893972936,0.4772426411488046,0.25250329726965914,0.13967274838630853,0.10190206376830376,0.5093321084789879,0.14476584588608152,0.023283387331723086,2026-09-05T22:41:32Z
823822,805300,Jakob Marsee,MIA,CHC,1,1,projected,Clay Holmes,loanDepot park,2026-09-06T17:40:00Z,4.431203685159223,770,1827,0.6294472472150844,0.6629030603418928,-0.006933134709529629,Normal,0.08383726319477919,0.606894794824442,0.5283409242156871,0.5784955842833365,0.67524275436927,0.47210077990177196,0.309942585284923,0.18777198826094343,0.5678217855150012,0.3290688316614017,0.19280265235334396,0.13805050934732438,0.5888014305339163,0.2096372256589892,0.045475352354414765,2026-09-05T22:41:32Z
823822,691718,Pete Crow-Armstrong,CHC,MIA,0,1,projected,Tyler Phillips,loanDepot park,2026-09-06T17:40:00Z,4.612460191082803,1712,944,0.7188565657946726,0.5919413443125697,-0.1918508977272742,Normal,0.2066168896487051,0.6710209389533774,0.40764541075143507,0.6899397753387078,0.7415396320487934,0.5493681075729053,0.3820842546781926,0.2467499750615948,0.7011324386378662,0.46520630934891316,0.2992196610285612,0.2131849254495703,0.6486278669976876,0.2682508326750404,0.07037991687199409,2026-09-05T22:41:32Z
823822,672640,Otto Lopez,MIA,CHC,1,2,projected,Clay Holmes,loanDepot park,2026-09-06T17:40:00Z,4.3160359685275385,1637,1827,0.48604896809960974,0.6657757220507914,-0.9502371554623272,Normal,0.062870683778401,0.6619835253581483,0.25979277446700483,0.5191308359444479,0.6749539062596598,0.47112311267709367,0.3085761012076139,0.18633261974458104,0.5791459173679511,0.3386018024949447,0.19931137272097418,0.14241304838380092,0.6402854682125665,0.2566739064749829,0.06330881365146458,2026-09-05T22:41:32Z
823822,608324,Alex Bregman,CHC,MIA,0,2,projected,Tyler Phillips,loanDepot park,2026-09-06T17:40:00Z,4.514755959137344,3145,944,0.5840864522386516,0.5826695602266022,1.8361893943665342,Normal,0.14356406488922116,0.6729675765100662,0.3648075752464246,0.5019013175794015,0.7125629437603598,0.5143432827298254,0.34848744161877254,0.2186415089775241,0.651920764351186,0.4105927121921129,0.2542849193659393,0.18079385943192397,0.6504585136192496,0.2692346358615876,0.07020092820577925,2026-09-05T22:41:32Z
823822,682663,Agustín Ramírez,MIA,CHC,1,3,projected,Clay Holmes,loanDepot park,2026-09-06T17:40:00Z,4.227059485832238,785,1827,0.4353605904241289,0.6582842745201479,-0.7519023076630833,Normal,0.07680832067199322,0.5970049742977573,0.3227312541850905,0.6698258696854841,0.6484351720407883,0.44248859999626033,0.28340844988581454,0.1668550253225418,0.5506863846926374,0.31285083764680854,0.18074621059481227,0.12970473673339794,0.5796143924110818,0.1997141404886665,0.040877425631945755,2026-09-05T22:41:32Z
823822,673548,Seiya Suzuki,CHC,MIA,0,3,projected,Tyler Phillips,loanDepot park,2026-09-06T17:40:00Z,4.403412322274881,2815,944,0.5224902530249237,0.570054404013457,0.48083447712034844,Normal,0.13632225845538443,0.6666556396348734,0.3824331407851912,0.6633475509636887,0.7072688167553992,0.5079049912945411,0.34225363280037135,0.2133709378587369,0.6482559837340792,0.4064012979787557,0.25073760575098325,0.17818913892778152,0.6445967326242897,0.26256337380445555,0.06681052388567106,2026-09-05T22:41:32Z
823822,669065,Kyle Stowers,MIA,CHC,1,4,projected,Clay Holmes,loanDepot park,2026-09-06T17:40:00Z,4.14127187366624,1234,1827,0.4521023427707697,0.6452563027471975,0.3742506963315275,Normal,0.12567365893537588,0.6165144893267887,0.40395977377044107,0.7412657918077938,0.6733336028506188,0.4681459217358286,0.305053194640756,0.18293686721260358,0.6091954086940471,0.3653174220340685,0.21815281769422182,0.15511462750061528,0.5979205515661136,0.21464212712475036,0.04565071855709674,2026-09-05T22:41:32Z
823822,683737,Michael Busch,CHC,MIA,0,4,projected,Tyler Phillips,loanDepot park,2026-09-06T17:40:00Z,4.32796045562003,1869,944,0.48551380278645634,0.5489227019601561,-1.8234263856343418,Normal,0.12895793701791303,0.6195311542682176,0.45169590758866157,0.6518027614242276,0.6819442610919344,0.4788685453006309,0.31554075853464864,0.1918450547529422,0.6084616472917682,0.36606351713224344,0.21953016339495002,0.1563327439513103,0.600664589303929,0.21930557328200098,0.048643044260615026,2026-09-05T22:41:32Z
823822,681715,Heriberto Hernández,MIA,CHC,1,5,projected,Clay Holmes,loanDepot park,2026-09-06T17:40:00Z,4.027127924340467,706,1827,0.41876816441167247,0.6355458406140746,-0.13689509237446618,Normal,0.10868980063144344,0.5802502962555371,0.36917362508333496,0.7532397146821646,0.656789764346492,0.45008043902010597,0.28906911577286937,0.17051015349686172,0.560411278817723,0.32027122843664463,0.18542623079637022,0.1327556698871121,0.563948697593535,0.18533226758878524,0.03525341684994832,2026-09-05T22:41:32Z
823822,664023,Ian Happ,CHC,MIA,0,5,projected,Tyler Phillips,loanDepot park,2026-09-06T17:40:00Z,4.20082165297245,3224,944,0.4920962791693205,0.5378321089145887,-0.2869672320064224,Normal,0.11876834146984512,0.6028586988297621,0.4437869006292075,0.707872561546909,0.6719216382608372,0.46747015999135716,0.30510368546484706,0.18346026634701385,0.5926392460865328,0.35059771521973443,0.20782310123860556,0.1481913105530243,0.5850827848526169,0.20483356959158647,0.04291208673936064,2026-09-05T22:41:32Z
823822,683357,Owen Caissie,MIA,CHC,1,6,projected,Clay Holmes,loanDepot park,2026-09-06T17:40:00Z,3.8907716371220022,336,1827,0.4389597859226877,0.6176801898832875,-0.363320536408277,Normal,0.11471708124964689,0.57158083088552,0.35214808754876903,0.7878324364474298,0.6485429118846402,0.44132396661013107,0.28146958914989945,0.16469212775023523,0.5605532368482292,0.3201614575229412,0.18521480068745166,0.13257107413393163,0.5558091096535742,0.17859557524795608,0.03292435383763379,2026-09-05T22:41:32Z
823822,663538,Nico Hoerner,CHC,MIA,0,6,projected,Tyler Phillips,loanDepot park,2026-09-06T17:40:00Z,4.056087187666135,3102,944,0.4285511983003283,0.526805211687058,0.7717288322759901,Normal,0.06617468612290316,0.6619319823433099,0.24318552270631205,0.39266076000096883,0.6683207453745921,0.463505777604084,0.30153132195676613,0.18061300777267505,0.5781504661077187,0.337199202378081,0.19802398150684622,0.14145053088629003,0.6402559677283227,0.25573313122733493,0.06226783636723132,2026-09-05T22:41:32Z
823822,665052,Griffin Conine,MIA,CHC,1,7,projected,Clay Holmes,loanDepot park,2026-09-06T17:40:00Z,3.7491749174917492,421,1827,0.460881571717156,0.6034583303627081,-0.18130082518103796,Normal,0.1155441091309553,0.5803423891400361,0.400532440798276,0.6938082131512452,0.6584707497105767,0.45106880394968646,0.28938000082567444,0.17035940756287052,0.5652258312879923,0.32377915033128557,0.18754706579961264,0.1341141163697885,0.5640863327942953,0.1843461642995637,0.03442582808056953,2026-09-05T22:41:32Z
823822,624424,Michael Conforto,CHC,MIA,0,7,projected,Tyler Phillips,loanDepot park,2026-09-06T17:40:00Z,3.9272214386459803,1697,944,0.4459557301883843,0.5143258210685427,0.7424561941714384,Normal,0.122174157310929,0.567665693118942,0.394608454169725,0.6347604774213149,0.6422818500524377,0.43586376315379666,0.2775896607929009,0.16234627237939486,0.5652980695435128,0.32523764862238524,0.18927836131170708,0.1354546696373095,0.5520629619523245,0.1771244785846211,0.03322041644398851,2026-09-05T22:41:32Z
823822,688363,Graham Pauley,MIA,CHC,1,8,projected,Clay Holmes,loanDepot park,2026-09-06T17:40:00Z,3.596165550821668,339,1827,0.3708928281538137,0.5953368515219221,0.4328760455281446,Normal,0.07690534134970572,0.5348391692357507,0.2945060221806633,0.5467795471733787,0.5974996209655542,0.38982421367554,0.23863243185472266,0.13322155054103715,0.5063904117153041,0.27411815853384647,0.15342750829341778,0.11111854786469064,0.5212617860285256,0.15147833674851083,0.024441255901386464,2026-09-05T22:41:32Z
823822,691594,Javier Sanoja,MIA,CHC,1,9,projected,Clay Holmes,loanDepot park,2026-09-06T17:40:00Z,3.4219449776071658,783,1827,0.36418197379722445,0.5970190264921266,1.3885366039322533,Normal,0.054630939974470244,0.5665182071045682,0.21041422136967763,0.3690958131943164,0.5996674172721174,0.39070897165799484,0.2385931571614801,0.1326978914152832,0.5138738400205055,0.2790165228018486,0.15623135126895107,0.11295767386076198,0.5512494329289405,0.17124188804439167,0.029146069040584813,2026-09-05T22:41:32Z
823822,608348,Carson Kelly,CHC,MIA,0,9,projected,Tyler Phillips,loanDepot park,2026-09-06T17:40:00Z,3.625715247391451,1615,944,0.41956186308472493,0.5068607513185965,0.3071640957629971,Normal,0.08582124803128864,0.5649326099858167,0.27989843354842486,0.5068082771431923,0.619138255930638,0.41147959716628696,0.2566314283716534,0.14648121386409663,0.5213307972457409,0.28691433307119885,0.16236314871945814,0.11719456944784992,0.5495917862903736,0.17334438596701188,0.03134296453729867,2026-09-05T22:41:32Z
823903,660271,Shohei Ohtani,LAD,WSH,1,1,projected,Andrew Alvarez,UNIQLO Field at Dodger Stadium,2026-09-07T02:10:00Z,4.431203685159223,3315,480,0.6782175263423319,0.6271593426197188,-1.619091205438452,Normal,0.2063928997764179,0.6839998567333497,0.4227733626879704,0.6946559189695741,0.7576302901522572,0.5682780349228732,0.3995602672120992,0.26073095560472753,0.7101441606693379,0.47442125946960567,0.3060790290699224,0.2177074292043101,0.6607305335385764,0.27916138930976325,0.07403182555161025,2026-09-05T22:41:32Z
823903,682928,CJ Abrams,WSH,LAD,0,1,projected,TBD,UNIQLO Field at Dodger Stadium,2026-09-07T02:10:00Z,4.612460191082803,2731,0,0.654783125722256,0.5872022454862692,-2.7013967761290765,Cold,0.15667112197033733,0.6906251031937265,0.3528009730849474,0.6937291281068038,0.7281220075965492,0.5331583133111181,0.3665668520684879,0.2338032219314646,0.679478476076852,0.440761151613869,0.27890630312807707,0.1984861960665493,0.6668528401577599,0.28774084697146934,0.07941172205408444,2026-09-05T22:41:32Z
823903,663656,Kyle Tucker,LAD,WSH,1,2,projected,Andrew Alvarez,UNIQLO Field at Dodger Stadium,2026-09-07T02:10:00Z,4.3160359685275385,2764,480,0.5758682955888105,0.6232336871517984,-0.2416946598114151,Normal,0.12099669444592491,0.6362949130871088,0.462479377186045,0.5165507880731409,0.6995636694266818,0.4982552854963169,0.33275245375754525,0.20524269406994217,0.6132265336586118,0.3704646384107658,0.22269622832711916,0.15846920835970116,0.616338432746438,0.23338571137325628,0.05382816219740055,2026-09-05T22:41:32Z
823903,695578,James Wood,WSH,LAD,0,2,projected,TBD,UNIQLO Field at Dodger Stadium,2026-09-07T02:10:00Z,4.514755959137344,1569,0,0.6687548167060895,0.5872022454862692,-0.3726506181668284,Normal,0.2060781848911612,0.6766360908215562,0.49844342459379243,0.7616257647436805,0.7342816423315315,0.5399980507632882,0.3726051944302919,0.23843356354076722,0.6998300155842702,0.46307257322210243,0.2969680726202396,0.21132398708243458,0.6538701507132115,0.27281538696158236,0.071813297640383,2026-09-05T22:41:32Z
823903,605141,Mookie Betts,LAD,WSH,1,3,projected,Andrew Alvarez,UNIQLO Field at Dodger Stadium,2026-09-07T02:10:00Z,4.227059485832238,2954,480,0.556318917887461,0.6090293318533118,0.8052618495336545,Normal,0.13990769958073185,0.660666515783915,0.41018986044164824,0.41236894562635645,0.7143241817961911,0.5143440269274878,0.34685683730248656,0.2160519391419711,0.643545585836957,0.3997815840834177,0.2445352175311269,0.1734554038456924,0.6390972823776209,0.2542120203073922,0.06152277935755338,2026-09-05T22:41:32Z
823903,691781,Brady House,WSH,LAD,0,3,projected,TBD,UNIQLO Field at Dodger Stadium,2026-09-07T02:10:00Z,4.403412322274881,570,0,0.456220354266857,0.5872022454862692,1.668125196641605,Normal,0.10577117845589962,0.6589867684045594,0.26799222517112553,0.7477509836585906,0.6767880472569947,0.4739637721579106,0.31171622949985517,0.18924505122394686,0.6099299683775294,0.36817744181653067,0.22148337861198272,0.15779411870784782,0.6374568263866817,0.25532460515822125,0.06368835072078688,2026-09-05T22:41:32Z
823903,518692,Freddie Freeman,LAD,WSH,1,4,projected,Andrew Alvarez,UNIQLO Field at Dodger Stadium,2026-09-07T02:10:00Z,4.14127187366624,3287,480,0.507080022550825,0.5900205498032223,0.46830219627742176,Normal,0.10022189768153214,0.696230354401945,0.37899935011931235,0.5165428375292813,0.7148034829459827,0.5143799633305586,0.34644146663555936,0.2153532537763435,0.643950217347971,0.39962926918309477,0.2440498972818894,0.1729681090217908,0.672138120373457,0.2880795873625016,0.0756087322944661,2026-09-05T22:41:32Z
823903,695734,Daylen Lile,WSH,LAD,0,4,projected,TBD,UNIQLO Field at Dodger Stadium,2026-09-07T02:10:00Z,4.32796045562003,934,0,0.5330779483284448,0.5872022454862692,0.6474060381979515,Normal,0.14698328383163994,0.6876040054332223,0.29994768745206535,0.5814131682618309,0.7108903584123297,0.5113250146402673,0.3448317042157119,0.21501493879382766,0.6748877661547985,0.4338863057140287,0.2720990192083115,0.19308880839327655,0.6640975369262161,0.28187304353224685,0.07466704435262145,2026-09-05T22:41:32Z
823903,606192,Teoscar Hernández,LAD,WSH,1,5,projected,Andrew Alvarez,UNIQLO Field at Dodger Stadium,2026-09-07T02:10:00Z,4.027127924340467,2821,480,0.47167739729699804,0.5776357926865813,1.5333649599411139,Normal,0.13000315443945815,0.6402703662372262,0.33593536936202656,0.6738796332221608,0.6884669829741774,0.48400496403495863,0.3185272017494018,0.19296864741494643,0.6216383410400618,0.37670897539928583,0.22626959499418792,0.16056163632264425,0.6201453649173249,0.23392982919184854,0.05221800602503479,2026-09-05T22:41:32Z
823903,660688,Keibert Ruiz,WSH,LAD,0,5,projected,TBD,UNIQLO Field at Dodger Stadium,2026-09-07T02:10:00Z,4.20082165297245,2062,0,0.4227416968267528,0.5872022454862692,1.34471191862831,Normal,0.10533588828337544,0.674998946080854,0.26065155337778795,0.4112259235226625,0.6772884916533859,0.4732487440166302,0.31016059085247427,0.1873525998042641,0.6199067642249418,0.3765435064121537,0.22703955986157273,0.16140348760962547,0.6524104004840716,0.26842419571912135,0.0679470427071068,2026-09-05T22:41:32Z
823903,669257,Will Smith,LAD,WSH,1,6,projected,Andrew Alvarez,UNIQLO Field at Dodger Stadium,2026-09-07T02:10:00Z,3.8907716371220022,2327,480,0.511699414777318,0.5638151999057516,-0.45714012215969235,Normal,0.11702525936314721,0.6065649534324614,0.4697656529621771,0.4939994231747906,0.6682240316231833,0.4618687225627913,0.2989752355620299,0.17781742276387924,0.5845799317179514,0.34153833385519755,0.2003526621795814,0.14282026290428934,0.5886522746974162,0.20528140776909048,0.04158389074993809,2026-09-05T22:41:32Z
823903,686611,Dylan Crews,WSH,LAD,0,6,projected,TBD,UNIQLO Field at Dodger Stadium,2026-09-07T02:10:00Z,4.056087187666135,820,0,0.43127589616008827,0.5872022454862692,-0.7774523576154401,Normal,0.09784292659848534,0.5936104686080861,0.2972105132728748,0.6809134628075948,0.6346358398012825,0.4286563578293998,0.2718990659532629,0.15836575022703042,0.5600296292809739,0.321104511610824,0.18658122454686024,0.1336630652561892,0.5764122658274577,0.19732342541670617,0.04012506851996711,2026-09-05T22:41:32Z
823903,571970,Max Muncy,LAD,WSH,1,7,projected,Andrew Alvarez,UNIQLO Field at Dodger Stadium,2026-09-07T02:10:00Z,3.7491749174917492,2311,480,0.5080992967492028,0.5526238308421395,-0.7954072293487245,Normal,0.1526335046640908,0.5484648369000952,0.46016663002423025,0.6421209598798666,0.6498389562704427,0.4421377620118881,0.28182675713365485,0.16473619873160533,0.5810391797281136,0.3378357111578133,0.1974823774767937,0.14083131354087675,0.534062510661752,0.16170123176546541,0.027681296600004623,2026-09-05T22:41:32Z
823903,677588,José Tena,WSH,LAD,0,7,projected,TBD,UNIQLO Field at Dodger Stadium,2026-09-07T02:10:00Z,3.9272214386459803,643,0,0.4363937400088836,0.5872022454862692,-1.0043429028372677,Normal,0.09254814729453417,0.623971373404896,0.3254590247122955,0.6842034733778629,0.6424064872972806,0.43599050899280267,0.27769597828124276,0.16242510228657117,0.5817394018894809,0.33993042422139724,0.19974634642200115,0.14257305853070049,0.6048870977599876,0.22111032741754325,0.04818578370530893,2026-09-05T22:41:32Z
823903,669242,Tommy Edman,LAD,WSH,1,8,projected,Andrew Alvarez,UNIQLO Field at Dodger Stadium,2026-09-07T02:10:00Z,3.596165550821668,1939,480,0.4449747140364921,0.5484136178276229,0.8899740532376758,Normal,0.07849773182654285,0.5805542629633443,0.2910549245814721,0.5010602504565201,0.6288398876168471,0.4200182102621453,0.26287109517320045,0.15045973957785644,0.5355253389940016,0.29763207885867893,0.1691564083187003,0.12168376174226543,0.5643595062239242,0.18316332306773497,0.033498384436384754,2026-09-05T22:41:32Z
823903,696285,Jacob Young,WSH,LAD,0,8,projected,TBD,UNIQLO Field at Dodger Stadium,2026-09-07T02:10:00Z,3.7700358851674642,1430,0,0.42414018300130846,0.5872022454862692,1.1577068775408856,Normal,0.06639958985074172,0.5954835497767763,0.3033001653565917,0.5095410562004752,0.6163968973469683,0.4095788497560417,0.2555755028830613,0.14604788689150724,0.5306977790576399,0.29524841609453656,0.1682864512674459,0.12122301820474643,0.5782519405675652,0.1972111985019483,0.03943310400410222,2026-09-05T22:41:32Z
823903,500743,Miguel Rojas,LAD,WSH,1,9,projected,Andrew Alvarez,UNIQLO Field at Dodger Stadium,2026-09-07T02:10:00Z,3.4219449776071658,1799,480,0.40632022726524286,0.5508285549393676,-0.7866263100737203,Normal,0.0685427562501107,0.5728659053743204,0.29424990141922097,0.3539650093449347,0.606105065431257,0.3967866467735637,0.24338830717064136,0.13605060908418232,0.5157642868284572,0.28051864187521036,0.1572244236621424,0.11362270612800712,0.5572243360900678,0.17575198493368788,0.030437241709544743,2026-09-05T22:41:32Z
823903,683083,Nasim Nuñez,WSH,LAD,0,9,projected,TBD,UNIQLO Field at Dodger Stadium,2026-09-07T02:10:00Z,3.625715247391451,630,0,0.3991553706885694,0.5872022454862692,-1.8515810913618118,Normal,0.05984157835341338,0.5468202125533844,0.2884566456571247,0.5393103961498241,0.5868662873939796,0.38082392140421895,0.23219343274512044,0.12916922511394427,0.47814384594757875,0.2531813074690058,0.14011115384105086,0.10219779989586283,0.5325111627985064,0.16078406091800918,0.027672587093543567,2026-09-05T22:41:32Z
824065,695600,Carter Jensen,KC,TOR,1,1,projected,TBD,Kauffman Stadium,2026-09-06T18:10:00Z,4.431203685159223,598,0,0.6361236916466817,0.5872022454862692,1.7195481093110714,Normal,0.1600550785359434,0.6515761039309308,0.44026746394591953,0.7139161767908727,0.7117383147162578,0.5128382274048053,0.3466451978347355,0.21679459747061894,0.6560466169414617,0.41430995001075077,0.25683467751057526,0.1824336766890188,0.6305613925870106,0.2481604266074794,0.06049141815647618,2026-09-05T22:41:32Z
824065,543807,George Springer,TOR,KC,0,1,projected,Randy Dobnak,Kauffman Stadium,2026-09-06T18:10:00Z,4.612460191082803,2919,311,0.6052743925710891,0.6344839759506011,1.0401679114471138,Normal,0.1067713034426738,0.6747500325208297,0.39465228670488783,0.5462213796671391,0.7161533434216157,0.5190524796048156,0.35330688083291517,0.22290915083593735,0.6219770454715403,0.38080549052842294,0.23154794923186348,0.16496973854318644,0.652097428965729,0.27187939328759453,0.07202142514023717,2026-09-05T22:41:32Z
824065,677951,Bobby Witt Jr.,KC,TOR,1,2,projected,TBD,Kauffman Stadium,2026-09-06T18:10:00Z,4.3160359685275385,3266,0,0.5784615423502373,0.5872022454862692,0.014361695884846015,Normal,0.11532184752599953,0.6990562420603413,0.3015804989117494,0.5473000180861839,0.7285062192661026,0.5318043145854499,0.36374721308326097,0.23023710289256993,0.6627079904945894,0.42058216461439385,0.2613040042451545,0.1853768914622312,0.6747201346120119,0.2932728121023683,0.07969943760791874,2026-09-05T22:41:32Z
824065,669701,Josh Smith,TOR,KC,0,2,projected,Randy Dobnak,Kauffman Stadium,2026-09-06T18:10:00Z,4.514755959137344,1836,311,0.5182935139287893,0.6337954463131084,-1.0146552508452626,Normal,0.09212525608371597,0.6504646612756709,0.41157434394489933,0.549255251938746,0.6734094269974628,0.47064983704674823,0.30906641071936625,0.18739560776129421,0.5920504167886278,0.3516159057511664,0.20940695969269524,0.14952182921087112,0.629501427126012,0.24802670884990696,0.06101179918858913,2026-09-05T22:41:32Z
824065,686469,Vinnie Pasquantino,KC,TOR,1,3,projected,TBD,Kauffman Stadium,2026-09-06T18:10:00Z,4.227059485832238,2199,0,0.4551916922110129,0.5872022454862692,0.6649370577100112,Normal,0.13357119638731504,0.6622257742101402,0.3548780027151279,0.46004244477909184,0.6872882606901586,0.48381688602972683,0.319240492744905,0.19420470382059685,0.6372063070558948,0.39334693019457045,0.23958707035591845,0.1700174348132706,0.6405483735024096,0.2556681841199423,0.062128549698775924,2026-09-05T22:41:32Z
824065,664770,Nathan Lukes,TOR,KC,0,3,projected,Randy Dobnak,Kauffman Stadium,2026-09-06T18:10:00Z,4.403412322274881,942,311,0.4770333903930903,0.6287057985176022,-0.17926367832048132,Normal,0.10637086666509812,0.6763502387016135,0.297288788934883,0.4435630473042808,0.6878769044416047,0.48609436979379933,0.32249000556711827,0.19766305228365752,0.6239771807086363,0.3818614277847561,0.23180453740867135,0.16495380643046345,0.6536139600606523,0.27193111808927367,0.07095743450077652,2026-09-05T22:41:32Z
824065,695506,Jac Caglianone,KC,TOR,1,4,projected,TBD,Kauffman Stadium,2026-09-06T18:10:00Z,4.14127187366624,741,0,0.47328721652754,0.5872022454862692,0.9709856045362713,Normal,0.14740067898200254,0.6573222811503229,0.2802684381063059,0.6260222440103512,0.6926095558841796,0.48919326976071553,0.3236120854204735,0.19728740251456378,0.6457263954886228,0.40144637600294847,0.24545090067566408,0.17394049334199035,0.6360044114504566,0.2502456360836409,0.05927265212796555,2026-09-05T22:41:32Z
824065,665489,Vladimir Guerrero Jr.,TOR,KC,0,4,projected,Randy Dobnak,Kauffman Stadium,2026-09-06T18:10:00Z,4.32796045562003,3302,311,0.4424812127399338,0.6136945659420795,1.0229212479776133,Normal,0.08358390175499522,0.6675102772077305,0.33786397916976196,0.43906679523178227,0.6922786052387142,0.4902579025224335,0.3256912404754993,0.19978906602642388,0.5977602155694698,0.3559275115817264,0.21202970587444447,0.15116867531621983,0.6454254123868859,0.26219333285851454,0.06591032174304483,2026-09-05T22:41:32Z
824065,521692,Salvador Perez,KC,TOR,1,5,projected,TBD,Kauffman Stadium,2026-09-06T18:10:00Z,4.027127924340467,2897,0,0.3513371328333602,0.5872022454862692,1.1740340042600326,Normal,0.11783348135126755,0.6241679001712093,0.23068621427176203,0.5643626839656369,0.6565927759684529,0.4498753828026931,0.28889462448771397,0.17037938994814053,0.595180543690176,0.3515267862050332,0.2077134432807005,0.147879835041466,0.6051113450473191,0.22010262840419262,0.047078854802689515,2026-09-05T22:41:32Z
824065,660821,Jesús Sánchez,TOR,KC,0,5,projected,Randy Dobnak,Kauffman Stadium,2026-09-06T18:10:00Z,4.20082165297245,2073,311,0.4409224191127879,0.6052232897481392,-1.1431906765616087,Normal,0.1091483172053368,0.6469861261381199,0.31399023702014234,0.59218110348338,0.676488198718553,0.47238354697851326,0.30940125240294497,0.18676669811871902,0.6150834317509896,0.3718560483091068,0.22352440799596104,0.15897828560370092,0.6263362265145451,0.24224943942465185,0.05698916247552232,2026-09-05T22:41:32Z
824065,686681,Michael Massey,KC,TOR,1,6,projected,TBD,Kauffman Stadium,2026-09-06T18:10:00Z,3.8907716371220022,1665,0,0.4004048950911115,0.5872022454862692,1.936386914112961,Normal,0.10160457871396102,0.6413688538712434,0.24111245905425988,0.4811613006627919,0.6597543581061651,0.4529406261222734,0.2913155950370114,0.17204125687690003,0.59632246353832,0.35233567922396225,0.20814278439310865,0.14811253232471436,0.6211782068593713,0.23448471339411778,0.05211655275190645,2026-09-05T22:41:32Z
824065,672386,Alejandro Kirk,TOR,KC,0,6,projected,Randy Dobnak,Kauffman Stadium,2026-09-06T18:10:00Z,4.056087187666135,2107,311,0.34685534214496305,0.5884970841943947,-0.039970721398615267,Normal,0.07782649190965982,0.6352945464932841,0.3437372552014499,0.4012575877490097,0.6416408912095185,0.4357401665567857,0.2778244410798877,0.16275198637826357,0.5597252646421227,0.3208386486301253,0.18639400134150272,0.1335358618385948,0.6154283126942124,0.23166855968506703,0.05259680452936471,2026-09-05T22:41:32Z
824065,686555,Isaac Collins,KC,TOR,1,7,projected,TBD,Kauffman Stadium,2026-09-06T18:10:00Z,3.7491749174917492,922,0,0.41270447156904205,0.5872022454862692,-0.9917809083527274,Normal,0.07552774723137323,0.5777278358556156,0.3980399920461039,0.5549118626107473,0.62179998969728,0.4140168067840841,0.2585567197532447,0.14772901339860015,0.5363628199124247,0.29913598418196174,0.17051339083847902,0.12263003306405514,0.5616285200371608,0.18241278927612958,0.03382448711019824,2026-09-05T22:41:32Z
824065,676391,Ernie Clement,TOR,KC,0,7,projected,Randy Dobnak,Kauffman Stadium,2026-09-06T18:10:00Z,3.9272214386459803,1824,311,0.40429537150513,0.5722854576976851,-0.6952708084269275,Normal,0.057710441233456755,0.6360171606967756,0.22422150429183452,0.3625220852709396,0.6515571625262394,0.4453694902278606,0.28560741119700445,0.16831924497074507,0.5552908713384554,0.31650635604917227,0.18314184070035153,0.1312913960784688,0.6161393596154096,0.2314255189143664,0.0520615026370094,2026-09-05T22:41:32Z
824065,664728,Kyle Isbel,KC,TOR,1,8,projected,TBD,Kauffman Stadium,2026-09-06T18:10:00Z,3.596165550821668,1698,0,0.40834336645369473,0.5872022454862692,-1.0225568942540109,Normal,0.07402138588918182,0.5767524296635346,0.24325527962761678,0.5152322568384765,0.6125591141753829,0.4041412629241081,0.2500183167240947,0.14125346478838594,0.5357957693955631,0.29785598944073094,0.16930822903373055,0.12178576741773091,0.5607852518905106,0.1803720732051348,0.03264992576484969,2026-09-05T22:41:32Z
824065,665926,Andrés Giménez,TOR,KC,0,8,projected,Randy Dobnak,Kauffman Stadium,2026-09-06T18:10:00Z,3.7700358851674642,2622,311,0.395190463461421,0.5644325617979167,-0.026504675654436108,Normal,0.07597352667964216,0.6132511028609159,0.2499365723740093,0.460536259938634,0.6329472697692308,0.425893977194679,0.26894907382156963,0.15576360405368023,0.5508164853761188,0.31216632184058224,0.17992135552640645,0.12908846390944267,0.5949031400483615,0.2113554056654887,0.0443026019474227,2026-09-05T22:41:32Z
824065,668942,Josh Rojas,KC,TOR,1,9,projected,TBD,Kauffman Stadium,2026-09-06T18:10:00Z,3.4219449776071658,1644,0,0.40196397320081784,0.5872022454862692,1.1674019792999375,Normal,0.07047975843743778,0.545467071381685,0.2775470014001634,0.5034313682837649,0.5935516163066349,0.3849927083011329,0.23411436286076795,0.12958505829101663,0.49828673556818726,0.2668160200334756,0.14822778476734375,0.1075958011799231,0.5313980392494406,0.15684532548680855,0.02519186120901031,2026-09-05T22:41:32Z
824065,664702,Myles Straw,TOR,KC,0,9,projected,Randy Dobnak,Kauffman Stadium,2026-09-06T18:10:00Z,3.625715247391451,1702,311,0.43743457214246834,0.5602703453048201,1.4658527122884857,Normal,0.04427197200750137,0.5582761354899999,0.27840699415277853,0.4086049147344559,0.5989069881378007,0.3920788023236432,0.24106324225671674,0.13538985123212205,0.48330972100636665,0.2570875967889135,0.14264371410531626,0.10390582575390722,0.5433191256537767,0.16865489505745895,0.02994911905120109,2026-09-05T22:41:32Z
824142,514888,Jose Altuve,HOU,AZ,1,1,projected,Eduardo Rodriguez,Daikin Park,2026-09-06T18:10:00Z,4.431203685159223,2837,2616,0.6500690601914214,0.6930381522613037,-0.6157612676048553,Normal,0.14792144051683456,0.7104776569068595,0.34645458419446257,0.5314871866812086,0.7420708157332042,0.5489056905560487,0.38066331798627673,0.24475480183294732,0.6746861539036294,0.43426422240077484,0.2727840067473758,0.19373133843937113,0.6852897089831071,0.30658126683640274,0.08711788309043196,2026-09-05T22:41:32Z
824142,663457,Lars Nootbaar,AZ,HOU,0,1,projected,Peter Lambert,Daikin Park,2026-09-06T18:10:00Z,4.612460191082803,2103,1221,0.6464713976970088,0.650321809837665,0.5545698696492246,Normal,0.1158366548328854,0.629938220214244,0.5454298787191483,0.6312797754549058,0.6947697119017494,0.4946297102900816,0.33086759592517984,0.20482747987109023,0.6042160657452035,0.3635927599927447,0.21856364694014957,0.15593780747950692,0.6103114416540425,0.2305849144613313,0.05440615395300075,2026-09-05T22:41:32Z
824142,665161,Jeremy Peña,HOU,AZ,1,2,projected,Eduardo Rodriguez,Daikin Park,2026-09-06T18:10:00Z,4.3160359685275385,2781,2616,0.5960795566825265,0.6970671686275639,-1.2607581473539797,Normal,0.1404026871622713,0.7065366321872256,0.29059792049699124,0.6076895748180241,0.7265310192337375,0.5294544130161805,0.36153526053696616,0.22842534283886207,0.6678626665018907,0.42609213797622425,0.26569121442755883,0.18847204445951987,0.6816514294337588,0.30111796846426536,0.08345490480509883,2026-09-05T22:41:32Z
824142,606466,Ketel Marte,AZ,HOU,0,2,projected,Peter Lambert,Daikin Park,2026-09-06T18:10:00Z,4.514755959137344,2878,1221,0.6099634998278944,0.6510944387294879,0.6919769154975104,Normal,0.15707356656263585,0.661411543742819,0.4513007525305487,0.557622983947046,0.71997079462848,0.5229729002412392,0.356517476082788,0.22517421171002774,0.6588366668620276,0.4178562265107986,0.26003251684000217,0.18485564391396186,0.6397028183182287,0.2581835313462691,0.06533592490888203,2026-09-05T22:41:32Z
824142,670541,Yordan Alvarez,HOU,AZ,1,3,projected,Eduardo Rodriguez,Daikin Park,2026-09-06T18:10:00Z,4.227059485832238,2503,2616,0.5437144380152055,0.6953171077088938,-0.5618604153211356,Normal,0.17474544016315602,0.7022421580046494,0.39212361211758945,0.5247563911020147,0.7440224235891801,0.5497735347177793,0.38020676811073345,0.2433274961685309,0.6934117555042678,0.45338422404477896,0.28727317250023204,0.2035645694257397,0.6776986120947519,0.29523667157377015,0.07969477886890391,2026-09-05T22:41:32Z
824142,672695,Geraldo Perdomo,AZ,HOU,0,3,projected,Peter Lambert,Daikin Park,2026-09-06T18:10:00Z,4.403412322274881,2694,1221,0.5199005517675712,0.6495762836682017,0.10909715347091473,Normal,0.08470397598185286,0.6603409948332549,0.4029976638249508,0.5313959534347547,0.680751865978738,0.47827238183048776,0.31552530840108184,0.19220955023384725,0.5985292046920022,0.3573345240216811,0.2134223666318124,0.15222673282830565,0.6387180909325921,0.25659203793830043,0.0642298507140485,2026-09-05T22:41:32Z
824142,670623,Isaac Paredes,HOU,AZ,1,4,projected,Eduardo Rodriguez,Daikin Park,2026-09-06T18:10:00Z,4.14127187366624,2604,2616,0.49117181634808804,0.6892984653122145,0.6533778566526989,Normal,0.1503991614670784,0.6403901252742517,0.47224220764240254,0.4203555268057025,0.6937235356296024,0.49043249961220864,0.3247193255976752,0.19815309273065107,0.6330640598119941,0.38863087866478624,0.23563427135681358,0.16714195155710596,0.620226135062499,0.23499311124584013,0.05323202540103338,2026-09-05T22:41:32Z
824142,682998,Corbin Carroll,AZ,HOU,0,4,projected,Peter Lambert,Daikin Park,2026-09-06T18:10:00Z,4.32796045562003,2683,1221,0.6325676983491051,0.6382566985279259,-1.777631159828969,Normal,0.1358755836801955,0.624308116460575,0.49792591230632305,0.6323236368375638,0.7119996396208974,0.5126040815392156,0.34600933001988426,0.21596222112715072,0.6417997858584347,0.39899520952475054,0.24452596795245163,0.17367634918977481,0.605132641530242,0.22333157450368665,0.050159497606471835,2026-09-05T22:41:32Z
824142,572233,Christian Walker,HOU,AZ,1,5,projected,Eduardo Rodriguez,Daikin Park,2026-09-06T18:10:00Z,4.027127924340467,3079,2616,0.49705849012723186,0.6848551159352373,-0.9240299847391567,Normal,0.17175147511384528,0.6329518925417157,0.33158801761607576,0.5947215935263083,0.6974012094547534,0.49393224173287675,0.32737431907782205,0.19986166170587688,0.6481000203516896,0.40321980810249636,0.24640797364497158,0.17444361972253286,0.6133163449644708,0.2275703343944108,0.049823285861948334,2026-09-05T22:41:32Z
824142,666971,Lourdes Gurriel Jr.,AZ,HOU,0,5,projected,Peter Lambert,Daikin Park,2026-09-06T18:10:00Z,4.20082165297245,2373,1221,0.43569345796104225,0.6323228754605753,-1.6286471782142753,Normal,0.10700715526831182,0.6716318325383045,0.24794317523690027,0.5686166893526503,0.6893140921047923,0.4864008890654857,0.3217996035735235,0.196396530980657,0.6239146035538982,0.3804715179835926,0.2300001719150279,0.16344923119040403,0.6492808482076305,0.265171894588676,0.06653505265094063,2026-09-05T22:41:32Z
824142,662139,Daulton Varsho,HOU,AZ,1,6,projected,Eduardo Rodriguez,Daikin Park,2026-09-06T18:10:00Z,3.8907716371220022,2434,2616,0.41875416870209803,0.6719658635461494,-0.8550564873547971,Normal,0.10661480822984733,0.6010732207737924,0.26267150347793583,0.5880439511585529,0.6537105730562005,0.44665035677874143,0.28596735097503645,0.16803869198795357,0.5841794106947492,0.341174198168744,0.20009164582643085,0.1426431708359835,0.5835065217094644,0.20092133035162765,0.04010637426568122,2026-09-05T22:41:32Z
824142,672515,Gabriel Moreno,AZ,HOU,0,6,projected,Peter Lambert,Daikin Park,2026-09-06T18:10:00Z,4.056087187666135,1577,1221,0.4545364696479205,0.6165243599046929,-0.30138796024599773,Normal,0.09843609179562249,0.6745265050206081,0.3316039226238347,0.544972394677451,0.6846408656051066,0.4811406770404656,0.3169963866343159,0.19253185714702387,0.6160172048709461,0.3726171990285794,0.22397579898921222,0.15923033891571614,0.6519672403824199,0.2677305293678355,0.06738095733286749,2026-09-05T22:41:32Z
824142,673237,Yainer Diaz,HOU,AZ,1,7,projected,Eduardo Rodriguez,Daikin Park,2026-09-06T18:10:00Z,3.7491749174917492,1857,2616,0.44413962563545295,0.6584842838113967,0.6498813595834261,Normal,0.14135232020069532,0.6670993810405396,0.20366275404511247,0.4393484043652013,0.6923749692888566,0.48750693918812954,0.3210377813201725,0.1944706938263482,0.6420040001477071,0.3961190566603946,0.2404564568455181,0.17014926589188353,0.6451660179493311,0.25701698281556734,0.060522181281760595,2026-09-05T22:41:32Z
824142,571448,Nolan Arenado,AZ,HOU,0,7,projected,Peter Lambert,Daikin Park,2026-09-06T18:10:00Z,3.9272214386459803,2818,1221,0.4411493746350315,0.5995005162014233,-1.4166156377566796,Normal,0.13494409535748314,0.6316985665732477,0.268544266587227,0.5553768130512646,0.6745904779437304,0.4696441018250182,0.30649387718110194,0.18414559670795314,0.6139965977936692,0.37008738295315285,0.22180197962181913,0.15765691762108688,0.6121072080209763,0.22768862593873146,0.050641243956186376,2026-09-05T22:41:32Z
824142,676694,Jake Meyers,HOU,AZ,1,8,projected,Eduardo Rodriguez,Daikin Park,2026-09-06T18:10:00Z,3.596165550821668,1548,2616,0.4224502022679529,0.6463771643282822,-0.987704559404877,Normal,0.08489601144325523,0.5991184523900311,0.2747285707156912,0.4958536150678614,0.6333002033012989,0.42444310564520826,0.26649610323541206,0.15308279931621,0.5532388830133709,0.3125277393586927,0.17934150295659823,0.12853037175094995,0.5817864360868951,0.19722109438591817,0.03792043419257219,2026-09-05T22:41:32Z
824142,545121,Ildemaro Vargas,AZ,HOU,0,8,projected,Peter Lambert,Daikin Park,2026-09-06T18:10:00Z,3.7700358851674642,1375,1221,0.40501371092551236,0.5891296006906813,-1.2285856731786444,Normal,0.07994134131513546,0.5966975128740577,0.2771946960383748,0.3960748626871179,0.6268187318912979,0.41980087294165014,0.2639245386896526,0.15209455723783077,0.5471670325591701,0.30905270004869506,0.17776290367208103,0.12762813433080666,0.5793908338177582,0.19815599873361595,0.03975031160611846,2026-09-05T22:41:32Z
824142,701358,Cam Smith,HOU,AZ,1,9,projected,Eduardo Rodriguez,Daikin Park,2026-09-06T18:10:00Z,3.4219449776071658,987,2616,0.43779521964065266,0.6432060021911151,-1.335613573615333,Normal,0.10455465711795771,0.5521353095585201,0.2757750670155668,0.5737512273694916,0.6177619697090097,0.4079540895283569,0.25228900141430144,0.1423283350464732,0.5417553839164332,0.3016817487845702,0.17139678910686512,0.12311204296780619,0.5376923003865892,0.16131393178261308,0.026391957319071443,2026-09-05T22:41:32Z
824142,596146,Max Kepler,AZ,HOU,0,9,projected,Peter Lambert,Daikin Park,2026-09-06T18:10:00Z,3.625715247391451,1951,1221,0.48069377843680927,0.5826770555835439,-0.963082442464382,Normal,0.1033852333472445,0.543789375532617,0.34965098168169584,0.5500997525721346,0.6299416339366966,0.4221028183250607,0.26530752519240114,0.1527568757212179,0.5301909864824389,0.2941494368715541,0.16724959898033173,0.12048791264324739,0.5296490946245748,0.1587433429843827,0.027095212706834702,2026-09-05T22:41:32Z
824309,664983,Jake McCarthy,COL,STL,1,1,projected,Kyle Leahy,Coors Field,2026-09-06T19:10:00Z,4.431203685159223,1888,1114,0.6548723980342523,0.6457451924736678,0.10803340989829377,Normal,0.12061495961329335,0.7378675855241625,0.3185562310175791,0.5035819544381541,0.7385728460656692,0.5446350036426534,0.3765574302974869,0.24132569549640137,0.6880275660807598,0.449022201525181,0.2848301360606099,0.20234196175834496,0.7106302214316834,0.33713434204843273,0.10296325941238711,2026-09-05T22:41:32Z
824309,671056,Iván Herrera,STL,COL,0,1,projected,Tanner Gordon,Coors Field,2026-09-06T19:10:00Z,4.612460191082803,1409,880,0.6741214357381574,0.6398627601175207,0.24297843791327556,Normal,0.13635695349139434,0.7535859133980849,0.39066673837863125,0.5768545764142206,0.7539966976243436,0.5648129420717652,0.3971555301964069,0.25953010470348115,0.6936171669042017,0.45659653493457775,0.29199578831960926,0.20793334081654366,0.725168081712204,0.3578965927048456,0.1164140305360618,2026-09-05T22:41:32Z
824309,678662,Ezequiel Tovar,COL,STL,1,2,projected,Kyle Leahy,Coors Field,2026-09-06T19:10:00Z,4.3160359685275385,2186,1114,0.4684671174013402,0.6458151039835699,0.6502550226411522,Normal,0.10350776007328384,0.652299181866091,0.2219139123877135,0.6879584571757936,0.6764464694415651,0.47273453492889006,0.3099904282243654,0.18742471858274667,0.616757403057439,0.37388360325883335,0.2252578112925471,0.16023787330371325,0.6312662454228806,0.24770439715137965,0.05957099189893561,2026-09-05T22:41:32Z
824309,676475,Alec Burleson,STL,COL,0,2,projected,Tanner Gordon,Coors Field,2026-09-06T19:10:00Z,4.514755959137344,2136,880,0.6230699003771558,0.6398309243837892,-1.855305675046531,Normal,0.1984064270339019,0.7642197429089855,0.2840936546263691,0.5097750380684545,0.7604812733496957,0.5724606818403326,0.4042163498908895,0.26515802532379157,0.7414499502137027,0.5132166351571927,0.34041389753686585,0.24338176806319106,0.7349767176647605,0.36994510958392557,0.1225221315671599,2026-09-05T22:41:32Z
824309,666160,Mickey Moniak,COL,STL,1,3,projected,Kyle Leahy,Coors Field,2026-09-06T19:10:00Z,4.227059485832238,1699,1114,0.5380929111013191,0.6347194231719785,-1.3290272938021883,Normal,0.19256022358753164,0.7014693901048695,0.26821068569005757,0.6766836396020123,0.7278395328238155,0.5302074310328505,0.3616117238294675,0.2279984967691127,0.7118187457534703,0.4746373789631723,0.30500832496758723,0.21630652666202552,0.6769827810121396,0.29443073155955346,0.07931543226384677,2026-09-05T22:41:32Z
824309,691023,Jordan Walker,STL,COL,0,3,projected,Tanner Gordon,Coors Field,2026-09-06T19:10:00Z,4.403412322274881,1630,880,0.5612287933899891,0.6359710458426433,-0.5810048597120461,Normal,0.16759242048217038,0.7612592913547421,0.24146464688044994,0.6754282968382757,0.7508196524421353,0.5599414365240047,0.3915432951696243,0.25404796728378776,0.7248380661732159,0.4922335032755842,0.32155185312731477,0.2291317321278372,0.7322290516317685,0.3655672060244165,0.11925041695916665,2026-09-05T22:41:32Z
824309,696100,Hunter Goodman,COL,STL,1,4,projected,Kyle Leahy,Coors Field,2026-09-06T19:10:00Z,4.14127187366624,1382,1114,0.49029653960760405,0.6183137212879043,-1.0738189590057956,Normal,0.19795138856176114,0.6475481133943753,0.25345060946885795,0.7683329609076804,0.7093410956859075,0.5080817844885471,0.34066794768263914,0.21074135479587544,0.6788567644971333,0.43656697292179075,0.2731371687337974,0.1933146818071079,0.626900379719875,0.24135560343445875,0.055714249302975756,2026-09-05T22:41:32Z
824309,669357,Nolan Gorman,STL,COL,0,4,projected,Tanner Gordon,Coors Field,2026-09-06T19:10:00Z,4.32796045562003,1837,880,0.5535139816412773,0.6221513033840244,-2.413711053725988,Cold,0.2253858500733017,0.663700705891994,0.3260713881060572,0.7912388710583951,0.7139572856909261,0.5148679842276678,0.34809810504934846,0.2176454293300863,0.6986545678137799,0.4604535330429077,0.2938881750360017,0.20867166725202516,0.6418805913548633,0.2585816011788629,0.06436074104227886,2026-09-05T22:41:32Z
824309,681198,TJ Rumfield,COL,STL,1,5,projected,Kyle Leahy,Coors Field,2026-09-06T19:10:00Z,4.027127924340467,557,1114,0.5226505185325107,0.6068452585258418,1.6196590976842509,Normal,0.1221292427823919,0.7006763503754914,0.47447949469889755,0.42927318285689897,0.7104261934348994,0.5087083542343819,0.3407389519980522,0.21040390517948254,0.6555845698691328,0.4109752516337435,0.2524201216214555,0.17861549162892196,0.6762726899964406,0.2915700111338936,0.07638413832888447,2026-09-05T22:41:32Z
824309,701675,Nathan Church,STL,COL,0,5,projected,Tanner Gordon,Coors Field,2026-09-06T19:10:00Z,4.20082165297245,464,880,0.5143191777644751,0.6144319064008977,1.3453116343674396,Normal,0.14854283042266223,0.6986358002522244,0.24185726385080505,0.49363054491793523,0.7038179433285668,0.5026540991835536,0.3364358215590179,0.20793797463024635,0.6667812229375811,0.4244722905012707,0.2641242409999566,0.18726017776549078,0.6743460240392073,0.292115568253141,0.07867096120220494,2026-09-05T22:41:32Z
824309,687597,Jordan Beck,COL,STL,1,6,projected,Kyle Leahy,Coors Field,2026-09-06T19:10:00Z,3.8907716371220022,918,1114,0.3581513187000144,0.5901932999182536,-0.750775255853614,Normal,0.08164949556663322,0.6076616382633657,0.23550545353206886,0.734316043304493,0.6197960707450472,0.4125302870118862,0.2576384801884544,0.14725999179011953,0.561632593502952,0.32110183727137454,0.18587286590612648,0.13301580754192557,0.5896794272275248,0.20615996315441507,0.04188458373858836,2026-09-05T22:41:32Z
824309,686780,Pedro Pagés,STL,COL,0,6,projected,Tanner Gordon,Coors Field,2026-09-06T19:10:00Z,4.056087187666135,805,880,0.42012856690043154,0.5977037059754323,-0.3506465543315012,Normal,0.12136150349513841,0.6858770243116735,0.20275809908483683,0.6791900291621664,0.6768546006789165,0.4726628997915185,0.3095214878228848,0.18674472812208084,0.6374363496375642,0.3938077326841574,0.24002755221117536,0.1703302061016973,0.6625070632692752,0.2789011099937342,0.07231849094100706,2026-09-05T22:41:32Z
824309,681393,Connor Norby,COL,STL,1,7,projected,Kyle Leahy,Coors Field,2026-09-06T19:10:00Z,3.7491749174917492,847,1114,0.40518153440303406,0.5774383413327286,0.3758242127439282,Normal,0.08860771455341498,0.5896205758248901,0.28364892140697107,0.6917038272033923,0.6220746656292949,0.41428595375967275,0.2587758047005076,0.14788688764770597,0.5518718923434076,0.3122193199327167,0.17949647130531626,0.1286822973680842,0.5728015028272573,0.19132038731018117,0.036634669104917084,2026-09-05T22:41:32Z
824309,602104,Ramón Urías,STL,COL,0,7,projected,Tanner Gordon,Coors Field,2026-09-06T19:10:00Z,3.9272214386459803,1628,880,0.4648889039124091,0.5810784253087296,-0.5890386448437067,Normal,0.12882055985136562,0.6779685568178888,0.2546163458456305,0.5675924150950843,0.679178843830436,0.474598799078022,0.31083101092463244,0.18748007416477022,0.6430107040819272,0.3988431374448647,0.24357302874474165,0.17268962784429132,0.6551968155167249,0.27009727000423733,0.06785230934628635,2026-09-05T22:41:32Z
824309,687859,Troy Johnston,COL,STL,1,8,projected,Kyle Leahy,Coors Field,2026-09-06T19:10:00Z,3.596165550821668,529,1114,0.45015968409358237,0.5716460520781703,0.34360237891881723,Normal,0.09009839150263839,0.6504996811270995,0.3527039893622259,0.46076440051194395,0.6574339660828038,0.44897588947923434,0.28693981001462154,0.16809215711663342,0.5979241489350958,0.3523007608285646,0.20740435138361818,0.14746174595666892,0.6297944056529196,0.2400789691551107,0.052948550389930356,2026-09-05T22:41:32Z
824309,665877,José Fermín,STL,COL,0,8,projected,Tanner Gordon,Coors Field,2026-09-06T19:10:00Z,3.7700358851674642,534,880,0.41476023557419306,0.5723802759379091,-0.4644796323777343,Normal,0.0879388189034285,0.6525003258625321,0.2649133740698429,0.4052394129030699,0.6460557282128463,0.43913747235145445,0.2799947063202965,0.16390839967521773,0.5925858929336413,0.34930057829354094,0.20627266358363894,0.14698072550390653,0.6315531499112048,0.2451259014148713,0.056982843215858434,2026-09-05T22:41:32Z
824309,650489,Willi Castro,COL,STL,1,9,projected,Kyle Leahy,Coors Field,2026-09-06T19:10:00Z,3.4219449776071658,2367,1114,0.5330260755136058,0.5742818379358203,-0.0016966979486228004,Normal,0.10575508335625891,0.5994195285198519,0.32967122071765004,0.5747989358834289,0.6531791537353145,0.4432478503624536,0.2811986909545658,0.16319986527489425,0.5760736218266702,0.33117228219299977,0.19172152639783493,0.13673738004474384,0.5821625767314709,0.19550490132113804,0.036387389309067264,2026-09-05T22:41:32Z
824309,687363,Victor Scott II,STL,COL,0,9,projected,Tanner Gordon,Coors Field,2026-09-06T19:10:00Z,3.625715247391451,803,880,0.4708379756467253,0.5675973599528021,0.824359525254474,Normal,0.09684591686427171,0.5933287653184537,0.2907922064233825,0.5494297348286318,0.6254019865636372,0.4176158962644587,0.26162981578226524,0.15008848480343087,0.5555777461711032,0.31551411129932944,0.18191859058753868,0.13038556408737464,0.5762900067656602,0.19434337446821495,0.03792770847246898,2026-09-05T22:41:32Z
824385,680757,Steven Kwan,CLE,DET,1,1,projected,Jackson Jobe,Progressive Field,2026-09-06T17:40:00Z,4.431203685159223,3140,338,0.6273528467343084,0.6374840016743091,0.768424583867061,Normal,0.07971748673507627,0.6755870309118575,0.4800740764500156,0.3696447809168646,0.6969263555304297,0.495975121167706,0.33123739103787686,0.20446647986518707,0.5982099003236784,0.35684834195763426,0.21296865432198978,0.15188592403301154,0.6529131024467263,0.2708550704003437,0.07027462251449408,2026-09-05T22:41:32Z
824385,805808,Kevin McGonigle,DET,CLE,0,1,projected,Gavin Williams,Progressive Field,2026-09-06T17:40:00Z,4.612460191082803,618,2038,0.6297291907960078,0.6477737652627209,-0.46178376885590866,Normal,0.11031616347899821,0.6324203359887158,0.5017992391066239,0.5877180552769318,0.688628125240171,0.487790723032852,0.3246991159822464,0.1999347707219144,0.5951089011568033,0.3549854033202759,0.2121688513064184,0.1515105411494153,0.6126314143949327,0.23274512843346776,0.05527015644749763,2026-09-05T22:41:32Z
824385,682657,Angel Martínez,CLE,DET,1,2,projected,Jackson Jobe,Progressive Field,2026-09-06T17:40:00Z,4.3160359685275385,1005,338,0.4916877276121949,0.6358798060815114,0.6607037382542531,Normal,0.10085160037490946,0.6425791150254218,0.3097330651409236,0.619497891445083,0.6740665076449123,0.47016707018597936,0.30773826179767355,0.18568649713320418,0.6009125227404463,0.35871788397783616,0.2139732539013586,0.15246177483551762,0.6222033634081306,0.23893450167151734,0.05602105363275518,2026-09-05T22:41:32Z
824385,650402,Gleyber Torres,DET,CLE,0,2,projected,Gavin Williams,Progressive Field,2026-09-06T17:40:00Z,4.514755959137344,2901,2038,0.5267266542704616,0.6484152382783221,0.6016431678561709,Normal,0.09942914213903459,0.6534718740788859,0.387926777900511,0.6885298320462223,0.6896687982930078,0.48841792948995477,0.3248524157597762,0.19974346500446152,0.5951424568309702,0.3545015714313256,0.21153092686298416,0.1509862703591111,0.6323050917124903,0.2507872358795632,0.062173164029069375,2026-09-05T22:41:32Z
824385,608070,José Ramírez,CLE,DET,1,3,projected,Jackson Jobe,Progressive Field,2026-09-06T17:40:00Z,4.227059485832238,3198,338,0.5361099847777036,0.6232943198362129,0.1388342307502587,Normal,0.1370208296953577,0.6425683882887602,0.37817361649285575,0.3900258308391751,0.7011812357172399,0.4993102091642337,0.33313087855991763,0.20510989851511577,0.6340410866164214,0.39016398651628337,0.23715335505940258,0.16832974712174756,0.6222346201545849,0.23775299620933435,0.05487330192083934,2026-09-05T22:41:32Z
824385,693307,Dillon Dingler,DET,CLE,0,3,projected,Gavin Williams,Progressive Field,2026-09-06T17:40:00Z,4.403412322274881,1102,2038,0.44754845804036386,0.6463475706301978,-1.8152659739396144,Normal,0.11616004118294028,0.6474642141533248,0.287714914262618,0.7610026822502653,0.67984878739359,0.47728807564309667,0.31465341821165416,0.19152985324272992,0.6158647862389154,0.373914368738078,0.2257901962345179,0.16077727566463254,0.6267173905634181,0.24472521537084505,0.05924523872645357,2026-09-05T22:41:32Z
824385,663993,Nathaniel Lowe,CLE,DET,1,4,projected,Jackson Jobe,Progressive Field,2026-09-06T17:40:00Z,4.14127187366624,2922,338,0.4455682056758519,0.6056134282620802,-0.9215978807989778,Normal,0.12398903537259248,0.6288563925106208,0.3880885674570558,0.5785208185909837,0.6714304983567472,0.46610740076704976,0.3032801371158829,0.18158164882208386,0.6034072847320981,0.35982261790190995,0.21410179255765072,0.15234063364730738,0.6094592513867497,0.22499750770971658,0.04944040049303938,2026-09-05T22:41:32Z
824385,682985,Riley Greene,DET,CLE,0,4,projected,Gavin Williams,Progressive Field,2026-09-06T17:40:00Z,4.32796045562003,2579,2038,0.4757719359405539,0.6344086521730957,-1.7082426987781876,Normal,0.12819766661446758,0.6099372803693877,0.40375126484740664,0.8255210002554525,0.6742366188962663,0.4705108765260312,0.3081784508892451,0.1861397974724816,0.6002668126171852,0.35828351587536755,0.21376516359912945,0.15236204906582976,0.5916832658994273,0.2113746890485685,0.045718509157780376,2026-09-05T22:41:32Z
824385,666176,Jo Adell,CLE,DET,1,5,projected,Jackson Jobe,Progressive Field,2026-09-06T17:40:00Z,4.027127924340467,1946,338,0.41393785939947486,0.5936411198120999,0.9846493738042325,Normal,0.12265117650041778,0.609635317258547,0.32849609543977637,0.6605983347518918,0.6635217015297856,0.45713064488544436,0.29509418710248836,0.17504175319887233,0.5924051014728611,0.34895745833314273,0.2058506667648042,0.14661172490317395,0.5915162580473854,0.20813296446205315,0.04283143571520326,2026-09-05T22:41:32Z
824385,679529,Spencer Torkelson,DET,CLE,0,5,projected,Gavin Williams,Progressive Field,2026-09-06T17:40:00Z,4.20082165297245,2658,2038,0.4446809778579063,0.6280067145582257,-0.6148141470999957,Normal,0.11352407332008167,0.5908253295906302,0.37544125379349125,0.8298688326522234,0.655075144777641,0.44968131949375884,0.2897506195657516,0.17178088597169977,0.576350589500483,0.33571575132249704,0.19706128909915382,0.14083627550107344,0.5737939432350592,0.19538144404550714,0.03964735135725392,2026-09-05T22:41:32Z
824385,682177,Daniel Schneemann,CLE,DET,1,6,projected,Jackson Jobe,Progressive Field,2026-09-06T17:40:00Z,3.8907716371220022,921,338,0.3786641567334277,0.5781290273481365,-1.5632558402678811,Normal,0.09794734799679729,0.5518382045797061,0.3474804620038907,0.6577513647271779,0.6036373045904265,0.3969337452390332,0.24506392587372466,0.1382670646292221,0.5339108550732169,0.29751620825694186,0.16958225165938903,0.12202233947217214,0.5372087255691654,0.16463256062618487,0.02875771604389989,2026-09-05T22:41:32Z
824385,690993,Colt Keith,DET,CLE,0,6,projected,Gavin Williams,Progressive Field,2026-09-06T17:40:00Z,4.056087187666135,1417,2038,0.41688217741764416,0.6118568975857526,-1.3197130022817904,Normal,0.09754225624591324,0.5924993239982753,0.3502968900930164,0.6723685923324426,0.6356047304611333,0.4296312154165304,0.2727115777309116,0.1589653525771903,0.5560715947112014,0.3176584518919316,0.18415896542665855,0.13201780855152398,0.5753694553136247,0.19645993667175438,0.039831474651875906,2026-09-05T22:41:32Z
824385,672275,Patrick Bailey,CLE,DET,1,7,projected,Jackson Jobe,Progressive Field,2026-09-06T17:40:00Z,3.7491749174917492,1545,338,0.37547540988139816,0.5661059899363291,1.1426759694356645,Normal,0.07395964401205675,0.5742517330023058,0.31680770337371744,0.6241074436263518,0.6075978933173581,0.40026347156624165,0.24745356466262572,0.13978447857501447,0.5228890651809766,0.2880566477380178,0.16301147610092917,0.11758029349656916,0.5583595039039306,0.17986380239737745,0.033038954812400934,2026-09-05T22:41:32Z
824385,656716,Zach McKinstry,DET,CLE,0,7,projected,Gavin Williams,Progressive Field,2026-09-06T17:40:00Z,3.9272214386459803,1924,2038,0.3913965738738955,0.5948641128193026,-1.3584034014575543,Normal,0.07554958812810432,0.5377852911543249,0.3560212750044969,0.6225065456107339,0.5935035317196788,0.3881989037694515,0.2387102698784174,0.134199635322558,0.5131490977330484,0.28138768075933107,0.1590787461453949,0.11501307873774413,0.523876733210199,0.15639577388547957,0.027038815176570363,2026-09-05T22:41:32Z
824385,595978,Austin Hedges,CLE,DET,1,8,projected,Jackson Jobe,Progressive Field,2026-09-06T17:40:00Z,3.596165550821668,1091,338,0.3354149769746292,0.5611329295951986,-0.5027176281584531,Normal,0.06841709594056604,0.5168570796267306,0.31129535219407717,0.548388079993952,0.5607080526698394,0.35623464649078823,0.21266438296380905,0.11534661333121339,0.46465254215392404,0.2424111482722139,0.13287862760910424,0.09729714255970358,0.5042386446158232,0.14008834563670222,0.021493420806570882,2026-09-05T22:41:32Z
824385,701678,Hao-Yu Lee,DET,CLE,0,8,projected,Gavin Williams,Progressive Field,2026-09-06T17:40:00Z,3.7700358851674642,280,2038,0.3863807989709107,0.5848883348908641,0.20763543662148856,Normal,0.08688989417913145,0.5972635526817279,0.2438026014756312,0.6804533426302323,0.6311840770813182,0.4241346500793083,0.26749459472794596,0.15469918745751715,0.5528320078369706,0.3138945945748738,0.1811228026192014,0.12990159026684028,0.5799218100126787,0.19859760334244242,0.03989897141066732,2026-09-05T22:41:32Z
824385,677587,Brayan Rocchio,CLE,DET,1,9,projected,Jackson Jobe,Progressive Field,2026-09-06T17:40:00Z,3.4219449776071658,1435,338,0.3889757653432603,0.5637875439349418,-0.456016275332549,Normal,0.06303349453572235,0.5453925575280041,0.29322190797096426,0.4294717719786007,0.5908169927420851,0.3824545860795918,0.23213535416454525,0.12821539536288476,0.4927641559688349,0.2625708275365661,0.14546881500545641,0.10574623552076444,0.5313276727794524,0.15679586398275183,0.025178715124918958,2026-09-05T22:41:32Z
824385,595879,Javier Báez,DET,CLE,0,9,projected,Gavin Williams,Progressive Field,2026-09-06T17:40:00Z,3.625715247391451,2035,2038,0.409789590067407,0.5788931037396056,-0.671795508456311,Normal,0.06820494293184111,0.5667436210269857,0.18720439467158348,0.6618383439621008,0.6125340835847793,0.4050771608079035,0.2514544906621634,0.14276869017387017,0.5157670324977242,0.28242753682084404,0.15935323980622373,0.11516642843864668,0.551297441847102,0.17463524022805815,0.031731552102788614,2026-09-05T22:41:32Z
824469,670770,TJ Friedl,CIN,MIL,1,1,projected,Kyle Harrison,Great American Ball Park,2026-09-06T16:10:00Z,4.431203685159223,2103,1282,0.5252270242751433,0.6213012270161001,-1.1184220818470378,Normal,0.10996997484986588,0.6374776632067037,0.3785837481460442,0.6358476169467372,0.678284785905772,0.4753943754817741,0.3128448185727443,0.19002373805548586,0.5994682420719047,0.35803244451914956,0.21384290499043587,0.15248826633531237,0.6174085517256677,0.23550235820841822,0.055338181136575904,2026-09-05T22:41:32Z
824469,668930,Brice Turang,MIL,CIN,0,1,projected,Brady Singer,Great American Ball Park,2026-09-06T16:10:00Z,4.612460191082803,2323,3434,0.7018332005685184,0.6461020777665731,-0.9810534469313313,Normal,0.1263275614344565,0.7020793931473552,0.43612991215420904,0.7153010480970692,0.7339448619897987,0.5401401647339026,0.37321334998768835,0.23932244139568845,0.6550547941301025,0.41446133461358864,0.25771375236795785,0.18336688634217654,0.6774849678161218,0.2996159244875878,0.08517558079076518,2026-09-05T22:41:32Z
824469,680574,Matt McLain,CIN,MIL,1,2,projected,Kyle Harrison,Great American Ball Park,2026-09-06T16:10:00Z,4.3160359685275385,1419,1282,0.5834262179651851,0.6159538819887975,-1.1475770097580151,Normal,0.15989067937269047,0.6249968844883493,0.3848418925596902,0.7894245064140639,0.6885223127605512,0.4859318257980166,0.32167529136544565,0.19651470957348519,0.6310909995146952,0.38800264367963355,0.2359462290364154,0.16764155675141174,0.6057829826523045,0.2236431200568213,0.05007710973094191,2026-09-05T22:41:32Z
824469,592885,Christian Yelich,MIL,CIN,0,2,projected,Brady Singer,Great American Ball Park,2026-09-06T16:10:00Z,4.514755959137344,2698,3434,0.6628908728070559,0.6466337201880404,0.6145524846237949,Normal,0.14969356998286765,0.6995993441277893,0.41582716629438726,0.6915463627006418,0.7359995359249688,0.5420741660876333,0.37458965468719385,0.2400850257930367,0.6704268976984289,0.430256996127156,0.269961720177369,0.1919070336121332,0.6751959669196581,0.2960553317875984,0.08271108586824885,2026-09-05T22:41:32Z
824469,682829,Elly De La Cruz,CIN,MIL,1,3,projected,Kyle Harrison,Great American Ball Park,2026-09-06T16:10:00Z,4.227059485832238,2368,1282,0.5764976608297719,0.6009425500386998,1.3827621472001366,Normal,0.1302737668364995,0.6689382866407986,0.3407518571354546,0.7677767890723519,0.7132799994448377,0.513135748387828,0.3457445123001303,0.2151590713058125,0.6515117981464885,0.40798315537800184,0.2508972198783922,0.17788921938680835,0.6467921509714025,0.26200774029893026,0.06479915478893825,2026-09-05T22:41:32Z
824469,694192,Jackson Chourio,MIL,CIN,0,3,projected,Brady Singer,Great American Ball Park,2026-09-06T16:10:00Z,4.403412322274881,1647,3434,0.551584021562681,0.6441954559772333,0.816543949329874,Normal,0.1423600144739666,0.703532473797466,0.25362963123017906,0.6633315321874177,0.7289029685094551,0.5331963744434677,0.36582335034788016,0.23255373622409845,0.6748381871611078,0.43465641939616667,0.2732355102193522,0.19410940102224064,0.6788474712377152,0.29954900850225075,0.08389136327111821,2026-09-05T22:41:32Z
824469,668709,JJ Bleday,CIN,MIL,1,4,projected,Kyle Harrison,Great American Ball Park,2026-09-06T16:10:00Z,4.14127187366624,1998,1282,0.47424261007635116,0.5812880211503286,0.35040932289149473,Normal,0.1398254588970231,0.5972575977016639,0.4002244350924968,0.6840418428651613,0.6609564676833953,0.45501016111118847,0.29370248403554694,0.1743087965467,0.6091064873841276,0.3652325502487077,0.21809004789591574,0.15507160971023717,0.5798807080598034,0.19916198721105016,0.0402465936583825,2026-09-05T22:41:32Z
824469,661388,William Contreras,MIL,CIN,0,4,projected,Brady Singer,Great American Ball Park,2026-09-06T16:10:00Z,4.32796045562003,2893,3434,0.5086829811696765,0.6318513224911311,1.0107620405021531,Normal,0.10613172349056522,0.6808999241494731,0.3429674451496199,0.5410317053506989,0.7067507630019689,0.5065755467191932,0.34047461189349637,0.21152068354019538,0.627375514511262,0.3844870924713931,0.23339416269048605,0.1659253071275631,0.6578723952382545,0.2751873617809547,0.07163250096962805,2026-09-05T22:41:32Z
824469,701398,Sal Stewart,CIN,MIL,1,5,projected,Kyle Harrison,Great American Ball Park,2026-09-06T16:10:00Z,4.027127924340467,669,1282,0.5551309984945219,0.56874887248447,1.2516662899244206,Normal,0.2245151606282869,0.6522184121260053,0.3176760175283049,0.6297202626664111,0.7187425427689508,0.5183388911788901,0.3495784712558342,0.21746238686565267,0.691470376034866,0.44986991933552345,0.2834349193082451,0.200367800364026,0.6312806376120407,0.2445883165323708,0.056350961986267586,2026-09-05T22:41:32Z
824469,683734,Andrew Vaughn,MIL,CIN,0,5,projected,Brady Singer,Great American Ball Park,2026-09-06T16:10:00Z,4.20082165297245,2538,3434,0.4225918918645342,0.6251522964139358,0.6604160558203068,Normal,0.1063507670213266,0.6777479862974465,0.2981564726384577,0.5495946210252829,0.6902263971493963,0.4874104338878289,0.3227005075853303,0.19710151990371963,0.6274734533707572,0.38398498106379486,0.23265997217023213,0.16528963064262062,0.6549645861815834,0.27110167104813276,0.06912030077875947,2026-09-05T22:41:32Z
824469,553993,Eugenio Suárez,CIN,MIL,1,6,projected,Kyle Harrison,Great American Ball Park,2026-09-06T16:10:00Z,3.8907716371220022,3050,1282,0.5232132366548776,0.5559674087635765,0.6297324687695177,Normal,0.22499389661068947,0.5884647345762576,0.39921174545419585,0.8036858226865041,0.680914094582876,0.475500818708668,0.3108280038360218,0.18685696631010676,0.6601413340676303,0.4154771196967113,0.2557306925204331,0.18081497466581883,0.5716784289553729,0.1911552857665889,0.03688586285345892,2026-09-05T22:41:32Z
824469,641343,Jake Bauers,MIL,CIN,0,6,projected,Brady Singer,Great American Ball Park,2026-09-06T16:10:00Z,4.056087187666135,1348,3434,0.6107283997737399,0.6088169880676392,-0.07550122915695977,Normal,0.1691923260160198,0.629582800744742,0.5422412245515782,0.7061956531794604,0.7049227120295354,0.5038000303233404,0.33734858916932103,0.20853729221797648,0.6426039621489147,0.39905409884052145,0.24406430411792215,0.17313592077524603,0.6100941037567945,0.2267303798103076,0.05070781643465381,2026-09-05T22:41:32Z
824469,667472,Dane Myers,CIN,MIL,1,7,projected,Kyle Harrison,Great American Ball Park,2026-09-06T16:10:00Z,3.7491749174917492,792,1282,0.4295030002347102,0.545194892213114,1.2688806176308693,Normal,0.10770736189196524,0.6103786762724499,0.33371639035441003,0.648209496866182,0.6470734351743573,0.43930445272692314,0.2794471205530892,0.16297501068163228,0.5724072983991454,0.3301123793047951,0.19200347313940966,0.13712497095542472,0.5922615370714138,0.20758152265695443,0.04202651322736271,2026-09-05T22:41:32Z
824469,686217,Sal Frelick,MIL,CIN,0,7,projected,Brady Singer,Great American Ball Park,2026-09-06T16:10:00Z,3.9272214386459803,1685,3434,0.4874753330293605,0.5918704458305311,-0.9404706362510684,Normal,0.0891672844512604,0.6490042796339721,0.3400958181089567,0.43844977679277314,0.6705288941116797,0.4652920076769445,0.30270512510849945,0.1812462350093343,0.5876277019446365,0.34530093582695454,0.20361750561972136,0.1452115185994696,0.6282520230482518,0.2429302918485309,0.05655013852470729,2026-09-05T22:41:32Z
824469,663886,Tyler Stephenson,CIN,MIL,1,8,projected,Kyle Harrison,Great American Ball Park,2026-09-06T16:10:00Z,3.596165550821668,1959,1282,0.46440259555699615,0.5413063211187797,-0.5844334368193074,Normal,0.1438710838380502,0.5887215617963426,0.3417375443215955,0.7124871757571538,0.6509904176170435,0.4423256795404319,0.2813396289169118,0.16394423437368616,0.5954390925187909,0.3500012801079359,0.20574669698052517,0.14633963035315492,0.572031791328789,0.18925959256401684,0.035385506968078705,2026-09-05T22:41:32Z
824469,624431,Jose Trevino,CIN,MIL,1,9,projected,Kyle Harrison,Great American Ball Park,2026-09-06T16:10:00Z,3.4219449776071658,1187,1282,0.40888173490711976,0.5434955907681593,-0.7976564828099624,Normal,0.11386099466084851,0.5636945546528979,0.205702949408646,0.47617835636586026,0.61969577769932,0.4098273797181948,0.2537935247330392,0.1433964398579257,0.5470633866303648,0.30612452839774257,0.17441539771191913,0.1251336900537232,0.5485899635991953,0.169261180398698,0.028586926846862898,2026-09-05T22:41:32Z
824469,687401,Joey Ortiz,MIL,CIN,0,9,projected,Brady Singer,Great American Ball Park,2026-09-06T16:10:00Z,3.625715247391451,1408,3434,0.43305886749857636,0.5764499566450981,1.372501970854211,Normal,0.07989618079430129,0.5881638365668772,0.24430127105753138,0.48179738468899475,0.6298920538256428,0.42205363201955,0.2652671046021111,0.15272748281758194,0.5424924696391699,0.30438229446518283,0.17423050462039114,0.12519555218238876,0.5714412290111223,0.19040124198944994,0.03664873022630999,2026-09-05T22:41:32Z
824552,805367,Chase Meidroth,CWS,MIN,1,1,projected,Bailey Ober,Rate Field,2026-09-06T22:20:00Z,4.431203685159223,1072,2614,0.5487854726222782,0.6620601094701599,0.13701168856346765,Normal,0.0988379809117356,0.6747282478194613,0.3182755919997928,0.6491519226208446,0.6921035917909725,0.49058374000258687,0.32637594685874877,0.200620083916014,0.60898881224397,0.3670819563317235,0.22056467933614612,0.15712729848315005,0.6521146956500852,0.27001775571923625,0.06990115896387736,2026-09-05T22:41:32Z
824552,663616,Trevor Larnach,MIN,CWS,0,1,projected,TBD,Rate Field,2026-09-06T22:20:00Z,4.612460191082803,1772,0,0.6290626882312318,0.5872022454862692,-0.037281169360268374,Normal,0.14368335766800028,0.6867635969061031,0.394310295655763,0.6156594495431794,0.7232000715379605,0.5273181595118236,0.3610497937094004,0.22925163581910693,0.6615851287325768,0.42136731291521734,0.26321388406930757,0.18727086570104323,0.6632658489348654,0.28381987547694265,0.07755215924474738,2026-09-05T22:41:32Z
824552,678246,Miguel Vargas,CWS,MIN,1,2,projected,Bailey Ober,Rate Field,2026-09-06T22:20:00Z,4.3160359685275385,1773,2614,0.5888887021497938,0.6648220108508268,1.2264043320896962,Normal,0.1508423552386734,0.6191610103398401,0.4032635196686485,0.6220151483699425,0.6867471215026415,0.4839736824966764,0.3199300231504422,0.19514939242161242,0.6302013423907123,0.38711490253435976,0.23526892516750147,0.16717121882476652,0.6003249925939227,0.21872567526756315,0.04823165771389697,2026-09-05T22:41:32Z
824552,686797,Brooks Lee,MIN,CWS,0,2,projected,TBD,Rate Field,2026-09-06T22:20:00Z,4.514755959137344,1256,0,0.4769581894777956,0.5872022454862692,0.1413028361244182,Normal,0.13475262422125805,0.6686846717249032,0.2568724862444605,0.5606209732834573,0.6901813274716476,0.48898647018304053,0.32536300138450086,0.20014651648704934,0.636000491514135,0.3942439254375782,0.24152897658253764,0.17182880963461747,0.6464738072605823,0.26509873823543595,0.06836056606101457,2026-09-05T22:41:32Z
824552,643217,Andrew Benintendi,CWS,MIN,1,3,projected,Bailey Ober,Rate Field,2026-09-06T22:20:00Z,4.227059485832238,2556,2614,0.4644406570548059,0.6571418706285083,-0.350481209930859,Normal,0.12707379584274517,0.6595912002146581,0.29855614641693223,0.5493261064585765,0.6704298701962749,0.4655362053492721,0.30317559136814415,0.18180312118096575,0.6279050643581994,0.384049351516574,0.2325036613297265,0.16511114364110369,0.6380964044530186,0.25321138424366235,0.06110816406622658,2026-09-05T22:41:32Z
824552,665019,Kody Clemens,MIN,CWS,0,3,projected,TBD,Rate Field,2026-09-06T22:20:00Z,4.403412322274881,1283,0,0.540319180229855,0.5872022454862692,0.7545056267764659,Normal,0.1834932639303791,0.6490601631934023,0.3134401344060803,0.6553270262560521,0.694978821085024,0.4939919200541078,0.32958748538636373,0.2032644772122634,0.6724663021833238,0.4320730248807071,0.27114656492111483,0.19262165973650008,0.6282057175362427,0.24617379332680409,0.05984348455080628,2026-09-05T22:41:32Z
824552,502054,Tommy Pham,CWS,MIN,1,4,projected,Bailey Ober,Rate Field,2026-09-06T22:20:00Z,4.14127187366624,2045,2614,0.42943603225038895,0.6439245594146139,-2.256485109858176,Cold,0.10541118420234981,0.6222931812119323,0.3103915770552197,0.6819730763602977,0.6455899128592236,0.43909104152568107,0.28018002846376583,0.16417803148605103,0.5865802333750494,0.34418338272225124,0.20271315234247606,0.1445653860574034,0.6033254156162315,0.21944756169084112,0.04739186343743216,2026-09-05T22:41:32Z
824552,680777,Ryan Jeffers,MIN,CWS,0,4,projected,TBD,Rate Field,2026-09-06T22:20:00Z,4.32796045562003,1810,0,0.4859869351817714,0.5872022454862692,-0.0681881693023428,Normal,0.125639012518897,0.6530012745362255,0.38543983174988233,0.6100450907269339,0.6818451326986538,0.4787603243323015,0.31544496223771307,0.19177051343069912,0.6290102830900365,0.3861110217936358,0.23463069359861966,0.16678405978800526,0.631916380936175,0.24863432220161166,0.06018431311094726,2026-09-05T22:41:32Z
824552,695657,Colson Montgomery,CWS,MIN,1,5,projected,Bailey Ober,Rate Field,2026-09-06T22:20:00Z,4.027127924340467,846,2614,0.5201404410135095,0.6341010978028403,-0.2700583171715327,Normal,0.21788217797757253,0.6057415081341897,0.3123416532344189,0.7840082905314899,0.6858345291525724,0.48111117315087853,0.31596792117150696,0.1909873836578304,0.6641684214700085,0.4200163140429454,0.2594997740467133,0.1835457779309327,0.58786930062553,0.20500549176698019,0.04175228031330235,2026-09-05T22:41:32Z
824552,605137,Josh Bell,MIN,CWS,0,5,projected,TBD,Rate Field,2026-09-06T22:20:00Z,4.20082165297245,2951,0,0.4720052619269136,0.5872022454862692,1.1920563866519076,Normal,0.13780154019981655,0.6560775277574716,0.3644872507369924,0.5576315872323422,0.6793841055522035,0.4755201915141821,0.31215781457393393,0.1888960650990383,0.6324221739305342,0.3889109957519139,0.23640774764936837,0.16788698234217,0.6348079476374813,0.2505276844436855,0.06035495640216593,2026-09-05T22:41:32Z
824552,686668,Brenton Doyle,CWS,MIN,1,6,projected,Bailey Ober,Rate Field,2026-09-06T22:20:00Z,3.8907716371220022,1755,2614,0.41210902040325764,0.6162430084143916,-1.305897291874071,Normal,0.10291565700699093,0.6032571514182049,0.21105528287682265,0.769237058723708,0.6398835576761994,0.4325036756343377,0.27408333923966577,0.15923517115849442,0.5736923771033597,0.3317350216795203,0.1933639198601137,0.1380833297120886,0.5855533055990058,0.20264740046223115,0.04068835857614071,2026-09-05T22:41:32Z
824552,668904,Royce Lewis,MIN,CWS,0,6,projected,TBD,Rate Field,2026-09-06T22:20:00Z,4.056087187666135,1442,0,0.4303660879530878,0.5872022454862692,0.2972215778434088,Normal,0.13030165327900353,0.6345127745017386,0.25923716230683946,0.6570043641168574,0.6714295366540828,0.466825576291043,0.30441807892574796,0.18282184486885064,0.6139284726093062,0.3705971522768655,0.22246647943749912,0.15819102038928393,0.6146984363634789,0.230988155005814,0.05233460889922649,2026-09-05T22:41:32Z
824552,545341,Randal Grichuk,CWS,MIN,1,7,projected,Bailey Ober,Rate Field,2026-09-06T22:20:00Z,3.7491749174917492,1801,2614,0.4375702334447018,0.6020817889794909,-0.3483223230771486,Normal,0.13544240897637974,0.6275256336628938,0.19077373471384448,0.6309474416097769,0.6682451132423047,0.4613464611636086,0.2981712772611777,0.17696729978398468,0.6256612759147802,0.3798162817250626,0.22813878726181855,0.16169317712381176,0.6082962264626551,0.22172737104101797,0.04699359527045186,2026-09-05T22:41:32Z
824552,605170,Victor Caratini,MIN,CWS,0,7,projected,TBD,Rate Field,2026-09-06T22:20:00Z,3.9272214386459803,1545,0,0.3991026435582989,0.5872022454862692,-0.9383101258751492,Normal,0.11171455842900072,0.6076633899466586,0.3580999862693931,0.5413403195247962,0.6400885558192124,0.4336377083417247,0.2757249712167112,0.1609653186271792,0.5696328612218453,0.3290688961512962,0.19199074918437714,0.1372970149561493,0.5896262223050782,0.20767084039970782,0.04334577441495099,2026-09-05T22:41:32Z
824552,671976,Tristan Peters,CWS,MIN,1,8,projected,Bailey Ober,Rate Field,2026-09-06T22:20:00Z,3.596165550821668,438,2614,0.43750677182822767,0.5940917378587459,1.231598038049502,Normal,0.11411708611257636,0.608128740780731,0.28381820962702936,0.47748371135836737,0.6487893972608697,0.4400710874943967,0.27945095206566706,0.16255150964738913,0.5928628542184601,0.34762876214147265,0.20404099507136536,0.14518558647577753,0.5902291544367917,0.20430714650546533,0.04024387306647481,2026-09-05T22:41:32Z
824552,807712,Luke Keaschall,MIN,CWS,0,8,projected,TBD,Rate Field,2026-09-06T22:20:00Z,3.7700358851674642,739,0,0.44383367066630797,0.5872022454862692,1.4494310145408995,Normal,0.080160012490701,0.6220822586191205,0.3544181111720164,0.47084871885352214,0.6493340762116739,0.4424956608328309,0.28282296749092223,0.16601127719631742,0.5637370988755919,0.3233542697141991,0.18774162989318605,0.13438500176948098,0.603165378492636,0.21864359160375268,0.046913016771176166,2026-09-05T22:41:32Z
824552,668670,Jake Rogers,CWS,MIN,1,9,projected,Bailey Ober,Rate Field,2026-09-06T22:20:00Z,3.4219449776071658,1003,2614,0.3998307419654982,0.595855973172781,-0.38935778868800536,Normal,0.10721577758227108,0.5133627331273735,0.2636280465634243,0.717992738667242,0.600555421103618,0.3915435984870484,0.23924962906137234,0.13315566955663496,0.5165086544883675,0.28111145626394735,0.15761680723021126,0.1138854633911698,0.5010164596380978,0.13647490895552777,0.020032625012340696,2026-09-05T22:41:32Z
824552,668952,Ryan Kreidler,MIN,CWS,0,9,projected,TBD,Rate Field,2026-09-06T22:20:00Z,3.625715247391451,441,0,0.3973998871580059,0.5872022454862692,-1.2230319783920385,Normal,0.07764220536658555,0.5392603233788306,0.23613858828547796,0.6472016708778499,0.5989062327736053,0.39207808957655027,0.24106267681457422,0.1353894523783301,0.5007988321666063,0.2705676288030254,0.15147173359725902,0.10985610333900395,0.5253701688440852,0.15572586025454885,0.026251208743835096,2026-09-05T22:41:32Z
824794,702616,Jackson Holliday,BAL,BOS,1,1,projected,Payton Tolle,Oriole Park at Camden Yards,2026-09-06T17:35:00Z,4.431203685159223,1176,604,0.5199452461341489,0.6672163119800582,-0.9667683231254469,Normal,0.10685978677688113,0.6484120354356693,0.297314377505943,0.6688213685659241,0.6771111651170588,0.47412159610151006,0.31172194462760233,0.18915165490595937,0.6017832503032936,0.3602181258823221,0.21545984022367204,0.1536029129258708,0.6276114176049776,0.2452777434938113,0.05929885320974766,2026-09-05T22:41:32Z
824794,680776,Jarren Duran,BOS,BAL,0,1,projected,Kyle Bradish,Oriole Park at Camden Yards,2026-09-06T17:35:00Z,4.612460191082803,2569,2102,0.581201879561457,0.6461945964489648,-0.47480324553806963,Normal,0.12436497040048124,0.6702830543576275,0.3268884846770438,0.761132738872633,0.7016629727932493,0.5023972731350078,0.3379341570179326,0.21047380293545895,0.6585375049831211,0.41813321051733165,0.2606324783407897,0.18543690372846802,0.6479411759987715,0.26753713876740326,0.0700591938275245,2026-09-05T22:41:32Z
824794,683002,Gunnar Henderson,BAL,BOS,1,2,projected,Payton Tolle,Oriole Park at Camden Yards,2026-09-06T17:35:00Z,4.3160359685275385,2755,604,0.5702243986876743,0.6706010556168572,0.332068307138678,Normal,0.1447751642727846,0.6554279998453405,0.34696652284650925,0.6373208939316868,0.7059156759700633,0.5054602490747047,0.33930430355227414,0.21045576727669607,0.6506349287157344,0.4078994857118134,0.2513153057141525,0.178360284980454,0.6341812981201083,0.2505766489556606,0.060756112891749876,2026-09-05T22:41:32Z
824794,668939,Adley Rutschman,BOS,BAL,0,2,projected,Kyle Bradish,Oriole Park at Camden Yards,2026-09-06T17:35:00Z,4.514755959137344,2511,2102,0.5294598320616916,0.6467327963830675,-1.4571596423351592,Normal,0.11650832720666564,0.6514481470022258,0.43501738957112474,0.5920944666332262,0.6861706636663276,0.48455151628308485,0.3213891847920002,0.19701568896200922,0.6184157895832166,0.37676224871725933,0.22816015714541946,0.1625012890348868,0.6304184485093329,0.24892706980150653,0.06138944755638133,2026-09-05T22:41:32Z
824794,673357,Luis Robert Jr.,BAL,BOS,1,3,projected,Payton Tolle,Oriole Park at Camden Yards,2026-09-06T17:35:00Z,4.227059485832238,2082,604,0.5226887174635125,0.6640806664148868,-0.4185990828275617,Normal,0.17799904564736194,0.6342862666998743,0.29992350886423413,0.7677778998205571,0.6930978732064406,0.49024727618922104,0.3249745762466793,0.1986860014119186,0.6475635872297713,0.40390202735245395,0.24772369895915894,0.17567558840975792,0.6145054288155729,0.2304855917215623,0.0520520730422668,2026-09-05T22:41:32Z
824794,678882,Ceddanne Rafaela,BOS,BAL,0,3,projected,Kyle Bradish,Oriole Park at Camden Yards,2026-09-06T17:35:00Z,4.403412322274881,1816,2102,0.48230118256838533,0.6443152123832263,-0.6964100672095345,Normal,0.10209715636603756,0.6826215138833722,0.2160403516813258,0.6908073886062189,0.6945277135896157,0.4934872252135441,0.3291319355094375,0.2029036194290361,0.6345026962821679,0.3923581916200492,0.23983559294148213,0.1705511587640132,0.659441999094249,0.27812305777097707,0.07376483729207121,2026-09-05T22:41:32Z
824794,624413,Pete Alonso,BAL,BOS,1,4,projected,Payton Tolle,Oriole Park at Camden Yards,2026-09-06T17:35:00Z,4.14127187366624,3362,604,0.5579815635043369,0.6520536963043214,-0.002545104811421205,Normal,0.2385240557031669,0.6374004469901917,0.37374466657451344,0.7105308412225663,0.7127773172157478,0.5120360117190941,0.3442876573710804,0.2136293734329582,0.6956456100731313,0.45531100145525355,0.28840339982413743,0.2041389143468283,0.6174367318171922,0.2323720459470273,0.05222503728052652,2026-09-05T22:41:32Z
824794,677800,Wilyer Abreu,BOS,BAL,0,4,projected,Kyle Bradish,Oriole Park at Camden Yards,2026-09-06T17:35:00Z,4.32796045562003,1556,2102,0.5351883769162536,0.6319934449052775,-0.13740611712889425,Normal,0.15017179578285422,0.654903667585734,0.4103556157184238,0.6643123066257952,0.7015764938447114,0.500690880757457,0.3351101938510779,0.2072414769020286,0.6534139375318816,0.41097914701079014,0.25386679806809687,0.18021705004349656,0.6336889565301154,0.25038205523376655,0.06090843152435259,2026-09-05T22:41:32Z
824794,694212,Samuel Basallo,BAL,BOS,1,5,projected,Payton Tolle,Oriole Park at Camden Yards,2026-09-06T17:35:00Z,4.027127924340467,477,604,0.4302795716994801,0.6429668334855745,-0.8756375210163712,Normal,0.15144907182475462,0.6063439743942622,0.26979138232851996,0.7069559919964561,0.6584660049878427,0.45182817906849343,0.2905580576219345,0.17162705406228262,0.6125443236097421,0.36790970541257345,0.21972336681347093,0.1560768786977528,0.5884336930624208,0.20548722002808426,0.04191767914657793,2026-09-05T22:41:32Z
824794,596115,Trevor Story,BOS,BAL,0,5,projected,Kyle Bradish,Oriole Park at Camden Yards,2026-09-06T17:35:00Z,4.20082165297245,1520,2102,0.4441861983246644,0.6253106277317,0.012184878619037923,Normal,0.10382352944453317,0.643602569558227,0.23721595595142117,0.7968979445448725,0.6726591888338005,0.46826103157009263,0.30579375390799785,0.1839900920835675,0.6010634796508255,0.35847207340814247,0.21359352809309443,0.1521473786208306,0.6231809280979377,0.23922007497996808,0.055780388345906956,2026-09-05T22:41:32Z
824794,665750,Leody Taveras,BAL,BOS,1,6,projected,Payton Tolle,Oriole Park at Camden Yards,2026-09-06T17:35:00Z,3.8907716371220022,2046,604,0.40703285252740257,0.6251717911697651,-1.7170463034050305,Normal,0.09820801651834966,0.5925054824586984,0.2713780813829362,0.7208816767821314,0.6224044222028277,0.41508645269410044,0.25972152633365503,0.1487634932901342,0.5616736718482547,0.3211376626474742,0.18589795019725713,0.13303276128912941,0.5754711934720171,0.1942484688838102,0.03789260081354781,2026-09-05T22:41:32Z
824794,702332,Caleb Durbin,BOS,BAL,0,6,projected,Kyle Bradish,Oriole Park at Camden Yards,2026-09-06T17:35:00Z,4.056087187666135,1021,2102,0.43553439013099654,0.6089846663286153,-0.8149722695597073,Normal,0.08313074363274547,0.612381738912994,0.33880985913445644,0.498124882653688,0.641870121712602,0.43597338090701687,0.27802035743831366,0.16289754795736194,0.5586296517446558,0.31988282933484236,0.18572138310843664,0.1330789223970953,0.5940071743018283,0.2123112747087698,0.045376673175715115,2026-09-05T22:41:32Z
824794,681297,Colton Cowser,BAL,BOS,1,7,projected,Payton Tolle,Oriole Park at Camden Yards,2026-09-06T17:35:00Z,3.7491749174917492,1340,604,0.42618863656846934,0.610678858827973,-0.5689126350170368,Normal,0.1295527037914528,0.5612970945931126,0.3025425490946384,0.781849923929675,0.6303298199173561,0.42243212782022593,0.26543974471608,0.15270946612432057,0.5641485731320506,0.3228362491825581,0.18688637239864747,0.1336680011454323,0.5461635459561492,0.17057701164512146,0.030247023763650314,2026-09-05T22:41:32Z
824794,643396,Isiah Kiner-Falefa,BOS,BAL,0,7,projected,Kyle Bradish,Oriole Park at Camden Yards,2026-09-06T17:35:00Z,3.9272214386459803,1985,2102,0.39170545842025195,0.592035066008101,0.8174794708185404,Normal,0.06355731005615575,0.6267696112959183,0.23147636938207164,0.5394102574671426,0.6314586043282245,0.42495771511394925,0.268500455806957,0.1556442432861472,0.5438967603292193,0.3067531554995314,0.1763602741180125,0.12669735156974454,0.6075025150325779,0.22347663751910185,0.04906249116599531,2026-09-05T22:41:32Z
824794,691723,Coby Mayo,BAL,BOS,1,8,projected,Payton Tolle,Oriole Park at Camden Yards,2026-09-06T17:35:00Z,3.596165550821668,715,604,0.4484587414716512,0.6018691031805995,1.207331913020335,Normal,0.1544946928582771,0.5554577747433791,0.2903957278145983,0.7772285575455326,0.6315558794767918,0.42270869938362166,0.2650729786076953,0.15205164004103622,0.5848752790161829,0.34034518868993663,0.19883357070783073,0.14166589856056658,0.540731979826325,0.16527005925230123,0.02822886140015482,2026-09-05T22:41:32Z
824794,655316,Andruw Monasterio,BOS,BAL,0,8,projected,Kyle Bradish,Oriole Park at Camden Yards,2026-09-06T17:35:00Z,3.7700358851674642,911,2102,0.39369104453976494,0.582311040596272,-0.18865723599493417,Normal,0.06850635736679098,0.587934487854266,0.2803540101267955,0.6087655590772895,0.6144226076282069,0.40766181910363397,0.2540208654539906,0.14492889068672474,0.533791446468208,0.2978111210915049,0.17003429380684137,0.12240371614898929,0.5711657303557572,0.1914055551782413,0.03750920155506396,2026-09-05T22:41:32Z
824794,677942,Blaze Alexander,BAL,BOS,1,9,projected,Payton Tolle,Oriole Park at Camden Yards,2026-09-06T17:35:00Z,3.4219449776071658,724,604,0.42893444933717356,0.6030695285363732,1.625391381988562,Normal,0.08841435964028545,0.5833588738301287,0.28340659373623445,0.6571701742995214,0.6264387372982076,0.4164064189391631,0.25910374187505375,0.14718230287209844,0.5422304364097362,0.3020776558293849,0.17166516842040686,0.12329176798446943,0.5670897804277325,0.1833842524127885,0.03267926600896455,2026-09-05T22:41:32Z
824794,657136,Connor Wong,BOS,BAL,0,9,projected,Kyle Bradish,Oriole Park at Camden Yards,2026-09-06T17:35:00Z,3.625715247391451,1356,2102,0.40997191231309,0.5765843606369699,-1.4074619013398988,Normal,0.07117563409417674,0.563798667291206,0.2555100474808959,0.6838107871653052,0.6111659801456292,0.40375936392872513,0.2503937574185341,0.14201098534583914,0.5173249098085867,0.28367951436443867,0.16019154839934244,0.11573127507464225,0.5485236075747115,0.17253941255609723,0.031101715404356536,2026-09-05T22:41:32Z
