game_pk,player_id,name,team,opponent,is_home,lineup_slot,lineup_status,opposing_pitcher,venue_name,start_time_utc,expected_pa,batter_pa_seen,pitcher_pa_seen,exp_runs,form_z,form_state,prob_hr,prob_hit,prob_walk,prob_k,prob_hrr_over_0.5,prob_hrr_over_1.5,prob_hrr_over_2.5,prob_hrr_over_3.5,prob_tb_over_0.5,prob_tb_over_1.5,prob_tb_over_2.5,prob_tb_over_3.5,prob_hits_over_0.5,prob_hits_over_1.5,prob_hits_over_2.5,predicted_at_utc
822686,695578,James Wood,WSH,ATL,1,1,confirmed,Grant Holmes,Nationals Park,2026-09-02T17:05:00Z,4.602352263437452,1565,1327,0.7528472718009417,-0.6859812963698726,Normal,0.1967315071990977,0.6678842491410467,0.5581929160995291,0.7616484819460995,0.7515174876455878,0.5616592366370221,0.393736226330302,0.2565275015443232,0.688459459692568,0.4503353355156603,0.2862619172643221,0.2032189892918965,0.6453488850713169,0.2649630881072275,0.0688075012267912,2026-09-02T15:30:47Z
822686,686948,Drake Baldwin,ATL,WSH,0,1,confirmed,Brad Lord,Nationals Park,2026-09-02T17:05:00Z,4.687915433997057,959,0,0.6685165878686969,0.205280509961481,Normal,0.1663235617484633,0.728596317296386,0.3622164038546959,0.5918580248148441,0.7651835948712864,0.5795202423482436,0.4119119699636562,0.2725074090191474,0.6956787794808379,0.4590772504846989,0.2939017838446003,0.2089010822135606,0.701605929855297,0.3291110627827358,0.1008881400725546,2026-09-02T15:30:47Z
822686,694673,Abimelec Ortiz,WSH,ATL,1,2,confirmed,Grant Holmes,Nationals Park,2026-09-02T17:05:00Z,4.167930393059412,96,1327,0.5198475948668295,-0.4925195197890998,Normal,0.1467825079106232,0.6290692986586535,0.3191935377939744,0.6272084265210162,0.6967129312415208,0.4946670283837115,0.328979243209019,0.2020527458526514,0.6241908048540762,0.3804749767364992,0.2295949028207306,0.1626823129253117,0.6092890196374005,0.2265553598077025,0.0508672342151784,2026-09-02T15:30:47Z
822686,660670,Ronald Acuña Jr.,ATL,WSH,0,2,confirmed,Brad Lord,Nationals Park,2026-09-02T17:05:00Z,4.687915433997056,2280,0,0.6580192588250304,-0.0667514891737318,Normal,0.1496670652450271,0.7035205516060168,0.434262046316768,0.6703978739238992,0.7559241073690012,0.5676903847338736,0.4000965460900506,0.2622985211076989,0.6702423401026073,0.4307439253230349,0.2705609689526231,0.1920962448127701,0.6784021853273322,0.3016412396850528,0.0866326812781387,2026-09-02T15:30:47Z
822686,686611,Dylan Crews,WSH,ATL,1,3,confirmed,Grant Holmes,Nationals Park,2026-09-02T17:05:00Z,4.167930393059412,813,1327,0.4627356596811347,-0.228029574536274,Normal,0.1045427692747193,0.5973483252882634,0.3179584673287782,0.7197939651951865,0.6495596576409747,0.4437696461767467,0.2843114355591112,0.1675964720231453,0.5685344968609405,0.3282746469167716,0.1912494753975469,0.1364039945663723,0.5796327004805187,0.2002464035192497,0.0410986891266041,2026-09-02T15:30:47Z
822686,621566,Matt Olson,ATL,WSH,0,3,confirmed,Brad Lord,Nationals Park,2026-09-02T17:05:00Z,4.587517572596297,3437,0,0.6372627749465138,-1.2245277510789083,Normal,0.2483657899592575,0.692566656152463,0.3867070234837988,0.6796319479303002,0.7589885195647,0.5709767814053701,0.4028646695949757,0.2642855915876294,0.7368086028825425,0.5075252140960409,0.3352470790589131,0.2391603941704219,0.6682703429728514,0.2892851734967208,0.0799718826131127,2026-09-02T15:30:47Z
822686,682928,CJ Abrams,WSH,ATL,1,4,confirmed,Grant Holmes,Nationals Park,2026-09-02T17:05:00Z,4.167930393059411,2735,1327,0.5102256756444832,-2.1622099594365887,Cold,0.1338202895735362,0.6422016408352347,0.3565258457457954,0.644972258883422,0.695652794032989,0.4930080556711484,0.3270922338904816,0.200260628968575,0.6323020554975131,0.3880179234002082,0.2349979896672868,0.166298929169884,0.6215577821465068,0.2372442845408264,0.0545001673485933,2026-09-02T15:30:47Z
822686,645277,Ozzie Albies,ATL,WSH,0,4,confirmed,Brad Lord,Nationals Park,2026-09-02T17:05:00Z,4.46854727395394,2625,0,0.5396142676315088,-0.3992674981164731,Normal,0.1423097767378122,0.6895348960199635,0.3179877277627672,0.4712798465689423,0.7258058908629197,0.5295753225770902,0.3622667939622452,0.229739792441526,0.661593369340574,0.4201672823505475,0.2612822612363047,0.1851862279174606,0.665479309086358,0.2851404624260693,0.0772695029893037,2026-09-02T15:30:47Z
822686,665953,Andrés Chaparro,WSH,ATL,1,5,confirmed,Grant Holmes,Nationals Park,2026-09-02T17:05:00Z,3.963956410426377,380,1327,0.4612956666006845,0.4131164711015153,Normal,0.1270804082510651,0.5876341241531123,0.3595616382523849,0.6674798331666026,0.6550741385789749,0.4480941255546777,0.287040184303021,0.1689707874126977,0.589161186265434,0.3455475473954925,0.2029460272680205,0.1441830823320947,0.5706219653410267,0.1907525145106607,0.036954182055418,2026-09-02T15:30:47Z
822686,671739,Michael Harris II,ATL,WSH,0,5,confirmed,Brad Lord,Nationals Park,2026-09-02T17:05:00Z,4.243566767871117,2629,0,0.5241595634157209,0.245704292199872,Normal,0.1479078657032297,0.7209834794412092,0.2203611749236336,0.5545278920126686,0.7420545927699682,0.548066215175238,0.3788898910764341,0.2426740087986207,0.6897553644076252,0.4496923729416742,0.2842849605103347,0.2011220063807008,0.6945993344030724,0.3163619664188229,0.0908914564333512,2026-09-02T15:30:47Z
822686,695734,Daylen Lile,WSH,ATL,1,6,confirmed,Grant Holmes,Nationals Park,2026-09-02T17:05:00Z,3.963956410426377,932,1327,0.4968468874295672,1.0981107802676138,Normal,0.1275050393873173,0.6446723077952171,0.3015299556876895,0.531206607376597,0.6895801234500772,0.4850519962893787,0.3190431305389619,0.1932459173216821,0.6330177000016299,0.3874549685214885,0.2337950703627863,0.1651769212066135,0.6239177709674282,0.2375214400395708,0.0533586498389865,2026-09-02T15:30:47Z
822686,669221,Sean Murphy,ATL,WSH,0,6,confirmed,Brad Lord,Nationals Park,2026-09-02T17:05:00Z,4.112975872718729,1713,0,0.4217223501306483,0.1172540610451286,Normal,0.1215674512109721,0.5954110000045187,0.3589389434267998,0.7131512123483369,0.6498316466224864,0.4437890378453285,0.284190041365736,0.1674268545393384,0.5867837070147217,0.3445039111041418,0.2027932260400244,0.1442503855996208,0.5778393362958558,0.1983914730981999,0.0403743170170129,2026-09-02T15:30:47Z
822686,691002,Yohandy Morales,WSH,ATL,1,7,confirmed,Grant Holmes,Nationals Park,2026-09-02T17:05:00Z,3.963956410426377,5,1327,0.4421823493450725,,Unknown,0.1105386334037232,0.609873856975712,0.3130477463142647,0.6394839307624913,0.850510158355063,0.6992429480942128,0.5393027531750685,0.3872106753508899,0.584338581579969,0.3420012667628443,0.2006345357864792,0.1425902669277031,0.5913608018232867,0.2094541805240424,0.0434673408019246,2026-09-02T15:30:47Z
822686,573262,Mike Yastrzemski,ATL,WSH,0,7,confirmed,Brad Lord,Nationals Park,2026-09-02T17:05:00Z,3.948654556569003,2319,0,0.483807487426152,-1.1472017647609067,Normal,0.1246720946094502,0.5945711420164933,0.3702010193145624,0.5804824065620829,0.651921059182576,0.4452081177599112,0.2848848651606824,0.1675845514977367,0.597661099151414,0.3538144336667432,0.2091675116002979,0.1484888566763189,0.5771028508047041,0.1966595240188104,0.0392474609063266,2026-09-02T15:30:47Z
822686,660688,Keibert Ruiz,WSH,ATL,1,8,confirmed,Grant Holmes,Nationals Park,2026-09-02T17:05:00Z,3.732650464944206,2063,1327,0.3962711828846427,1.7941313240748091,Normal,0.0884595747310687,0.6178432190929533,0.2599898675960381,0.3602752281336557,0.6424772013967643,0.433970065106918,0.2743124033591346,0.1589339641535678,0.5656212161986997,0.3232710161307126,0.1865341569718027,0.1329471880476014,0.5989798127780827,0.2127699699515179,0.0433173834570414,2026-09-02T15:30:47Z
822686,663586,Austin Riley,ATL,WSH,0,8,confirmed,Brad Lord,Nationals Park,2026-09-02T17:05:00Z,3.9486545565690014,2871,0,0.4816215627291788,-0.4057254707313834,Normal,0.126719253038318,0.6260616497979243,0.2774398104230763,0.7434795877962542,0.6873962364672747,0.4832808035862901,0.3179894532924784,0.1928391900546079,0.6102139923631127,0.3658556608651186,0.2180629247557637,0.1545612233707061,0.6065393867946597,0.222427438831028,0.0483679662395269,2026-09-02T15:30:47Z
822686,683083,Nasim Nuñez,WSH,ATL,1,9,confirmed,Grant Holmes,Nationals Park,2026-09-02T17:05:00Z,3.3316507847072,629,1327,0.4035954994572711,-1.7033883461808506,Normal,0.060375171092086,0.5149661528639721,0.3241957475987555,0.4662885461248771,0.5598291275984514,0.353391310819293,0.2090791649688404,0.1122286398118459,0.4561753163423468,0.2344391393557032,0.1269418512413637,0.0929869070312669,0.5024160424605122,0.1362543615128457,0.0195279281483901,2026-09-02T15:30:47Z
822686,673490,Ha-Seong Kim,ATL,WSH,0,9,confirmed,Brad Lord,Nationals Park,2026-09-02T17:05:00Z,3.768812616458353,1970,0,0.4403964708409999,-1.914525755749171,Normal,0.0766021123244111,0.5750456995926286,0.3177723252819139,0.5337945247439772,0.6257517943280169,0.4179664470423804,0.2616735587725573,0.1501641007321415,0.5229979881766024,0.288034446744928,0.1627663378018942,0.1170773867145124,0.5588404316853846,0.1807998863268852,0.0336219342249836,2026-09-02T15:30:47Z
822851,677649,Ezequiel Duran,TEX,ATH,1,1,confirmed,Jacob Lopez,Globe Life Field,2026-09-02T18:35:00Z,4.330049833195501,1670,942,0.5782627212358402,0.5273793683288076,Normal,0.1205218017612947,0.6799109403359773,0.3623836111305158,0.6611874417581916,0.689182856599225,0.4872701408240404,0.3230337402762622,0.1978890142891635,0.6407433056481908,0.3983468356778071,0.2438533751451269,0.1727807034910767,0.6562980564892136,0.2748898047846804,0.0720433887772937,2026-09-02T18:31:36Z
822851,703607,Henry Bolte,ATH,TEX,0,1,confirmed,Cody Bradford,Globe Life Field,2026-09-02T18:35:00Z,4.614099154309485,371,657,0.5500286260602534,0.1545471530302355,Normal,0.1151772647205206,0.6963981074079406,0.3234930178927779,0.7601946344473623,0.6854156710551788,0.4845050869828849,0.3216063767204698,0.1975529497762089,0.6414987507477251,0.4006344324309962,0.2465235017350751,0.1749830243287945,0.6715235122350058,0.2940203073642267,0.0827223702784265,2026-09-02T18:31:36Z
822851,608369,Corey Seager,TEX,ATH,1,2,confirmed,Jacob Lopez,Globe Life Field,2026-09-02T18:35:00Z,4.3300498331955,2513,942,0.5567289117298668,-0.0735375290249155,Normal,0.153022755166998,0.6478610222801024,0.4175199328568302,0.63362711702042,0.711120166883287,0.5121493843908725,0.345610521294007,0.2157878930686217,0.6399322926662829,0.3975260612386022,0.2431563992827514,0.1722505843705226,0.6265207199490653,0.2445936888213469,0.05882948831116,2026-09-02T18:31:36Z
822851,680869,Zack Gelof,ATH,TEX,0,2,confirmed,Cody Bradford,Globe Life Field,2026-09-02T18:35:00Z,4.55505447256978,1287,657,0.5706963401883524,-0.614744366200137,Normal,0.1594924433988771,0.6605068678532147,0.2909373303063697,0.7931971047909073,0.6972114600392353,0.4972448673655756,0.3328118034739734,0.2062255204642399,0.6557175147035336,0.4149676156837131,0.2575624352045354,0.1826842369242176,0.638244909104935,0.2579005127243676,0.0656549037216202,2026-09-02T18:31:36Z
822851,694671,Wyatt Langford,TEX,ATH,1,3,confirmed,Jacob Lopez,Globe Life Field,2026-09-02T18:35:00Z,4.315673202616118,1508,942,0.601950110782909,1.025991928392004,Normal,0.1498935503129092,0.6465842974601657,0.5204410866762719,0.6316545262909129,0.7023975209321656,0.5014981940097109,0.3354326595703171,0.2073643343628382,0.6413046093442625,0.3982900047457433,0.2434544004902082,0.1723852388911621,0.6253760075369469,0.2425419268519802,0.057606677768413,2026-09-02T18:31:36Z
822851,671732,Lawrence Butler,ATH,TEX,0,3,confirmed,Cody Bradford,Globe Life Field,2026-09-02T18:35:00Z,4.341337448578124,1655,657,0.477843897878778,1.480333038788226,Normal,0.1156820640036794,0.6538386061686201,0.3164257949788472,0.6816358956907027,0.6793985659274991,0.4765826946670178,0.3135603792129485,0.1905140318673324,0.6202130609549525,0.3778774713344863,0.2282185654530999,0.1619224081254597,0.6320862720497958,0.2501627002244669,0.0613249786260526,2026-09-02T18:31:36Z
822851,607043,Brandon Nimmo,TEX,ATH,1,4,confirmed,Jacob Lopez,Globe Life Field,2026-09-02T18:35:00Z,4.273460500685228,3240,942,0.4510040459953559,0.8777103213918523,Normal,0.09896423601874,0.6441158536395889,0.3866805543125636,0.6398708756084656,0.6759089162882724,0.4717849216264198,0.3086096707605223,0.1861596085331509,0.6017935926820078,0.3591330341237386,0.2136908874363043,0.1517604618347399,0.623099329142072,0.2397427401651573,0.0561284669758397,2026-09-02T18:31:36Z
822851,641680,Jonah Heim,ATH,TEX,0,4,confirmed,Cody Bradford,Globe Life Field,2026-09-02T18:35:00Z,4.205576147029755,2204,657,0.4129806441787048,-0.1309336403655013,Normal,0.1297935964410565,0.6149436407568637,0.2533540106620058,0.5654195667995369,0.6459246160700711,0.4404993184156133,0.2818342489193768,0.1659486252487253,0.5980552456837664,0.3558968799955758,0.2114272047065213,0.1502251654388123,0.5958724762938348,0.2151402035730917,0.0468749856896222,2026-09-02T18:31:36Z
822851,669394,Jake Burger,TEX,ATH,1,5,confirmed,Jacob Lopez,Globe Life Field,2026-09-02T18:35:00Z,4.027819139548057,2204,942,0.5022407899335608,0.7173447905312315,Normal,0.1985311899739775,0.6326154115799328,0.342841485184195,0.6814031178187774,0.6940490381079052,0.4904371936207365,0.3240998431121826,0.1973622347263018,0.6656028234654292,0.4217911050055327,0.2606000019314368,0.1838172601977751,0.6124505786186161,0.2276058330047975,0.0500347472689155,2026-09-02T18:31:36Z
822851,643446,Jeff McNeil,ATH,TEX,0,5,confirmed,Cody Bradford,Globe Life Field,2026-09-02T18:35:00Z,4.186714325798091,2604,657,0.4073977926486623,0.4479087746513303,Normal,0.0754776114986587,0.6828861366194793,0.2381589061087409,0.4150273899258737,0.6682955095900874,0.4636362506570547,0.3014901296644121,0.1806789819090132,0.6083664160227721,0.3653900164188294,0.2183006059489866,0.1549043260391214,0.659092507978479,0.2762123356956826,0.0715150500585055,2026-09-02T18:31:36Z
822851,679822,Justin Foscue,TEX,ATH,1,6,confirmed,Jacob Lopez,Globe Life Field,2026-09-02T18:35:00Z,3.474927523625844,255,942,0.3919048049338044,0.2355688797650308,Normal,0.1368313077479886,0.5617047411979132,0.326156119729746,0.6166351465217499,0.6121610138686823,0.4033557801485609,0.2488629446202771,0.1402775634213717,0.5761247173705952,0.33207192614079,0.1923909733052251,0.1368242803598461,0.5462354864904168,0.1692255491418324,0.0291877487171767,2026-09-02T18:31:36Z
822851,683021,Michael Stefanic,ATH,TEX,0,6,confirmed,Cody Bradford,Globe Life Field,2026-09-02T18:35:00Z,3.666133941818857,303,657,0.3163936054417692,-0.3984911683987739,Normal,0.0719405869442898,0.5818523107932577,0.2741570283255766,0.4667269200449482,0.5561137083122417,0.3531064123596966,0.2106118276347758,0.1143712063651649,0.5243968893029851,0.2895244508467565,0.163762618597885,0.1177114496892471,0.5650311619082112,0.1861392679958668,0.0353597907860104,2026-09-02T18:31:36Z
822851,553869,Elias Díaz,TEX,ATH,1,7,confirmed,Jacob Lopez,Globe Life Field,2026-09-02T18:35:00Z,3.474927523625844,1734,942,0.3355922611807558,-0.4686977971858945,Normal,0.1018556572026708,0.5646658104181028,0.2728445971011618,0.5774641713498567,0.5924352715146891,0.3847227050862096,0.234080914896429,0.1298649516681493,0.5426232413357295,0.303157687785379,0.1723255065494435,0.1233371512228238,0.5490108993834313,0.1713227079623134,0.0296841963276715,2026-09-02T18:31:36Z
822851,675961,Alika Williams,ATH,TEX,0,7,confirmed,Cody Bradford,Globe Life Field,2026-09-02T18:35:00Z,3.5019535591444977,379,657,0.3364618182177762,0.2069401637065556,Normal,0.0737136068242877,0.5706011008318874,0.1867650040128345,0.6088601908259683,0.5645493743605294,0.3597619925860137,0.2151848567209351,0.1171704179581583,0.5309992739305391,0.2940481082377406,0.1664661262111121,0.1194992534177913,0.5545564151514131,0.1764066281224501,0.0317704929837033,2026-09-02T18:31:36Z
822851,683227,Cody Freeman,TEX,ATH,1,8,confirmed,Jacob Lopez,Globe Life Field,2026-09-02T18:35:00Z,3.461810774123416,194,942,0.4018121894350386,0.8469670464824951,Normal,0.0999712265406133,0.5814918958216534,0.3003149499981812,0.4395013542541285,0.6143272601600529,0.4048170287871459,0.2496026351708186,0.1405065154395941,0.5512004477172125,0.3097610013992151,0.1765801726932947,0.126164509989627,0.5648735567740216,0.1824660734918101,0.0325972777245605,2026-09-02T18:31:36Z
822851,661531,Brian Serven,ATH,TEX,0,8,confirmed,Cody Bradford,Globe Life Field,2026-09-02T18:35:00Z,3.5019535591444977,353,657,0.34841559446797,-0.4457396403616874,Normal,0.1145970838525344,0.5430078034255066,0.1966418657967821,0.641728918151772,0.5798281871030162,0.373352083177236,0.2254683349125728,0.1241018123507031,0.5381060286798508,0.2996903388686477,0.1701748851236278,0.1219686197390879,0.5286020386057496,0.1569645983356674,0.0260095538978823,2026-09-02T18:31:36Z
822851,643376,Danny Jansen,TEX,ATH,1,9,confirmed,Jacob Lopez,Globe Life Field,2026-09-02T18:35:00Z,3.4618107741234163,1381,942,0.4660368687499441,-1.6839023875445895,Normal,0.1407132705122074,0.5220784712059446,0.4233883889798977,0.5947378975289193,0.6146857929147722,0.4048972636016134,0.2494952105290422,0.1403194565864002,0.552644708037013,0.310730983662575,0.1771301490912412,0.1265192076286592,0.5089317854749664,0.141884954557148,0.0213564277767814,2026-09-02T18:31:36Z
822851,672016,Denzel Clarke,ATH,TEX,0,9,confirmed,Cody Bradford,Globe Life Field,2026-09-02T18:35:00Z,3.350147553513077,221,657,0.3690501659571302,-1.1047509436635436,Normal,0.0855186958496872,0.5469172878872166,0.1955546373060144,0.7776977844372173,0.5603693509416181,0.3546830604908551,0.2105256512086502,0.11350955354979,0.5196165877590102,0.2834016529280372,0.1587518567124657,0.114285232977565,0.5324015522178799,0.1577762157302144,0.0255581989911871,2026-09-02T18:31:36Z
822931,650490,Yandy Díaz,TB,NYM,1,1,confirmed,Justin Hagenman,Tropicana Field,2026-09-02T22:40:00Z,4.521289201538692,3024,99,0.5428399435041193,-0.8116268674812938,Normal,0.1140811326727577,0.7147994257919175,0.32593842016714425,0.5609710717870054,0.7241728880617492,0.5276986717757388,0.3607926838801761,0.22863637695552008,0.6529713320896456,0.4114887045158719,0.2547858594830816,0.18091884686152443,0.6891780958148456,0.3122052929385455,0.09072399735283534,2026-09-02T22:19:03Z
822931,596019,Francisco Lindor,NYM,TB,0,1,confirmed,Griffin Jax,Tropicana Field,2026-09-02T22:40:00Z,4.795227890078358,3171,1503,0.7164908012630389,-1.7184233452978355,Normal,0.18082143298070738,0.6901436839243255,0.3846758861382047,0.7092577431042908,0.749439879287256,0.5595637464202144,0.3924044043271001,0.2558907866456119,0.6879505379874532,0.45065459635756744,0.287304474417285,0.2045168177791638,0.6662867704276914,0.28829541132640224,0.08042496479717813,2026-09-02T22:19:03Z
822931,666018,Jonathan Aranda,TB,NYM,1,2,confirmed,Justin Hagenman,Tropicana Field,2026-09-02T22:40:00Z,4.280102399460749,1340,99,0.545377890804733,-0.4059089913246427,Normal,0.131073660232953,0.6973831417212938,0.3308366398505491,0.6669291306807841,0.7130997525954248,0.5134718348867039,0.3464973188571128,0.21618704481088347,0.6533512243341831,0.41051308600273506,0.2531587512117343,0.17942597306773939,0.6730692380654467,0.29147929711781545,0.07885177533399343,2026-09-02T22:19:03Z
822931,665742,Juan Soto,NYM,TB,0,2,confirmed,Griffin Jax,Tropicana Field,2026-09-02T22:40:00Z,4.6787775050772895,3176,1503,0.7157649219319193,-0.4443292572024126,Normal,0.22288910580820032,0.6661732700669437,0.5896974063696393,0.6372247089246244,0.7495005962034722,0.559128685164815,0.39155073650245675,0.25482115463423366,0.6988736950314126,0.4624825299573615,0.29680818719600977,0.21124785123127485,0.6440190582581374,0.26379590973366573,0.06855726641567095,2026-09-02T22:19:03Z
822931,691406,Junior Caminero,TB,NYM,1,3,confirmed,Justin Hagenman,Tropicana Field,2026-09-02T22:40:00Z,4.280102399460749,1472,99,0.5172296112446826,1.0887907853261543,Normal,0.19556297127098846,0.6622980294233988,0.2915218822670575,0.6068480985990978,0.7335855267269974,0.5374406528031052,0.36873358724033495,0.23414993023078895,0.6770370052662209,0.43554551976560774,0.2729099162594189,0.19328406023686395,0.6404989051291345,0.25658464502252837,0.0630477946386947,2026-09-02T22:19:03Z
822931,666182,Bo Bichette,NYM,TB,0,3,confirmed,Griffin Jax,Tropicana Field,2026-09-02T22:40:00Z,4.566359330231639,2855,1503,0.43314506857376667,-0.09388609583285171,Normal,0.09600666091944192,0.6856340421214152,0.23147946285251006,0.7160316738315291,0.7022561740003379,0.5024562822505451,0.33754837905721136,0.2099226081806531,0.6246858317338401,0.3829482099925343,0.23278976278620853,0.16555493554656253,0.6621344896970222,0.28198947822707704,0.07627375603229064,2026-09-02T22:19:03Z
822931,689414,Liam Hicks,TB,NYM,1,4,confirmed,Justin Hagenman,Tropicana Field,2026-09-02T22:40:00Z,4.0516604328035095,882,99,0.47407388688839575,0.7295071293777778,Normal,0.11925054908839172,0.6659956376862578,0.3873627638791008,0.40089853125873837,0.6904890443957988,0.48641786923358843,0.32082093835383174,0.1949443036396467,0.6186131519955707,0.3740411673495166,0.22432321198852842,0.1590757653112903,0.6439873621428928,0.2579637269019188,0.06216819420244682,2026-09-02T22:19:03Z
822931,701807,Carson Benge,NYM,TB,0,4,confirmed,Griffin Jax,Tropicana Field,2026-09-02T22:40:00Z,4.38046897203697,549,1503,0.4718166407413378,-0.6667591655207776,Normal,0.12125903440133362,0.6792239423743794,0.28272057134244083,0.7313843465301948,0.7070946449969321,0.5070708658611058,0.3410505922494843,0.2121698098421511,0.6339525408984554,0.3912400823555886,0.23858159040086133,0.16939426874786181,0.6562101425786097,0.2740708692047752,0.07155461191617082,2026-09-02T22:19:03Z
822931,802415,Chandler Simpson,TB,NYM,1,5,confirmed,Justin Hagenman,Tropicana Field,2026-09-02T22:40:00Z,4.0516604328035095,970,99,0.4433069806333418,1.0194955412849926,Normal,0.06567364147054573,0.7275171362905595,0.20132677562922321,0.3553555757261945,0.6988045061542473,0.4955724588164937,0.3288875345762865,0.2011494460907256,0.6238523010066579,0.3790079951430588,0.22794208705899655,0.16152216066960484,0.7009577716244968,0.320927979533688,0.09077293364984575,2026-09-02T22:19:03Z
822931,676724,Jared Young,NYM,TB,0,5,confirmed,Griffin Jax,Tropicana Field,2026-09-02T22:40:00Z,4.07824526954318,411,1503,0.43620595866979645,0.34192855794890703,Normal,0.11670877642959777,0.628054505928019,0.2713761264497924,0.6837781608386292,0.6726030567924284,0.46754737898788407,0.30471597701954,0.18290920557614238,0.609981491169817,0.3663884583164007,0.21903436917250702,0.15559206455636185,0.6086081008736588,0.224969855309619,0.04986530237301124,2026-09-02T22:19:03Z
822931,683748,Victor Mesa Jr.,TB,NYM,1,6,confirmed,Justin Hagenman,Tropicana Field,2026-09-02T22:40:00Z,3.8039153392117733,221,99,0.4622952521597715,-0.23764279376039246,Normal,0.16306935678126355,0.6161377156735061,0.29756170610507315,0.5415170716083363,0.675977022574429,0.469341164791935,0.30487628960265245,0.18196627500935353,0.630364742390151,0.38424898398744306,0.23121654059002636,0.16353844932875666,0.5975725513509199,0.2121529961395301,0.043475949124953145,2026-09-02T22:19:03Z
822931,543760,Marcus Semien,NYM,TB,0,6,confirmed,Griffin Jax,Tropicana Field,2026-09-02T22:40:00Z,4.07824526954318,3197,1503,0.3897062515686376,0.9383706993474982,Normal,0.09803157097734265,0.5775084783143667,0.25636475668906883,0.6670179024570664,0.6325494337563456,0.4262870792048314,0.2697029476740599,0.15665445721975188,0.5465479753557088,0.309356552482095,0.1781420084628805,0.12770730662651508,0.5612186912308355,0.18492967126296878,0.035842741431325334,2026-09-02T22:19:03Z
822931,656775,Cedric Mullins,TB,NYM,1,7,confirmed,Justin Hagenman,Tropicana Field,2026-09-02T22:40:00Z,3.8039153392117733,2578,99,0.4303237503188994,0.4931421374941817,Normal,0.11693773749021938,0.5939099225474396,0.30388006322072236,0.5428930136674186,0.6411545891224291,0.4329320936745868,0.27385162017253734,0.15872583523897876,0.5811754448345069,0.33773676734054625,0.19713776813473952,0.14034253533542518,0.5767602411192442,0.19436550289745114,0.03740135041139006,2026-09-02T22:19:03Z
822931,805999,A.J. Ewing,NYM,TB,0,7,confirmed,Griffin Jax,Tropicana Field,2026-09-02T22:40:00Z,4.078245269543179,404,1503,0.3979125048710738,-1.5453072393217258,Normal,0.08840779103036782,0.6079693376272401,0.29377545621418716,0.7684400085708463,0.62681306846541,0.4201448009907746,0.26442276589347224,0.15268315003477725,0.5619937102832329,0.3223318358638605,0.18710943388337814,0.13379676447352817,0.5898379785224708,0.20797902688314424,0.04351692937265331,2026-09-02T22:19:03Z
822931,680700,Richie Palacios,TB,NYM,1,8,confirmed,Justin Hagenman,Tropicana Field,2026-09-02T22:40:00Z,3.4483443296470777,931,99,0.4229344640834017,-1.3511274508521005,Normal,0.08389662577060435,0.5658967812980223,0.3260013604230316,0.46929708804721487,0.603088215232874,0.39385982880792647,0.24104109785157354,0.13446412188957654,0.525335341286733,0.28834307088926425,0.16234783978822168,0.11686230273392012,0.5505871596938585,0.1710422846954423,0.029182832065802265,2026-09-02T22:19:03Z
822931,683146,Brett Baty,NYM,TB,0,8,confirmed,Griffin Jax,Tropicana Field,2026-09-02T22:40:00Z,3.6681476750825635,1449,1503,0.3953734171635558,-0.034367929590090225,Normal,0.0987233830820171,0.5612134720954572,0.2532719475430295,0.7466137919842114,0.6084631349758008,0.40067558181429275,0.24756510752015945,0.13981684849693723,0.5298320904925535,0.29357530201780374,0.16656148168405566,0.11978681388713219,0.5460409158872463,0.1702810899315833,0.030128702318077183,2026-09-02T22:19:03Z
822931,670764,Taylor Walls,TB,NYM,1,9,confirmed,Justin Hagenman,Tropicana Field,2026-09-02T22:40:00Z,3.448344329647078,1785,99,0.40443404706457503,0.030451102376494028,Normal,0.056937917808119264,0.4979072238062447,0.27141467696751664,0.6405788173362982,0.552226155996103,0.3474074238801745,0.20520449903369484,0.10988278812756128,0.455992433809316,0.23524278345931385,0.12786401813783016,0.09374263532232073,0.48630845757485913,0.12714574638510256,0.017764712984140882,2026-09-02T22:19:03Z
822931,620443,Luis Torrens,NYM,TB,0,9,confirmed,Griffin Jax,Tropicana Field,2026-09-02T22:40:00Z,3.3055726069086027,854,1503,0.323696797092313,0.9387466359845525,Normal,0.07024044925295998,0.5051548108096506,0.20336083712743647,0.6372222208558055,0.5485920579748537,0.3439817331638901,0.20255926504140376,0.10809295488638206,0.4700360385433862,0.24525858951446333,0.13416246124721612,0.09800421405066842,0.4932204897022295,0.1310646255782161,0.01868746748484178,2026-09-02T22:19:03Z
823339,687462,Spencer Horwitz,PIT,SF,1,1,confirmed,Landen Roupp,PNC Park,2026-09-02T22:40:00Z,4.353096629887845,1224,1292,0.614312380297431,-1.7281143339587326,Normal,0.09405208521532338,0.6382665994635726,0.5105289857646756,0.5073043011842701,0.6782169319440741,0.47507713277725244,0.31237965638537474,0.1895986439887062,0.5879078780579329,0.34713554362177695,0.20564060138078102,0.1466182259797773,0.6180590270771165,0.23612220574502799,0.055495346195328574,2026-09-02T22:19:03Z
823339,687551,Drew Gilbert,SF,PIT,0,1,confirmed,Bubba Chandler,PNC Park,2026-09-02T22:40:00Z,4.440825964086559,452,693,0.6022609572633691,0.4660849491497234,Normal,0.10131782198827774,0.6144511222189664,0.43453321644702925,0.5659522795519243,0.6515917911543221,0.4476158075401957,0.2890989350469976,0.1721712000486077,0.5830785486840692,0.34349361666215295,0.2033987722002173,0.14518763627200898,0.5957525662335652,0.21699378145873974,0.04879878863762626,2026-09-02T22:19:03Z
823339,664040,Brandon Lowe,PIT,SF,1,2,confirmed,Landen Roupp,PNC Park,2026-09-02T22:40:00Z,4.353096629887844,2254,1292,0.6019638197050574,-1.2851051895924335,Normal,0.14556416097805153,0.6338258475860581,0.4237374908746221,0.7504229535515203,0.6994336367855255,0.4981847140386036,0.33278861938264004,0.20544240635272082,0.6268846895704346,0.3839914434268246,0.23290684113991872,0.1653891442416219,0.613936903494059,0.23169140262242596,0.05348206821468841,2026-09-02T22:19:03Z
823339,646240,Rafael Devers,SF,PIT,0,2,confirmed,Bubba Chandler,PNC Park,2026-09-02T22:40:00Z,4.440825964086559,3197,693,0.605759189709761,1.4870627390474316,Normal,0.16466565016779938,0.645800697065153,0.4387504403007079,0.6583827917789955,0.7057652086540126,0.5068421975058467,0.3416630009813337,0.21321082219252854,0.6543810708019876,0.413457885662039,0.25647284125790376,0.182091048169014,0.6250218782682488,0.24437335891746484,0.05955339815928937,2026-09-02T22:19:03Z
823339,668804,Bryan Reynolds,PIT,SF,1,3,confirmed,Landen Roupp,PNC Park,2026-09-02T22:40:00Z,4.330833554366404,3208,1292,0.518687618301421,0.3839017435950716,Normal,0.09515806214243766,0.6438908661658093,0.4806666159956853,0.6275464752885856,0.687742658741156,0.4848042536076776,0.3205239739196716,0.1956068227039122,0.5987291475101123,0.35654518392404666,0.21222179804057023,0.15106551879769356,0.6233488279275962,0.2400584237846766,0.05652183125529256,2026-09-02T22:19:03Z
823339,805811,Bryce Eldridge,SF,PIT,0,3,confirmed,Bubba Chandler,PNC Park,2026-09-02T22:40:00Z,4.440825964086558,422,693,0.5251089071261583,1.5404520017812937,Normal,0.11888392937913903,0.6280003366758709,0.4824648555390841,0.7305537944896142,0.6804443187354973,0.4777358684496087,0.31494022570408187,0.19176423605924015,0.601015823430711,0.3596102951584534,0.21496686968808545,0.15309431151443492,0.6084633347548113,0.22758903547889137,0.05244541420103299,2026-09-02T22:19:03Z
823339,693304,Nick Gonzales,PIT,SF,1,4,confirmed,Landen Roupp,PNC Park,2026-09-02T22:40:00Z,4.178066211331792,1462,1292,0.43825145416452366,1.2182084417881562,Normal,0.06016502921039097,0.6848924038412958,0.2815889007416562,0.5542771948662943,0.6798132096626652,0.4752252413584134,0.31134004669146537,0.1879280989177697,0.5959258085703723,0.3530253810668176,0.20913626411390582,0.14879102638286157,0.6615184626261857,0.27717234979353045,0.07111680142940173,2026-09-02T22:19:03Z
823339,806367,Turner Hill,SF,PIT,0,4,confirmed,Bubba Chandler,PNC Park,2026-09-02T22:40:00Z,4.163190172175607,47,693,0.4642015629217702,1.7610510229567997,Normal,0.09249599514060247,0.6241084066177421,0.40566595724663396,0.5222588922390446,0.641228815007688,0.43529020115979544,0.2774718878446736,0.16260603035857202,0.5812769328305847,0.34017024126246553,0.20013407775478792,0.14272857131379577,0.604890399021726,0.22240437049599465,0.049341939646160946,2026-09-02T22:19:03Z
823339,665833,Oneil Cruz,PIT,SF,1,5,confirmed,Landen Roupp,PNC Park,2026-09-02T22:40:00Z,4.1102706247792185,1879,1292,0.47117460265369826,1.8651511249278756,Normal,0.11784318082275629,0.6032584005376299,0.4459234797503994,0.7769723477853262,0.6827056739573766,0.47790746173682874,0.3133402842573697,0.1891976042262431,0.5894601467352958,0.34659144971439176,0.20421374722700858,0.14535837975143662,0.5854431566087267,0.20366880348863592,0.04166575868188907,2026-09-02T22:19:03Z
823339,808982,Jung Hoo Lee,SF,PIT,0,5,confirmed,Bubba Chandler,PNC Park,2026-09-02T22:40:00Z,4.163190172175608,1292,693,0.4318976479041624,0.1297464700049215,Normal,0.07695128542967271,0.6464547502575274,0.3312886973477299,0.40595666593048163,0.6705263415965301,0.46582245554234164,0.30351902210766757,0.18219670877707317,0.5895235983224444,0.3476629542716266,0.20549573951794847,0.14636237339174843,0.6257423535522114,0.24181857418322641,0.056724593691054134,2026-09-02T22:19:03Z
823339,699013,Esmerlyn Valdez,PIT,SF,1,6,confirmed,Landen Roupp,PNC Park,2026-09-02T22:40:00Z,3.9712894208144154,264,1292,0.46051783660626516,-0.5429969242942647,Normal,0.12470308222195482,0.6076189620823633,0.43921778365793385,0.8588550421485267,0.7002591193108808,0.49666620538548867,0.32946526428134715,0.20129759231722227,0.5986051835427848,0.3543586865232955,0.20945541986495148,0.14880274520672226,0.5895670647997175,0.20611452828748555,0.04188589591061418,2026-09-02T22:19:03Z
823339,701852,Drew Cavanaugh,SF,PIT,0,6,confirmed,Bubba Chandler,PNC Park,2026-09-02T22:40:00Z,3.662724799023438,124,693,0.35171449635634583,-1.379699951984011,Normal,0.06942740441494898,0.553357925505633,0.38461652889914016,0.6312792757730967,0.5690171486955375,0.3645629240234572,0.21957517226901302,0.12049426270739762,0.5016979999162744,0.2715120981773377,0.15201095289385258,0.11000808089939804,0.5385879787298017,0.16563825517342792,0.0290985107895696,2026-09-02T22:19:03Z
823339,804668,Rafael Flores Jr.,PIT,SF,1,7,confirmed,Landen Roupp,PNC Park,2026-09-02T22:40:00Z,3.6298768835241533,109,1292,0.3713767137348198,-1.6750302625433384,Normal,0.10744107837189631,0.5804858792916073,0.2909931509946753,0.7452232789038872,0.6632285016711815,0.45492408010856195,0.2918831576138172,0.17175265260288738,0.5623059566173587,0.32036729826968774,0.18461504315561295,0.13184632905528565,0.5642141505000463,0.18321529763758734,0.03345610494465444,2026-09-02T22:19:03Z
823339,801501,Nate Furman,SF,PIT,0,7,confirmed,Bubba Chandler,PNC Park,2026-09-02T22:40:00Z,3.0654354730207998,24,693,0.3137345428356757,-1.0260974618248044,Normal,0.07392475511166628,0.49316303642848314,0.30674273932497287,0.513440219460208,0.5058495793414657,0.3074002322859584,0.1757164760495973,0.09052138739382123,0.4655010505642933,0.24131540447484162,0.13153453325903727,0.09629827459995882,0.48191342193386016,0.12311246815215832,0.016813454135155594,2026-09-02T22:19:03Z
823339,663968,Jake Mangum,PIT,SF,1,8,confirmed,Landen Roupp,PNC Park,2026-09-02T22:40:00Z,3.629876883524154,842,1292,0.39838163453009784,-1.7410582860641073,Normal,0.056825564550871115,0.617031552215034,0.30998286047032464,0.49930118775757093,0.6306045806996197,0.4214500905874322,0.2637969843748421,0.15101732935644543,0.5317110692817902,0.29436483312224104,0.16672036004602314,0.11981865092251678,0.5984813598254721,0.2112985994865276,0.04236824922272225,2026-09-02T22:19:03Z
823339,694376,Shay Whitcomb,SF,PIT,0,8,confirmed,Bubba Chandler,PNC Park,2026-09-02T22:40:00Z,3.0654354730208,134,693,0.28222679479591106,-2.5096623031555136,Cold,0.059976207997574714,0.4580229979585412,0.22494805245027308,0.6419903554238947,0.5006602726959135,0.3028162225275153,0.17221913808336134,0.08812830893403019,0.42626400088830174,0.21340462773053287,0.11405741163367576,0.08450139337829464,0.44845308853786653,0.10371643923244299,0.012490532248573773,2026-09-02T22:19:03Z
823339,669707,Jared Triolo,PIT,SF,1,9,confirmed,Landen Roupp,PNC Park,2026-09-02T22:40:00Z,3.5106944631206205,1361,1292,0.3865076268067909,0.8794981233598279,Normal,0.054472202582553815,0.5645258489807383,0.2987128503861933,0.5589413615122073,0.5847022111348589,0.37679120413862754,0.2277266935689164,0.1252474470696506,0.4922684919825316,0.2623878722279831,0.1452848828782912,0.10543871389365686,0.5492916807318294,0.17015587367955806,0.028951467216777806,2026-09-02T22:19:03Z
823339,683766,Christian Koss,SF,PIT,0,9,confirmed,Bubba Chandler,PNC Park,2026-09-02T22:40:00Z,3.0654354730208,330,693,0.3194728277756129,-1.8693488514480614,Normal,0.044514403663262085,0.48219605652567205,0.2239848643078983,0.5925809314094554,0.5093771777025163,0.30963360755645114,0.17684571588655348,0.09091745834218018,0.423908711560831,0.2115844120720633,0.11283686731643061,0.08366657855509642,0.47153178290778536,0.11600023479552911,0.014717495817347883,2026-09-02T22:19:03Z
823660,807712,Luke Keaschall,MIN,DET,1,1,confirmed,Drew Anderson,Target Field,2026-09-02T23:40:00Z,4.42556680801948,729,370,0.6305225618038814,1.8878686448671003,Normal,0.09722030332883562,0.6817627237040577,0.4623990355077664,0.566482490059926,0.6804849854509181,0.4777597436933024,0.3149290967405261,0.19172324211608655,0.6223609154736737,0.3801338686903792,0.2303119926062368,0.16369635234774715,0.658546402414333,0.2772474679312993,0.07336815815961284,2026-09-02T22:19:03Z
823660,805808,Kevin McGonigle,DET,MIN,0,1,confirmed,Dean Kremer,Target Field,2026-09-02T23:40:00Z,4.819524511005015,604,2771,0.6988370911693701,-1.3475150281626596,Normal,0.1327344781979334,0.7086210034993551,0.4912040662393377,0.5191715668354275,0.7100357761154683,0.5124497226006932,0.34758303480699465,0.21865666532704883,0.6662189898900605,0.4268840426541621,0.2679216062414755,0.19060012762634182,0.683432475751593,0.3077866852793495,0.09019164622003896,2026-09-02T22:19:03Z
823660,686797,Brooks Lee,MIN,DET,1,2,confirmed,Drew Anderson,Target Field,2026-09-02T23:40:00Z,4.2719255040699435,1249,370,0.4899297983610008,0.28523807540113666,Normal,0.14921418200939232,0.6502347346795233,0.28023868417130154,0.5321574068132331,0.656501485186658,0.45131106978623486,0.29125223852931703,0.1730716565260424,0.6353117149933103,0.39206605217150325,0.2388562166399737,0.16943493252503075,0.6292544204094237,0.2457874610499212,0.058760602553517845,2026-09-02T22:19:03Z
823660,701678,Hao-Yu Lee,DET,MIN,0,2,confirmed,Dean Kremer,Target Field,2026-09-02T23:40:00Z,4.21819605252579,268,2771,0.46538324171245254,-0.4552777258239751,Normal,0.10459366556406821,0.6557150065862359,0.249110031547153,0.6442225322907059,0.653484615270781,0.4488496199076605,0.28961544226468156,0.17216091243242784,0.6108221220624037,0.3687408743458089,0.22159779351545456,0.15759164779767088,0.634318760680645,0.2519736294817826,0.061996617777199975,2026-09-02T22:19:03Z
823660,665019,Kody Clemens,MIN,DET,1,3,confirmed,Drew Anderson,Target Field,2026-09-02T23:40:00Z,4.05338040793983,1275,370,0.4945764744708261,0.27959423015880674,Normal,0.16809617935630686,0.6079241952535126,0.2938655243058449,0.6441208557691833,0.674253212913211,0.4690661626584835,0.3058005021282351,0.18353752052562178,0.6374515358862894,0.39303547335740296,0.23886973941393294,0.16916013057490678,0.5897907476806731,0.2078245495706072,0.04328201994796611,2026-09-02T22:19:03Z
823660,690993,Colt Keith,DET,MIN,0,3,confirmed,Dean Kremer,Target Field,2026-09-02T23:40:00Z,4.218196052525791,1413,2771,0.4983567874210151,-1.187730383686926,Normal,0.11687450133153447,0.6629534163149161,0.3380940823243145,0.5961143780121356,0.6843509649493555,0.48134303641813175,0.3175999069868099,0.1934103042542931,0.6228334845414129,0.37990913036482266,0.22972697296174882,0.1631355521225857,0.641082701989634,0.2579249397420163,0.06402663295680908,2026-09-02T22:19:03Z
823660,680777,Ryan Jeffers,MIN,DET,1,4,confirmed,Drew Anderson,Target Field,2026-09-02T23:40:00Z,4.053380407939829,1804,370,0.4791492464167268,-0.4847654061545624,Normal,0.12087778886115592,0.6232487065260761,0.4218033633686464,0.6206859871497088,0.6753934068905308,0.4700226404346952,0.306420027566683,0.18384889888612416,0.6051197874130438,0.3611944389932916,0.21482947242585912,0.15257296201898815,0.6041412696394216,0.22001803345669124,0.04738754160421386,2026-09-02T22:19:03Z
823660,682985,Riley Greene,DET,MIN,0,4,confirmed,Dean Kremer,Target Field,2026-09-02T23:40:00Z,4.21819605252579,2575,2771,0.5138461311671357,-1.0242679999156867,Normal,0.14901538288917193,0.6593003317067143,0.3679848768095267,0.7233208802183476,0.7016073779033178,0.5007397315944222,0.33503376201031443,0.2071037264466654,0.6500092397823837,0.40742673478484065,0.250845096983478,0.1777902245435575,0.6376632411809532,0.25463583729063666,0.06251033074502396,2026-09-02T22:19:03Z
823660,605137,Josh Bell,MIN,DET,1,5,confirmed,Drew Anderson,Target Field,2026-09-02T23:40:00Z,4.05338040793983,2950,370,0.410114141851164,0.17080144018885185,Normal,0.13120669141566846,0.6331083657739658,0.3616014885392244,0.5584367327685112,0.661871526070336,0.455398415613632,0.29361748950846506,0.17401349716924455,0.6127364670283587,0.3682105328331717,0.21988999707283677,0.15600475071529066,0.6133647774740345,0.22805153132598757,0.050179238939553714,2026-09-02T22:19:03Z
823660,680664,Eduardo Valencia,DET,MIN,0,5,confirmed,Dean Kremer,Target Field,2026-09-02T23:40:00Z,3.790727539951242,79,2771,0.3874838806004999,-1.0569247978572682,Normal,0.13048168045786793,0.6203864094796745,0.2141304927861465,0.6881439910905004,0.7046170340786528,0.5023040844069451,0.3351399556748644,0.20620608206646068,0.6094516168725813,0.36527956701616643,0.21784335594343468,0.15462953520110073,0.6014681848442449,0.21758629629760226,0.04651782279934463,2026-09-02T22:19:03Z
823660,663616,Trevor Larnach,MIN,DET,1,6,confirmed,Drew Anderson,Target Field,2026-09-02T23:40:00Z,3.872692664918769,1771,370,0.40913056962984506,-0.47015444909392967,Normal,0.12096229366830019,0.6130958332240378,0.34790343107694505,0.5703437057780355,0.6509476991702272,0.44324346545587034,0.28271075731457185,0.1654255474341935,0.595247264423532,0.35090644371783947,0.2067592242885951,0.14690635353113005,0.5947110151282284,0.21003269448048623,0.04292124538294825,2026-09-02T22:19:03Z
823660,814430,Brett Callahan,DET,MIN,0,6,confirmed,Dean Kremer,Target Field,2026-09-02T23:40:00Z,3.7907275399512423,36,2771,0.3913335247639907,-0.5257912396456376,Normal,0.12265887061666053,0.6130747441687544,0.3152459983414419,0.6014051957585684,0.644087210692333,0.43675651902832036,0.27770916407215007,0.1620695615440634,0.5969641853180601,0.35309197604549564,0.20872207772007495,0.14837249393806845,0.5946638330050728,0.21092762457596814,0.043885149900349425,2026-09-02T22:19:03Z
823660,668904,Royce Lewis,MIN,DET,1,7,confirmed,Drew Anderson,Target Field,2026-09-02T23:40:00Z,3.871731312458712,1435,370,0.39126626380620455,-0.08420960268774334,Normal,0.12591236561693955,0.6070562630171619,0.29441742155870043,0.6751144306585748,0.6612432869353321,0.4537834238039424,0.2915507523347041,0.17195776360076598,0.5926189938112685,0.348331859879309,0.20483736452212753,0.14559462384322416,0.5890709720219636,0.2049461541967866,0.041095175748677666,2026-09-02T22:19:03Z
823660,703601,Max Clark,DET,MIN,0,7,confirmed,Dean Kremer,Target Field,2026-09-02T23:40:00Z,3.7907275399512423,112,2771,0.3877090434134349,-0.8556593978494564,Normal,0.10897507325773355,0.608112632489386,0.29501202310229657,0.5686227835445653,0.624486102565647,0.41713171113676606,0.2613952155041796,0.1500551887096346,0.5860848259500158,0.3430654817434335,0.2013954146326,0.14333972694240765,0.5900088467964569,0.20687396106588468,0.04228663163168869,2026-09-02T22:19:03Z
823660,701785,Kaelen Culpepper,MIN,DET,1,8,confirmed,Drew Anderson,Target Field,2026-09-02T23:40:00Z,3.75449103874904,83,370,0.4584800906486115,0.9988359996416065,Normal,0.11365145654075476,0.6186581039425698,0.3235948499291352,0.6195797607797617,0.6831372402978142,0.4765564907486115,0.3107947762983801,0.18622567598888065,0.5911361404089813,0.34638761544086055,0.20315390186008198,0.14438740607856734,0.5999660068745128,0.213461438861836,0.043562155377784115,2026-09-02T22:19:03Z
823660,807726,John Peck,DET,MIN,0,8,confirmed,Dean Kremer,Target Field,2026-09-02T23:40:00Z,3.790727539951242,4,2771,0.4154835268396292,,Unknown,0.09587224533047098,0.6000559096077354,0.27079838044597343,0.5875300599990648,0.5468788620081864,0.3449093802374832,0.20463813583997187,0.11035263787863867,0.564778459815342,0.32375572046078893,0.18758757044649518,0.13398896976769406,0.5824895569697143,0.20004231042618997,0.0398412154154284,2026-09-02T22:19:03Z
823660,805805,Walker Jenkins,MIN,DET,1,9,confirmed,Drew Anderson,Target Field,2026-09-02T23:40:00Z,3.5564744168561293,19,370,0.47288091001190025,,Unknown,0.1202073375390727,0.5865067460660771,0.31836234577767675,0.5294305436438338,0.6332746471630943,0.42344327392274533,0.2650180089699115,0.15163408412751614,0.5769343993969883,0.33238719953217993,0.19265318228896638,0.1371972464578695,0.5699373073118598,0.18646787479761892,0.033927703483943646,2026-09-02T22:19:03Z
823660,656716,Zach McKinstry,DET,MIN,0,9,confirmed,Dean Kremer,Target Field,2026-09-02T23:40:00Z,3.4858790523584102,1925,2771,0.42641437809985844,-0.9023894449610971,Normal,0.07937097612912372,0.5496988924386864,0.3144678387065662,0.4821042576957335,0.5673172903400749,0.36148753329233146,0.21631111312912485,0.11769064713285737,0.5269190387192787,0.29014560571218156,0.16382279090758842,0.11791015330632124,0.5352824228344176,0.16070570723600694,0.026765200837601557,2026-09-02T22:19:03Z
823906,660271,Shohei Ohtani,LAD,STL,1,1,projected,TBD,UNIQLO Field at Dodger Stadium,2026-09-03T02:10:00Z,4.5860244700026005,3310,0,0.7576148524816091,-1.3980184796306037,Normal,0.2818280477230058,0.7191261653184208,0.4069311839076163,0.6764398237792018,0.7853323092597937,0.6050013065896449,0.4372946536273481,0.29425821817521247,0.7721241631275385,0.5531648868519712,0.37702677940297474,0.2711973085126629,0.6931834507063509,0.317402222450514,0.09377367592148174,2026-09-02T22:19:03Z
823906,671056,Iván Herrera,STL,LAD,0,1,projected,Yoshinobu Yamamoto,UNIQLO Field at Dodger Stadium,2026-09-03T02:10:00Z,4.690861615998525,1395,1661,0.563478511857865,-0.10688531760312155,Normal,0.0998172408064237,0.6394338218837174,0.4269493285471195,0.7287402116595606,0.6784128921639824,0.4766674535411679,0.3148398446618434,0.19231315495602558,0.585162517836904,0.34595014136183544,0.2054953174863613,0.14672757371144374,0.6190805417177975,0.23938345022677945,0.05821133801152699,2026-09-02T22:19:03Z
823906,605141,Mookie Betts,LAD,STL,1,2,projected,TBD,UNIQLO Field at Dodger Stadium,2026-09-03T02:10:00Z,4.467029437759424,2940,0,0.5946303229868538,0.7820450715190186,Normal,0.15369687024444625,0.6934644046371217,0.3375408023160955,0.4509880501888123,0.7377274052839896,0.5434813850429552,0.3754076025261663,0.24043743544195673,0.6753917835374086,0.4349140988544342,0.273205771370126,0.19386541177222133,0.6694203987209358,0.28889861656052856,0.07877509531385236,2026-09-02T22:19:03Z
823906,676475,Alec Burleson,STL,LAD,0,2,projected,Yoshinobu Yamamoto,UNIQLO Field at Dodger Stadium,2026-09-03T02:10:00Z,4.459152153281805,2124,1661,0.4762594820864997,0.03990719801916464,Normal,0.12272296262962146,0.6501711670514692,0.3030423765586769,0.6328610609489007,0.6844412703151144,0.48241235391292436,0.3192996665548925,0.1953128516429886,0.6155854479245362,0.3738473514498025,0.2257405731798863,0.16057977822308944,0.6291369383856511,0.2476888222300401,0.06078330030219276,2026-09-02T22:19:03Z
823906,669242,Tommy Edman,LAD,STL,1,3,projected,TBD,UNIQLO Field at Dodger Stadium,2026-09-03T02:10:00Z,4.223191818831094,1924,0,0.5291478555197645,-0.7141194361035954,Normal,0.12205476602752562,0.6582526941013508,0.336129954131701,0.534882596958345,0.6895264578445253,0.48630059529515457,0.3214638175017395,0.1960272918011625,0.6273952897743982,0.38363684167945744,0.23212908873035265,0.16466727857073624,0.6367469786408786,0.2523212965303776,0.060936327528775924,2026-09-02T22:19:03Z
823906,669357,Nolan Gorman,STL,LAD,0,3,projected,Yoshinobu Yamamoto,UNIQLO Field at Dodger Stadium,2026-09-03T02:10:00Z,4.31897469910624,1836,1661,0.4273619605880324,-2.7132943386615533,Cold,0.13689750878940057,0.5470395863454206,0.34612320030563726,0.8917838188576966,0.6318429090262122,0.42655011488888755,0.27066785166220286,0.157926534476517,0.5589929783062146,0.321062807781054,0.18686544554104925,0.13376966103037682,0.5324569745837762,0.1645503280879866,0.03027423386801175,2026-09-02T22:19:03Z
823906,663656,Kyle Tucker,LAD,STL,1,4,projected,TBD,UNIQLO Field at Dodger Stadium,2026-09-03T02:10:00Z,4.210385698773649,2755,0,0.5346149700545137,-0.5443933268514518,Normal,0.15256879189382316,0.6487866765044897,0.4310867694705876,0.4844028782944411,0.7063385091788319,0.5048984671989816,0.33800921808031836,0.208913413699302,0.6459335431619363,0.4019939610525144,0.24601442987649658,0.17424524017095727,0.6279480416371342,0.24321930325511812,0.056978061001450656,2026-09-02T22:19:03Z
823906,691023,Jordan Walker,STL,LAD,0,4,projected,Yoshinobu Yamamoto,UNIQLO Field at Dodger Stadium,2026-09-03T02:10:00Z,4.31897469910624,1621,1661,0.42161250191686034,0.3435991382814388,Normal,0.11749886232590646,0.6298452918320347,0.26508253918485397,0.790383159468177,0.6683446748595848,0.46404608016032545,0.3024446316180844,0.1817502418793025,0.599500801573424,0.3575362621758366,0.21308587578446414,0.15169450323036493,0.6102230253448498,0.22816622613842294,0.05207702432730544,2026-09-02T22:19:03Z
823906,518692,Freddie Freeman,LAD,STL,1,5,projected,TBD,UNIQLO Field at Dodger Stadium,2026-09-03T02:10:00Z,4.179778349824749,3284,0,0.5470914500701483,0.21722214253085204,Normal,0.12843687797037817,0.722556026214264,0.3656223209893392,0.48642475378100025,0.7387417823745627,0.5427550566280867,0.3730270465764611,0.23708705831263663,0.6826983313144636,0.4407491991623892,0.2764647966986017,0.1955227364358607,0.6963896271027842,0.31638583618698096,0.08947067391661863,2026-09-02T22:19:03Z
823906,701675,Nathan Church,STL,LAD,0,5,projected,Yoshinobu Yamamoto,UNIQLO Field at Dodger Stadium,2026-09-03T02:10:00Z,4.031808957891525,453,1661,0.37768461627501604,1.088745922528117,Normal,0.09257330349533018,0.5620541549727631,0.2519309513855996,0.6304661461909229,0.6007841932676836,0.3950015213415607,0.2440702428453801,0.1380356210369299,0.5278807532542249,0.2934913088137321,0.1671619016615613,0.12027959854409782,0.546700596136727,0.1733038866141492,0.032084291933507356,2026-09-02T22:19:03Z
823906,669257,Will Smith,LAD,STL,1,6,projected,TBD,UNIQLO Field at Dodger Stadium,2026-09-03T02:10:00Z,4.038960778356765,2323,0,0.4887958361048328,-0.3437714499585813,Normal,0.12385761739619051,0.6359155388155684,0.40325206292804266,0.5402937721856017,0.6803215183177348,0.4748872060289855,0.31036043650682776,0.18665427258435682,0.6110105167090636,0.3663402285504854,0.21840282128655725,0.15496314281088458,0.6159992796148951,0.23014618645931967,0.05080453127099445,2026-09-02T22:19:03Z
823906,602104,Ramón Urías,STL,LAD,0,6,projected,Yoshinobu Yamamoto,UNIQLO Field at Dodger Stadium,2026-09-03T02:10:00Z,3.926659777554927,1623,1661,0.36296436675559135,-0.13567042027869394,Normal,0.09718460657516512,0.5623802780334975,0.27399894276874504,0.7083765023523633,0.601530431133926,0.3952542892895645,0.24397271723866296,0.13775893132184755,0.5357992803331362,0.2996149924918954,0.17114062521431403,0.12293180726785215,0.5470429137166399,0.17284505722607077,0.03161810675170231,2026-09-02T22:19:03Z
823906,606192,Teoscar Hernández,LAD,STL,1,7,projected,TBD,UNIQLO Field at Dodger Stadium,2026-09-03T02:10:00Z,3.926510137661197,2810,0,0.4445042279490403,-0.1121600986162814,Normal,0.13156938678151825,0.6389556985633941,0.2566252764651705,0.714220993428634,0.6833452513260183,0.4776292485644599,0.3123472276847594,0.1878625865219871,0.6222350408525469,0.37659610967447815,0.2256863225175309,0.15983318297194032,0.6188639766915643,0.23191877820250045,0.05092307976763138,2026-09-02T22:19:03Z
823906,686780,Pedro Pagés,STL,LAD,0,7,projected,Yoshinobu Yamamoto,UNIQLO Field at Dodger Stadium,2026-09-03T02:10:00Z,3.7795956854817185,806,1661,0.31719610412779503,-0.22587909231843203,Normal,0.08471525536287912,0.5426088256743735,0.20929410441962779,0.782934295408578,0.5760530052259649,0.37096464690454733,0.2245192217207082,0.12390210656585456,0.5047600547450657,0.2739335338015827,0.15361863076309396,0.11109377716990451,0.5284437044142415,0.15835149505951554,0.027015045775913293,2026-09-02T22:19:03Z
823906,571970,Max Muncy,LAD,STL,1,8,projected,TBD,UNIQLO Field at Dodger Stadium,2026-09-03T02:10:00Z,3.7889838462377443,2302,0,0.5753369403992422,-0.4328135324801383,Normal,0.19962500520720344,0.5762120792053205,0.454555476918734,0.6181842035376653,0.6764626998672835,0.4694934834989166,0.3047586893937881,0.18171097831978866,0.6373098451967824,0.3907719939870401,0.2359377999826785,0.16672695591413442,0.5601642769482391,0.18074238707351367,0.03302474257931158,2026-09-02T22:19:03Z
823906,665877,José Fermín,STL,LAD,0,8,projected,Yoshinobu Yamamoto,UNIQLO Field at Dodger Stadium,2026-09-03T02:10:00Z,3.3899760165209507,524,1661,0.29743653704282086,-0.7556687509151353,Normal,0.0620730821870116,0.5004268688166483,0.2591193486197724,0.49700556514607935,0.5176840663550333,0.318531000268097,0.18437700606955654,0.0964702497247508,0.45651541469067725,0.2361185654951532,0.12864344479473797,0.09428536545680113,0.48865509706507687,0.12945471736087213,0.018722310307593176,2026-09-02T22:19:03Z
823906,500743,Miguel Rojas,LAD,STL,1,9,projected,TBD,UNIQLO Field at Dodger Stadium,2026-09-03T02:10:00Z,3.3041748726142917,1792,0,0.3695701702741036,0.4089945602574678,Normal,0.06511189369356372,0.5732113889404072,0.2302302828730866,0.36063340320309634,0.5911098964387168,0.38139910519984455,0.23050608131139078,0.1266458323797347,0.5129780434110438,0.27733424960641945,0.15458779950849047,0.11164025593068894,0.5575819654743488,0.17426631391194805,0.029244591871645163,2026-09-02T22:19:03Z
823906,687363,Victor Scott II,STL,LAD,0,9,projected,Yoshinobu Yamamoto,UNIQLO Field at Dodger Stadium,2026-09-03T02:10:00Z,3.3899760165209507,804,1661,0.34964142905950507,0.46692474781383575,Normal,0.06162715023588102,0.460675643186798,0.2867394392806546,0.664676426985482,0.5092783469091835,0.31132666528637254,0.17903600717560597,0.09292240779212446,0.4254049262634864,0.2140341548851489,0.11481636040459534,0.08494720880060695,0.4508325239834875,0.10711734441887534,0.013632739557871865,2026-09-02T22:19:03Z
823983,687263,Zach Neto,LAA,NYY,1,1,confirmed,Cam Schlittler,Angel Stadium,2026-09-03T01:38:00Z,4.468436834609653,2087,957,0.5247150271335188,1.2504679642117154,Normal,0.12235398240746846,0.6120896304680106,0.3430590380834863,0.8282973187175806,0.6805150419030056,0.477932775817572,0.31519720754234287,0.19202281648341593,0.6003482816199884,0.35909473034474765,0.2146409662107377,0.1528833696306122,0.5935726735255576,0.21437009433988236,0.04749558878231158,2026-09-02T22:19:03Z
823983,663757,Trent Grisham,NYY,LAA,0,1,projected,Reid Detmers,Angel Stadium,2026-09-03T01:38:00Z,4.562157092507012,2353,2470,0.5754302098050362,-2.1205628831133048,Cold,0.14178724571773177,0.5908671785756084,0.4557410028363452,0.7256183971636273,0.6703016043511533,0.46761166182218206,0.30661018948999097,0.18571892430067946,0.5970295877888704,0.3566781415093643,0.21320978514294972,0.15199036754044631,0.5736299334593592,0.19835757373248636,0.04217459654184914,2026-09-02T22:19:03Z
823983,545361,Mike Trout,LAA,NYY,1,2,confirmed,Cam Schlittler,Angel Stadium,2026-09-03T01:38:00Z,4.425811288607643,2084,957,0.540505000082422,-0.4005853932317807,Normal,0.15012786341870366,0.5972175633268988,0.45983444998967227,0.8085473381315719,0.6934870541331756,0.4918149231586671,0.3272893067895746,0.20129157979203408,0.6062860887748878,0.36431284801099256,0.21830611463001895,0.1553570275671581,0.5796621555408594,0.2017828414055897,0.04264178889118705,2026-09-02T22:19:03Z
823983,671218,Heliot Ramos,NYY,LAA,0,2,projected,Reid Detmers,Angel Stadium,2026-09-03T01:38:00Z,4.562157092507012,1675,2470,0.5021257535182573,-1.6462811240869495,Normal,0.12367533078840826,0.6601840661667322,0.34649960466663654,0.792926075828264,0.6903704685799528,0.48926327864566144,0.32568009036166934,0.2005311715499785,0.6259740873884092,0.3843589686466321,0.23391641668526922,0.1663441882910094,0.6384552140971389,0.25747770167790535,0.06531879445908582,2026-09-02T22:19:03Z
823983,685133,Wade Meckler,LAA,NYY,1,3,confirmed,Cam Schlittler,Angel Stadium,2026-09-03T01:38:00Z,4.032078427870607,315,957,0.4446589686311991,1.5069052649253334,Normal,0.07895927114508362,0.617206426605497,0.37931180477307586,0.7320455966783532,0.6326335864884264,0.42585771958238855,0.2690316079816472,0.1559478146697582,0.55435645584802,0.3155882023521138,0.18228079472308,0.13047523558032292,0.5984784285055058,0.21534148921346638,0.04590185210316513,2026-09-02T22:19:03Z
823983,671277,Luis García Jr.,NYY,LAA,0,3,projected,Reid Detmers,Angel Stadium,2026-09-03T01:38:00Z,4.356610694403472,2393,2470,0.48424182595536586,0.09210645948739535,Normal,0.13376513408181073,0.6886955069482691,0.24539003195491743,0.6014617178002147,0.7047293849736773,0.5045097873614721,0.3387838073945052,0.21039577745606575,0.6565513033779674,0.4145603575289785,0.25677129769943174,0.18213367053419408,0.6649922686639584,0.28372177284522193,0.07602280305904838,2026-09-02T22:19:03Z
823983,687093,Vaughn Grissom,LAA,NYY,1,4,confirmed,Cam Schlittler,Angel Stadium,2026-09-03T01:38:00Z,4.032078427870607,726,957,0.3830679008857338,-0.11507905575695065,Normal,0.07771752026013859,0.5845291445621444,0.2800578881118289,0.65649838595656,0.6105175616046794,0.4038726959236329,0.25087260232189545,0.14265697672170902,0.5323905864140105,0.29677791212530935,0.16918158480551784,0.12159775364510603,0.5678703363741013,0.18907763671175934,0.03666095381877132,2026-09-02T22:19:03Z
823983,642708,Amed Rosario,NYY,LAA,0,4,projected,Reid Detmers,Angel Stadium,2026-09-03T01:38:00Z,4.213836912993286,1972,2470,0.4624512584338152,-0.13614211363273604,Normal,0.10257645817224574,0.6668414307141649,0.2559743026634727,0.6928043716418799,0.6738253212319714,0.46956329898870586,0.30697502852842423,0.1850080001560085,0.61862587437495,0.37544492184169415,0.22617882247786952,0.16063034797417758,0.6447180741136576,0.26103523286830305,0.06502078775239556,2026-09-02T22:19:03Z
823983,694208,Moisés Ballesteros,LAA,NYY,1,5,confirmed,Cam Schlittler,Angel Stadium,2026-09-03T01:38:00Z,3.834661203154145,344,957,0.3848540965135563,-2.4040711412606597,Cold,0.08745097899862418,0.5571196122226552,0.3163524954329695,0.7051779719665983,0.5945110446440339,0.3878884651019272,0.23761847866879487,0.13291242798167702,0.5224940166585184,0.28795326832499396,0.16287748140120933,0.11729374818118914,0.5421409088703001,0.16800471428191302,0.029584141325870294,2026-09-02T22:19:03Z
823983,641857,Ryan McMahon,NYY,LAA,0,5,projected,Reid Detmers,Angel Stadium,2026-09-03T01:38:00Z,4.213836912993287,2772,2470,0.43008792111432803,0.04729647995619777,Normal,0.10903995069223098,0.5996069593778286,0.3658575401199281,0.8199880681957293,0.6443937566806225,0.4385054067736,0.2801754492655279,0.1646229125842444,0.575134611046728,0.334622910030002,0.19615533019620124,0.14002229530956042,0.5819569523245355,0.20234261719809346,0.0420948067504444,2026-09-02T22:19:03Z
823983,695681,Christian Moore,LAA,NYY,1,6,confirmed,Cam Schlittler,Angel Stadium,2026-09-03T01:38:00Z,3.8346612031541447,248,957,0.3673529619074349,0.10124997425586944,Normal,0.0960065138221918,0.5374163786074654,0.3120457403775015,0.8364574195488009,0.5886711401625235,0.3822783990457342,0.23309493221136904,0.1296705403710417,0.521056566966971,0.2866363598798973,0.1619179217892625,0.1166355180652906,0.5235599878656136,0.15440496586208988,0.025608855777643835,2026-09-02T22:19:03Z
823983,641355,Cody Bellinger,NYY,LAA,0,6,projected,Reid Detmers,Angel Stadium,2026-09-03T01:38:00Z,4.213836912993287,2812,2470,0.4979177905056989,0.7030883722765989,Normal,0.10612644360356788,0.6416370343460611,0.3315879632031947,0.609015375552563,0.6907484565985066,0.4877265631863527,0.3228257653472105,0.19717852187451926,0.6039174619090508,0.3610366174666155,0.21531891673527442,0.15313045382091703,0.6212680507899717,0.23742091042821079,0.05508880367489235,2026-09-02T22:19:03Z
823983,666139,Josh Lowe,LAA,NYY,1,7,confirmed,Cam Schlittler,Angel Stadium,2026-09-03T01:38:00Z,3.7814951846176643,1815,957,0.3960534466955664,0.21553692606684807,Normal,0.09874748591187181,0.5583174214956153,0.29172233546509785,0.7757428817687696,0.6168799116207969,0.40871831085114957,0.2539199262927258,0.14423822387324414,0.5420745063949097,0.3036219859765109,0.17329198823337186,0.12426915147031545,0.5433122136093114,0.1680775089312834,0.029277602262074844,2026-09-02T22:19:03Z
823983,502671,Paul Goldschmidt,NYY,LAA,0,7,projected,Reid Detmers,Angel Stadium,2026-09-03T01:38:00Z,4.0939690326681815,2878,2470,0.4659051951633065,-0.3960873172401582,Normal,0.13901497643103053,0.6370309071581234,0.30992347808339177,0.7162804354701472,0.6863504247709954,0.48230738389790934,0.31756957655470064,0.1927478700430359,0.6231241578935355,0.378938134835238,0.22832581259751641,0.16196844344444405,0.617000190857245,0.2324761204393991,0.05260483156444143,2026-09-02T22:19:03Z
823983,672724,Oswald Peraza,LAA,NYY,1,8,confirmed,Cam Schlittler,Angel Stadium,2026-09-03T01:38:00Z,3.4854320577465163,866,957,0.3008662395416863,-0.8206452835073802,Normal,0.06300779096072508,0.485846342100546,0.2465025760196054,0.7786148518781701,0.5320919001387163,0.33048808678517055,0.19293678005472115,0.10193407636951181,0.4456412403373945,0.22819395591127087,0.12357470524166332,0.09084708129189886,0.4748041067403462,0.1208402834461853,0.01653298528331821,2026-09-02T22:19:03Z
823983,665862,Jazz Chisholm Jr.,NYY,LAA,0,8,projected,Reid Detmers,Angel Stadium,2026-09-03T01:38:00Z,3.9409404150912715,2284,2470,0.4659361798461979,2.0392064423301464,Hot,0.13435971716790981,0.5992173904033188,0.3179505966950273,0.7764262372153552,0.6764466443200264,0.47085095411920536,0.3069971714200714,0.18422440398103498,0.5937686258551418,0.3503302686691444,0.20683194795515586,0.14713346059304955,0.5816758931039044,0.20014582605120948,0.04035624510050273,2026-09-02T22:19:03Z
823983,518595,Travis d'Arnaud,LAA,NYY,1,9,confirmed,Cam Schlittler,Angel Stadium,2026-09-03T01:38:00Z,3.4854320577465163,1356,957,0.367531891880283,-1.5602443752581345,Normal,0.08950747637534259,0.5057038180608019,0.2691539600119819,0.7289602006263983,0.5952803090801302,0.3864569095652344,0.23516733942998033,0.13033347597440897,0.4933816949612682,0.26313449615699597,0.1457257311047315,0.10573130662562555,0.4936938989873931,0.1319803484938451,0.0189769827742321,2026-09-02T22:19:03Z
823983,676609,José Caballero,NYY,LAA,0,9,projected,Reid Detmers,Angel Stadium,2026-09-03T01:38:00Z,3.513831386814213,1545,2470,0.40920396761896827,-0.24607062944161884,Normal,0.08700264753840113,0.5387796998080665,0.29782799908503726,0.6880448070539069,0.594021216894762,0.38603270878785206,0.23536289663508536,0.13084739845761958,0.5089286317550913,0.27588943816210165,0.15439255261616236,0.11158819230276118,0.5249584438374566,0.15366604879452064,0.024939080239983823,2026-09-02T22:19:03Z
824068,695600,Carter Jensen,KC,MIA,1,1,confirmed,Eury Pérez,Kauffman Stadium,2026-09-02T23:40:00Z,4.407325474870222,586,1293,0.5809461827412659,0.44562138427708625,Normal,0.13341178156774053,0.586925261079071,0.48434852326631744,0.7980433660786728,0.6395716418970988,0.4346173463638625,0.27761753206841094,0.1632285588480977,0.5908504874429036,0.3499898841523649,0.20781284995047486,0.1481419048604372,0.5699887423529003,0.19399342714812307,0.04000679802058999,2026-09-02T22:19:03Z
824068,681715,Heriberto Hernández,MIA,KC,0,1,confirmed,Noah Cameron,Kauffman Stadium,2026-09-02T23:40:00Z,4.5143767804206885,695,1182,0.5844990339101943,0.2470847098884358,Normal,0.15910716346205012,0.6422720378361008,0.4139057881434874,0.7318640179122522,0.6772468695127386,0.47498760956432695,0.31301948990060957,0.19063022182557754,0.6406843650489152,0.3992759773258908,0.2454589102813979,0.1744210065461981,0.6217462642258176,0.24122839983995037,0.05849651509374122,2026-09-02T22:19:03Z
824068,677951,Bobby Witt Jr.,KC,MIA,1,2,confirmed,Eury Pérez,Kauffman Stadium,2026-09-02T23:40:00Z,4.407325474870221,3256,1293,0.5583392192008481,-0.11768171622843178,Normal,0.12036359347659904,0.6818071822821542,0.30590401980997617,0.6245836181993771,0.696288325286356,0.49490617969632494,0.3300294310474529,0.20341675868344503,0.653664336226731,0.41147975512235907,0.2543263290580728,0.1804167667740632,0.6586037003516184,0.2767348938602983,0.07279644579564577,2026-09-02T22:19:03Z
824068,672640,Otto Lopez,MIA,KC,0,2,confirmed,Noah Cameron,Kauffman Stadium,2026-09-02T23:40:00Z,4.5143767804206885,1627,1182,0.5256537189806716,-0.672991363002784,Normal,0.08514054869640525,0.6990281794570691,0.27662550757270904,0.4610721713012709,0.6736706991410717,0.47091390949781414,0.3092785988450805,0.18761832356811906,0.6245452342497243,0.3828558212304853,0.23269459599175596,0.1654564055727139,0.6745494192155652,0.2957976121315112,0.0827615674627762,2026-09-02T22:19:03Z
824068,695506,Jac Caglianone,KC,MIA,1,3,confirmed,Eury Pérez,Kauffman Stadium,2026-09-02T23:40:00Z,4.170178403403258,728,1293,0.4535617680031246,2.04106276404023,Hot,0.1406907098774992,0.6075671832532353,0.31284750591768684,0.7224875500132053,0.6647275463171396,0.459266436809152,0.2975858849315643,0.17749774802099208,0.6064529048858925,0.36312289612884846,0.21664628257638058,0.1539542392521427,0.5894373041289724,0.20810216943792897,0.04374110324181317,2026-09-02T22:19:03Z
824068,669065,Kyle Stowers,MIA,KC,0,3,confirmed,Noah Cameron,Kauffman Stadium,2026-09-02T23:40:00Z,4.349060543946892,1226,1182,0.441479341541476,0.23094168643623444,Normal,0.125945865290124,0.6324259128465441,0.33484341206369755,0.7892615306057931,0.6708803310489265,0.46707093366336877,0.3053028216141757,0.18410279508371957,0.6203992899109749,0.3778893863730451,0.22843534390686715,0.16233533534311767,0.6126140677160192,0.23088505746931218,0.053396992691267256,2026-09-02T22:19:03Z
824068,521692,Salvador Perez,KC,MIA,1,4,confirmed,Eury Pérez,Kauffman Stadium,2026-09-02T23:40:00Z,4.170178403403257,2892,1293,0.36197037396265364,0.2374857974298027,Normal,0.1284788131203587,0.6110530446025837,0.25104995095641724,0.641859913585586,0.6542236040904601,0.44803433801891807,0.28780630632132415,0.17000469419628345,0.5945959438250706,0.3517667887754386,0.20820137748101736,0.14814490583635379,0.592716135054385,0.2105952594942543,0.04445655607242263,2026-09-02T22:19:03Z
824068,682663,Agustín Ramírez,MIA,KC,0,4,confirmed,Noah Cameron,Kauffman Stadium,2026-09-02T23:40:00Z,4.349060543946893,777,1182,0.4685652412160134,-0.1083640458046907,Normal,0.1014695104941089,0.6266494896652367,0.34528414156916604,0.5913889405544883,0.6653847967420238,0.4610311453274297,0.2999242487872641,0.17989429035570043,0.5930828095426527,0.351675704601769,0.20885556368686742,0.14881084386228427,0.6072298140438561,0.22563709381590843,0.051231478572001825,2026-09-02T22:19:03Z
824068,686469,Vinnie Pasquantino,KC,MIA,1,5,confirmed,Eury Pérez,Kauffman Stadium,2026-09-02T23:40:00Z,4.135743849219148,2195,1293,0.38359488576033046,1.1673201850287234,Normal,0.12003889574511521,0.6009217889176689,0.39195474874263014,0.5386548194217023,0.647251097338549,0.4405275044573266,0.2812313453697522,0.164936369859764,0.5842764375457103,0.3419704263234995,0.2009493513755806,0.14315822340284745,0.5832472835178034,0.20199178380162428,0.04120095975106015,2026-09-02T22:19:03Z
824068,691594,Javier Sanoja,MIA,KC,0,5,confirmed,Noah Cameron,Kauffman Stadium,2026-09-02T23:40:00Z,4.035467256497141,772,1182,0.3598959187470965,1.3849746653944954,Normal,0.0782120483100686,0.6427249213075782,0.25123959579110766,0.3576504331866358,0.6338941373942891,0.4273029263346518,0.27039247170308706,0.1570783937964376,0.593385958497699,0.35066161267097185,0.20740738949054627,0.147602120355527,0.622303011874211,0.2375393423743978,0.05454059959314715,2026-09-02T22:19:03Z
824068,679845,Nick Loftin,KC,MIA,1,6,confirmed,Eury Pérez,Kauffman Stadium,2026-09-02T23:40:00Z,3.7089566920756334,787,1293,0.3175285698904197,-1.3901990343916755,Normal,0.06669845576523119,0.5356285229597308,0.3301153769624009,0.5347059092883596,0.5538943983629018,0.35049051952664384,0.20846230096080404,0.11266220505579318,0.4992535744028312,0.26901958294040784,0.15009208257719872,0.10867677458605571,0.5218990052705652,0.15274913304525198,0.024972708084752784,2026-09-02T22:19:03Z
824068,805300,Jakob Marsee,MIA,KC,0,6,confirmed,Noah Cameron,Kauffman Stadium,2026-09-02T23:40:00Z,4.035467256497142,764,1182,0.3684838115782831,-0.06709255178101368,Normal,0.06881679423058225,0.5723524776913546,0.39635682564921015,0.5851239822499092,0.5920484195520267,0.38674157802969744,0.23747003149728735,0.13333493402727895,0.5292859938161067,0.2946292366808778,0.167910416273144,0.12077426824848793,0.556392523469135,0.18071412246886032,0.034331249265759076,2026-09-02T22:19:03Z
824068,686681,Michael Massey,KC,MIA,1,7,confirmed,Eury Pérez,Kauffman Stadium,2026-09-02T23:40:00Z,3.708956692075634,1654,1293,0.3261721503258661,1.8502889492692378,Normal,0.09128739435471121,0.5694716122858197,0.2524559687195817,0.5633667369951487,0.6034622349006862,0.39560229943564723,0.2432616048913238,0.13656729045995236,0.535832073876637,0.29820234445456667,0.1695015356861606,0.12170507185515358,0.5538328879575595,0.17563418996313526,0.031342451022547,2026-09-02T22:19:03Z
824068,665923,Esteury Ruiz,MIA,KC,0,7,confirmed,Noah Cameron,Kauffman Stadium,2026-09-02T23:40:00Z,3.6752574401366283,825,1182,0.3469038396267528,-1.4283321923396968,Normal,0.07375082350235751,0.5643136141471667,0.3640739560362006,0.6292438122363033,0.5824304268494583,0.37651544951758636,0.22865480984724504,0.12664839367432848,0.5197598083984974,0.2856279594129452,0.16130603472795232,0.11625576167194945,0.5489359358905331,0.1728822377537271,0.031052702053945426,2026-09-02T22:19:03Z
824068,670231,John Rave,KC,MIA,1,8,confirmed,Eury Pérez,Kauffman Stadium,2026-09-02T23:40:00Z,3.3927358031226977,269,1293,0.37314818599443444,0.6890767736345228,Normal,0.08610379690723285,0.492528560690087,0.3239954184740148,0.6387709721258942,0.559041705711577,0.35339178446205904,0.20970135901042625,0.11289771294423474,0.4791933819800528,0.25224539360584286,0.1386526852645156,0.10099070794838155,0.4811962768124452,0.12407663817121992,0.017091368147304303,2026-09-02T22:19:03Z
824068,691858,Jared Serna,MIA,KC,0,8,confirmed,Noah Cameron,Kauffman Stadium,2026-09-02T23:40:00Z,2.874716404437403,1,1182,0.3242421616553871,,Unknown,0.07760043523958943,0.4947330340068048,0.24835235995062924,0.44482033780978913,0.4538525459156135,0.26504585406206493,0.14561193122448132,0.07133410230190258,0.47245318135732933,0.2443067632151735,0.13265722267476338,0.09708431090328574,0.4836296407054544,0.12074348577408474,0.015242199445250201,2026-09-02T22:19:03Z
824068,664728,Kyle Isbel,KC,MIA,1,9,confirmed,Eury Pérez,Kauffman Stadium,2026-09-02T23:40:00Z,3.332989355442129,1689,1293,0.37679271562159355,-0.9667894740614429,Normal,0.06557042257032157,0.5000607008794373,0.2528559807335986,0.5808999872184872,0.5315336022041677,0.3290065778209487,0.19127237554756307,0.10048084639147144,0.470630044339735,0.24531846995935896,0.13401496877994754,0.09788088755510635,0.48841516133852764,0.12748083473676727,0.017536985038277497,2026-09-02T22:19:03Z
824068,691788,Joe Mack,MIA,KC,0,9,confirmed,Noah Cameron,Kauffman Stadium,2026-09-02T23:40:00Z,2.8747164044374034,273,1182,0.3155567785394709,-0.8088460253138493,Normal,0.08484506664086408,0.4717007377678153,0.1832207164228454,0.5379657551658775,0.5216246610723368,0.318428424710248,0.18240329197533195,0.09402238347877695,0.4589743711123854,0.23482389074914847,0.1267337284892466,0.09306366587130806,0.4616522659237611,0.10867645760804392,0.012746819599163498,2026-09-02T22:19:03Z
824147,665161,Jeremy Peña,HOU,CWS,1,1,confirmed,Davis Martin,Daikin Park,2026-09-03T00:10:00Z,4.489523891040365,2771,1622,0.627386001335976,-1.5707111276259043,Normal,0.12668140356712074,0.7146630126664352,0.28937860316641945,0.6548670242599869,0.7339298761601123,0.5392364618736422,0.3716142781145204,0.2374789875312513,0.6648454912589492,0.42389404939591263,0.2645443146298175,0.18778070125952065,0.689051999263554,0.3118415474995197,0.09035645529879544,2026-09-02T22:19:03Z
824147,803011,Sam Antonacci,CWS,HOU,0,1,confirmed,Hayden Wesneski,Daikin Park,2026-09-03T00:10:00Z,4.660083108039806,475,1060,0.6669451258693564,0.3472387643421097,Normal,0.12148715713218756,0.677106459449851,0.46004321890175676,0.5704754461693794,0.7056540390080918,0.5069619606055573,0.34213076294659583,0.21393081673415512,0.6383634616392924,0.39728077053941796,0.24414891819374948,0.1736035596480734,0.6541800760750318,0.2745384821588655,0.07342891758532029,2026-09-02T22:19:03Z
824147,670541,Yordan Alvarez,HOU,CWS,1,2,confirmed,Davis Martin,Daikin Park,2026-09-03T00:10:00Z,4.406593151954295,2492,1622,0.6665392762813074,-1.093276888057949,Normal,0.22138769491889762,0.7174435749246325,0.48178971254217845,0.5086596155899179,0.771562605499943,0.5857806934874145,0.4167169682629807,0.27534488452638917,0.7311398299232948,0.499109457950266,0.3269784397486687,0.232740707202836,0.6916392943204179,0.31378899141107996,0.09054906332892249,2026-09-02T22:19:03Z
824147,808959,Munetaka Murakami,CWS,HOU,0,2,confirmed,Hayden Wesneski,Daikin Park,2026-09-03T00:10:00Z,4.660083108039805,452,1060,0.7463856850383123,-0.9097464890092634,Normal,0.2811936140632475,0.6304936275291693,0.548142552889447,0.8610616910400186,0.7444855199083867,0.552864729242749,0.38539198198007135,0.24955776513346586,0.7179971011662953,0.4848099438959231,0.31577303832142495,0.22511325432886364,0.610745256586089,0.23117536803169067,0.05472035947199479,2026-09-02T22:19:03Z
824147,670623,Isaac Paredes,HOU,CWS,1,3,confirmed,Davis Martin,Daikin Park,2026-09-03T00:10:00Z,4.2453572494485075,2600,1622,0.4686225225193756,0.3641839145513145,Normal,0.12579687482740443,0.6356198194750335,0.4641846145311526,0.4654611257930979,0.6785952000166725,0.4744160690693083,0.3110177104609478,0.1879725851445047,0.6108480895960627,0.36763002201283024,0.22017838636192852,0.15644994481694344,0.615649288881425,0.23212414013809854,0.052957486360860104,2026-09-02T22:19:03Z
824147,678246,Miguel Vargas,CWS,HOU,0,3,confirmed,Hayden Wesneski,Daikin Park,2026-09-03T00:10:00Z,4.406923925490142,1762,1060,0.5482455455805394,1.095497468131301,Normal,0.1480614053483809,0.5905637156761473,0.4510320437104854,0.6649108833334633,0.6604945736703195,0.4562377573463477,0.2960442197046042,0.1771250499594599,0.6091551935388979,0.3672170969870659,0.22054635269180867,0.15692081942042224,0.5734069338481688,0.19679100087561088,0.04098219395638806,2026-09-02T22:19:03Z
824147,514888,Jose Altuve,HOU,CWS,1,4,confirmed,Davis Martin,Daikin Park,2026-09-03T00:10:00Z,4.245357249448507,2829,1622,0.49550727159579067,0.21582734002090626,Normal,0.11678140712178997,0.6882228032565211,0.31686568086141387,0.5506943574039169,0.721040975786291,0.5220869964157591,0.35397886735354045,0.22184967014917129,0.6383786568649892,0.394501063503375,0.2403697992452566,0.17037506271112104,0.6646011641279383,0.2810759715560647,0.07333171179838488,2026-09-02T22:19:03Z
824147,643217,Andrew Benintendi,CWS,HOU,0,4,confirmed,Hayden Wesneski,Daikin Park,2026-09-03T00:10:00Z,4.3065760598582665,2553,1060,0.4664986153667965,0.40586892383728496,Normal,0.13800025144405298,0.6514647814138383,0.3172212431020795,0.6050103319458074,0.6798307774531201,0.4763705807580447,0.3132080278724239,0.19002318291069106,0.6303915064746732,0.38736753424329545,0.23541971292684863,0.1671149228202065,0.6303947539677387,0.24725730562660084,0.05963879014832745,2026-09-02T22:19:03Z
824147,662139,Daulton Varsho,HOU,CWS,1,5,confirmed,Davis Martin,Daikin Park,2026-09-03T00:10:00Z,4.031619878336395,2427,1622,0.48900029748782364,-0.44794033595507404,Normal,0.1351985469170312,0.6208939052211675,0.3244648543424553,0.5648763254038304,0.6771292834031913,0.47154439065047954,0.307505479951119,0.18450755161309554,0.6202905334864214,0.3753897975803548,0.2251658409499853,0.1595982057061267,0.6019629955680312,0.21753370377375914,0.046222443815036075,2026-09-02T22:19:03Z
824147,695731,Braden Montgomery,CWS,HOU,0,5,confirmed,Hayden Wesneski,Daikin Park,2026-09-03T00:10:00Z,4.291761101196295,288,1060,0.5118784386076465,-0.06770741541452853,Normal,0.12037707456207127,0.6256966303542775,0.3963412656140294,0.6179439082389726,0.6583299189496052,0.453218136202683,0.2929197427165799,0.17437496603192018,0.6060883414745365,0.36351318573279545,0.21737987122748142,0.15461743969244024,0.606362718834871,0.22423590215519854,0.05037729259711171,2026-09-02T22:19:03Z
824147,666211,Taylor Trammell,HOU,CWS,1,6,confirmed,Davis Martin,Daikin Park,2026-09-03T00:10:00Z,3.6377600022235606,548,1622,0.4258515506247229,-1.3147449557764141,Normal,0.11811455985204108,0.550366805464595,0.3774578781750338,0.6695902567124349,0.604779525874528,0.3968441279189936,0.24426291941795997,0.1372879552103263,0.5539398575995798,0.31344993474880306,0.1799595325746943,0.1287407083908255,0.5358354745868739,0.1622789113149161,0.02751176869669146,2026-09-02T22:19:03Z
824147,695657,Colson Montgomery,CWS,HOU,0,6,confirmed,Hayden Wesneski,Daikin Park,2026-09-03T00:10:00Z,4.190482194686449,835,1060,0.5336013532112746,0.3520381356916531,Normal,0.2377463747344894,0.6059497373911982,0.3404810859372354,0.8305753897500344,0.7015788949312978,0.4997477409738367,0.33354980274349183,0.20555233583372082,0.6780627926805854,0.4362917497456012,0.2732984722452965,0.19348112462896022,0.5879154422001209,0.20711698874844,0.04364282414515226,2026-09-02T22:19:03Z
824147,701358,Cam Smith,HOU,CWS,1,7,confirmed,Davis Martin,Daikin Park,2026-09-03T00:10:00Z,3.637760002223561,983,1622,0.38615766683289077,-1.1377566650143403,Normal,0.09248316072055476,0.5646844259375138,0.28159514565674476,0.6261622431708487,0.6037536504707973,0.3958297040583486,0.24338602282105523,0.13660481183308687,0.5402948028819203,0.30185377666338803,0.17193545115842665,0.12331974627660904,0.5493281498332011,0.1721218966297163,0.030204777175628084,2026-09-02T22:19:03Z
824147,805367,Chase Meidroth,CWS,HOU,0,7,confirmed,Hayden Wesneski,Daikin Park,2026-09-03T00:10:00Z,4.124942583557125,1063,1060,0.4283616573412546,0.9006521703474116,Normal,0.09241748592963324,0.612047347458761,0.33035846898675836,0.6601044459103299,0.63786605432056,0.43138635685103655,0.2738773273677168,0.15972379871733294,0.5585727848074441,0.319535285271648,0.18524215305489775,0.13255602454503368,0.5936451586578944,0.21159476785121373,0.04499030350422077,2026-09-02T22:19:03Z
824147,664774,LaMonte Wade Jr.,HOU,CWS,1,8,confirmed,Davis Martin,Daikin Park,2026-09-03T00:10:00Z,3.553367935867708,1533,1622,0.41178078885492364,-0.7529002337822364,Normal,0.09423076356179301,0.5507079036628264,0.43468481198465764,0.5363058217894371,0.6025497942420458,0.3938921562339392,0.24139045516884788,0.13491674416756563,0.5228443732315624,0.28681010673158436,0.16151457910100706,0.11631770120867742,0.5362263231146981,0.16132688298764125,0.026758801646084202,2026-09-02T22:19:03Z
824147,671976,Tristan Peters,CWS,HOU,0,8,confirmed,Hayden Wesneski,Daikin Park,2026-09-03T00:10:00Z,3.53634689729939,430,1060,0.4348664387442336,1.6173690182088083,Normal,0.12381329038120106,0.5813423851702912,0.29665314120986247,0.5129507808267321,0.6329673086871191,0.4239974226181328,0.26610524392458496,0.15287922048975922,0.581713619893031,0.3375561351764941,0.19679486937420348,0.14011664944068228,0.5650268235660683,0.1839488302623913,0.03389837479853528,2026-09-02T22:19:03Z
824147,543877,Christian Vázquez,HOU,CWS,1,9,confirmed,Davis Martin,Daikin Park,2026-09-03T00:10:00Z,3.4227648150242427,1561,1622,0.3500179246859902,-1.2344168307183545,Normal,0.0740925454137376,0.551540717087579,0.2200314957569858,0.4943136210841615,0.5872563259032209,0.3786298266442997,0.2288389908653321,0.12580970392552415,0.5000098924495463,0.2679042016651419,0.14869783543824994,0.1077172855509572,0.5370983879452698,0.1604530747750742,0.02595397729106383,2026-09-02T22:19:03Z
824147,691011,Drew Romo,CWS,HOU,0,9,confirmed,Hayden Wesneski,Daikin Park,2026-09-03T00:10:00Z,3.4521344968040357,257,1060,0.3893442908206172,-0.005289761439166213,Normal,0.11479311784754562,0.5054340093557611,0.26554731256606456,0.6293767141014278,0.5624548556691232,0.35697638641078755,0.21278309441599397,0.11523645561582396,0.5158483406208119,0.2810609545588962,0.15769018580006067,0.11379149213370014,0.49340858701669427,0.13238813715222747,0.01938199177305852,2026-09-02T22:19:03Z
824312,664983,Jake McCarthy,COL,BAL,1,1,confirmed,Trevor Rogers,Coors Field,2026-09-02T19:10:00Z,4.308154124619266,1881,2121,0.5570225212377053,-0.2248022055708275,Normal,0.0917057160008902,0.674130777892584,0.2776994374448238,0.5739726322996347,0.6960679335390362,0.4950408713295864,0.3300490843686902,0.2034200452801851,0.6201200848784797,0.3777829036360809,0.2281157995783493,0.1618264768778433,0.6509266483751334,0.2693369687342323,0.0695215920031155,2026-09-02T18:31:36Z
824312,702616,Jackson Holliday,BAL,COL,0,1,confirmed,Tomoyuki Sugano,Coors Field,2026-09-02T19:10:00Z,4.6406449232016485,1168,1216,0.6242799394014128,-1.4451156757310493,Normal,0.1619005255162687,0.7015672858575464,0.3322487824448659,0.5555210758449174,0.7206920417348627,0.524752559101816,0.35858603961306,0.2273377079970832,0.6782847417209816,0.4397982226543803,0.2778803160866746,0.1972769531383574,0.6763118573853037,0.2994856060577551,0.0854955458697964,2026-09-02T18:31:36Z
824312,681393,Connor Norby,COL,BAL,1,2,confirmed,Trevor Rogers,Coors Field,2026-09-02T19:10:00Z,4.264126221099606,841,2121,0.5665277760862325,0.6514584985740856,Normal,0.1285903599263469,0.6632234790128669,0.3819103634322734,0.7100253500579968,0.6937912937784877,0.4918888904572777,0.3267637919477719,0.2005000966234229,0.6365502734359713,0.3935288194015054,0.2397823812054468,0.1698084061586018,0.6408334243643654,0.2579311357378169,0.0639578712131302,2026-09-02T18:31:36Z
824312,624413,Pete Alonso,BAL,COL,0,2,confirmed,Tomoyuki Sugano,Coors Field,2026-09-02T19:10:00Z,4.640644923201648,3351,1216,0.6809614447764648,-0.6721109768221513,Normal,0.2718677072903348,0.7258256136829669,0.3439459306899,0.6194289555347738,0.7722816268506018,0.5886051240697864,0.4208841475863523,0.2801407484074903,0.7619046129629824,0.540709674174414,0.3658210393906904,0.2625321576049211,0.6987526270064157,0.3256134974785221,0.0988354409085997,2026-09-02T18:31:36Z
824312,696100,Hunter Goodman,COL,BAL,1,3,confirmed,Trevor Rogers,Coors Field,2026-09-02T19:10:00Z,4.17150400231253,1373,2121,0.5934568078986385,0.3343684793280234,Normal,0.2621730894066208,0.681367293047391,0.3071271897969309,0.7365336094531382,0.7420416645972826,0.5476613353165078,0.3780279353243829,0.2415154057736461,0.7384599047054945,0.5073374662879555,0.3329400299430255,0.2361360527393686,0.6576903734917895,0.2742360412533565,0.0702371561772487,2026-09-02T18:31:36Z
824312,683002,Gunnar Henderson,BAL,COL,0,3,confirmed,Tomoyuki Sugano,Coors Field,2026-09-02T19:10:00Z,4.563297948275634,2743,1216,0.6652185572523759,1.508862979542663,Normal,0.2374335310444039,0.7167004274427771,0.3789641743143839,0.5309386751818169,0.7528038557126238,0.5631692666622929,0.3950580188731452,0.2575007416229528,0.7459035906506983,0.5193152770110493,0.345795424605819,0.2470390576975281,0.6903339319505725,0.314699623990585,0.0925582307988952,2026-09-02T18:31:36Z
824312,681198,TJ Rumfield,COL,BAL,1,4,confirmed,Trevor Rogers,Coors Field,2026-09-02T19:10:00Z,4.1571264459729935,548,2121,0.4485052957510378,1.128159114957242,Normal,0.0886605149635949,0.654928184806827,0.4530504687682551,0.5083463005174079,0.6783845441062157,0.4739152926458472,0.3100303454597014,0.1868993217871667,0.5967682846077266,0.3538397466088379,0.209464327479606,0.1487505932796201,0.6331777762366007,0.2485756550440572,0.0590052454249012,2026-09-02T18:31:36Z
824312,673357,Luis Robert Jr.,BAL,COL,0,4,confirmed,Tomoyuki Sugano,Coors Field,2026-09-02T19:10:00Z,4.386656578917608,2071,1216,0.5465029805990049,1.0796376588317218,Normal,0.1859476719983149,0.6949716923570434,0.2573850958718238,0.6458915082296066,0.7286416989470068,0.5326871799047493,0.3648786629635809,0.2315906653329577,0.6908546607723854,0.452163168737498,0.2869803046765736,0.2033446043264088,0.6702566634174805,0.2901056430417295,0.0792091076613531,2026-09-02T18:31:36Z
824312,694249,Cole Carrigg,COL,BAL,1,5,confirmed,Trevor Rogers,Coors Field,2026-09-02T19:10:00Z,4.098638252726688,276,2121,0.4685102608380438,-1.4605630599737909,Normal,0.0915011742461631,0.6256636610259916,0.3452439724100856,0.656506668947881,0.6584916742374521,0.4522992045684388,0.2909889909248858,0.1721728051874155,0.5890369201378837,0.346254964658556,0.2037249734369537,0.1447739059162002,0.6059565502922218,0.2221421357259536,0.0483246669624434,2026-09-02T18:31:36Z
824312,694212,Samuel Basallo,BAL,COL,0,5,confirmed,Tomoyuki Sugano,Coors Field,2026-09-02T19:10:00Z,4.090323716076816,470,1216,0.5425551778111677,-2.1089070062507496,Cold,0.2432258952489965,0.653476391741849,0.275503446848846,0.6066009538475081,0.7022874661729865,0.5006999810056966,0.3341318038122358,0.2058603951983627,0.7069778345064032,0.4691541929187434,0.2999978791448582,0.2121009982864307,0.6318126130716023,0.2476638126930687,0.0588723909877797,2026-09-02T18:31:36Z
824312,687597,Jordan Beck,COL,BAL,1,6,confirmed,Trevor Rogers,Coors Field,2026-09-02T19:10:00Z,3.866638112749809,916,2121,0.4082793830948196,-0.1505633491989577,Normal,0.105675167794016,0.6335036938187031,0.2783674794718659,0.6929648033843003,0.6412311670818545,0.4335475756716999,0.2744378357336448,0.1593277297097189,0.6006891843044593,0.35605705331972,0.2102601106947173,0.1490266918360173,0.6133185968555894,0.2272109793446042,0.0491587504054045,2026-09-02T18:31:36Z
824312,691723,Coby Mayo,BAL,COL,0,6,confirmed,Tomoyuki Sugano,Coors Field,2026-09-02T19:10:00Z,3.8708922418693104,706,1216,0.4805694315194209,0.8881224351300556,Normal,0.1715690234898126,0.622639246399587,0.2622633692801079,0.6918201920712881,0.6669286690950852,0.4610084412445843,0.2983293651020842,0.1776009709588701,0.6416146774062447,0.3968990136867728,0.2413077773178297,0.1704576910895218,0.6031438856874146,0.2192950271161087,0.0470755768219946,2026-09-02T18:31:36Z
824312,691182,Adael Amador,COL,BAL,1,7,confirmed,Trevor Rogers,Coors Field,2026-09-02T19:10:00Z,3.5911860875265145,181,2121,0.3459164989110747,0.0499009931570979,Normal,0.0753955252805273,0.5471192824210539,0.2968317886155681,0.5946020501588143,0.5564039697744279,0.3522556342655037,0.2092711886347775,0.1130011473623721,0.5094322637972563,0.2763459657249114,0.1544456274274523,0.1113923796715397,0.5324754449782602,0.1595913216004024,0.0265466980657857,2026-09-02T18:31:36Z
824312,687637,Dylan Beavers,BAL,COL,0,7,confirmed,Tomoyuki Sugano,Coors Field,2026-09-02T19:10:00Z,3.8155137837303834,415,1216,0.4952653897024034,0.5059939271360833,Normal,0.1526334173133766,0.6422071480120606,0.3499700103694294,0.5583748637869024,0.6596240997981703,0.4529028388008624,0.2911002185316499,0.1719627633364887,0.6414366914670151,0.3962699927516656,0.2405875067712774,0.1698886188935736,0.6214047218015425,0.2354831646755633,0.052808266821652,2026-09-02T18:31:36Z
824312,690022,Ryan Ritter,COL,BAL,1,8,confirmed,Trevor Rogers,Coors Field,2026-09-02T19:10:00Z,3.5466710019473875,226,2121,0.4107689334236247,-1.113207973768576,Normal,0.0880592461631611,0.6036020974043877,0.2676642711262814,0.633057030415166,0.6030469789714987,0.3944316833881823,0.2415878862030042,0.1350309997043698,0.5636120745739266,0.3208179860650079,0.1843822716688651,0.1314181039534764,0.5855494910151289,0.1998778988842277,0.0383226467514026,2026-09-02T18:31:36Z
824312,677942,Blaze Alexander,BAL,COL,0,8,confirmed,Tomoyuki Sugano,Coors Field,2026-09-02T19:10:00Z,3.704012484963086,711,1216,0.4354346728131616,1.3859661388972917,Normal,0.0969073303917319,0.6525037774753869,0.2547351764207065,0.5576726205750397,0.6556599290512667,0.448126686825801,0.2866167070247737,0.1683258342278959,0.6014933443103286,0.3566083667522147,0.2106384756886064,0.1493199648185983,0.6310248956114252,0.2436242124807587,0.0554143093075009,2026-09-02T18:31:36Z
824312,678662,Ezequiel Tovar,COL,BAL,1,9,confirmed,Trevor Rogers,Coors Field,2026-09-02T19:10:00Z,3.5466710019473875,2189,2121,0.4494139746795648,0.6510174446895555,Normal,0.1114600618492216,0.602481459847481,0.2273534754422465,0.5813265659299941,0.6497707156115928,0.4404708515636941,0.2790266402559421,0.1618831548866428,0.5882770289405415,0.3427666473456802,0.1997923389003643,0.1417484019537188,0.5844974936594827,0.1990081038277118,0.0379903528091458,2026-09-02T18:31:36Z
824312,681297,Colton Cowser,BAL,COL,0,9,confirmed,Tomoyuki Sugano,Coors Field,2026-09-02T19:10:00Z,3.517648847568291,1338,1216,0.5263518603118201,0.9448442388168764,Normal,0.1932780416873412,0.578836748817749,0.3048872366311091,0.6383307196755043,0.6573820480461136,0.4486316449173795,0.2862011865791051,0.1674517190724344,0.6296857024335081,0.3823663340977145,0.2289697959454227,0.1616244773308721,0.5623309096491939,0.1816734891859244,0.0330395596197529,2026-09-02T18:31:36Z
824390,680757,Steven Kwan,CLE,TOR,1,1,confirmed,Dylan Cease,Progressive Field,2026-09-02T22:40:00Z,4.558798488761961,3133,3625,0.6356302906188845,1.648969829244738,Normal,0.0772096407602452,0.6789674606311045,0.47176981670693313,0.4813987584290598,0.7014432504184765,0.5015246906821753,0.3366733871615684,0.20919505691774246,0.5994518430011785,0.3585815003570864,0.21445355098020577,0.15281856012032527,0.6559381797653261,0.27531368222902886,0.07312615182803417,2026-09-02T22:19:03Z
824390,703520,Brett Bateman,TOR,CLE,0,1,confirmed,Joey Cantillo,Progressive Field,2026-09-02T22:40:00Z,4.8530996987234065,92,1157,0.599718333464573,0.782751152782734,Normal,0.08755955647735866,0.6951268581458698,0.3838310106626885,0.7396439949917825,0.6967057661024357,0.4973741182441781,0.3338271693201293,0.2076352005619397,0.6279257560957249,0.38738213144687117,0.23687484583768825,0.16864740067770062,0.6709109632639088,0.2937421633421599,0.08331901291541971,2026-09-02T22:19:03Z
824390,800050,Chase DeLauter,CLE,TOR,1,2,confirmed,Dylan Cease,Progressive Field,2026-09-02T22:40:00Z,4.363666926897913,484,3625,0.5475531400422389,1.0075633317190211,Normal,0.10929006943092404,0.6690473333812299,0.4225874725012865,0.5757805806381051,0.7050137593683047,0.5045494798830754,0.33861112591498593,0.21010546472555708,0.6248918918251123,0.3820656619124418,0.23147232624283093,0.16440493019372704,0.6467543523825797,0.2639257485687445,0.06684475895036932,2026-09-02T22:19:03Z
824390,543807,George Springer,TOR,CLE,0,2,confirmed,Joey Cantillo,Progressive Field,2026-09-02T22:40:00Z,4.6442725473563495,2912,1157,0.5987467797200763,1.6948198337970088,Normal,0.137983919227573,0.6743345362085645,0.41186968373669286,0.6579930485844205,0.7241868467094627,0.5282884313999464,0.36182817223283165,0.22987145416158256,0.6439926310616246,0.4028091419498706,0.24835342247421108,0.17653591497000268,0.6516159673212599,0.27147693515945054,0.07186330464371257,2026-09-02T22:19:03Z
824390,608070,José Ramírez,CLE,TOR,1,3,confirmed,Dylan Cease,Progressive Field,2026-09-02T22:40:00Z,4.332919561966899,3182,3625,0.5262082715665957,0.4242926006607507,Normal,0.12611384191526578,0.6470637381684126,0.36839250504908355,0.508995953454245,0.7088660649065618,0.5085754855655197,0.34201080934880307,0.2126142778254358,0.6297468362648881,0.38649592534655175,0.23463665788198942,0.1665371880652242,0.6263066562638945,0.2429208065482083,0.05768538996867422,2026-09-02T22:19:03Z
824390,665489,Vladimir Guerrero Jr.,TOR,CLE,0,3,confirmed,Joey Cantillo,Progressive Field,2026-09-02T22:40:00Z,4.555632704832255,3290,1157,0.49536581592508655,-0.3711554759069483,Normal,0.10984899828546796,0.6777286646171108,0.3680351954030935,0.5774181948177097,0.7127717528033514,0.5144635706444014,0.3485522627038083,0.21875564928626615,0.6252090578738613,0.38342005187466544,0.23312225410379178,0.1657766278025559,0.6547909072777783,0.2740529836592004,0.07255964111686647,2026-09-02T22:19:03Z
824390,666176,Jo Adell,CLE,TOR,1,4,confirmed,Dylan Cease,Progressive Field,2026-09-02T22:40:00Z,4.0632314559248,1932,3625,0.37327884194798705,0.7227058964638943,Normal,0.11619120526876892,0.5691753465652313,0.2950575343826402,0.8176631475326949,0.6431487545272111,0.4362353389781208,0.2775270929408518,0.16210388298926992,0.5592100746065087,0.3195723184840434,0.18497088210298937,0.13228203241238984,0.5534370378372098,0.1777758401324909,0.033150658927899715,2026-09-02T22:19:03Z
824390,672386,Alejandro Kirk,TOR,CLE,0,4,confirmed,Joey Cantillo,Progressive Field,2026-09-02T22:40:00Z,4.250627297962707,2099,1157,0.3882584513045234,0.13778386344438098,Normal,0.10088761718411207,0.6487239073369669,0.37841498900487636,0.5105885748666797,0.6636597701295934,0.4588283177590304,0.29772971794049496,0.17800000834797292,0.5887134179236156,0.3472526343077864,0.20541330341735584,0.14638268237166208,0.6278489468498881,0.24442258256746074,0.05823952515338069,2026-09-02T22:19:03Z
824390,663993,Nathaniel Lowe,CLE,TOR,1,5,confirmed,Dylan Cease,Progressive Field,2026-09-02T22:40:00Z,4.0632314559248,2914,3625,0.42577350749375265,-0.8466598119237148,Normal,0.11569270955295163,0.6148625976667705,0.3631334038363042,0.6925371683844234,0.6643445427940257,0.45803058929499124,0.2959014734376424,0.17575851897092987,0.5873877801752597,0.3445130329863009,0.20260273423188307,0.14422301094139472,0.5963154988924327,0.21276093587001757,0.0446470760890629,2026-09-02T22:19:03Z
824390,672960,Kazuma Okamoto,TOR,CLE,0,5,confirmed,Joey Cantillo,Progressive Field,2026-09-02T22:40:00Z,4.250627297962707,546,1157,0.49314654594093005,1.2080007299493516,Normal,0.1507765842198563,0.609148937913452,0.36055511621190056,0.8220142727191471,0.6930806120525976,0.4905845607194311,0.32557387614861116,0.1994710764105125,0.6130100418204759,0.3699659943712006,0.2220746172918453,0.15781177321452228,0.5908894221045314,0.21022511354249762,0.04502634718180413,2026-09-02T22:19:03Z
824390,682657,Angel Martínez,CLE,TOR,1,6,confirmed,Dylan Cease,Progressive Field,2026-09-02T22:40:00Z,3.929114995284145,998,3625,0.3938354142953133,1.6392680684234642,Normal,0.10124433251882922,0.5853645510449652,0.2782310264919507,0.6735588864968448,0.6319167910646529,0.4241003798214918,0.26687054932144516,0.15386934108906575,0.5604772163196118,0.31988841533710627,0.1848040533701486,0.13208096740122638,0.5687119130565514,0.18855229519502045,0.035939182238187845,2026-09-02T22:19:03Z
824390,664770,Nathan Lukes,TOR,CLE,0,6,confirmed,Joey Cantillo,Progressive Field,2026-09-02T22:40:00Z,3.8992412335475892,930,1157,0.3824721618713929,0.9466894971317372,Normal,0.08266782274894806,0.5972365396737793,0.3005398428888239,0.5248421811544447,0.6302401428041513,0.42312532073249,0.266552904563322,0.15398477933418067,0.5468960558471475,0.3088899283715613,0.17748943685591898,0.127211947398593,0.5798032695057816,0.1987429143699563,0.039858353982503585,2026-09-02T22:19:03Z
824390,683953,Travis Bazzana,CLE,TOR,1,7,confirmed,Dylan Cease,Progressive Field,2026-09-02T22:40:00Z,3.929114995284145,434,3625,0.4210721294351412,-0.5505150978150207,Normal,0.08905479099879685,0.5800998385508661,0.4215340949733254,0.6439999943218334,0.6233040587415464,0.41553897979941223,0.25982117295648205,0.148735945901292,0.543591423523448,0.3054086969564477,0.17475744026911263,0.12530252725130808,0.5637690000353537,0.18455615481698223,0.0346379471653305,2026-09-02T22:19:03Z
824390,676391,Ernie Clement,TOR,CLE,0,7,confirmed,Joey Cantillo,Progressive Field,2026-09-02T22:40:00Z,3.8860184004674383,1810,1157,0.40571000190008566,-1.6293204701733637,Normal,0.07132387772791354,0.6243930501778623,0.22612074981689456,0.4543550302509043,0.6432541450165828,0.435984587600982,0.2770908354874005,0.16162882460511746,0.5579696117984893,0.31817513720999346,0.183854377680407,0.13150423581371243,0.6052403789700604,0.22039694542580351,0.04728363638072301,2026-09-02T22:19:03Z
824390,672275,Patrick Bailey,CLE,TOR,1,8,confirmed,Dylan Cease,Progressive Field,2026-09-02T22:40:00Z,3.5979212854788902,1543,3625,0.34169385425669885,0.9489941534251087,Normal,0.06648226252842274,0.5156543236279018,0.27503403533128434,0.7640610526620044,0.5599045391610905,0.3550524482839909,0.21147068654264317,0.1144136256125094,0.47275273122170286,0.24821099094841384,0.13635058476005069,0.09944150594938324,0.503065919557944,0.13897367747554223,0.021007852739602685,2026-09-02T22:19:03Z
824390,665926,Andrés Giménez,TOR,CLE,0,8,confirmed,Joey Cantillo,Progressive Field,2026-09-02T22:40:00Z,3.87143669369249,2617,1157,0.3872222550781705,0.4376152536823485,Normal,0.06727907152166275,0.5904786144532879,0.2788454845941677,0.5915445291530808,0.6204038500672809,0.41302294604190526,0.258043748634133,0.1476687257859508,0.5265360374941703,0.29158039003259134,0.16552439750294687,0.11913521370715809,0.5734977941312054,0.19293972980039897,0.03772269137839053,2026-09-02T22:19:03Z
824390,694197,Angel Genao,CLE,TOR,1,9,confirmed,Dylan Cease,Progressive Field,2026-09-02T22:40:00Z,3.5442720769150586,83,3625,0.4445679734896746,-0.36531354065458477,Normal,0.09503892469291182,0.5640797734070685,0.32131695977712804,0.47655534128864685,0.6267404844029745,0.4169107034442093,0.25964647898783566,0.14773937362383086,0.5361699146920713,0.2974189852410285,0.168532969527187,0.12101435727558967,0.5488555735607259,0.17012633913679073,0.02906456881324063,2026-09-02T22:19:03Z
824390,664702,Myles Straw,TOR,CLE,0,9,confirmed,Joey Cantillo,Progressive Field,2026-09-02T22:40:00Z,3.425360019916577,1693,1157,0.41987620202903464,0.8990242677664152,Normal,0.05233049900772461,0.529378305979963,0.27175720173760415,0.49386203174196697,0.5676568872696849,0.3614635834721152,0.2160997856659088,0.11742386040471495,0.4690850634837845,0.2451415122886232,0.13430078930965986,0.09809167175589449,0.5161121769123085,0.14689994849622445,0.022906837630947977,2026-09-02T22:19:03Z
824470,699302,Héctor Rodríguez,CIN,SD,1,1,confirmed,Casey Mize,Great American Ball Park,2026-09-02T16:40:00Z,4.352740141013206,77,1577,0.5943945010896714,0.011797298390106,Normal,0.1590779719868617,0.6721526308606173,0.3234674079140329,0.6365345328940404,0.7309185275931068,0.5353893741034793,0.3674808302990719,0.2337747207892974,0.6617395121500408,0.419978595857059,0.2608690351423887,0.1847578535091776,0.6493507406873694,0.2673923674593712,0.0687111723049968,2026-09-02T15:30:47Z
824470,665487,Fernando Tatis Jr.,SD,CIN,0,1,confirmed,Brandon Williamson,Great American Ball Park,2026-09-02T16:40:00Z,4.821230300579234,2370,679,0.7306024098910595,-0.5882459223032405,Normal,0.1945763010904801,0.7183204243164548,0.419072002825662,0.5779131417062571,0.7653910796305068,0.5802529028116642,0.4130825816912924,0.2739035797535598,0.7119644745570077,0.4785626528553897,0.3108402597690139,0.2215032686227175,0.6920997391524053,0.3184802251253762,0.0959238013332762,2026-09-02T15:30:47Z
824470,682829,Elly De La Cruz,CIN,SD,1,2,confirmed,Casey Mize,Great American Ball Park,2026-09-02T16:40:00Z,4.352740141013205,2365,1577,0.6448421938754341,1.2876638809141034,Normal,0.138586554802277,0.6927692298825281,0.3318252418567539,0.7324241108291003,0.7363085059780524,0.5419193584631823,0.3736370706215764,0.2387875497121775,0.6745852052637288,0.4337931322293286,0.2718566952149142,0.1924782379041749,0.6684664292141478,0.2878203783467423,0.0778424977585624,2026-09-02T15:30:47Z
824470,669392,Samad Taylor,SD,CIN,0,2,confirmed,Brandon Williamson,Great American Ball Park,2026-09-02T16:40:00Z,4.326051315469112,192,679,0.5870809466098221,1.406553535026595,Normal,0.1081727631733417,0.669211987728025,0.3964368400988103,0.7074996904286251,0.6859258043585714,0.483887567817768,0.3202483283032231,0.1959005109777724,0.6207449789479689,0.3783527727286317,0.2287131067371313,0.1623177801066742,0.6466057510440077,0.2649345484403062,0.0678372965696127,2026-09-02T15:30:47Z
824470,701398,Sal Stewart,CIN,SD,1,3,confirmed,Casey Mize,Great American Ball Park,2026-09-02T16:40:00Z,4.301273335131195,662,1577,0.567364032015699,0.9737251527940094,Normal,0.208908562599875,0.6949042517269441,0.2824932418233251,0.6298107060624349,0.7480199092730492,0.5554955949982369,0.3861269050049743,0.2487743975473184,0.7058630662692972,0.4682016950675906,0.2997202915742982,0.2122271054018139,0.6704808961044532,0.2887709477470361,0.0775688317702694,2026-09-02T15:30:47Z
824470,701538,Jackson Merrill,SD,CIN,0,3,confirmed,Brandon Williamson,Great American Ball Park,2026-09-02T16:40:00Z,4.326051315469112,1653,679,0.5468492483274778,-0.0478025482032403,Normal,0.1642323009540444,0.6790436671211726,0.2911432856412665,0.6560853352926802,0.7214054078992995,0.5243801903792881,0.3572307174418584,0.2254166003180682,0.6755254269627928,0.4351229363015917,0.2730853535238061,0.193396029182976,0.6557225418193443,0.2744749822626064,0.0719075353023056,2026-09-02T15:30:47Z
824470,668709,JJ Bleday,CIN,SD,1,4,confirmed,Casey Mize,Great American Ball Park,2026-09-02T16:40:00Z,4.098873294941718,1994,1577,0.4799094741717977,0.2180907353531541,Normal,0.1423704614447879,0.6024134574336715,0.4003923518353806,0.626327748773393,0.6588277490723414,0.452764409850031,0.2915350186032582,0.17270741986329,0.61512425585413,0.3707604127731478,0.2217977001466734,0.1571419734140725,0.584420516903296,0.2033071125881541,0.0416831322755007,2026-09-02T15:30:47Z
824470,664034,Ty France,SD,CIN,0,4,confirmed,Brandon Williamson,Great American Ball Park,2026-09-02T16:40:00Z,4.326051315469112,2724,679,0.4954659802403971,0.9916136187750424,Normal,0.1356137263350975,0.6697551362950092,0.4144166400844761,0.5585302797866339,0.6936984418757608,0.4919841373115349,0.3271201461957384,0.2010282754435229,0.6389693853440218,0.3959958951889116,0.2418989796235923,0.1713935099863503,0.6471388741825559,0.2645850008020011,0.0671637387001599,2026-09-02T15:30:47Z
824470,663886,Tyler Stephenson,CIN,SD,1,5,confirmed,Casey Mize,Great American Ball Park,2026-09-02T16:40:00Z,3.985343429330981,1954,1577,0.4626189700292556,-0.0313937548499924,Normal,0.1344445957257654,0.647654514800672,0.2974185151023319,0.7136766038308964,0.6815242012019528,0.4764024300893957,0.3115617361279765,0.1875899346376919,0.627875129522511,0.382557660356714,0.2302290783755973,0.1627769342036674,0.6266834759008847,0.2404999610613428,0.0547249000705068,2026-09-02T15:30:47Z
824470,593428,Xander Bogaerts,SD,CIN,0,5,confirmed,Brandon Williamson,Great American Ball Park,2026-09-02T16:40:00Z,4.301148506639956,2841,679,0.5273562702888801,-0.6147857656448675,Normal,0.1195741749204856,0.6527702689384118,0.4360071533318675,0.5269832308476591,0.6920362027578948,0.4898780157632754,0.3250482680469024,0.1992691421503597,0.6124725809722288,0.3695320038340378,0.2216821178505138,0.1573510631840673,0.6313606823518306,0.2482798664141031,0.060019785944559,2026-09-02T15:30:47Z
824470,667472,Dane Myers,CIN,SD,1,6,confirmed,Casey Mize,Great American Ball Park,2026-09-02T16:40:00Z,3.720631127045264,789,1577,0.3892915907572051,0.6751431668171748,Normal,0.0899394213524102,0.6217715664472373,0.2726156916967706,0.6111909576900485,0.63372836993913,0.4253637794706318,0.2673296751792993,0.1539358459776973,0.5668357208176739,0.3245339697005449,0.1875142273743315,0.1336234421626522,0.6026334466046769,0.2163403170621099,0.04474972531636,2026-09-02T15:30:47Z
824470,682877,Juan Brito,CIN,SD,1,7,confirmed,Casey Mize,Great American Ball Park,2026-09-02T16:40:00Z,3.720631127045264,60,1577,0.41601469347692,-1.6305545538882846,Normal,0.0955408823101531,0.6098564135444272,0.2557529663349319,0.6543512155193942,0.592376258127465,0.3853680002739064,0.2350874113737437,0.1309165682702326,0.5740235766927853,0.33084272295221,0.191897551875055,0.1365504405456887,0.5914979617524334,0.2065483819696685,0.0412593876744494,2026-09-02T15:30:47Z
824470,669720,Austin Hays,SD,CIN,0,7,confirmed,Brandon Williamson,Great American Ball Park,2026-09-02T16:40:00Z,3.981008562783739,1896,679,0.4949586664642521,-1.1761756289399306,Normal,0.1370423558624028,0.6425610000794336,0.2694301333999415,0.6275274912198504,0.6843459566296036,0.4799114563421592,0.3150232845762291,0.1905631154511182,0.6326945524685238,0.3878248668181615,0.2345376730800162,0.1658799426668902,0.6219260969983303,0.2367040281729666,0.0538176856793599,2026-09-02T15:30:47Z
824470,680574,Matt McLain,CIN,SD,1,8,confirmed,Casey Mize,Great American Ball Park,2026-09-02T16:40:00Z,3.720631127045264,1412,1577,0.4538288516005223,-0.7062326180387011,Normal,0.1122615410368073,0.5867837833341766,0.2843591262702716,0.6991795723744897,0.6432428080056878,0.4348705316131794,0.2751140206583744,0.1595428256111371,0.5692337060370852,0.3265421226696653,0.1888440076333214,0.1344913337161512,0.5698947533674203,0.1885068616474921,0.0353245347855963,2026-09-02T15:30:47Z
824470,669134,Luis Campusano,SD,CIN,0,8,confirmed,Brandon Williamson,Great American Ball Park,2026-09-02T16:40:00Z,3.7149048830746056,727,679,0.4893074592024402,-0.3574134221676942,Normal,0.123071156735105,0.6048390553223629,0.3737475408812444,0.4841814317427509,0.6607990850092206,0.4533571175216752,0.2910709011729566,0.1716927366151198,0.5855801472132551,0.3416086082868776,0.1998251724475932,0.1420185024045387,0.5867960455101154,0.2031395801493588,0.0406570385474531,2026-09-02T15:30:47Z
824470,695490,Edwin Arroyo,CIN,SD,1,9,confirmed,Casey Mize,Great American Ball Park,2026-09-02T16:40:00Z,3.392662364641479,154,1577,0.3912256815769389,-2.416830192025901,Cold,0.0751946214933699,0.5783127460630918,0.2118917961508869,0.5676909468774383,0.5842017475119677,0.375696214317815,0.2262850235807287,0.1240157522148267,0.5280318148939346,0.2895815724173169,0.1626709050720955,0.1168593440691973,0.5621332551529061,0.1788899456164103,0.0309721113346064,2026-09-02T15:30:47Z
824470,630105,Jake Cronenworth,SD,CIN,0,9,confirmed,Brandon Williamson,Great American Ball Park,2026-09-02T16:40:00Z,3.714904883074606,2725,679,0.4733067416463921,-1.5363219906990822,Normal,0.0849147070189018,0.5681344752380607,0.3878355422662061,0.5735257835688118,0.6255089535661424,0.4176318703539402,0.2613065787866373,0.1498197587562103,0.5352692220500419,0.2980134534857138,0.1694490808823845,0.1215471386961478,0.5523478818291351,0.1756221250575139,0.0318981050902469,2026-09-02T15:30:47Z
824634,691718,Pete Crow-Armstrong,CHC,MIL,1,1,confirmed,Jacob Misiorowski,Wrigley Field,2026-09-02T23:40:00Z,4.415685393743605,1700,844,0.6331305146570227,0.7222188999649051,Normal,0.2116057330319714,0.6037032411969024,0.3757213851779952,0.8715799008615606,0.7051752336433778,0.505264398235436,0.3396618274473343,0.21124167449015704,0.6645432781605466,0.42328759249487125,0.2638603564112324,0.18720352467078494,0.5857256102657723,0.20727260403950462,0.04472319831126181,2026-09-02T22:19:03Z
824634,694192,Jackson Chourio,MIL,CHC,0,1,confirmed,David Peterson,Wrigley Field,2026-09-02T23:40:00Z,4.746943335651498,1634,2740,0.7085995110458907,0.8902744013598262,Normal,0.1483196062847944,0.7321183799349262,0.3489893316395589,0.6757295443547037,0.7669641751600978,0.581635953056512,0.41418999101437914,0.2745381301177723,0.6989695508590463,0.46299640548428667,0.29749455717348794,0.21185724056710484,0.7051968065215934,0.3334453378861587,0.10338363468486773,2026-09-02T22:19:03Z
824634,673548,Seiya Suzuki,CHC,MIL,1,2,confirmed,Jacob Misiorowski,Wrigley Field,2026-09-02T23:40:00Z,4.414333363798337,2806,844,0.5480104411590843,1.683969700318679,Normal,0.13655465821020352,0.6369402551088738,0.4014678174169719,0.7934621689648412,0.7011334405500963,0.5003561729106542,0.33497177564387204,0.20734889043680704,0.6282279502040483,0.3855932362006808,0.2342967164159316,0.16642109844802125,0.6168332792200888,0.23482243350028004,0.05499111109431944,2026-09-02T22:19:03Z
824634,668930,Brice Turang,MIL,CHC,0,2,confirmed,David Peterson,Wrigley Field,2026-09-02T23:40:00Z,4.559721113702425,2314,2740,0.5462995427663054,-1.9546483812638196,Normal,0.09256530746142179,0.6553333002204647,0.35855714230439373,0.7892745244696433,0.6846400826667117,0.48291130809830685,0.3199776816314365,0.19603042539430163,0.5966642701800348,0.35608877620991264,0.2126683791213969,0.15159831437314905,0.633937958942609,0.2529215003148864,0.063344847868334,2026-09-02T22:19:03Z
824634,608324,Alex Bregman,CHC,MIL,1,3,confirmed,Jacob Misiorowski,Wrigley Field,2026-09-02T23:40:00Z,4.356568476446773,3139,844,0.5091710073931678,1.422482398720056,Normal,0.13206350028421324,0.6212505872380928,0.3861458860107592,0.6099430283730123,0.6853676182316194,0.48231427277814654,0.3184096649552125,0.19403487653519294,0.6086755978273513,0.3660850275249585,0.21935084803049854,0.1559950386071477,0.6022006924590629,0.220638360145068,0.04911895032215839,2026-09-02T22:19:03Z
824634,683734,Andrew Vaughn,MIL,CHC,0,3,confirmed,David Peterson,Wrigley Field,2026-09-02T23:40:00Z,4.4185468052640395,2535,2740,0.4814969218841713,0.5436238799599082,Normal,0.11011629252424027,0.6948780868040472,0.3946468306554711,0.5647924836565585,0.7061512100320296,0.5063183984875987,0.34060499276958633,0.2119925666463274,0.6432463436892627,0.4009882153103351,0.24629231572648613,0.17484124091931327,0.6707264349274793,0.29037058408437477,0.0794359868987968,2026-09-02T22:19:03Z
824634,683737,Michael Busch,CHC,MIL,1,4,confirmed,Jacob Misiorowski,Wrigley Field,2026-09-02T23:40:00Z,4.135028393799676,1861,844,0.440910329209772,-1.5942406327828367,Normal,0.13161183763759635,0.5530082340407169,0.4269721375679236,0.8305941959062058,0.6392997130986106,0.4325795536964425,0.27466027696646317,0.1601313702206983,0.5656470471833359,0.32545144599232456,0.18924357264356434,0.13521702076949016,0.5381910998075985,0.16667667144707443,0.029981709081726787,2026-09-02T22:19:03Z
824634,661388,William Contreras,MIL,CHC,0,4,confirmed,David Peterson,Wrigley Field,2026-09-02T23:40:00Z,4.418546805264039,2880,2740,0.557495443924637,1.3326202563868377,Normal,0.10951692344362474,0.6891731318085508,0.43346231472691377,0.5314214818016076,0.7197707110615285,0.5219267094332424,0.35492792383574473,0.2234933667537459,0.6362117098098139,0.39369852131438304,0.24058501031343119,0.1708352860607075,0.665442655257208,0.28430757639302917,0.0764628486118998,2026-09-02T22:19:03Z
824634,663538,Nico Hoerner,CHC,MIL,1,5,confirmed,Jacob Misiorowski,Wrigley Field,2026-09-02T23:40:00Z,4.135028393799675,3094,844,0.4296776244848255,0.35972232254524245,Normal,0.07085529300055465,0.6327998152446868,0.2705040376255528,0.5040810934908091,0.6549887665080683,0.4485168957734877,0.28799623251286516,0.16998800092871438,0.5598820729742401,0.320272156730428,0.18553844847172854,0.13269512060715527,0.6130635609232699,0.228319999028854,0.05067061974797767,2026-09-02T22:19:03Z
824634,641343,Jake Bauers,MIL,CHC,0,5,confirmed,David Peterson,Wrigley Field,2026-09-02T23:40:00Z,3.9449033039228127,1338,2740,0.4857964700326704,0.43455187824460006,Normal,0.1173755185152715,0.5778537023167961,0.4384816697077833,0.7935332160838586,0.6548925544667676,0.44859496164790374,0.2881613341118701,0.17016220949678448,0.5679310074445822,0.3274725913573905,0.19065419633737585,0.13615510354043464,0.5615788987504815,0.18452674385539694,0.03545335920646727,2026-09-02T22:19:03Z
824634,664023,Ian Happ,CHC,MIL,1,6,confirmed,Jacob Misiorowski,Wrigley Field,2026-09-02T23:40:00Z,4.065956287752337,3221,844,0.45394110683778355,1.3565263721039005,Normal,0.129127299412987,0.5417217363077828,0.434229937839237,0.8786790318549725,0.636912181317729,0.42963153344856836,0.2718303448826221,0.15778074312623058,0.5593751793071586,0.31945141209015027,0.1847715486421508,0.13213038538724298,0.5275781592002242,0.15826833471725477,0.027214802314078117,2026-09-02T22:19:03Z
824634,800325,Luis Lara,MIL,CHC,0,6,confirmed,David Peterson,Wrigley Field,2026-09-02T23:40:00Z,3.944903303922813,147,2740,0.45426309200867676,0.7784834770983817,Normal,0.0834602483796519,0.6375733701679324,0.3653332702663449,0.5600596629089085,0.6492334223274012,0.44247141145884894,0.28278716748740595,0.1660204429492939,0.5842949713201979,0.341882977551228,0.2008119989357792,0.1430315922252589,0.6175192613010976,0.23228557030938682,0.052019824702983164,2026-09-02T22:19:03Z
824634,807713,Matt Shaw,CHC,MIL,1,7,confirmed,Jacob Misiorowski,Wrigley Field,2026-09-02T23:40:00Z,3.6133551559857002,598,844,0.3797758358004359,0.28561494406538374,Normal,0.08886237763364012,0.5282960623639509,0.29999015450505734,0.6468775221374192,0.6005947974845075,0.3925608430437968,0.2406527005453342,0.13460242652925264,0.5141732233073931,0.2803086552321953,0.15736557225631567,0.11354765305870407,0.5150102540074394,0.14728562295924214,0.023256367857382488,2026-09-02T22:19:03Z
824634,596142,Gary Sánchez,MIL,CHC,0,7,confirmed,David Peterson,Wrigley Field,2026-09-02T23:40:00Z,3.8077044893803125,1364,2740,0.4595637008075535,-1.3742477007690361,Normal,0.13237094702718333,0.5645225032699632,0.44825837493027604,0.6298088459645979,0.6507919845581351,0.44344635697677787,0.2831868195942404,0.16602062724971328,0.5719360309667569,0.33017547844072737,0.19217100304842766,0.1371020168297924,0.5491007085274521,0.17361725647204615,0.03152188621224039,2026-09-02T22:19:03Z
824634,621438,Tyrone Taylor,CHC,MIL,1,8,confirmed,Jacob Misiorowski,Wrigley Field,2026-09-02T23:40:00Z,3.4451254435515057,1546,844,0.3740716858675213,2.879010618606663,Hot,0.08739137711300173,0.5276133885566875,0.2315275814518114,0.6489241412286112,0.5960290302544438,0.38722496065517026,0.23582069671313824,0.13082179386030493,0.5176217685645346,0.2821425884579504,0.15821955536933566,0.11409811760981675,0.5144510464224326,0.14549040083831422,0.02231595881353878,2026-09-02T22:19:03Z
824634,687401,Joey Ortiz,MIL,CHC,0,8,confirmed,David Peterson,Wrigley Field,2026-09-02T23:40:00Z,3.679287818750121,1405,2740,0.4317072977638778,0.6723521964002568,Normal,0.0793962913186142,0.5974152852995321,0.30484023474129324,0.48586737202936353,0.6285255165732364,0.4202551644812187,0.2634502642138055,0.15123004259059764,0.5497897427703484,0.3102891139620601,0.17799495332051946,0.1274851861087976,0.5800605535247045,0.19710821075575205,0.038502966494751635,2026-09-02T22:19:03Z
824634,665804,Miguel Amaya,CHC,MIL,1,9,confirmed,Jacob Misiorowski,Wrigley Field,2026-09-02T23:40:00Z,3.3345662865473797,847,844,0.35713834148634566,-1.7555027378885688,Normal,0.07409389546581523,0.4999411794314184,0.2803638068490581,0.6652661485480907,0.5663225888616997,0.35915046092172276,0.21362174425049973,0.11525922465659996,0.4702515938890877,0.24504906148391675,0.1338474028327204,0.09776844463400719,0.4883007530883409,0.12742475440210804,0.017528779147925836,2026-09-02T22:19:03Z
824634,806198,Cooper Pratt,MIL,CHC,0,9,confirmed,David Peterson,Wrigley Field,2026-09-02T23:40:00Z,3.607919782458074,191,2740,0.4696215011433598,-0.0026141629856796275,Normal,0.0830148181190636,0.5977490568749917,0.3516120024452544,0.5239786684793379,0.6363460461072092,0.42745545938460316,0.2690053694253428,0.15503036391010935,0.5476360451733824,0.3079453832921061,0.17617015683719764,0.1262365982172003,0.5804211404418291,0.1964989901932154,0.03793880474273081,2026-09-02T22:19:03Z
824717,701350,Roman Anthony,BOS,SEA,1,1,confirmed,Bryce Miller,Fenway Park,2026-09-02T20:10:00Z,4.5346382845289055,448,2012,0.6584981303071212,1.68683724864852,Normal,0.1160878670951841,0.6820653180081442,0.4949048639744263,0.7041656944537135,0.7197849626602651,0.5230089399551151,0.3564254036899594,0.2251704368681981,0.6429913912605905,0.401519025525376,0.2468617985629178,0.1751054887168893,0.6582700573349631,0.2784171215331925,0.0746641509148212,2026-09-02T18:31:36Z
824717,668227,Randy Arozarena,SEA,BOS,0,1,confirmed,Patrick Sandoval,Fenway Park,2026-09-02T20:10:00Z,4.768746218174762,3230,1851,0.7132740690333554,-0.1426787788740789,Normal,0.1377989072456101,0.6965325929638525,0.4985972512523265,0.6886672735427557,0.7458645509212566,0.5555343486255828,0.3884251230555998,0.2525400245700336,0.6666130332370899,0.4275057562263559,0.2681930978566142,0.190489675640151,0.6716449083370695,0.2949187779242879,0.0837993640642775,2026-09-02T18:31:36Z
824717,681508,Mickey Gasper,BOS,SEA,1,2,confirmed,Bryce Miller,Fenway Park,2026-09-02T20:10:00Z,4.0516490778637735,298,2012,0.5280898408957613,2.794618626134405,Hot,0.1290794052576128,0.6034591334971435,0.4177135030660397,0.5084478937965663,0.6570500954434597,0.4515286379429423,0.2908475391769208,0.1724299062558271,0.5926554984027931,0.3503314383472943,0.2070533331789551,0.1471309004191774,0.5851648443396098,0.2050215473174755,0.0427539205479232,2026-09-02T18:31:36Z
824717,686527,Dominic Canzone,SEA,BOS,0,2,confirmed,Patrick Sandoval,Fenway Park,2026-09-02T20:10:00Z,4.394597562727351,1069,1851,0.4795279759869315,-0.8751754187379198,Normal,0.108499352348302,0.6417185349062999,0.3211342620913508,0.6942079015947299,0.6930568587129805,0.4920001185040952,0.3276154796317622,0.2017539170755284,0.6065145298297474,0.3649770649276189,0.2187491599819153,0.1554503852320816,0.6207901867919671,0.2397670713609815,0.0574254909596055,2026-09-02T18:31:36Z
824717,678882,Ceddanne Rafaela,BOS,SEA,1,3,confirmed,Bryce Miller,Fenway Park,2026-09-02T20:10:00Z,4.0516490778637735,1815,2012,0.4330591940182376,-0.8890969219689183,Normal,0.0910861022720883,0.6402322515165805,0.1843978568803293,0.6468513857957567,0.6635060131254418,0.4582919446378233,0.2965389113284647,0.1766068612863919,0.5953694238343613,0.3527725545323234,0.2087055590093695,0.1481882063269969,0.6194711613794734,0.2357618845106598,0.0538545608560832,2026-09-02T18:31:36Z
824717,677594,Julio Rodríguez,SEA,BOS,0,3,confirmed,Patrick Sandoval,Fenway Park,2026-09-02T20:10:00Z,4.39459756272735,3157,1851,0.5327775042413658,-2.556576131443727,Cold,0.1308887213295543,0.6913748213386444,0.3251536510604647,0.6795135111648567,0.7256784673219332,0.5299879890461813,0.3628327989061243,0.2302285639356781,0.6492149979277728,0.4078513892200491,0.251629482897269,0.178328959733986,0.6668729296940765,0.2876244834693741,0.0785302329539183,2026-09-02T18:31:36Z
824717,677800,Wilyer Abreu,BOS,SEA,1,4,confirmed,Bryce Miller,Fenway Park,2026-09-02T20:10:00Z,4.051649077863774,1548,2012,0.5164185962067711,0.5850305917613066,Normal,0.1657707408132737,0.6335640946083723,0.3598075837647712,0.5817362306040487,0.6917507874214124,0.4882226056211193,0.3223735013499357,0.1961998650639121,0.6507205106380352,0.406512290298743,0.2488570300550681,0.1757283208521373,0.6133133779405958,0.2289331059483819,0.0508154661269174,2026-09-02T18:31:36Z
824717,647304,Josh Naylor,SEA,BOS,0,4,confirmed,Patrick Sandoval,Fenway Park,2026-09-02T20:10:00Z,4.39459756272735,2791,1851,0.4201693219979224,-0.4515824039447598,Normal,0.0850309978423265,0.6719811110893158,0.2928922757456613,0.5342293366034518,0.6929812320983735,0.4915502597861504,0.3269481012158444,0.201044373184234,0.6022688982331839,0.3605912965625749,0.2153220704413481,0.1530514171606538,0.6489478403973781,0.2672767733520372,0.0687991650130501,2026-09-02T18:31:36Z
824717,686765,Nick Sogard,BOS,SEA,1,5,confirmed,Bryce Miller,Fenway Park,2026-09-02T20:10:00Z,4.033828904674811,382,2012,0.4863404647409795,0.0216295791411679,Normal,0.0901523990549776,0.6373122705415691,0.3671463649709712,0.5849599700221103,0.6523667466161895,0.4456711100254707,0.2851479641741018,0.1676421179469753,0.5890182782840466,0.3459730955833183,0.2033649307995511,0.1444764806994111,0.6168244038107171,0.2317068283758097,0.0516062976284009,2026-09-02T18:31:36Z
824717,621493,Taylor Ward,SEA,BOS,0,5,confirmed,Patrick Sandoval,Fenway Park,2026-09-02T20:10:00Z,4.347032325468801,2887,1851,0.5234610364806439,-1.918998775696169,Normal,0.1027792954316152,0.6387921087936047,0.5217713355127404,0.6384746827383176,0.6914295891454943,0.4895050443909058,0.3248773404682378,0.1992424944981508,0.5957022209250666,0.3541092193785439,0.2103872527778108,0.149618919635729,0.6181062546216055,0.2361520622918288,0.0554227825575591,2026-09-02T18:31:36Z
824717,702332,Caleb Durbin,BOS,SEA,1,6,confirmed,Bryce Miller,Fenway Park,2026-09-02T20:10:00Z,3.94378025115991,1013,2012,0.4100372419523951,0.0460842038655612,Normal,0.0787485698567636,0.593528444322844,0.2937583495934111,0.4800556627140724,0.6330177900651803,0.4254969334428771,0.267925782460845,0.1546895069835659,0.5417614033468887,0.3039362583866283,0.1735515878519361,0.1242843393052939,0.5759697439401171,0.1950295347770036,0.0381799367786833,2026-09-02T18:31:36Z
824717,702284,Cole Young,SEA,BOS,0,6,confirmed,Patrick Sandoval,Fenway Park,2026-09-02T20:10:00Z,4.070828285019733,816,1851,0.382269186329549,-1.6794560535981822,Normal,0.0738297089885007,0.5892590605073642,0.3085098038900164,0.5574522787719675,0.6232680177627475,0.4169156564783141,0.2616424901567254,0.1506807366555321,0.5304406826685157,0.2955038547396647,0.168282370401576,0.1208372449753033,0.5718932705112741,0.193477982925607,0.0386296804457591,2026-09-02T18:31:36Z
824717,680776,Jarren Duran,BOS,SEA,1,7,confirmed,Bryce Miller,Fenway Park,2026-09-02T20:10:00Z,3.9437802511599114,2566,2012,0.4466476771340628,0.1388458000007783,Normal,0.1226925366387503,0.6196344850304406,0.2663441354509829,0.6428763363260813,0.6601045215536244,0.4532109614762997,0.2911883728564652,0.1718900236751098,0.6225900799924875,0.3772571408165395,0.226041549473722,0.1598317898689721,0.6003780047463528,0.2158577733194943,0.0452865909487012,2026-09-02T18:31:36Z
824717,642215,Weston Wilson,SEA,BOS,0,7,confirmed,Patrick Sandoval,Fenway Park,2026-09-02T20:10:00Z,3.676457636057239,384,1851,0.4438292247361527,-1.3805839697342015,Normal,0.0950760613499292,0.582061159118421,0.3712157675590413,0.7000571155713535,0.6350845160893298,0.4271288343788587,0.2690610471019753,0.1554029268322672,0.5509017534948396,0.3113412119528819,0.1785474528670826,0.1276539556279393,0.5652614269592562,0.1857697153525372,0.0350759100094323,2026-09-02T18:31:36Z
824717,596115,Trevor Story,BOS,SEA,1,8,confirmed,Bryce Miller,Fenway Park,2026-09-02T20:10:00Z,3.8502983419854178,1513,2012,0.4042097041742224,0.2182403556067979,Normal,0.0925745747227753,0.5959793239204151,0.2031379715170564,0.7536617240499935,0.6450816624350829,0.4372130251211903,0.2773569368893069,0.1613928676732083,0.5578904432866892,0.3172795954912328,0.1825778052959381,0.1303261211102165,0.5783006582871303,0.1962281954929977,0.038244786094554,2026-09-02T18:31:36Z
824717,641487,J.P. Crawford,SEA,BOS,0,8,confirmed,Patrick Sandoval,Fenway Park,2026-09-02T20:10:00Z,3.6764576360572394,2743,1851,0.3621187739607921,-1.1453403659895138,Normal,0.0581595561531782,0.5359719632546109,0.3817597283413332,0.5982495717820124,0.5794462665543473,0.3745052611325856,0.2271833253217447,0.1257800338316189,0.4771080833455603,0.2526826019014809,0.1394776322319437,0.1013714868334775,0.5218222652658476,0.154406838084243,0.0259272026529662,2026-09-02T18:31:36Z
824717,657136,Connor Wong,BOS,SEA,1,9,confirmed,Bryce Miller,Fenway Park,2026-09-02T20:10:00Z,3.4217298988495424,1355,2012,0.3686440756294907,-0.397623337035092,Normal,0.0647330274612693,0.5334773005589183,0.2221939123813086,0.6512224752921549,0.5836664980950445,0.3754971687760051,0.2262407626659576,0.1240368106088502,0.4893424336560097,0.2596098798731858,0.1430696794036809,0.1037698273961529,0.5197266736886862,0.1487310175665044,0.0229448646248606,2026-09-02T18:31:36Z
824717,640902,Jhonny Pereda,SEA,BOS,0,9,confirmed,Patrick Sandoval,Fenway Park,2026-09-02T20:10:00Z,3.2309797491120538,201,1851,0.3681272577139021,-0.2449425634372197,Normal,0.0639095668123129,0.5634503073830681,0.2613261285869687,0.5371908604548971,0.5824193965427902,0.3736242176432717,0.2244270723437393,0.1225933563341261,0.5029056702124417,0.2694380013357614,0.1492618447435335,0.1079323573203019,0.5480530016568105,0.1676719331475008,0.0277170364996201,2026-09-02T18:31:36Z
825037,663457,Lars Nootbaar,AZ,PHI,1,1,confirmed,Andrew Painter,Chase Field,2026-09-02T19:40:00Z,4.426729238484999,2096,433,0.6396173415998051,0.9856204601447842,Normal,0.1333477979512379,0.6684618935214938,0.4607005515720306,0.5727929588995515,0.7080543478960816,0.508966285286475,0.3430361054732495,0.2140261659850206,0.6451763867938214,0.4033161926235915,0.2479717123919535,0.1757613904940351,0.6456602635335795,0.2644290516197766,0.0678218852771305,2026-09-02T18:31:36Z
825037,656941,Kyle Schwarber,PHI,AZ,0,1,confirmed,Taylor Clarke,Chase Field,2026-09-02T19:40:00Z,4.839573580537576,3409,914,0.8016976190616503,0.0945427255529787,Normal,0.3260947294798408,0.6696947811730861,0.5174385878025156,0.7897575049758131,0.772314279873782,0.5894099402316433,0.4224203621273522,0.2821114056780509,0.7627942118558451,0.5428007734917989,0.3685633584097927,0.2651495801093015,0.6467420006004787,0.2684171209481877,0.0715360677091724,2026-09-02T18:31:36Z
825037,682998,Corbin Carroll,AZ,PHI,1,2,confirmed,Andrew Painter,Chase Field,2026-09-02T19:40:00Z,4.426729238484999,2681,433,0.7541996296313149,-0.6946108724762649,Normal,0.1638763837832305,0.686164963356019,0.4418738674277404,0.5944330482234507,0.7508121353292342,0.5599263584636197,0.3911908375364138,0.2536349332964921,0.7025512734389869,0.4657071653019812,0.2983759430905454,0.2116026199955316,0.6620942076399413,0.2813973309928108,0.0752720310062643,2026-09-02T18:31:36Z
825037,607208,Trea Turner,PHI,AZ,0,2,confirmed,Taylor Clarke,Chase Field,2026-09-02T19:40:00Z,4.730032191593496,3183,914,0.6117157848067013,0.1614701009885942,Normal,0.119192870151172,0.7118236212975068,0.2501173360176433,0.6498356336792266,0.7422374023298088,0.550819067539919,0.3836585304083414,0.2483784371465936,0.660594124952281,0.420820244583545,0.2626915204483319,0.1865282860072438,0.6858110523270153,0.310745183869545,0.0915428102134424,2026-09-02T18:31:36Z
825037,672515,Gabriel Moreno,AZ,PHI,1,3,confirmed,Andrew Painter,Chase Field,2026-09-02T19:40:00Z,4.142399341940399,1571,433,0.493697338542296,0.001338791284617,Normal,0.0965145091464152,0.6757864761115565,0.3776941768543073,0.5220875616715939,0.689875170846544,0.4867405570725187,0.3215293831114138,0.1959141747904255,0.6160351713341892,0.3723860271468602,0.2232626748886779,0.1582156042785155,0.652521053914303,0.2685971435916248,0.067610498457159,2026-09-02T18:31:36Z
825037,547180,Bryce Harper,PHI,AZ,0,3,confirmed,Taylor Clarke,Chase Field,2026-09-02T19:40:00Z,4.56986358405835,2779,914,0.6727173532963795,2.3529571079729097,Hot,0.1984837689290632,0.7119597968420465,0.5130313592288195,0.5944317721651712,0.7600826679229169,0.5724014486435905,0.4042158390155126,0.2653639392341996,0.7179195765628757,0.4847255059301364,0.3152782043264843,0.2243079917843086,0.6859516404163731,0.3096016484131023,0.0899948963920987,2026-09-02T18:31:36Z
825037,672695,Geraldo Perdomo,AZ,PHI,1,4,confirmed,Andrew Painter,Chase Field,2026-09-02T19:40:00Z,4.137293165606338,2691,433,0.5009484595276628,1.0316687842803134,Normal,0.0808124749023837,0.6253057838209497,0.4492560319547998,0.4818454281644708,0.661193150117588,0.4554652641886187,0.2939408722651487,0.1745726562204509,0.5696957451937518,0.3290930388649715,0.1916014396684815,0.1365878179115686,0.6056021964577074,0.2223633823578922,0.0487116015439607,2026-09-02T18:31:36Z
825037,650333,Luis Arraez,PHI,AZ,0,4,confirmed,Taylor Clarke,Chase Field,2026-09-02T19:40:00Z,4.4638849829768406,3142,914,0.4905421272152448,-0.1736758211725056,Normal,0.0906430084150004,0.7795231463896185,0.2261329344186126,0.320066778520033,0.7481579688604864,0.5568126576168182,0.3883580736918253,0.2514303615782305,0.6861313747080332,0.4472529344822388,0.2832240796097295,0.2007971082610677,0.7482404813587642,0.3887078931508659,0.1337381473678435,2026-09-02T18:31:36Z
825037,571448,Nolan Arenado,AZ,PHI,1,5,confirmed,Andrew Painter,Chase Field,2026-09-02T19:40:00Z,4.10576839351695,2815,433,0.475943826406214,-0.5048005740560919,Normal,0.1417661518519209,0.6421669004891059,0.3190113106401733,0.5469424049446047,0.6955867901272346,0.4924726750020369,0.3261919293840525,0.1992178782500132,0.6269246446825416,0.3824125821829898,0.2304463219377603,0.1630454832049033,0.6213307772309596,0.2364516701536881,0.0537758849758465,2026-09-02T18:31:36Z
825037,681082,Bryson Stott,PHI,AZ,0,5,confirmed,Taylor Clarke,Chase Field,2026-09-02T19:40:00Z,4.211169258153444,2769,914,0.5148288096199758,-0.7621317666375089,Normal,0.1083766635941976,0.6733808322209769,0.3486243381210412,0.490979951242457,0.6967536571375903,0.4948704879788997,0.3292153592854738,0.2022676638073055,0.6256346674186706,0.3822788348287717,0.2310259614476145,0.1636920417679335,0.6502797595069025,0.2670809194411174,0.0676073667845464,2026-09-02T18:31:36Z
825037,694374,Tim Tawa,AZ,PHI,1,6,confirmed,Andrew Painter,Chase Field,2026-09-02T19:40:00Z,3.729578496603773,498,433,0.4111503949729651,-0.4948981516922623,Normal,0.1086750520398288,0.57635090617917,0.2976266254864253,0.6588250973895757,0.6306876813108181,0.4225383581865459,0.2650419517163553,0.1522666761759193,0.5558796405278216,0.3153614763494831,0.1811304968450717,0.129310113868986,0.559908425296268,0.1811506174374609,0.0332451189923549,2026-09-02T18:31:36Z
825037,669016,Brandon Marsh,PHI,AZ,0,6,confirmed,Taylor Clarke,Chase Field,2026-09-02T19:40:00Z,3.949531361062805,2352,914,0.4542464633557759,-0.920658968281752,Normal,0.120264320535335,0.6600708279701376,0.2616665575366697,0.6451786171002186,0.6843982904727484,0.4800910093864187,0.315171096390502,0.1906312122797253,0.6286034873313275,0.3840828063876946,0.2317003099004379,0.1638947768190526,0.6379707011806525,0.2526680433122047,0.0602212889367978,2026-09-02T18:31:36Z
825037,543510,James McCann,AZ,PHI,1,7,confirmed,Andrew Painter,Chase Field,2026-09-02T19:40:00Z,3.6676426267124698,926,433,0.3976892525769369,1.593046069484724,Normal,0.099560757599908,0.5921991387554866,0.2552707708351047,0.6208549685856302,0.6314188598487754,0.4228172937824952,0.2649844091452802,0.1520342533088056,0.5585799074998072,0.3172734914849119,0.1822719139454023,0.1300484869544628,0.5748043912643036,0.1923616433272027,0.0364701338088748,2026-09-02T18:31:36Z
825037,702222,Justin Crawford,PHI,AZ,0,7,confirmed,Taylor Clarke,Chase Field,2026-09-02T19:40:00Z,3.79831741339347,405,914,0.4071094860059169,0.6108591184482564,Normal,0.0775290546761065,0.6442000568620295,0.2442987211338355,0.4548595056186054,0.6380577837737428,0.4306022386147758,0.2722363896241873,0.1579200928050656,0.5816162654203115,0.338796221312193,0.198034930835784,0.1408349926825129,0.6232716442321393,0.2370354734477416,0.0533417655812519,2026-09-02T18:31:36Z
825037,545121,Ildemaro Vargas,AZ,PHI,1,8,confirmed,Andrew Painter,Chase Field,2026-09-02T19:40:00Z,3.549706001718784,1378,433,0.3991854791264829,-1.318201877075116,Normal,0.085883100648077,0.6284270582018506,0.2210811655600776,0.3469188453466305,0.6352627975623254,0.4258653342268476,0.2669877300170091,0.1531543660963582,0.5769790464045323,0.3326720359852836,0.1926968968485737,0.1369934992614435,0.608714751269787,0.2201533763753789,0.0451866471661682,2026-09-02T18:31:36Z
825037,592663,J.T. Realmuto,PHI,AZ,0,8,confirmed,Taylor Clarke,Chase Field,2026-09-02T19:40:00Z,3.7983174133934696,2461,914,0.4170559130392741,0.3007646775206016,Normal,0.0991437041797506,0.5953515744752165,0.24183208090019,0.5989691774158947,0.6443112702274073,0.4370472717093626,0.2776490805471295,0.1619151226665907,0.5656942153160842,0.3246717991034252,0.1880320817527845,0.1340644336731111,0.577669028864851,0.1966672418188688,0.0388718061815639,2026-09-02T18:31:36Z
825037,691783,Jordan Lawlar,AZ,PHI,1,9,confirmed,Andrew Painter,Chase Field,2026-09-02T19:40:00Z,3.201141871658679,190,433,0.4005296120020821,0.8252840575872032,Normal,0.0766801738332342,0.5237639427628867,0.2883679441040562,0.6697798038980548,0.5779190386571218,0.3686879226186565,0.2200579320269952,0.1192092131753645,0.4925179031728776,0.2606763337586845,0.1432271273388459,0.1038610219035892,0.5106894079346591,0.1404276594451468,0.0200722561313569,2026-09-02T18:31:36Z
825037,650559,Bryan De La Cruz,PHI,AZ,0,9,confirmed,Taylor Clarke,Chase Field,2026-09-02T19:40:00Z,3.730135192562208,1706,914,0.3773304601952427,0.8589116839908036,Normal,0.0990562621253509,0.5910047057062879,0.1847353712388486,0.6895229409582443,0.6337605803758604,0.4258174871580308,0.2679843982136494,0.1546301842194913,0.5561579155376927,0.315866768519029,0.1816954881715463,0.1297850014561841,0.5736473744230421,0.1925389671509504,0.0372662276610402,2026-09-02T18:31:36Z
