game_pk,player_id,name,team,opponent,is_home,lineup_slot,lineup_status,opposing_pitcher,venue_name,start_time_utc,expected_pa,batter_pa_seen,pitcher_pa_seen,exp_runs,starter_share,form_z,form_state,prob_hr,prob_hit,prob_walk,prob_k,prob_hrr_over_0.5,prob_hrr_over_1.5,prob_hrr_over_2.5,prob_hrr_over_3.5,prob_tb_over_0.5,prob_tb_over_1.5,prob_tb_over_2.5,prob_tb_over_3.5,prob_hits_over_0.5,prob_hits_over_1.5,prob_hits_over_2.5,predicted_at_utc
822682,695578,James Wood,WSH,LAA,1,1,confirmed,Grayson Rodriguez,Nationals Park,2026-09-13T17:35:00Z,4.429179740026894,1600,1376,0.7228616976679859,0.658411762971543,-0.281008294120086,Normal,0.19225289812132287,0.671043416328115,0.5348551333486273,0.7711113941443221,0.7322801850955447,0.5379025058338199,0.3707367493273434,0.2368966638196666,0.644850751338404,0.43025126798364255,0.28860557585083785,0.2257605649420835,0.6478339875976379,0.26674932551445485,0.06877553727797142,2026-09-13T16:36:24Z
822682,687263,Zach Neto,LAA,WSH,0,1,confirmed,Riley Cornelio,Nationals Park,2026-09-13T17:35:00Z,4.604358571107616,2124,116,0.622454610009891,0.6468787112175423,0.8260245840307177,Normal,0.13978671002939785,0.6727894172863225,0.3905988770773442,0.8026229253075056,0.7117595358018913,0.514766368874839,0.3498973936594375,0.22051802779155896,0.6464061052047336,0.4177146922132915,0.25861709289387536,0.18421332523701095,0.6494137242019953,0.2702566887023605,0.0716302479522488,2026-09-13T16:36:24Z
822682,694673,Abimelec Ortiz,WSH,LAA,1,2,confirmed,Grayson Rodriguez,Nationals Park,2026-09-13T17:35:00Z,4.3208860759493675,116,1376,0.5513570654710422,0.651063863518973,-1.347974810583101,Normal,0.15376357616098393,0.6616101639822506,0.31280250860213266,0.696050348882819,0.694439924828386,0.4933187259377687,0.32886944831911274,0.20254975457728883,0.6362203160422868,0.4009467608176617,0.25327727790597215,0.1876608367801873,0.6391094869565959,0.2566901010087221,0.06365144661000922,2026-09-13T16:36:24Z
822682,545361,Mike Trout,LAA,WSH,0,2,confirmed,Riley Cornelio,Nationals Park,2026-09-13T17:35:00Z,4.527442254714981,2117,116,0.6355278897815445,0.6357809501521181,-0.14365828107017692,Normal,0.1675032857298783,0.6506777373944221,0.5324613179649786,0.7894813612802593,0.7206826088237047,0.5246739160291258,0.35873334658636025,0.22741257635257872,0.6261021000876555,0.3994382410176814,0.2591706509762931,0.19836942595581936,0.6288995222680974,0.24858695045181547,0.0615913857847387,2026-09-13T16:36:24Z
822682,665953,Andrés Chaparro,WSH,LAA,1,3,confirmed,Grayson Rodriguez,Nationals Park,2026-09-13T17:35:00Z,4.219538037719856,402,1376,0.4768567263686158,0.6391874211655405,0.4091308291107741,Normal,0.13017499008419775,0.6387887244549822,0.3476059409793344,0.6992293379086425,0.6777685332390356,0.47429885874970523,0.31144543778271666,0.1885627793119534,0.6152612896092886,0.3865519402661291,0.232165600741264,0.16580771340415565,0.6179350158432791,0.23493964914546475,0.054130102168059406,2026-09-13T16:36:24Z
822682,685133,Wade Meckler,LAA,WSH,0,3,confirmed,Riley Cornelio,Nationals Park,2026-09-13T17:35:00Z,4.403471634208298,342,116,0.5360679116352585,0.6299225666171153,0.8908780423457459,Normal,0.0836989430226734,0.6678973721122733,0.4748191132731648,0.6127222796538646,0.6865728044765024,0.4854590526538542,0.32248723209012986,0.19803093738874947,0.6419479743822268,0.37643268211700914,0.20580751526040658,0.12668634875380452,0.6449034514193447,0.26412075836633564,0.06784373561911224,2026-09-13T16:36:24Z
822682,682928,CJ Abrams,WSH,LAA,1,4,confirmed,Grayson Rodriguez,Nationals Park,2026-09-13T17:35:00Z,4.143540669856459,2762,1376,0.5030925947932912,0.6192350666825168,-1.8181241020218466,Normal,0.13574395139692982,0.6503969338093935,0.34646599433457137,0.6850612054905134,0.6908618251645399,0.4879501829205479,0.32300660376554885,0.19714976311943075,0.6259951204614357,0.3925262895420956,0.24485186852574797,0.17498360122801832,0.6287683333758081,0.24414649523567125,0.057071166669567734,2026-09-13T16:36:24Z
822682,687093,Vaughn Grissom,LAA,WSH,0,4,confirmed,Riley Cornelio,Nationals Park,2026-09-13T17:35:00Z,4.336109750122489,764,116,0.4492679262700018,0.6113242937853108,-0.716102808451226,Normal,0.09157004997465465,0.6498522282888148,0.3489125457155289,0.6488647861672803,0.6714349498271538,0.46818049789546706,0.3066386258717495,0.1852843929200178,0.6254107991326274,0.365154393662759,0.201833511013896,0.1291817788731101,0.6281909998398549,0.24601750951465445,0.0593926192161866,2026-09-13T16:36:24Z
822682,691002,Yohandy Morales,WSH,LAA,1,5,confirmed,Grayson Rodriguez,Nationals Park,2026-09-13T17:35:00Z,4.029266879165459,23,1376,0.44388064885027806,0.5975432433741307,-0.6417505639597704,Normal,0.12280071344506259,0.6399003592132205,0.27930780331796556,0.7247490174783123,0.679173499757166,0.47477311445173453,0.3110559508645954,0.1876485440034216,0.6163517303572881,0.3730304638253719,0.2219626762244593,0.1560782958550361,0.6190263133682903,0.23422163608312577,0.052768315099458646,2026-09-13T16:36:24Z
822682,694208,Moisés Ballesteros,LAA,WSH,0,5,confirmed,Riley Cornelio,Nationals Park,2026-09-13T17:35:00Z,4.202721859937624,370,116,0.4513220624031375,0.5944865308071139,-0.005658659119888092,Normal,0.10374547296832963,0.6156210817219128,0.4009208581982585,0.6281512019347665,0.6612012390759404,0.4567947153561174,0.29636827681810585,0.17713173884235608,0.5938600022733335,0.34127154816095556,0.19463248550193174,0.13312658214150835,0.5963313228630456,0.2155425795589669,0.0470083160090956,2026-09-13T16:36:24Z
822682,695734,Daylen Lile,WSH,LAA,1,6,confirmed,Grayson Rodriguez,Nationals Park,2026-09-13T17:35:00Z,3.87957181088314,961,1376,0.4693841433719802,0.5944877101333657,-0.6308573958254075,Normal,0.1261012091927733,0.640333477106804,0.2929879205532249,0.5683199551823288,0.6730321006213686,0.467659297452881,0.3044614287358403,0.18229637768702403,0.6167790142086905,0.3794952874745454,0.2390461274708954,0.16755224181680936,0.6194534433276124,0.23380593148564258,0.0520707796462754,2026-09-13T16:36:24Z
822682,694203,Denzer Guzman,LAA,WSH,0,6,confirmed,Riley Cornelio,Nationals Park,2026-09-13T17:35:00Z,4.05248950209958,291,116,0.41957995144345156,0.5907100197559825,-0.28563537513789933,Normal,0.10479277057664617,0.6174771300252779,0.285906541022849,0.7572855701024479,0.6521593864998174,0.4471899025812579,0.287974190266071,0.17063459323881405,0.5955789795918713,0.34404715998999436,0.19558720836623875,0.13394771701133945,0.5980655155451675,0.216788587810422,0.04718659035490337,2026-09-13T16:36:24Z
822682,660688,Keibert Ruiz,WSH,LAA,1,7,confirmed,Grayson Rodriguez,Nationals Park,2026-09-13T17:35:00Z,3.7509375,2076,1376,0.35876587400115834,0.5794350776733005,1.876963048062025,Normal,0.08048790680856965,0.6324553659828109,0.2179620020069915,0.41354268264779986,0.6328431451886769,0.4254956551421816,0.2683805213337208,0.15511854931789248,0.6095662535518319,0.3453240385415357,0.1801799453069501,0.11193684443324917,0.6121639331014649,0.22611855798250077,0.04877052061996682,2026-09-13T16:36:24Z
822682,666139,Josh Lowe,LAA,WSH,0,7,confirmed,Riley Cornelio,Nationals Park,2026-09-13T17:35:00Z,3.921186981493299,1825,116,0.44646658301059666,0.5751790531870279,-0.8592177784716624,Normal,0.10498413014699368,0.5838706894173,0.3756504407253419,0.6904442145101808,0.634619382485228,0.42884650575678085,0.27225278971346906,0.15874375997832058,0.5644693504081646,0.33036555363987774,0.18941961116845243,0.13243503476587848,0.5666699015133,0.18954043301220694,0.03742807465274475,2026-09-13T16:36:24Z
822682,677588,José Tena,WSH,LAA,1,8,confirmed,Grayson Rodriguez,Nationals Park,2026-09-13T17:35:00Z,3.6027681660899655,649,1376,0.43402807846647984,0.5763595465538799,-1.4953157686137626,Normal,0.08578474812480574,0.5898061576144837,0.3422288782137625,0.6686082940952817,0.6215052438185417,0.41341806719818164,0.2579525962774239,0.1472135374503848,0.5701944137836061,0.3207455256817342,0.17466967075155765,0.11427279889971219,0.5724171038652391,0.19040019171772804,0.03593526998394016,2026-09-13T16:36:24Z
822682,642350,Jose Siri,LAA,WSH,0,8,confirmed,Riley Cornelio,Nationals Park,2026-09-13T17:35:00Z,3.7563797209935355,1383,116,0.4620646925975288,0.5729739409141583,-1.0288698901434434,Normal,0.1204627356388725,0.5501456040466146,0.2922965483007114,0.8275185994186365,0.6296857594176669,0.4234000976806336,0.2674261858267113,0.15499476018951006,0.5330970800690095,0.311518062213507,0.1868877319213456,0.14042445734145656,0.5350289683905286,0.16454681543075392,0.029365625413578077,2026-09-13T16:36:24Z
822682,696285,Jacob Young,WSH,LAA,1,9,confirmed,Grayson Rodriguez,Nationals Park,2026-09-13T17:35:00Z,3.4405196914332112,1446,1376,0.41490308068968473,0.5814198745308563,-0.053649754621339606,Normal,0.058916187203782666,0.5706596541602883,0.2758779325108511,0.5131860792427378,0.5946222688089923,0.3866782443744608,0.23593698414212824,0.13117671212745347,0.5524943611998023,0.28493485449571165,0.13960331450412825,0.08291970375125378,0.5545515877128238,0.1746997198972845,0.030389061777858384,2026-09-13T16:36:24Z
822682,695681,Christian Moore,LAA,WSH,0,9,confirmed,Riley Cornelio,Nationals Park,2026-09-13T17:35:00Z,3.612366737739872,284,116,0.41831588169359835,0.5728185755927464,0.23990995707519575,Normal,0.09079401285773847,0.5536344446853063,0.3306582314571357,0.7653926755885548,0.6050371443722153,0.3984642646241348,0.24657495385929135,0.13956221952375877,0.5364374943908362,0.2944203104347068,0.16387848426377707,0.11295349865641251,0.5383858491741395,0.16573077210073187,0.02922472757563183,2026-09-13T16:36:24Z
822764,703520,Brett Bateman,TOR,BAL,1,1,confirmed,Trevor Rogers,Rogers Centre,2026-09-13T17:37:00Z,4.429179740026894,139,2170,0.5505396845896332,0.677261360415719,1.0558154226619194,Normal,0.07714091895194694,0.6814874898397446,0.3525819104795366,0.6568516952135062,0.6954891591733231,0.49514568178354357,0.33103722620316256,0.2046682204409019,0.6544307042417645,0.3880201611564631,0.21324820506475975,0.12753081888614448,0.6575140746896717,0.2769557804656384,0.0733721319843702,2026-09-13T16:36:24Z
822764,687637,Dylan Beavers,BAL,TOR,0,1,confirmed,Dylan Cease,Rogers Centre,2026-09-13T17:37:00Z,4.604358571107616,451,3659,0.5853165442342907,0.6670733545413854,-0.5888967015113433,Normal,0.12161164975694438,0.6418475835120476,0.4362904083229411,0.8104528058176689,0.6829280899476209,0.48225624828613595,0.3202771488922843,0.1967997453249941,0.6179372053546854,0.38087255149176763,0.2273891653192115,0.15909663920111208,0.6206585773745602,0.2413891459388235,0.059071045684379576,2026-09-13T16:36:24Z
822764,543807,George Springer,TOR,BAL,1,2,confirmed,Trevor Rogers,Rogers Centre,2026-09-13T17:37:00Z,4.3208860759493675,2941,2170,0.5662160007116723,0.6710343609975942,0.9393156552469007,Normal,0.13787222251781575,0.6883196031103321,0.3530421513054849,0.534145868700972,0.7146893209544598,0.5164197442891378,0.34998590110232186,0.21944049021315556,0.6607155666641629,0.41080013476783017,0.25247806332623673,0.17812133396906657,0.6638609084069643,0.28264217598697233,0.07515082868392886,2026-09-13T16:36:24Z
822764,624413,Pete Alonso,BAL,TOR,0,2,confirmed,Dylan Cease,Rogers Centre,2026-09-13T17:37:00Z,4.527442254714981,3394,3659,0.5724795851694666,0.6547897745123943,-0.23210158331431685,Normal,0.19173568275793057,0.6341666108247831,0.4116016889555254,0.8117428227792399,0.711084996943237,0.5134785596017527,0.34829479268050706,0.21889790743901585,0.6108829601128126,0.396566708552554,0.2656349393752661,0.21455924529066528,0.6135313415286077,0.23381654278522093,0.055506032095672744,2026-09-13T16:36:24Z
822764,665489,Vladimir Guerrero Jr.,TOR,BAL,1,3,confirmed,Trevor Rogers,Rogers Centre,2026-09-13T17:37:00Z,4.219538037719856,3333,2170,0.48625213826747943,0.6633274484054726,-0.7374274921091473,Normal,0.11480642251493886,0.696889920949185,0.3237883268015961,0.4489606058363141,0.7082895820399856,0.5083503317480375,0.34202326897603963,0.2126277012142622,0.6685855918267773,0.4132871149783765,0.23924516333012769,0.15811548865336847,0.6718107500099587,0.2902154393886684,0.07786975627796638,2026-09-13T16:36:24Z
822764,683002,Gunnar Henderson,BAL,TOR,0,3,confirmed,Dylan Cease,Rogers Centre,2026-09-13T17:37:00Z,4.403471634208298,2779,3659,0.5458956749882125,0.6532337621729051,0.19754729355194037,Normal,0.13835099112735494,0.6324579560897373,0.4303683280655275,0.6952606811289778,0.6924911825491329,0.4920323575970636,0.3283948514606434,0.20269737000406815,0.609322677071367,0.38247989622279016,0.2431989113619718,0.1764609643623071,0.6119533523830223,0.2317819353829617,0.05430090033491473,2026-09-13T16:36:24Z
822764,672960,Kazuma Okamoto,TOR,BAL,1,4,confirmed,Trevor Rogers,Rogers Centre,2026-09-13T17:37:00Z,4.143540669856459,584,2170,0.513845846077204,0.6466358231901415,1.0522039336323725,Normal,0.17800864260983318,0.6514531857549631,0.3415750093675773,0.7046461660475529,0.7061012734892924,0.5051060857002901,0.3384782956175299,0.20935066776556735,0.626966626678441,0.4006128470798387,0.2617827994753493,0.20445738060688515,0.6297495844753981,0.24510246179671308,0.05745411782489213,2026-09-13T16:36:24Z
822764,691723,Coby Mayo,BAL,TOR,0,4,confirmed,Dylan Cease,Rogers Centre,2026-09-13T17:37:00Z,4.336109750122489,742,3659,0.45733448070157645,0.6387803202552905,0.6208109688721416,Normal,0.14962929158649718,0.5919435650718616,0.32396160485603287,0.8924277557583398,0.6654417997444056,0.4617801546146174,0.30105731689960535,0.1809928301349486,0.5718853429146268,0.34833153935297295,0.22219457746716303,0.17209689584194873,0.5741621201206133,0.19731988498974937,0.040932169354678485,2026-09-13T16:36:24Z
822764,807727,Charles McAdoo,TOR,BAL,1,5,confirmed,Trevor Rogers,Rogers Centre,2026-09-13T17:37:00Z,4.029266879165459,88,2170,0.45005326989467026,0.6279664597768951,-0.2178995579837006,Normal,0.1140406833834576,0.6527012468813382,0.29893690424274066,0.6140676644561466,0.6747427586112923,0.46998079788973657,0.30686039081220146,0.18442423354432774,0.6281318053078256,0.37414627778505194,0.21798999069802572,0.14881889953845762,0.630923615956488,0.24564826886419244,0.057246433694315174,2026-09-13T16:36:24Z
822764,694212,Samuel Basallo,BAL,TOR,0,5,confirmed,Dylan Cease,Rogers Centre,2026-09-13T17:37:00Z,4.202721859937624,494,3659,0.4565296758177901,0.6271518598632206,-0.669409179949043,Normal,0.1510835829267435,0.5921324410989756,0.34989901075789553,0.7794424131269042,0.6577672563241145,0.45318707245547535,0.2932633461101253,0.17477336116275535,0.5720976416125679,0.3450067565900695,0.21960946865884062,0.17146769965136732,0.5743712316826673,0.1967345309328759,0.040326080679288875,2026-09-13T16:36:24Z
822764,676391,Ernie Clement,TOR,BAL,1,6,confirmed,Trevor Rogers,Rogers Centre,2026-09-13T17:37:00Z,3.87957181088314,1846,2170,0.4254937605536557,0.6251636080640721,-0.6171371266298301,Normal,0.08054989356808809,0.6657873809402843,0.20916821558979906,0.356664985318091,0.6603697043835979,0.45422113699445954,0.29286969487604037,0.17350833497359702,0.6401739564884181,0.3729631777637262,0.2014367802670012,0.12226237702197612,0.6430848109460043,0.256905848271028,0.06121686945429321,2026-09-13T16:36:24Z
822764,687952,Christian Encarnacion-Strand,BAL,TOR,0,6,confirmed,Dylan Cease,Rogers Centre,2026-09-13T17:37:00Z,4.05248950209958,672,3659,0.39371785631053907,0.625315796209151,0.2736966037612763,Normal,0.11944021574245041,0.5896317319292413,0.25513451702640466,0.8358599712765534,0.6397206465595915,0.4344193799353605,0.2771685861455136,0.1625508264993593,0.5697822231921196,0.32808847134049746,0.19260091605703974,0.14119697298829115,0.5720342204271484,0.19451894927753086,0.039323085416640445,2026-09-13T16:36:24Z
822764,665926,Andrés Giménez,TOR,BAL,1,7,confirmed,Trevor Rogers,Rogers Centre,2026-09-13T17:37:00Z,3.7509375,2649,2170,0.34954207471292315,0.6092610729813809,1.1429910109435737,Normal,0.06120814495315276,0.5952072665348378,0.24767083851266017,0.5490215383919529,0.6057752499959146,0.39903682260659556,0.2468648934164616,0.13961579791876544,0.575122648193156,0.304165660975443,0.1520842273451135,0.0895842685069653,0.5773997553258667,0.19581957593358765,0.03823151166546298,2026-09-13T16:36:24Z
822764,702616,Jackson Holliday,BAL,TOR,0,7,confirmed,Dylan Cease,Rogers Centre,2026-09-13T17:37:00Z,3.921186981493299,1203,3659,0.3952913362624517,0.6098797675414054,-1.616758500620301,Normal,0.09331059008704867,0.5682346689276385,0.3156600981443801,0.6917948242378481,0.6063023910942272,0.40101019822904105,0.2494337111769257,0.14213889072035532,0.5499232226939118,0.29739478357612703,0.16686464722488772,0.115421406217964,0.5519993327026201,0.1779663110583304,0.03369719492906676,2026-09-13T16:36:24Z
822764,678218,Brandon Valenzuela,TOR,BAL,1,8,confirmed,Trevor Rogers,Rogers Centre,2026-09-13T17:37:00Z,3.6027681660899655,252,2170,0.3777348529091858,0.6050410267722395,-1.1738926204067497,Normal,0.07522376439896727,0.5544051397472087,0.3073176956053749,0.6774723550244213,0.603042768108881,0.3956263517658674,0.24365726908248495,0.137030634858745,0.5372413488489384,0.2867017969977079,0.14835969065386898,0.09678086228608686,0.5391852361021909,0.1648572222713552,0.028261346753586294,2026-09-13T16:36:24Z
822764,665750,Leody Taveras,BAL,TOR,0,8,confirmed,Dylan Cease,Rogers Centre,2026-09-13T17:37:00Z,3.7563797209935355,2058,3659,0.40395067091026443,0.606460133876707,-2.0342576949277555,Cold,0.08759870749675036,0.5602221565480658,0.27724799104004033,0.7199244537422003,0.5999486740276805,0.3944802461274077,0.2439212696786114,0.138027083038651,0.5425014203685454,0.29685019445219984,0.1658293019112943,0.11208188954170781,0.5445099223871828,0.17156736115416898,0.03146927421670178,2026-09-13T16:36:24Z
822764,664702,Myles Straw,TOR,BAL,1,9,confirmed,Trevor Rogers,Rogers Centre,2026-09-13T17:37:00Z,3.4405196914332112,1713,2170,0.4337605213834835,0.6085534604254872,1.0616832502013738,Normal,0.059748493969396924,0.5741883629761559,0.2618940518290741,0.4019386153769621,0.5977764544637685,0.3896311546596162,0.23825572869291683,0.13279309141173085,0.5557789524874734,0.28981841784131745,0.1433347471622813,0.08509685300861537,0.5578639559222534,0.1772295288165394,0.031126978862095034,2026-09-13T16:36:24Z
822764,681297,Colton Cowser,BAL,TOR,0,9,confirmed,Dylan Cease,Rogers Centre,2026-09-13T17:37:00Z,3.612366737739872,1355,3659,0.4607666119435072,0.603569386877567,-0.8545157304475026,Normal,0.12147044866709612,0.5199986699559466,0.3638913661762988,0.8212815614637957,0.6118143744263721,0.40496889214603393,0.2518013040592688,0.14329264774458403,0.5049551770853704,0.28543360590931693,0.17290837488137378,0.13526201490962342,0.5066585029689806,0.14359229560416717,0.023075875493309448,2026-09-13T16:36:24Z
822928,650490,Yandy Díaz,TB,HOU,1,1,confirmed,Hayden Wesneski,Tropicana Field,2026-09-13T17:40:00Z,4.429179740026894,3067,1105,0.5332674982478364,0.6705660448009504,-1.1453954218834228,Normal,0.12763744831340165,0.6917492266708697,0.31765190595663567,0.5587780993795912,0.7048151397447525,0.5057029951178856,0.34065191509848397,0.2123458317023551,0.6638306480766775,0.40915195563465,0.24319409560435218,0.16716978374654792,0.6670140922450075,0.2872682061945136,0.07816389255863565,2026-09-13T16:36:24Z
822928,665161,Jeremy Peña,HOU,TB,0,1,confirmed,Freddy Peralta,Tropicana Field,2026-09-13T17:40:00Z,4.604358571107616,2813,3112,0.5901738471804523,0.6505394675293206,-1.834908960964496,Normal,0.12297579649817064,0.6654942737495767,0.28601967096852016,0.7952590707562486,0.7007121856075254,0.5021060026601117,0.3382270442201572,0.2110804567041173,0.6397044110940437,0.38816938930120404,0.23198641577388665,0.16088308817230632,0.6426431904835538,0.26323454132634383,0.06846930940100697,2026-09-13T16:36:24Z
822928,666018,Jonathan Aranda,TB,HOU,1,2,confirmed,Hayden Wesneski,Tropicana Field,2026-09-13T17:40:00Z,4.3208860759493675,1380,1105,0.544545470129643,0.6642057774901016,0.2852393571001237,Normal,0.1382330659554199,0.661960761651843,0.37648110753141933,0.6596098875953015,0.6935423687617616,0.4923148816151797,0.32796495478805676,0.20183502606771542,0.6365424363762241,0.3884284667949231,0.23555259045831284,0.16986739356027578,0.6394348942139422,0.25701878291588487,0.06379129540630904,2026-09-13T16:36:24Z
822928,670541,Yordan Alvarez,HOU,TB,0,2,confirmed,Freddy Peralta,Tropicana Field,2026-09-13T17:40:00Z,4.527442254714981,2527,3112,0.6127545616156352,0.639473736959804,-1.9130516103493562,Normal,0.20508424722375884,0.6752648215029102,0.44218420021612226,0.6298160561566789,0.7367159290490104,0.5438466091503502,0.3769387445362324,0.2424935997245776,0.648702245692568,0.4328439574681929,0.29492970558975545,0.23511486411344384,0.651729665970701,0.27182451510623706,0.0717698213386105,2026-09-13T16:36:24Z
822928,691406,Junior Caminero,TB,HOU,1,3,confirmed,Hayden Wesneski,Tropicana Field,2026-09-13T17:40:00Z,4.219538037719856,1513,1105,0.518743647904941,0.6549834906717479,0.12079960806655972,Normal,0.2193217331796834,0.6366768259181953,0.2878500289680953,0.6279602246565066,0.7116676807944704,0.5122402568557868,0.34559610725037404,0.21549309578570713,0.6133145824480021,0.399683026868368,0.28116911511264864,0.23634971428040052,0.6159693280553258,0.23308918740838352,0.053407017476608774,2026-09-13T16:36:24Z
822928,670623,Isaac Paredes,HOU,TB,0,3,confirmed,Freddy Peralta,Tropicana Field,2026-09-13T17:40:00Z,4.403471634208298,2634,3112,0.4734679464993096,0.63445627272545,-0.5009518560848961,Normal,0.1437712950604979,0.6101632499203736,0.4515309239493283,0.6046263651226977,0.6742784525440797,0.47202581580174674,0.3105559238855957,0.18870033196997374,0.588714825104893,0.35727993186795803,0.22082220993468984,0.16763053554586266,0.5911515966118919,0.2129528191948695,0.04706808038665417,2026-09-13T16:36:24Z
822928,683748,Victor Mesa Jr.,TB,HOU,1,4,confirmed,Hayden Wesneski,Tropicana Field,2026-09-13T17:40:00Z,4.143540669856459,256,1105,0.5171682467979164,0.6369798911144952,2.5700558841100896,Hot,0.19669432359282119,0.6254658620771408,0.33752608423336655,0.5477869635515625,0.6981070193395718,0.496045238185356,0.33026744241350187,0.2028495368103664,0.6030194639156182,0.38470431455795284,0.26554620965795916,0.21715260129038336,0.6055681912263076,0.22235665803679516,0.048672441377482153,2026-09-13T16:36:24Z
822928,514888,Jose Altuve,HOU,TB,0,4,confirmed,Freddy Peralta,Tropicana Field,2026-09-13T17:40:00Z,4.336109750122489,2867,3112,0.46931714643545874,0.6165639604476438,0.6002743937266499,Normal,0.12356445731043486,0.6508478842710713,0.3172992750891579,0.6727455102202252,0.6956643886936265,0.4947649094481421,0.33027682567891553,0.2037643464306271,0.6263271809077728,0.3766019101426111,0.22221554555283762,0.15601937865357965,0.6291165201639924,0.24692268253358543,0.0597658361248294,2026-09-13T16:36:24Z
822928,802415,Chandler Simpson,TB,HOU,1,5,confirmed,Hayden Wesneski,Tropicana Field,2026-09-13T17:40:00Z,4.029266879165459,1009,1105,0.4185747840684225,0.6169747948527473,0.5431918650061593,Normal,0.06545227523057097,0.6850624166045431,0.2183759829107736,0.3496539230289479,0.6736431528420717,0.46879737430520063,0.3058279959333145,0.18363319700666678,0.657811563411412,0.36579262868757534,0.19118328277587252,0.10904855485261404,0.6609122376656918,0.27636993727287656,0.07015772546439585,2026-09-13T16:36:24Z
822928,673237,Yainer Diaz,HOU,TB,0,5,confirmed,Freddy Peralta,Tropicana Field,2026-09-13T17:40:00Z,4.202721859937624,1881,3112,0.4383306402103235,0.6004823311821005,1.6683290090889826,Normal,0.13226057085780532,0.6656916913626091,0.207045886735399,0.6229713244732982,0.6992779948940749,0.4983061712157213,0.3330619254214667,0.20564560623575476,0.6399999637283207,0.38941972057779445,0.23411820852892493,0.1659810036211635,0.6429234365264582,0.25983066268328897,0.06460263964443964,2026-09-13T16:36:24Z
822928,676356,Jonny DeLuca,TB,HOU,1,6,confirmed,Hayden Wesneski,Tropicana Field,2026-09-13T17:40:00Z,3.87957181088314,786,1105,0.35801813246591924,0.6138774284557319,0.48182953252999833,Normal,0.08992937353924793,0.5986359620736195,0.2125067860633872,0.6266728630434141,0.6256031314473368,0.418806813401114,0.263188525511236,0.15154634449647184,0.5782544588509463,0.3267456708919019,0.18293477544424866,0.12055663960674277,0.5805658166233653,0.19925057421101822,0.03970434808906475,2026-09-13T16:36:24Z
822928,662139,Daulton Varsho,HOU,TB,0,6,confirmed,Freddy Peralta,Tropicana Field,2026-09-13T17:40:00Z,4.05248950209958,2463,3112,0.431341227879846,0.5968663087541187,-0.8662103216477932,Normal,0.12456992678829198,0.5707914026590145,0.30300181334298903,0.6748389890407346,0.6444402982011888,0.4392332676953876,0.28122273668418235,0.16557158429242894,0.5522667545949567,0.33160195016488625,0.2041560852195951,0.15050355507653054,0.5543673866072839,0.1803762327487213,0.034668388677849465,2026-09-13T16:36:24Z
822928,680700,Richie Palacios,TB,HOU,1,7,confirmed,Hayden Wesneski,Tropicana Field,2026-09-13T17:40:00Z,3.7509375,954,1105,0.4335224374782872,0.5982016180840631,0.4220467589929916,Normal,0.10565459190894162,0.5637071135874451,0.3867157527919882,0.48585556375529354,0.618481412526445,0.4113111072237701,0.2567626267138473,0.14669587908979673,0.5458367787321274,0.3013418949407786,0.17282825236188815,0.12493721232985822,0.5478614325728637,0.17249504411428257,0.03092448466969724,2026-09-13T16:36:24Z
822928,572233,Christian Walker,HOU,TB,0,7,confirmed,Freddy Peralta,Tropicana Field,2026-09-13T17:40:00Z,3.921186981493299,3107,3112,0.41970798645944524,0.5812111863868273,-0.5122729896182667,Normal,0.1483543929137601,0.5636128285201352,0.2972080482051725,0.6947947558566763,0.6408506935292161,0.43514811410207266,0.277523103605774,0.1626453025273481,0.5456169686858976,0.33079278916711985,0.20875165251327468,0.16574905814536936,0.5476570731363034,0.17463870009507906,0.032656923508919064,2026-09-13T16:36:24Z
822928,663611,Nick Madrigal,TB,HOU,1,8,confirmed,Hayden Wesneski,Tropicana Field,2026-09-13T17:40:00Z,3.6027681660899655,672,1105,0.3518434809657212,0.5944483486205827,-0.1782009977066844,Normal,0.05558596160610424,0.5591694961801092,0.2546533519024051,0.4016097708783666,0.5766344090460405,0.37106996874794845,0.22441276616180977,0.12361459794376238,0.5416869391829869,0.2731567539343644,0.13016141151561617,0.07697665456166557,0.5436670996405377,0.16815100393059204,0.029204655531216667,2026-09-13T16:36:24Z
822928,701358,Cam Smith,HOU,TB,0,8,confirmed,Freddy Peralta,Tropicana Field,2026-09-13T17:40:00Z,3.7563797209935355,1014,3112,0.40027221362005877,0.5787655205253589,-0.7042870761618953,Normal,0.10894275521135953,0.5389220545442492,0.2758578188867301,0.7607934879240801,0.5994549828638277,0.39401164906729674,0.24354696180714905,0.13776093388521624,0.5226054362850281,0.2945409335918029,0.17651136881446672,0.12932353440868402,0.524453961083126,0.15695397064513608,0.027162496545280336,2026-09-13T16:36:24Z
822928,663743,Nick Fortes,TB,HOU,1,9,confirmed,Hayden Wesneski,Tropicana Field,2026-09-13T17:40:00Z,3.4405196914332112,1437,1105,0.3632337769606791,0.598655917400664,-0.17350085083942052,Normal,0.07256001643728087,0.5281756942241833,0.2234704421996872,0.48704940954957615,0.574149614124094,0.36786353378258174,0.2213511652594923,0.12112119015538216,0.5128045031167454,0.2608428570718336,0.13222337348042948,0.08851920446099802,0.5145441399117548,0.14612040180252933,0.022603528033401748,2026-09-13T16:36:24Z
822928,666211,Taylor Trammell,HOU,TB,0,9,confirmed,Freddy Peralta,Tropicana Field,2026-09-13T17:40:00Z,3.612366737739872,577,3112,0.42269174949944704,0.5781876841908173,-0.8282702428423193,Normal,0.1000955574635176,0.5051165832532338,0.3537939776062875,0.7506408558313777,0.5887376262997722,0.3831036971565793,0.23439070357295289,0.13096185028054544,0.49097496054502254,0.2763525442251132,0.15746416873691702,0.11662031553413686,0.492575788420312,0.13444676844434,0.020719794984448217,2026-09-13T16:36:24Z
823008,663494,Bryan Torres,STL,CWS,1,1,confirmed,David Sandlin,Busch Stadium,2026-09-13T18:15:00Z,4.429179740026894,165,106,0.6196375474191451,0.6573040399765948,0.4163179531273347,Normal,0.14277639039442994,0.6890141727695793,0.3974747479909765,0.5647570980446577,0.7155665252502558,0.5181053505332123,0.3521023786592728,0.22159571847987586,0.66132650120908,0.4120799213586377,0.258040546480847,0.18409892348293003,0.6644831109704835,0.2844915930429262,0.07685905574495483,2026-09-13T16:36:24Z
823008,803011,Sam Antonacci,CWS,STL,0,1,confirmed,Michael McGreevy,Busch Stadium,2026-09-13T18:15:00Z,4.604358571107616,512,1121,0.6731976265632607,0.648396228796588,0.9334769434144039,Normal,0.0982757727545523,0.7047219743470381,0.4535481574303995,0.47003211962730196,0.7232371781166004,0.528201787317862,0.3624757481028518,0.2308248328874168,0.6756697320772097,0.42113741120750003,0.24611408588493908,0.1560077343297384,0.6789882771160961,0.30266474324623305,0.08711430896737805,2026-09-13T16:36:24Z
823008,671056,Iván Herrera,STL,CWS,1,2,confirmed,David Sandlin,Busch Stadium,2026-09-13T18:15:00Z,4.3208860759493675,1443,106,0.5586013032441047,0.6498261148579532,0.2158352292036476,Normal,0.09907294340698825,0.6372014951582867,0.49013759644158317,0.616503783495424,0.6827846246005399,0.48041069464344505,0.31732059561077336,0.1934779552216149,0.6137547401051374,0.34864779542231794,0.19403414092520163,0.12916748721452062,0.6164200257853687,0.23455209321725887,0.054569661780154,2026-09-13T16:36:24Z
823008,691019,Kyle Teel,CWS,STL,0,2,confirmed,Michael McGreevy,Busch Stadium,2026-09-13T18:15:00Z,4.527442254714981,390,1121,0.5961999653025858,0.637324083426083,-1.370478185304111,Normal,0.13509905507237566,0.6891911484173836,0.4117959114676242,0.7273963207759088,0.7157828209955897,0.5189328476815841,0.3533629485253576,0.22301994190745053,0.6614710368129405,0.4117420992451148,0.25101606434244733,0.1759524394069005,0.6646329389588153,0.2856821728025775,0.07819612961998913,2026-09-13T16:36:24Z
823008,676475,Alec Burleson,STL,CWS,1,3,confirmed,David Sandlin,Busch Stadium,2026-09-13T18:15:00Z,4.219538037719856,2168,106,0.5296062819167042,0.6377219641666011,-0.09737488095911558,Normal,0.14965693284000026,0.6975248269736151,0.3575799192635245,0.5095411340663301,0.7139666003975261,0.514901962092791,0.3480504824235035,0.21746798971674564,0.6691659096004974,0.42367335512514415,0.262970435752045,0.18867392496638194,0.6723974014397981,0.2908689367358047,0.07817561121174575,2026-09-13T16:36:24Z
823008,678246,Miguel Vargas,CWS,STL,0,3,confirmed,Michael McGreevy,Busch Stadium,2026-09-13T18:15:00Z,4.403471634208298,1804,1121,0.5027898491172338,0.6318148150294948,-1.4980399677975365,Normal,0.11211278992429896,0.6191372800839909,0.36263139776654724,0.5484325961179828,0.670570918218953,0.4680320016967013,0.30704487437454864,0.18597855741925234,0.5970177659499273,0.3685406449358675,0.21628560382784978,0.1495223942546872,0.5995316147795186,0.22039721035399665,0.0498707503561856,2026-09-13T16:36:24Z
823008,691023,Jordan Walker,STL,CWS,1,4,confirmed,David Sandlin,Busch Stadium,2026-09-13T18:15:00Z,4.143540669856459,1655,106,0.46116528625879066,0.6176238776762792,-1.5547456960124262,Normal,0.11890360439915003,0.6432419161971962,0.3134922600337791,0.7179116285557557,0.6805728758310571,0.47663893756153236,0.3129774452209449,0.18935274311265018,0.6194101160546672,0.37022919522567327,0.2168985570551766,0.15110770641951773,0.6221178216947061,0.23774216863853606,0.054537161921457515,2026-09-13T16:36:24Z
823008,808959,Munetaka Murakami,CWS,STL,0,4,confirmed,Michael McGreevy,Busch Stadium,2026-09-13T18:15:00Z,4.336109750122489,492,1121,0.6018372105147263,0.61350409150616,-2.2029620194943003,Cold,0.2153990697483072,0.623946157153152,0.484581451485829,0.7871153601190255,0.7168864323152466,0.5190457925999847,0.35252770771426317,0.22160853897843477,0.6015213329778357,0.39531273586677096,0.27796236940143343,0.2333335378412724,0.6040694992986751,0.22329516213000117,0.05038519390708171,2026-09-13T16:36:24Z
823008,699024,Leo Bernal,STL,CWS,1,5,confirmed,David Sandlin,Busch Stadium,2026-09-13T18:15:00Z,4.029266879165459,49,106,0.47040523246171667,0.5958214844629234,0.7187687194035199,Normal,0.1228801970749692,0.6243520180887294,0.34488492718123587,0.572719796516088,0.6758730023541136,0.4711996368566799,0.3079251958688669,0.18524108176011272,0.6020123302509934,0.3577068936442999,0.21267616940943507,0.1518148017054289,0.6045483034652184,0.22086460680202136,0.04775314949675983,2026-09-13T16:36:24Z
823008,643217,Andrew Benintendi,CWS,STL,0,5,confirmed,Michael McGreevy,Busch Stadium,2026-09-13T18:15:00Z,4.202721859937624,2571,1121,0.4598079432936621,0.5969685809228652,-0.28937736739544534,Normal,0.1135399670506459,0.6698880561017878,0.2954885278904514,0.516553967688963,0.6821260872652997,0.47925412193154887,0.31599741108080287,0.19223793945938902,0.6438517748000799,0.39090310539336737,0.22876130871357142,0.15392955023957214,0.6468150322612992,0.2638206300683881,0.06631769481262517,2026-09-13T16:36:24Z
823008,669357,Nolan Gorman,STL,CWS,1,6,confirmed,David Sandlin,Busch Stadium,2026-09-13T18:15:00Z,3.87957181088314,1861,106,0.4762093642321974,0.5927995042140832,-1.074603896619931,Normal,0.16619709695745585,0.5779912122655199,0.3758426265630301,0.7847643494763296,0.6563679447560253,0.45003634087767286,0.2892973838142669,0.17082384778119045,0.5590879341869464,0.3411910138363582,0.22228804669682684,0.18128111530480226,0.5612305864484166,0.18353991408974069,0.034595629995902814,2026-09-13T16:36:24Z
823008,671976,Tristan Peters,CWS,STL,0,6,confirmed,Michael McGreevy,Busch Stadium,2026-09-13T18:15:00Z,4.05248950209958,465,1121,0.47698645101084763,0.5932489085807652,0.7950661197669824,Normal,0.11439669259070154,0.6672635747824855,0.3138599282915641,0.48783426525826096,0.6840659761921319,0.4812353820285829,0.3175890543283102,0.1933198035743505,0.6414374005394813,0.40249894061073965,0.24007551709120722,0.1615044119406115,0.6443756208699668,0.2610196463560246,0.06476581548382901,2026-09-13T16:36:24Z
823008,695336,Thomas Saggese,STL,CWS,1,7,confirmed,David Sandlin,Busch Stadium,2026-09-13T18:15:00Z,3.7509375,480,106,0.3834164782504066,0.5778076094833229,1.3137959850954302,Normal,0.07355244994007804,0.5953546772241206,0.2773353580586684,0.7044387927803616,0.6225273670999216,0.41527314554441747,0.2599882304370168,0.14902226432068774,0.5752593578653338,0.3161921671077518,0.16377470796679588,0.1019777484044576,0.5775376863440354,0.19593352774925266,0.03826892448028163,2026-09-13T16:36:24Z
823008,805367,Chase Meidroth,CWS,STL,0,7,confirmed,Michael McGreevy,Busch Stadium,2026-09-13T18:15:00Z,3.921186981493299,1100,1121,0.3958410342851989,0.5776613125591029,-0.2608234151964419,Normal,0.07221935636867595,0.6197082176308351,0.27374661021661606,0.541983250512963,0.6363544639959056,0.4305945692088867,0.27371086230814745,0.1598206715517092,0.597679489639127,0.3237610402866128,0.16513475527277863,0.10073600819182846,0.6001806824883943,0.21799594126860808,0.04734647298602339,2026-09-13T16:36:24Z
823008,701675,Nathan Church,STL,CWS,1,8,confirmed,David Sandlin,Busch Stadium,2026-09-13T18:15:00Z,3.6027681660899655,491,106,0.4424245711190643,0.5747781498812761,2.0286686244813668,Hot,0.10281633891780739,0.6051096916878481,0.2917646098009596,0.45470595021241034,0.6452802855954588,0.4371442623741559,0.27748735381306416,0.1614223485663197,0.5843826090447416,0.32529658262200967,0.18408795756046956,0.12732964573590747,0.5867325286975256,0.202235446062163,0.039770782392512874,2026-09-13T16:36:24Z
823008,695657,Colson Montgomery,CWS,STL,0,8,confirmed,Michael McGreevy,Busch Stadium,2026-09-13T18:15:00Z,3.7563797209935355,875,1121,0.48404221509861367,0.5753576288335439,-1.8886889258164952,Normal,0.18040838266114956,0.5821131456787634,0.3101065829580574,0.7385976650643158,0.6705262359118945,0.4655256767405792,0.3031255378892706,0.18170840287546342,0.5628826539179842,0.3545525018371035,0.2380722611966886,0.19653353845956123,0.56506341300979,0.1875050277592424,0.03648217906354505,2026-09-13T16:36:24Z
823008,691026,Masyn Winn,STL,CWS,1,9,confirmed,David Sandlin,Busch Stadium,2026-09-13T18:15:00Z,3.4405196914332112,1813,106,0.40906133167601394,0.5798895104926677,-0.902316341784391,Normal,0.059841666410434396,0.5425156166781306,0.2997713412964919,0.5752717195509395,0.5977067038448981,0.38956569472127633,0.2382042394505775,0.1327571459632138,0.5262310468651341,0.26916180085725416,0.13165712895648812,0.08062962712675237,0.5280744372659244,0.1553884431386749,0.025017428848180222,2026-09-13T16:36:24Z
823008,686668,Brenton Doyle,CWS,STL,0,9,confirmed,Michael McGreevy,Busch Stadium,2026-09-13T18:15:00Z,3.612366737739872,1758,1121,0.3928682915430155,0.5750327473414552,-1.2612336909452455,Normal,0.07402802397093333,0.5668027671549637,0.17555817696954082,0.6666446102103007,0.6161263269495637,0.4091444706261618,0.25517741958577855,0.14571552632247567,0.5487188962911654,0.29643828579278725,0.15758471049199,0.10045573922666678,0.5507682976968766,0.17497740638155912,0.03197888638909279,2026-09-13T16:36:24Z
823171,808982,Jung Hoo Lee,SF,SD,1,1,projected,Nick Pivetta,Oracle Park,2026-09-13T23:20:00Z,4.429179740026894,1326,2759,0.5220530740083853,0.6417024408226452,-0.9164728516696123,Normal,0.08600193251255904,0.6528266790885464,0.2956675955130589,0.4830922106368761,0.6729556731244227,0.47036609979713456,0.3089362751253185,0.187328992404886,0.6281088674129663,0.37315205008831714,0.21416306685079156,0.1344934234476027,0.6309216271113977,0.24961839474484923,0.06138327033351545,2026-09-13T16:36:24Z
823171,665487,Fernando Tatis Jr.,SD,SF,0,1,projected,Logan Webb,Oracle Park,2026-09-13T23:20:00Z,4.604358571107616,2409,3978,0.5687086609128469,0.6786974232436302,0.7802101332002285,Normal,0.10875070730868784,0.6980623668665195,0.27963237015098447,0.6085904710825842,0.723017648354031,0.5279420361864189,0.36223064994605936,0.23062265810140026,0.6695759427700593,0.41696981771992786,0.24482640949241455,0.15988546442286464,0.6728283723418808,0.2956737944953399,0.08364838026943851,2026-09-13T16:36:24Z
823171,646240,Rafael Devers,SF,SD,1,2,projected,Nick Pivetta,Oracle Park,2026-09-13T23:20:00Z,4.3208860759493675,3233,2759,0.5844352919133864,0.6318590583091636,0.988089065209558,Normal,0.21209437391878871,0.6320686383047809,0.3851324123829159,0.7227717232523955,0.7102746595812002,0.5113076820852162,0.345262644216512,0.2156283469900348,0.6090204410928953,0.41167624940586767,0.2841092126224104,0.23479790353429325,0.611639901329758,0.2300784751492286,0.05281472468783511,2026-09-13T16:36:24Z
823171,592518,Manny Machado,SD,SF,0,2,projected,Logan Webb,Oracle Park,2026-09-13T23:20:00Z,4.527442254714981,3183,3978,0.5053994898446279,0.6642531625471098,0.4320239690992643,Normal,0.10126094691475827,0.6657124722526307,0.29449989094032153,0.6406935449966316,0.7073820941278008,0.5092133859002504,0.34435443524859705,0.2157088119308426,0.6399306199438347,0.3835018992376338,0.21564688678810823,0.14062438583564396,0.6428675422331166,0.2626145098722477,0.06764665282115154,2026-09-13T16:36:24Z
823171,805811,Bryce Eldridge,SF,SD,1,3,projected,Nick Pivetta,Oracle Park,2026-09-13T23:20:00Z,4.219538037719856,466,2759,0.47316145481491,0.6169013227113685,0.5305435719845648,Normal,0.12334238539969543,0.6085406897352671,0.42569559992600237,0.772244238534709,0.6659251785315294,0.4615859591187334,0.30034203886254457,0.18002760153007075,0.587320960026731,0.35109589934702745,0.20773496210329773,0.1503116353782682,0.5897299063671865,0.2094137945844352,0.04455745961384902,2026-09-13T16:36:24Z
823171,669720,Austin Hays,SD,SF,0,3,projected,Logan Webb,Oracle Park,2026-09-13T23:20:00Z,4.403471634208298,1909,3978,0.4455864002256362,0.6643820120527144,0.27615661585151025,Normal,0.07627751539858939,0.6726976557873561,0.19328864165053453,0.7213870813194418,0.6853499581306116,0.4841096468348954,0.32128014576348196,0.19708124779513603,0.6463549446988003,0.3954464485193017,0.21893099116723724,0.1314656561225217,0.6493559680675834,0.26874190889901656,0.06989603409558208,2026-09-13T16:36:24Z
823171,678545,Osleivis Basabe,SF,SD,1,4,projected,Nick Pivetta,Oracle Park,2026-09-13T23:20:00Z,4.143540669856459,219,2759,0.39568771567379796,0.5953125965900136,-1.3426562908351165,Normal,0.094226117855663,0.5935660402790589,0.2652661879487079,0.7047148970861845,0.6368799406691666,0.43084308985787745,0.2737152180359348,0.15967922712568217,0.5734946744205139,0.3223512205240388,0.1782557768245282,0.12049656506070974,0.5757715437140555,0.19653350056491187,0.03952977503176951,2026-09-13T16:36:24Z
823171,593428,Xander Bogaerts,SD,SF,0,4,projected,Logan Webb,Oracle Park,2026-09-13T23:20:00Z,4.336109750122489,2871,3978,0.4178218622106258,0.6520676379546134,0.8645028101455544,Normal,0.06383602939102306,0.6495269037734306,0.30544761647141233,0.5820282515086517,0.6629603611334821,0.4591496784338502,0.2987755946146122,0.17924629742127252,0.625111348874256,0.35092527694449926,0.1782453351235722,0.1020904201304462,0.6278885671608908,0.24572227334277685,0.059271128439869585,2026-09-13T16:36:24Z
823171,687551,Drew Gilbert,SF,SD,1,5,projected,Nick Pivetta,Oracle Park,2026-09-13T23:20:00Z,4.029266879165459,475,2759,0.4298312540368464,0.5725501666459857,-1.1578137659235088,Normal,0.10190527055812483,0.5710176798954838,0.35832095094331784,0.6040036244686603,0.6303750841815379,0.42399310116614836,0.2677841033963203,0.1551379475115021,0.5525639411294946,0.31502776863618587,0.1817723869031457,0.1272199840827299,0.5546557705860541,0.17909931710513427,0.03357840053266331,2026-09-13T16:36:24Z
823171,630105,Jake Cronenworth,SD,SF,0,5,projected,Logan Webb,Oracle Park,2026-09-13T23:20:00Z,4.202721859937624,2745,3978,0.4187619835005501,0.6441975745513522,-1.164658381031911,Normal,0.06673211842974627,0.6103282711293967,0.35353664745939006,0.614622016334336,0.63915955450633,0.43400279839005357,0.27697146126390476,0.1625387798844711,0.5889628173632766,0.3318906307383609,0.17497455286414318,0.10447154211940136,0.5913887815855422,0.2112000012534075,0.04542399704860051,2026-09-13T16:36:24Z
823171,687529,Grant McCray,SF,SD,1,6,projected,Nick Pivetta,Oracle Park,2026-09-13T23:20:00Z,3.87957181088314,233,2759,0.3777756192772401,0.5703455228538807,-0.30548852740386584,Normal,0.10113720223915945,0.5365297439207098,0.29322215717733024,0.8732912524310986,0.6047389871690132,0.39851887929045604,0.24673520688984196,0.13971082769759346,0.5204101061141796,0.2889723298607305,0.16993151709760787,0.12188759141725067,0.5222357024032017,0.15455907402253252,0.026007206199195988,2026-09-13T16:36:24Z
823171,701538,Jackson Merrill,SD,SF,0,6,projected,Logan Webb,Oracle Park,2026-09-13T23:20:00Z,4.05248950209958,1686,3978,0.44040616858103626,0.6445679851092482,2.0595772587759527,Hot,0.10455319510303981,0.6587312697869361,0.22151914571481068,0.6115415842904807,0.6845318418230384,0.48174695428351194,0.3180432094129621,0.1936737093730775,0.6336019488829795,0.38649130851404434,0.22872616228246667,0.15087251749866412,0.6364598189777059,0.25301184124428067,0.06138740210155234,2026-09-13T16:36:24Z
823171,695391,Brett Harris,SF,SD,1,7,projected,Nick Pivetta,Oracle Park,2026-09-13T23:20:00Z,3.7509375,218,2759,0.38975061025972596,0.5561179381525898,-0.5403395022535656,Normal,0.06649066130028883,0.5420990503602322,0.3642297074904226,0.6590149319501407,0.600703578186693,0.3942071933831589,0.24300950928225568,0.13688193233477874,0.5256646549441996,0.27688000981296884,0.13922359383531693,0.08810763746989933,0.5275258583690793,0.15762798727897173,0.026630616632890458,2026-09-13T16:36:24Z
823171,669134,Luis Campusano,SD,SF,0,7,projected,Logan Webb,Oracle Park,2026-09-13T23:20:00Z,3.921186981493299,765,3978,0.38441830094018226,0.6303331272778636,-0.011827459231823921,Normal,0.06943117526856207,0.6135593788039124,0.2654915296047603,0.5521502103016798,0.6426000354964232,0.43692907054947927,0.2790196853940967,0.16375771488843047,0.5919942121794873,0.32581944420202885,0.16621737308101414,0.10031852936495984,0.5944422887288809,0.2129157461096989,0.04549768016217863,2026-09-13T16:36:24Z
823171,668800,Andrew Knizner,SF,SD,1,8,projected,Nick Pivetta,Oracle Park,2026-09-13T23:20:00Z,3.6027681660899655,763,2759,0.34614505276160834,0.5534266093761017,-0.5681435061218884,Normal,0.0693864270942267,0.527812075954029,0.24270818525041046,0.6137950322208049,0.580624443986267,0.3747156480199465,0.22723462450206375,0.12556055804163668,0.5123670602014833,0.2613080252839021,0.13194496777219966,0.08668401795445659,0.5141155122308154,0.14725645908500662,0.023452728079545446,2026-09-13T16:36:24Z
823171,666023,Freddy Fermin,SD,SF,0,8,projected,Logan Webb,Oracle Park,2026-09-13T23:20:00Z,3.7563797209935355,1207,3978,0.3392449252125185,0.626725258283164,-0.021209181628402504,Normal,0.05502693733145085,0.5841241889832381,0.19438570830561752,0.5714602619282115,0.6042938365107065,0.3986203548158781,0.24723732339205265,0.14039053323064962,0.56475160525235,0.2937972897945955,0.14069658646244415,0.08094339560855426,0.5669485891277082,0.18901750215257732,0.036975026836588994,2026-09-13T16:36:24Z
823171,683766,Christian Koss,SF,SD,1,9,projected,Nick Pivetta,Oracle Park,2026-09-13T23:20:00Z,3.4405196914332112,364,2759,0.3691974751022153,0.5588470656310605,1.4487980032928034,Normal,0.06732623021191833,0.5428398081326736,0.20861494612226805,0.649942731724659,0.5911372177762907,0.38343269757719006,0.23339773965948324,0.12941220309309212,0.5265342408144152,0.2697960780489011,0.13437861020797612,0.08604198218178592,0.5283800171007141,0.15560233806834875,0.025074396113911213,2026-09-13T16:36:24Z
823171,669392,Samad Taylor,SD,SF,0,9,projected,Logan Webb,Oracle Park,2026-09-13T23:20:00Z,3.612366737739872,217,3978,0.3928004652059746,0.622203608251544,-0.39650996391332133,Normal,0.048405978033662665,0.5837678269677619,0.23964794186920868,0.6891070906068453,0.6115577410157752,0.4047212904775701,0.2516016282055425,0.1431496712592203,0.5645046920340803,0.29141982335322686,0.14229541792817535,0.0786871127028205,0.566688575705049,0.18739407846914077,0.03584944103817014,2026-09-13T16:36:24Z
823495,700250,Ben Rice,NYY,NYM,1,1,confirmed,Christian Scott,Yankee Stadium,2026-09-13T17:35:00Z,4.429179740026894,1316,628,0.7453397526595964,0.6362455292129766,1.1247305691071836,Normal,0.24241302974984105,0.6730639206941703,0.46140321978661997,0.7029826231670585,0.7488320799344313,0.5581672157235156,0.3902802843442629,0.2532757114010493,0.6467051155936039,0.44751835561737613,0.3236833159459446,0.26915868827631734,0.6497075949380704,0.2687015329851467,0.06964356988461012,2026-09-13T16:36:24Z
823495,596019,Francisco Lindor,NYM,NYY,0,1,confirmed,Cam Schlittler,Yankee Stadium,2026-09-13T17:35:00Z,4.604358571107616,3216,1005,0.6976146977152363,0.6577926860500857,-0.6895235505225937,Normal,0.18922188216402405,0.6590756278495042,0.40123480803492695,0.7263039990028104,0.7307371375309555,0.5371425631495702,0.3709588381098458,0.2378551699305749,0.6338026663173647,0.4122005456969679,0.2771821813272952,0.21850596286809298,0.6366815685118992,0.25716815769183105,0.06579359021993962,2026-09-13T16:36:24Z
823495,641355,Cody Bellinger,NYY,NYM,1,2,confirmed,Christian Scott,Yankee Stadium,2026-09-13T17:35:00Z,4.3208860759493675,2845,628,0.6374579183950939,0.6253830493984022,1.2079224403299123,Normal,0.16033737339326032,0.6963553368421522,0.3359766003567398,0.5881778986341827,0.7340637055112302,0.5393813908117796,0.371563887498159,0.23710663076135013,0.6680678906113322,0.432303691234179,0.2780369726189404,0.20327999528545543,0.6712925601795355,0.2908248294222499,0.07897058698350654,2026-09-13T16:36:24Z
823495,665742,Juan Soto,NYM,NYY,0,2,confirmed,Cam Schlittler,Yankee Stadium,2026-09-13T17:35:00Z,4.527442254714981,3217,1005,0.6869935416246902,0.6464749045152399,-0.5655064600925612,Normal,0.21210907206801394,0.6330710825840337,0.5915826288433765,0.6575124668568942,0.7299008005450047,0.5356233001434284,0.36907879709517505,0.2359464681391936,0.6098719217050657,0.398844215589453,0.2797496086389964,0.23227391148305834,0.6125105721569681,0.23285931668309942,0.05512188049339506,2026-09-13T16:36:24Z
823495,592450,Aaron Judge,NYY,NYM,1,3,confirmed,Christian Scott,Yankee Stadium,2026-09-13T17:35:00Z,4.219538037719856,2813,628,0.6586130032319116,0.609591837568995,-1.5892289436566276,Normal,0.24855720965220007,0.6385993268348358,0.5390535449191466,0.7478088454896351,0.7583342930122186,0.5687359765708548,0.3994377578082529,0.2600399592049831,0.6150867242876057,0.41996003529595405,0.3058119186732127,0.2640205362927599,0.6177587522986662,0.2347732678913452,0.054064899954111005,2026-09-13T16:36:24Z
823495,666182,Bo Bichette,NYM,NYY,0,3,confirmed,Cam Schlittler,Yankee Stadium,2026-09-13T17:35:00Z,4.403471634208298,2893,1005,0.45331502307642324,0.643077380904907,-0.14107799220516853,Normal,0.11016259728648893,0.6724545215176471,0.26973808073859196,0.6685730791928065,0.6949482735802857,0.4947822440072899,0.3308799099087445,0.20466951812591894,0.6461317993590486,0.3938317219653526,0.22856631583080614,0.15215088521304798,0.6491305071473087,0.26850641205801495,0.06979073321847626,2026-09-13T16:36:24Z
823495,671277,Luis García Jr.,NYY,NYM,1,4,confirmed,Christian Scott,Yankee Stadium,2026-09-13T17:35:00Z,4.143540669856459,2416,628,0.5242820095760715,0.5877079603604408,1.1070832830326909,Normal,0.18142596731937852,0.7079851517100958,0.24763465959183653,0.568448114321538,0.728162439887714,0.5308483373378844,0.3623006458553227,0.22854711137033729,0.6787452650382128,0.4462324442431855,0.29447207536386644,0.22160229366986545,0.6820772167345074,0.300486095099126,0.08176470885540338,2026-09-13T16:36:24Z
823495,701807,Carson Benge,NYM,NYY,0,4,confirmed,Cam Schlittler,Yankee Stadium,2026-09-13T17:35:00Z,4.336109750122489,591,1005,0.47898119503156333,0.6266783276195136,-0.667598870367718,Normal,0.1229925685953967,0.6544735256314297,0.33214476742680954,0.7565956415668924,0.6930775237737096,0.4918705522705748,0.3276670682359156,0.20169995336861213,0.6296630567284494,0.37311521291024385,0.2230479942856857,0.1563974513969505,0.6324858101865001,0.25023934312483875,0.061142826820193744,2026-09-13T16:36:24Z
823495,682987,Spencer Jones,NYY,NYM,1,5,confirmed,Christian Scott,Yankee Stadium,2026-09-13T17:35:00Z,4.029266879165459,243,628,0.5150765566491049,0.5648145579646217,1.4346152599384814,Normal,0.15513234073566678,0.6574122417586351,0.35519792917645593,0.8324763321536116,0.7034693459654189,0.5017571008721076,0.33513186926569866,0.2064488230781616,0.6324613722948097,0.39765437116263286,0.25162735684906234,0.18738717147126854,0.6352970328047913,0.24995428072389944,0.05897921042974123,2026-09-13T16:36:24Z
823495,676724,Jared Young,NYM,NYY,0,5,confirmed,Cam Schlittler,Yankee Stadium,2026-09-13T17:35:00Z,4.202721859937624,440,1005,0.47325541942347127,0.6123594023160471,1.5118903058851407,Normal,0.12004199765382861,0.6265429566056133,0.3120976769602241,0.7281882272103866,0.6815232314168105,0.4785952719602318,0.3154141545104474,0.1917841902174173,0.6039533582013161,0.36510419518421955,0.22207185265152565,0.15588660923808473,0.6065197475229861,0.22470137808001917,0.050431686312871545,2026-09-13T16:36:24Z
823495,683011,Anthony Volpe,NYY,NYM,1,6,confirmed,Christian Scott,Yankee Stadium,2026-09-13T17:35:00Z,3.87957181088314,2091,628,0.40213645265940484,0.5629967836430946,-0.20688333191805075,Normal,0.08252646932425992,0.5668478524450715,0.3256509450683219,0.6759718355059513,0.6192894143454004,0.41259453550210623,0.25810853315746357,0.14786608034623452,0.5487169499961772,0.3092195624709449,0.1706261576765421,0.11152647500122997,0.5507715498964056,0.17542180939599872,0.03208071592623358,2026-09-13T16:36:24Z
823495,805999,A.J. Ewing,NYM,NYY,0,6,confirmed,Cam Schlittler,Yankee Stadium,2026-09-13T17:35:00Z,4.05248950209958,438,1005,0.4216760682826957,0.6093082883040369,1.6415617449819928,Normal,0.09626805829843171,0.6006624578493557,0.33111927066140584,0.7789737175485244,0.6397257423721421,0.43442455691299825,0.277172933762232,0.16255405806296197,0.5800142846988301,0.3293055957200791,0.18359350605286937,0.12408760243319926,0.5823576436288721,0.20314107630536862,0.042289919999090486,2026-09-13T16:36:24Z
823495,641857,Ryan McMahon,NYY,NYM,1,7,confirmed,Christian Scott,Yankee Stadium,2026-09-13T17:35:00Z,3.7509375,2789,628,0.4314636802424942,0.5489681589761676,0.5346390029864979,Normal,0.12946202587586692,0.5859478278096018,0.3599460886553364,0.7402392074594017,0.6407054735396203,0.43340625561971574,0.2749445332458098,0.1599303899171979,0.5665290464387048,0.334698757269875,0.20144371717995174,0.15098476366844157,0.5687301852183062,0.18875304907401322,0.03594404001042505,2026-09-13T16:36:24Z
823495,682626,Francisco Alvarez,NYM,NYY,0,7,confirmed,Cam Schlittler,Yankee Stadium,2026-09-13T17:35:00Z,3.921186981493299,1436,1005,0.3990151068071872,0.5935643411752946,-2.5936917385800364,Cold,0.1310446003189095,0.5545092934398216,0.33737926755112446,0.8238851687480736,0.630384340152825,0.42460089423570324,0.2687239430155291,0.15614527206018658,0.5371262726809642,0.30981532193555394,0.1901849421006702,0.1476086571439227,0.5390964893973622,0.16820650091552752,0.030687072344430372,2026-09-13T16:36:24Z
823495,669224,Austin Wells,NYY,NYM,1,8,confirmed,Christian Scott,Yankee Stadium,2026-09-13T17:35:00Z,3.6027681660899655,1294,628,0.4444194622088149,0.5462667069503101,-0.8922759512313988,Normal,0.1421807327392293,0.5522509498883814,0.3575395011930109,0.6564371692575542,0.6275589763913181,0.4193699031905823,0.2628019323777913,0.15070928002244874,0.5352302026720882,0.32018980147865905,0.19966770231942552,0.15825256024056764,0.5371578157623155,0.1633822163941196,0.02784335502654296,2026-09-13T16:36:24Z
823495,683146,Brett Baty,NYM,NYY,0,8,confirmed,Cam Schlittler,Yankee Stadium,2026-09-13T17:35:00Z,3.7563797209935355,1466,1005,0.4195491703700379,0.5906402570789164,0.6336094127740238,Normal,0.10931186965855086,0.5598583709000876,0.28510818236257285,0.7734277737486093,0.6189824723463477,0.41283035399872425,0.2587426892062583,0.14866824201420836,0.5421621520660026,0.2966563254314999,0.1716842369449478,0.12664554934205574,0.544167858979949,0.17131049951695235,0.03139118094025483,2026-09-13T16:36:24Z
823495,676609,José Caballero,NYY,NYM,1,9,confirmed,Christian Scott,Yankee Stadium,2026-09-13T17:35:00Z,3.4405196914332112,1555,628,0.4159102441827048,0.5516467460523496,-1.3446509624602312,Normal,0.07460270133836078,0.5217581583438206,0.32547952431307187,0.6584003726684685,0.5875041238818574,0.3800682054349862,0.23077567495572204,0.1275962840235489,0.5067860205982135,0.2618230287395302,0.13435631620327387,0.09088692780761855,0.5084803460510969,0.14209317940000973,0.021587855653587337,2026-09-13T16:36:24Z
823495,703492,Nick Morabito,NYM,NYY,0,9,confirmed,Cam Schlittler,Yankee Stadium,2026-09-13T17:35:00Z,3.612366737739872,31,1005,0.42167877359528766,0.5891057989280364,-0.39275324914250653,Normal,0.0891147144485725,0.5456261879115102,0.30652485562276416,0.7263005011562975,0.6104365337469455,0.40364074060901334,0.2507309093475523,0.14252661940101435,0.5289565105256603,0.2882390476351689,0.15787764520757414,0.10940856559150368,0.5308448303446627,0.16026990182423134,0.027649591453743516,2026-09-13T16:36:24Z
823658,807712,Luke Keaschall,MIN,CLE,1,1,confirmed,Tanner Bibee,Target Field,2026-09-13T18:10:00Z,4.429179740026894,768,2761,0.5756066741197765,0.6871898473998851,0.1346073393563773,Normal,0.08208158958357438,0.6675236909534484,0.40133912342762734,0.5361914479566747,0.6881698938128016,0.48698611254623253,0.3236881878223503,0.19885474128968914,0.6416192300771709,0.3800908346656103,0.20744977356366742,0.126891299219001,0.6445691095046261,0.2633737968318597,0.06728705165510443,2026-09-13T16:36:24Z
823658,680757,Steven Kwan,CLE,MIN,0,1,confirmed,Joe Ryan,Target Field,2026-09-13T18:10:00Z,4.604358571107616,3171,3045,0.5997228409334665,0.654401766859302,0.8831613244873131,Normal,0.08529857837699754,0.698143471572479,0.3900315256477656,0.46675032290232854,0.699232867274518,0.5004302757128383,0.33669541941273906,0.20985080082298863,0.6696501849504225,0.3978289908321604,0.22414526759975426,0.13730912354875563,0.6729034155526475,0.2957581783414526,0.08368979982420287,2026-09-13T16:36:24Z
823658,686797,Brooks Lee,MIN,CLE,1,2,confirmed,Tanner Bibee,Target Field,2026-09-13T18:10:00Z,4.3208860759493675,1284,2761,0.4394293974753291,0.6805184894235319,-0.06330182277307023,Normal,0.11791766383642521,0.6438564687647071,0.22865970499708566,0.5649865344677025,0.6665773971899478,0.4629055430482561,0.3019374788283905,0.18157673241803324,0.6198877260600024,0.3647179562399742,0.21543223435107103,0.15015751807026806,0.6226130794745502,0.24044482058768976,0.05692234885315958,2026-09-13T16:36:24Z
823658,800050,Chase DeLauter,CLE,MIN,0,2,confirmed,Joe Ryan,Target Field,2026-09-13T18:10:00Z,4.527442254714981,513,3045,0.5517014697529314,0.6432557608340489,0.41181139205729683,Normal,0.12786888959994555,0.6971757533557834,0.3694124123487246,0.5659907235962138,0.711054274158703,0.5134430491913707,0.34826190398786433,0.218871232505269,0.6687819569518633,0.4253399519993515,0.26029059697309886,0.17816727766048615,0.6720223193705057,0.293865323231264,0.08211762247226138,2026-09-13T16:36:24Z
823658,665019,Kody Clemens,MIN,CLE,1,3,confirmed,Tanner Bibee,Target Field,2026-09-13T18:10:00Z,4.219538037719856,1311,2761,0.49671310483256276,0.6749503092024713,0.25947628682524976,Normal,0.17412728119522272,0.6173538532561269,0.30132802704387446,0.6603581683753953,0.6834647724514102,0.480509859185165,0.31693103178586146,0.19281956301197994,0.5954747445553231,0.38343773219815014,0.2573986944422768,0.2018653169380419,0.5979592577705872,0.2166377308788596,0.0471789189274652,2026-09-13T16:36:24Z
823658,683953,Travis Bazzana,CLE,MIN,0,3,confirmed,Joe Ryan,Target Field,2026-09-13T18:10:00Z,4.403471634208298,466,3045,0.47979834736179,0.639113087529551,2.083831984839965,Hot,0.11588525800796023,0.6453507108716872,0.4000807151774182,0.6420821677651498,0.6762873231240539,0.4742007308772976,0.3124748856822228,0.19019252441582776,0.6212102293505313,0.374080084911379,0.22125693845490269,0.15249372972879904,0.6239567198475416,0.2431935861016298,0.05891717997003713,2026-09-13T16:36:24Z
823658,680777,Ryan Jeffers,MIN,CLE,1,4,confirmed,Tanner Bibee,Target Field,2026-09-13T18:10:00Z,4.143540669856459,1830,2761,0.4420692839774706,0.6603741673945537,-0.2909535466097089,Normal,0.10856222536293814,0.6245796187954435,0.3625475326242398,0.5955370832337024,0.6728745380012745,0.4683129136029025,0.3056806171175605,0.18373531131210996,0.6022011388862715,0.36228766625110276,0.20799735719406015,0.14230180592958974,0.6047420786755373,0.22160875375295375,0.04839533368020323,2026-09-13T16:36:24Z
823658,666176,Jo Adell,CLE,MIN,0,4,confirmed,Joe Ryan,Target Field,2026-09-13T18:10:00Z,4.336109750122489,1975,3045,0.4235882765238207,0.6220045274611743,-0.8568526566173043,Normal,0.14660714420041857,0.6250137260079927,0.2624090366017768,0.8377473583640229,0.6784073692819916,0.4757122957034703,0.3132606335348616,0.19041179486223328,0.602507571332739,0.36825893260568265,0.23140330432619738,0.17400850391167016,0.6050650764989848,0.22420070291124045,0.050730924548132814,2026-09-13T16:36:24Z
823658,663616,Trevor Larnach,MIN,CLE,1,5,confirmed,Tanner Bibee,Target Field,2026-09-13T18:10:00Z,4.029266879165459,1788,2761,0.45803582022199485,0.644210053911071,-0.6566843248560272,Normal,0.12032421920519272,0.6223660711970648,0.3391124922391527,0.5991080719749917,0.6640681900522682,0.4585901644236656,0.2969831992423032,0.1768944973359281,0.6001783366205381,0.35871656797307216,0.21116382351050902,0.14980484787916387,0.6026969037750999,0.21919867066598567,0.047144134272692484,2026-09-13T16:36:24Z
823658,663993,Nathaniel Lowe,CLE,MIN,0,5,confirmed,Joe Ryan,Target Field,2026-09-13T18:10:00Z,4.202721859937624,2940,3045,0.44863966864341603,0.6068192765119355,-0.5009496015927114,Normal,0.13438005314217238,0.6409529047287302,0.33831073857453553,0.675480509045112,0.6722261936732853,0.46852441821418056,0.30655501904975646,0.18492891682024692,0.6172453471332969,0.3718693863223753,0.2263638812404357,0.16428693423052135,0.6199402076824126,0.2372038683280198,0.05528509908593223,2026-09-13T16:36:24Z
823658,668904,Royce Lewis,MIN,CLE,1,6,confirmed,Tanner Bibee,Target Field,2026-09-13T18:10:00Z,3.87957181088314,1468,2761,0.3800568306718715,0.64234326538557,-0.9328395856010925,Normal,0.10679614695254624,0.6027300020326606,0.23356852612794393,0.6611625069830347,0.6449474200331659,0.4382521263279999,0.27933226018622975,0.1633947985650744,0.5820480475575834,0.3370358544836855,0.1898824516298544,0.13243827077839662,0.5843937269912861,0.20247266933105,0.040791583702980715,2026-09-13T16:36:24Z
823658,682657,Angel Martínez,CLE,MIN,0,6,confirmed,Joe Ryan,Target Field,2026-09-13T18:10:00Z,4.05248950209958,1030,3045,0.420138909029252,0.6034620472139013,0.7121776149711284,Normal,0.12311870582498327,0.6166443278285844,0.23757227521207747,0.6512294313913014,0.6484304139995163,0.44333311953762455,0.28469369357270313,0.1681694403235708,0.5948090082855174,0.3581934230451953,0.21393211851494973,0.15317697879659586,0.5972883416728308,0.2160979856310868,0.046932881342565354,2026-09-13T16:36:24Z
823658,691181,Emmanuel Rodriguez,MIN,CLE,1,7,confirmed,Tanner Bibee,Target Field,2026-09-13T18:10:00Z,3.7509375,4,2761,0.4279812812830807,0.6264367683225524,,Unknown,0.12187523125083814,0.5974303245193804,0.30683530462924286,0.5630348032173922,0.6436517822189478,0.4363978925233767,0.2774429020861522,0.16177187730569836,0.5771839914678455,0.33779438042698745,0.20088230165352874,0.1462340111516717,0.5794795571307253,0.19754292893054579,0.03879911019716545,2026-09-13T16:36:24Z
823658,694197,Angel Genao,CLE,MIN,0,7,confirmed,Joe Ryan,Target Field,2026-09-13T18:10:00Z,3.921186981493299,115,3045,0.4277399741320044,0.5877295136133194,-0.9025727341656582,Normal,0.10840680082932987,0.6136044804498881,0.2829657457452555,0.5079501305707262,0.6424514189308533,0.4367775639387209,0.27889224867127893,0.16366291326587262,0.592035932707192,0.34275242733886346,0.1971171858374464,0.13679407667453772,0.5944843966375161,0.21295270330010474,0.04551100678032538,2026-09-13T16:36:24Z
823658,805805,Walker Jenkins,MIN,CLE,1,8,confirmed,Tanner Bibee,Target Field,2026-09-13T18:10:00Z,3.6027681660899655,45,2761,0.42816631691666895,0.6215340961246485,-2.2889954947979128,Cold,0.10584935823538426,0.5611608861806957,0.34019453932097027,0.6124457537626863,0.6237199328890589,0.4155885609299233,0.259717106571932,0.14848310317071986,0.5435441113645012,0.30761786208152975,0.17609536926871985,0.12669506579097708,0.5455395475803901,0.1695406942806856,0.029606754976903515,2026-09-13T16:36:24Z
823658,672275,Patrick Bailey,CLE,MIN,0,8,confirmed,Joe Ryan,Target Field,2026-09-13T18:10:00Z,3.7563797209935355,1564,3045,0.3891227158808234,0.585025751585895,0.6641986450024675,Normal,0.09462241565358168,0.568259881008181,0.26616741596701854,0.675234216802287,0.6039715614330323,0.3983123089632739,0.2469900339625168,0.14021393637623947,0.5499926745912485,0.30254567033938107,0.16880989509656874,0.11698491983528805,0.5520634958377332,0.17730858792638077,0.03323710234013225,2026-09-13T16:36:24Z
823658,668952,Ryan Kreidler,MIN,CLE,1,9,confirmed,Tanner Bibee,Target Field,2026-09-13T18:10:00Z,3.4405196914332112,449,2761,0.3599729542026291,0.6237916652718712,-0.8427582116892111,Normal,0.06653414692610103,0.5084164973777421,0.22016361511128088,0.6519140784870966,0.5628796362354642,0.357757066272774,0.21364942757916175,0.11589060972038824,0.4942549025135098,0.24843517161201914,0.1277991499163512,0.08365359355029786,0.49585722602182486,0.13395355596843175,0.019596661771220446,2026-09-13T16:36:24Z
823658,677587,Brayan Rocchio,CLE,MIN,0,9,confirmed,Joe Ryan,Target Field,2026-09-13T18:10:00Z,3.612366737739872,1460,3045,0.37698196054991634,0.5839557123666788,-0.7585623583151734,Normal,0.07824988788624973,0.5540479866859297,0.2276583552655416,0.5897400034187577,0.5865040510760249,0.38102916458284625,0.23276200873165517,0.12982252559094468,0.5368235601069771,0.2886651190640101,0.1514511464879912,0.10007449102130879,0.5387750440497903,0.16601607256546022,0.02930806946852368,2026-09-13T16:36:24Z
823734,669003,Garrett Mitchell,MIL,CIN,1,1,confirmed,Chase Burns,American Family Field,2026-09-13T18:10:00Z,4.429179740026894,928,790,0.665171633264646,0.666408107661854,2.193342065674265,Hot,0.11970576618005295,0.6619265810298903,0.45274739271606407,0.862849068829055,0.7095518054524027,0.5111359063954749,0.34564698860922777,0.21636671476475167,0.63647724476742,0.3998968556203145,0.24366286098488393,0.16675491481118845,0.6393744940806844,0.2580712704618902,0.0649805047785378,2026-09-13T16:36:24Z
823734,667472,Dane Myers,CIN,MIL,0,1,confirmed,Robert Gasser,American Family Field,2026-09-13T18:10:00Z,4.604358571107616,813,539,0.5941651998947566,0.624523652781589,1.4437589377589573,Normal,0.10852211725810314,0.6952201367184951,0.3533323128740725,0.6763624357485345,0.7064028763689574,0.5085950719877549,0.3441868095921497,0.2158849505183481,0.666973764377365,0.4059736263916357,0.23562779930617586,0.1541593187562087,0.6701981782287156,0.2927283034314727,0.08220894087553174,2026-09-13T16:36:24Z
823734,694192,Jackson Chourio,MIL,CIN,1,2,confirmed,Chase Burns,American Family Field,2026-09-13T18:10:00Z,4.3208860759493675,1682,790,0.5309736127719803,0.6598086269931166,2.7648459958530864,Hot,0.11247612787080959,0.679758677672558,0.2353513004329953,0.7510729829807296,0.7062491773036897,0.506683649094032,0.34101514073142397,0.2122169642133389,0.6528740714430037,0.40686860881216674,0.24045703594012088,0.16000186726539753,0.6559360429790956,0.27411904002654847,0.07127157531698103,2026-09-13T16:36:24Z
823734,682829,Elly De La Cruz,CIN,MIL,0,2,confirmed,Robert Gasser,American Family Field,2026-09-13T18:10:00Z,4.527442254714981,2398,539,0.6052118503842921,0.6114070265504981,1.7222424596905026,Normal,0.13104165883681199,0.6544798363083111,0.36648292101531627,0.7999475719104392,0.7054474525023281,0.5069967321367128,0.3423144647439707,0.21406316421899993,0.6296018104058942,0.3981551679155202,0.2524970714046868,0.17775424204625492,0.6324341697603146,0.25208131745525497,0.06307455250467538,2026-09-13T16:36:24Z
823734,668930,Brice Turang,MIL,CIN,1,3,confirmed,Chase Burns,American Family Field,2026-09-13T18:10:00Z,4.219538037719856,2352,790,0.5447369381612114,0.6496531503420376,2.481925087542048,Hot,0.10948297073632947,0.6422564366326846,0.44697974046385774,0.7339562693872863,0.6803745523900206,0.4771324596102616,0.3139430925007701,0.1904976644426838,0.6184564388931839,0.3609953918516075,0.2099969711845947,0.1430913813533842,0.6211614991055168,0.2380009900305313,0.05533640357484579,2026-09-13T16:36:24Z
823734,701398,Sal Stewart,CIN,MIL,0,3,confirmed,Robert Gasser,American Family Field,2026-09-13T18:10:00Z,4.403471634208298,699,539,0.5499740741731655,0.6007783246179355,0.8570720829044705,Normal,0.1862843364006736,0.6929076103849428,0.3100974162933684,0.6085880725205967,0.7277897208985378,0.5327788411774822,0.36606327087035956,0.23317604242000317,0.6648786168299077,0.4311816512914174,0.28441666498803836,0.21891714818070415,0.6680753996003379,0.28886647908609536,0.07918005623662196,2026-09-13T16:36:24Z
823734,596142,Gary Sánchez,MIL,CIN,1,4,confirmed,Chase Burns,American Family Field,2026-09-13T18:10:00Z,4.143540669856459,1373,790,0.425797411933385,0.6309133187184219,-0.956746770719138,Normal,0.11662030099901542,0.5697766361482819,0.3988922746334245,0.7753229423188123,0.6463622729171785,0.44049006568297217,0.28181074279027624,0.16568622928059729,0.5513829214149898,0.3217396897622456,0.18816229360097392,0.1383541003988929,0.5534682155353247,0.178679794878773,0.03371778976507615,2026-09-13T16:36:24Z
823734,553993,Eugenio Suárez,CIN,MIL,0,4,confirmed,Robert Gasser,American Family Field,2026-09-13T18:10:00Z,4.336109750122489,3075,539,0.5443745040897533,0.5790579698945336,1.3227819001388785,Normal,0.20513717829723188,0.6325363553827292,0.42368429932631385,0.7863800067246844,0.7044278126226341,0.5046738524931558,0.33927962573482623,0.21093175171151785,0.6094527348761689,0.40129652428458185,0.274947421717195,0.22623642748265912,0.6120766175172487,0.23065556948359714,0.053227100310333106,2026-09-13T16:36:24Z
823734,641343,Jake Bauers,MIL,CIN,1,5,confirmed,Chase Burns,American Family Field,2026-09-13T18:10:00Z,4.029266879165459,1368,790,0.6066221969433853,0.6102279243733623,0.28206748259889186,Normal,0.16143072616882528,0.5998955947132892,0.5819325078570552,0.7676339843311336,0.6919316900371495,0.48879080640196493,0.32346615699149567,0.19727604626067338,0.5793881252616344,0.3573998012161887,0.2311109107969336,0.18228024093734468,0.5817144408528016,0.20096038907020944,0.04071450892490132,2026-09-13T16:36:24Z
823734,663886,Tyler Stephenson,CIN,MIL,0,5,confirmed,Robert Gasser,American Family Field,2026-09-13T18:10:00Z,4.202721859937624,1984,539,0.4860985616281809,0.5594598066008364,0.19441420123076975,Normal,0.13658382732278712,0.651193397646205,0.36313303293291543,0.7270117810036602,0.6854215869969754,0.482868439757188,0.31920513389371474,0.19473875403257002,0.6266743547853006,0.38645861747603105,0.23433177342427317,0.16911788145080764,0.6294626154274447,0.2463877569193249,0.05898361008356481,2026-09-13T16:36:24Z
823734,592885,Christian Yelich,MIL,CIN,1,6,confirmed,Chase Burns,American Family Field,2026-09-13T18:10:00Z,3.87957181088314,2722,790,0.4874306481233537,0.6070697641308197,-0.035263138619638534,Normal,0.11612091576350339,0.6124906063122965,0.3818230637537285,0.7160398239764869,0.6649097176872797,0.45900458107445463,0.2969747518148346,0.17660701782936866,0.5910825927395207,0.3416113917957879,0.1997506418983326,0.14201590210007115,0.5935112599107119,0.21030081582099394,0.043489241967238995,2026-09-13T16:36:24Z
823734,668709,JJ Bleday,CIN,MIL,0,6,confirmed,Robert Gasser,American Family Field,2026-09-13T18:10:00Z,4.05248950209958,2025,539,0.41321653820597976,0.5560913571403087,-2.1410650846994552,Cold,0.10702130768164758,0.5410371157034666,0.38949388264490603,0.6811185937624721,0.618428334859692,0.41316545330061477,0.2595409292594047,0.1495876587861291,0.5245038889767897,0.3120622668453632,0.17989306426321608,0.1304374326476907,0.5263774036896559,0.15947328999824403,0.028269657922875266,2026-09-13T16:36:24Z
823734,687401,Joey Ortiz,MIL,CIN,1,7,confirmed,Chase Burns,American Family Field,2026-09-13T18:10:00Z,3.7509375,1426,790,0.3648813260277659,0.5915892233536353,0.777126877256366,Normal,0.06674593000590483,0.5833934108465896,0.24497121652376996,0.60357556185727,0.6079770831786114,0.40114580926485244,0.24855535797346795,0.14081876438418298,0.5641561215581149,0.30382106301384587,0.15813676753477302,0.09625031336624447,0.5663365614806432,0.18683489628180036,0.03533419216548543,2026-09-13T16:36:24Z
823734,682877,Juan Brito,CIN,MIL,0,7,confirmed,Robert Gasser,American Family Field,2026-09-13T18:10:00Z,3.921186981493299,78,539,0.4456883562173156,0.5417223807540806,0.03017554014289678,Normal,0.1145292594807868,0.6257056938561212,0.30607673031066146,0.6365391196546286,0.6595304520289469,0.45444231121724826,0.2939046731951015,0.17492995139363268,0.6032197472837884,0.36028863709511016,0.21055664096761334,0.14657243401987666,0.6057733627994608,0.22303289740913174,0.04921319041638408,2026-09-13T16:36:24Z
823734,800325,Luis Lara,MIL,CIN,1,8,confirmed,Chase Burns,American Family Field,2026-09-13T18:10:00Z,3.6027681660899655,173,790,0.3773117600540888,0.5880996624783801,-0.5821681464082794,Normal,0.06069667946387767,0.5732481842572503,0.26183347765620435,0.6716215453613564,0.6085240427829797,0.40085306517470476,0.24782584282221654,0.13998106891271905,0.5548042948460181,0.29438684683514044,0.14832580147089358,0.08832705871294823,0.5568939037889284,0.17814220840289888,0.0321497690458023,2026-09-13T16:36:24Z
823734,624431,Jose Trevino,CIN,MIL,0,8,confirmed,Robert Gasser,American Family Field,2026-09-13T18:10:00Z,3.7563797209935355,1196,539,0.39059261810999363,0.5404830833414526,-1.8975107801775204,Normal,0.10231525815616302,0.5956525377492757,0.19978859231741336,0.4786082153206315,0.6275824049894057,0.4213082997719827,0.2656991166539059,0.1537310859901484,0.5754543623759804,0.3203924024905438,0.17915704592383241,0.12500015436451506,0.5777456738249792,0.1978491867419094,0.0399122484039046,2026-09-13T16:36:24Z
823734,806198,Cooper Pratt,MIL,CIN,1,9,confirmed,Chase Burns,American Family Field,2026-09-13T18:10:00Z,3.4405196914332112,229,790,0.38865668307562407,0.5926601725968228,-0.18373239398290955,Normal,0.06238532805700881,0.5551542604365969,0.25565024269329306,0.600200749398945,0.5975829029348158,0.3894495272783703,0.23811287465277767,0.13269336864842632,0.5380396341862321,0.2758491127903352,0.1384207212854926,0.08488730809524114,0.5399773667583609,0.16387300291573506,0.02732061211260569,2026-09-13T16:36:24Z
823734,699302,Héctor Rodríguez,CIN,MIL,0,9,confirmed,Robert Gasser,American Family Field,2026-09-13T18:10:00Z,3.612366737739872,114,539,0.40969508750801414,0.5418249108894755,0.40985516540668915,Normal,0.10200646915996396,0.5538853422649401,0.26198313768108655,0.6591744299639215,0.616666108772435,0.40966923628452523,0.2556028849961685,0.14602158992130768,0.5366717248768336,0.2958542274445717,0.16808334919646734,0.12106797605551901,0.53862197782677,0.16590382607910523,0.029275267621225065,2026-09-13T16:36:24Z
823815,665923,Esteury Ruiz,MIA,LAD,1,1,projected,Emmet Sheehan,loanDepot park,2026-09-13T17:40:00Z,4.429179740026894,841,972,0.5028059944884845,0.6499892960744781,-2.050537410418684,Cold,0.08241720595998844,0.6073772979774542,0.3517654509390398,0.8243159742545354,0.6497015597607313,0.4458051831213918,0.2876569923090399,0.1710426394783022,0.586152072083801,0.33483920791241756,0.1826830683955648,0.11663754762178949,0.5885629953174617,0.21034845484831863,0.04594087727315905,2026-09-13T16:36:24Z
823815,605141,Mookie Betts,LAD,MIA,0,1,confirmed,Eury Pérez,loanDepot park,2026-09-13T17:40:00Z,4.604358571107616,2981,1340,0.6684961361934552,0.6348411692421686,0.96955529116878,Normal,0.15871371367858422,0.6734592482730554,0.37290364853654984,0.5300459085579362,0.7353308073088598,0.5426838220712978,0.3762623756828638,0.2422829688269311,0.647021131717559,0.41731042005362706,0.266878595609086,0.19754376245123537,0.6500351138312817,0.2709083424622506,0.07192705777710785,2026-09-13T16:36:24Z
823815,805300,Jakob Marsee,MIA,LAD,1,2,projected,Emmet Sheehan,loanDepot park,2026-09-13T17:40:00Z,4.3208860759493675,802,972,0.5808082357488745,0.6415164000707733,1.9246585001890748,Normal,0.10430577788858414,0.607509862185195,0.5041655120614266,0.6506133215576442,0.6691376215966119,0.46563749355477985,0.304317402260346,0.1834043209106929,0.5863194445282341,0.34680023088478906,0.20367151980620013,0.13890244531643567,0.5887256574183284,0.20950639411211375,0.04508887326469871,2026-09-13T16:36:24Z
823815,518692,Freddie Freeman,LAD,MIA,0,2,confirmed,Eury Pérez,loanDepot park,2026-09-13T17:40:00Z,4.527442254714981,3307,1340,0.5998217180602776,0.6229909700408054,-1.8573759893884627,Normal,0.11080831698790651,0.6808082903862085,0.42403133260551285,0.6433835549095492,0.7214247122698597,0.5255481576034374,0.3595543835638959,0.22808637978969354,0.6537876616104715,0.4140927924130575,0.24292198343132101,0.16094893626666462,0.6568682479322493,0.27727853155065635,0.07426702227794747,2026-09-13T16:36:24Z
823815,672640,Otto Lopez,MIA,LAD,1,3,projected,Emmet Sheehan,loanDepot park,2026-09-13T17:40:00Z,4.219538037719856,1669,972,0.451388139511263,0.6279887559453958,1.7279277499986625,Normal,0.07299077223490842,0.6603927322634796,0.2621209647621781,0.5475347599168479,0.6776736820997749,0.4741959744895444,0.31135490859503545,0.18849275104044336,0.6351408146466304,0.3639068587337577,0.19546210435334246,0.1162670202783603,0.6380130309690298,0.25448614961350313,0.06204881543618433,2026-09-13T16:36:24Z
823815,571970,Max Muncy,LAD,MIA,0,3,confirmed,Eury Pérez,loanDepot park,2026-09-13T17:40:00Z,4.403471634208298,2337,1340,0.6034628435659427,0.614433314037711,1.5101968518132836,Normal,0.1801394502934978,0.576222566691475,0.5273783221967822,0.7769546601102069,0.6979511846972417,0.49815987898235975,0.3339433581563024,0.20710817338001422,0.557214740180581,0.35650434482376814,0.23979203874539337,0.19765976637914584,0.5593718380117103,0.18636351456994707,0.0376624282282839,2026-09-13T16:36:24Z
823815,682663,Agustín Ramírez,MIA,LAD,1,4,projected,Emmet Sheehan,loanDepot park,2026-09-13T17:40:00Z,4.143540669856459,798,972,0.41543507452429135,0.6070644070281647,-1.2784916675326545,Normal,0.09239166587690996,0.5843889116710368,0.3020681065968098,0.7080345813291147,0.6484771130241469,0.4426628603404637,0.2836468093565894,0.1670567097806608,0.5649742061514588,0.3272408903381791,0.17998598315247474,0.12103581242749734,0.567176048112866,0.18950875223606087,0.03719348166854573,2026-09-13T16:36:24Z
823815,669257,Will Smith,LAD,MIA,0,4,confirmed,Eury Pérez,loanDepot park,2026-09-13T17:40:00Z,4.336109750122489,2347,1340,0.5238207249576811,0.5938759942162493,-0.027927243712675225,Normal,0.12269279898208181,0.6251685741685002,0.43813154485315153,0.621570407963301,0.6959436684447821,0.4950782127953147,0.3305598595976208,0.20398859410162265,0.602650609774147,0.35893361763046067,0.21403171377520833,0.15268124728354726,0.6052094712987424,0.22433226458234584,0.05078124515304778,2026-09-13T16:36:24Z
823815,669065,Kyle Stowers,MIA,LAD,1,5,projected,Emmet Sheehan,loanDepot park,2026-09-13T17:40:00Z,4.029266879165459,1265,972,0.47909969918619055,0.5846851711052066,-1.2277707740798043,Normal,0.16044865308161868,0.6026034796885388,0.39802395892709735,0.8126128179871988,0.67753676482279,0.47299834101847826,0.3094993975891463,0.18645052536524515,0.5818973331054704,0.3672709901552537,0.2398637211056001,0.18617756500249874,0.5842463607145625,0.20309982325961465,0.041446243786220506,2026-09-13T16:36:24Z
823815,663656,Kyle Tucker,LAD,MIA,0,5,confirmed,Eury Pérez,loanDepot park,2026-09-13T17:40:00Z,4.202721859937624,2790,1340,0.5072448296249266,0.5751877548383834,0.11120521330210899,Normal,0.12511009583659607,0.5889808357880899,0.4494735336131599,0.5786255271448926,0.6820740403566314,0.47919721254844844,0.3159470132955601,0.19219872029288712,0.5691718638881607,0.3392841886211763,0.20566815308886535,0.15103229208376398,0.571419619516245,0.1943004376361923,0.039495345560147166,2026-09-13T16:36:24Z
823815,681715,Heriberto Hernández,MIA,LAD,1,6,projected,Emmet Sheehan,loanDepot park,2026-09-13T17:40:00Z,3.87957181088314,740,972,0.4173247139272227,0.5819775330685332,-1.0240976283362955,Normal,0.1287382914507043,0.5602261037194848,0.3404912764536266,0.7706766295494406,0.6458263274422602,0.43915081781972765,0.28008735121022066,0.16395465143765656,0.5425457150600106,0.3141721258081443,0.19145979912167355,0.14665924481264725,0.5445489848659899,0.17071440640407815,0.03066131420901957,2026-09-13T16:36:24Z
823815,800543,Josue De Paula,LAD,MIA,0,6,confirmed,Eury Pérez,loanDepot park,2026-09-13T17:40:00Z,4.05248950209958,8,1340,0.44826340117768404,0.5713864273539666,,Unknown,0.10871682873216153,0.5868966235504344,0.38334237303759766,0.6445313321781635,0.6538327968394066,0.44892868716461154,0.2894580413445388,0.1717527827004244,0.5672425229535942,0.3266829268370371,0.1891989419320315,0.13405867340815508,0.5694721802585829,0.19242061599145927,0.03861586705959843,2026-09-13T16:36:24Z
823815,665052,Griffin Conine,MIA,LAD,1,7,projected,Emmet Sheehan,loanDepot park,2026-09-13T17:40:00Z,3.7509375,451,972,0.4966770250841597,0.567372684307427,1.0861114349497454,Normal,0.15169658009209583,0.585085513813971,0.40422117363508564,0.7500082647402175,0.6686883465314235,0.46244464519176937,0.29957170259784555,0.17832229689842818,0.5657281058819731,0.339296729732158,0.2158049461875908,0.16996811285047428,0.5679222449346032,0.18810402248616034,0.03573716317244717,2026-09-13T16:36:24Z
823815,669743,Alex Call,LAD,MIA,0,7,confirmed,Eury Pérez,loanDepot park,2026-09-13T17:40:00Z,3.921186981493299,1188,1340,0.42451957687751074,0.5564599294069251,-1.1110951262405473,Normal,0.07046634326480454,0.5747043578935458,0.41963892423087934,0.5964588378673046,0.6266061929410982,0.42083833467468723,0.26561128311153065,0.1538625070434838,0.5559461131031461,0.29876512750093215,0.15432815309393413,0.09666980200887686,0.5580732196474257,0.18269553941057617,0.03520050715793163,2026-09-13T16:36:24Z
823815,688363,Graham Pauley,MIA,LAD,1,8,projected,Emmet Sheehan,loanDepot park,2026-09-13T17:40:00Z,3.6027681660899655,358,972,0.40328712003470235,0.5645734098437726,0.2935424884859612,Normal,0.10782026682674518,0.538590378285723,0.29962513306641425,0.6363858497671441,0.6129276810282035,0.40508577858164324,0.25122049391276235,0.14239528276225463,0.5224610517391913,0.29849412703145783,0.17321021507819506,0.1271509273019854,0.5242872850382234,0.15423228988153742,0.02531175728465018,2026-09-13T16:36:24Z
823815,500743,Miguel Rojas,LAD,MIA,0,8,confirmed,Eury Pérez,loanDepot park,2026-09-13T17:40:00Z,3.7563797209935355,1807,1340,0.37754336136883876,0.5549126876422062,-0.2933854296916767,Normal,0.06597969600709201,0.5850085031703952,0.2545952923067767,0.4622116063673385,0.6148246249274938,0.40877386590783227,0.2554386456622091,0.14627883357719762,0.5655732557967623,0.304705771907127,0.15261438817366754,0.09283259181665182,0.567777396243932,0.1896852061037218,0.03719354714164484,2026-09-13T16:36:24Z
823815,691594,Javier Sanoja,MIA,LAD,1,9,projected,Emmet Sheehan,loanDepot park,2026-09-13T17:40:00Z,3.4405196914332112,813,972,0.3754739597317554,0.5699188752579072,1.7660528814543954,Normal,0.06730777622357162,0.5738152769429804,0.19306200222934036,0.3999734941461487,0.6079684229201548,0.3992751994258543,0.24588500764746027,0.13814554798039802,0.5554317647717067,0.3110509361162191,0.1617167940652527,0.09859903301397664,0.5575138211266158,0.17696088362086232,0.03104824152060697,2026-09-13T16:36:24Z
823815,690976,Alex Freeland,LAD,MIA,0,9,confirmed,Eury Pérez,loanDepot park,2026-09-13T17:40:00Z,3.612366737739872,348,1340,0.4279459133981825,0.5557940372193698,0.05271995904680736,Normal,0.07137979700267248,0.5183034094216978,0.36974498841683573,0.7723566012193673,0.5948299141788119,0.3887990124420995,0.23888260461835056,0.1341167151358342,0.5033642191052772,0.25755428961852866,0.13310447121485014,0.08874721148290517,0.5050556873933145,0.14253088299931618,0.02279689486394745,2026-09-13T16:36:24Z
824225,805808,Kevin McGonigle,DET,COL,1,1,projected,Gabriel Hughes,Comerica Park,2026-09-13T16:10:00Z,4.427063935443823,639,250,0.6205170529509278,0.658542260571334,-0.6733260738740392,Normal,0.1077751983864239,0.6797644240896824,0.4605130692153256,0.4260034412346128,0.7171282935754003,0.5191412227302244,0.3522246048005632,0.2213830362015109,0.6528260166499168,0.3970145069866401,0.2319242259494356,0.1528235560236101,0.656561676009001,0.2750582919384687,0.0722538243792014,2026-09-13T04:37:43Z
824225,678662,Ezequiel Tovar,COL,DET,0,1,projected,Jackson Jobe,Comerica Park,2026-09-13T16:10:00Z,4.605918367346939,2202,359,0.5463139085916037,0.6253136644522695,0.0646476312834157,Normal,0.0918252162727902,0.6664298174099845,0.3044700426701489,0.7231964930633472,0.69941211319889,0.499912388982922,0.3354246111998968,0.2085625985502547,0.640535576977998,0.3976974197253131,0.2283267732549474,0.1449158902949731,0.6441267251073759,0.2640072941526664,0.0686031505418325,2026-09-13T04:37:43Z
824225,650402,Gleyber Torres,DET,COL,1,2,projected,Gabriel Hughes,Comerica Park,2026-09-13T16:10:00Z,4.319433962264151,2918,250,0.5432024564518966,0.6518197527254943,-0.1322299447329683,Normal,0.0929384022114158,0.6648437635392255,0.4103165330050927,0.5718290484211995,0.6966008794177848,0.4949554686023123,0.3295140622382598,0.202776354002281,0.6391686420278634,0.3710517051673309,0.2035127047036951,0.1294967398673834,0.6427249294057865,0.2595191448784478,0.0646468003105324,2026-09-13T04:37:43Z
824225,666160,Mickey Moniak,COL,DET,0,2,projected,Jackson Jobe,Comerica Park,2026-09-13T16:10:00Z,4.516752824047482,1713,359,0.5443073867178395,0.6148918594749123,-2.2781825577333583,Cold,0.1814307776610393,0.653609068437302,0.2807593311941177,0.721541417766044,0.7062358653548827,0.5070736477006682,0.3415123289307193,0.2130898521536249,0.6287798915732864,0.4126509360873119,0.2800532472674012,0.2167947682368148,0.6322199128217514,0.2509966694114801,0.0623468477542354,2026-09-13T04:37:43Z
824225,682985,Riley Greene,DET,COL,1,3,projected,Gabriel Hughes,Comerica Park,2026-09-13T16:10:00Z,4.229597388465724,2604,250,0.5258004607918397,0.6377651515005914,1.6632269594615994,Normal,0.1286150071467986,0.6741520222621881,0.3863126126898977,0.6494421722256931,0.7023208641948973,0.5006477719391021,0.334091368298022,0.2059663905088741,0.6477529564791188,0.4068518878019728,0.249300489965389,0.1730503241267882,0.6514094674302098,0.2671738505228723,0.0671541240180655,2026-09-13T04:37:43Z
824225,696100,Hunter Goodman,COL,DET,0,3,projected,Jackson Jobe,Comerica Park,2026-09-13T16:10:00Z,4.405720531973037,1406,359,0.5364686594245495,0.6023053737543076,-1.0665879176925683,Normal,0.1893263583710453,0.6512671768035666,0.3225556971634518,0.782554368474194,0.7118374413717636,0.5131773630058797,0.3468349795709876,0.2171308406901187,0.6266406229945074,0.4113066064574691,0.2792721028516468,0.220076703493705,0.6300513581512691,0.2482677856639281,0.0607842363879677,2026-09-13T04:37:43Z
824225,679529,Spencer Torkelson,DET,COL,1,4,projected,Gabriel Hughes,Comerica Park,2026-09-13T16:10:00Z,4.139047619047619,2671,250,0.4680175953872085,0.6208724682782887,-1.436321805961564,Normal,0.1115880332628291,0.61159432284119,0.395190345626211,0.7368212123484122,0.6578901207219235,0.4516826848442736,0.2905122996384446,0.1719666979775466,0.5901775810778028,0.3556486198445419,0.2037989035547912,0.1422087245569765,0.5931360932063495,0.210637488544401,0.0442674978768045,2026-09-13T04:37:43Z
824225,687597,Jordan Beck,COL,DET,0,4,projected,Jackson Jobe,Comerica Park,2026-09-13T16:10:00Z,4.324463519313305,926,359,0.4103232183561562,0.5833580051480473,-0.7419575458079823,Normal,0.075770450253135,0.6351838743858528,0.3191630846313121,0.767228068569655,0.6424302853405884,0.4370508274059531,0.2790668483966096,0.164110821457651,0.6118737960025692,0.3548623831646342,0.1941708045507818,0.1185846184989444,0.6150988175601555,0.232703838664586,0.0538095384529153,2026-09-13T04:37:43Z
824225,690993,Colt Keith,DET,COL,1,5,projected,Gabriel Hughes,Comerica Park,2026-09-13T16:10:00Z,4.024292511895817,1431,250,0.4585274735346516,0.6001004149885556,-1.5353582403565609,Normal,0.0958251591293059,0.6519808844756851,0.3325675825181287,0.5183796828436144,0.6663187581494814,0.4601150135574485,0.2974143761254113,0.1769224640497603,0.6274537212779028,0.3629278682635058,0.2059183226846313,0.1336321799374075,0.6308454958703277,0.2446155628860016,0.0565502608711356,2026-09-13T04:37:43Z
824225,681198,TJ Rumfield,COL,DET,0,5,projected,Jackson Jobe,Comerica Park,2026-09-13T16:10:00Z,4.1978293043907255,578,359,0.5020755700932403,0.5637375136749242,1.3906881598571137,Normal,0.1056526036229606,0.650659327058495,0.4948611357768285,0.4362250362988371,0.6775385264471744,0.4735053289661659,0.3100963870079473,0.1873848126573984,0.6261564484770911,0.372629046725964,0.2149844301812628,0.1435150885812349,0.6295475119651549,0.2456934743138921,0.0584663125327212,2026-09-13T04:37:43Z
824225,656716,Zach McKinstry,DET,COL,1,6,projected,Gabriel Hughes,Comerica Park,2026-09-13T16:10:00Z,3.8912473794549274,1937,250,0.4201232289501057,0.593753832271939,-1.243648832860787,Normal,0.0734210228353664,0.5969373662262975,0.3435307402201176,0.4589896280296253,0.6285316885948815,0.4209901613105736,0.2642053080964519,0.1520836673442999,0.5766601322305775,0.3296534234409663,0.1856105749232473,0.1139483411995724,0.5794589244106872,0.1977221205763686,0.0390831995234311,2026-09-13T04:37:43Z
824225,687859,Troy Johnston,COL,DET,0,6,projected,Jackson Jobe,Comerica Park,2026-09-13T16:10:00Z,4.063428874734608,542,359,0.4242275745470676,0.5574194257213715,-0.8881691698958656,Normal,0.0832087546938562,0.6295549077276674,0.3721799525379296,0.5151116881059999,0.6499287830743626,0.4440683312664619,0.2844853908551885,0.1677667764250485,0.6067214159706319,0.3509555547675224,0.1905013202253715,0.119910500903881,0.6098783552844541,0.2266695600602342,0.050700230851627,2026-09-13T04:37:43Z
824225,693307,Dillon Dingler,DET,COL,1,7,projected,Gabriel Hughes,Comerica Park,2026-09-13T16:10:00Z,3.7455721113297726,1123,250,0.3959786564012385,0.5819000805738721,-2.1354152805048057,Cold,0.1036287448265571,0.6094626010917245,0.2686777306477502,0.6095170208599485,0.6521472025732801,0.4444064792000727,0.2833955263308527,0.1659631808128928,0.5883038334715667,0.3412929360300388,0.1951350314723865,0.1333719725483308,0.5912247068307495,0.206896504698567,0.041833527943539,2026-09-13T04:37:43Z
824225,664983,Jake McCarthy,COL,DET,0,7,projected,Jackson Jobe,Comerica Park,2026-09-13T16:10:00Z,3.914115646258504,1916,359,0.443680162312456,0.5460123513861621,1.7242908290393433,Normal,0.0905242570622835,0.6303658785993027,0.2921288657942557,0.4535109746752731,0.6583175379667892,0.452263783886345,0.291120292331072,0.1725065357152425,0.6075112079861563,0.3483387998337269,0.2039374778529395,0.1317622590169372,0.6106704390531442,0.2265385683424839,0.0502252760634133,2026-09-13T04:37:43Z
824225,595879,Javier Báez,DET,COL,1,8,projected,Gabriel Hughes,Comerica Park,2026-09-13T16:10:00Z,3.5889387144992524,2042,250,0.3871817389540534,0.5801709748161871,-0.8981683598323235,Normal,0.0689729397263329,0.5879967894018547,0.2024526326723824,0.5608582910531961,0.6268506557496982,0.4178277261086112,0.2606692401594065,0.1488988539973984,0.5685046590511417,0.3083422720843917,0.1603616149467616,0.0982255885181142,0.5711932986817378,0.188632535336327,0.0351571102035578,2026-09-13T04:37:43Z
824225,681393,Connor Norby,COL,DET,0,8,projected,Jackson Jobe,Comerica Park,2026-09-13T16:10:00Z,3.759036144578314,867,359,0.4298600783852783,0.5433733878817164,0.5419196416990182,Normal,0.0777262059247016,0.5784481770107928,0.3566497172078763,0.7015211268048451,0.6385640230000101,0.4313875677312161,0.2731381265747336,0.1588840580547086,0.5594728930819292,0.312367043854562,0.1630207795084161,0.1047573390267822,0.562091570296875,0.1842851373062581,0.0351996454857606,2026-09-13T04:37:43Z
824225,701678,Hao-Yu Lee,DET,COL,1,9,projected,Gabriel Hughes,Comerica Park,2026-09-13T16:10:00Z,3.396614268440145,297,250,0.3930909764133629,0.5909051919620462,-1.4584868104405526,Normal,0.076583175255328,0.5768267324617652,0.2749395592011737,0.5662817024980767,0.6225134665054257,0.412424867119705,0.2555367707202793,0.1447181874073266,0.5582309103137548,0.30142086115547,0.1570230132223565,0.1007770042399765,0.5607944625828942,0.1786781801708971,0.0313515155481182,2026-09-13T04:37:43Z
824225,691720,Kyle Karros,COL,DET,0,9,projected,Jackson Jobe,Comerica Park,2026-09-13T16:10:00Z,3.590880303989867,574,359,0.4700497693003773,0.5486455365428217,-0.6372004091162589,Normal,0.0720002885932231,0.5673277782892688,0.3814484916315165,0.5528168797689511,0.6311577747437452,0.4232383206673829,0.2659386976827125,0.1533181189675159,0.549187338534791,0.2954401894790304,0.1538782741147164,0.0974649729638797,0.5516896756131142,0.1751974876092702,0.0319801371508232,2026-09-13T04:37:43Z
824628,691718,Pete Crow-Armstrong,CHC,PIT,1,1,confirmed,Bubba Chandler,Wrigley Field,2026-09-13T18:20:00Z,4.429179740026894,1744,737,0.7037722928614125,0.6557673782700341,0.1419235556800733,Normal,0.22049638835742777,0.656079118127465,0.4158365944702395,0.6824589529810406,0.7313205729049187,0.5367482039933471,0.3696379798011106,0.2359859100977416,0.631101049644671,0.42964291206108673,0.3072294290826234,0.25026233539296866,0.6339438596181544,0.25261593748903804,0.06264773807880351,2026-09-13T16:36:24Z
824628,804606,Konnor Griffin,PIT,CHC,0,1,confirmed,Matthew Boyd,Wrigley Field,2026-09-13T18:20:00Z,4.604358571107616,280,1690,0.5932229402134124,0.6567958867232744,-0.22705838857432806,Normal,0.11715575534790405,0.6882136125499948,0.31140957746403214,0.7293550457780872,0.7063247842944971,0.5085055597015402,0.3441042868909265,0.21581821006677343,0.6605552547444034,0.4110882571033044,0.2483038737534587,0.16696304741868617,0.6637111256606776,0.28556297779568474,0.0787586520439067,2026-09-13T16:36:24Z
824628,673548,Seiya Suzuki,CHC,PIT,1,2,confirmed,Bubba Chandler,Wrigley Field,2026-09-13T18:20:00Z,4.3208860759493675,2844,737,0.5592157728486062,0.6480995539491025,1.171548517109274,Normal,0.10622344077733241,0.6465434090688386,0.467204564796231,0.660906552208314,0.6957638708738672,0.49480249315965563,0.3302083431699054,0.2036090669080053,0.6223622481266652,0.3810416117866448,0.223628369720858,0.14931653307965675,0.6251120609638942,0.24285399085060774,0.05789769448417146,2026-09-13T16:36:24Z
824628,665833,Oneil Cruz,PIT,CHC,0,2,confirmed,Matthew Boyd,Wrigley Field,2026-09-13T18:20:00Z,4.527442254714981,1919,1690,0.523265396330761,0.6455386146052512,1.576028651943837,Normal,0.12164984472434355,0.6286431051744243,0.3815916700408177,0.8510149061150855,0.6810776882172185,0.47973960618025946,0.31766234153566214,0.1944666116115725,0.6057838854770383,0.36799804699186406,0.22271611010699707,0.15712331071824853,0.6083833798898077,0.22901868652636767,0.05359303548059434,2026-09-13T16:36:24Z
824628,683737,Michael Busch,CHC,PIT,1,3,confirmed,Bubba Chandler,Wrigley Field,2026-09-13T18:20:00Z,4.219538037719856,1895,737,0.5147510147713752,0.6356845545527782,-0.1331063900259692,Normal,0.13654649239835154,0.6137587761039355,0.4798738021956049,0.6442967345265644,0.6721554037459714,0.46824028514434096,0.30613312761874795,0.18446567120533713,0.592149939932377,0.3629862926165267,0.22428712608176365,0.1656315033726852,0.5946034703531666,0.21367020278656945,0.046093703520458426,2026-09-13T16:36:24Z
824628,668804,Bryan Reynolds,PIT,CHC,0,3,confirmed,Matthew Boyd,Wrigley Field,2026-09-13T18:20:00Z,4.403471634208298,3249,1690,0.45242125239000536,0.641924965736876,0.22054024609955175,Normal,0.0899745147875422,0.6367305655503642,0.3735850133709719,0.6977089754762597,0.6643470709584312,0.46138557059509566,0.3012382505872152,0.18150120181733626,0.6132645555782671,0.36307998796151325,0.2043305738352103,0.13109023679927137,0.6159333125094152,0.2355202494676959,0.05579371378817872,2026-09-13T16:36:24Z
824628,608324,Alex Bregman,CHC,PIT,1,4,confirmed,Bubba Chandler,Wrigley Field,2026-09-13T18:20:00Z,4.143540669856459,3174,737,0.5094104469419957,0.6153933573236318,1.9061604685823816,Normal,0.1133344850318252,0.6306006608303928,0.4492352628538702,0.46770585923868097,0.6845451962330285,0.4809807123471893,0.31681117414390614,0.19232282026149997,0.6077586012383582,0.36436758009497455,0.21039614463728037,0.14552445907456582,0.6103526981237852,0.22672533752897447,0.05030584338883336,2026-09-13T16:36:24Z
824628,804668,Rafael Flores Jr.,PIT,CHC,0,4,confirmed,Matthew Boyd,Wrigley Field,2026-09-13T18:20:00Z,4.336109750122489,140,1690,0.5063402855485402,0.625315980908702,0.6384929121315812,Normal,0.17798805310027166,0.6551327354531401,0.32113755626685225,0.7488627493367207,0.7000792857246299,0.49973667991569876,0.33478069223412354,0.20734111004745517,0.6302693962896767,0.40408489992004554,0.26600205064489224,0.20683443813070315,0.6330982499476249,0.25084584924901104,0.061396245068783835,2026-09-13T16:36:24Z
824628,664023,Ian Happ,CHC,PIT,1,5,confirmed,Bubba Chandler,Wrigley Field,2026-09-13T18:20:00Z,4.029266879165459,3243,737,0.5048125045209856,0.5934482497008129,0.08073567372093035,Normal,0.1234572706868311,0.5879311204701849,0.471528939081137,0.6877010620954996,0.6602503259651329,0.4545681767565133,0.293527250082631,0.17428013957822583,0.5682889667328763,0.3459535137038636,0.20507760465569694,0.1499905918685462,0.5705164215289512,0.19169378993866773,0.03761387639879614,2026-09-13T16:36:24Z
824628,693304,Nick Gonzales,PIT,CHC,0,5,confirmed,Matthew Boyd,Wrigley Field,2026-09-13T18:20:00Z,4.202721859937624,1491,1690,0.46682077564061886,0.6107350385209684,0.23565104245564317,Normal,0.08220326027869301,0.6816253338878754,0.30494642950534456,0.5255765484510981,0.6794649353861609,0.4763511847108971,0.31343094678619093,0.190243573367904,0.6546133116796582,0.38721887120019555,0.21397722723494622,0.13004296159301926,0.6576893872363825,0.27522403959207703,0.07133965526326268,2026-09-13T16:36:24Z
824628,663538,Nico Hoerner,CHC,PIT,1,6,confirmed,Bubba Chandler,Wrigley Field,2026-09-13T18:20:00Z,3.87957181088314,3132,737,0.4184409112765131,0.5904795005323396,0.2985627476663922,Normal,0.05509929864699026,0.637073232746259,0.28999505709214746,0.3811158294771463,0.6467607090673658,0.4401077158992876,0.2808922286117465,0.16455197314125442,0.6137758508817891,0.3321990673391748,0.1651066134372143,0.09132791543827183,0.616420809020876,0.2309609263277782,0.05099344126090083,2026-09-13T16:36:24Z
824628,656811,Ryan O'Hearn,PIT,CHC,0,6,confirmed,Matthew Boyd,Wrigley Field,2026-09-13T18:20:00Z,4.05248950209958,1955,1690,0.4283970823048248,0.6075861881017195,-0.6560363106738745,Normal,0.09862237570035103,0.6236407230887079,0.29131027546123983,0.6352112536525747,0.6623033622245844,0.45780761193608116,0.29708274180149563,0.1775293233774389,0.6012745837413261,0.3434200915976335,0.19227955357294765,0.12874782642450677,0.6038147878593652,0.22194820436667534,0.0491021398324571,2026-09-13T16:36:24Z
824628,624424,Michael Conforto,CHC,PIT,1,7,confirmed,Bubba Chandler,Wrigley Field,2026-09-13T18:20:00Z,3.7509375,1718,737,0.4515756658192832,0.5755713842906746,1.180985145402779,Normal,0.1309333357849137,0.5537863866301095,0.4232819750019426,0.6038344320927546,0.6333364213619838,0.4259888871733837,0.2687880070347897,0.15541614959156563,0.5365836700769047,0.31675525150090506,0.1920885322145655,0.14846635452196544,0.5385323062652201,0.16555839788343024,0.028885854613518617,2026-09-13T16:36:24Z
824628,663968,Jake Mangum,PIT,CHC,0,7,confirmed,Matthew Boyd,Wrigley Field,2026-09-13T18:20:00Z,3.921186981493299,871,1690,0.4091419760035969,0.5918395167496409,-1.181930603360073,Normal,0.07590066897072542,0.6571514919639505,0.2607677024441173,0.5506419024585839,0.6526740909697957,0.4472886317675218,0.28778748847052193,0.1703148176013704,0.6321871276259337,0.35504124964168055,0.18775213732539595,0.11306982380595387,0.6350255323965238,0.2508175627204954,0.06011723268381502,2026-09-13T16:36:24Z
824628,699393,Pedro Ramírez,CHC,PIT,1,8,confirmed,Bubba Chandler,Wrigley Field,2026-09-13T18:20:00Z,3.6027681660899655,224,737,0.40125961755067646,0.5726009965444467,-0.6481012649910247,Normal,0.07359809852845958,0.5757441229570863,0.2943090765554328,0.5191276110375598,0.6279830675161231,0.4197891018969676,0.26314476017150396,0.15095720414881247,0.557126772997179,0.30588120417817716,0.160596954429287,0.10125822673022315,0.5592361398415324,0.17995441031269316,0.032697450921561205,2026-09-13T16:36:24Z
824628,669707,Jared Triolo,PIT,CHC,0,8,confirmed,Matthew Boyd,Wrigley Field,2026-09-13T18:20:00Z,3.7563797209935355,1376,1690,0.39766620773736605,0.5889790033011307,-0.016461687901879456,Normal,0.08105951440655798,0.5830163262615873,0.3162992365466776,0.5571714498765259,0.616000438914333,0.40991824932212495,0.2563691603916972,0.14695076386536038,0.5637220909892201,0.3012696893342416,0.15925167758545455,0.10432215373973992,0.5659101276998192,0.1881832716004132,0.0367028209613267,2026-09-13T16:36:24Z
824628,665804,Miguel Amaya,CHC,PIT,1,9,confirmed,Bubba Chandler,Wrigley Field,2026-09-13T18:20:00Z,3.4405196914332112,855,737,0.4007774152421247,0.5777761209076746,-1.3358616817408653,Normal,0.06302707660593995,0.5332741270610065,0.34867095765465866,0.5778999222976678,0.6017560954771043,0.39337808554765474,0.241209599458883,0.13485923259411886,0.5175816358054688,0.26716931042329367,0.13150370531747238,0.08266099731482603,0.5193577633150347,0.1493725963197834,0.02343844039799894,2026-09-13T16:36:24Z
824628,680779,Henry Davis,PIT,CHC,0,9,confirmed,Matthew Boyd,Wrigley Field,2026-09-13T18:20:00Z,3.612366737739872,939,1690,0.400120326728349,0.5875837295267813,0.06467944381163945,Normal,0.10267147453962645,0.5039543081139737,0.3206488425069475,0.6281730908544073,0.585452055754882,0.38005456305838814,0.2319982364325212,0.12928908453424467,0.489881815862706,0.2633154015757837,0.15079855961878533,0.11508974340810507,0.4914747897613359,0.13374872045532135,0.02054440606019327,2026-09-13T16:36:24Z
824708,680776,Jarren Duran,BOS,KC,1,1,projected,Noah Cameron,Fenway Park,2026-09-13T19:05:00Z,4.429179740026894,2593,1225,0.5113225419747142,0.692870336752508,-0.09097153634381845,Normal,0.10718832344861443,0.6467504274985949,0.262198945754288,0.6975911417992575,0.679542525906791,0.4775061723549927,0.31523841931639196,0.19222938721086166,0.6225151913581468,0.39914256340315646,0.2441979595269879,0.16253199615191893,0.6252722815254619,0.24408779310697595,0.05908240095396523,2026-09-13T16:36:24Z
824708,679845,Nick Loftin,KC,BOS,0,1,confirmed,Payton Tolle,Fenway Park,2026-09-13T19:05:00Z,4.604358571107616,824,625,0.523821432957049,0.6517999769101502,-1.4005120545368743,Normal,0.09155496820096744,0.6276576530501706,0.36849158157582823,0.6857724285517786,0.6621787078349737,0.45987587319256956,0.30053441629620453,0.18142209829757436,0.6048417565933131,0.36415155435029006,0.20652534759787575,0.1338767026095434,0.6074369107338489,0.22892483139219327,0.054001215791459715,2026-09-13T16:36:24Z
824708,701350,Roman Anthony,BOS,KC,1,2,projected,Noah Cameron,Fenway Park,2026-09-13T19:05:00Z,4.3208860759493675,495,1225,0.5191145449332581,0.6855832203623007,-0.5088837225184374,Normal,0.09363366828318452,0.648662293156174,0.42413969320572664,0.7171318850232468,0.6797646989709175,0.4771104705977762,0.3143960839364155,0.19119933390488275,0.6243129492629952,0.3727206082381431,0.21107124445884784,0.135850591285702,0.6270821344484494,0.24476612342406803,0.05867739665395646,2026-09-13T16:36:24Z
824708,677951,Bobby Witt Jr.,KC,BOS,0,2,confirmed,Payton Tolle,Fenway Park,2026-09-13T19:05:00Z,4.527442254714981,3298,625,0.5777176891152112,0.6407212552645739,-0.9789776788639686,Normal,0.13442098005494935,0.6990833039989666,0.30320886074407105,0.6607235299805633,0.7256621005682519,0.5305641629584789,0.36428179303272673,0.2319776551516485,0.6705275124777273,0.43843434412260235,0.27853619268731783,0.19297675065004175,0.6737867639211174,0.2958466244544741,0.08308134107259603,2026-09-13T16:36:24Z
824708,668939,Adley Rutschman,BOS,KC,1,3,projected,Noah Cameron,Fenway Park,2026-09-13T19:05:00Z,4.219538037719856,2527,1225,0.4233624026153358,0.6810970719512544,-1.150234769092425,Normal,0.09806931416778245,0.6203565614230044,0.34829691851549544,0.5229521632794544,0.6526828417138728,0.4476806546227729,0.288386113009779,0.17095864323755786,0.598250348529143,0.35271726140932724,0.19713257140662155,0.13138891767651711,0.6007609029529324,0.21913840764586895,0.04810245437910582,2026-09-13T16:36:24Z
824708,695506,Jac Caglianone,KC,BOS,0,3,confirmed,Payton Tolle,Fenway Park,2026-09-13T19:05:00Z,4.403471634208298,743,625,0.4676544554458251,0.635991421914282,0.9115731836958616,Normal,0.1407171646918632,0.6734001552975479,0.23320761466321557,0.7288306361141129,0.6967305527112337,0.4967846754684929,0.33269459559554104,0.20611309775301503,0.6469996476099631,0.4085602473438946,0.25377182568738077,0.18138255617799287,0.650007367945498,0.2694232067296922,0.07020110466524097,2026-09-13T16:36:24Z
824708,677800,Wilyer Abreu,BOS,KC,1,4,projected,Noah Cameron,Fenway Park,2026-09-13T19:05:00Z,4.143540669856459,1581,1225,0.45378103666565234,0.6677332806006442,0.8625587757269759,Normal,0.11655715360206424,0.6295982885969028,0.3330890151368464,0.5868905138178636,0.6728220408405853,0.4682565302335986,0.30563144802326175,0.18369761708061846,0.6068337566357693,0.3778654954363339,0.22189885034988766,0.15397319666765225,0.6094189613218343,0.22586775629666025,0.049983214075551195,2026-09-13T16:36:24Z
824708,521692,Salvador Perez,KC,BOS,0,4,confirmed,Payton Tolle,Fenway Park,2026-09-13T19:05:00Z,4.336109750122489,2928,625,0.37904082309131554,0.6183511468861016,1.1916524597228033,Normal,0.1359470911749036,0.642814051100106,0.23437440102650384,0.669817665537857,0.6669774908246794,0.46341378822087403,0.3024779119847918,0.18208254090974596,0.6189292932859313,0.3766125083691268,0.22698423818960875,0.1651616328294223,0.6216453610699775,0.2396874065423172,0.05681355216165082,2026-09-13T16:36:24Z
824708,596115,Trevor Story,BOS,KC,1,5,projected,Noah Cameron,Fenway Park,2026-09-13T19:05:00Z,4.029266879165459,1549,1225,0.44255990181826144,0.6532363731198279,-0.5235502844022162,Normal,0.10190657281920903,0.6345503629084819,0.25627387563034015,0.7041188128569545,0.6622250296351697,0.45664509079330834,0.29530981809129286,0.17562730560841333,0.6114215647770244,0.3632809434996097,0.20229234079466182,0.13500542926759454,0.6140479862122296,0.22956209022844445,0.050992026909939196,2026-09-13T16:36:24Z
824708,686681,Michael Massey,KC,BOS,0,5,confirmed,Payton Tolle,Fenway Park,2026-09-13T19:05:00Z,4.202721859937624,1690,625,0.40768862721794263,0.6025511016880285,1.1717436590156676,Normal,0.097090272939659,0.6636639563653842,0.19919527074529414,0.5794477113038364,0.665923097106692,0.46179065845520106,0.30068985514695484,0.18042840452281045,0.6381379012862363,0.38006311670093157,0.214235417963268,0.13807343798126626,0.6410422535533724,0.25791879492572084,0.06378853264484247,2026-09-13T16:36:24Z
824708,702332,Caleb Durbin,BOS,KC,1,6,projected,Noah Cameron,Fenway Park,2026-09-13T19:05:00Z,3.87957181088314,1044,1225,0.4447162437382266,0.6521789961071202,-0.7245776426139614,Normal,0.08311471004412195,0.6032293496535397,0.36944427716155276,0.40667582222816967,0.633568341099858,0.4267372150076871,0.2697277841750438,0.15631778714690867,0.5825105839021583,0.3252852785258833,0.17229447888941976,0.11095522488440167,0.5848604691550401,0.20286812930611955,0.04092595260641079,2026-09-13T16:36:24Z
824708,683090,Matthew Lugo,KC,BOS,0,6,confirmed,Payton Tolle,Fenway Park,2026-09-13T19:05:00Z,4.05248950209958,82,625,0.4284458002018996,0.5990091988933833,-0.6901209998402328,Normal,0.12982966259419687,0.6136594800580948,0.2423714937901535,0.8444310514033629,0.6495350027278333,0.4444730096599414,0.2856617097458079,0.16889586853120167,0.5920485655174302,0.3534328077589665,0.21564487467978524,0.1575887816904681,0.5945021792931915,0.21363549031523618,0.046033373973455846,2026-09-13T16:36:24Z
824708,643396,Isiah Kiner-Falefa,BOS,KC,1,7,projected,Noah Cameron,Fenway Park,2026-09-13T19:05:00Z,3.7509375,2002,1225,0.393018110449812,0.6365164617242449,0.594288343524644,Normal,0.06308103308121188,0.6171198264445185,0.265142785041967,0.4180041674768956,0.6172881260346451,0.4101475766799338,0.25581822178233443,0.14601651668622453,0.5954097971674573,0.3135516433812622,0.15640572442507766,0.09170684416815823,0.5978725757028825,0.21327114987615778,0.044156396869743146,2026-09-13T16:36:24Z
824708,686555,Isaac Collins,KC,BOS,0,7,confirmed,Payton Tolle,Fenway Park,2026-09-13T19:05:00Z,3.921186981493299,944,625,0.4080940736332332,0.5833220772133588,-0.7191814501105193,Normal,0.07513011882514992,0.5652151800327553,0.3984037028680383,0.681374392782597,0.6002374824626767,0.3952115267878615,0.24477361096653555,0.13880590998526407,0.5471102490886706,0.305124656050759,0.16255832728160938,0.10381729359535218,0.549162795928887,0.17578758675359873,0.03301445266177273,2026-09-13T16:36:24Z
824708,655316,Andruw Monasterio,BOS,KC,1,8,projected,Noah Cameron,Fenway Park,2026-09-13T19:05:00Z,3.6027681660899655,919,1225,0.39359576641270805,0.6313000317912744,-1.057899440958513,Normal,0.0690195385600719,0.5754325013707651,0.29911024185102003,0.5010268547989797,0.6075697675161025,0.3999397940959554,0.24709561123737028,0.13946309451092248,0.5568368581905867,0.3059387401619434,0.15492322700213443,0.09595261191588454,0.5589437523777726,0.17972747251209786,0.03262863886275263,2026-09-13T16:36:24Z
824708,571912,Luke Maile,KC,BOS,0,8,confirmed,Payton Tolle,Fenway Park,2026-09-13T19:05:00Z,3.7563797209935355,651,625,0.3556722357679778,0.5807920946391218,-1.7373023111265813,Normal,0.08261191786235417,0.5434948888749477,0.3045317179765112,0.7878358658096872,0.5861669673010459,0.3815342359759446,0.23365600924372,0.13077468668467965,0.5268822058980205,0.28488921853155935,0.15069886576266558,0.1025517024403776,0.528764445555622,0.1600190320660567,0.02804283879968189,2026-09-13T16:36:24Z
824708,657136,Connor Wong,BOS,KC,1,9,projected,Noah Cameron,Fenway Park,2026-09-13T19:05:00Z,3.4405196914332112,1363,1225,0.39617745238486113,0.6327792976503456,-1.468406438011005,Normal,0.07129359762071448,0.5504728975244,0.27365676434940783,0.5723731618071815,0.5994005818803372,0.3911574342637719,0.2394573898497572,0.1336326685402468,0.5336684735605132,0.28734580419256517,0.1452670237869261,0.09324396534072862,0.5355709431581517,0.16069520989613487,0.02644753779132342,2026-09-13T16:36:24Z
824708,686475,Tyler Tolbert,KC,BOS,0,9,confirmed,Payton Tolle,Fenway Park,2026-09-13T19:05:00Z,3.612366737739872,192,625,0.4397963656531337,0.5800584958485165,-0.4397475270184177,Normal,0.08860158479058833,0.588401593295077,0.27068985476728996,0.6145009222756179,0.635319847215622,0.4280923744395139,0.27070712254709794,0.15699183735647473,0.5688091701935792,0.3121035704851356,0.1690810710436144,0.11298006625503895,0.571030633481279,0.19088688852819685,0.03697383053461039,2026-09-13T16:36:24Z
824869,671739,Michael Harris II,ATL,PHI,1,1,confirmed,Andrew Painter,Truist Park,2026-09-13T17:35:00Z,4.429179740026894,2661,483,0.6541387070322139,0.6618413130407944,-0.2893800900464611,Normal,0.16601899988579644,0.7511565854601121,0.2250692088759118,0.5647920130768257,0.7601957025289902,0.5724848385988854,0.4043848298029415,0.2653091663634345,0.7180257368544565,0.48443830331218457,0.3169444732140393,0.2264638703117354,0.7218199963850663,0.3530232812442188,0.11230808124591564,2026-09-13T16:36:24Z
824869,656941,Kyle Schwarber,PHI,ATL,0,1,confirmed,Grant Holmes,Truist Park,2026-09-13T17:35:00Z,4.604358571107616,3446,1357,0.7175298046024396,0.6290665674627388,-1.2660314901080958,Normal,0.27740166233269,0.6163806120995136,0.5115942375453842,0.7842296524383603,0.7381704509710654,0.5461344844659602,0.37958296180452034,0.2450680066296818,0.5944161870027964,0.41618251704962633,0.3210143008940039,0.28752798499718013,0.5969133610423056,0.21934913329174707,0.050249566319744886,2026-09-13T16:36:24Z
824869,660670,Ronald Acuña Jr.,ATL,PHI,1,2,confirmed,Andrew Painter,Truist Park,2026-09-13T17:35:00Z,4.3208860759493675,2323,483,0.6293941163061755,0.654857175424096,1.260404704022394,Normal,0.1539913859263152,0.6758050081508928,0.42183925783535237,0.6325199021469071,0.7300862586194174,0.5345955865553588,0.3670168233936869,0.23334963497894623,0.6492495868105452,0.4037463737431362,0.2538690581203133,0.18718191332063314,0.6522734566657731,0.2702490409505071,0.06954344514964983,2026-09-13T16:36:24Z
824869,607208,Trea Turner,PHI,ATL,0,2,confirmed,Grant Holmes,Truist Park,2026-09-13T17:35:00Z,4.527442254714981,3217,1357,0.5806603784533227,0.6165659377288116,-0.3743872062987842,Normal,0.11772063311487538,0.6849041599625194,0.2727996139032769,0.6900156508533547,0.7180071285863576,0.5215323836305509,0.3557900810497205,0.22500201819281204,0.6575427766091057,0.4065512648994118,0.24332642634266927,0.16406873553223106,0.6606629576107911,0.2813608493296713,0.07616334088687783,2026-09-13T16:36:24Z
824869,621566,Matt Olson,ATL,PHI,1,3,confirmed,Andrew Painter,Truist Park,2026-09-13T17:35:00Z,4.219538037719856,3473,483,0.5857025143745499,0.643703589799808,-0.49070707749322073,Normal,0.22294426698657469,0.6687965466193935,0.3535878997801091,0.6444793670683642,0.7292434270468121,0.5328959694579832,0.36485137875302165,0.23112911113710438,0.6428570069542144,0.44382253957547696,0.30764179959491555,0.25120027423152835,0.6458085431813914,0.26240264227430976,0.06540296896126911,2026-09-13T16:36:24Z
824869,547180,Bryce Harper,PHI,ATL,0,3,confirmed,Grant Holmes,Truist Park,2026-09-13T17:35:00Z,4.403471634208298,2817,1357,0.6069220493917126,0.606813397354993,-0.2843343346138024,Normal,0.15371660282912553,0.666392848651412,0.5317642052799751,0.6286707690991971,0.7250987164922432,0.5295747054162814,0.36303414259868,0.2306786942598601,0.6405661406260429,0.41750963479484154,0.2619740334851914,0.19274765754774245,0.6435074190781003,0.2626845964827901,0.06721192988925744,2026-09-13T16:36:24Z
824869,686948,Drake Baldwin,ATL,PHI,1,4,confirmed,Andrew Painter,Truist Park,2026-09-13T17:35:00Z,4.143540669856459,1005,483,0.5183279979638697,0.6242370585120637,-0.018217941895547034,Normal,0.15622708994645987,0.7013809814142874,0.32071378837647496,0.5605756686598302,0.7274464354579461,0.5299951570182139,0.3614991193466302,0.22789311780891927,0.6727177346114155,0.42215637002246365,0.26464017840372117,0.192462013509414,0.6759827954492079,0.29356563777454814,0.07849490140067321,2026-09-13T16:36:24Z
824869,650333,Luis Arraez,PHI,ATL,0,4,confirmed,Grant Holmes,Truist Park,2026-09-13T17:35:00Z,4.336109750122489,3179,1357,0.45016905953688996,0.5855455777322254,0.15782967316267296,Normal,0.07718444408972361,0.7359486380573476,0.2529952978339353,0.324861194412015,0.7104172466550711,0.5115405549463935,0.34558097807711224,0.21599083287742385,0.7042025018188446,0.4288835304024703,0.23835795791950745,0.13864960036009236,0.7078317872129605,0.3340488078901098,0.10101053160985618,2026-09-13T16:36:24Z
824869,643289,Mauricio Dubón,ATL,PHI,1,5,confirmed,Andrew Painter,Truist Park,2026-09-13T17:35:00Z,4.029266879165459,2152,483,0.4398066944560705,0.6029305883780834,0.17560719887403503,Normal,0.07696700297484677,0.6478956717059593,0.24102331355862433,0.42062403550462507,0.6675952766274469,0.46232995593703297,0.3002114328796648,0.17934607584932502,0.6237121372501282,0.357215920373737,0.1888837239281436,0.11447054237730359,0.6264596099722773,0.2413120927897381,0.05552659219867677,2026-09-13T16:36:24Z
824869,664761,Alec Bohm,PHI,ATL,0,5,confirmed,Grant Holmes,Truist Park,2026-09-13T17:35:00Z,4.202721859937624,2926,1357,0.43736857587641237,0.5662820027738805,-0.44850094162735316,Normal,0.09468570748044565,0.6600719325309672,0.2753947825569088,0.5557290288967139,0.6815508194729294,0.4786254067880227,0.31544082189809397,0.1918049298112978,0.6348380376700195,0.3746463211080051,0.2092012293150852,0.13418840340370386,0.6377086864031551,0.2545575796804913,0.062369322301195136,2026-09-13T16:36:24Z
824869,645277,Ozzie Albies,ATL,PHI,1,6,confirmed,Andrew Painter,Truist Park,2026-09-13T17:35:00Z,3.87957181088314,2663,483,0.4775598802369648,0.5997991701875377,-1.438769254805027,Normal,0.12415405588212902,0.642188694211228,0.28958009448037186,0.4350632490870033,0.684631511284763,0.48024084182727544,0.3154831373704472,0.1907614433033317,0.6184872645227696,0.3737341056722405,0.2219521377528174,0.15646359544428623,0.6211785459855269,0.2354361338255289,0.05269292515955356,2026-09-13T16:36:24Z
824869,681082,Bryson Stott,PHI,ATL,0,6,confirmed,Grant Holmes,Truist Park,2026-09-13T17:35:00Z,4.05248950209958,2790,1357,0.4590504010902681,0.5626838756441989,-2.019898427046155,Cold,0.08834276532559746,0.6159522857256123,0.37145190826480556,0.49964329603495705,0.6580887208534927,0.45337350735803805,0.2932650209797266,0.174630548750749,0.5941691047031178,0.3362819602885731,0.18622658405932968,0.12091398296929534,0.5966424615330634,0.2155252866911226,0.04672296674142913,2026-09-13T16:36:24Z
824869,663586,Austin Riley,ATL,PHI,1,7,confirmed,Andrew Painter,Truist Park,2026-09-13T17:35:00Z,3.7509375,2906,483,0.4395585924776308,0.5845588403827892,-0.2588249993169449,Normal,0.12356942787999169,0.5994317008021554,0.29622081181974746,0.744389609564164,0.6624026225072598,0.4557974118644813,0.2938594697450927,0.174008903499345,0.5790391639772202,0.34393475673285046,0.20432807754265292,0.14882834860793245,0.5813514202633401,0.1991033996480433,0.03931636142372613,2026-09-13T16:36:24Z
824869,669016,Brandon Marsh,PHI,ATL,0,7,confirmed,Grant Holmes,Truist Park,2026-09-13T17:35:00Z,3.921186981493299,2368,1357,0.4238919894846118,0.5480769145465649,-1.018813824336371,Normal,0.09983614578398878,0.6174316082241945,0.284945076423974,0.6573175023996393,0.652927827671387,0.44755186708945977,0.2880116721451048,0.1704833696327797,0.5955751280640542,0.34511716083461325,0.19872618525870825,0.13340228883581917,0.598056580403615,0.2161051672296754,0.04665440088381273,2026-09-13T16:36:24Z
824869,573262,Mike Yastrzemski,ATL,PHI,1,8,confirmed,Andrew Painter,Truist Park,2026-09-13T17:35:00Z,3.6027681660899655,2338,483,0.46799293512589524,0.5813226323067001,0.4292190194780108,Normal,0.11703503003074572,0.5790187601706434,0.35086037888843885,0.538850003834614,0.6425939665264512,0.43441539884741537,0.27521274612499136,0.15975059296955055,0.560172444312037,0.34041703902598147,0.2017762648547326,0.14506236837761866,0.5623078959172013,0.18235097430726632,0.033428107562016474,2026-09-13T16:36:24Z
824869,592663,J.T. Realmuto,PHI,ATL,0,8,confirmed,Grant Holmes,Truist Park,2026-09-13T17:35:00Z,3.7563797209935355,2485,1357,0.4188571341282554,0.5467343865310902,-0.8680799623612915,Normal,0.0945412162969434,0.5784342531721919,0.27508936739843015,0.6542799598788821,0.6320479024240405,0.42575794969164604,0.2693780125441861,0.15642609670111166,0.5594622200166101,0.3159017043676811,0.1767146418577478,0.12056940418495081,0.5616134700557438,0.18475953974817927,0.03559513736998273,2026-09-13T16:36:24Z
824869,673490,Ha-Seong Kim,ATL,PHI,1,9,confirmed,Andrew Painter,Truist Park,2026-09-13T17:35:00Z,3.4405196914332112,1988,483,0.4001400883446884,0.5861972618538369,-1.0032977681360122,Normal,0.07132465923003298,0.5329687860127529,0.32128450817138654,0.5278834173343229,0.5941558980362861,0.3862428867454903,0.23559580551902892,0.13093928913499855,0.5172956438963923,0.26243844001076044,0.1339652086672731,0.08847656414577167,0.5190695736804228,0.14917649937656569,0.023387725925682792,2026-09-13T16:36:24Z
824869,702222,Justin Crawford,PHI,ATL,0,9,confirmed,Grant Holmes,Truist Park,2026-09-13T17:35:00Z,3.612366737739872,428,1357,0.41258257242465,0.5479184846514366,-0.1708612017076146,Normal,0.06781772672779808,0.5895368770853024,0.25600323160153365,0.4641874293161634,0.618418667071241,0.41137621598194446,0.2569886711643644,0.14701959819413227,0.5698633066033935,0.30758056378234283,0.16019565572983321,0.09769684111691586,0.5720940326583964,0.19174938950655585,0.037253892249747074,2026-09-13T16:36:24Z
824952,671732,Lawrence Butler,ATH,SEA,1,1,projected,Bryce Miller,Sutter Health Park,2026-09-13T20:05:00Z,4.429179740026894,1693,2048,0.6303620140139146,0.6617429367951779,-0.5587286252670242,Normal,0.18915658407522318,0.6643620599345803,0.36374827973092466,0.7035477432565275,0.7142547680012328,0.5165785547170062,0.35068359097607804,0.22044331591893843,0.638715163837625,0.41794007430543395,0.2795469789660668,0.21937415478976122,0.6416352546075712,0.26036878070840563,0.06597515479109929,2026-09-13T16:36:24Z
824952,621493,Taylor Ward,SEA,ATH,0,1,projected,Jacob Lopez,Sutter Health Park,2026-09-13T20:05:00Z,4.604358571107616,2896,991,0.6776586765838408,0.6421856085402468,-2.00259733478561,Cold,0.14958842537473419,0.6507149890523788,0.5593966566387034,0.6817335465626155,0.7168063616717497,0.5206379013735446,0.3553696013619805,0.2249847778684259,0.6261078441445523,0.39000482088619404,0.2445937840582863,0.18156175724968276,0.6289097122172208,0.24942035904900042,0.062450009614516855,2026-09-13T16:36:24Z
824952,666126,Carlos Cortes,ATH,SEA,1,2,projected,Bryce Miller,Sutter Health Park,2026-09-13T20:05:00Z,4.3208860759493675,451,2048,0.5169945021877007,0.654749219040593,-0.16488853184588478,Normal,0.15331412725722546,0.6854847324520263,0.3020420485275099,0.5617054842537236,0.7024461534665508,0.5023473689918833,0.33705322657825104,0.20904926654325273,0.6581199261694741,0.420849650318529,0.2662699254428604,0.19361633300677303,0.6612375300111266,0.27979787465762146,0.07384502177412938,2026-09-13T16:36:24Z
824952,641487,J.P. Crawford,SEA,ATH,0,2,projected,Jacob Lopez,Sutter Health Park,2026-09-13T20:05:00Z,4.527442254714981,2781,991,0.5269868642038426,0.6309044052292445,0.0845752653316954,Normal,0.0830151336374583,0.633268462568484,0.5130546451773487,0.6518626560317066,0.6692963550828762,0.46698383523176246,0.3063946056726917,0.18568838778879718,0.6100540980726954,0.34760603517509975,0.18726875223532238,0.11792901799276945,0.6126944929096858,0.23303157262191762,0.05519091827266036,2026-09-13T16:36:24Z
824952,680869,Zack Gelof,ATH,SEA,1,3,projected,Bryce Miller,Sutter Health Park,2026-09-13T20:05:00Z,4.219538037719856,1329,2048,0.45923830736795523,0.6435745472637946,-0.863800203779149,Normal,0.12537146385768302,0.6098550895241771,0.25551657269037414,0.812452564359063,0.6660063757430789,0.46167221449454704,0.3004168145096807,0.18008471843950183,0.588537701819908,0.35425736065643665,0.2128739645129207,0.15406805263078607,0.5909578356694524,0.21048032016275992,0.04494015005101053,2026-09-13T16:36:24Z
824952,677594,Julio Rodríguez,SEA,ATH,0,3,projected,Jacob Lopez,Sutter Health Park,2026-09-13T20:05:00Z,4.403471634208298,3198,991,0.5814405930548463,0.6239715504227606,-0.24237586620561397,Normal,0.18673478558897227,0.6866825048553582,0.3395929249024949,0.7059882381408141,0.7283744423588868,0.5334772996412515,0.3667251365440811,0.23372279741537105,0.6591780599316189,0.4243290819451546,0.28127996545128975,0.21784111811173887,0.6623138611114865,0.28255024032977605,0.07620518341282903,2026-09-13T16:36:24Z
824952,669127,Shea Langeliers,ATH,SEA,1,4,projected,Bryce Miller,Sutter Health Park,2026-09-13T20:05:00Z,4.143540669856459,2118,2048,0.44406586812943766,0.6240933545625775,-0.4271571773988246,Normal,0.16695489030849997,0.6234923679372751,0.2473687318136795,0.7356985358368952,0.6855512783639715,0.48208536962295034,0.31778972771701824,0.19308299001823223,0.6011970572441266,0.38432312630855875,0.24882266944126194,0.1935083819262276,0.603728464601086,0.2206936599084367,0.048057283413794935,2026-09-13T16:36:24Z
824952,663728,Cal Raleigh,SEA,ATH,0,4,projected,Jacob Lopez,Sutter Health Park,2026-09-13T20:05:00Z,4.336109750122489,2794,991,0.6399152035561756,0.6045370821133874,0.3179015756424574,Normal,0.2931495482289735,0.6092419316323416,0.5060832070220963,0.7650559726972139,0.7238385964227477,0.5272165567070739,0.3601619249861468,0.22783123347271056,0.5879217270533643,0.41954661506504476,0.3287513568896787,0.2999875709230542,0.5903431296724218,0.2110827966707424,0.04582927520229847,2026-09-13T16:36:24Z
824952,643446,Jeff McNeil,ATH,SEA,1,5,projected,Bryce Miller,Sutter Health Park,2026-09-13T20:05:00Z,4.029266879165459,2643,2048,0.45987115967815834,0.602774892547023,0.43947739904975186,Normal,0.11497187436366618,0.6722818209160312,0.2820698893076063,0.40360076311608145,0.6778905518736706,0.47338152015672424,0.30983518493512713,0.18670878835513754,0.6461069761576318,0.3922290911809824,0.22927485065998185,0.15444525934607878,0.649083533050198,0.26391254734094277,0.06476782066865112,2026-09-13T16:36:24Z
824952,668227,Randy Arozarena,SEA,ATH,0,5,projected,Jacob Lopez,Sutter Health Park,2026-09-13T20:05:00Z,4.202721859937624,3268,991,0.6035251109217482,0.5868645917167223,-0.29708150475757233,Normal,0.176760482155417,0.6434312805496352,0.4893615923278452,0.6697442284982923,0.7048611093115907,0.5046396669657144,0.3388208286880357,0.21022807598213722,0.6195286167118832,0.39949862204766856,0.26140900854287613,0.20427590086224504,0.6222459228657804,0.2394033925472769,0.05616056593620099,2026-09-13T16:36:24Z
824952,641680,Jonah Heim,ATH,SEA,1,6,projected,Bryce Miller,Sutter Health Park,2026-09-13T20:05:00Z,3.87957181088314,2234,2048,0.4234548402994476,0.5996450240446507,-0.9740011850312911,Normal,0.142493180729848,0.5950221064494067,0.2795677592412279,0.5161999318246305,0.6426834696426893,0.43594341607874965,0.2773961206222254,0.16196157809997713,0.5749038050564963,0.34143135543756037,0.20999578626918547,0.16176477723204533,0.577185105678026,0.19643610160044997,0.03876567224253239,2026-09-13T16:36:24Z
824952,647304,Josh Naylor,SEA,ATH,0,6,projected,Jacob Lopez,Sutter Health Park,2026-09-13T20:05:00Z,4.05248950209958,2824,991,0.4152172257856541,0.5829938808079007,0.5761149084088468,Normal,0.09011558596126404,0.6556625002380075,0.28507806887150183,0.5034480986692399,0.6750607667393536,0.47143082004941583,0.30893793844493955,0.18661298341181037,0.6307814553582928,0.36830514479668824,0.19983205363862847,0.12644411319906576,0.633610722838247,0.25017652750342556,0.06021213691012324,2026-09-13T16:36:24Z
824952,691777,Max Muncy,ATH,SEA,1,7,projected,Bryce Miller,Sutter Health Park,2026-09-13T20:05:00Z,3.7509375,499,2048,0.36883577109995996,0.5844100343541421,2.0948796533808123,Hot,0.10880140737761261,0.57178749516002,0.23352167146386957,0.7827946103547225,0.6230359567237291,0.41577305319336183,0.2603962897416627,0.14931723070431044,0.5533628793391946,0.31038052847563646,0.1799717223781517,0.12983198578643554,0.5554506790956738,0.1782871260415229,0.032673919833816546,2026-09-13T16:36:24Z
824952,686527,Dominic Canzone,SEA,ATH,0,7,projected,Jacob Lopez,Sutter Health Park,2026-09-13T20:05:00Z,3.921186981493299,1113,991,0.42087824123501766,0.5676740608510148,-0.31443467224994337,Normal,0.11429691252836208,0.6182989987799782,0.304716144139505,0.6501766976482442,0.6633236650081026,0.4584367323219296,0.2973428312981052,0.17753839095769505,0.596376977031627,0.35713031278888424,0.2079014422290153,0.14539731069179002,0.5988659403100172,0.21682418549930346,0.04691702392596408,2026-09-13T16:36:24Z
824952,675961,Alika Williams,ATH,SEA,1,8,projected,Bryce Miller,Sutter Health Park,2026-09-13T20:05:00Z,3.6027681660899655,412,2048,0.3525213064012698,0.5811788047205129,0.024020460485185236,Normal,0.06912619082130741,0.5602080474545679,0.19148735329838423,0.6492174251851675,0.5941136569117059,0.38720924185759487,0.2369979196738988,0.13234988600639416,0.5426555653198095,0.2985223676628325,0.15423158518566085,0.09632200868188238,0.5446436839546692,0.1688747983694956,0.029413777588421473,2026-09-13T16:36:24Z
824952,645302,Victor Robles,SEA,ATH,0,8,projected,Jacob Lopez,Sutter Health Park,2026-09-13T20:05:00Z,3.7563797209935355,1091,991,0.450299311885919,0.5657563923629596,1.2639429570385738,Normal,0.08148933745658883,0.6225194757213586,0.32561382885213563,0.5275304107007034,0.6430943668042501,0.43690846052994703,0.2786819494418311,0.16329563446546103,0.6003244038690837,0.33281218714511135,0.17976521476354354,0.11359515136028447,0.6028442529192146,0.21953412712527054,0.047555694766969234,2026-09-13T16:36:24Z
824952,661531,Brian Serven,ATH,SEA,1,9,projected,Bryce Miller,Sutter Health Park,2026-09-13T20:05:00Z,3.4405196914332112,368,2048,0.34929686066277615,0.586059354317725,-0.9286320062209604,Normal,0.09180594775563125,0.5182700897596797,0.19937000803135543,0.6751425074324049,0.582088962802175,0.37508878503538795,0.22691410566149803,0.12493335181770639,0.5035123415418793,0.26703189537267563,0.14816405522252024,0.10704990436069366,0.5051823281629296,0.13993501115656948,0.02105186227449628,2026-09-13T16:36:24Z
824952,702284,Cole Young,SEA,ATH,0,9,projected,Jacob Lopez,Sutter Health Park,2026-09-13T20:05:00Z,3.612366737739872,850,991,0.4184950900558742,0.566071526279586,0.3786555824855051,Normal,0.07767948405912486,0.5689397723178522,0.3042555017452278,0.5221490905748348,0.6192946705924883,0.4122312638151963,0.25768387360483413,0.1475209142467781,0.5507096284544234,0.2899767698018486,0.15481282426437418,0.10098223160607615,0.5527757025130946,0.17650986478601224,0.03244590885513143,2026-09-13T16:36:24Z
825033,682998,Corbin Carroll,AZ,TEX,1,1,projected,Cal Quantrill,Chase Field,2026-09-13T20:10:00Z,4.429179740026894,2702,2800,0.7376885308466463,0.6654799220022736,-2.1703392279598703,Cold,0.14526430901653742,0.6565611703320172,0.44795256416224555,0.6043255933425181,0.7293619541527828,0.5343990155421917,0.3674065467351841,0.23413960737794987,0.6315444200019068,0.4216871420723535,0.2858633386849337,0.20358485427719272,0.6343916922819821,0.2530624370295917,0.06283713686774528,2026-09-13T16:36:24Z
825033,607043,Brandon Nimmo,TEX,AZ,0,1,projected,Eduardo Rodriguez,Chase Field,2026-09-13T20:10:00Z,4.604358571107616,3276,2640,0.5552513192860623,0.6789497531746836,-1.0175729374247329,Normal,0.10080707941823652,0.6907158541117492,0.33508268601864993,0.6563187187517537,0.7066263960441751,0.5088513512072353,0.34442312560696575,0.21607610502527583,0.6628481172530277,0.41221154993519304,0.24301614090065568,0.15639413166998842,0.6660283815184109,0.28810641551427085,0.07997506966083194,2026-09-13T16:36:24Z
825033,663457,Lars Nootbaar,AZ,TEX,1,2,projected,Cal Quantrill,Chase Field,2026-09-13T20:10:00Z,4.3208860759493675,2120,2800,0.5483724309188012,0.6588121261652062,0.5739735278646406,Normal,0.11331702468290235,0.631608595237972,0.474763176174967,0.5436965881943583,0.6780765549864183,0.47527342138738,0.3127731044620548,0.18993804641916567,0.6085959510537374,0.36767451570379783,0.21616812066400284,0.14902973437885692,0.6112113215006808,0.22968051774031004,0.05265991170709582,2026-09-13T16:36:24Z
825033,608369,Corey Seager,TEX,AZ,0,2,projected,Eduardo Rodriguez,Chase Field,2026-09-13T20:10:00Z,4.527442254714981,2556,2640,0.5637870135447279,0.6644485159956973,-0.28401408430202074,Normal,0.16031649823550895,0.6930164976332536,0.33263085635507156,0.6059695071949114,0.7326674082894244,0.5389481895778186,0.3722473697990892,0.23857919794344984,0.6649745207442891,0.4313985912050467,0.2726160943849826,0.19997995944623537,0.6681738913423366,0.2895805981767473,0.08005252138566199,2026-09-13T16:36:24Z
825033,606466,Ketel Marte,AZ,TEX,1,3,projected,Cal Quantrill,Chase Field,2026-09-13T20:10:00Z,4.219538037719856,2912,2800,0.5418598534439155,0.6484510369919821,0.8369768044384368,Normal,0.1585367726197926,0.6634072035589015,0.3980069133442575,0.4618837450008036,0.709438493412783,0.5096704962138199,0.3432339510489175,0.2135974046606285,0.6379097049252715,0.4117081378313076,0.26419214749455927,0.1961823396105758,0.6408102376254214,0.2573051682504512,0.0632334360231701,2026-09-13T16:36:24Z
825033,694671,Wyatt Langford,TEX,AZ,0,3,projected,Eduardo Rodriguez,Chase Field,2026-09-13T20:10:00Z,4.403471634208298,1547,2640,0.5660811971234748,0.6646047993632701,-0.9035468735381503,Normal,0.14023578549776433,0.6526502058612621,0.45852766202553,0.6213814947724428,0.7018607682236718,0.5025854951386393,0.33797592373255747,0.21033091252009245,0.6279311176415988,0.3937824101950258,0.24486619893894268,0.17720846596331793,0.6307443725277253,0.24983101310998185,0.061683524046712825,2026-09-13T16:36:24Z
825033,571448,Nolan Arenado,AZ,TEX,1,4,projected,Cal Quantrill,Chase Field,2026-09-13T20:10:00Z,4.143540669856459,2848,2800,0.47434995731656915,0.6295563204602384,0.7807166909635886,Normal,0.14758194577301892,0.6808894088332298,0.27635596848834487,0.45721311748142307,0.7049241676531262,0.5037632831319299,0.3372558269822565,0.20837901044775411,0.653980205515698,0.4103375701259411,0.25320195162511555,0.1830332000309479,0.657042324777599,0.27287474620216673,0.06911790138409098,2026-09-13T16:36:24Z
825033,592626,Joc Pederson,TEX,AZ,0,4,projected,Eduardo Rodriguez,Chase Field,2026-09-13T20:10:00Z,4.336109750122489,2045,2640,0.48629108051307474,0.6523303024535024,-0.6579242469314667,Normal,0.162919838182566,0.638659300297217,0.38258784849711064,0.6666348428901092,0.695505830321442,0.4945871064152054,0.33011624763699715,0.20363715180209724,0.6151000897294123,0.3854299801647772,0.2507317310807685,0.19198257883847325,0.6177786817143008,0.23600631646386863,0.05533859952068837,2026-09-13T16:36:24Z
825033,656976,Pavin Smith,AZ,TEX,1,5,projected,Cal Quantrill,Chase Field,2026-09-13T20:10:00Z,4.029266879165459,1041,2800,0.46710960847880884,0.6087342591500102,-1.058082614160608,Normal,0.11722729031730904,0.5989950526728469,0.42927901766185156,0.6278807537318469,0.6588542943533786,0.45310421391609207,0.2922733872159797,0.1733342148087808,0.5785534248000068,0.33973031683476806,0.19773625420958224,0.14221704131090357,0.5808722142739359,0.20025237159917061,0.04047366371493572,2026-09-13T16:36:24Z
825033,553869,Elias Díaz,TEX,AZ,0,5,projected,Eduardo Rodriguez,Chase Field,2026-09-13T20:10:00Z,4.202721859937624,1756,2640,0.3994242108520194,0.6445433436578577,0.17916786293619053,Normal,0.11296947725929245,0.6442477270019288,0.2594655898955159,0.640819469866809,0.6605881393677989,0.45614903539976065,0.29581160245111265,0.17670828505539676,0.6202806109310427,0.3705412300851903,0.21412251671968122,0.14670575537204972,0.6230053318288158,0.24013119169831507,0.056451677729888204,2026-09-13T16:36:24Z
825033,672515,Gabriel Moreno,AZ,TEX,1,6,projected,Cal Quantrill,Chase Field,2026-09-13T20:10:00Z,3.87957181088314,1607,2800,0.4444999936876094,0.6055740419619782,0.5556374168104293,Normal,0.08783505889078218,0.6875885517562899,0.2982067433393104,0.4062010632729329,0.682953841786235,0.4784046064033397,0.3138642498202111,0.18951142186286704,0.6601397767860211,0.3944096986263891,0.21707207905337203,0.1331105888962894,0.6632620429287573,0.2780059657669825,0.07020032953825414,2026-09-13T16:36:24Z
825033,669394,Jake Burger,TEX,AZ,0,6,projected,Eduardo Rodriguez,Chase Field,2026-09-13T20:10:00Z,4.05248950209958,2244,2640,0.47854631999715747,0.6449684032832239,-0.3662923976469632,Normal,0.17108595976819066,0.6317694307532921,0.3051513638185692,0.6832249360151776,0.6883943581209288,0.48600519991459806,0.3218342491275489,0.19663500124775973,0.6087781046314618,0.3841731072030618,0.2493127894477073,0.19536725401825034,0.6113900616788633,0.2288851060121028,0.05173336599060391,2026-09-13T16:36:24Z
825033,545121,Ildemaro Vargas,AZ,TEX,1,7,projected,Cal Quantrill,Chase Field,2026-09-13T20:10:00Z,3.7509375,1401,2800,0.37934755650925467,0.59014071679735,0.0577277207489415,Normal,0.0738460733901054,0.6458836172267387,0.1934882046511869,0.31922807182980384,0.6380501517712065,0.4307228806693436,0.272711079280436,0.15828883890697645,0.6219340842823899,0.3545932776630572,0.18983476314102993,0.11392820567831383,0.6246532580153189,0.23781638320545584,0.053159545139022484,2026-09-13T16:36:24Z
825033,673962,Josh Jung,TEX,AZ,0,7,projected,Eduardo Rodriguez,Chase Field,2026-09-13T20:10:00Z,3.921186981493299,1717,2640,0.45115925002386764,0.6307698972380094,0.8601147753759549,Normal,0.10694755019453005,0.655407327259372,0.28567482053050175,0.5896166345895425,0.6757394099415551,0.47169909179681757,0.30887515338675586,0.18636369743181613,0.6305839638310246,0.37531484322439906,0.2150298168406814,0.1435947958052659,0.633406136023818,0.24921395737990265,0.059459760338941015,2026-09-13T16:36:24Z
825033,672695,Geraldo Perdomo,AZ,TEX,1,8,projected,Cal Quantrill,Chase Field,2026-09-13T20:10:00Z,3.6027681660899655,2724,2800,0.46766339037818033,0.5867060103137706,0.43369074062953306,Normal,0.07337439477350939,0.5766335058397144,0.4252890357501423,0.3802921033247383,0.6197430628566555,0.411696703786763,0.25655640491143317,0.1462109408970125,0.557954125250037,0.2976051470629531,0.15830069005459196,0.10003584052369702,0.5600705583551167,0.18060317432233777,0.03289452783542688,2026-09-13T16:36:24Z
825033,677649,Ezequiel Duran,TEX,AZ,0,8,projected,Eduardo Rodriguez,Chase Field,2026-09-13T20:10:00Z,3.7563797209935355,1709,2640,0.43183370376499913,0.6271649752688513,-0.3455609632227687,Normal,0.09581971663565678,0.6255933305263068,0.27059638532528146,0.5909261020877388,0.6431373741824883,0.43695227869721953,0.27871875195561374,0.16332296028547497,0.6031633148413414,0.3494747108779825,0.19537565212357605,0.12893402673802593,0.6057100909203409,0.22211696132599174,0.048507144255981426,2026-09-13T16:36:24Z
825033,543510,James McCann,AZ,TEX,1,9,projected,Cal Quantrill,Chase Field,2026-09-13T20:10:00Z,3.4405196914332112,935,2800,0.412917212816646,0.591336619433522,0.27344181335368345,Normal,0.09514119656235463,0.6007203216424135,0.194912981767545,0.5256508895476901,0.6322215394093956,0.4228802649441129,0.2649275025987066,0.15173114225490758,0.5804154882199022,0.32569497995535335,0.17659729744188638,0.11932040654046147,0.5827163429999913,0.19706211047216796,0.03718729202659625,2026-09-13T16:36:24Z
825033,670032,Nicky Lopez,TEX,AZ,0,9,projected,Eduardo Rodriguez,Chase Field,2026-09-13T20:10:00Z,3.612366737739872,1459,2640,0.3762190256043589,0.6226112942993943,-0.49648215460540185,Normal,0.04662525795190925,0.5789837548726385,0.23728002274774243,0.45751065328759283,0.5862664867667423,0.3808089387261245,0.23258934593805508,0.12970188572526808,0.5600573505714734,0.2743214727170757,0.13180609928042777,0.07296354385482963,0.5622028181142938,0.18383404542929405,0.0347195060808397,2026-09-13T16:36:24Z
