game_pk,player_id,name,team,opponent,is_home,lineup_slot,lineup_status,opposing_pitcher,venue_name,start_time_utc,expected_pa,batter_pa_seen,pitcher_pa_seen,exp_runs,form_z,form_state,prob_hr,prob_hit,prob_walk,prob_k,prob_hrr_over_0.5,prob_hrr_over_1.5,prob_hrr_over_2.5,prob_hrr_over_3.5,prob_tb_over_0.5,prob_tb_over_1.5,prob_tb_over_2.5,prob_tb_over_3.5,prob_hits_over_0.5,prob_hits_over_1.5,prob_hits_over_2.5,predicted_at_utc
822850,592626,Joc Pederson,TEX,TB,1,1,confirmed,Drew Rasmussen,Globe Life Field,2026-09-05T23:05:00Z,4.277334926091197,2027,2044,0.5738761746158243,-1.3280557022378485,Normal,0.18994294272105924,0.6125044711486908,0.383119527294882,0.692506139564582,0.6824374844163351,0.47996092798661216,0.31672400896543224,0.19299268763857,0.6460955452333041,0.4037124636422503,0.2482022547038121,0.1762390183284328,0.5938362534423358,0.213884915956664,0.04682588657447496,2026-09-05T19:31:49Z
822850,650490,Yandy Díaz,TB,TEX,0,1,projected,Jacob deGrom,Globe Life Field,2026-09-05T23:05:00Z,4.764240941555964,3037,1633,0.5405779860056577,0.17385584384879138,Normal,0.12721895979250175,0.7306231441707178,0.29349541013703395,0.6452469767705856,0.7293200144389146,0.5354346921105075,0.3692109019092706,0.23644214498875443,0.672401519525328,0.4336299229130432,0.2733284627379517,0.19459043075947402,0.7035853718093935,0.33182349568949593,0.10265017685109455,2026-09-05T19:31:49Z
822850,608369,Corey Seager,TEX,TB,1,2,confirmed,Drew Rasmussen,Globe Life Field,2026-09-05T23:05:00Z,4.277334926091199,2525,2044,0.5587845619248681,1.0299836757377967,Normal,0.18269753590655446,0.6502638211408661,0.34521792057280115,0.6069215987982055,0.717296562882279,0.5194729937554252,0.35256958568531643,0.22141299304502943,0.6620965477662651,0.4205167941839203,0.2613217692421536,0.1853660530598563,0.6290643104979714,0.24657466380813806,0.059345948007467994,2026-09-05T19:31:49Z
822850,656775,Cedric Mullins,TB,TEX,0,2,projected,Jacob deGrom,Globe Life Field,2026-09-05T23:05:00Z,4.513970379291488,2588,1633,0.5103839314976646,1.0208924935270953,Normal,0.13139359655184218,0.5995890313065771,0.33465459155935917,0.7218100950196795,0.6556633030351972,0.4522144856225476,0.29312756274611573,0.1753020591155582,0.5945894304018648,0.3540953102650342,0.2111454508091286,0.15070086429319668,0.5816896990676895,0.20475337899536214,0.044244661201545084,2026-09-05T19:31:49Z
822850,694671,Wyatt Langford,TEX,TB,1,3,confirmed,Drew Rasmussen,Globe Life Field,2026-09-05T23:05:00Z,4.277334926091198,1520,2044,0.49203364821018486,0.2436828585452732,Normal,0.11251787049424025,0.6162422574497753,0.3777065633918012,0.6457719159282063,0.6718721128955136,0.46785629802681117,0.3055772992052244,0.18400598586934303,0.5921545062775693,0.3502918061708995,0.20753577467812032,0.14798548014008306,0.5973734897113666,0.21599188076775303,0.0470701678600501,2026-09-05T19:31:49Z
822850,802415,Chandler Simpson,TB,TEX,0,3,projected,Jacob deGrom,Globe Life Field,2026-09-05T23:05:00Z,4.484656850677247,982,1633,0.45362001011332337,0.7780881445794503,Normal,0.070598906653225,0.7108288316612765,0.19964608310061938,0.4970257798322814,0.6841340101870583,0.4824132140270645,0.3193855543348089,0.1954566547670437,0.6127702520452771,0.37109519574703076,0.22365718994104644,0.1593158693347826,0.6852917772617411,0.30762690183550495,0.08827870176982808,2026-09-05T19:31:49Z
822850,607043,Brandon Nimmo,TEX,TB,1,4,confirmed,Drew Rasmussen,Globe Life Field,2026-09-05T23:05:00Z,4.269701668113786,3251,2044,0.4469354462432157,0.38557597946528616,Normal,0.11871684515467953,0.648736297984306,0.3286415278516746,0.6386717268140518,0.6817098328299984,0.4782256027324208,0.31451034550471885,0.1907851087181404,0.6195526834521874,0.37610067456622326,0.22652714287659903,0.1610093475433495,0.6277141542663766,0.2437033482853096,0.05756273319299071,2026-09-05T19:31:49Z
822850,666018,Jonathan Aranda,TB,TEX,0,4,projected,Jacob deGrom,Globe Life Field,2026-09-05T23:05:00Z,4.312081581104226,1353,1633,0.45334595845562164,-1.1813263819414204,Normal,0.13088892794263898,0.6430234002504562,0.316254438708533,0.7874832808009811,0.6811506884570688,0.4783090046232683,0.3151038914242992,0.19163256421327804,0.6145794147278032,0.3719827542989897,0.2238369329653045,0.15928018448815506,0.6223544932547975,0.2396934104267013,0.05663340574988598,2026-09-05T19:31:49Z
822850,677649,Ezequiel Duran,TEX,TB,1,5,confirmed,Drew Rasmussen,Globe Life Field,2026-09-05T23:05:00Z,3.9082555887593826,1682,2044,0.3839067731653701,2.0442412021889678,Hot,0.08748644913075014,0.6172239346070472,0.23477802462476016,0.6482895372888213,0.6394435682352669,0.4323191071118195,0.27394386956942157,0.15923097740479727,0.5694185316134432,0.32791893440460684,0.1905229537453526,0.13613584460150846,0.5983946555368594,0.21398286091558177,0.0446375504508458,2026-09-05T19:31:49Z
822850,691406,Junior Caminero,TB,TEX,0,5,projected,Jacob deGrom,Globe Life Field,2026-09-05T23:05:00Z,4.312081581104227,1485,1633,0.4983009223003373,0.1268192666160562,Normal,0.20947798820142766,0.655126617220959,0.24576883267834373,0.691860677014213,0.7265057253775977,0.5298276242106542,0.3620489678399202,0.22906382673451167,0.6814862263890294,0.4411080548524778,0.27778421291075883,0.19706747969869148,0.6336331306991271,0.2505159365382146,0.060970368665446986,2026-09-05T19:31:49Z
822850,669394,Jake Burger,TEX,TB,1,6,confirmed,Drew Rasmussen,Globe Life Field,2026-09-05T23:05:00Z,3.9082555887593826,2216,2044,0.391117752954911,0.21382710136876304,Normal,0.1437432285339149,0.5914104224763035,0.22886059607308823,0.7025639140151066,0.6613769629765089,0.4547398898853446,0.2927416917647729,0.17311467386675583,0.5973216521978675,0.35307745348870084,0.20843707454139643,0.14824996345398228,0.5742417170760393,0.19319833459033295,0.037428199840892004,2026-09-05T19:31:49Z
822850,680700,Richie Palacios,TB,TEX,0,6,projected,Jacob deGrom,Globe Life Field,2026-09-05T23:05:00Z,3.798816619890615,942,1633,0.38545854864343904,-0.6325494207545248,Normal,0.09391978178846278,0.5449510369856378,0.32406057971864344,0.6220536679871268,0.5902788643171,0.3848642961498478,0.23570997292141738,0.13192608000306433,0.5181907012721793,0.28489662538334276,0.1610635316752065,0.11630509347532858,0.5305087885405382,0.16045592050864985,0.027840678908564856,2026-09-05T19:31:49Z
822850,694497,Evan Carter,TEX,TB,1,7,confirmed,Drew Rasmussen,Globe Life Field,2026-09-05T23:05:00Z,3.625375534097527,857,2044,0.4017473004958632,-1.4388731044815877,Normal,0.08904854619847996,0.534645843785371,0.3064649126630281,0.6206713154971952,0.5955771514310784,0.3883281929613747,0.23746457187738934,0.13248646591695315,0.5181472258991683,0.28346469968547233,0.1594783609000611,0.1151529106863056,0.520899785358641,0.1514702472063064,0.02440339745275013,2026-09-05T19:31:49Z
822850,670764,Taylor Walls,TB,TEX,0,7,projected,Jacob deGrom,Globe Life Field,2026-09-05T23:05:00Z,3.798816619890614,1793,1633,0.37022153225398496,0.3972003744437892,Normal,0.06436709408790031,0.5245716493752862,0.25191907705972577,0.7404389341151484,0.5591338594610875,0.35626721768115505,0.21341330900602443,0.11642288629370005,0.4832886377882069,0.2573226444533511,0.14274596622664412,0.10395669866293372,0.5112725724863679,0.1467688326733003,0.023914024964370006,2026-09-05T19:31:49Z
822850,683227,Cody Freeman,TEX,TB,1,8,confirmed,Drew Rasmussen,Globe Life Field,2026-09-05T23:05:00Z,3.4611279122197347,205,2044,0.34135587686127944,1.0382709923988718,Normal,0.07556355502668835,0.5546734156098874,0.19501967366951142,0.4623117003437723,0.5821025881680565,0.3748418467513378,0.2263391346291213,0.12438783463539752,0.5081437722335688,0.274606816706502,0.15325338091904966,0.11096093991763811,0.5398878642148678,0.16336754449099034,0.02708152276039625,2026-09-05T19:31:49Z
822850,622761,Jorge Mateo,TB,TEX,0,8,projected,Jacob deGrom,Globe Life Field,2026-09-05T23:05:00Z,3.5638808776436908,1353,1633,0.3849830428921832,-1.2985217993344353,Normal,0.07842911913314946,0.5298412190440476,0.1714910628983241,0.7609108211132422,0.5788437638912104,0.37302396062826704,0.2256910235980224,0.12445988053733567,0.5079562730748789,0.2755489590721677,0.1543608948001616,0.11176212782191139,0.5163487883391571,0.14868970133968848,0.023925862718410712,2026-09-05T19:31:49Z
822850,643376,Danny Jansen,TEX,TB,1,9,confirmed,Drew Rasmussen,Globe Life Field,2026-09-05T23:05:00Z,3.4611279122197347,1384,2044,0.37905110868924274,-1.807417785046906,Normal,0.10556918502299625,0.49601806157803385,0.30138549270223597,0.6208523762462026,0.5824105924414378,0.37483602727450266,0.2261559469018626,0.12414742046615568,0.5013976186951209,0.2690769283030988,0.14952640301149125,0.10846195319429247,0.48441606168041706,0.12614447674755486,0.017575909412910984,2026-09-05T19:31:49Z
822850,663743,Nick Fortes,TB,TEX,0,9,projected,Jacob deGrom,Globe Life Field,2026-09-05T23:05:00Z,3.338697047332233,1437,1633,0.33630630939509354,-0.32190278618540413,Normal,0.06739469713668865,0.5249831006751045,0.1746688068092232,0.5239205845587099,0.5529810813517552,0.34843112773614027,0.20610420118913467,0.11061679944834707,0.4763592783010678,0.2499995931053209,0.13724010217044944,0.10025711243473959,0.5118924517638264,0.14344439016809704,0.021805562970659567,2026-09-05T19:31:49Z
823094,621493,Taylor Ward,SEA,ATH,1,1,projected,Jeffrey Springs,T-Mobile Park,2026-09-06T01:40:00Z,4.512672189013713,2895,2009,0.60706889457863,-2.5046432713367435,Cold,0.12551233639659923,0.6352504638495348,0.4941203897455891,0.6538390138667318,0.690317669424604,0.48938958944667027,0.3257283198893235,0.2005150084680416,0.6098560793883849,0.3684227856388658,0.2217173000098427,0.15798768708636773,0.6150518485196339,0.23436742616788664,0.05541563904501829,2026-09-05T19:31:49Z
823094,671732,Lawrence Butler,ATH,SEA,0,1,projected,George Kirby,T-Mobile Park,2026-09-06T01:40:00Z,4.551025316403803,1669,3249,0.5729924315679501,0.895519787821671,Normal,0.13326032800303403,0.6634567786098768,0.3219672118582177,0.7675966843060481,0.6937585468307992,0.4938259854108608,0.330143036407655,0.20430171602055652,0.6383877941025011,0.397260628066006,0.24401982479384546,0.173614391878363,0.6412966082181839,0.26101613809581575,0.06707243685597024,2026-09-05T19:31:49Z
823094,641487,J.P. Crawford,SEA,ATH,1,2,projected,Jeffrey Springs,T-Mobile Park,2026-09-06T01:40:00Z,4.41075846728081,2756,2009,0.47907373802481035,1.6978250480905128,Normal,0.0838178137876311,0.6321138291867668,0.4427628610543316,0.6053979712174402,0.6440821592057914,0.4394728993203307,0.2817237115686057,0.16631489856254528,0.5711772043429202,0.3319179741841575,0.19465235709621503,0.13928791298794044,0.6121602254797419,0.23063683715707856,0.05336358427489587,2026-09-05T19:31:49Z
823094,703607,Henry Bolte,ATH,SEA,0,2,projected,George Kirby,T-Mobile Park,2026-09-06T01:40:00Z,4.522682524589304,387,3249,0.4847517227524212,1.0360907965118085,Normal,0.09007331287566993,0.69377542257665,0.28970338559489095,0.777109574128745,0.6835697926346017,0.4821335455627957,0.3193689680460916,0.19560648754246607,0.6201089236614648,0.3785834070889805,0.22947932901169474,0.16340200212010206,0.6694781086018348,0.2903076583395369,0.08016980774675644,2026-09-05T19:31:49Z
823094,677594,Julio Rodríguez,SEA,ATH,1,3,projected,Jeffrey Springs,T-Mobile Park,2026-09-06T01:40:00Z,4.3680722913858085,3172,2009,0.5207371007249316,-1.8089183016831747,Normal,0.15526270778630227,0.6745814369409103,0.3049220907369952,0.6785390660460012,0.7170112026553349,0.5186892865319129,0.3516822535501757,0.22066212283267853,0.654650596750639,0.4122788601333543,0.2547627300056017,0.18081445858113068,0.6517200957776432,0.26898857732661974,0.06896343308468902,2026-09-05T19:31:49Z
823094,680869,Zack Gelof,ATH,SEA,0,3,projected,George Kirby,T-Mobile Park,2026-09-06T01:40:00Z,4.45360304134291,1302,3249,0.478318892751805,0.3768468383102039,Normal,0.12080836945009445,0.6561488190993204,0.2479471355645349,0.8211151636916599,0.6884474274972715,0.48705997948164353,0.3234497988140752,0.19857946339573931,0.6264923404167602,0.38442532060186946,0.23367842903818592,0.1662481574512965,0.6345438448232396,0.2528144465914537,0.06278840682598075,2026-09-05T19:31:49Z
823094,663728,Cal Raleigh,SEA,ATH,1,4,projected,Jeffrey Springs,T-Mobile Park,2026-09-06T01:40:00Z,4.162043710708367,2766,2009,0.5032586749745935,1.1360708363652894,Normal,0.2260526538747919,0.5797067192852532,0.41398366521410646,0.737339594975227,0.6848082169761733,0.48112455091574524,0.31666972215228073,0.19213828521221687,0.6541865273760221,0.4105064509796563,0.25252618554006845,0.17888839401277742,0.5631803178481276,0.18613427367689275,0.03614741931420019,2026-09-05T19:31:49Z
823094,643446,Jeff McNeil,ATH,SEA,0,4,projected,George Kirby,T-Mobile Park,2026-09-06T01:40:00Z,4.2836517324678525,2619,3249,0.4210931478908232,1.4586299689191908,Normal,0.0873869110847304,0.684337527542025,0.25617821870444346,0.46386420182026294,0.6772095765748241,0.47396128934419146,0.3112002785755451,0.18854584087441315,0.6175989218319965,0.3748399109739344,0.22592392266330666,0.16069588272903565,0.6607683785221701,0.27854179800751,0.07313069666415514,2026-09-05T19:31:49Z
823094,668227,Randy Arozarena,SEA,ATH,1,5,projected,Jeffrey Springs,T-Mobile Park,2026-09-06T01:40:00Z,4.1620437107083665,3245,2009,0.5300819563871597,0.00017431555996501213,Normal,0.14638771098623307,0.6317314054781065,0.448392851083754,0.6331459372820213,0.6893945148213992,0.48600310117326184,0.32088426675594117,0.19533610676558966,0.6289804907331727,0.38467421359908527,0.23256852939486405,0.16502164992364307,0.6118957228531634,0.2276488039406426,0.05059906480543852,2026-09-05T19:31:49Z
823094,641680,Jonah Heim,ATH,SEA,0,5,projected,George Kirby,T-Mobile Park,2026-09-06T01:40:00Z,4.111228217107651,2218,3249,0.3796104216187202,-0.047849032142879666,Normal,0.10812594845896534,0.6044093286778413,0.24734462444203867,0.580007121165797,0.6370192922983275,0.43119915400336095,0.27396708709204926,0.1599513207869468,0.572897372739011,0.3323527855684865,0.1943743859571638,0.13893669827448854,0.5863240134606179,0.2057328548640561,0.043006338343940166,2026-09-05T19:31:49Z
823094,647304,Josh Naylor,SEA,ATH,1,6,projected,Jeffrey Springs,T-Mobile Park,2026-09-06T01:40:00Z,4.035261685591369,2805,2009,0.3956053985456236,-1.3889482634989807,Normal,0.09931921234311342,0.6592602158475843,0.26057415382235066,0.45866099710190383,0.6770682173499578,0.4718579518955695,0.30787637115481153,0.18486961210336678,0.6035246816469844,0.35933109377859335,0.21326941817771264,0.1516373953154786,0.6375654376072493,0.2510746656873369,0.059000061568592506,2026-09-05T19:31:49Z
823094,691777,Max Muncy,ATH,SEA,0,6,projected,George Kirby,T-Mobile Park,2026-09-06T01:40:00Z,3.957752221677066,480,3249,0.35021771103466715,-0.0011903251347843444,Normal,0.09453009763570785,0.5961479855434858,0.21288239824791821,0.7984153556927022,0.6210183734085151,0.4146673419604167,0.25988293243941896,0.14933870625856616,0.5585627445131813,0.31910808981654587,0.18470550420747658,0.13229897850885736,0.5786251721735555,0.19824627932583386,0.03989967305373349,2026-09-05T19:31:49Z
823094,621550,Patrick Wisdom,SEA,ATH,1,7,projected,Jeffrey Springs,T-Mobile Park,2026-09-06T01:40:00Z,3.5670973131921286,1063,2009,0.40986423492391627,-2.445876663227885,Cold,0.17213886691711652,0.5118194346765307,0.28661506284732335,0.7970580783097202,0.6069961128448795,0.3989052470011444,0.24571272564651833,0.13819796643273055,0.5793326088580112,0.335170015198243,0.19490195536050092,0.13893669979596526,0.49931797340543477,0.13683557727738216,0.020557250475799496,2026-09-05T19:31:49Z
823094,687231,Darell Hernaiz,ATH,SEA,0,7,projected,George Kirby,T-Mobile Park,2026-09-06T01:40:00Z,3.7673520803214675,489,3249,0.31071671529269107,-1.1080349761200314,Normal,0.056409424225005146,0.5789359675194516,0.23132309038470103,0.5475745345058274,0.559900964899714,0.3568506779392072,0.21380388409736473,0.1166558223397567,0.5022320852958552,0.271885188723446,0.15226697239089496,0.1103700360437699,0.5625310175516738,0.18403122074696662,0.0347253458305914,2026-09-05T19:31:49Z
823094,686527,Dominic Canzone,SEA,ATH,1,8,projected,Jeffrey Springs,T-Mobile Park,2026-09-06T01:40:00Z,3.500639428114047,1084,2009,0.39126730314726416,-0.7225921780716004,Normal,0.11489313177293685,0.5775042480873012,0.2645364817024996,0.5572576046266542,0.6283016897348355,0.41888968196331405,0.26139116964253345,0.14909687367896035,0.5672221402698648,0.3237581935279571,0.18658790884692003,0.13330183280496363,0.561355955969774,0.1797339535230448,0.03188444011951897,2026-09-05T19:31:49Z
823094,661531,Brian Serven,ATH,SEA,0,8,projected,George Kirby,T-Mobile Park,2026-09-06T01:40:00Z,3.5662248004628516,363,3249,0.3262241107069584,-0.5003523887349606,Normal,0.08220391664108025,0.5477842757200632,0.17428927028745153,0.6780522765202133,0.5681771792796524,0.3633692901830668,0.21826548831981094,0.11936930605158631,0.5111940295986946,0.2781232546081519,0.1560705211532626,0.11291105291960091,0.5332935068669811,0.1605145000915826,0.02715082685507758,2026-09-05T19:31:49Z
823094,702284,Cole Young,SEA,ATH,1,9,projected,Jeffrey Springs,T-Mobile Park,2026-09-06T01:40:00Z,3.500639428114047,830,2009,0.39070935601840356,-1.4652196766858598,Normal,0.07862240338395694,0.5573610603369797,0.2669259816866413,0.4667501912421912,0.5910906565587156,0.38310973999854286,0.23273838381013237,0.1287862564316454,0.5111613928692438,0.2769697382253094,0.15479656696355745,0.11199219256754439,0.5424209860925127,0.1651818024162898,0.02755272355025126,2026-09-05T19:31:49Z
823094,675961,Alika Williams,ATH,SEA,0,9,projected,George Kirby,T-Mobile Park,2026-09-06T01:40:00Z,3.1551484558682095,392,3249,0.3257707605933596,0.945018380077752,Normal,0.05068360469081187,0.5360032647490667,0.1468455361762025,0.6173256504784421,0.5363964325627472,0.3329284017023092,0.19394538884447268,0.1021540473875024,0.48392039946992654,0.25451395511813346,0.13970530565816958,0.10191727470785107,0.5224412717909904,0.14844901227192125,0.0223498309412346,2026-09-05T19:31:49Z
823257,665487,Fernando Tatis Jr.,SD,NYY,1,1,projected,Carlos Rodón,Petco Park,2026-09-05T23:15:00Z,4.57939937196768,2378,2776,0.633683441086662,0.2071150822024163,Normal,0.15983763156704128,0.6761359862677111,0.38718611757624755,0.6332551403152009,0.729032274077096,0.5342261728573618,0.36735704375774825,0.23434970113755577,0.6619608683222271,0.42144336299519686,0.26291758640455704,0.18692370518027,0.653110621631412,0.2727030927401247,0.0720895161712182,2026-09-05T19:31:49Z
823257,671218,Heliot Ramos,NYY,SD,0,1,projected,Robbie Ray,Petco Park,2026-09-05T23:15:00Z,4.688052009830926,1681,2305,0.5471802908562202,-0.9728986154489869,Normal,0.12915875151193185,0.6558472237758899,0.3785909923104753,0.7810740830999404,0.695352124790123,0.4958760855067853,0.33224387380297615,0.20617888848720423,0.6261332353251169,0.385227975390513,0.23494315732975526,0.16734859527029436,0.634208320274372,0.2543429619268484,0.06455143873549386,2026-09-05T19:31:49Z
823257,664034,Ty France,SD,NYY,1,2,projected,Carlos Rodón,Petco Park,2026-09-05T23:15:00Z,4.312910890513634,2732,2776,0.4968062891458272,1.0975770105566012,Normal,0.11297508833409947,0.6420854066245816,0.4104089159858143,0.6284297619097827,0.6718947772582866,0.4682551981989802,0.30620314702732104,0.18469161230317796,0.6021444103951021,0.3600254007880637,0.21488388138810877,0.15308411117780002,0.6214786264536691,0.23876935581608533,0.05615416572843398,2026-09-05T19:31:49Z
823257,671277,Luis García Jr.,NYY,SD,0,2,projected,Robbie Ray,Petco Park,2026-09-05T23:15:00Z,4.462249857809918,2399,2305,0.49732346848995557,0.08737094020563674,Normal,0.12273812835447725,0.6774844441409531,0.23450576708477494,0.6215159670837945,0.7008767535040289,0.5012848312779364,0.3365132725088984,0.20908131494883272,0.6401067140338995,0.3984320487376965,0.2446068764072534,0.17391703335000525,0.6543621386562264,0.27365830578519323,0.07217409974492957,2026-09-05T19:31:49Z
823257,592518,Manny Machado,SD,NYY,1,3,projected,Carlos Rodón,Petco Park,2026-09-05T23:15:00Z,4.312910890513635,3156,2776,0.5199877904441174,0.9891763892377463,Normal,0.14922880703979666,0.6310135971510742,0.3826736187734876,0.6644494251475367,0.6971284060589785,0.4956912481328455,0.33040619117649433,0.2034542989771471,0.6220355463264955,0.37894012880365274,0.22889009432313165,0.16271220341998888,0.6111682242759009,0.2286844758616131,0.05200359827530178,2026-09-05T19:31:49Z
823257,642708,Amed Rosario,NYY,SD,0,3,projected,Robbie Ray,Petco Park,2026-09-05T23:15:00Z,4.3169690054494705,1977,2305,0.4782181738973915,-0.27269194004739006,Normal,0.10359421998559969,0.6624637595878796,0.27258732344018377,0.6804381209898944,0.6731021350120066,0.46990582462845715,0.307903334894447,0.18618662331479988,0.6157381903028515,0.373418949789329,0.22505925020079806,0.16015661882741172,0.6404328066488425,0.25799994640143104,0.06446478222609286,2026-09-05T19:31:49Z
823257,630105,Jake Cronenworth,SD,NYY,1,4,projected,Carlos Rodón,Petco Park,2026-09-05T23:15:00Z,4.179365225826919,2732,2776,0.41716154283079304,-1.7778263118687538,Normal,0.0730224688335271,0.5624540662659093,0.40688711638798,0.7116503377321542,0.6065158292603196,0.40092796984014134,0.24897154467958144,0.14165358407961748,0.519590371883558,0.286672279037169,0.16255665649633563,0.11736398153787544,0.5469521534773878,0.1736433225406225,0.032258996476430664,2026-09-05T19:31:49Z
823257,641857,Ryan McMahon,NYY,SD,0,4,projected,Robbie Ray,Petco Park,2026-09-05T23:15:00Z,4.3169690054494705,2775,2305,0.4069370374541143,0.26982339415607176,Normal,0.09801252435469127,0.5873374831863631,0.36046016729737196,0.8299614742770185,0.6325406672924595,0.4275035127602137,0.2714710263235907,0.15853890837161086,0.556593877925816,0.31877955245537637,0.18518036373618976,0.13279246304248635,0.5702680164022318,0.19362890717138523,0.03955120250815853,2026-09-05T19:31:49Z
823257,669720,Austin Hays,SD,NYY,1,5,projected,Carlos Rodón,Petco Park,2026-09-05T23:15:00Z,4.018684199287603,1902,2776,0.45334754772803243,-0.9667557681251975,Normal,0.10978115454976327,0.618386770557422,0.2663823800938133,0.70707985265572,0.6592870569048661,0.4530454256552352,0.29167110970345306,0.17259690207643377,0.594790706463446,0.3512396700449319,0.20739714110986185,0.14763721921972967,0.5994637572887621,0.21545579445691662,0.04548753196466092,2026-09-05T19:31:49Z
823257,641355,Cody Bellinger,NYY,SD,0,5,projected,Robbie Ray,Petco Park,2026-09-05T23:15:00Z,4.31696900544947,2821,2305,0.4906142929524575,1.3629964462177906,Normal,0.09495863441246968,0.6348874977348437,0.31380472760437245,0.6326912845240374,0.6863083557691737,0.48385523447839185,0.3199593714112444,0.19537568813510847,0.5895286859400959,0.3481905141870422,0.20620679484232848,0.1471463234210063,0.6147750662391113,0.23236518021979374,0.05366070267843101,2026-09-05T19:31:49Z
823257,593428,Xander Bogaerts,SD,NYY,1,6,projected,Carlos Rodón,Petco Park,2026-09-05T23:15:00Z,4.018684199287604,2849,2776,0.4461272465058321,0.11609588361596501,Normal,0.09066044357924449,0.6010813916394964,0.4079037054878845,0.5720307499147826,0.6477658879045978,0.4409668284034749,0.28132905066211517,0.16480359470403466,0.5512567521511537,0.31228152185210406,0.17968950078008483,0.12885263169456956,0.5832845234257477,0.20126779099630296,0.04045383963628661,2026-09-05T19:31:49Z
823257,502671,Paul Goldschmidt,NYY,SD,0,6,projected,Robbie Ray,Petco Park,2026-09-05T23:15:00Z,4.204176442897619,2882,2305,0.4753647985011716,0.16385493857671737,Normal,0.14285376817922754,0.6328768164112545,0.3328562853098429,0.7055839163224996,0.6866815668860514,0.4836890866217926,0.3193672439505006,0.19457489790345292,0.6223635915104321,0.37886910371969396,0.2286233713457092,0.16246140699587147,0.6129297636088298,0.2297143912955486,0.052078477600186086,2026-09-05T19:31:49Z
823257,701538,Jackson Merrill,SD,NYY,1,7,projected,Carlos Rodón,Petco Park,2026-09-05T23:15:00Z,3.922545717838212,1661,2776,0.41579131147723836,-0.4965454589468026,Normal,0.1134187219493354,0.5929187539119554,0.2547177829583571,0.7092347875039964,0.6581032634063282,0.4511937829259228,0.2896593837629749,0.17077684086110198,0.5796497017101825,0.3367873556935368,0.1966959394328055,0.14029649153478252,0.5756668574082273,0.1942202364229354,0.037746458108413435,2026-09-05T19:31:49Z
823257,665862,Jazz Chisholm Jr.,NYY,SD,0,7,projected,Robbie Ray,Petco Park,2026-09-05T23:15:00Z,4.067110195968405,2292,2305,0.4349947610980852,1.3302606646876491,Normal,0.12006541008196102,0.5862011523936906,0.31797089559601355,0.7972470420959116,0.6644649715865889,0.4591178272869938,0.2973899974785338,0.17731563777883522,0.5723572352896689,0.33147238719954364,0.19357133157696868,0.13836149201951434,0.5692867671158411,0.1909205563619565,0.037701411030157506,2026-09-05T19:31:49Z
823257,669134,Luis Campusano,SD,NYY,1,8,projected,Carlos Rodón,Petco Park,2026-09-05T23:15:00Z,3.471182154723367,735,2776,0.4058930780339498,-1.2597809103554463,Normal,0.09292073982914492,0.5510646377455366,0.34304726200982233,0.5404541249329282,0.6168145324642412,0.4075429042926228,0.252128969452599,0.14241986869798853,0.5207126273840078,0.2846504712725417,0.15991589560638647,0.11542238425893749,0.5364809971951295,0.16099809576497232,0.02646257507880245,2026-09-05T19:31:49Z
823257,676609,José Caballero,NYY,SD,0,8,projected,Robbie Ray,Petco Park,2026-09-05T23:15:00Z,3.6482402613089273,1549,2305,0.3997160435495678,-0.5645613402502446,Normal,0.08897964316016384,0.5370054545695683,0.3219976884372322,0.6846113635158441,0.5890507177700618,0.38277129768448953,0.23348896833819602,0.1299993527771804,0.5087729106463864,0.27650283318887825,0.15511390950699855,0.11227561025164214,0.5230894296682008,0.1538198786413994,0.025478134355201788,2026-09-05T19:31:49Z
823257,666023,Freddy Fermin,SD,NYY,1,9,projected,Carlos Rodón,Petco Park,2026-09-05T23:15:00Z,3.4182479219459614,1200,2776,0.35880181415777207,0.24371719390452765,Normal,0.07628931498720673,0.5351110942822548,0.2559345895881564,0.5539689515888304,0.5833894264851791,0.375467546247431,0.22648201495588474,0.12426617452336586,0.49022727082635564,0.26026464891240003,0.14371686147413573,0.10456877792469978,0.5214764950006967,0.14959501038331252,0.023104882425274625,2026-09-05T19:31:49Z
823257,669224,Austin Wells,NYY,SD,0,9,projected,Robbie Ray,Petco Park,2026-09-05T23:15:00Z,3.5546583538550527,1274,2305,0.35572131736980456,-0.3481498001540817,Normal,0.09229490856095254,0.5032991234774056,0.2811572714024212,0.6994629902326815,0.5798082129915189,0.3736005198471848,0.22595836350657955,0.12453404297934688,0.4940782186994023,0.26445476564792325,0.14697128369579096,0.10679820745158146,0.4912358904298898,0.13190416102952313,0.019547009563254298,2026-09-05T19:31:49Z
823335,804606,Konnor Griffin,PIT,LAA,1,1,confirmed,Yusei Kikuchi,PNC Park,2026-09-05T22:40:00Z,4.5063371292603875,251,2860,0.6269168510889069,0.12424385088862414,Normal,0.11729312177378015,0.6963608002994344,0.3532550046489332,0.7359224615500327,0.7108349917078568,0.5125935407132973,0.3468622630241705,0.21739109129929407,0.6484252589387779,0.40692092443429057,0.25121888151293187,0.17856902447620793,0.6718838502565324,0.29258937796208095,0.08101322325817757,2026-09-05T19:31:49Z
823335,687263,Zach Neto,LAA,PIT,0,1,projected,Braxton Ashcraft,PNC Park,2026-09-05T22:40:00Z,4.708968153521385,2095,939,0.5327367563171627,0.7504485272080518,Normal,0.11034325552888416,0.6497263045151114,0.3039759262103509,0.8154125034330088,0.6873366182614188,0.4869964627208355,0.32426655403231897,0.1998771124360136,0.6179423555827376,0.3771989177458364,0.22885101563432733,0.16310869354834093,0.6285044598585052,0.24878276890790377,0.062232351423627125,2026-09-05T19:31:49Z
823335,699013,Esmerlyn Valdez,PIT,LAA,1,2,confirmed,Yusei Kikuchi,PNC Park,2026-09-05T22:40:00Z,4.325673415097353,269,2860,0.6353206979652688,-1.2385777379392957,Normal,0.18633652979615187,0.6429286491393104,0.5103509622892466,0.8859237046024153,0.7248082696115282,0.5279196432730119,0.360317448899842,0.22768044764520762,0.6658529868280735,0.42419360155194463,0.26419262702264945,0.18743067841302188,0.6222635292595845,0.23958502318541408,0.05653304254799821,2026-09-05T19:31:49Z
823335,545361,Mike Trout,LAA,PIT,0,2,projected,Braxton Ashcraft,PNC Park,2026-09-05T22:40:00Z,4.667336064556718,2092,939,0.52151402646469,-0.9915345111684729,Normal,0.13266228622791743,0.6311497729735994,0.4141261682574912,0.8049031300589222,0.7004005395192797,0.5013425309647556,0.3370795512447291,0.20995289778407125,0.6147068749583717,0.3737787298298382,0.22613321886644974,0.16118435363807865,0.6111918123139289,0.23180048961424,0.0550241696487111,2026-09-05T19:31:49Z
823335,668804,Bryan Reynolds,PIT,LAA,1,3,confirmed,Yusei Kikuchi,PNC Park,2026-09-05T22:40:00Z,4.325673415097354,3221,2860,0.45479497846060196,0.48517579747362516,Normal,0.09512723809872387,0.6464850450134086,0.3894264817232856,0.7161078644981654,0.6794667938374909,0.47624372214047483,0.3130995278628727,0.189941510700374,0.6005078079259697,0.35830069749290805,0.21353220300351594,0.15214149151521542,0.6255923137544556,0.24241588377241366,0.05749025646596135,2026-09-05T19:31:49Z
823335,518595,Travis d'Arnaud,LAA,PIT,0,3,projected,Braxton Ashcraft,PNC Park,2026-09-05T22:40:00Z,4.292740091371336,1358,939,0.3983676891038512,-1.4366623189632814,Normal,0.09274413443326754,0.600360918284565,0.2721308766459527,0.7700195710008843,0.6443184366544862,0.4396430455761709,0.28178302694823704,0.16628089937006682,0.563794207595647,0.32526522544978514,0.1898317340851259,0.13596378510975088,0.582464180359355,0.20408687754949215,0.04327959258456415,2026-09-05T19:31:49Z
823335,665833,Oneil Cruz,PIT,LAA,1,4,confirmed,Yusei Kikuchi,PNC Park,2026-09-05T22:40:00Z,4.197299083011532,1888,2860,0.4531774726453847,1.8522900029012512,Normal,0.12426525238377359,0.6121018842653289,0.3713404486780257,0.8617978380335622,0.6678955360092796,0.4630072364774532,0.30091944018067474,0.18011614242681465,0.6000634461980339,0.35707672820655995,0.212181000630843,0.1510728441415963,0.5935379524979126,0.21167931574628246,0.044999513409997846,2026-09-05T19:31:49Z
823335,666139,Josh Lowe,LAA,PIT,0,4,projected,Braxton Ashcraft,PNC Park,2026-09-05T22:40:00Z,4.212921048805701,1816,939,0.43948991552167804,0.45693245559286233,Normal,0.10714282312142161,0.6173122474433157,0.31041828007011735,0.7692963450289974,0.6536304896153545,0.4487398995352667,0.2891601842032456,0.1715689769276863,0.5907165841923758,0.349097171651636,0.20672704320530066,0.14744230116132265,0.598363250547566,0.21709018667895008,0.047568943365707744,2026-09-05T19:31:49Z
823335,693304,Nick Gonzales,PIT,LAA,1,5,confirmed,Yusei Kikuchi,PNC Park,2026-09-05T22:40:00Z,4.106207499927961,1475,2860,0.45516220013527564,1.7271701571893456,Normal,0.07813045617695581,0.685809558724805,0.32405876498211217,0.5422870661235841,0.6804082589614836,0.4759013631306471,0.31174235686882723,0.18808493835400208,0.6093709653693951,0.36531367539113263,0.21791575555343246,0.15488948219739115,0.6621875209132437,0.2772736004670789,0.0705963365194784,2026-09-05T19:31:49Z
823335,624428,Adam Frazier,LAA,PIT,0,5,projected,Braxton Ashcraft,PNC Park,2026-09-05T22:40:00Z,3.996662102554926,1942,939,0.3998084579081084,-0.15540805343156994,Normal,0.07027443070839043,0.6075668185218706,0.3022347033255904,0.6145823116522626,0.6160484737883326,0.41012448789550954,0.25639211233756626,0.1469631041938992,0.5436973643418508,0.3066546863699714,0.17618775565739328,0.12656407397494251,0.5892969729782281,0.20782679841113924,0.04348640095222524,2026-09-05T19:31:49Z
823335,804668,Rafael Flores Jr.,PIT,LAA,1,6,confirmed,Yusei Kikuchi,PNC Park,2026-09-05T22:40:00Z,3.7238732932381087,118,2860,0.44387161562176336,-1.669528991499283,Normal,0.15687255106054812,0.5917634307689104,0.3402181730820467,0.7444844789345652,0.6606282687904637,0.4533518086073863,0.2911486048928668,0.1716278318135045,0.6097527019153683,0.3641728259726158,0.21622720349300015,0.15345679755914596,0.5746137750649947,0.19262812164739496,0.03683592452592294,2026-09-05T19:31:49Z
823335,687093,Vaughn Grissom,LAA,PIT,0,6,projected,Braxton Ashcraft,PNC Park,2026-09-05T22:40:00Z,3.9966621025549256,734,939,0.353173280798312,0.205688418657772,Normal,0.06957853693807955,0.6005727405908743,0.2343577318311316,0.6220553228979298,0.610423383603655,0.4044922282272643,0.2516920334819802,0.14348339282621622,0.5363287642334278,0.30027525861934423,0.17170454857602793,0.12351403287495331,0.5827593091356998,0.20194383805507157,0.041248798145402894,2026-09-05T19:31:49Z
823335,669707,Jared Triolo,PIT,LAA,1,7,confirmed,Yusei Kikuchi,PNC Park,2026-09-05T22:40:00Z,3.7238732932381087,1368,2860,0.3891386042166963,0.10046963519748305,Normal,0.07854020912009942,0.590685356290246,0.34737520327122895,0.5791393082153024,0.6044031643761221,0.39702215731273727,0.24456662408104315,0.13761951912878653,0.5336778651376295,0.2964516193014671,0.16834243194047993,0.12111544553227717,0.573619620308579,0.19147446393640902,0.03630328001122391,2026-09-05T19:31:49Z
823335,642350,Jose Siri,LAA,PIT,0,7,projected,Braxton Ashcraft,PNC Park,2026-09-05T22:40:00Z,3.746124012018861,1369,939,0.3815711767998167,-2.272470790501587,Cold,0.09439035787796932,0.5221044601865071,0.21732547543324465,0.838478437053471,0.5944457326981124,0.3883815652447626,0.23824799851525244,0.13355117750746132,0.5109848469795946,0.2787609576468769,0.15681052354573652,0.11342687993321954,0.5089526092938081,0.144979880042362,0.02336630811435102,2026-09-05T19:31:49Z
823335,663968,Jake Mangum,PIT,LAA,1,8,confirmed,Yusei Kikuchi,PNC Park,2026-09-05T22:40:00Z,3.6615099012550654,853,2860,0.3860841112871308,-0.8560177656910637,Normal,0.05491359689143225,0.6245979173285329,0.24733790217165516,0.5936751352886412,0.624779955243077,0.41627258114828397,0.259792103224395,0.14829744786152066,0.5354381413306238,0.2975003825991346,0.16888924364593783,0.12146962845078844,0.6053882335357813,0.21775371643259128,0.04475239342415419,2026-09-05T19:31:49Z
823335,672724,Oswald Peraza,LAA,PIT,0,8,projected,Braxton Ashcraft,PNC Park,2026-09-05T22:40:00Z,3.522189832679344,872,939,0.2934087094165088,-1.0895696139236812,Normal,0.05430329524170525,0.5029257545707302,0.20996895668461962,0.7550154047616954,0.5216321158957339,0.3227912221215114,0.18786939291018487,0.09900893485969081,0.4489025379920309,0.23101977285502429,0.12559455014497684,0.09239931146195657,0.49087060587771564,0.13183336299611223,0.019570955663246212,2026-09-05T19:31:49Z
823335,694377,Nick Yorke,PIT,LAA,1,9,confirmed,Yusei Kikuchi,PNC Park,2026-09-05T22:40:00Z,3.3230428584028817,229,2860,0.38150251003848457,-1.711303736382371,Normal,0.0842046829616658,0.5492723165487116,0.2686617064166871,0.5819487383739843,0.5725760698409523,0.3650475883455892,0.21812614492671403,0.11833583981723193,0.5126652228509407,0.2770856690495428,0.15444132533710064,0.11172993061623862,0.5349030254807455,0.15794015904173528,0.0248929226609734,2026-09-05T19:31:49Z
823335,623168,Tyler Heineman,LAA,PIT,0,9,projected,Braxton Ashcraft,PNC Park,2026-09-05T22:40:00Z,3.2299850933902574,583,939,0.31379769766157745,-0.5824435846075854,Normal,0.043336826906032584,0.4894990992903584,0.2074501972443278,0.4428504888025173,0.501671440401384,0.30465893991232174,0.1739115386811703,0.089442618853278,0.42892873443359036,0.21558336906062558,0.1155142308795479,0.085632072528959,0.478298191399927,0.12143105716013221,0.0163197839786029,2026-09-05T19:31:49Z
823419,656941,Kyle Schwarber,PHI,ATL,1,1,confirmed,Martín Pérez,Citizens Bank Park,2026-09-05T22:05:00Z,4.59833506939197,3417,2749,0.6644027561111696,-1.1562757853127152,Normal,0.24125868514897583,0.6247468073567067,0.47155570670175195,0.799249159118432,0.7373972765120649,0.5443777438652632,0.37711621725920136,0.24252257350916734,0.6883558402191028,0.4504172118788035,0.2865396305363684,0.20384739730439602,0.6052282597773802,0.2257743878215401,0.05234221014874088,2026-09-05T19:31:49Z
823419,686948,Drake Baldwin,ATL,PHI,0,1,confirmed,Zack Wheeler,Citizens Bank Park,2026-09-05T22:05:00Z,4.685343054992455,969,3296,0.6420889015236343,-0.4034622878055302,Normal,0.1674674567996621,0.6986108235300362,0.35980970545492225,0.7066213365304794,0.748810450557352,0.5589481261836853,0.39168863650133445,0.25515535032048636,0.6752153281409206,0.436415603340777,0.2754002206365771,0.19598421736836524,0.6739457219102502,0.29642765035489765,0.08395742667766745,2026-09-05T19:31:49Z
823419,607208,Trea Turner,PHI,ATL,1,2,confirmed,Martín Pérez,Citizens Bank Park,2026-09-05T22:05:00Z,4.489029523342627,3191,2749,0.6294322641313052,-0.545778651046508,Normal,0.13037966500278134,0.7106837840514931,0.32061636937100607,0.5752134464205255,0.7467055983562375,0.5551239906245224,0.386946017982173,0.25033349622269063,0.6672046157008507,0.4264310597155493,0.2665294584070576,0.18933631963895878,0.6851646858245398,0.3071728944879988,0.08786374335261855,2026-09-05T19:31:49Z
823419,660670,Ronald Acuña Jr.,ATL,PHI,0,2,confirmed,Zack Wheeler,Citizens Bank Park,2026-09-05T22:05:00Z,4.685343054992454,2291,3296,0.5860285468869627,0.49730493336045156,Normal,0.14358434999654288,0.6705204191698863,0.3718780169515085,0.7898465503448435,0.7322470056070978,0.5386155061305901,0.3719770350770759,0.23853577227046416,0.6425458807658034,0.401705732606805,0.24766211083634657,0.17627367872968547,0.6478710954885273,0.26810300873175585,0.07058128891572517,2026-09-05T19:31:49Z
823419,547180,Bryce Harper,PHI,ATL,1,3,confirmed,Martín Pérez,Citizens Bank Park,2026-09-05T22:05:00Z,4.34203109397816,2787,2749,0.5640081977168323,2.3752326567884547,Hot,0.1465618282376311,0.6714391345279516,0.4750578362679393,0.6068445731322362,0.731666706896224,0.5358965079401828,0.36771101410124246,0.23366216037988013,0.6589977156814456,0.4167078919233406,0.25815753998585966,0.1831572655981549,0.6488053204754648,0.2657331259886907,0.06737027449327726,2026-09-05T19:31:49Z
823419,621566,Matt Olson,ATL,PHI,0,3,confirmed,Zack Wheeler,Citizens Bank Park,2026-09-05T22:05:00Z,4.578518854674339,3446,3296,0.6066660992309837,-2.0565202922465255,Cold,0.24552295410514058,0.662681348144321,0.37942667042022526,0.7986521567987691,0.7431570734176317,0.5512963566781331,0.3837108799943783,0.24800124407477117,0.7177210874330747,0.48436212414536184,0.3151617192796551,0.22467849060062167,0.6406062925513843,0.2597203732345502,0.06632423622518897,2026-09-05T19:31:49Z
823419,650333,Luis Arraez,PHI,ATL,1,4,confirmed,Martín Pérez,Citizens Bank Park,2026-09-05T22:05:00Z,4.25046339227506,3150,2749,0.4280883107166623,0.10960612133370536,Normal,0.07077599373482063,0.7407528487739539,0.20517352659174767,0.32598559738122984,0.7200890270363137,0.5215200698579061,0.35367286817189014,0.2217619683310122,0.641100143430454,0.3974688526540923,0.24271756619836082,0.172192723764881,0.7129514402019065,0.33794848188839616,0.10146924568265141,2026-09-05T19:31:49Z
823419,671739,Michael Harris II,ATL,PHI,0,4,confirmed,Zack Wheeler,Citizens Bank Park,2026-09-05T22:05:00Z,4.334325570014054,2635,3296,0.5034409854068898,0.24511972357554776,Normal,0.1555251903134183,0.7012919589275802,0.22380020541596257,0.6818395496158276,0.7322889849236557,0.5369508647165712,0.36895575474240716,0.23487650553441217,0.6800535028874299,0.4397607583190497,0.27683781778552646,0.19645367075970577,0.6764788862441318,0.2961631681198666,0.08162448735533392,2026-09-05T19:31:49Z
823419,664761,Alec Bohm,PHI,ATL,1,5,confirmed,Martín Pérez,Citizens Bank Park,2026-09-05T22:05:00Z,4.124330108752505,2907,2749,0.47599688806233503,0.8573781874986971,Normal,0.1067821378983729,0.6810128387304464,0.3164944000749405,0.4381346907797189,0.7021052995809622,0.5000446275546292,0.3333366994630884,0.20498630625899966,0.6270885594242123,0.38261023247024406,0.23088658861021075,0.1638138238731806,0.6577396132890414,0.27267010253812735,0.06868772484375965,2026-09-05T19:31:49Z
823419,643289,Mauricio Dubón,ATL,PHI,0,5,confirmed,Zack Wheeler,Citizens Bank Park,2026-09-05T22:05:00Z,4.163615813839708,2120,3296,0.4077185629152111,0.188653850504047,Normal,0.07143607451503507,0.6293102609689496,0.18681618463579766,0.5404428501214498,0.6506330710677648,0.44521772012328764,0.28588906001369996,0.16892339503799364,0.5605902625261691,0.32159570397012033,0.18683471818974268,0.13384268827689502,0.6096011318427803,0.22657348218261675,0.05081230286350614,2026-09-05T19:31:49Z
823419,624641,Edmundo Sosa,PHI,ATL,1,6,confirmed,Martín Pérez,Citizens Bank Park,2026-09-05T22:05:00Z,3.7410244752986035,1250,2749,0.44101947562667754,1.2452196896038825,Normal,0.11662667699956722,0.6189167812970731,0.25972437527523917,0.543745884075473,0.6543752940975562,0.4468490295920075,0.28565201086524844,0.1675531132676459,0.6026706159304186,0.35749303281536604,0.21137227176518034,0.15017728885842893,0.6000295003709435,0.21421924202986597,0.04413749949493181,2026-09-05T19:31:49Z
823419,645277,Ozzie Albies,ATL,PHI,0,6,confirmed,Zack Wheeler,Citizens Bank Park,2026-09-05T22:05:00Z,4.163615813839709,2635,3296,0.430985881660828,-0.30516602189913855,Normal,0.10787948178324193,0.6137553968629459,0.23983295036796806,0.6116374701674937,0.6601719177191984,0.45514850242146987,0.2943387474226576,0.17525611548604933,0.5824556406166682,0.3410840701119058,0.2006909342273446,0.14325752685800922,0.595064039020846,0.213480797177056,0.04586498116947178,2026-09-05T19:31:49Z
823419,592663,J.T. Realmuto,PHI,ATL,1,7,confirmed,Martín Pérez,Citizens Bank Park,2026-09-05T22:05:00Z,3.7410244752986035,2467,2749,0.45508915006770845,-0.25709248013192115,Normal,0.10870508125201961,0.608449550735437,0.32066554932071356,0.5364487304178989,0.6541009103746821,0.44661546192772844,0.28541610765188097,0.16731953586364556,0.5829242397834411,0.3392963326275451,0.1982008745970089,0.14121434889860446,0.5902329203464745,0.20571886939234077,0.041068968971095875,2026-09-05T19:31:49Z
823419,642086,Dominic Smith,ATL,PHI,0,7,confirmed,Zack Wheeler,Citizens Bank Park,2026-09-05T22:05:00Z,3.9109899166935826,1557,3296,0.423861331741462,-1.2582437944183882,Normal,0.09601013186744013,0.6063369200991866,0.3057909153987672,0.6088334362457124,0.6308722958516277,0.42408927873780794,0.26744109116212056,0.15472637348593843,0.5645617143370413,0.3240461396514364,0.1880561637420531,0.13455807147414314,0.5881971830649716,0.2058087617620123,0.04230881860377779,2026-09-05T19:31:49Z
823419,681082,Bryson Stott,PHI,ATL,1,8,confirmed,Martín Pérez,Citizens Bank Park,2026-09-05T22:05:00Z,3.7410244752986035,2772,2749,0.4443963751765241,-0.5696283449868278,Normal,0.07811390709678528,0.6053324941414411,0.2978301836530211,0.4719349726265674,0.6406848724317359,0.43248107906553723,0.27335478436551897,0.15830192639663565,0.5511546867789979,0.31103264725280166,0.17827975784609393,0.1277985593431841,0.5873539445510085,0.20267948835300048,0.039908621301860264,2026-09-05T19:31:49Z
823419,663586,Austin Riley,ATL,PHI,0,8,confirmed,Zack Wheeler,Citizens Bank Park,2026-09-05T22:05:00Z,3.910989916693582,2879,3296,0.42433377127743366,0.0688504913243623,Normal,0.11068103138339311,0.5845219365155034,0.23071126661930663,0.8580932641045087,0.6550056875620093,0.44870619470365847,0.2880748115487028,0.16998231852665377,0.5672239455305044,0.3264195591637384,0.18971191889817363,0.1356632389228826,0.567741293936888,0.1888929363175554,0.03658627398110714,2026-09-05T19:31:49Z
823419,656537,Derek Hill,PHI,ATL,1,9,confirmed,Martín Pérez,Citizens Bank Park,2026-09-05T22:05:00Z,3.141853287494158,656,2749,0.3987769971765294,0.5857515607156997,Normal,0.10453021350272479,0.5337387688642276,0.22431905448958256,0.6578249063587591,0.5946865426806736,0.38377123115655526,0.23160742616624408,0.12693841992630098,0.518101945146229,0.2800607634765626,0.15585086549853747,0.11263597828179718,0.5203625743413106,0.1458187867801442,0.021051579554208694,2026-09-05T19:31:49Z
823419,673490,Ha-Seong Kim,ATL,PHI,0,9,confirmed,Zack Wheeler,Citizens Bank Park,2026-09-05T22:05:00Z,3.7702334863521125,1976,3296,0.39440916603922405,-1.0829132521172677,Normal,0.07359505941873243,0.5390842503080078,0.27455682664215303,0.6658537618729163,0.5962947309990603,0.38990019257471575,0.23934597746807446,0.13427597656825005,0.4931241016810921,0.26457887317220546,0.14740009326855014,0.10710775267837436,0.5250255446139641,0.15571233310281937,0.026252202037573096,2026-09-05T19:31:49Z
823577,596019,Francisco Lindor,NYM,SF,1,1,confirmed,Anthony Molina,Citi Field,2026-09-05T20:10:00Z,4.582407740236446,3182,481,0.694613277311155,-1.180028644355865,Normal,0.15925386292553295,0.7202128150364674,0.34635892405389485,0.5468235984821519,0.7457422137607461,0.5545396751144255,0.3868834494449432,0.25068438427279727,0.6943608790792587,0.4571419813924005,0.2920758703897082,0.20782054835108107,0.6939677010073159,0.3185994748350137,0.09444434174883092,2026-09-05T19:31:49Z
823577,813841,Jonah Cox,SF,NYM,0,1,confirmed,Zac Thornton,Citi Field,2026-09-05T20:10:00Z,4.272669765442077,82,245,0.5816096773059746,0.7095093861268756,Normal,0.1473179538062219,0.6705015928602346,0.29094431140005805,0.843246326145635,0.7116794139099373,0.5141199980457466,0.3486539903575114,0.21908082460322761,0.6531686869570773,0.4124168264219105,0.25580957845153507,0.1818505208273467,0.6478440334813591,0.2675784141689023,0.0698039170074828,2026-09-05T19:31:49Z
823577,665742,Juan Soto,NYM,SF,1,2,confirmed,Anthony Molina,Citi Field,2026-09-05T20:10:00Z,4.4648314515096414,3186,481,0.7874851642299078,-0.8137886819226,Normal,0.2497040477013846,0.7005831277292249,0.6076310129940887,0.4442500439673254,0.766761934827185,0.5803603224154016,0.4117568319602401,0.2714383111617726,0.7352305435434299,0.5049611712455417,0.33254511111599383,0.23721235180211042,0.6758135724764444,0.2962775126824079,0.0823487451895539,2026-09-05T19:31:49Z
823577,646240,Rafael Devers,SF,NYM,0,2,confirmed,Zac Thornton,Citi Field,2026-09-05T20:10:00Z,4.272669765442077,3211,245,0.5409763170011511,1.5871034000793476,Normal,0.16148916064514934,0.6380399679355372,0.33941607581574584,0.6577225058359,0.6935350567894217,0.49459180440771916,0.33114619335117546,0.20513084506774232,0.6464046098062239,0.4063758477041233,0.2512130123388115,0.1785073472291428,0.6175168240404036,0.23871064090916116,0.05736697620439048,2026-09-05T19:31:49Z
823577,666182,Bo Bichette,NYM,SF,1,3,confirmed,Anthony Molina,Citi Field,2026-09-05T20:10:00Z,4.358558168030389,2864,481,0.48718244517830056,0.7554445735972399,Normal,0.10333962850248975,0.7448573951639108,0.23163924832921054,0.51168059472089,0.7343269471954895,0.5391774014430937,0.3708999872440375,0.23635592442760414,0.6748424588378007,0.4338032823788679,0.27187174727930224,0.19287293456338378,0.7167401201036037,0.34412657904271154,0.10600130187172153,2026-09-05T19:31:49Z
823577,805811,Bryce Eldridge,SF,NYM,0,3,confirmed,Zac Thornton,Citi Field,2026-09-05T20:10:00Z,4.272669765442076,436,245,0.44298887766299494,1.2383457544052388,Normal,0.10919586609016135,0.620120690895642,0.37766613879526945,0.7222632609131413,0.6576370404016035,0.4537871931154403,0.29401030730205296,0.17558117690283515,0.5885432777516955,0.34790264509937235,0.20620230394400393,0.14714447603339736,0.6009240688274162,0.22069981194211424,0.04943088364836884,2026-09-05T19:31:49Z
823577,701807,Carson Benge,NYM,SF,1,4,confirmed,Anthony Molina,Citi Field,2026-09-05T20:10:00Z,4.1927242720819775,558,481,0.5133663025911309,-0.00425984937640445,Normal,0.130718793051983,0.7202602233545878,0.3020415624795881,0.5278446986207422,0.729761793017288,0.5326987492808657,0.36389182998839814,0.22987009152582838,0.6689995153471877,0.42635683395215734,0.2651370113602824,0.1877686616826351,0.6940412062214568,0.3142901920442908,0.08878281105605905,2026-09-05T19:31:49Z
823577,678545,Osleivis Basabe,SF,NYM,0,4,confirmed,Zac Thornton,Citi Field,2026-09-05T20:10:00Z,4.08319391647158,201,245,0.43739168875766593,-0.017375649169593565,Normal,0.11337970401645818,0.6303754375537854,0.2727727448721225,0.5971872114333612,0.6512162304051663,0.44597126015643757,0.2865839068883615,0.16945719135907125,0.5967904564508457,0.35446250550320757,0.21046805425481852,0.14993610118246925,0.6105770172197278,0.22768450998036602,0.051220225971807365,2026-09-05T19:31:49Z
823577,676724,Jared Young,NYM,SF,1,5,confirmed,Anthony Molina,Citi Field,2026-09-05T20:10:00Z,3.9187004702411716,418,481,0.45411464876645097,-0.46359549646636733,Normal,0.12518694209630407,0.6644542813448234,0.294201807552833,0.5015693219014874,0.6833802058899672,0.4784725443604591,0.3135027282205396,0.1890577877768384,0.6422016203932639,0.3969530649549887,0.24130273550855752,0.17080635633787392,0.6424024078076619,0.2555049218907721,0.06053960250457575,2026-09-05T19:31:49Z
823577,806367,Turner Hill,SF,NYM,0,5,confirmed,Zac Thornton,Citi Field,2026-09-05T20:10:00Z,4.048292372170538,61,245,0.39300132014655825,1.1122475932787521,Normal,0.08426153036818304,0.6159242308550847,0.3322961674568609,0.5125638828519143,0.6154086118460856,0.40962249882269725,0.25605993252792075,0.14677603722435795,0.5668045825281406,0.32678165172725226,0.1903271685598082,0.13615834887119704,0.5971057742133448,0.2148479184323342,0.04609521688491849,2026-09-05T19:31:49Z
823577,543760,Marcus Semien,NYM,SF,1,6,confirmed,Anthony Molina,Citi Field,2026-09-05T20:10:00Z,3.918700470241171,3202,481,0.4135484381572137,1.38884134363108,Normal,0.10288247976103292,0.6367339301621514,0.2646147469083017,0.47486336473933594,0.6700016924444091,0.46433514889357086,0.301235605450577,0.17966354598444,0.593722836791279,0.3501392243822821,0.20643719122524198,0.14689160551908526,0.6165726995914195,0.23083767662945462,0.05075823759238951,2026-09-05T19:31:49Z
823577,668800,Andrew Knizner,SF,NYM,0,6,confirmed,Zac Thornton,Citi Field,2026-09-05T20:10:00Z,3.7412000217647243,750,245,0.35875083221562704,1.0588542185801502,Normal,0.09273713080608854,0.5850038766554421,0.2615352631447769,0.54219132821231,0.6076610145368315,0.40120768809999763,0.24864980440907727,0.1410339056576805,0.5439132226447632,0.30606194007900667,0.17541652427936408,0.12597253505130873,0.5682092791146578,0.18891478601036216,0.03643136760115428,2026-09-05T19:31:49Z
823577,805999,A.J. Ewing,NYM,SF,1,7,confirmed,Anthony Molina,Citi Field,2026-09-05T20:10:00Z,3.9187004702411716,409,481,0.4273225978309229,-1.7353727095414195,Normal,0.09423499047536557,0.6470685287083918,0.3192441499099577,0.581022867758483,0.6529438482877831,0.4458321661379404,0.28510235694737673,0.1673666845874049,0.5951757019940284,0.3509714113227167,0.20687478935942077,0.1471920996931678,0.6262520573927809,0.23909637574964807,0.05367370950393152,2026-09-05T19:31:49Z
823577,694376,Shay Whitcomb,SF,NYM,0,7,confirmed,Zac Thornton,Citi Field,2026-09-05T20:10:00Z,3.2796390871563705,140,245,0.3203385060917114,-2.173713366142679,Cold,0.0974556235435588,0.5279576932504918,0.2026077854961507,0.62756621625335,0.5471972662663207,0.3438089072878175,0.2029644969723303,0.10874573891213159,0.5148904384132896,0.2800488457302049,0.15701859502972176,0.1135657337161558,0.5146737627405858,0.14599482396847188,0.02286069193037125,2026-09-05T19:31:49Z
823577,682626,Francisco Alvarez,NYM,SF,1,8,confirmed,Anthony Molina,Citi Field,2026-09-05T20:10:00Z,3.616799487792818,1419,481,0.3970567204613148,-2.315718404674999,Cold,0.11662723136202705,0.5990257023206856,0.2845539762318308,0.6496403281303627,0.6442732937507638,0.4355263663530396,0.2754979423028065,0.15960480664863008,0.5785015956531279,0.3343671463835519,0.1943062167331866,0.13853393985166376,0.5814925994706368,0.19685330394904368,0.03757526603919541,2026-09-05T19:31:49Z
823577,687529,Grant McCray,SF,NYM,0,8,confirmed,Zac Thornton,Citi Field,2026-09-05T20:10:00Z,3.2796390871563705,220,245,0.3137821979400446,-1.261650175565846,Normal,0.07206141100224825,0.4864638959032734,0.20635374460043812,0.7868626114100123,0.5204375026897458,0.32086265872548086,0.18595189455993683,0.09744083420062367,0.464544481445144,0.24148248238023734,0.13189769809409496,0.09666446502460857,0.47532808213171407,0.12094387678620025,0.016604432489935875,2026-09-05T19:31:49Z
823577,683146,Brett Baty,NYM,SF,1,9,confirmed,Anthony Molina,Citi Field,2026-09-05T20:10:00Z,3.390301867523937,1451,481,0.44114618872927,-0.1105014673202657,Normal,0.10359354052219152,0.5862576696075608,0.2623402916980589,0.54095911168206,0.6107151030275992,0.4008208382892779,0.24621059411097518,0.13787772540035456,0.5525816222192227,0.3101682996246969,0.17677135151191734,0.12665960241322824,0.5696576370636366,0.18465694577740543,0.03265281612536018,2026-09-05T19:31:49Z
823577,683766,Christian Koss,SF,NYM,0,9,confirmed,Zac Thornton,Citi Field,2026-09-05T20:10:00Z,3.279639087156371,341,245,0.3896178359969728,-1.4711515483709081,Normal,0.07063951537459859,0.5537210240908137,0.20410309180313482,0.5788350018473983,0.5583013198637542,0.352724325626434,0.2091037696533302,0.11248416090391551,0.5030145125804698,0.2699121752122004,0.14996471661793462,0.10878627881010806,0.5390741448265721,0.16154172367663058,0.026282792285041677,2026-09-05T19:31:49Z
823823,669065,Kyle Stowers,MIA,CHC,1,1,confirmed,Javier Assad,loanDepot park,2026-09-05T20:10:00Z,4.308501375053643,1235,1742,0.5730787313911476,0.251594504539969,Normal,0.15894267132366188,0.6463442539692913,0.39705715425870847,0.7674111732644942,0.7030791861920274,0.5031667198195183,0.3377106168747898,0.20962087174529567,0.653166841116904,0.4112360813758141,0.2541644140854098,0.18043491273832044,0.6254176588114865,0.24327666555452085,0.058313962858688985,2026-09-05T19:31:49Z
823823,691718,Pete Crow-Armstrong,CHC,MIA,0,1,confirmed,Ryan Gusto,loanDepot park,2026-09-05T20:10:00Z,4.655743761036867,1714,753,0.7688988178327666,0.0849436308999863,Normal,0.23619621651500053,0.704305762433907,0.3959416581855821,0.7140740387011935,0.768129690392957,0.5834519788470481,0.41600845735306075,0.27606340752250613,0.7384071087716546,0.5104670789270275,0.33856570664703173,0.24230273428901825,0.6792209334843206,0.3023567567546785,0.08680296229032917,2026-09-05T19:31:49Z
823823,681715,Heriberto Hernández,MIA,CHC,1,2,confirmed,Javier Assad,loanDepot park,2026-09-05T20:10:00Z,4.138124333149224,708,1742,0.5033430363687278,0.03855034912086159,Normal,0.13809999456628644,0.6007126623484913,0.38664559876738663,0.6887446409901747,0.6739373461091932,0.47001536047657544,0.30736517710449324,0.1852755455192411,0.598248144948085,0.35587975306121633,0.21152337947905225,0.15065974866674367,0.5828365852406111,0.20323210279164322,0.0422964161818039,2026-09-05T19:31:49Z
823823,673548,Seiya Suzuki,CHC,MIA,0,2,confirmed,Ryan Gusto,loanDepot park,2026-09-05T20:10:00Z,4.655307859661803,2819,753,0.58651667523194,0.4234291442135399,Normal,0.1309485201301463,0.6873986845806683,0.40366687110523375,0.7152017874467002,0.7290239770067707,0.5345922621596245,0.36802062954526643,0.23515186964837453,0.6591596471634282,0.41887374161721846,0.2611251537552264,0.18575790994799915,0.6635561493652427,0.284545345211654,0.07802121152618112,2026-09-05T19:31:49Z
823823,665052,Griffin Conine,MIA,CHC,1,3,confirmed,Javier Assad,loanDepot park,2026-09-05T20:10:00Z,4.066099458773248,421,1742,0.5480557918515977,-0.1247630909138116,Normal,0.15030642622120743,0.6281031815106302,0.4158221333512101,0.7424418293245862,0.698868635494704,0.4967197004442176,0.33057691909343023,0.20298158756797682,0.6251041155698127,0.38097898646694145,0.22982756778694907,0.16312907352305955,0.6084967626975548,0.22473061981275336,0.049552032779123324,2026-09-05T19:31:49Z
823823,683737,Michael Busch,CHC,MIA,0,3,confirmed,Ryan Gusto,loanDepot park,2026-09-05T20:10:00Z,4.459406951278086,1873,753,0.5334643984889436,-2.2870688109235395,Cold,0.14250638545774444,0.6576484859200412,0.44786022821903415,0.6842567661110767,0.7038762101564427,0.5043639023327412,0.33911694297464196,0.21102803848530644,0.644655417405273,0.40276863259727824,0.24783338549424833,0.17614530529951367,0.6359415638875139,0.2541999397792203,0.06339288670035137,2026-09-05T19:31:49Z
823823,672640,Otto Lopez,MIA,CHC,1,4,confirmed,Javier Assad,loanDepot park,2026-09-05T20:10:00Z,4.066099458773249,1640,1742,0.4336047563339613,-0.7641768228681411,Normal,0.06958070948181568,0.6529101180158161,0.25443415881076914,0.4313149454506628,0.6677137307486114,0.46256208743958827,0.3002498490171834,0.17935019383247122,0.5772418946994976,0.3357689169380463,0.19650703804369674,0.1402823341534208,0.6316086182026467,0.24640014954066009,0.05766409229913226,2026-09-05T19:31:49Z
823823,608324,Alex Bregman,CHC,MIA,0,4,confirmed,Ryan Gusto,loanDepot park,2026-09-05T20:10:00Z,4.459406951278084,3151,753,0.5236687185294877,1.8313547578063056,Normal,0.13131036541030364,0.6680664843661679,0.3698788788044824,0.5253134384894184,0.7105879121768023,0.5119624301340804,0.34603553245448376,0.21655093661570607,0.6401149650270385,0.3980332157447701,0.24410937150656226,0.17352781682590648,0.6456383549540814,0.26389690203603366,0.06752434965958846,2026-09-05T19:31:49Z
823823,805300,Jakob Marsee,MIA,CHC,1,5,confirmed,Javier Assad,loanDepot park,2026-09-05T20:10:00Z,4.066099458773249,774,1742,0.49742045769380394,-0.15392078134832923,Normal,0.09003204780171677,0.5918892708705262,0.47585443696093344,0.5658847471082152,0.6443058167472119,0.43776052569455653,0.27886046663624303,0.1631336341313711,0.5624121834884515,0.3222488186293229,0.1867920604766825,0.13368290155287663,0.5746467700684389,0.19459836240115216,0.038471813957933296,2026-09-05T19:31:49Z
823823,664023,Ian Happ,CHC,MIA,0,5,confirmed,Ryan Gusto,loanDepot park,2026-09-05T20:10:00Z,4.3498948316156545,3233,753,0.5405851507831003,-0.24949698480570082,Normal,0.13570162205543385,0.6447348002023155,0.4429780109112844,0.7343424398728231,0.6993860840205125,0.49856348111024207,0.33329323242089876,0.20597760495736536,0.6347614416436395,0.39195501049669706,0.23903788276141946,0.16985043030125438,0.6239517135488684,0.2412972083801696,0.05737444343976034,2026-09-05T19:31:49Z
823823,683357,Owen Caissie,MIA,CHC,1,6,confirmed,Javier Assad,loanDepot park,2026-09-05T20:10:00Z,3.5200942734951357,339,1742,0.421246769836478,-0.5133383304378437,Normal,0.12535571937462,0.5482053558164844,0.30303798940210314,0.7634352671760136,0.6233605886311201,0.41488780810822706,0.2586991864879605,0.1475377677946834,0.554267158042584,0.31338064667618704,0.1797743554389259,0.12878305857363956,0.5337066304558649,0.16037987712466384,0.026835853584891455,2026-09-05T19:31:49Z
823823,663538,Nico Hoerner,CHC,MIA,0,6,confirmed,Ryan Gusto,loanDepot park,2026-09-05T20:10:00Z,4.253466950675441,3105,753,0.45547621278012046,-0.04732483268553456,Normal,0.06558894269847189,0.6806394856749087,0.2536391495957143,0.4302152947398072,0.6863347683164973,0.4835192737918109,0.3193895794053422,0.1947298704736217,0.592378991820689,0.35048316291251347,0.20770041886824012,0.1481220857399012,0.6573617970937277,0.2741944123410797,0.07079770105800276,2026-09-05T19:31:49Z
823823,691788,Joe Mack,MIA,CHC,1,7,confirmed,Javier Assad,loanDepot park,2026-09-05T20:10:00Z,3.5200942734951353,282,1742,0.40098181830687496,-0.7594551162069467,Normal,0.12618394889638712,0.5636002772560762,0.27041950700265904,0.5971029266459064,0.6333519744841588,0.4243961860932809,0.2662127186703416,0.15278276755963094,0.5601076687653073,0.31805294616360075,0.18283456423012015,0.13080829781349929,0.5482399678419312,0.17047924193907013,0.029458451328708956,2026-09-05T19:31:49Z
823823,699393,Pedro Ramírez,CHC,MIA,0,7,confirmed,Ryan Gusto,loanDepot park,2026-09-05T20:10:00Z,3.6417522955130566,198,753,0.4350532639416443,0.14016232576911775,Normal,0.09349504143578789,0.6198418712317565,0.29599902996132926,0.5121894844091619,0.6495444738128138,0.4421008875472897,0.28187094298856735,0.16493330162265732,0.5788436281668252,0.33587500986460117,0.19600773944410338,0.1398417732862551,0.6008864926896585,0.21540895731156895,0.04493046114340982,2026-09-05T19:31:49Z
823823,688363,Graham Pauley,MIA,CHC,1,8,confirmed,Javier Assad,loanDepot park,2026-09-05T20:10:00Z,3.2617217529320452,340,1742,0.3504672195656075,0.3288014221752959,Normal,0.08156057600146945,0.514811264121111,0.2621672794397714,0.5257471272859783,0.561947135351238,0.35556651692278574,0.21097445980042953,0.11354377434498168,0.4968188352274761,0.26475862989186943,0.14642641893219532,0.10638451176009699,0.5023244060626287,0.13608122930197405,0.01951710979750006,2026-09-05T19:31:49Z
823823,624424,Michael Conforto,CHC,MIA,0,8,confirmed,Ryan Gusto,loanDepot park,2026-09-05T20:10:00Z,3.6417522955130566,1700,753,0.44829874722113094,0.5962477288983417,Normal,0.12697089522821658,0.5667187014292105,0.35540338867516424,0.6247605091639945,0.6340641487505435,0.42610797081428614,0.26833470871095016,0.15484377615678122,0.569583634277682,0.3273257226589787,0.1898229882217156,0.13564119926708948,0.551103534961573,0.17412549621465334,0.03126886334391167,2026-09-05T19:31:49Z
823823,691594,Javier Sanoja,MIA,CHC,1,9,confirmed,Javier Assad,loanDepot park,2026-09-05T20:10:00Z,3.261721752932045,785,1742,0.3516951715575733,1.2738335960650176,Normal,0.06053958560451008,0.5602486571302393,0.20731874580557494,0.3037526340726548,0.5917589316141767,0.38206978753345616,0.23091306729947378,0.12686755219502682,0.5149163026794513,0.278451272714207,0.15516910443543286,0.11220502023908771,0.5452894853949649,0.16467325270192437,0.026388318318563798,2026-09-05T19:31:49Z
823823,665804,Miguel Amaya,CHC,MIA,0,9,confirmed,Ryan Gusto,loanDepot park,2026-09-05T20:10:00Z,3.3859197981452134,850,753,0.37467605992490394,-1.4126261257063029,Normal,0.06839329654406996,0.5381167857867138,0.26710898848111836,0.5769404988492656,0.5879575091818272,0.3801136312495769,0.23042504252058604,0.12723768163746943,0.49235739479364965,0.2623155415026287,0.14526203823714195,0.1056412143964278,0.5242831339026978,0.1522475473467274,0.024213954565368758,2026-09-05T19:31:49Z
823904,660271,Shohei Ohtani,LAD,WSH,1,1,projected,Cade Cavalli,UNIQLO Field at Dodger Stadium,2026-09-06T01:10:00Z,4.601892787847395,3316,883,0.766676319273636,-1.0707381523614634,Normal,0.2756452667737042,0.7157996264722886,0.429323431634523,0.7142582218618827,0.7903983286732541,0.612467209285077,0.44537581199984305,0.3017195042918488,0.766379839918849,0.5461262184837112,0.37072619615815444,0.26657812011769827,0.6898843426043328,0.31389261614731007,0.09213217686289138,2026-09-05T19:31:49Z
823904,682928,CJ Abrams,WSH,LAD,0,1,projected,Tyler Glasnow,UNIQLO Field at Dodger Stadium,2026-09-06T01:10:00Z,4.724427908372814,2743,1594,0.6170479246152896,-2.81059308288397,Cold,0.1521665928094795,0.6590479730636222,0.34537268058819254,0.8104498145340293,0.709704236655414,0.5122915690358074,0.34737891694205475,0.21842604321173614,0.6547963793213802,0.4146531820837304,0.2579837151993161,0.1836061709157567,0.6371857993313206,0.2574952041005042,0.06604324364777059,2026-09-05T19:31:49Z
823904,605141,Mookie Betts,LAD,WSH,1,2,projected,Cade Cavalli,UNIQLO Field at Dodger Stadium,2026-09-06T01:10:00Z,4.4819132225135,2955,883,0.6148416277931393,0.9296719651318711,Normal,0.14518659667502004,0.7041042423632925,0.36784624324179716,0.4819781957869866,0.7444737631673349,0.5523360934281761,0.38421070543266206,0.2480046683759708,0.6767549526034514,0.43676538624453154,0.27484491797792593,0.1952406013755286,0.6790738089753168,0.3001117035707473,0.08432530019598436,2026-09-05T19:31:49Z
823904,695578,James Wood,WSH,LAD,0,2,projected,Tyler Glasnow,UNIQLO Field at Dodger Stadium,2026-09-06T01:10:00Z,4.719865692335822,1574,1594,0.6498425597199973,-0.6159051177062737,Normal,0.20372691568910853,0.6507181207054517,0.5077201833727422,0.8720623478955906,0.7263153080298819,0.5315927994916373,0.3653762828371273,0.23312832687648635,0.6818881495503072,0.4437936878689068,0.2814911378806428,0.2004032698122343,0.6294378574622733,0.2495866309110637,0.06257848054414097,2026-09-05T19:31:49Z
823904,669242,Tommy Edman,LAD,WSH,1,3,projected,Cade Cavalli,UNIQLO Field at Dodger Stadium,2026-09-06T01:10:00Z,4.229818389572222,1939,883,0.5278602613410378,1.0801072458958283,Normal,0.11363205109016247,0.6582065695475318,0.33615585932037667,0.5768538668174897,0.6891687170421323,0.48646239643566497,0.3218228710147786,0.19646331323679503,0.6205262788031537,0.3770771960427651,0.22724477673097407,0.1614830387141592,0.636520509633089,0.25239987448778056,0.06106389782501259,2026-09-05T19:31:49Z
823904,691781,Brady House,WSH,LAD,0,3,projected,Tyler Glasnow,UNIQLO Field at Dodger Stadium,2026-09-06T01:10:00Z,4.34928927421747,570,1594,0.4051301183283776,1.3153278123902743,Normal,0.09818464656445931,0.5948809359146867,0.2547273909028569,0.866275243003099,0.6302156388694894,0.4254947914855981,0.2700063346254391,0.1575987027192948,0.5570012094362636,0.31943753501973937,0.1857815950707212,0.13322621446068836,0.57732060927649,0.1999676414130602,0.04196531974670471,2026-09-05T19:31:49Z
823904,663656,Kyle Tucker,LAD,WSH,1,4,projected,Cade Cavalli,UNIQLO Field at Dodger Stadium,2026-09-06T01:10:00Z,4.218774371625257,2767,883,0.5449440215643426,-0.484531681065594,Normal,0.1458949125020007,0.6431659427715757,0.4609575143043328,0.5149956864966418,0.7036216007663298,0.5023677006149796,0.33593358361779435,0.20742980675602116,0.6367489462730339,0.39289437598655474,0.23909409121665906,0.1696312036270455,0.6225352953022063,0.23830392165853598,0.05511888983938552,2026-09-05T19:31:49Z
823904,695734,Daylen Lile,WSH,LAD,0,4,projected,Tyler Glasnow,UNIQLO Field at Dodger Stadium,2026-09-06T01:10:00Z,4.3435384316711865,937,1594,0.49543953083276554,1.1084928346222336,Normal,0.1412610244086939,0.6481008428462782,0.28901291921237066,0.6929858847344436,0.6887014674090602,0.48674581835893094,0.3227154647837924,0.197660368851095,0.6437088801054381,0.40115470688077143,0.2461819856202442,0.174836480636187,0.6270785548359581,0.2444798601595953,0.05871052928497103,2026-09-05T19:31:49Z
823904,518692,Freddie Freeman,LAD,WSH,1,5,projected,Cade Cavalli,UNIQLO Field at Dodger Stadium,2026-09-06T01:10:00Z,4.192080260615537,3293,883,0.5586967407835487,0.8676504693110705,Normal,0.12665166979285264,0.7185397350141319,0.3914037128457133,0.5273253866968515,0.7413611208468063,0.5465426515992216,0.376914525055001,0.24050185087532736,0.6779979352808579,0.43594508781660496,0.2727195780829436,0.19308015380479068,0.6924605631013098,0.312114378029778,0.08752620275519861,2026-09-05T19:31:49Z
823904,660688,Keibert Ruiz,WSH,LAD,0,5,projected,Tyler Glasnow,UNIQLO Field at Dodger Stadium,2026-09-06T01:10:00Z,4.188210307044614,2064,1594,0.38854290481374454,1.3507926101221304,Normal,0.1001883075103384,0.6335311232133197,0.24964609878577612,0.5159892576698838,0.6485538101673518,0.44317915164943095,0.2842210886086916,0.1677137365774015,0.5853727788098148,0.3438721656312686,0.20278453732701734,0.14471268923904945,0.6135322223274294,0.23037542202118078,0.05233578639214392,2026-09-05T19:31:49Z
823904,669257,Will Smith,LAD,WSH,1,6,projected,Cade Cavalli,UNIQLO Field at Dodger Stadium,2026-09-06T01:10:00Z,4.044691864978975,2332,883,0.5122708787507622,-0.6814301829531431,Normal,0.1165264835087109,0.6420706426363075,0.418874441381221,0.5642684850082234,0.6880950354401014,0.4839255139926345,0.31852775891513735,0.1931053693730144,0.609223347577081,0.3647775223795393,0.21729817520149883,0.15439615444273821,0.6215677227690289,0.2356234736840952,0.05296325853078305,2026-09-05T19:31:49Z
823904,686611,Dylan Crews,WSH,LAD,0,6,projected,Tyler Glasnow,UNIQLO Field at Dodger Stadium,2026-09-06T01:10:00Z,4.166737861112714,821,1594,0.40433054415168906,-0.640354013407354,Normal,0.09516299299958467,0.5500573918243399,0.29492952243125525,0.8131870721721911,0.6029159496673788,0.3977319996569669,0.24658289390708954,0.1400785076061377,0.5261545495281721,0.29228310068558283,0.16648473735837968,0.12004483015956945,0.5352547900981107,0.165332951491622,0.029948344244338437,2026-09-05T19:31:49Z
823904,606192,Teoscar Hernández,LAD,WSH,1,7,projected,Cade Cavalli,UNIQLO Field at Dodger Stadium,2026-09-06T01:10:00Z,3.933214862250395,2824,883,0.4520013522757692,1.5585045673713973,Normal,0.12346973851747783,0.6525022767925291,0.2768823031164142,0.7237172964654442,0.6906315376092343,0.486174729783738,0.3200984852155163,0.19399931239340645,0.6256150956079443,0.3800836591826155,0.2283537769517315,0.16184934470277698,0.6313068833224018,0.244058111624566,0.055665069341994736,2026-09-05T19:31:49Z
823904,677588,José Tena,WSH,LAD,0,7,projected,Tyler Glasnow,UNIQLO Field at Dodger Stadium,2026-09-06T01:10:00Z,3.605815168677665,644,1594,0.36957723011926247,-1.3291961084946826,Normal,0.08189379426545881,0.5497071739791405,0.29216322756594776,0.7649418699554351,0.5760972751708469,0.37095540304707303,0.2243594661792915,0.12371661676658537,0.5179214257964475,0.2839101973332141,0.1600971568574303,0.11563168965513775,0.5350687766665543,0.16246980464356894,0.027970771591145506,2026-09-05T19:31:49Z
823904,571970,Max Muncy,LAD,WSH,1,8,projected,Cade Cavalli,UNIQLO Field at Dodger Stadium,2026-09-06T01:10:00Z,3.7891455251095576,2312,883,0.5784779196519143,-0.6434044348705673,Normal,0.19436698016626253,0.567447148532968,0.47270572532635097,0.6603935381425325,0.6745473866459425,0.4679383433249776,0.30358885237619887,0.18095638624970256,0.627472728547823,0.3811684055744722,0.2287607868057698,0.16200149501694888,0.551790429618405,0.1744626521930692,0.031172679300814177,2026-09-05T19:31:49Z
823904,696285,Jacob Young,WSH,LAD,0,8,projected,Tyler Glasnow,UNIQLO Field at Dodger Stadium,2026-09-06T01:10:00Z,3.6058151686776654,1433,1594,0.3638640212311413,0.7748139207109487,Normal,0.06037205870730903,0.5247788083274266,0.27192811758053087,0.6301088532569519,0.5562547087341632,0.3529461958382063,0.21044232924389863,0.11411980098018361,0.47152589537556605,0.24780773623221858,0.13634822697254015,0.09964346995692364,0.5115400246879868,0.145761625576349,0.02323725943544459,2026-09-05T19:31:49Z
823904,500743,Miguel Rojas,LAD,WSH,1,9,projected,Cade Cavalli,UNIQLO Field at Dodger Stadium,2026-09-06T01:10:00Z,3.263801766987916,1800,883,0.36732819125036237,-0.2602254496318378,Normal,0.06080865433445298,0.5755893086769012,0.23665913352688994,0.3822596273099737,0.5914515235471121,0.38180019471388155,0.23071335434808551,0.12673647611862476,0.5107575658350858,0.27519094208807465,0.15303991444989884,0.11078526321140712,0.5597213162747171,0.17542439755176073,0.02933158375015356,2026-09-05T19:31:49Z
823904,683083,Nasim Nuñez,WSH,LAD,0,9,projected,Tyler Glasnow,UNIQLO Field at Dodger Stadium,2026-09-06T01:10:00Z,3.417868695069005,634,1594,0.3309655248033576,-1.841033075326779,Normal,0.05326897334555297,0.4719241876450774,0.2619188497470764,0.6528228911200715,0.5073728335360352,0.3102746338980666,0.17844631855227008,0.09266934438439979,0.4155405385101123,0.2072778836607178,0.11071170806185082,0.08234190161568286,0.4614658871345142,0.11326539901546928,0.01500274252124564,2026-09-05T19:31:49Z
824066,695600,Carter Jensen,KC,TOR,1,1,confirmed,Max Scherzer,Kauffman Stadium,2026-09-05T23:10:00Z,4.416672108291886,599,1972,0.6378549880208643,1.8069472054275022,Normal,0.17447347957293274,0.631390225885371,0.4521341481978658,0.7423823082638125,0.7055399797026465,0.5061907417317678,0.34069729328362003,0.21220619697547877,0.6528727908284486,0.41119193946624977,0.2543403141528643,0.18066503512368054,0.6114649236038319,0.23045293887080057,0.05350541247753146,2026-09-05T19:31:49Z
824066,543807,George Springer,TOR,KC,0,1,projected,Seth Lugo,Kauffman Stadium,2026-09-05T23:10:00Z,4.764615420298544,2921,2993,0.6039041235645786,1.345702063456216,Normal,0.120842152799779,0.6922243579242573,0.34360997888601125,0.5961278230077723,0.7282520262892238,0.5341593315227852,0.36799839356738917,0.23543570915937828,0.6445155337253525,0.404070652670625,0.249710929746737,0.17778866271513502,0.6680172276641525,0.29027158294768063,0.08129920927634757,2026-09-05T19:31:49Z
824066,677951,Bobby Witt Jr.,KC,TOR,1,2,confirmed,Max Scherzer,Kauffman Stadium,2026-09-05T23:10:00Z,4.416672108291888,3269,1972,0.5642981967427991,-0.019854333510113058,Normal,0.12118427936020205,0.6966014284294554,0.2519368250366729,0.6491847790401383,0.7311860556167286,0.5359463968603587,0.3682587534502523,0.23450429104437448,0.6645733865234226,0.4232932685254914,0.26378581830247,0.18728145061896384,0.6721244261367886,0.2918303501073207,0.0799309898058762,2026-09-05T19:31:49Z
824066,669701,Josh Smith,TOR,KC,0,2,projected,Seth Lugo,Kauffman Stadium,2026-09-05T23:10:00Z,4.39199616239971,1841,2993,0.5125328710935013,-1.077999932356514,Normal,0.09089002697826505,0.6388588616901728,0.40898597370308537,0.5974491235701637,0.6571247722498788,0.45348821865081207,0.29401238287138187,0.17580702315457386,0.582294983241152,0.34244564426782553,0.2024500194344843,0.1446600734053511,0.6184167286075435,0.2373538186602845,0.05640519914526414,2026-09-05T19:31:49Z
824066,695506,Jac Caglianone,KC,TOR,1,3,confirmed,Max Scherzer,Kauffman Stadium,2026-09-05T23:10:00Z,4.1747382702132185,741,1972,0.4988291269189368,1.152433038042457,Normal,0.16505919815234613,0.6449410678505781,0.2911619199594727,0.667976864601641,0.6918238105359548,0.48919719862719563,0.32409254422849526,0.19810000247356815,0.6497833071950216,0.40628784658700373,0.24944434228336324,0.17681290645735023,0.6241803756079571,0.2399761533770258,0.05577050966171827,2026-09-05T19:31:49Z
824066,664770,Nathan Lukes,TOR,KC,0,3,projected,Seth Lugo,Kauffman Stadium,2026-09-05T23:10:00Z,4.330982215787435,944,2993,0.47297123902664556,0.03702934765473846,Normal,0.10623593879046242,0.6708044195948293,0.30306705793548283,0.4922145303520868,0.6819370980592306,0.4794703267335104,0.3163540834900419,0.19276620569302552,0.6196947133956289,0.37727256124631425,0.22798387851446547,0.16219735526840096,0.6481914511668938,0.2659303322874779,0.06796248967303559,2026-09-05T19:31:49Z
824066,521692,Salvador Perez,KC,TOR,1,4,confirmed,Max Scherzer,Kauffman Stadium,2026-09-05T23:10:00Z,4.174738270213218,2904,1972,0.34588967182912606,0.5534892014857504,Normal,0.12436277915406592,0.6225121427229207,0.19762961390300468,0.6710085606710581,0.6571965849831867,0.4516515495420102,0.2910731869141558,0.17259429482404726,0.5988449110994819,0.3558461383736537,0.21122164376069924,0.1503946491101495,0.6032729426148506,0.22016579372853595,0.047984172228166914,2026-09-05T19:31:49Z
824066,665489,Vladimir Guerrero Jr.,TOR,KC,0,4,projected,Seth Lugo,Kauffman Stadium,2026-09-05T23:10:00Z,4.330982215787434,3303,2993,0.4346095805256906,0.9314176264649369,Normal,0.09114484858810878,0.6719068873091734,0.2839139702388798,0.4784256085113503,0.696773417667863,0.4959310253062463,0.3310556258303175,0.20427300788333852,0.6067183485587498,0.36470842506814366,0.21851405469007418,0.1556233433707102,0.6492068441547135,0.2669726058439829,0.06828088473736481,2026-09-05T19:31:49Z
824066,686469,Vinnie Pasquantino,KC,TOR,1,5,confirmed,Max Scherzer,Kauffman Stadium,2026-09-05T23:10:00Z,4.145070085308773,2208,1972,0.43237716050641734,0.34128767495878026,Normal,0.13679160816041477,0.6352179101953629,0.35869594714450787,0.4824677892077475,0.6777922616568928,0.4732312893471789,0.30953695422409294,0.18649709795428004,0.6210600519078825,0.3767861321272826,0.22657011338655655,0.16086925934981122,0.6151519463830294,0.23052681601164013,0.05159961254783103,2026-09-05T19:31:49Z
824066,672386,Alejandro Kirk,TOR,KC,0,5,projected,Seth Lugo,Kauffman Stadium,2026-09-05T23:10:00Z,4.1467577471091035,2109,2993,0.35031389241676114,-0.46743914242417023,Normal,0.08619070926507809,0.6475960862049078,0.30223636422191613,0.4420582595553647,0.6497812836352364,0.4443198267842728,0.28509126208136976,0.1682902761620668,0.5756122865416408,0.3348867490032288,0.19624228007344333,0.1402263572610459,0.6266482947405995,0.24258368292783045,0.05697864223669379,2026-09-05T19:31:49Z
824066,686681,Michael Massey,KC,TOR,1,6,confirmed,Max Scherzer,Kauffman Stadium,2026-09-05T23:10:00Z,3.8023885986995225,1665,1972,0.39087431919642834,1.8334994459524778,Normal,0.1069569559028179,0.6159980659176808,0.24235094799409132,0.5066259604105838,0.6471161438617912,0.43961779680454377,0.2796944523545252,0.16321760032933724,0.5823220735465252,0.33896398944665623,0.1981044919382375,0.14119855205150292,0.597282277216248,0.21216777702231177,0.0435436474788578,2026-09-05T19:31:49Z
824066,660821,Jesús Sánchez,TOR,KC,0,6,projected,Seth Lugo,Kauffman Stadium,2026-09-05T23:10:00Z,3.9542189110532138,2076,2993,0.4138905128716883,-0.976363519803373,Normal,0.10420740178768376,0.6236160538975104,0.3068750383264424,0.6299324184369935,0.657682893861639,0.45176502087898335,0.29088880242792775,0.17224541793460826,0.5946229068498031,0.35150143405034345,0.20783147340467675,0.14801080447419074,0.6043270970723104,0.22046652700749628,0.04772719109967163,2026-09-05T19:31:49Z
824066,670231,John Rave,KC,TOR,1,7,confirmed,Max Scherzer,Kauffman Stadium,2026-09-05T23:10:00Z,3.521849978182236,273,1972,0.3998289162183546,0.9634451482345554,Normal,0.10219767182487549,0.5389277043901357,0.31901348675758506,0.6034601817365174,0.5909643610261199,0.38359921104234035,0.23350743435224117,0.1295731650416255,0.5268262399455241,0.29010439445759156,0.16377276736358587,0.11802452416523442,0.524981162621375,0.15369562560127745,0.024804214539701875,2026-09-05T19:31:49Z
824066,665926,Andrés Giménez,TOR,KC,0,7,projected,Seth Lugo,Kauffman Stadium,2026-09-05T23:10:00Z,3.9542189110532138,2625,2993,0.398242172249188,-0.13313827814776644,Normal,0.08035704148355653,0.6318515138025773,0.26511673735732677,0.5310173701652801,0.648602212499804,0.4422151298493579,0.2826761891437855,0.16602625867675666,0.5684530551243799,0.3276337069785761,0.19064141913779492,0.13631168064790192,0.6120242205312705,0.22723608485824862,0.05011086985349676,2026-09-05T19:31:49Z
824066,668942,Josh Rojas,KC,TOR,1,8,confirmed,Max Scherzer,Kauffman Stadium,2026-09-05T23:10:00Z,3.521849978182236,1647,1972,0.3781198798883945,1.1115930015562354,Normal,0.07705488430337556,0.538533288981804,0.2925715194898368,0.547932661037914,0.5787554893492519,0.37211343087711624,0.22442380613452276,0.12319314257726502,0.4992981381425238,0.26798577134713025,0.14902173643765879,0.10812799515151542,0.5246302238838733,0.1530683991532049,0.024474819177982828,2026-09-05T19:31:49Z
824066,676391,Ernie Clement,TOR,KC,0,8,projected,Seth Lugo,Kauffman Stadium,2026-09-05T23:10:00Z,3.7573728290636272,1825,2993,0.39578282783945906,-1.0327302378082883,Normal,0.05902764045640479,0.6219670284565294,0.17616518302855605,0.3801386466630452,0.6381615513679592,0.4307108011087474,0.27246420909602487,0.1580812622990893,0.5453118443855033,0.3068101125526258,0.17575588561384087,0.1261888094271878,0.6028600505601521,0.2174643978581611,0.04581366550966657,2026-09-05T19:31:49Z
824066,686555,Isaac Collins,KC,TOR,1,9,confirmed,Max Scherzer,Kauffman Stadium,2026-09-05T23:10:00Z,3.42206960203339,925,1972,0.4136627941367492,-1.1816906101389864,Normal,0.07334763636150508,0.5275850453077554,0.3806864603279298,0.5560743774814386,0.5790488550518157,0.37153347815669036,0.22346896552720885,0.12221527359413314,0.4972604131009807,0.2656682971527802,0.14722362766552233,0.10691690984418431,0.5143587865879343,0.14484136292746014,0.02191978809246166,2026-09-05T19:31:49Z
824066,664702,Myles Straw,TOR,KC,0,9,projected,Seth Lugo,Kauffman Stadium,2026-09-05T23:10:00Z,3.393528352890467,1703,2993,0.3917534762225142,1.1479691850482692,Normal,0.04384822383446984,0.5353818887387771,0.22112374570441642,0.42154818385540094,0.5596998822074196,0.35465868085266467,0.21096918470606146,0.11399564769500824,0.4650447186557885,0.24193444604768485,0.13221000687114448,0.09687325627695431,0.5216948021995881,0.15054407742305473,0.023794240041228605,2026-09-05T19:31:49Z
824145,514888,Jose Altuve,HOU,AZ,1,1,projected,Brandon Pfaadt,Daikin Park,2026-09-05T23:15:00Z,4.542477859674582,2841,2405,0.6243734342667098,-0.4917151641048892,Normal,0.1325954519021949,0.717944010275567,0.28979663572221337,0.5956446881208547,0.7472630007606936,0.5562720934275832,0.38842976664146117,0.25187078716712735,0.6695931114165559,0.4294806502067349,0.269260520867723,0.19138262422854885,0.6918687406964538,0.3158217020822082,0.09276843930805302,2026-09-05T19:31:49Z
824145,663457,Lars Nootbaar,AZ,HOU,0,1,confirmed,Ethan Pecko,Daikin Park,2026-09-05T23:15:00Z,4.637106349054231,2104,59,0.6767147622042464,0.6952600218914657,Normal,0.14557549783614707,0.6430534912803716,0.5374096290167865,0.6090126100354547,0.7031804249157446,0.5046104697969702,0.3401126457717224,0.21239837812058912,0.6352263879571404,0.39422415198772637,0.24179073536478815,0.17210882668798708,0.6222895155402284,0.24244099483313053,0.059352366360542676,2026-09-05T19:31:49Z
824145,665161,Jeremy Peña,HOU,AZ,1,2,projected,Brandon Pfaadt,Daikin Park,2026-09-05T23:15:00Z,4.396413264546392,2783,2405,0.5769696506863222,-1.1162643309526115,Normal,0.12851754252380795,0.7127356789827767,0.23901615085159597,0.6665721313165078,0.7305366622410929,0.535036379053182,0.36729312158240907,0.23362748672088116,0.6640824019143187,0.4226301411768213,0.26317406940465027,0.18681583913844466,0.6870654320017479,0.30863802794381945,0.08796808511301704,2026-09-05T19:31:49Z
824145,672695,Geraldo Perdomo,AZ,HOU,0,2,confirmed,Ethan Pecko,Daikin Park,2026-09-05T23:15:00Z,4.528338471884356,2698,59,0.597892622186315,-0.12971560247305372,Normal,0.08379328817476683,0.6441359954799617,0.4733462561999881,0.5366846190675647,0.6793368124300998,0.47751912888936565,0.3152767394070338,0.19241218310301658,0.5853429495708699,0.3455528194840082,0.20490172033851758,0.14640935680690506,0.6233275147221358,0.24258261754214153,0.05893168730677008,2026-09-05T19:31:49Z
824145,670623,Isaac Paredes,HOU,AZ,1,3,projected,Brandon Pfaadt,Daikin Park,2026-09-05T23:15:00Z,4.25034542102682,2612,2405,0.46570937434266235,0.4878912589709719,Normal,0.13509124905630537,0.6465382069136127,0.40075006339877434,0.4796217447953698,0.6891809735225966,0.4865555554865498,0.32197376063715255,0.19663631121829758,0.6253869131909576,0.38194089619395266,0.2309710026296497,0.1640787831626821,0.6256565103929529,0.24189176544068025,0.056881975544534905,2026-09-05T19:31:49Z
824145,672515,Gabriel Moreno,AZ,HOU,0,3,confirmed,Ethan Pecko,Daikin Park,2026-09-05T23:15:00Z,4.39727468138685,1578,59,0.5155691800136522,-0.4345139785251948,Normal,0.10296638808331292,0.6822255410346871,0.4031003741538702,0.5678842671865685,0.7027890263359186,0.5029111267854866,0.3376090587598327,0.20967618634515553,0.62470652929738,0.38242085117751456,0.23201470127376098,0.16504169391566817,0.658790301490971,0.2774584016080339,0.07338106583192448,2026-09-05T19:31:49Z
824145,670541,Yordan Alvarez,HOU,AZ,1,4,projected,Brandon Pfaadt,Daikin Park,2026-09-05T23:15:00Z,4.2365906909461035,2504,2405,0.6109355778692813,-0.3636717354200673,Normal,0.23797010762402285,0.7268333263121021,0.40895258483893504,0.48511704196752126,0.7758817630262617,0.5907391480831421,0.4207983064759223,0.2780495886358191,0.7462373829764863,0.5170360994848272,0.34181434106039316,0.24326338150377497,0.7001110606271213,0.3219510124046387,0.09299478038929537,2026-09-05T19:31:49Z
824145,606466,Ketel Marte,AZ,HOU,0,4,confirmed,Ethan Pecko,Daikin Park,2026-09-05T23:15:00Z,4.39727468138685,2880,59,0.5819305431994541,0.9102398336997052,Normal,0.1944069847117704,0.6632522127791975,0.43671003357776644,0.5241976542527936,0.7285526160094479,0.5327948499936839,0.36527833917832153,0.2320543044684236,0.6851705548072382,0.44579215493090996,0.2819994644890241,0.20024725174577374,0.6411684899415453,0.258914715470041,0.06504270197893494,2026-09-05T19:31:49Z
824145,572233,Christian Walker,HOU,AZ,1,5,projected,Brandon Pfaadt,Daikin Park,2026-09-05T23:15:00Z,4.123199727785124,3085,2405,0.4614151607203485,-1.0247172497068016,Normal,0.15435041581885736,0.6390267349337415,0.2766037249802977,0.6615061590319399,0.6977321182879048,0.4951103419592411,0.32888147380859906,0.20147289808390484,0.639128715185774,0.3946464039863545,0.2400309059748024,0.17012329192815287,0.6187073983446666,0.2336874636502261,0.052694417125071225,2026-09-05T19:31:49Z
824145,682998,Corbin Carroll,AZ,HOU,0,5,confirmed,Ethan Pecko,Daikin Park,2026-09-05T23:15:00Z,4.374449766551509,2688,59,0.6659777474315011,-1.6680172327019156,Normal,0.17204349147180523,0.6390355551741599,0.49169460436446566,0.6120541071549443,0.727097656188215,0.5307623569438135,0.36315585266172457,0.2301688025153819,0.6757180026224596,0.4350405906835008,0.2730784119973546,0.19383155527558907,0.618633314414861,0.2364117503376439,0.05553678167941481,2026-09-05T19:31:49Z
824145,662139,Daulton Varsho,HOU,AZ,1,6,projected,Brandon Pfaadt,Daikin Park,2026-09-05T23:15:00Z,3.9498501887595188,2438,2405,0.4774863721773307,-0.9719948154650164,Normal,0.14467599379849683,0.6302021825584221,0.27823406942517137,0.55661979150389,0.6827509131678852,0.477709356126367,0.3127491075719732,0.1884086271076966,0.6340348630523059,0.38862563012377715,0.23488391805547645,0.16635233183619813,0.61051977907101,0.2247477413513969,0.048478028415299676,2026-09-05T19:31:49Z
824145,571448,Nolan Arenado,AZ,HOU,0,6,confirmed,Ethan Pecko,Daikin Park,2026-09-05T23:15:00Z,4.1979036396204865,2822,59,0.46675313111392003,-1.2564012926737895,Normal,0.13845494899955918,0.6343656828928955,0.3316151432353458,0.56836845092631,0.6907728388871964,0.4881835805009764,0.32335293016244004,0.1976734244899689,0.6182114353926162,0.37478343831684896,0.22553351027603058,0.16032289136890363,0.6143200968967015,0.23096286003664362,0.052530858753618695,2026-09-05T19:31:49Z
824145,673237,Yainer Diaz,HOU,AZ,1,7,projected,Brandon Pfaadt,Daikin Park,2026-09-05T23:15:00Z,3.8604628342192475,1863,2405,0.4296743327958292,0.7714963500745127,Normal,0.12833356696643022,0.6774094489083017,0.16542068002521593,0.5025432260270191,0.7023938776899386,0.4990403503710774,0.33137183897742106,0.20261279704315965,0.6395006999881265,0.3936110539582918,0.23838083005722216,0.168657951873471,0.6544488779234086,0.26688834081256974,0.06459078436245255,2026-09-05T19:31:49Z
824145,596146,Max Kepler,AZ,HOU,0,7,confirmed,Ethan Pecko,Daikin Park,2026-09-05T23:15:00Z,3.954652888042873,1954,59,0.4868625616504296,-0.7424300872765348,Normal,0.13810267139460145,0.5872545223014977,0.3684472430933666,0.5531694395025295,0.6546955604934174,0.44848602096369566,0.2879844308300651,0.16999286440246902,0.5898632506802634,0.3469369128768503,0.2044465197573795,0.14569245023202393,0.5703000876097879,0.19113620288163524,0.037441325142774956,2026-09-05T19:31:49Z
824145,676694,Jake Meyers,HOU,AZ,1,8,projected,Brandon Pfaadt,Daikin Park,2026-09-05T23:15:00Z,3.6007535796430843,1552,2405,0.39784945705246016,-0.9360451922801337,Normal,0.07405279967702347,0.597481268649232,0.2211226160299582,0.5491462467150505,0.6206089133039193,0.41190581876140814,0.2560679480466042,0.14550489572385092,0.5426724113851631,0.3032716393042609,0.17270023051180566,0.1240120263451044,0.580051961297919,0.1955384183862791,0.03709814474606766,2026-09-05T19:31:49Z
824145,694374,Tim Tawa,AZ,HOU,0,8,confirmed,Ethan Pecko,Daikin Park,2026-09-05T23:15:00Z,3.5975317451672173,505,59,0.4133612820750653,-0.4512224676178532,Normal,0.10144801800667862,0.5489172012054788,0.2860950213477579,0.6678139028036386,0.6084287020139372,0.40083461461228753,0.24767077781262867,0.1398962019121914,0.5293586393546984,0.2929126941076835,0.1660226067013649,0.11960298474137973,0.5343503008005349,0.16147437579875804,0.02749211466135476,2026-09-05T19:31:49Z
824145,543877,Christian Vázquez,HOU,AZ,1,9,projected,Brandon Pfaadt,Daikin Park,2026-09-05T23:15:00Z,3.395674184684348,1564,2405,0.34304488882632356,-0.8905872550057563,Normal,0.0761128197539143,0.5577078999798438,0.1831253910535105,0.5123528991371936,0.5806346922894072,0.3728106837460351,0.2243492465205741,0.1227507333763406,0.506051299679152,0.27233888384167165,0.1515119597615316,0.10978302078702322,0.5428106073611215,0.16437492694728578,0.026912805562603368,2026-09-05T19:31:49Z
824145,814439,Ryan Waldschmidt,AZ,HOU,0,9,confirmed,Ethan Pecko,Daikin Park,2026-09-05T23:15:00Z,3.5536801391272297,259,59,0.4298271971032743,0.09080659316156238,Normal,0.0759137325135329,0.5770624819735136,0.31103156756560024,0.6885517010021723,0.608855548703702,0.4007480918186207,0.24730000827763476,0.1394420407157555,0.5311787773305484,0.29396358650351234,0.166555419987517,0.11995060447021888,0.5608893944649119,0.18057532082445327,0.03280910952270818,2026-09-05T19:31:49Z
824310,664983,Jake McCarthy,COL,STL,1,1,confirmed,Matthew Liberatore,Coors Field,2026-09-06T00:10:00Z,4.305614847941019,1891,2035,0.5817040514358695,0.6168086673693866,Normal,0.10321359734421826,0.702186722142992,0.2733905362393851,0.5253724556209785,0.7036299598391882,0.503787791949328,0.33827239576574125,0.2100650964732612,0.6500876587061788,0.4080196782456619,0.2516340090219512,0.17865562742365468,0.6772814972373464,0.29762740996746484,0.08252751451619568,2026-09-05T19:31:49Z
824310,671056,Iván Herrera,STL,COL,0,1,projected,Mason Adams,Coors Field,2026-09-06T00:10:00Z,4.704902546578829,1410,38,0.6664856762676129,-0.09299652534207685,Normal,0.12569774052711946,0.6986753090321907,0.4868327322996269,0.637014345732291,0.7252818145556319,0.5304606220740877,0.3643412050989085,0.23228015539099364,0.6463583078880729,0.40579286053690766,0.2509415397617355,0.1786043193900713,0.6740021768336035,0.29665319481752944,0.08416849093876629,2026-09-05T19:31:49Z
824310,681393,Connor Norby,COL,STL,1,2,confirmed,Matthew Liberatore,Coors Field,2026-09-06T00:10:00Z,4.262336318429699,850,2035,0.5686564346967552,0.3664459634075689,Normal,0.13368893353871159,0.6736325305015298,0.3706285096058126,0.704134497428559,0.6985570131336287,0.4974196093682,0.33202056544019565,0.2047491145575011,0.6467539201439535,0.4039074876713815,0.24804628443061502,0.17601174383349164,0.6508324255746242,0.26778791132561625,0.06809877891680098,2026-09-05T19:31:49Z
824310,676475,Alec Burleson,STL,COL,0,2,projected,Mason Adams,Coors Field,2026-09-06T00:10:00Z,4.465211470759885,2137,38,0.5822175169207767,-1.864605700227189,Normal,0.16994089315066288,0.7143713123817234,0.35837423077549385,0.5558737876686445,0.7327588102914032,0.5385206785734037,0.37124780781523786,0.23739133708580196,0.6917019050500882,0.453888983922042,0.28915189594579954,0.2055765438925007,0.688554598216884,0.3118087333008076,0.09053564492070526,2026-09-05T19:31:49Z
824310,696100,Hunter Goodman,COL,STL,1,3,confirmed,Matthew Liberatore,Coors Field,2026-09-06T00:10:00Z,4.170241057881845,1383,2035,0.6175092187035945,-0.29012475112911584,Normal,0.2784222101622576,0.6887120848122018,0.3012194362497254,0.7423414224510798,0.750066899563325,0.5577041601802142,0.3879810303840753,0.24994066550145835,0.7517538689485544,0.5241601188137742,0.34815551539523953,0.24790833526247838,0.6648458823723887,0.28148783583051923,0.07337003824649382,2026-09-05T19:31:49Z
824310,669357,Nolan Gorman,STL,COL,0,3,projected,Mason Adams,Coors Field,2026-09-06T00:10:00Z,4.325011443215127,1842,38,0.5348063896772786,-2.576251427336171,Cold,0.19074613385081737,0.6150349233997954,0.4058337129620993,0.8354842422754947,0.6826034196951485,0.4802451435702089,0.3170487886624292,0.19330276415678999,0.6451563866785216,0.40285756228333147,0.24760126766402607,0.175846755739844,0.5961979823702013,0.21612455700964558,0.04774044500175247,2026-09-05T19:31:49Z
824310,681198,TJ Rumfield,COL,STL,1,4,confirmed,Matthew Liberatore,Coors Field,2026-09-06T00:10:00Z,4.159921131281756,558,2035,0.468901999766215,0.7195135602269995,Normal,0.10538744842451345,0.6847152172628092,0.43104308178931,0.47630909179673747,0.6996294454303859,0.4975969546833575,0.33139194474971484,0.20365413393765094,0.6317141320086018,0.38756300576330965,0.23484166318741814,0.16661099932935894,0.661157737137602,0.27691912023661075,0.07096074865614402,2026-09-05T19:31:49Z
824310,691023,Jordan Walker,STL,COL,0,4,projected,Mason Adams,Coors Field,2026-09-06T00:10:00Z,4.325011443215125,1635,38,0.509084483442199,0.39796967672734185,Normal,0.15506735144041706,0.6945890530588109,0.30698868911439864,0.7226191629976698,0.7142650470910178,0.5156408558325676,0.3489494348613456,0.21851036067528093,0.671510796328863,0.4303857162704138,0.26922881783408975,0.19103324671953176,0.6702698977671417,0.2891706245729731,0.07825345504469891,2026-09-05T19:31:49Z
824310,694249,Cole Carrigg,COL,STL,1,5,confirmed,Matthew Liberatore,Coors Field,2026-09-06T00:10:00Z,4.106797104265773,286,2035,0.47900845120953806,-1.2619816511311355,Normal,0.1042146348591606,0.6561788443078912,0.3332796320495448,0.6204619129271035,0.6775021581997112,0.47275263559460806,0.3089821138134919,0.18596262768029534,0.623333320007359,0.37883134060866536,0.22798926734593222,0.1617993794748682,0.6346800995711448,0.24895388722121345,0.058622158848264085,2026-09-05T19:31:49Z
824310,701675,Nathan Church,STL,COL,0,5,projected,Mason Adams,Coors Field,2026-09-06T00:10:00Z,4.029325675873911,465,38,0.47278234901128163,1.0248923275313906,Normal,0.12494643995195495,0.6344444202260417,0.2980043432793982,0.5333547020208892,0.6562455113622448,0.45073576719745684,0.29032752410531126,0.17204616151313723,0.6049079474932718,0.3616338257160308,0.21549272195833122,0.153308653114738,0.6144024408708297,0.23045499137285932,0.05186091722726845,2026-09-05T19:31:49Z
824310,687597,Jordan Beck,COL,STL,1,6,confirmed,Matthew Liberatore,Coors Field,2026-09-06T00:10:00Z,3.8610582739235673,919,2035,0.40895592541399955,-0.6709299547427363,Normal,0.10993993316220396,0.6424505059449153,0.2794912005527564,0.6971465708245328,0.6426428229479916,0.4352231430868037,0.2761310421061143,0.16067284932796344,0.6101613190265425,0.36500299095642896,0.21706409902479373,0.15409293646396224,0.6219512907112441,0.23490126378094736,0.05196175755190158,2026-09-05T19:31:49Z
824310,602104,Ramón Urías,STL,COL,0,6,projected,Mason Adams,Coors Field,2026-09-06T00:10:00Z,3.91125536011198,1629,38,0.4328614058676689,-0.6559146789328921,Normal,0.1224674432101667,0.6191021659974426,0.3158182181492137,0.6161094496696453,0.6441594748018085,0.4377166238898164,0.27891167668849887,0.16323631314281628,0.5968341262399115,0.35346133884575076,0.20919549394833373,0.14891657157324348,0.600114042406204,0.21654162765459678,0.04618460905462293,2026-09-05T19:31:49Z
824310,687859,Troy Johnston,COL,STL,1,7,confirmed,Matthew Liberatore,Coors Field,2026-09-06T00:10:00Z,3.567188601196118,529,2035,0.38813110766529013,0.17716830411084697,Normal,0.0779534262176525,0.6238758962781834,0.30783730471999377,0.4958356760496046,0.6280156979319845,0.4192990040089497,0.2621612226402883,0.14993569051142067,0.5680237259555919,0.32513286425260407,0.18784270585855772,0.1341864649557642,0.6047264046646249,0.21688625429063335,0.044323097423747924,2026-09-05T19:31:49Z
824310,686780,Pedro Pagés,STL,COL,0,7,projected,Mason Adams,Coors Field,2026-09-06T00:10:00Z,3.7587370206781814,808,38,0.37303138593656643,-0.4626043116118332,Normal,0.10671229692492162,0.5981002027164207,0.2410037741229383,0.6987513979346561,0.6159143582595268,0.4089247970422948,0.2547189875645122,0.1452766194743068,0.5635040664172434,0.32266738596114647,0.1868508269374679,0.13368023388833122,0.5805122841285174,0.19857111694567492,0.03942437253925281,2026-09-05T19:31:49Z
824310,691182,Adael Amador,COL,STL,1,8,confirmed,Matthew Liberatore,Coors Field,2026-09-06T00:10:00Z,3.5671886011961176,190,2035,0.3869954153009381,0.7049651831682046,Normal,0.09086131686093574,0.576887517093416,0.2793787174489498,0.543664056160692,0.583243501034859,0.37636649238590747,0.2278119595299219,0.12559292945592365,0.5452356577432379,0.30524088476065503,0.17397307508497306,0.12486167839944953,0.560748205636888,0.1797912036014765,0.03212104444464949,2026-09-05T19:31:49Z
824310,665877,José Fermín,STL,COL,0,8,projected,Mason Adams,Coors Field,2026-09-06T00:10:00Z,3.3495619812168123,535,38,0.3477706776071848,-0.279007891149649,Normal,0.07513317434279475,0.552205775516719,0.29611125394765586,0.40847320349411287,0.5564776978149657,0.3519136061947927,0.20898201121831098,0.11271888323912112,0.5069463315247797,0.2737595026796393,0.15281110547000826,0.11071527918318928,0.5375692925945128,0.16183322791284968,0.026940731553270827,2026-09-05T19:31:49Z
824310,678662,Ezequiel Tovar,COL,STL,1,9,confirmed,Matthew Liberatore,Coors Field,2026-09-06T00:10:00Z,3.567188601196118,2192,2035,0.4633797651818275,0.5517358416653044,Normal,0.11647535556265401,0.6158565910644656,0.22884510367889122,0.5815592783676685,0.6530530855473928,0.4440872793548879,0.2823653604670819,0.16445552119686327,0.6015211721598106,0.3549762545240349,0.20881556606487645,0.1482710227469854,0.59727058319835,0.20957288748712824,0.04142869140279258,2026-09-05T19:31:49Z
824310,687363,Victor Scott II,STL,COL,0,9,projected,Mason Adams,Coors Field,2026-09-06T00:10:00Z,3.349561981216812,804,38,0.42369512088937794,0.49650720917559305,Normal,0.081178746872008,0.5196071551347886,0.3355451857282653,0.5741393120965885,0.5566600973785453,0.3517625908519677,0.2086573552868168,0.11235691286637611,0.4882206560856699,0.2590024448372772,0.1430516176085476,0.1041543494320846,0.5067919732046937,0.14026523886609543,0.021058866334424223,2026-09-05T19:31:49Z
824389,680757,Steven Kwan,CLE,DET,1,1,confirmed,Framber Valdez,Progressive Field,2026-09-05T22:10:00Z,4.571992381939591,3150,3806,0.5879573683551885,1.0510379043602387,Normal,0.0642601616747382,0.6930502972651317,0.4120388778143266,0.46964770314122495,0.701842627743076,0.5025421087008091,0.33782869028464035,0.2102847841820559,0.6002108126528716,0.35944091589293475,0.21515000474655246,0.1534903496584897,0.6688109294022666,0.289610548386246,0.07993240495171351,2026-09-05T19:31:49Z
824389,805808,Kevin McGonigle,DET,CLE,0,1,projected,Parker Messick,Progressive Field,2026-09-05T22:10:00Z,4.847068421149245,621,802,0.6019121705693712,-0.9424642239790446,Normal,0.09301651625394827,0.6817538220560726,0.4147879602227614,0.5892085178498756,0.7086917642616706,0.5114886031292981,0.34694717765761196,0.21832980602446547,0.6184761695401799,0.3781475518145727,0.22983527272497095,0.16389550040751907,0.6582913844852827,0.2801166278886914,0.0767942623578286,2026-09-05T19:31:49Z
824389,682657,Angel Martínez,CLE,DET,1,2,confirmed,Framber Valdez,Progressive Field,2026-09-05T22:10:00Z,4.271487082536366,1005,3806,0.4734333039869084,0.9743509712674608,Normal,0.10756837527826142,0.6320146557376438,0.28372161037496524,0.6287818798042752,0.6660084292721108,0.46178828439341957,0.3004393691796205,0.18017344147053366,0.5983510106259979,0.3562667694499888,0.21201605920069658,0.15108473959322188,0.6120958326876914,0.22964318500996692,0.052394211321505145,2026-09-05T19:31:49Z
824389,650402,Gleyber Torres,DET,CLE,0,2,projected,Parker Messick,Progressive Field,2026-09-05T22:10:00Z,4.6429467682321794,2906,802,0.5252703598886413,1.1147782680449032,Normal,0.11233891606619627,0.6609351606321882,0.3665722495823099,0.6686304972028397,0.6994481092329847,0.5001825457339691,0.335952149109702,0.20899490771987037,0.6102143813283186,0.3693414773467297,0.22273657992627527,0.15880493622868475,0.6389627915519892,0.25863823372062233,0.06617701335817748,2026-09-05T19:31:49Z
824389,608070,José Ramírez,CLE,DET,1,3,confirmed,Framber Valdez,Progressive Field,2026-09-05T22:10:00Z,4.271487082536365,3198,3806,0.4910944293422702,0.35181436152611634,Normal,0.10307063951960015,0.6510581354270896,0.3173680690407681,0.4863463302305632,0.705404349783383,0.5049861210226745,0.3387442415595265,0.2099793295894809,0.6155613522550121,0.3725221411788515,0.22397205207282742,0.1592711398540362,0.6298529635866326,0.2462784064646864,0.058800282331876653,2026-09-05T19:31:49Z
824389,595879,Javier Báez,DET,CLE,0,3,projected,Parker Messick,Progressive Field,2026-09-05T22:10:00Z,4.397047501212152,2037,802,0.4404215180132203,-0.46663316976296715,Normal,0.09144397984046986,0.6390892584299586,0.20443159283540654,0.7105412490290098,0.6611666353569484,0.45738696303771653,0.2971661618743354,0.17807599068876515,0.5894054312228327,0.34866418574014496,0.20684708441004784,0.1476586489980653,0.6186579089941828,0.2370178675710765,0.05604224422384551,2026-09-05T19:31:49Z
824389,666176,Jo Adell,CLE,DET,1,4,confirmed,Framber Valdez,Progressive Field,2026-09-05T22:10:00Z,4.0418348721429895,1948,3806,0.40663485647242226,0.9843003076779953,Normal,0.12947909038676908,0.6036736523770144,0.3121069896310159,0.6805692898783374,0.65782922586692,0.45185645430539945,0.29088618329358207,0.17217008803468942,0.59360185721828,0.35047137349097995,0.2070075825499233,0.1474149189478357,0.5856786528409876,0.20401621915371362,0.04173233331737013,2026-09-05T19:31:49Z
824389,682985,Riley Greene,DET,CLE,0,4,projected,Parker Messick,Progressive Field,2026-09-05T22:10:00Z,4.397047501212152,2585,802,0.44550628605805287,-1.5012794120037103,Normal,0.10290857527156223,0.6484182024538806,0.31493823532102516,0.813429680481062,0.6855901106298158,0.4835574691971623,0.3200564233494003,0.19571949448863968,0.6087072627049804,0.3667169715383556,0.22011863263014564,0.15678569968953457,0.6273627111094119,0.24516439593340897,0.05924670005945447,2026-09-05T19:31:49Z
824389,681807,David Fry,CLE,DET,1,5,confirmed,Framber Valdez,Progressive Field,2026-09-05T22:10:00Z,3.6506661049503877,841,3806,0.3900141373325064,-0.8114337138751286,Normal,0.10850108093129437,0.5462494735937553,0.37258763104857745,0.6531147505869428,0.6056263750069968,0.39848463769715253,0.24595845115268727,0.1387665079573645,0.5358476658427871,0.2985494768832968,0.1699246114074224,0.12220972909842501,0.5318025252187738,0.1600770551623716,0.027170924466817053,2026-09-05T19:31:49Z
824389,679529,Spencer Torkelson,DET,CLE,0,5,projected,Parker Messick,Progressive Field,2026-09-05T22:10:00Z,4.260259532141231,2662,802,0.4419838141025634,-0.6058076444004047,Normal,0.12170280763216906,0.5910326148840276,0.35222811661137293,0.8074192630367955,0.649519927507969,0.4444220169451499,0.2854678011279708,0.16879593338857424,0.5831272419474182,0.34207835882624027,0.20163695856182542,0.1439770127858444,0.5737603318516226,0.1959457626099358,0.04008008586035881,2026-09-05T19:31:49Z
824389,694197,Angel Genao,CLE,DET,1,6,confirmed,Framber Valdez,Progressive Field,2026-09-05T22:10:00Z,3.6506661049503886,99,3806,0.37933819376222894,-0.6506415750934804,Normal,0.07947727268114889,0.5790621971700394,0.2801925230551825,0.48939767887119207,0.6044081466745406,0.39749412892347025,0.24517533945150446,0.13817342270291982,0.5323115480387265,0.29572069692645647,0.1679644475881113,0.12084499863117586,0.5626635303186314,0.18343296881214144,0.033931783598220036,2026-09-05T19:31:49Z
824389,690993,Colt Keith,DET,CLE,0,6,projected,Parker Messick,Progressive Field,2026-09-05T22:10:00Z,3.8598425111821455,1417,802,0.37957690767290225,-1.3477699533241259,Normal,0.07453836586184583,0.6054028239405237,0.2565255785312903,0.6328735691368272,0.6254232362210854,0.4187806315153131,0.26309862283786994,0.1515606832843407,0.5461166263927125,0.3081856343071179,0.17699423329511027,0.12705769927100524,0.5873091209001451,0.205188431773153,0.04206622199677989,2026-09-05T19:31:49Z
824389,690984,Petey Halpin,CLE,DET,1,7,confirmed,Framber Valdez,Progressive Field,2026-09-05T22:10:00Z,3.347727231650316,168,3806,0.3492857677515815,0.19330667866038415,Normal,0.06772838452746675,0.5372278580510725,0.2230078688427134,0.5454201523151494,0.5657763121814807,0.3598355238106843,0.2147306703075062,0.11641499040342226,0.4898436000234607,0.26022839091540834,0.14381820721322194,0.10465003794687461,0.5234544741777697,0.15138879437904226,0.023808304992614434,2026-09-05T19:31:49Z
824389,656716,Zach McKinstry,DET,CLE,0,7,projected,Parker Messick,Progressive Field,2026-09-05T22:10:00Z,3.8266266023520155,1933,802,0.36433888150279725,-1.190100617909639,Normal,0.06029268211227353,0.5560641879878683,0.2698328768320363,0.592647526888146,0.5859921780739895,0.38070245757501453,0.23233771437031553,0.1295050184738679,0.5143991907625661,0.28168720358602145,0.15885429297475542,0.11481726084726496,0.5410029193210614,0.16783543575774373,0.02990925206322103,2026-09-05T19:31:49Z
824389,595978,Austin Hedges,CLE,DET,1,8,confirmed,Framber Valdez,Progressive Field,2026-09-05T22:10:00Z,3.347727231650316,1094,3806,0.31706956179121365,-0.0825034899556398,Normal,0.0694980097858246,0.4858899063213153,0.2790576754435233,0.5305924566591523,0.5182584572791175,0.3186559806492025,0.18408635442799468,0.09604326194046106,0.4432716154091342,0.22586190204392,0.12192846023005102,0.08993456817753144,0.47481748488743863,0.1200037920811687,0.016089136997501204,2026-09-05T19:31:49Z
824389,693307,Dillon Dingler,DET,CLE,0,8,projected,Parker Messick,Progressive Field,2026-09-05T22:10:00Z,3.826626602352016,1103,802,0.4020988326195991,-1.8873853750588356,Normal,0.1112790362919917,0.5919565036672915,0.23273322011014,0.6837780364658186,0.6431205017954391,0.4360511759123411,0.2771183949603831,0.16164179722246083,0.5733026897601653,0.3314055319126792,0.19305844721492194,0.13789625166331668,0.5747486403985993,0.19394713774290823,0.037973071156161504,2026-09-05T19:31:49Z
824389,677587,Brayan Rocchio,CLE,DET,1,9,confirmed,Framber Valdez,Progressive Field,2026-09-05T22:10:00Z,3.347727231650316,1438,3806,0.36126933064191186,-1.064432103662497,Normal,0.06373811560000506,0.5286713024415634,0.2677476416662049,0.437926101714238,0.5666171669874606,0.35994568516039216,0.2143875865471462,0.11589478262490473,0.48094824542938497,0.25293528666010007,0.13887577487570368,0.10132107577656077,0.5154224337086104,0.14493732635515275,0.021706395943413382,2026-09-05T19:31:49Z
824389,701678,Hao-Yu Lee,DET,CLE,0,9,projected,Parker Messick,Progressive Field,2026-09-05T22:10:00Z,3.235255809131922,280,802,0.35353434070313955,0.2107692127322365,Normal,0.08335952106100428,0.5402405357264848,0.19476539432852238,0.5995650160656119,0.5891487854904552,0.3801313746172907,0.22978977806528542,0.12638427265852506,0.5085980741033866,0.27395761112435574,0.1524895067987089,0.11047253975532469,0.5263850060938683,0.1521104199478493,0.023616947638603794,2026-09-05T19:31:49Z
824468,699302,Héctor Rodríguez,CIN,MIL,1,1,confirmed,Dustin May,Great American Ball Park,2026-09-05T22:40:00Z,4.370630049985674,86,1448,0.6445441964466057,-0.22828699457298537,Normal,0.17795141830690203,0.6588011133932153,0.40889157796806447,0.674510778194548,0.7367253369569778,0.5427107728533767,0.37476159082313915,0.2399241230303169,0.6650620075670033,0.4238941142640075,0.2642967392103933,0.18764149108938918,0.6370200932308026,0.25483424753775513,0.06330840089519307,2026-09-05T19:31:49Z
824468,592885,Christian Yelich,MIL,CIN,0,1,projected,Andrew Abbott,Great American Ball Park,2026-09-05T22:40:00Z,4.779830421010767,2703,2378,0.6531367260560239,0.2705159981792416,Normal,0.1246306652010813,0.6925799147621089,0.35620742908736786,0.7421939994900806,0.7323011829663606,0.5390573988803605,0.37270961233035493,0.23939117833674098,0.6481789537021774,0.4079109406582353,0.2527652062898478,0.179961768064021,0.6683465252446829,0.29071699277163504,0.08157918479960914,2026-09-05T19:31:49Z
824468,682829,Elly De La Cruz,CIN,MIL,1,2,confirmed,Dustin May,Great American Ball Park,2026-09-05T22:40:00Z,4.370630049985672,2374,1448,0.7050759276769474,1.691268823503298,Normal,0.1479397408230973,0.672894912593056,0.45759013346066263,0.7478309126197793,0.7357383666425078,0.5413744448886937,0.3733251131340178,0.23859244677317273,0.6656714725607492,0.4243724383191618,0.2645405211206658,0.18775151916519087,0.6501267018671205,0.2679577252346592,0.06877000682971192,2026-09-05T19:31:49Z
824468,668930,Brice Turang,MIL,CIN,0,2,projected,Andrew Abbott,Great American Ball Park,2026-09-05T22:40:00Z,4.571587021526108,2328,2378,0.5622784487335782,-0.9009423767053826,Normal,0.09979063781660685,0.6719224272836416,0.35132884663303304,0.7386236723554224,0.6952776807916335,0.4952614836435043,0.331288561678003,0.20512042949090648,0.6140961038605074,0.37286100117124765,0.22524324225036554,0.16049342297742436,0.6491886723534541,0.26874490151939134,0.07036746248747752,2026-09-05T19:31:49Z
824468,701398,Sal Stewart,CIN,MIL,1,3,confirmed,Dustin May,Great American Ball Park,2026-09-05T22:40:00Z,4.294993490610688,670,1448,0.5227893137869092,1.2739756480918805,Normal,0.17303513271176782,0.662340861068234,0.3027129861584922,0.6185665392182137,0.7242135361882662,0.5268013939382339,0.358942857475439,0.22630868931118558,0.6604886010290105,0.41803935087057337,0.2590398131013441,0.183700233961299,0.6403565350557018,0.2567172116390259,0.06322078648133396,2026-09-05T19:31:49Z
824468,686217,Sal Frelick,MIL,CIN,0,3,projected,Andrew Abbott,Great American Ball Park,2026-09-05T22:40:00Z,4.405496615351192,1685,2378,0.4920164180000575,-0.6949839919039841,Normal,0.0806791092957388,0.6688999052930052,0.2999450508259457,0.5072644018516914,0.6740067052766516,0.47109924715457263,0.3091417087085516,0.18729932180381845,0.5957146372350479,0.354561551299036,0.21118787355638088,0.15064810301357254,0.646412456598925,0.264513602526,0.06762324366624792,2026-09-05T19:31:49Z
824468,668709,JJ Bleday,CIN,MIL,1,4,confirmed,Dustin May,Great American Ball Park,2026-09-05T22:40:00Z,4.096897784006561,2002,1448,0.524916586483327,0.23498620550713567,Normal,0.15304365028584824,0.5854971512423519,0.49897140333064594,0.6474486842911163,0.6615482483514941,0.4559162370449395,0.29449517552107085,0.1749964147892861,0.611515366015314,0.3675445365807487,0.21964891262004424,0.15609283232133792,0.5686305717963646,0.19014525229160378,0.03723837843839016,2026-09-05T19:31:49Z
824468,661388,William Contreras,MIL,CIN,0,4,projected,Andrew Abbott,Great American Ball Park,2026-09-05T22:40:00Z,4.405496615351191,2894,2378,0.5797346948806794,1.2680841897711526,Normal,0.1439581574679183,0.6858576264878605,0.4244049350781913,0.5272552881181238,0.7247710608398846,0.5283104545313985,0.3610679781963528,0.22861449450918264,0.6573077830245407,0.41560109467025275,0.2577005023760731,0.18300251671255582,0.6621658067541636,0.2809333522876327,0.07488658332480376,2026-09-05T19:31:49Z
824468,663886,Tyler Stephenson,CIN,MIL,1,5,confirmed,Dustin May,Great American Ball Park,2026-09-05T22:40:00Z,4.006100783418717,1962,1448,0.4485957299019715,-0.2556641168839045,Normal,0.11879346830714226,0.6177394110090542,0.3371969867523589,0.7130964440057392,0.6665005060977981,0.4605954310575208,0.2981183928170107,0.17743855273304338,0.5941288734290271,0.35057772541369303,0.2068912543207628,0.14728536207056336,0.5988616974732821,0.2148471672109263,0.04522831383580375,2026-09-05T19:31:49Z
824468,694192,Jackson Chourio,MIL,CIN,0,5,projected,Andrew Abbott,Great American Ball Park,2026-09-05T22:40:00Z,4.363988828853311,1649,2378,0.6048077216440411,1.0703579617818337,Normal,0.19106450575552636,0.6995652229008235,0.3147093747079045,0.632958883100762,0.7456536048639181,0.5531923673724073,0.3845408651569798,0.24788314211800966,0.703065308932395,0.46574851958774205,0.29834434118737213,0.2119251704672776,0.6748882710709132,0.29435572018667694,0.08083912192106214,2026-09-05T19:31:49Z
824468,553993,Eugenio Suárez,CIN,MIL,1,6,confirmed,Dustin May,Great American Ball Park,2026-09-05T22:40:00Z,4.006100783418716,3056,1448,0.4629610637360568,0.5369751682822332,Normal,0.16792164553489583,0.5857784827120696,0.3723259720278374,0.7808575117735432,0.6719916072197164,0.46630867084918215,0.3029612492806019,0.18104578144127137,0.6145951056816086,0.36978250757175996,0.2209025380541338,0.1568203222226416,0.5689395025262289,0.18938993158189713,0.03648573107329793,2026-09-05T19:31:49Z
824468,683734,Andrew Vaughn,MIL,CIN,0,6,projected,Andrew Abbott,Great American Ball Park,2026-09-05T22:40:00Z,4.126786011727219,2542,2378,0.4578633433730256,0.7899578611279253,Normal,0.13940428893465012,0.6700656021795696,0.36036685223363063,0.5268968844974743,0.693193441246556,0.4905996557766546,0.32528702422963274,0.19900610759348253,0.6457201796312727,0.4019806385219207,0.24606379158773656,0.17446124249843423,0.6475606464457521,0.2630293376506527,0.0652272082615702,2026-09-05T19:31:49Z
824468,624431,Jose Trevino,CIN,MIL,1,7,confirmed,Dustin May,Great American Ball Park,2026-09-05T22:40:00Z,3.569702971677766,1188,1448,0.34497848794224556,-0.8625141821313448,Normal,0.08862870428578153,0.5652957176853355,0.18955676468202104,0.4554178566123994,0.6013573794531293,0.39355990976458133,0.2414717585365514,0.13521449182665646,0.5244517385527417,0.2883696494010309,0.16268300020406995,0.11729679583513838,0.5498185568947722,0.17196080817400722,0.02999772566023539,2026-09-05T19:31:49Z
824468,641343,Jake Bauers,MIL,CIN,0,7,projected,Andrew Abbott,Great American Ball Park,2026-09-05T22:40:00Z,3.6962805622039605,1352,2378,0.47763862284879377,-0.2560699173151826,Normal,0.12157778936658896,0.5687166966832296,0.42517607033093013,0.7085451640090861,0.6452084417542954,0.4378746748221866,0.27844965333437094,0.16248476971934844,0.5650686569786016,0.3238409884122157,0.18758703431204896,0.1341617095958496,0.5529428813400442,0.17624271767080787,0.03217661737136198,2026-09-05T19:31:49Z
824468,699115,Carlos Jorge,CIN,MIL,1,8,confirmed,Dustin May,Great American Ball Park,2026-09-05T22:40:00Z,3.0039426827259654,1,1448,0.3896104059785493,,Unknown,0.10279266659473558,0.5218206328504822,0.3105918437555423,0.49322026705621413,0.4887240075657547,0.29257720922487884,0.164480918139756,0.08291858705199395,0.5162574709744859,0.27771582139512907,0.15401731716073133,0.1114356769874136,0.509178324662608,0.13716720806829819,0.018702349661712015,2026-09-05T19:31:49Z
824468,596142,Gary Sánchez,MIL,CIN,0,8,projected,Andrew Abbott,Great American Ball Park,2026-09-05T22:40:00Z,3.6570756143785332,1366,2378,0.49299353114126493,-1.572107559019334,Normal,0.17473102406856825,0.5452335426829817,0.43111723659277373,0.6007100210413627,0.6421349098116493,0.43429370770262005,0.27516526455111256,0.15987303376511294,0.5951953662317986,0.35053505596467754,0.20640145511783445,0.1468655064296586,0.530854445146734,0.15933484793843725,0.02702277714850306,2026-09-05T19:31:49Z
824468,680574,Matt McLain,CIN,MIL,1,9,confirmed,Dustin May,Great American Ball Park,2026-09-05T22:40:00Z,3.0039426827259654,1420,1448,0.37421858688462145,-0.9626450682973825,Normal,0.08325514095406429,0.47662740061708186,0.25998599999469074,0.609322306437512,0.5559890903779904,0.35005942327208905,0.2065901851293795,0.11040390579113335,0.4638281197118352,0.23985746172176398,0.1303554236394178,0.09557858955617307,0.4660672278406717,0.11383515132182982,0.014275104258039193,2026-09-05T19:31:49Z
824468,687401,Joey Ortiz,MIL,CIN,0,9,projected,Andrew Abbott,Great American Ball Park,2026-09-05T22:40:00Z,3.5097544683911797,1413,2378,0.4569001414327969,1.3154539576096291,Normal,0.10168021381331155,0.5759342538361727,0.29107421362560626,0.45419667584560797,0.6200262950812381,0.4112692380741586,0.25559279912317134,0.14523712450660917,0.552861280258272,0.3118708060122939,0.17865889955234077,0.1280677834518036,0.5598502966826214,0.17937304770112703,0.03228210052745974,2026-09-05T19:31:49Z
824553,805367,Chase Meidroth,CWS,MIN,1,1,projected,Taj Bradley,Rate Field,2026-09-05T23:10:00Z,4.4942457257217105,1073,2297,0.5953732301419875,0.1362903736380906,Normal,0.09762616938409778,0.6786476445625882,0.3678788114309627,0.6363506512046375,0.7061237756176483,0.5071405344899851,0.3418031166406994,0.213282606597363,0.6105043614272077,0.3689809678982376,0.2220953509229164,0.15823484222437445,0.6554513427945086,0.2746322537551933,0.07255514428932082,2026-09-05T19:31:49Z
824553,807712,Luke Keaschall,MIN,CWS,0,1,confirmed,Anthony Kay,Rate Field,2026-09-05T23:10:00Z,4.670854348899313,740,689,0.7312606393297698,1.3723513690172153,Normal,0.11389213382021686,0.7178854803669198,0.5281034575387137,0.47823194926823137,0.7495427280656387,0.5598777991937778,0.39259437859456525,0.2559130613393682,0.6599018414626086,0.41989777550828844,0.2620541165663413,0.18644540577810637,0.6917969849705935,0.3170874261247344,0.09437642527511225,2026-09-05T19:31:49Z
824553,643217,Andrew Benintendi,CWS,MIN,1,2,projected,Taj Bradley,Rate Field,2026-09-05T23:10:00Z,4.2896406399138955,2562,2297,0.517461566714883,-0.5092122681367033,Normal,0.12656904131005653,0.6546734826080142,0.357089771239853,0.6354137299292493,0.6964791701510904,0.4951675373748062,0.3300593324679324,0.20325884468994398,0.6237161792765588,0.3807823737458701,0.2303618590189153,0.16374230257750322,0.6332052569599149,0.25004175316839683,0.06065054790662273,2026-09-05T19:31:49Z
824553,701785,Kaelen Culpepper,MIN,CWS,0,2,confirmed,Anthony Kay,Rate Field,2026-09-05T23:10:00Z,4.527075934653349,92,689,0.621841082654897,0.763696986118763,Normal,0.1455832129597416,0.7028596668168526,0.420500637498206,0.5796944514980938,0.752634093754212,0.5630873017526273,0.3951843223820717,0.2576613283514997,0.6708848391695591,0.4309951522223049,0.2705377478790817,0.19230476235211424,0.6778975903154079,0.299782577898585,0.08478675390425786,2026-09-05T19:31:49Z
824553,502054,Tommy Pham,CWS,MIN,1,3,projected,Taj Bradley,Rate Field,2026-09-05T23:10:00Z,4.2275003945174845,2049,2297,0.4552190999142335,-2.1513110408905423,Cold,0.10454395555504874,0.6274638354635437,0.3591943781098615,0.6724683957571284,0.6581064901013864,0.45303470406419144,0.2925726996739413,0.17395800566099784,0.5894042980385648,0.3475095901024273,0.20537914455659437,0.14647021321493106,0.6078717554768074,0.22504897355387135,0.050217968073656416,2026-09-05T19:31:49Z
824553,680777,Ryan Jeffers,MIN,CWS,0,3,confirmed,Anthony Kay,Rate Field,2026-09-05T23:10:00Z,4.367881359307958,1814,689,0.5611493231039096,0.04774438314220859,Normal,0.14515558090502595,0.6697698217133216,0.48740648427839467,0.5401636831223423,0.7091110166453068,0.5100957073045298,0.3441380699983957,0.2148588266986762,0.6543515352560031,0.4125378423205983,0.25527806550782767,0.18127730478253748,0.6472206722358824,0.26519916924684583,0.06777802913861578,2026-09-05T19:31:49Z
824553,678246,Miguel Vargas,CWS,MIN,1,4,projected,Taj Bradley,Rate Field,2026-09-05T23:10:00Z,4.124981301828136,1774,2297,0.5229080570852276,0.9705706074982753,Normal,0.1357482183006748,0.6006388363156182,0.4440060755707083,0.5861426067479321,0.6711614456851063,0.4662083011729356,0.3034671229161137,0.18187761370325856,0.607093869983485,0.3634225834435925,0.21666460123367542,0.15407392766228595,0.5828227657078686,0.20201830050309522,0.04131644431046846,2026-09-05T19:31:49Z
824553,605137,Josh Bell,MIN,CWS,0,4,confirmed,Anthony Kay,Rate Field,2026-09-05T23:10:00Z,4.360686273863052,2958,689,0.4182133280054188,0.8058059000907957,Normal,0.10747186914848507,0.6305778631507881,0.3746218946131327,0.626289742157857,0.6723899698878668,0.46902719668171144,0.3070833630609918,0.1855346365527085,0.5909508300573598,0.34979929683680955,0.20752815919244455,0.14808941864077682,0.6107343975168309,0.22909858016375378,0.05264679507505829,2026-09-05T19:31:49Z
824553,695657,Colson Montgomery,CWS,MIN,1,5,projected,Taj Bradley,Rate Field,2026-09-05T23:10:00Z,4.109279397715344,847,2297,0.5495133362628191,-0.2210732326924841,Normal,0.20923395815221843,0.6035888169307827,0.37856335807382974,0.8525386867397343,0.7079973812179592,0.5066862781740865,0.3393126989208703,0.20967434005958238,0.6562110048401454,0.4121643721040146,0.2535337890047583,0.1794750156245855,0.5856031918698815,0.20398514256440928,0.041808268805648904,2026-09-05T19:31:49Z
824553,668904,Royce Lewis,MIN,CWS,0,5,confirmed,Anthony Kay,Rate Field,2026-09-05T23:10:00Z,4.225208354262883,1445,689,0.5222034320659755,-0.47506807778653637,Normal,0.15445498134018873,0.6619170197595401,0.353845968883847,0.5977360558831258,0.7127462083407211,0.5133059900559437,0.3463302343155799,0.21603691848773018,0.6502399397034623,0.4072052928778629,0.2504689063490914,0.17766745290340277,0.6399659723806712,0.25617750550137897,0.06289643957958813,2026-09-05T19:31:49Z
824553,545341,Randal Grichuk,CWS,MIN,1,6,projected,Taj Bradley,Rate Field,2026-09-05T23:10:00Z,3.6960975902014632,1804,2297,0.4523065429148758,-0.2923426564105118,Normal,0.13103176131708735,0.621456438845797,0.21516430549559773,0.611040678601369,0.6697930622517881,0.4629019284771779,0.2992646302006229,0.1776900873761904,0.6185290753128082,0.3724789797286609,0.22230467331981543,0.15758596031232353,0.602409005901204,0.21611968475615223,0.044681711831601856,2026-09-05T19:31:49Z
824553,665019,Kody Clemens,MIN,CWS,0,6,confirmed,Anthony Kay,Rate Field,2026-09-05T23:10:00Z,3.9423251215048563,1285,689,0.4369116351146424,0.5241403063301895,Normal,0.12760409260726266,0.5683258323846151,0.28420069786420055,0.6654882006247943,0.6440885866638038,0.4376984651224282,0.27894780974210226,0.16330681828908955,0.5787385623796355,0.3369263185899524,0.19730190852096463,0.14084106981328948,0.5525061195562992,0.17726837801612103,0.03308212548885532,2026-09-05T19:31:49Z
824553,686668,Brenton Doyle,CWS,MIN,1,7,projected,Taj Bradley,Rate Field,2026-09-05T23:10:00Z,3.6960975902014632,1755,2297,0.4256053004080955,-1.1610049385442296,Normal,0.09543332180303446,0.5827410532970038,0.23126515894363994,0.7337611768094923,0.6269674020491266,0.41886720793944104,0.2621657899962811,0.15016721882736053,0.552837915835147,0.31253354525539817,0.1793173555978749,0.12848041117899603,0.5661671397544519,0.18542528810284326,0.03434285312344471,2026-09-05T19:31:49Z
824553,686797,Brooks Lee,MIN,CWS,0,7,confirmed,Anthony Kay,Rate Field,2026-09-05T23:10:00Z,3.9423251215048567,1259,689,0.38956935832140754,-0.18507677450903667,Normal,0.10950930007478397,0.5916569866496919,0.24639179971721545,0.5393684923104897,0.6312425787343123,0.42461249673061097,0.2679443250043098,0.15513030357304933,0.5629441314158411,0.32275947864827464,0.18718692390381134,0.13396452353251367,0.5744281946206751,0.194491273108252,0.03850807082749515,2026-09-05T19:31:49Z
824553,668670,Jake Rogers,CWS,MIN,1,8,projected,Taj Bradley,Rate Field,2026-09-05T23:10:00Z,3.50424690732949,1007,2297,0.4022235405260702,-0.6685578456929839,Normal,0.106989251374907,0.5180333661993066,0.30375024434939485,0.718871931908328,0.5871615203626748,0.3797100155638611,0.23024255645182282,0.12715959635876178,0.5195931915616092,0.28390613161256595,0.15948289458560566,0.1151366988188763,0.5052528925831015,0.13990687101848556,0.021063204133820228,2026-09-05T19:31:49Z
824553,694224,Gabriel Gonzalez,MIN,CWS,0,8,confirmed,Anthony Kay,Rate Field,2026-09-05T23:10:00Z,2.904982474418702,8,689,0.38852180413458565,,Unknown,0.0946643180640587,0.5217309743743875,0.3177770079592444,0.42139426531931284,0.5102022031206607,0.3095147130730809,0.1762547885830977,0.09028319962647835,0.5080321157496868,0.27103608832986165,0.1497029112555559,0.10863939652611818,0.5091385527330007,0.13672645694141955,0.018747958622466306,2026-09-05T19:31:49Z
824553,682668,Luisangel Acuña,CWS,MIN,1,9,projected,Taj Bradley,Rate Field,2026-09-05T23:10:00Z,3.0818185916723055,442,2297,0.3546458646829248,-0.7646605579154071,Normal,0.05910573262243164,0.5288530233352199,0.1934576721661985,0.5010437420778092,0.5661664879166436,0.35747209313637074,0.21128921528192235,0.11303164551068401,0.4686862510314519,0.24218103275450675,0.1314245182768527,0.09634620997833607,0.5157903404979228,0.14201298415945987,0.019870151622036914,2026-09-05T19:31:49Z
824553,668952,Ryan Kreidler,MIN,CWS,0,9,confirmed,Anthony Kay,Rate Field,2026-09-05T23:10:00Z,2.9049824744187016,442,689,0.3722515590603367,-1.1722351064051189,Normal,0.0737504723218348,0.47501881561202136,0.2569417885654329,0.49071668882202185,0.5344725019507958,0.32924056386770945,0.19008994190782236,0.09892314173554446,0.45120817418177056,0.2289776182404482,0.12302766951727699,0.09077246697424822,0.46476040694365106,0.11008197013430951,0.01292397895499795,2026-09-05T19:31:49Z
824795,683002,Gunnar Henderson,BAL,BOS,1,1,projected,Sonny Gray,Oriole Park at Camden Yards,2026-09-05T23:05:00Z,4.535459637865769,2756,3260,0.656505233916795,0.49499786426239917,Normal,0.1519206150500675,0.6727641058755031,0.3889549731052079,0.6556399991676644,0.7299925260318997,0.5352108943222289,0.36814463449043816,0.23487819847977637,0.6669200015266872,0.42656791176219166,0.26689563015739315,0.1896906804642222,0.6499822204864508,0.2691320422702986,0.0702653992610649,2026-09-05T19:31:49Z
824795,680776,Jarren Duran,BOS,BAL,0,1,projected,Chris Bassitt,Oriole Park at Camden Yards,2026-09-05T23:05:00Z,4.735286640864476,2578,3436,0.6267565431889691,-0.7744306722189298,Normal,0.14365745105271627,0.7035798227623011,0.3299619124803206,0.7350138427322294,0.724865149196571,0.5300463908470152,0.3640230175391816,0.2320797119527854,0.6945083989942612,0.45818296461297603,0.2935253294884702,0.20913341756648254,0.6785483942473765,0.3019580172578837,0.08692638425795297,2026-09-05T19:31:49Z
824795,702616,Jackson Holliday,BAL,BOS,1,2,projected,Sonny Gray,Oriole Park at Camden Yards,2026-09-05T23:05:00Z,4.284398255272958,1178,3260,0.48248325669776126,-0.9534660936503082,Normal,0.10642352995806911,0.6362973186355,0.31397325386372976,0.6625777384356901,0.6572206849468574,0.4526252290366178,0.2925886713330991,0.17423561004898863,0.5926167131085899,0.3510032876953481,0.20819518142072035,0.14847090657138642,0.6160841906936131,0.2335181696964776,0.05396190481592688,2026-09-05T19:31:49Z
824795,668939,Adley Rutschman,BOS,BAL,0,2,projected,Chris Bassitt,Oriole Park at Camden Yards,2026-09-05T23:05:00Z,4.638256451349809,2514,3436,0.5755666368468597,-1.2179872889863557,Normal,0.13467918646608817,0.6874620175036741,0.442065899776541,0.5645346191668796,0.7093664498103399,0.5114790868912946,0.3463101562975557,0.21732317648696484,0.6567984605503502,0.4163118135337569,0.2590414339307138,0.1842605437722751,0.6636161254146132,0.2845069746868137,0.07792395071719402,2026-09-05T19:31:49Z
824795,673357,Luis Robert Jr.,BAL,BOS,1,3,projected,Sonny Gray,Oriole Park at Camden Yards,2026-09-05T23:05:00Z,4.267972165621508,2083,3260,0.4909144742331793,-0.4067109522686798,Normal,0.14936542554918958,0.6465821185715976,0.2594264145215106,0.7449411181081184,0.6955915298716644,0.4937610700947174,0.3284939490922727,0.20180684179103459,0.6340959917749962,0.3906930805186828,0.23768220419616845,0.168748365338965,0.6256946094977901,0.24205245094240763,0.05703459708694786,2026-09-05T19:31:49Z
824795,677800,Wilyer Abreu,BOS,BAL,0,3,projected,Chris Bassitt,Oriole Park at Camden Yards,2026-09-05T23:05:00Z,4.375156831376068,1560,3436,0.5865079268172178,0.1465626776040239,Normal,0.17413646424524637,0.6840713220312106,0.41117672643879305,0.6297387177108659,0.7248776432654306,0.5284863011774171,0.36125667463379824,0.22877396623395185,0.6886724014221951,0.4497785186528788,0.28530931534504506,0.20262161500210324,0.6605025494235559,0.27920362026650725,0.07408637897367536,2026-09-05T19:31:49Z
824795,624413,Pete Alonso,BAL,BOS,1,4,projected,Sonny Gray,Oriole Park at Camden Yards,2026-09-05T23:05:00Z,4.24548110015133,3364,3260,0.525456261506155,-0.016811717851700745,Normal,0.2029330615638537,0.6553985767136375,0.33198999826685893,0.6924418895359864,0.7226335186338355,0.524485978522877,0.3564142026864433,0.22396642302592926,0.6815620768254638,0.44033719120313175,0.2765830906416168,0.19595319381966275,0.6339204751303313,0.24956925114736025,0.059800963501304996,2026-09-05T19:31:49Z
824795,596115,Trevor Story,BOS,BAL,0,4,projected,Chris Bassitt,Oriole Park at Camden Yards,2026-09-05T23:05:00Z,4.375156831376067,1521,3436,0.44956775929517806,0.1599624125273445,Normal,0.10114156735696858,0.6576893108283325,0.23835055806637012,0.7834843123033671,0.6836447857570479,0.48132546581195623,0.3179942995417394,0.19404799994877633,0.6091801136977281,0.3670720769018516,0.22032651309413465,0.1569096495497798,0.6359990921235043,0.2535118062757198,0.06261852143682783,2026-09-05T19:31:49Z
824795,681297,Colton Cowser,BAL,BOS,1,5,projected,Sonny Gray,Oriole Park at Camden Yards,2026-09-05T23:05:00Z,3.8708398350945346,1343,3260,0.4472693466678272,-0.56573205154345,Normal,0.13522873997450738,0.5725495820066433,0.3332449855031485,0.8014761195988607,0.6376422714662592,0.4304380617544225,0.27232366190071555,0.1579954909562575,0.5763978505616663,0.3340662181168697,0.19483061562251633,0.13903262360310503,0.5565251243325601,0.17925062270232356,0.0330725008438106,2026-09-05T19:31:49Z
824795,702332,Caleb Durbin,BOS,BAL,0,5,projected,Chris Bassitt,Oriole Park at Camden Yards,2026-09-05T23:05:00Z,4.164021508656872,1025,3436,0.44585566533017645,-0.3588706955075661,Normal,0.08070871571462146,0.6212997942701208,0.3369927501680144,0.4826733371236272,0.6490539972008057,0.443620213737743,0.28453712359251515,0.16790565449438533,0.5631890345057498,0.32389286373392473,0.188452131715826,0.1349353585717013,0.6021153621444265,0.2198182544781395,0.0482554662817957,2026-09-05T19:31:49Z
824795,691723,Coby Mayo,BAL,BOS,1,6,projected,Sonny Gray,Oriole Park at Camden Yards,2026-09-05T23:05:00Z,3.7220407492969727,715,3260,0.4138050450697461,1.3334394011290056,Normal,0.13321668999630218,0.5738427680033841,0.26031286347623533,0.7726326912606649,0.631319794483085,0.42344747500558116,0.26610786443528156,0.15315381467763894,0.5788178745109406,0.3355778199396668,0.19558500317714034,0.13946932826884403,0.5577892666799229,0.1792657827519327,0.03265073395461447,2026-09-05T19:31:49Z
824795,643396,Isiah Kiner-Falefa,BOS,BAL,0,6,projected,Chris Bassitt,Oriole Park at Camden Yards,2026-09-05T23:05:00Z,3.9665313427644,1991,3436,0.38940222216572673,0.8219932736963551,Normal,0.061806143119848486,0.6295585286961988,0.22564163983739868,0.5197459338302821,0.6285187312321051,0.4220994330199676,0.2660039984221239,0.15380514915693982,0.5443035312768247,0.3068837212233416,0.17621175711186474,0.12655590945190037,0.6098708865728543,0.22557460322244322,0.04964249028603691,2026-09-05T19:31:49Z
824795,665966,Carlos Narváez,BAL,BOS,1,7,projected,Sonny Gray,Oriole Park at Camden Yards,2026-09-05T23:05:00Z,3.6884943656965317,724,3260,0.34779838600824936,-1.7911854265274798,Normal,0.08155159213850334,0.5530570338055915,0.2624062368092378,0.7518045629438586,0.5823917364547109,0.3763007143024105,0.2281819600061995,0.12611483151474492,0.5186575125601065,0.2840709976409936,0.1599628462073767,0.11548524800843922,0.5382555814932174,0.16406703299911385,0.02797924753139452,2026-09-05T19:31:49Z
824795,655316,Andruw Monasterio,BOS,BAL,0,7,projected,Chris Bassitt,Oriole Park at Camden Yards,2026-09-05T23:05:00Z,3.759268192484852,911,3436,0.36908390574412286,-0.14111837490635692,Normal,0.06506867997925919,0.5867537115034354,0.27404670161347655,0.5840889490587547,0.5999609280178363,0.39359708200618804,0.24240949849947213,0.1365090923547359,0.5300581927552095,0.2942475370731868,0.16724844654124052,0.12046482326647949,0.5698771144632047,0.18982266432679967,0.036581628337629554,2026-09-05T19:31:49Z
824795,665750,Leody Taveras,BAL,BOS,1,8,projected,Sonny Gray,Oriole Park at Camden Yards,2026-09-05T23:05:00Z,3.6242552317076746,2047,3260,0.38057200781206413,-1.7174907555721448,Normal,0.0763513213197396,0.5738851367834054,0.21820374798665726,0.6730860112381849,0.6066228299323516,0.39852891691862613,0.2453979548102453,0.13796839946307252,0.5293858004045656,0.29236498230915703,0.1653562925335271,0.1190917921535345,0.5578999235204066,0.1780605806417383,0.031776479542613714,2026-09-05T19:31:49Z
824795,678882,Ceddanne Rafaela,BOS,BAL,0,8,projected,Chris Bassitt,Oriole Park at Camden Yards,2026-09-05T23:05:00Z,3.759268192484852,1818,3436,0.4209692866447905,-0.5692719831385864,Normal,0.08324461106446442,0.6229307359295814,0.18119060404509132,0.607263129073521,0.6528854402520676,0.4458595706457965,0.28521794812664397,0.16753330624853843,0.5760019063970323,0.33361006318767644,0.19450760664613162,0.13884342024416266,0.6037467150968853,0.21843671738294462,0.046175129002769884,2026-09-05T19:31:49Z
824795,677942,Blaze Alexander,BAL,BOS,1,9,projected,Sonny Gray,Oriole Park at Camden Yards,2026-09-05T23:05:00Z,3.444888282926623,724,3260,0.40552369423351603,1.5661378696876762,Normal,0.07401608356962397,0.5936805418610079,0.2450621275949753,0.6410054237486015,0.6214112063202887,0.41150957301990504,0.2549998475365555,0.1442497779270711,0.5369095686358437,0.2974125688249485,0.16827746322114606,0.1210013837421469,0.5765878619379192,0.19080677538995605,0.0347789120963628,2026-09-05T19:31:49Z
824795,657136,Connor Wong,BOS,BAL,0,9,projected,Chris Bassitt,Oriole Park at Camden Yards,2026-09-05T23:05:00Z,3.5300712733929527,1359,3436,0.39034627231822067,-1.025770094479213,Normal,0.06613252554010882,0.5533828683814245,0.24134470860102572,0.6524731881939944,0.5930749706983631,0.38571567490577846,0.23531830443631802,0.13096914407936944,0.5051028801711729,0.2729142499122548,0.15247258108710296,0.11049104743676294,0.5386141835406971,0.16365226630523788,0.027785050114791557,2026-09-05T19:31:49Z
