game_pk,player_id,name,team,opponent,is_home,lineup_slot,lineup_status,opposing_pitcher,venue_name,start_time_utc,expected_pa,batter_pa_seen,pitcher_pa_seen,exp_runs,starter_share,form_z,form_state,prob_hr,prob_hit,prob_walk,prob_k,prob_hrr_over_0.5,prob_hrr_over_1.5,prob_hrr_over_2.5,prob_hrr_over_3.5,prob_tb_over_0.5,prob_tb_over_1.5,prob_tb_over_2.5,prob_tb_over_3.5,prob_hits_over_0.5,prob_hits_over_1.5,prob_hits_over_2.5,predicted_at_utc
822683,682928,CJ Abrams,WSH,PHI,1,1,projected,Cristopher Sánchez,Nationals Park,2026-09-15T22:45:00Z,4.430877483443709,2766,2912,0.5174194190498516,0.7215974678786594,-1.4785782146132769,Normal,0.08672957713277644,0.6311325614669037,0.25620345992759747,0.7830050277350304,0.6764676951715157,0.4736064879890558,0.3109638797886419,0.18852319799661746,0.6081229760045456,0.3629311337134232,0.20640376265245242,0.13121952517830068,0.6114417891192492,0.23000891989075628,0.05318963409086438,2026-09-15T20:05:46Z
822683,656941,Kyle Schwarber,PHI,WSH,0,1,confirmed,Jackson Kent,Nationals Park,2026-09-15T22:45:00Z,4.599835661462613,3451,129,0.7043483934230572,0.6278541225393346,-1.1087728334316793,Normal,0.23908160563602726,0.633870971515045,0.530184895945472,0.7825251351299907,0.7417232233586456,0.5498433764231828,0.38230032444748646,0.2468895321713101,0.6105825267547154,0.4123193673769274,0.2997700595151947,0.25637261729706384,0.6139439558775908,0.23408875516467698,0.05582760117412501,2026-09-15T20:05:46Z
822683,695578,James Wood,WSH,PHI,1,2,projected,Cristopher Sánchez,Nationals Park,2026-09-15T22:45:00Z,4.327666151468316,1605,2912,0.5049142718153865,0.7162826734110083,0.1042850708460118,Normal,0.1077235525154614,0.6174405124871389,0.3931434821784326,0.8398345934700596,0.6819024868111242,0.47890211086999324,0.31516499528951586,0.19142120696375692,0.5955134426073888,0.3592325543524064,0.20692136564326197,0.1419255431867865,0.5986734918447257,0.21741785140103134,0.047805818481961845,2026-09-15T20:05:46Z
822683,607208,Trea Turner,PHI,WSH,0,2,confirmed,Jackson Kent,Nationals Park,2026-09-15T22:45:00Z,4.520251671254424,3222,129,0.676580752649214,0.6214871245641156,0.39331610316322824,Normal,0.11580461202825103,0.7127992707670135,0.3911371563052982,0.5699725584419827,0.7448719814957043,0.5531127408352116,0.3849614515589525,0.24872253118373538,0.6830758043645422,0.4311580479998861,0.259131133513899,0.17101503857274133,0.6873829593824752,0.3101215583180268,0.0897107893126204,2026-09-15T20:05:46Z
822683,691781,Brady House,WSH,PHI,1,3,projected,Cristopher Sánchez,Nationals Park,2026-09-15T22:45:00Z,4.226634201161266,597,2912,0.45225131140679314,0.7119513507619017,0.4382963643944125,Normal,0.09589597415368953,0.6673016128187331,0.24841696252811946,0.7103583917990332,0.6781307976545914,0.4739990777985533,0.31026455786693113,0.1872078758952948,0.6415026148074311,0.38132800573390646,0.21250103398863932,0.13596745987095174,0.6452263420589677,0.2605035905104544,0.06419588345653021,2026-09-15T20:05:46Z
822683,547180,Bryce Harper,PHI,WSH,0,3,confirmed,Jackson Kent,Nationals Park,2026-09-15T22:45:00Z,4.409013444423405,2822,129,0.6000515844275746,0.6148341230002471,-0.018709024368791724,Normal,0.131172601194786,0.6831387867381391,0.5401642038078839,0.6343408271797709,0.7303610072071051,0.5351049495398452,0.36733714060614403,0.23373954008543288,0.6559461979708793,0.42596201736944755,0.25826427744491603,0.17928611689775342,0.6598781824992489,0.2786313067318873,0.07400608040594299,2026-09-15T20:05:46Z
822683,660688,Keibert Ruiz,WSH,PHI,1,4,projected,Cristopher Sánchez,Nationals Park,2026-09-15T22:45:00Z,4.139623487225459,2080,2912,0.3336281497784837,0.7067682305752974,1.64062357412492,Normal,0.06686683416252537,0.6288149707448929,0.19027559774868294,0.486285977698073,0.6425864923362907,0.43612658201775467,0.277332606571145,0.1620090000372113,0.6061170936216234,0.33853053382122517,0.17037242086154836,0.1001602474448478,0.6093873289303242,0.22490994093593045,0.049400364464711514,2026-09-15T20:05:46Z
822683,650333,Luis Arraez,PHI,WSH,0,4,confirmed,Jackson Kent,Nationals Park,2026-09-15T22:45:00Z,4.326067211625794,3184,129,0.4420913554007744,0.5975554340607837,-0.20839761508460022,Normal,0.06474403966890104,0.7488494511736906,0.2647472782516753,0.3286376014022907,0.7161209310049287,0.5175553294154757,0.3502918466723638,0.21936581331829952,0.7159444177275397,0.438736413661112,0.2404443205173249,0.13338871945604647,0.720720834228235,0.3490432575234007,0.10870611138195257,2026-09-15T20:05:46Z
822683,686611,Dylan Crews,WSH,PHI,1,5,projected,Cristopher Sánchez,Nationals Park,2026-09-15T22:45:00Z,4.033323998879865,852,2912,0.441878711127489,0.7074421679039772,0.2317647821635129,Normal,0.09667705121296541,0.625375564850139,0.27565373644385194,0.6641319473631672,0.6676073103568251,0.46172142485819134,0.2988126034522048,0.1778779888053621,0.6029701877254574,0.3501735342173134,0.19756418177575652,0.13058590589208535,0.6061971964167288,0.22132728818813036,0.047665759106564745,2026-09-15T20:05:46Z
822683,664761,Alec Bohm,PHI,WSH,0,5,confirmed,Jackson Kent,Nationals Park,2026-09-15T22:45:00Z,4.197614529682841,2931,129,0.4910761827663679,0.5820889898043144,-0.11511303349196401,Normal,0.0951162716658247,0.6853943752656982,0.3850376422811798,0.44537492428726055,0.704235866980992,0.5033286595867911,0.33677130434050007,0.20817154206664829,0.6580709165303916,0.3969982757375546,0.22365977769114273,0.14113774978285604,0.6620189391630079,0.2787243802917879,0.07257752856908833,2026-09-15T20:05:46Z
822683,695734,Daylen Lile,WSH,PHI,1,6,projected,Cristopher Sánchez,Nationals Park,2026-09-15T22:45:00Z,3.900626423690205,965,2912,0.38271546998197076,0.7066453493866224,-0.6451344381735374,Normal,0.07528460568219314,0.5987646213953215,0.20014789072568184,0.655605771730244,0.6445963251743211,0.4373829525676003,0.27780863126991867,0.16193464638975702,0.5783816316372791,0.3302021616264601,0.1884717906416264,0.11639973137105843,0.5813145797060654,0.19906910673720915,0.0395074999076732,2026-09-15T20:05:46Z
822683,650559,Bryan De La Cruz,PHI,WSH,0,6,confirmed,Jackson Kent,Nationals Park,2026-09-15T22:45:00Z,4.066244239631336,1723,129,0.4222271521896078,0.5722269331953075,1.0229011267474415,Normal,0.10569350299255037,0.6429836460148401,0.33180393609886183,0.6547204664013713,0.6748666371250065,0.47061345843687435,0.3073700658278337,0.1850166856358882,0.6191284864566661,0.365384915933367,0.20534192982806554,0.13805251809170133,0.6225682684536684,0.23836527829069665,0.05518972646655754,2026-09-15T20:05:46Z
822683,677588,José Tena,WSH,PHI,1,7,projected,Cristopher Sánchez,Nationals Park,2026-09-15T22:45:00Z,3.750226791654067,651,2912,0.34444884318084074,0.6998393387485726,-1.6590210318086083,Normal,0.05608573518954013,0.5612785350879756,0.24618715974874464,0.7670032337231047,0.5946753033843942,0.3881420521768609,0.23746918313506474,0.13269933545574397,0.5435715948565218,0.2893873928124249,0.1431928017226007,0.08383639736236755,0.5461169608730742,0.17057488746246016,0.030249440036610065,2026-09-15T20:05:46Z
822683,681082,Bryson Stott,PHI,WSH,0,7,confirmed,Jackson Kent,Nationals Park,2026-09-15T22:45:00Z,3.9225766491173735,2795,129,0.4490595309375525,0.5599598821135531,-1.0167130195041572,Normal,0.07195194033172109,0.6216966071668447,0.3660956866189697,0.49482983576444056,0.651443677316974,0.445455059780063,0.2853992461999084,0.16816053259888444,0.5995284407790746,0.3344667135592255,0.1773306193292912,0.10760729586208366,0.6027221214051138,0.21931582705089475,0.047619669403151245,2026-09-15T20:05:46Z
822683,696285,Jacob Young,WSH,PHI,1,8,projected,Cristopher Sánchez,Nationals Park,2026-09-15T22:45:00Z,3.600899965385947,1450,2912,0.41633075776545103,0.6906101692740005,0.25335941689478436,Normal,0.06509926826414095,0.6059793160191556,0.2643241724488834,0.4961703209954271,0.6222317533378103,0.4137954416552549,0.2575464647550685,0.14664030324831737,0.5851778444385476,0.3148827569611438,0.159604416470329,0.09491573379686483,0.5881702424431817,0.20283269843883273,0.03985900559487114,2026-09-15T20:05:46Z
822683,592663,J.T. Realmuto,PHI,WSH,0,8,confirmed,Jackson Kent,Nationals Park,2026-09-15T22:45:00Z,3.7685028725920917,2490,129,0.49413001673082474,0.5589445024998689,-0.01853231509135683,Normal,0.09857155103415083,0.6086397610399681,0.3821030565410622,0.5375266873020895,0.6613674787590004,0.45520384835410305,0.29332833109120005,0.1738493515340666,0.5875006861198018,0.3399655876410563,0.19225914713551995,0.12949852013652693,0.5905442351256975,0.20771490308208296,0.04304269244479448,2026-09-15T20:05:46Z
822683,683083,Nasim Nuñez,WSH,PHI,1,9,projected,Cristopher Sánchez,Nationals Park,2026-09-15T22:45:00Z,3.4228329809725158,636,2912,0.3948982071281947,0.6873020107677446,-1.7824771096118175,Normal,0.057671700681829016,0.5503549198524044,0.26733051466951885,0.517742354636826,0.5881799374366351,0.3803029613838328,0.23021953808675083,0.12693187542346906,0.5335588222901817,0.25401229194046554,0.12381429220922836,0.0758330469105791,0.5359716037398085,0.16037422274215826,0.026260905360802462,2026-09-15T20:05:46Z
822683,656537,Derek Hill,PHI,WSH,0,9,confirmed,Jackson Kent,Nationals Park,2026-09-15T22:45:00Z,3.6042978881067063,669,129,0.46108040078944146,0.5526683629610534,1.1461607874687956,Normal,0.1036278183312979,0.584140381181829,0.3021113935104017,0.6886831780264687,0.6400267511582461,0.4325892467967715,0.27380866154629274,0.15903905280943664,0.5648333826931377,0.30994917658270255,0.1775607629116704,0.12556112746811848,0.5676108424166976,0.18774536488082766,0.03596586754603132,2026-09-15T20:05:46Z
822762,703520,Brett Bateman,TOR,DET,1,1,confirmed,Drew Anderson,Rogers Centre,2026-09-15T23:07:00Z,4.430877483443709,149,415,0.618894504008116,0.6085607518652875,0.5250150918037155,Normal,0.11597991240276244,0.6908072310566277,0.39907105857646913,0.6086234677811951,0.7125563993528587,0.5139845762458268,0.3474221181361559,0.21737657584864994,0.662977312768841,0.4066512931271344,0.24153853651527335,0.1616215236282214,0.667002679765612,0.28607863553441837,0.07726680526733655,2026-09-15T20:05:46Z
822762,805808,Kevin McGonigle,DET,TOR,0,1,projected,Braydon Fisher,Rogers Centre,2026-09-15T23:07:00Z,4.599835661462613,654,497,0.6647259639515877,0.6422345717344687,-0.20963078275524652,Normal,0.12067449782148815,0.6408103233900693,0.5371507624355639,0.5793872261276316,0.700778690525176,0.5016156099231888,0.3369409156237403,0.2096373725944335,0.6169844260566633,0.36913324708204764,0.22187881042368396,0.15561118787025105,0.6204244619372491,0.2402302994588852,0.05833082251932138,2026-09-15T20:05:46Z
822762,543807,George Springer,TOR,DET,1,2,confirmed,Drew Anderson,Rogers Centre,2026-09-15T23:07:00Z,4.327666151468316,2951,415,0.5801871986776818,0.6021013008023567,1.5092540488297994,Normal,0.13940209241071946,0.6611734954044812,0.40730151567666034,0.6200703388947126,0.7095624414282409,0.5098946308758999,0.3431226011933126,0.2134970439124759,0.6358250565532787,0.3882325780389241,0.23911366004386417,0.1728118750168514,0.6394843952384947,0.25605759161344827,0.06312727350403878,2026-09-15T20:05:46Z
822762,650402,Gleyber Torres,DET,TOR,0,2,projected,Braydon Fisher,Rogers Centre,2026-09-15T23:07:00Z,4.520251671254424,2926,497,0.5187120861714258,0.6365243836892007,-0.43008487987578037,Normal,0.10192445078485629,0.630801624630613,0.39045097559423,0.6728805608318393,0.6777621859158436,0.4755247276840971,0.31305630820939884,0.19045395175259483,0.6077861460545398,0.34692639577794177,0.19392508108459874,0.13094122971161162,0.6111067949034105,0.23054725519371358,0.05391783615774688,2026-09-15T20:05:46Z
822762,665489,Vladimir Guerrero Jr.,TOR,DET,1,3,confirmed,Drew Anderson,Rogers Centre,2026-09-15T23:07:00Z,4.226634201161266,3343,415,0.48477332542253204,0.5885826138810103,0.08437500452686149,Normal,0.11672870490403305,0.6713046255252298,0.3583482152952708,0.5326017895372397,0.7031647022684123,0.501748892291891,0.3350498878970405,0.20658593168039105,0.6451756223887654,0.3910795649950759,0.22549813565757337,0.15284969144728108,0.6489476454724201,0.2643228739913594,0.06582408478708203,2026-09-15T20:05:46Z
822762,682985,Riley Greene,DET,TOR,0,3,projected,Braydon Fisher,Rogers Centre,2026-09-15T23:07:00Z,4.409013444423405,2618,497,0.5316962678562182,0.6317960733064518,1.1387825842926087,Normal,0.14275475605116694,0.6374156933407837,0.442125267724314,0.8104962664641026,0.6976247540581304,0.4971125375244546,0.3320958640369445,0.2051977415543346,0.6139105616026599,0.3822283058197259,0.24072923252676934,0.1768614523163411,0.6173020131607874,0.23574284151571426,0.05560378537123009,2026-09-15T20:05:46Z
822762,672386,Alejandro Kirk,TOR,DET,1,4,confirmed,Drew Anderson,Rogers Centre,2026-09-15T23:07:00Z,4.139623487225459,2138,415,0.3914633972641044,0.5664383700585897,0.17212567143747337,Normal,0.1125506123022916,0.6572620459577632,0.37832685717142606,0.4854652645978126,0.6687938827523494,0.46339900613406443,0.3005795220617462,0.17945844071741843,0.632313380285716,0.36284265084189593,0.20541800389056103,0.14050760518746447,0.635911523115254,0.25012951221373586,0.05921584914811001,2026-09-15T20:05:46Z
822762,679529,Spencer Torkelson,DET,TOR,0,4,projected,Braydon Fisher,Rogers Centre,2026-09-15T23:07:00Z,4.326067211625794,2684,497,0.441980639816533,0.6170487661814867,-0.44000979495696363,Normal,0.12690172820861362,0.5782052060873533,0.3821318719968247,0.8286043925074373,0.6567558648381875,0.4521214200684776,0.2919088686930034,0.17366083500104854,0.5591233503668714,0.3380761043864555,0.20148705068376124,0.15048560609281897,0.561870322668642,0.18658089554438917,0.03712530290820669,2026-09-15T20:05:46Z
822762,664770,Nathan Lukes,TOR,DET,1,5,confirmed,Drew Anderson,Rogers Centre,2026-09-15T23:07:00Z,4.033323998879865,973,415,0.44058040462431347,0.5408144206712798,1.148004496091092,Normal,0.11317377095798417,0.6474589090665757,0.2931814248861823,0.4685650100532599,0.6694144497466918,0.46364310116438007,0.3004738220197772,0.17913862841309736,0.6233235872888374,0.36535610171442595,0.21335009067248079,0.14626501132239747,0.6268022602439245,0.24051851470025898,0.0549150736881751,2026-09-15T20:05:46Z
822762,690993,Colt Keith,DET,TOR,0,5,projected,Braydon Fisher,Rogers Centre,2026-09-15T23:07:00Z,4.197614529682841,1439,497,0.45412570845743244,0.604739077519187,-0.8517331682746317,Normal,0.10285371359963841,0.6126721782206238,0.397715884623289,0.6741390772374978,0.6573613257454438,0.45224312030156427,0.2916379392726299,0.1731775852202501,0.5911367932845991,0.3353441158240382,0.19401438485422942,0.13272304606410393,0.5942393877098009,0.21283631106573325,0.0458085866376724,2026-09-15T20:05:46Z
822762,672960,Kazuma Okamoto,TOR,DET,1,6,confirmed,Drew Anderson,Rogers Centre,2026-09-15T23:07:00Z,3.900626423690205,592,415,0.49777602946675503,0.5324489015583769,1.4862610335791293,Normal,0.1799752765140994,0.603085146796243,0.3619452220865612,0.7525453928934466,0.6820841042959152,0.47687328682212865,0.3116879764857717,0.18745955879845472,0.5823851447100079,0.36538289143689234,0.24250109318224727,0.19758831499123589,0.5853640337019006,0.2024708433008594,0.04065009316226375,2026-09-15T20:05:46Z
822762,656716,Zach McKinstry,DET,TOR,0,6,projected,Braydon Fisher,Rogers Centre,2026-09-15T23:07:00Z,4.066244239631336,1945,497,0.4324939244130723,0.5952967378761519,-1.0743035972064385,Normal,0.08070381613208696,0.5588395353888304,0.41705414986160827,0.6175644106699993,0.614652707219494,0.40897623354331525,0.25532849654568623,0.14621353306142107,0.5411393936320296,0.30565502764850516,0.17589125057960683,0.11357293375989606,0.5436853540883011,0.17145564368004493,0.031739274247941054,2026-09-15T20:05:46Z
822762,665926,Andrés Giménez,TOR,DET,1,7,confirmed,Drew Anderson,Rogers Centre,2026-09-15T23:07:00Z,3.750226791654067,2657,415,0.3914652986177755,0.5267934618762005,1.1221951007113573,Normal,0.09201734543753477,0.6085500281627471,0.2732320221689046,0.5025002986913645,0.6283481158189401,0.4206021285545352,0.26359518587784664,0.15132662095362084,0.5874831321258019,0.32584078987123655,0.17924932637577481,0.11907365707523161,0.5905146569624754,0.20612290358192967,0.04153461743932187,2026-09-15T20:05:46Z
822762,693307,Dillon Dingler,DET,TOR,0,7,projected,Braydon Fisher,Rogers Centre,2026-09-15T23:07:00Z,3.9225766491173735,1131,497,0.38414529395274477,0.5816344541865368,-2.1087683857685424,Cold,0.1133757398249692,0.5781943032239583,0.25479223940904216,0.7159509737993541,0.6283978349299768,0.42210185138368506,0.2658496329595737,0.15370201821796659,0.559202537217947,0.3231521662252845,0.19053740106456987,0.1374923865685996,0.5619352580930803,0.18495300252473193,0.035774832592230806,2026-09-15T20:05:46Z
822762,669701,Josh Smith,TOR,DET,1,8,confirmed,Drew Anderson,Rogers Centre,2026-09-15T23:07:00Z,3.600899965385947,1852,415,0.42934792707705616,0.53092809340972,-0.9281746163524937,Normal,0.0943715068545292,0.5632832892139541,0.38148663380093817,0.5355757428577709,0.6121087392927382,0.4039726802920191,0.24961911426709935,0.14098184129760405,0.5455133510924668,0.2945067084686965,0.16235365993170006,0.11367313938712126,0.5480673896123432,0.17091812259002181,0.029925515560821347,2026-09-15T20:05:46Z
822762,595879,Javier Báez,DET,TOR,0,8,projected,Braydon Fisher,Rogers Centre,2026-09-15T23:07:00Z,3.7685028725920917,2042,497,0.3873202854200807,0.57848774617617,-0.9150674179670583,Normal,0.077992950384771,0.5584756824532019,0.1930382505669125,0.6645847541485819,0.6031431760696196,0.3970040454996935,0.24512008603934304,0.13853874469912525,0.5408838949967802,0.2920830014409941,0.1570044205422413,0.10261999737581134,0.54341359721814,0.1699414332794879,0.030784372873925707,2026-09-15T20:05:46Z
822762,676391,Ernie Clement,TOR,DET,1,9,confirmed,Drew Anderson,Rogers Centre,2026-09-15T23:07:00Z,3.4228329809725158,1854,415,0.4258816531212104,0.52423903671791,-0.8099049833646667,Normal,0.06747374700138703,0.5919216010586897,0.20975400136967354,0.37698379728872905,0.6179347569647304,0.4084310580156009,0.25244522270106456,0.1424820713395146,0.5722581451769745,0.3057024030372575,0.15416779526657126,0.09380478569185861,0.5750848321510595,0.19007441233948144,0.03486283915775501,2026-09-15T20:05:46Z
822762,701678,Hao-Yu Lee,DET,TOR,0,9,projected,Braydon Fisher,Rogers Centre,2026-09-15T23:07:00Z,3.6042978881067063,312,497,0.40722250283321015,0.5726024461086222,-1.260005904560693,Normal,0.08607278872775591,0.550303238663449,0.2744738255015115,0.6683975019197966,0.6039028350456487,0.39716927940480057,0.24491325835159627,0.1381701064606613,0.5333091227289958,0.2919907267678485,0.15948165089698688,0.10839911196105179,0.5357520924878487,0.16348760529185052,0.028578879553468554,2026-09-15T20:05:46Z
822849,607043,Brandon Nimmo,TEX,BOS,1,1,projected,Patrick Sandoval,Globe Life Field,2026-09-16T00:05:00Z,4.430877483443709,3280,1896,0.5293034345406649,0.6700492874604231,-0.40735419799271533,Normal,0.08362519879889699,0.6529536041857104,0.37090399654939277,0.668477372857023,0.687731527608359,0.4859246001426785,0.32190171400612905,0.19705643188702376,0.6282335251445883,0.37230278248508963,0.20867763390641242,0.12983451461295936,0.6318022870550972,0.24947464893560348,0.06106360346050506,2026-09-15T20:05:46Z
822849,680776,Jarren Duran,BOS,TEX,0,1,projected,Jacob deGrom,Globe Life Field,2026-09-16T00:05:00Z,4.599835661462613,2594,1668,0.5358983425194197,0.6169353720155615,-0.2744128381981607,Normal,0.1368750303094694,0.6319040515766462,0.25924369442047046,0.8352680680432156,0.6749030288469672,0.4729787338948517,0.3112121288887052,0.18931702699747913,0.6087668604927345,0.3977118174241931,0.25569566561027557,0.18330748936058805,0.6121061633617989,0.2323685639315041,0.05513562755713514,2026-09-15T20:05:46Z
822849,608369,Corey Seager,TEX,BOS,1,2,projected,Patrick Sandoval,Globe Life Field,2026-09-16T00:05:00Z,4.327666151468316,2561,1896,0.5272137271673708,0.6682688230310934,0.2614849720933575,Normal,0.13240596618563588,0.6535143090382096,0.3675063629374235,0.6068940022100394,0.7098558807291488,0.5102320790395101,0.34343273101855554,0.21374578494750543,0.6287833442237609,0.38790009246506957,0.23181399545645567,0.16548211353970696,0.6323523591590241,0.24895720329253246,0.06016161295799827,2026-09-15T20:05:46Z
822849,668939,Adley Rutschman,BOS,TEX,0,2,projected,Jacob deGrom,Globe Life Field,2026-09-16T00:05:00Z,4.520251671254424,2531,1668,0.49100041695479896,0.6098135979618423,-1.0481619696560247,Normal,0.13017142715559066,0.6186232157519119,0.3535525398659545,0.6807940069755575,0.6637923989316765,0.4605396678146544,0.29991527174322236,0.18029901942947474,0.5965329016690645,0.36441996475065475,0.2196856396843978,0.1599651586217377,0.5997185537353307,0.22015385712999055,0.04988086976762576,2026-09-15T20:05:46Z
822849,694671,Wyatt Langford,TEX,BOS,1,3,projected,Patrick Sandoval,Globe Life Field,2026-09-16T00:05:00Z,4.226634201161266,1551,1896,0.5710016087411525,0.6628832530863629,-1.6326103365678355,Normal,0.11649890246188815,0.6529573324202862,0.4930196616326868,0.6219278332848278,0.7029608239519171,0.5015176505830885,0.3348399433423324,0.20641952759451032,0.6283234616102454,0.38499962532319865,0.22818696038918512,0.15613885158781504,0.6318769030593449,0.24715343276035556,0.05865919655756635,2026-09-15T20:05:46Z
822849,677800,Wilyer Abreu,BOS,TEX,0,3,projected,Jacob deGrom,Globe Life Field,2026-09-16T00:05:00Z,4.409013444423405,1585,1668,0.4981704667769365,0.601649766940379,0.7182279326894138,Normal,0.15452356156545916,0.6228001707392798,0.3350547613719192,0.7487680292360602,0.6809304044839474,0.478612545965495,0.31550432153809205,0.19213963850922863,0.6004173723819956,0.38732409536631657,0.24547377206730123,0.18610595069025732,0.603645043420259,0.22310797741986255,0.050657150853779365,2026-09-15T20:05:46Z
822849,592626,Joc Pederson,TEX,BOS,1,4,projected,Patrick Sandoval,Globe Life Field,2026-09-16T00:05:00Z,4.139623487225459,2045,1896,0.44443711565069305,0.6493188596676623,-0.6681630693744106,Normal,0.13097339487084028,0.5983329800432765,0.4203452213628707,0.6741649962042936,0.6676110072789107,0.46214104698052855,0.29949068063365686,0.17863050787188395,0.5779214536981198,0.34249643552945536,0.21060941411725806,0.15610609441364642,0.5808596250765485,0.19996090931377464,0.040512359402433265,2026-09-15T20:05:46Z
822849,575929,Willson Contreras,BOS,TEX,0,4,projected,Jacob deGrom,Globe Life Field,2026-09-16T00:05:00Z,4.326067211625794,2424,1668,0.47435895276141943,0.5827601776808105,-0.09749858412743041,Normal,0.1475475777498281,0.6280006837095643,0.41747059576516277,0.798121799116495,0.6841338830825577,0.4814255435336292,0.31749650721918377,0.19332271950753951,0.6052698533747815,0.38025515129613985,0.23681166694986408,0.17736485403725213,0.6085473090990959,0.22650059427989122,0.05138861404174648,2026-09-15T20:05:46Z
822849,553869,Elias Díaz,TEX,BOS,1,5,projected,Patrick Sandoval,Globe Life Field,2026-09-16T00:05:00Z,4.033323998879865,1760,1896,0.38044834467113336,0.6346579042051541,-0.470097922806685,Normal,0.09163842201292889,0.6421370435367301,0.2874179615134198,0.6399707857569131,0.6582588351126725,0.45187768908334025,0.29036209055744505,0.17150272725665122,0.6184248995235109,0.36013022723085025,0.1970878091533302,0.12659821542267885,0.621841955211353,0.23578773835018216,0.05308307028554228,2026-09-15T20:05:46Z
822849,596115,Trevor Story,BOS,TEX,0,5,projected,Jacob deGrom,Globe Life Field,2026-09-16T00:05:00Z,4.197614529682841,1553,1668,0.420210412457163,0.5652550668779814,-0.2703573646837609,Normal,0.10371320463975564,0.6309590637985995,0.19435732777416376,0.8541479726187703,0.6681513868775873,0.46362640267657584,0.30145997600286095,0.180640426487212,0.6080348339094346,0.36178022641717184,0.202702520435213,0.13655353869920153,0.6113395592774571,0.22820686494866782,0.051534567151121216,2026-09-15T20:05:46Z
822849,669394,Jake Burger,TEX,BOS,1,6,projected,Patrick Sandoval,Globe Life Field,2026-09-16T00:05:00Z,3.900626423690205,2248,1896,0.46396168300961266,0.626067509370774,-0.6298797441814458,Normal,0.1422117912799049,0.6308221783516195,0.33599886495766246,0.6792232560965195,0.688110976137867,0.48347341484164835,0.31750708204581757,0.1919449084680169,0.6080230361049365,0.3718095789677707,0.22765290369979202,0.16910907486724952,0.6113065342094031,0.22529054969715484,0.048701923905568975,2026-09-15T20:05:46Z
822849,702332,Caleb Durbin,BOS,TEX,0,6,projected,Jacob deGrom,Globe Life Field,2026-09-16T00:05:00Z,4.066244239631336,1048,1668,0.4218443863661171,0.5554387236596569,-0.1695246529061316,Normal,0.08724823381236417,0.6020546471418832,0.30795915580132416,0.5595094496631317,0.6416635986211767,0.4358522206730123,0.2775558106286305,0.16249125340784465,0.5813160966477492,0.3268208872576272,0.17576783793852743,0.11517891613205335,0.584302434115377,0.2039110338074159,0.04238066209752431,2026-09-15T20:05:46Z
822849,673962,Josh Jung,TEX,BOS,1,7,projected,Patrick Sandoval,Globe Life Field,2026-09-16T00:05:00Z,3.750226791654067,1721,1896,0.44639720899354685,0.6136547452604466,1.6376472622988587,Normal,0.09012405228980655,0.6535931150342685,0.3076970223190438,0.5840235806124946,0.6797724405486225,0.4738573686875355,0.3086933660850543,0.18490894178700387,0.629023028578971,0.36597693619751953,0.20050875004223717,0.12700408010150468,0.6325632982632844,0.24455213616066881,0.05556577590538985,2026-09-15T20:05:46Z
822849,643396,Isiah Kiner-Falefa,BOS,TEX,0,7,projected,Jacob deGrom,Globe Life Field,2026-09-16T00:05:00Z,3.9225766491173735,2002,1668,0.3729222574302135,0.544495804925572,0.5961200827439112,Normal,0.0636466067319612,0.6144532609519622,0.20494403598420344,0.5764920744516834,0.6236215914088558,0.4173728503340343,0.261955963434428,0.15086313104511287,0.5928323475115722,0.3124356051483829,0.15691115039398373,0.09265241002656005,0.5959464833226911,0.21330917107894168,0.04543804045001382,2026-09-15T20:05:46Z
822849,677649,Ezequiel Duran,TEX,BOS,1,8,projected,Patrick Sandoval,Globe Life Field,2026-09-16T00:05:00Z,3.600899965385947,1713,1896,0.42949644670021764,0.6101973860870075,-0.5263590123742768,Normal,0.08099995104782041,0.6238147865059839,0.29632037586567966,0.5897588113426643,0.6458739944028651,0.43739005944203135,0.27696808217849955,0.16073918635424733,0.6016673634107932,0.3407654889921479,0.18216232404980484,0.11410704273131639,0.6048547840618793,0.21731347426774658,0.0447914630090107,2026-09-15T20:05:46Z
822849,655316,Andruw Monasterio,BOS,TEX,0,8,projected,Jacob deGrom,Globe Life Field,2026-09-16T00:05:00Z,3.7685028725920917,920,1668,0.3717750522825665,0.544952987679034,-1.2270464704519575,Normal,0.07005462111593788,0.5731170699832621,0.2346725190937071,0.6729576165442026,0.6016060306125662,0.3955412849525757,0.2439505921997536,0.13770810166107564,0.5545267673211401,0.3063573585071254,0.1564673690187635,0.0976407406410445,0.5572009222013349,0.1804357094586967,0.03400537071770659,2026-09-15T20:05:46Z
822849,670032,Nicky Lopez,TEX,BOS,1,9,projected,Patrick Sandoval,Globe Life Field,2026-09-16T00:05:00Z,3.4228329809725158,1460,1896,0.3542244013597811,0.6077755615665323,-0.5022027911348229,Normal,0.03975907750463716,0.5384482184409263,0.2619603759536285,0.4584940650332861,0.564858396874391,0.35915820986890895,0.21399310741848498,0.11586274888444795,0.5224262268593163,0.23936634788610842,0.10984213701525256,0.05980857256167916,0.5247274048485147,0.15248373885296454,0.02415852347889718,2026-09-15T20:05:46Z
822849,657136,Connor Wong,BOS,TEX,0,9,projected,Jacob deGrom,Globe Life Field,2026-09-16T00:05:00Z,3.6042978881067063,1363,1668,0.38328600879857255,0.5380334624379894,-1.4792451233702513,Normal,0.07292706775428896,0.5495466174997878,0.2144593694342466,0.7356482463559845,0.5971860628493978,0.3908079069599858,0.23985041635177612,0.13459114928742102,0.5326023551535034,0.2892464228259668,0.14806812938200054,0.0958038448170443,0.5350381226128805,0.16297068835189335,0.028429652191183718,2026-09-15T20:05:46Z
822925,650490,Yandy Díaz,TB,ATH,1,1,confirmed,Jack Perkins,Tropicana Field,2026-09-15T22:40:00Z,4.430877483443709,3072,634,0.5476831085043412,0.6455713812270768,-0.444513976999509,Normal,0.12000620160432841,0.7146188755378162,0.3735423511116596,0.5082467605291919,0.7185470235205422,0.5209541244516647,0.3538944655146705,0.22262137353681402,0.6847461450337893,0.4273387589689578,0.2517821259644903,0.16697814468735822,0.6890733255262445,0.31111105248147064,0.08942172035193774,2026-09-15T20:05:46Z
822925,703607,Henry Bolte,ATH,TB,0,1,confirmed,Griffin Jax,Tropicana Field,2026-09-15T22:40:00Z,4.599835661462613,420,1536,0.5302682589999511,0.5792110899793435,0.5414777203549523,Normal,0.09401248370374289,0.6547427950752551,0.36351553556740124,0.8472847457469156,0.682180432057007,0.4808992116292052,0.318241624269505,0.19481067452864073,0.629819658483214,0.36408411508761634,0.20372566204948817,0.13154664263122737,0.633420460910433,0.2529100414490334,0.06366111773682621,2026-09-15T20:05:46Z
822925,666018,Jonathan Aranda,TB,ATH,1,2,confirmed,Jack Perkins,Tropicana Field,2026-09-15T22:40:00Z,4.327666151468316,1385,634,0.5817196682192687,0.6424692297541472,0.2119029829436111,Normal,0.14273126903674122,0.6800008269792397,0.4499809133055509,0.720483942969931,0.7116533978549958,0.5123033027506367,0.3453390293953391,0.2152766004736422,0.6531025739273596,0.40448324528575896,0.2471709335646469,0.17742681183459003,0.6569890954240476,0.2741496968437515,0.0709938466955149,2026-09-15T20:05:46Z
822925,643446,Jeff McNeil,ATH,TB,0,2,confirmed,Griffin Jax,Tropicana Field,2026-09-15T22:40:00Z,4.520251671254424,2648,1536,0.4905087542055006,0.5687994358484105,0.34505880553396734,Normal,0.09615926521970056,0.6850013022547801,0.28537179552754494,0.5211552140269828,0.6849546196158344,0.48338488069805835,0.32004244270177007,0.19591480951016285,0.6576408259946918,0.400151682531567,0.22840005535147612,0.14503963684191395,0.6615986746835368,0.28114854618102514,0.07566320175353927,2026-09-15T20:05:46Z
822925,691406,Junior Caminero,TB,ATH,1,3,confirmed,Jack Perkins,Tropicana Field,2026-09-15T22:40:00Z,4.226634201161266,1517,634,0.5355713297898725,0.6338315513505953,-0.015938061866900652,Normal,0.20606554723450138,0.6620968539399291,0.33455631810524306,0.5779797960087719,0.7240522642502586,0.525924851102097,0.3573243678754798,0.22446070211258254,0.6367237751006101,0.4133992194552914,0.28209952087639856,0.22883656234422087,0.6403852150609136,0.255599411534096,0.062134107200342695,2026-09-15T20:05:46Z
822925,669127,Shea Langeliers,ATH,TB,0,3,confirmed,Griffin Jax,Tropicana Field,2026-09-15T22:40:00Z,4.409013444423405,2119,1536,0.4398652160818184,0.5557111401838288,-0.3624219287116078,Normal,0.15241448834916257,0.6244410753043698,0.26375629089446395,0.8034146743038477,0.6840026316317405,0.48197528282937285,0.3184932228290838,0.19447407340520576,0.6019336691571767,0.3815404121218935,0.24141080861182962,0.1825658888851187,0.6051795090994565,0.22450195022943087,0.051192413880540126,2026-09-15T20:05:46Z
822925,689414,Liam Hicks,TB,ATH,1,4,confirmed,Jack Perkins,Tropicana Field,2026-09-15T22:40:00Z,4.139623487225459,908,634,0.484749935353638,0.6159631418586055,-0.025555604926099842,Normal,0.11976879669233949,0.6556431058193278,0.4714200250495691,0.44386988472019057,0.6832470041271619,0.4789861187097621,0.31420667051313783,0.18990824912265178,0.6308255269813424,0.3654844354554627,0.21340236518206382,0.1490041071115406,0.6344045415961056,0.24864140444819466,0.058613234055978944,2026-09-15T20:05:46Z
822925,671732,Lawrence Butler,ATH,TB,0,4,confirmed,Griffin Jax,Tropicana Field,2026-09-15T22:40:00Z,4.326067211625794,1698,1536,0.4724541555701713,0.5329213139547696,-0.1081290310590284,Normal,0.14317019750951393,0.6306362245889601,0.3375699093028826,0.7804803527034556,0.6787678429753725,0.4755697122583611,0.3123123719900784,0.1892925160721446,0.607702914306237,0.3754286684823397,0.23286890217102071,0.17283148332150322,0.6110098868310024,0.2287664336270477,0.0522613927153864,2026-09-15T20:05:46Z
822925,683748,Victor Mesa Jr.,TB,ATH,1,5,confirmed,Jack Perkins,Tropicana Field,2026-09-15T22:40:00Z,4.033323998879865,261,634,0.5475118215987084,0.5961316540992136,2.781928910875571,Hot,0.1815542685719029,0.6364416322316033,0.39071588468258217,0.5823942174085784,0.6994178545290258,0.49648504117904113,0.32945934601299126,0.2015235917455549,0.6131779620168957,0.38791747649804087,0.2614782661338027,0.20688788723431317,0.6165297581789991,0.2308001480352568,0.05118356558675783,2026-09-15T20:05:46Z
822925,680869,Zack Gelof,ATH,TB,0,5,confirmed,Griffin Jax,Tropicana Field,2026-09-15T22:40:00Z,4.197614529682841,1334,1536,0.4374881760939638,0.5095063907920394,0.07359240464573799,Normal,0.11238418894137452,0.5898143197870719,0.268320778460559,0.848943343621863,0.650210319773218,0.44481501121262723,0.28529929811176624,0.1684067665706663,0.5699503155095479,0.33473210981564155,0.1956121329022608,0.1392502961035789,0.5728101572981886,0.1946616491093728,0.03943891093431085,2026-09-15T20:05:46Z
822925,802415,Chandler Simpson,TB,ATH,1,6,confirmed,Jack Perkins,Tropicana Field,2026-09-15T22:40:00Z,3.900626423690205,1014,634,0.4287086452745696,0.5868344474241145,0.08957245549169544,Normal,0.06092260586771262,0.68458885739962,0.2597978482090526,0.3738248435652027,0.6581286394273359,0.4513388078463285,0.28960076042479505,0.17070448124426627,0.6574092328646033,0.36142142703714725,0.18573971992080973,0.1037743405975654,0.6613311580842389,0.2747573566591534,0.06850755794723576,2026-09-15T20:05:46Z
822925,622268,Donovan Walton,ATH,TB,0,6,confirmed,Griffin Jax,Tropicana Field,2026-09-15T22:40:00Z,4.066244239631336,346,1536,0.4690384780835692,0.5008992943441495,1.1136832886913608,Normal,0.10599415137025596,0.6045530433078415,0.38194615095278067,0.5911179620844839,0.6493452860352541,0.4437186717431135,0.2841960556972198,0.16743993068947421,0.5836308762866071,0.35054649232708907,0.20072039081534038,0.13823161494571315,0.5866438760316195,0.20590664664531194,0.043079906270891186,2026-09-15T20:05:46Z
822925,680700,Richie Palacios,TB,ATH,1,7,confirmed,Jack Perkins,Tropicana Field,2026-09-15T22:40:00Z,3.750226791654067,958,634,0.47659715643518785,0.5767175306453165,0.9007679454809319,Normal,0.10243221730938405,0.5837645969725652,0.45137018796988837,0.52551055915898,0.6378337934897844,0.4300742757141594,0.27141005414712766,0.15701745155858224,0.5644998259787175,0.31312781006819507,0.1772105299365079,0.12457220917254616,0.567270408339169,0.18690907514110205,0.035234444788187456,2026-09-15T20:05:46Z
822925,666126,Carlos Cortes,ATH,TB,0,7,confirmed,Griffin Jax,Tropicana Field,2026-09-15T22:40:00Z,3.9225766491173735,455,1536,0.37129165550369325,0.49458693833046097,-0.24449546125470933,Normal,0.10359391427517543,0.6199207033695132,0.2634642986686498,0.6010888218306821,0.6384538248114012,0.43218109886124995,0.27422128293640313,0.15985182938069065,0.5978873867882448,0.3495790062073888,0.19959845966067685,0.13546193892086458,0.6010614613567113,0.2178322153380905,0.04707642039035585,2026-09-15T20:05:46Z
822925,622761,Jorge Mateo,TB,ATH,1,8,confirmed,Jack Perkins,Tropicana Field,2026-09-15T22:40:00Z,3.600899965385947,1372,634,0.43124939914734056,0.5768460165428879,-2.080111286655802,Cold,0.07670638879194511,0.5458870677283781,0.25185999100133877,0.6683333555887928,0.6090503171659959,0.4010366494773123,0.24726743033254112,0.13931406853302503,0.5292757955786235,0.2948772159827555,0.15906996067156495,0.10318417225421309,0.5316625779803468,0.15895887133303033,0.02653353664501452,2026-09-15T20:05:46Z
822925,641680,Jonah Heim,ATH,TB,0,8,confirmed,Griffin Jax,Tropicana Field,2026-09-15T22:40:00Z,3.7685028725920917,2234,1536,0.3450477394922459,0.49880254865695534,-0.9896314280276917,Normal,0.08532466089226655,0.5350294813346097,0.2300352584071084,0.6178127316981629,0.592521001275823,0.3869678154621684,0.23713660888224375,0.1328933249813805,0.5189736609363309,0.2772517951962107,0.14722517491344653,0.10265934601445387,0.5212814134161533,0.15399699881503143,0.02616218051391182,2026-09-15T20:05:46Z
822925,656775,Cedric Mullins,TB,ATH,1,9,confirmed,Jack Perkins,Tropicana Field,2026-09-15T22:40:00Z,3.4228329809725158,2601,634,0.45455840535273917,0.5734635375825942,-0.1948336249526776,Normal,0.1001281554988421,0.5350713503027512,0.35501258584115636,0.5314070307366316,0.6146315531078268,0.4052413552222946,0.2498875767703658,0.14067009666172375,0.5192651173830904,0.2871366069483723,0.16471031304450368,0.1188048012876121,0.5215351989429103,0.15029378737835505,0.023588640422322428,2026-09-15T20:05:46Z
822925,675961,Alika Williams,ATH,TB,0,9,confirmed,Griffin Jax,Tropicana Field,2026-09-15T22:40:00Z,3.6042978881067063,416,1536,0.36396635042595493,0.48873349455320014,0.3881567743591454,Normal,0.05937930190854702,0.5419679741771355,0.1966473619232638,0.6877073774290319,0.5815906438734247,0.37629295554970255,0.22844029392205017,0.12661148299704314,0.5255185866482778,0.2855785899298522,0.1427708814294331,0.08627078133470115,0.5278828762973318,0.1578526453914965,0.02697058391359912,2026-09-15T20:05:46Z
823007,663494,Bryan Torres,STL,SF,1,1,confirmed,Blade Tidwell,Busch Stadium,2026-09-15T23:45:00Z,4.430877483443709,168,275,0.6332887388977466,0.6498761091188155,0.2911503857745886,Normal,0.13206792224405425,0.6854500779788902,0.4518474601548351,0.5193113349682396,0.7176226094676731,0.5198734221105493,0.3528873112520803,0.22180280630423277,0.6580708494433659,0.40395813946264403,0.2484035861629955,0.17376791257066884,0.6620298465487026,0.28066775769926033,0.07475523026773762,2026-09-15T20:05:46Z
823007,687551,Drew Gilbert,SF,STL,0,1,confirmed,Andre Pallante,Busch Stadium,2026-09-15T23:45:00Z,4.599835661462613,479,2585,0.596382145685455,0.6437095981815267,-1.0248463375372092,Normal,0.10507481820886992,0.6590578177723769,0.3960508176903379,0.5300646139067796,0.696704300605643,0.49701724228466015,0.33275068041893474,0.20628804142680207,0.6337900182512878,0.38737557297130615,0.22876497568068122,0.15151609196222635,0.6374413957996327,0.25693383303694584,0.06539851811740283,2026-09-15T20:05:46Z
823007,671056,Iván Herrera,STL,SF,1,2,confirmed,Blade Tidwell,Busch Stadium,2026-09-15T23:45:00Z,4.327666151468316,1451,275,0.5583135609304649,0.647091751303584,-0.5021678724014347,Normal,0.09487843332488993,0.6534549315083791,0.4711867068038452,0.5746043895466434,0.6883067248147587,0.48593828119357446,0.3214220392978591,0.19630215058504036,0.6287287240351777,0.35963534387926555,0.19824907977884698,0.12839857289358514,0.6322970432552233,0.24890272933604923,0.06013912378285011,2026-09-15T20:05:46Z
823007,805811,Bryce Eldridge,SF,STL,0,2,confirmed,Andre Pallante,Busch Stadium,2026-09-15T23:45:00Z,4.520251671254424,475,2585,0.539098379422124,0.6380357347696641,0.5126791394170462,Normal,0.11706223371562188,0.6756989822649899,0.4437214279977224,0.6735159015136589,0.7002220678657916,0.5004111757647921,0.3353996770713025,0.20807060241441794,0.6491097532904574,0.40375279290091465,0.23818591581175602,0.1609807584826764,0.6529540615966535,0.2719313743020953,0.07144083328402795,2026-09-15T20:05:46Z
823007,676475,Alec Burleson,STL,SF,1,3,confirmed,Blade Tidwell,Busch Stadium,2026-09-15T23:45:00Z,4.226634201161266,2175,275,0.5349765642639573,0.6390477076494804,0.17169746476592215,Normal,0.14023423452300712,0.698583538438043,0.41196367102864817,0.4532495239707584,0.7155109885673087,0.5159208146975232,0.34802839300664357,0.21694790044947446,0.6701508315549931,0.42138871440689585,0.2572261340389696,0.18078138059491003,0.6742608890187907,0.2914905215069745,0.07798144241386715,2026-09-15T20:05:46Z
823007,813841,Jonah Cox,SF,STL,0,3,confirmed,Andre Pallante,Busch Stadium,2026-09-15T23:45:00Z,4.409013444423405,122,2585,0.48794521850800543,0.633491329090487,0.503318871950638,Normal,0.0986618668944083,0.6859100197613353,0.28819796598841046,0.8002456702412369,0.7010306757256891,0.5009566613446297,0.3355893223003086,0.2079781426628869,0.6584856788238544,0.3989761515016405,0.23205892382295693,0.1487812201596293,0.6624517784383303,0.28140475601164944,0.07528298319953326,2026-09-15T20:05:46Z
823007,691023,Jordan Walker,STL,SF,1,4,confirmed,Blade Tidwell,Busch Stadium,2026-09-15T23:45:00Z,4.139623487225459,1662,275,0.45212180532951735,0.6218429104792466,-1.1707836913537644,Normal,0.1128731057875361,0.6599143781635266,0.29594059534501177,0.6757863183789035,0.6839252048847154,0.4797275664184369,0.3148611903719912,0.19041425660122538,0.6347501784758003,0.38141649515337994,0.22082973555501723,0.14936448783185546,0.6383797809837332,0.25258169821820103,0.0602153306459514,2026-09-15T20:05:46Z
823007,808982,Jung Hoo Lee,SF,STL,0,4,confirmed,Andre Pallante,Busch Stadium,2026-09-15T23:45:00Z,4.326067211625794,1333,2585,0.44752026273323536,0.6190270773184323,-0.5310056038540627,Normal,0.07770742159977062,0.68594006790077,0.2807490556341882,0.36927316491569445,0.679658483168272,0.47653775185302705,0.31316689855440394,0.18995520587705594,0.6585485170929666,0.399141043607515,0.22808565613847076,0.1374212659776938,0.6625080887571226,0.28022123195813053,0.07394011323333491,2026-09-15T20:05:46Z
823007,699024,Leo Bernal,STL,SF,1,5,confirmed,Blade Tidwell,Busch Stadium,2026-09-15T23:45:00Z,4.033323998879865,56,275,0.5300826175427226,0.602806003139855,1.1237508439965747,Normal,0.1526107304692529,0.6645223269297207,0.392682740831814,0.4742572561698178,0.7057411493441771,0.503643357051385,0.33592961479025135,0.2066207486834524,0.6390035661711478,0.39966792483287616,0.2510223303003493,0.18537135717671474,0.6426839482029926,0.2561572052614348,0.06118253526407221,2026-09-15T20:05:46Z
823007,678545,Osleivis Basabe,SF,STL,0,5,confirmed,Andre Pallante,Busch Stadium,2026-09-15T23:45:00Z,4.197614529682841,221,2585,0.437138205810401,0.6070782440501586,-1.4630022350296474,Normal,0.08928233296676368,0.6380014703379266,0.2961244341542865,0.5970543651810685,0.6681561534408098,0.46363147883128547,0.30146438543585696,0.18064379592599333,0.6145302447672438,0.35519804513686887,0.195330348259407,0.1250930137212633,0.6179146924617681,0.23433139952296164,0.05390323454499041,2026-09-15T20:05:46Z
823007,695336,Thomas Saggese,STL,SF,1,6,confirmed,Blade Tidwell,Busch Stadium,2026-09-15T23:45:00Z,3.900626423690205,487,275,0.4011842947990918,0.593514235700218,1.5654373835613307,Normal,0.07283693986904745,0.629536348061862,0.26282152348451265,0.6697710765713097,0.6411533212873847,0.4338835731636291,0.2748821953141449,0.15977727903650546,0.6068369598309216,0.34211788069363125,0.17856429717782057,0.10780558583846868,0.6101059650360942,0.22419412638299716,0.04829958134457291,2026-09-15T20:05:46Z
823007,806367,Turner Hill,SF,STL,0,6,confirmed,Andre Pallante,Busch Stadium,2026-09-15T23:45:00Z,4.066244239631336,92,2585,0.44969323248523696,0.5977193678377081,-1.3425670362818953,Normal,0.0810366052537438,0.6304837162190717,0.3832201823286144,0.4984533280649513,0.6556359505497438,0.4502376686122799,0.2897457682626287,0.17160594780487476,0.6076047949867448,0.35291556724427914,0.19085500188877452,0.11903393025757729,0.6109023261319478,0.22743561699101603,0.050956436450692005,2026-09-15T20:05:46Z
823007,701675,Nathan Church,STL,SF,1,7,confirmed,Blade Tidwell,Busch Stadium,2026-09-15T23:45:00Z,3.750226791654067,497,275,0.4511564350605373,0.5828991717373379,2.66673247963883,Hot,0.10020232362090936,0.6209024349847605,0.3359229863659254,0.41896231237963855,0.6529444516477767,0.44548115263310684,0.2843097401337465,0.16652944615573623,0.5989040718504588,0.3365098627634908,0.18925230840566504,0.1279662308118943,0.6020706614273251,0.2161959712062932,0.045027031362073276,2026-09-15T20:05:46Z
823007,701852,Drew Cavanaugh,SF,STL,0,7,confirmed,Andre Pallante,Busch Stadium,2026-09-15T23:45:00Z,3.9225766491173735,148,2585,0.39526433388818377,0.5839530750148638,-0.4516829151513589,Normal,0.07652575899466119,0.6174871139187607,0.3477786516338139,0.6157651124198685,0.636370385682154,0.4300789814391401,0.27246708204992665,0.15855800605906742,0.5956378746256484,0.32860208799580554,0.1732284749731872,0.10767042818035874,0.5987851913511899,0.21581071260443024,0.04634085986950272,2026-09-15T20:05:46Z
823007,691026,Masyn Winn,STL,SF,1,8,confirmed,Blade Tidwell,Busch Stadium,2026-09-15T23:45:00Z,3.600899965385947,1819,275,0.407867558871022,0.5824364553568996,-1.1684069973391533,Normal,0.06045971449605182,0.5772810549614392,0.29403166641594036,0.5408528618340479,0.6141745163291197,0.40596403406206844,0.25121878824117116,0.14211914123942992,0.5585467493020783,0.29463786942927717,0.14591538061923398,0.08672199615217853,0.5612401114543296,0.18096997962642092,0.03291565314517843,2026-09-15T20:05:46Z
823007,687529,Grant McCray,SF,STL,0,8,confirmed,Andre Pallante,Busch Stadium,2026-09-15T23:45:00Z,3.7685028725920917,237,2585,0.40141394537835096,0.5805823073750461,-0.4978086475155998,Normal,0.08992385850797656,0.5685087032905816,0.2764079295773919,0.768412291701025,0.6217628507222774,0.41501103879514034,0.25968378362297406,0.1489867941070187,0.5502359532752648,0.3078654187382781,0.1753501384830396,0.11781399346099299,0.5528641537340122,0.17708694728461943,0.03296212715068551,2026-09-15T20:05:46Z
823007,665877,José Fermín,STL,SF,1,9,confirmed,Blade Tidwell,Busch Stadium,2026-09-15T23:45:00Z,3.4228329809725158,554,275,0.3628587775810889,0.5793331805034373,-0.6818717578898625,Normal,0.059372275194074814,0.549746152570315,0.2907636594507092,0.3908004769447418,0.5855279109608686,0.3778598820727362,0.2283238059807831,0.12562617900150722,0.5329901397238511,0.2727593667163247,0.13214435204558436,0.08030931687433501,0.5353971407708737,0.1599643468892504,0.026149805279874976,2026-09-15T20:05:46Z
823007,683766,Christian Koss,SF,STL,0,9,confirmed,Andre Pallante,Busch Stadium,2026-09-15T23:45:00Z,3.6042978881067063,372,2585,0.4301153594023072,0.5747020094625378,0.8028909419207566,Normal,0.0669059030405361,0.596914655964254,0.23631575160651383,0.5682144142452078,0.632176729406123,0.42471238522602406,0.26727810489529413,0.1542572273635054,0.5766919494714641,0.3087297263713787,0.15550199760466676,0.09418573837642973,0.5796020445601417,0.1975051409257359,0.03915026160319122,2026-09-15T20:05:46Z
823333,804606,Konnor Griffin,PIT,MIL,1,1,confirmed,Jacob Misiorowski,PNC Park,2026-09-15T22:40:00Z,4.430877483443709,285,888,0.5142790312890213,0.6638115517751029,-0.4130018079294864,Normal,0.07720707924624007,0.6171325555235759,0.2997529845102982,0.815111133806208,0.6614607812860002,0.4575714576276201,0.29696162037586715,0.17775357120587967,0.5951875319398898,0.3360537243264429,0.18309056896510198,0.11396265164268655,0.5983511463493789,0.21810734487313982,0.04862570715793833,2026-09-15T20:05:46Z
823333,669003,Garrett Mitchell,MIL,PIT,0,1,confirmed,Lake Bachar,PNC Park,2026-09-15T22:40:00Z,4.599835661462613,930,661,0.6685587570819685,0.5996583227832368,2.12728978035333,Hot,0.10092873470782797,0.6328332759384504,0.48446158652253574,0.8437791621877013,0.700957241401449,0.5018179104177991,0.3371257851028763,0.20978549973099986,0.609624698720719,0.37129379337294416,0.2181819599555156,0.14480302911873874,0.6129744359580468,0.2331801016782658,0.055461582543506985,2026-09-15T20:05:46Z
823333,664040,Brandon Lowe,PIT,MIL,1,2,confirmed,Jacob Misiorowski,PNC Park,2026-09-15T22:40:00Z,4.327666151468316,2287,888,0.5153466806269105,0.6618285688820262,0.7788084625843993,Normal,0.1494583546802343,0.5699984243354391,0.3704163874598288,0.921903743176234,0.6683219773879903,0.464245947233787,0.302297821792505,0.1814923036129722,0.5514901229211888,0.3309906953656166,0.2114813808617661,0.16741586388857677,0.5541537227042033,0.18034992148641082,0.03496789293280316,2026-09-15T20:05:46Z
823333,694192,Jackson Chourio,MIL,PIT,0,2,confirmed,Lake Bachar,PNC Park,2026-09-15T22:40:00Z,4.520251671254424,1686,661,0.5788118375714435,0.5911111850962446,2.154516636486031,Hot,0.14643218477466954,0.6630547983055577,0.2809626112952036,0.7273238273175485,0.712289079066393,0.5142114040454573,0.3480766331935938,0.2182616637305983,0.6374973406905377,0.4043364367171956,0.2537506338325485,0.18471605634306432,0.6411900717835736,0.2597678950619433,0.06604826032141942,2026-09-15T20:05:46Z
823333,668804,Bryan Reynolds,PIT,MIL,1,3,confirmed,Jacob Misiorowski,PNC Park,2026-09-15T22:40:00Z,4.226634201161266,3254,888,0.44226668495412086,0.6556652246271268,0.34507958420345514,Normal,0.10064023011425983,0.5722997317788595,0.41854097734488704,0.8365543411552836,0.6408523913357371,0.43490522992332314,0.27670032233161407,0.16182760706682367,0.5536938061362445,0.3160051942006309,0.18060682064091066,0.12605487686772607,0.5563709255229533,0.181015229610248,0.0347112855829743,2026-09-15T20:05:46Z
823333,668930,Brice Turang,MIL,PIT,0,3,confirmed,Lake Bachar,PNC Park,2026-09-15T22:40:00Z,4.409013444423405,2356,661,0.5468051798031993,0.5806243886761647,2.6845790700979153,Hot,0.09271395252737186,0.6188384570245784,0.4806505301269057,0.7012053456568067,0.6707755019663764,0.46762713195808275,0.30582238535607786,0.18463189624126133,0.5967550402905218,0.33699492593235325,0.18889432944476311,0.12464546552188453,0.5999390721978846,0.21976763292625148,0.04938506943292628,2026-09-15T20:05:46Z
823333,665833,Oneil Cruz,PIT,MIL,1,4,confirmed,Jacob Misiorowski,PNC Park,2026-09-15T22:40:00Z,4.139623487225459,1924,888,0.4452831296693446,0.6408893027890074,2.1521141786897258,Hot,0.12634708012569557,0.5468472599071987,0.4198955505045533,0.9279956371038443,0.6409574505290664,0.434471447068211,0.27594571637468274,0.16098309784922207,0.5299996557668879,0.30905592123967,0.1907707280655681,0.1454729982631586,0.5324218880639845,0.1622587232119497,0.028613381757862166,2026-09-15T20:05:46Z
823333,661388,William Contreras,MIL,PIT,0,4,confirmed,Lake Bachar,PNC Park,2026-09-15T22:40:00Z,4.326067211625794,2922,661,0.4941609021006399,0.5596853091273487,-0.21444177502229564,Normal,0.11896100846315288,0.6282659987693391,0.37561667728626036,0.6165518071748658,0.6807703127606438,0.47774836933440623,0.3142369345274269,0.19078593098971347,0.6055148277922394,0.35925280731513076,0.2097556237734243,0.14818011925088173,0.6087952478006566,0.2267279656018843,0.05147588704823321,2026-09-15T20:05:46Z
823333,693304,Nick Gonzales,PIT,MIL,1,5,confirmed,Jacob Misiorowski,PNC Park,2026-09-15T22:40:00Z,4.033323998879865,1495,888,0.39306658554451523,0.6247444000906055,-0.018805757072999422,Normal,0.056240077333770226,0.6124794271362002,0.2933851674129857,0.6222387974292087,0.634883819929755,0.42794909855017815,0.2702256326357068,0.15656530937841767,0.5910523772466791,0.3184780927576096,0.15902939695278956,0.09004977806668442,0.5941373130671873,0.2106413279589669,0.043838097491852114,2026-09-15T20:05:46Z
823333,641343,Jake Bauers,MIL,PIT,0,5,confirmed,Lake Bachar,PNC Park,2026-09-15T22:40:00Z,4.197614529682841,1372,661,0.6035872973993119,0.5393440833700056,-0.026958788998909765,Normal,0.139760030282983,0.5760159856817635,0.6076343432155298,0.7489317927339253,0.6879545005976118,0.4850915880011503,0.32034440938265046,0.1952277572719907,0.5571259427142319,0.3330853009396366,0.2076806347302676,0.1601499116915713,0.5598445522944538,0.18422358407447423,0.035976133264384313,2026-09-15T20:05:46Z
823333,656811,Ryan O'Hearn,PIT,MIL,1,6,confirmed,Jacob Misiorowski,PNC Park,2026-09-15T22:40:00Z,3.900626423690205,1959,888,0.41455439767866953,0.6157955122765904,-1.084067842272764,Normal,0.10860372560654247,0.5610329684613171,0.3238807113394024,0.7733894736954371,0.6363216857918687,0.4290070974279022,0.27082426735396464,0.15679834524515987,0.5433042359324647,0.2999386812613629,0.17295913454353137,0.12673640011999357,0.5458531051446027,0.17101313666577,0.03065080171207552,2026-09-15T20:05:46Z
823333,592885,Christian Yelich,MIL,PIT,0,6,confirmed,Lake Bachar,PNC Park,2026-09-15T22:40:00Z,4.066244239631336,2726,661,0.4827757079325007,0.5299653224210319,-0.03390058072877829,Normal,0.09849676622279824,0.5904610349445886,0.41329318381425095,0.6920963855972653,0.661567541358693,0.456449564316108,0.29507392295311163,0.17563132815692176,0.5705631796485289,0.31939732516370667,0.17952021206599256,0.12359334717399965,0.5734275190768694,0.19482551192139422,0.03926309075538562,2026-09-15T20:05:46Z
823333,804668,Rafael Flores Jr.,PIT,MIL,1,7,confirmed,Jacob Misiorowski,PNC Park,2026-09-15T22:40:00Z,3.750226791654067,144,888,0.36710593539161945,0.603804039250963,0.3701462559300766,Normal,0.10790055823707284,0.5494301690048101,0.2796975606430996,0.8001182677456294,0.627807386961158,0.42006667513960494,0.2631560249823513,0.1510084353458234,0.5325147045056123,0.29851551609898885,0.17206751050347308,0.12632071305016393,0.5349457598525584,0.1623687067966647,0.027873317677650705,2026-09-15T20:05:46Z
823333,800325,Luis Lara,MIL,PIT,0,7,confirmed,Lake Bachar,PNC Park,2026-09-15T22:40:00Z,3.9225766491173735,176,661,0.39873518129573476,0.5212149858674212,-0.7252082078567673,Normal,0.07424571798972217,0.5749878832894945,0.3132543313203829,0.668569435137903,0.6253308433854051,0.41906094416903483,0.26334338025854803,0.15187313841466898,0.5562197397447528,0.3023392342416929,0.1607747753003496,0.1020232583311855,0.5589200710155094,0.18257759573745627,0.03501279315579106,2026-09-15T20:05:46Z
823333,687462,Spencer Horwitz,PIT,MIL,1,8,confirmed,Jacob Misiorowski,PNC Park,2026-09-15T22:40:00Z,3.600899965385947,1258,888,0.37702515831256833,0.6012953201298965,-1.0280159115804721,Normal,0.07995049981128391,0.5083752632012448,0.385904057307563,0.6717948722660404,0.5918062365420335,0.3847488929250307,0.23436876944910318,0.13025548838583684,0.49411386053476136,0.25741185910557723,0.13422746380683914,0.0944218358100099,0.49616185107904476,0.13508057139862523,0.02030001685163164,2026-09-15T20:05:46Z
823333,687401,Joey Ortiz,MIL,PIT,0,8,confirmed,Lake Bachar,PNC Park,2026-09-15T22:40:00Z,3.7685028725920917,1429,661,0.39364021965975887,0.5236470642610747,1.044645157341275,Normal,0.0781899323265407,0.5551056472731357,0.27616741305862413,0.5700186659705732,0.60910698780744,0.4027131723413354,0.24970401327111466,0.14180653797913662,0.5377393995873258,0.28845554782804084,0.15611194202832113,0.10240534444342012,0.5402364921712484,0.16758532847647623,0.03008071610256975,2026-09-15T20:05:46Z
823333,663968,Jake Mangum,PIT,MIL,1,9,confirmed,Jacob Misiorowski,PNC Park,2026-09-15T22:40:00Z,3.4228329809725158,875,888,0.3605898481262704,0.59878635866387,-0.8205289652073937,Normal,0.04725923222297143,0.5565911987663167,0.23370352223307575,0.59687120229642,0.5896003726387531,0.38161566013664194,0.231240411202102,0.12763636495546085,0.5393813157699261,0.2616816189443505,0.11990149191944573,0.06754967587478769,0.5418537759150465,0.16461362256037473,0.027422176923054382,2026-09-15T20:05:46Z
823333,666152,David Hamilton,MIL,PIT,0,9,confirmed,Lake Bachar,PNC Park,2026-09-15T22:40:00Z,3.6042978881067063,910,661,0.43386667312150984,0.5153532718467784,0.17476141129502012,Normal,0.07045183102800043,0.5224562656493353,0.3194694522112059,0.6092928402007154,0.6007109928834091,0.3941379085482088,0.2424959204878276,0.13645835746170912,0.5072436091750415,0.2617629328507301,0.1365216736501575,0.08969495781111768,0.509429393225843,0.1451648372771937,0.02349821874326944,2026-09-15T20:05:46Z
823574,596019,Francisco Lindor,NYM,BAL,1,1,confirmed,Shane Baz,Citi Field,2026-09-15T23:10:00Z,4.430877483443709,3225,1868,0.6893941111619485,0.6941556200560905,-1.1591932874757696,Normal,0.16838275912360012,0.6673611078948541,0.4293220375961219,0.6044912103892393,0.7315485422468926,0.5363613114958307,0.36839661339230456,0.23450752346172346,0.6414782191200021,0.41090605392166357,0.2666028765715146,0.20200615449757572,0.6452173567632205,0.2629673024694178,0.06682233251830556,2026-09-15T20:05:46Z
823574,677956,Rece Hinds,BAL,NYM,0,1,confirmed,Sean Manaea,Citi Field,2026-09-15T23:10:00Z,4.599835661462613,146,2753,0.5986224383120418,0.6568206105985538,-1.8231685349797297,Normal,0.17794572638788647,0.6510724678277106,0.3394017299707181,0.9147992466280608,0.7036921267590209,0.5049249081292954,0.3399706456274251,0.21206876229149116,0.6264407066024988,0.4119138602647098,0.27314522009282766,0.21144549184051462,0.6299987852450697,0.24952379474787043,0.062216160789007484,2026-09-15T20:05:46Z
823574,665742,Juan Soto,NYM,BAL,1,2,confirmed,Shane Baz,Citi Field,2026-09-15T23:10:00Z,4.327666151468316,3225,1868,0.672313039906888,0.6918201858663171,-1.4858304991348055,Normal,0.19683814051887147,0.6437625077368807,0.5967717367644038,0.5408682953128235,0.7270086023763422,0.5302924421978583,0.36209719670128765,0.2288718074384268,0.6198066097818196,0.39996107737532643,0.2725867769939802,0.22022082090165604,0.6232623912725863,0.24012665439977474,0.056568134962570814,2026-09-15T20:05:46Z
823574,624413,Pete Alonso,BAL,NYM,0,2,confirmed,Sean Manaea,Citi Field,2026-09-15T23:10:00Z,4.520251671254424,3403,2753,0.6784761325635117,0.6511275028546804,-0.14857210961211975,Normal,0.2679014769532095,0.6690021339202843,0.4420349158874583,0.7008848559383178,0.7418731388421193,0.5494265876591824,0.3813914251608821,0.2457213969489788,0.6429617564321476,0.44936622536295473,0.3316497523834533,0.2860426918079946,0.6467254092474023,0.26543758724385697,0.06853656486723256,2026-09-15T20:05:46Z
823574,666182,Bo Bichette,NYM,BAL,1,3,confirmed,Shane Baz,Citi Field,2026-09-15T23:10:00Z,4.226634201161266,2901,1868,0.4431000493798572,0.6883904970677891,-0.6654096481325359,Normal,0.09687692732794903,0.6891136494757306,0.2681841624847769,0.5658859589999891,0.6894096190944649,0.4863435937023981,0.3211893469850152,0.19568287037893725,0.6614913405347319,0.4026230572302543,0.22747596306468998,0.14381637652132231,0.6654822964952402,0.2818285880800733,0.07354136599947486,2026-09-15T20:05:46Z
823574,691723,Coby Mayo,BAL,NYM,0,3,confirmed,Sean Manaea,Citi Field,2026-09-15T23:10:00Z,4.409013444423405,751,2753,0.5485285132400229,0.6479840009979764,0.6770296776694423,Normal,0.20046112791590665,0.6299850703462,0.3535359217493699,0.8207505716722492,0.6938559394473274,0.4928868597747808,0.32827401009436874,0.2021682965039438,0.6070540351637621,0.3945216381299017,0.27264574981504586,0.2227734236517299,0.610361674785002,0.2292573055604664,0.053037942659530476,2026-09-15T20:05:46Z
823574,701807,Carson Benge,NYM,BAL,1,4,confirmed,Shane Baz,Citi Field,2026-09-15T23:10:00Z,4.139623487225459,599,1868,0.46871526670650476,0.6796524390740719,-0.7218876939949307,Normal,0.10885384817483298,0.6637910254914411,0.34175376065897956,0.6368952727191831,0.6819577046786028,0.47757910475661397,0.31296620099818223,0.1889502750893829,0.6383100811915452,0.37282036352792985,0.21526203800558788,0.1443931661219134,0.6419859365534493,0.25619778844161356,0.06170390506433826,2026-09-15T20:05:46Z
823574,687952,Christian Encarnacion-Strand,BAL,NYM,0,4,confirmed,Sean Manaea,Citi Field,2026-09-15T23:10:00Z,4.326067211625794,680,2753,0.4715696231939836,0.6361368637459492,0.6985680476421637,Normal,0.16788388264081586,0.6479808597250986,0.28607829257384343,0.769207954361344,0.686052151751192,0.48353266621877056,0.31937073301341,0.19478558386548728,0.6236919774637848,0.3900795811736125,0.25086629693114837,0.19380212219687726,0.6271968117771832,0.24408565413545247,0.05834189032165555,2026-09-15T20:05:46Z
823574,676724,Jared Young,NYM,BAL,1,5,confirmed,Shane Baz,Citi Field,2026-09-15T23:10:00Z,4.033323998879865,447,1868,0.47802370712473446,0.6718517551098202,0.6089754546369649,Normal,0.1092112357636815,0.6339018652559711,0.33958579353677254,0.6098212003498423,0.672764277345686,0.467221636963319,0.30357744047677676,0.18150033967419357,0.6108367123503518,0.3662880759411705,0.21785115792782106,0.14777435789216625,0.6141596327661908,0.2286007867651676,0.05035633725515977,2026-09-15T20:05:46Z
823574,683002,Gunnar Henderson,BAL,NYM,0,5,confirmed,Sean Manaea,Citi Field,2026-09-15T23:10:00Z,4.197614529682841,2788,2753,0.4744350928824904,0.627719921189361,0.8627091824186702,Normal,0.11057604018631675,0.6113272104899673,0.3672787747456469,0.6904807845500573,0.6683149263015691,0.4638005883968483,0.3016112986024274,0.1807560684423382,0.5898921645554701,0.3557917841514545,0.21433026505232491,0.14763779417355852,0.5929801709623973,0.211735507349513,0.04541045579507777,2026-09-15T20:05:46Z
823574,543760,Marcus Semien,NYM,BAL,1,6,confirmed,Shane Baz,Citi Field,2026-09-15T23:10:00Z,3.900626423690205,3234,1868,0.41981530671948475,0.6660977182359605,0.7914082600709972,Normal,0.09145191976507984,0.5969690291918662,0.2976242262289032,0.5109070547593683,0.6419950336993043,0.43473717854825894,0.2755949262978918,0.16030200503792252,0.5767169966958117,0.32137169991895764,0.1772961920734029,0.11835035687828016,0.5796309714979905,0.19766712972775066,0.039040933980179215,2026-09-15T20:05:46Z
823574,669236,Jeremiah Jackson,BAL,NYM,0,6,confirmed,Sean Manaea,Citi Field,2026-09-15T23:10:00Z,4.066244239631336,438,2753,0.40391315584291176,0.619498016552596,-2.463965342219901,Cold,0.11359007114903817,0.6302922278017922,0.24606298126477588,0.67267695982707,0.6510069228343247,0.44543380817716305,0.28565203964265173,0.16853025294706522,0.6074280957668987,0.36159552618087176,0.21176922564775388,0.1466016306242074,0.61072347360714,0.22727103838738674,0.05089390387441364,2026-09-15T20:05:46Z
823574,805999,A.J. Ewing,NYM,BAL,1,7,confirmed,Shane Baz,Citi Field,2026-09-15T23:10:00Z,3.750226791654067,445,1868,0.4110654443592111,0.6541109129566676,0.8345765024130962,Normal,0.08815515095435421,0.5979935579697135,0.3408985356970375,0.6499847124570776,0.6319836771923791,0.4242147517366772,0.2665654141603112,0.15348315701148055,0.5777051278020489,0.3219857198972674,0.17439056523558683,0.11495879448930985,0.5806238757966987,0.19777973748403,0.038740814724997984,2026-09-15T20:05:46Z
823574,650968,Yohel Pozo,BAL,NYM,0,7,confirmed,Sean Manaea,Citi Field,2026-09-15T23:10:00Z,3.9225766491173735,220,2753,0.4103804507249572,0.6053047782749337,-0.6570522899311164,Normal,0.11800023308953572,0.6128006459383641,0.2390865427497737,0.49617428121206303,0.6441594929534055,0.4379756583832852,0.2790793616188945,0.1634492514470479,0.5913035670408056,0.3451815006881446,0.2023262411342172,0.1444371845429107,0.5943997111148188,0.2119551414691558,0.04495278078648236,2026-09-15T20:05:46Z
823574,683146,Brett Baty,NYM,BAL,1,8,confirmed,Shane Baz,Citi Field,2026-09-15T23:10:00Z,3.600899965385947,1473,1868,0.414111065486157,0.6473289991572482,0.9636182564487255,Normal,0.09886838274118731,0.5689445841690679,0.3037222658110047,0.6617277473407515,0.6215376677821941,0.41311672989630327,0.25699575525281676,0.14624539740818376,0.5507880679809655,0.29683913131243783,0.16530587403643265,0.11734372973741175,0.5533979430262391,0.17493663305101065,0.031105653693056352,2026-09-15T20:05:46Z
823574,665750,Leody Taveras,BAL,NYM,0,8,confirmed,Sean Manaea,Citi Field,2026-09-15T23:10:00Z,3.7685028725920917,2062,2753,0.37642479401845047,0.5999946117402154,-2.218595688632521,Cold,0.07060659540942782,0.5579268403482912,0.2386174143308578,0.731374392053331,0.599061560764146,0.3931277379571019,0.24202535668160532,0.13634340994410335,0.5403718935162135,0.2880517183676551,0.15274214915058562,0.09661388359957913,0.5428962686766823,0.16955622190431813,0.030668839468930887,2026-09-15T20:05:46Z
823574,682626,Francisco Alvarez,NYM,BAL,1,9,confirmed,Shane Baz,Citi Field,2026-09-15T23:10:00Z,3.4228329809725158,1443,1868,0.3763664436862315,0.6443468153413641,-2.0438647144724267,Cold,0.10409642226552708,0.5376922201422646,0.2964201080894354,0.7059225736999144,0.6050525561876676,0.3960879858289351,0.24260121144328287,0.13553999448861587,0.521718676587929,0.2843294166844814,0.16184374635425297,0.11968041124368066,0.5240128716140151,0.15199164152096037,0.02402995106284744,2026-09-15T20:05:46Z
823574,681297,Colton Cowser,BAL,NYM,0,9,confirmed,Sean Manaea,Citi Field,2026-09-15T23:10:00Z,3.6042978881067063,1361,2753,0.41746460647025885,0.5938763402751054,-0.45542503731868184,Normal,0.09783810118099348,0.5172346382355079,0.31251532967353424,0.8263292332681417,0.601916156580494,0.3952806822743156,0.2434061969618683,0.13710231153972935,0.5023438628641274,0.27283292625684186,0.15392945754107612,0.11332789863280895,0.5044832151822959,0.14188612763132308,0.022634526116719414,2026-09-15T20:05:46Z
823654,807712,Luke Keaschall,MIN,NYY,1,1,confirmed,Max Fried,Target Field,2026-09-15T23:40:00Z,4.430877483443709,777,2941,0.5979406593721602,0.6485140487696857,0.8444103041830281,Normal,0.08096562513401344,0.6609797977668475,0.4370896575163111,0.5073076452284129,0.6925849378474059,0.4913098659436861,0.3267338345904696,0.20085985726092098,0.6356151642721305,0.37302193664693123,0.20208222260367625,0.12360861528859196,0.6392783173054345,0.25692656788157264,0.06421347090814906,2026-09-15T20:05:46Z
823654,671218,Heliot Ramos,NYY,MIN,0,1,projected,Bailey Ober,Target Field,2026-09-15T23:40:00Z,4.599835661462613,1690,2635,0.5289413905875977,0.6390953827429863,-0.5540221254192285,Normal,0.12650883999382523,0.6697551289471763,0.2899953179443545,0.7993863268803277,0.6958974600359412,0.4961106980115136,0.33192728391704984,0.20563171084113882,0.6436232144277778,0.39496165469015976,0.23916552917414644,0.1665880939032062,0.6474015593207211,0.2671120123560739,0.06989253907843153,2026-09-15T20:05:46Z
823654,701785,Kaelen Culpepper,MIN,NYY,1,2,confirmed,Max Fried,Target Field,2026-09-15T23:40:00Z,4.327666151468316,117,2941,0.4925754508885957,0.6456319605750322,0.13982616807478496,Normal,0.09937043832301258,0.6508192366407551,0.31599394598149894,0.6178298266185653,0.6777739386839019,0.47440903431687953,0.3111966391270522,0.18834347126831408,0.6263037257436138,0.3698832929261633,0.20942200983649206,0.13727450759398935,0.629841247836682,0.2464934681114355,0.059148478133818655,2026-09-15T20:05:46Z
823654,592450,Aaron Judge,NYY,MIN,0,2,projected,Bailey Ober,Target Field,2026-09-15T23:40:00Z,4.520251671254424,2820,2635,0.7499016303304895,0.6332859711779304,-2.2146379006324297,Cold,0.32825821474896827,0.6820730079893825,0.45506567159978856,0.7985286047879787,0.7778320874367561,0.5951822887015876,0.4268777857118598,0.2848186227220632,0.6549563411734832,0.48121042771336414,0.37852742993989125,0.34025311317685775,0.6588783306799173,0.27822202694368936,0.07430979796782239,2026-09-15T20:05:46Z
823654,605137,Josh Bell,MIN,NYY,1,3,confirmed,Max Fried,Target Field,2026-09-15T23:40:00Z,4.226634201161266,2983,2941,0.4285426649801451,0.6374000937342781,-0.2721995923599261,Normal,0.11076700408095085,0.6299395416064332,0.34545412722475094,0.5652282031751961,0.6701476992310208,0.46541182587686675,0.30275860686356226,0.18144581771452328,0.607117410010163,0.35533158456521075,0.20427948945398017,0.1409570750589243,0.6104067082123334,0.22678514184766765,0.050670757793364656,2026-09-15T20:05:46Z
823654,671277,Luis García Jr.,NYY,MIN,0,3,projected,Bailey Ober,Target Field,2026-09-15T23:40:00Z,4.409013444423405,2423,2635,0.5105524726760566,0.6281547521522254,0.8947041624276565,Normal,0.16499602041397524,0.705707567745282,0.21364102997201925,0.541772797900445,0.7219123663586526,0.5250703046192629,0.35787248969745,0.22596636172411466,0.6766018130746845,0.44103136887665917,0.2856210158878513,0.20947488823210655,0.6808160294187987,0.30183870371866955,0.08502245742129348,2026-09-15T20:05:46Z
823654,665019,Kody Clemens,MIN,NYY,1,4,confirmed,Max Fried,Target Field,2026-09-15T23:40:00Z,4.139623487225459,1320,2941,0.43523295587610655,0.6199808724620689,0.3944362105170668,Normal,0.12864515758812917,0.5903965800224709,0.29238353906353315,0.7083830861230401,0.6635139278824014,0.45780413815698745,0.2957492174982653,0.17579352074799764,0.5705588423570399,0.3480298742445706,0.21584184389127925,0.15794607983932052,0.5734138197781593,0.19379711138246347,0.03844128823482378,2026-09-15T20:05:46Z
823654,642708,Amed Rosario,NYY,MIN,0,4,projected,Bailey Ober,Target Field,2026-09-15T23:40:00Z,4.326067211625794,1983,2635,0.4484007972343361,0.6128178524701309,-0.3284034514912272,Normal,0.0984148333616961,0.6843044500591096,0.20465978736312831,0.6968829108313902,0.6873494939395304,0.48496188472596025,0.32064464586356,0.1957816578268241,0.6570503153059137,0.39638563027790513,0.23310239236040198,0.14974352662410423,0.6609896845873493,0.2785863662191802,0.07319583409435791,2026-09-15T20:05:46Z
823654,668904,Royce Lewis,MIN,NYY,1,5,confirmed,Max Fried,Target Field,2026-09-15T23:40:00Z,4.033323998879865,1470,2941,0.39894513034868717,0.6006882114719932,-1.0519688136804326,Normal,0.10804568886554389,0.6123797940610247,0.2622806756364908,0.6458902193027566,0.6619732779055978,0.4557695749213419,0.29369137808921747,0.17400692332007217,0.5909602103968413,0.34498413882548123,0.19501516754323092,0.13535169217342988,0.5940440626847135,0.21056022016048043,0.04380961305013872,2026-09-15T20:05:46Z
823654,641857,Ryan McMahon,NYY,MIN,0,5,projected,Bailey Ober,Target Field,2026-09-15T23:40:00Z,4.197614529682841,2795,2635,0.43335448902310547,0.5997644912988142,0.17418880489423627,Normal,0.12739614789865356,0.6105811956533237,0.33200326447286316,0.7364077870645622,0.6607698288424643,0.45581597775259936,0.2947065867232826,0.17550000603042715,0.5892016975692728,0.3532813227813943,0.2117175074898132,0.15441537199491318,0.5922816289417108,0.21112664559544864,0.04519093136714039,2026-09-15T20:05:46Z
823654,686797,Brooks Lee,MIN,NYY,1,6,confirmed,Max Fried,Target Field,2026-09-15T23:40:00Z,3.900626423690205,1293,2941,0.35349049025262386,0.5913904614406004,-0.713893906061712,Normal,0.09932337513747919,0.5883015269684116,0.23944266788145693,0.5606862236096357,0.6217134456537793,0.4145005301137712,0.2588900911049344,0.14812246102313723,0.568675104029044,0.3125866310239197,0.17608452722870016,0.12226532621279061,0.5714984746639441,0.190995660185561,0.036855367495704304,2026-09-15T20:05:46Z
823654,502671,Paul Goldschmidt,NYY,MIN,0,6,projected,Bailey Ober,Target Field,2026-09-15T23:40:00Z,4.066244239631336,2889,2635,0.43993687371337237,0.5901719453888338,0.33286694059151717,Normal,0.12587490853461886,0.6413650819824455,0.25702411019004345,0.7092204331947859,0.6732989595286561,0.4689264830321662,0.3058947125298375,0.1838835449900242,0.6176375294612796,0.37548320361865517,0.22145286580307366,0.15715869519025824,0.6210587054630412,0.23692914396592923,0.05462441098994042,2026-09-15T20:05:46Z
823654,605170,Victor Caratini,MIN,NYY,1,7,confirmed,Max Fried,Target Field,2026-09-15T23:40:00Z,3.750226791654067,1558,2941,0.3349035510004498,0.5809305978513465,-0.8027669078632224,Normal,0.08129912766645063,0.5621378379117081,0.3332006913168658,0.5395432392270503,0.6014238319437131,0.394507554975301,0.24251364403587938,0.13624776961407736,0.5443727090919008,0.27875566396370266,0.1451824648545998,0.09830186090819734,0.5469264820430931,0.1711806160038099,0.030428230113241105,2026-09-15T20:05:46Z
823654,641355,Cody Bellinger,NYY,MIN,0,7,projected,Bailey Ober,Target Field,2026-09-15T23:40:00Z,3.9225766491173735,2853,2635,0.4880419334992354,0.576760262720591,1.0220949450869357,Normal,0.12763556972576257,0.6370905000155632,0.26673875222241483,0.5002907736703311,0.6824829970001572,0.4784082548052289,0.31391811661938,0.18985905870347933,0.6137351033471746,0.3713609920841426,0.2250553466359956,0.16049282827705424,0.6171015552474466,0.23247923974021262,0.05256647768906679,2026-09-15T20:05:46Z
823654,691181,Emmanuel Rodriguez,MIN,NYY,1,8,confirmed,Max Fried,Target Field,2026-09-15T23:40:00Z,3.600899965385947,12,2941,0.39998002082652523,0.5806574750521191,,Unknown,0.09021609780537461,0.5635940091335712,0.28363868085502875,0.6254310687639694,0.627120638899071,0.4185981452184115,0.26145603217052255,0.14945155965597756,0.5458029751335162,0.3014704077304488,0.16718204963943803,0.11380672367530541,0.5483600602549974,0.1711370441904293,0.02998928435057161,2026-09-15T20:05:46Z
823654,683011,Anthony Volpe,NYY,MIN,0,8,projected,Bailey Ober,Target Field,2026-09-15T23:40:00Z,3.7685028725920917,2095,2635,0.4025390195181027,0.5740894535480328,0.05539442787283433,Normal,0.0869300400327288,0.568924878669105,0.23977526781478253,0.6830712169214033,0.6197316675814982,0.4130203051707077,0.25805845211625794,0.14781127155634832,0.5506235743933056,0.31305172235303047,0.17539955951376623,0.11630612826479238,0.5532559064808175,0.17738763131547583,0.03305520925310518,2026-09-15T20:05:46Z
823654,668885,Austin Martin,MIN,NYY,1,9,confirmed,Max Fried,Target Field,2026-09-15T23:40:00Z,3.4228329809725158,780,2941,0.44733778376913313,0.5774700658660457,-0.696080003723159,Normal,0.05296949474665905,0.5424104970962105,0.37051330851069825,0.49619866177000654,0.5993624539435671,0.3907172799064258,0.238362484665728,0.13257751806848164,0.5261332135356285,0.27365719427160173,0.12910412688161152,0.07567495730400273,0.5284711911208981,0.15508015304453898,0.02484184807720438,2026-09-15T20:05:46Z
823654,676609,José Caballero,NYY,MIN,0,9,projected,Bailey Ober,Target Field,2026-09-15T23:40:00Z,3.6042978881067063,1562,2635,0.41601562324777097,0.5681709386581318,-1.0688362137728733,Normal,0.08235917419995868,0.5542178303373522,0.25993688743458915,0.6862775930926714,0.6066652482264647,0.39980523674318025,0.24702233070641844,0.13966791019192645,0.5369644843443514,0.2879451544205632,0.15239529444721117,0.10274989253141995,0.5394449096349915,0.16617943487979778,0.029361498530389128,2026-09-15T20:05:46Z
823980,687263,Zach Neto,LAA,SEA,1,1,projected,Logan Gilbert,Angel Stadium,2026-09-16T01:38:00Z,4.430877483443709,2133,3560,0.5453553268640223,0.6809919470753996,0.9868430913381485,Normal,0.14895739166646865,0.643203226849396,0.27540441930948556,0.7999686818932624,0.695201082563872,0.49423253586673593,0.32936924360767283,0.2029428964197658,0.619255086281497,0.39612186264154087,0.2483281654096638,0.18388131324139434,0.6227109542599245,0.24063559856340752,0.057424925042918254,2026-09-15T20:05:46Z
823980,621493,Taylor Ward,SEA,LAA,0,1,projected,Ryan Johnson,Angel Stadium,2026-09-16T01:38:00Z,4.599835661462613,2897,435,0.615865844257018,0.6153202246390395,-1.74226868141207,Normal,0.11821694508029008,0.636074946641195,0.5149488827294256,0.6691205597481125,0.7019762663258339,0.5029737531106463,0.3381828859526812,0.21063308492589147,0.6126164734768518,0.36743763735811896,0.21669277783334934,0.15155247569055436,0.6160027518191186,0.23602702674074796,0.056612098543967315,2026-09-15T20:05:46Z
823980,545361,Mike Trout,LAA,SEA,1,2,projected,Logan Gilbert,Angel Stadium,2026-09-16T01:38:00Z,4.327666151468316,2125,3560,0.5506983291106093,0.6792459742900462,-0.06400458215870725,Normal,0.17205231538864,0.6195439462131067,0.4063095526130015,0.7856003572814032,0.7026013875122606,0.5019443068324301,0.3358520350313045,0.20768990947849342,0.5974581781952003,0.3769588500182211,0.2474864982758395,0.19556489303357383,0.6006413281123911,0.2191739418986876,0.048458960964729195,2026-09-15T20:05:46Z
823980,641487,J.P. Crawford,SEA,LAA,0,2,projected,Ryan Johnson,Angel Stadium,2026-09-16T01:38:00Z,4.520251671254424,2791,435,0.5868320326718068,0.6080747101247141,1.3533018303024296,Normal,0.12666987729391121,0.6516680905981064,0.5484036669920441,0.561939873905328,0.6914205277524915,0.49053804223958386,0.32645674692665644,0.20096664527616825,0.627023032285957,0.37692637800366036,0.22468831782740528,0.1590489503006308,0.6305820001451489,0.2491622020691304,0.061511616148921956,2026-09-15T20:05:46Z
823980,518595,Travis d'Arnaud,LAA,SEA,1,3,projected,Logan Gilbert,Angel Stadium,2026-09-16T01:38:00Z,4.226634201161266,1367,3560,0.42854288161549736,0.6750113046113863,-1.3799019533117385,Normal,0.12254888486792105,0.6067061782215202,0.2560920750322971,0.7813819336214582,0.6599285229589469,0.4545944468963371,0.2934111084097208,0.17433940765831013,0.5856390565430938,0.35467127785526575,0.20805617876690108,0.1502767634735708,0.5886731431403341,0.20747185013250322,0.043602304925092365,2026-09-15T20:05:46Z
823980,677594,Julio Rodríguez,SEA,LAA,0,3,projected,Ryan Johnson,Angel Stadium,2026-09-16T01:38:00Z,4.409013444423405,3207,435,0.5192273513719436,0.5996890141151254,-0.23136562630412724,Normal,0.14497884558007407,0.6709904396485917,0.30236923665926335,0.6925001655243572,0.7125607914439157,0.5141531110537888,0.347704381851163,0.21770373493801218,0.6448029410965868,0.39681738296371244,0.24565408499710079,0.17859047004317513,0.6485871823446763,0.2667158574475409,0.06864126211508566,2026-09-15T20:05:46Z
823980,666139,Josh Lowe,LAA,SEA,1,4,projected,Logan Gilbert,Angel Stadium,2026-09-16T01:38:00Z,4.139623487225459,1830,3560,0.4286890102464595,0.6636752157065792,-1.079863973664179,Normal,0.11663035552429005,0.5972460121653825,0.27308310221390614,0.8072815994145909,0.6500055537391407,0.4437225593166197,0.2837323621556904,0.1667651041776556,0.576913597937388,0.34497288763277256,0.2031381604939984,0.144995280632032,0.5798402955162976,0.19910882345751493,0.040223118906397994,2026-09-15T20:05:46Z
823980,663728,Cal Raleigh,SEA,LAA,0,4,projected,Ryan Johnson,Angel Stadium,2026-09-16T01:38:00Z,4.326067211625794,2803,435,0.6509190921986177,0.5805834858250785,-0.560546963763036,Normal,0.31664299677083424,0.6069823637336106,0.49855595629267524,0.7233139231885354,0.7267797341852428,0.5300900598123992,0.362005187362764,0.22889689783217573,0.5858328076868367,0.428346353868673,0.34554911559869855,0.3207008210849727,0.5888800938656971,0.20899447055992607,0.044874909251764045,2026-09-15T20:05:46Z
823980,624428,Adam Frazier,LAA,SEA,1,5,projected,Logan Gilbert,Angel Stadium,2026-09-16T01:38:00Z,4.033323998879865,1951,3560,0.3950198782994371,0.6519274104361404,-1.4073681374583078,Normal,0.0779807324247434,0.599773788167749,0.26286241179410547,0.6405761774183363,0.6237079620141603,0.41683718132364855,0.26106641044243784,0.14989018449979932,0.5792874617751087,0.3176589025180213,0.1685173441259096,0.10673969201039617,0.5822359402866163,0.20047354046630816,0.04033373089367622,2026-09-15T20:05:46Z
823980,668227,Randy Arozarena,SEA,LAA,0,5,projected,Ryan Johnson,Angel Stadium,2026-09-16T01:38:00Z,4.197614529682841,3277,435,0.5456224489774824,0.5627964800653643,0.6578167846078936,Normal,0.1465791568277638,0.6296447270115302,0.4431746385929611,0.6557175575785772,0.6904323233534817,0.4878317731893415,0.32278990062551494,0.19713970649150506,0.6068218389193296,0.3786070308793694,0.23503814132642695,0.17570265059002593,0.6101118018520395,0.22707666034923568,0.051102898537385054,2026-09-15T20:05:46Z
823980,687093,Vaughn Grissom,LAA,SEA,1,6,projected,Logan Gilbert,Angel Stadium,2026-09-16T01:38:00Z,3.900626423690205,772,3560,0.37223210081470715,0.6443384868281119,-0.48043085348552317,Normal,0.0873586669925606,0.5946025635777477,0.2276492209817854,0.626222445674197,0.6244030921863151,0.4171451729617427,0.26105054237078495,0.14968362133197338,0.5745224139852714,0.3169800910766033,0.1701213461118632,0.11248026723869786,0.577411490028839,0.19582990347577628,0.03843335047985731,2026-09-15T20:05:46Z
823980,647304,Josh Naylor,SEA,LAA,0,6,projected,Ryan Johnson,Angel Stadium,2026-09-16T01:38:00Z,4.066244239631336,2833,435,0.47257852207315443,0.5530056925790077,0.5878863383958247,Normal,0.139273739165167,0.6682931753560639,0.309898343062847,0.4343961786127009,0.6938246257313758,0.49139621417645335,0.32579021466120417,0.19932541277658025,0.642396890603767,0.3946872551168732,0.23805435341253578,0.17110622264323985,0.6461348202022039,0.26166018361941595,0.06474582761611652,2026-09-15T20:05:46Z
823980,642350,Jose Siri,LAA,SEA,1,7,projected,Logan Gilbert,Angel Stadium,2026-09-16T01:38:00Z,3.750226791654067,1390,3560,0.41757771998911214,0.6316509141685656,0.20346226401012177,Normal,0.1254667474083985,0.540373679094893,0.2057176378134431,0.8467425291841894,0.6266045728614439,0.41887731636481706,0.2621815469320821,0.15030301075059227,0.5240495873827962,0.306940133246293,0.18664327094466965,0.14322068132605958,0.5263952788197304,0.1562765623335803,0.02616481659550478,2026-09-15T20:05:46Z
823980,686527,Dominic Canzone,SEA,LAA,0,7,projected,Ryan Johnson,Angel Stadium,2026-09-16T01:38:00Z,3.9225766491173735,1122,435,0.4838233059808457,0.5422667373396037,-0.540087032104066,Normal,0.1743044070267527,0.6302487561425071,0.3285266023178014,0.5840179028938017,0.6828286203612428,0.47878552343236064,0.3142511025118598,0.19011663335014486,0.6074250653638663,0.38810541678776417,0.25383820491825376,0.19952011363295596,0.6107141062779772,0.22656108860679489,0.050314190093663065,2026-09-15T20:05:46Z
823980,672724,Oswald Peraza,LAA,SEA,1,8,projected,Logan Gilbert,Angel Stadium,2026-09-16T01:38:00Z,3.600899965385947,880,3560,0.3243997356355998,0.626572857901863,-0.5080851472565747,Normal,0.07189617097994414,0.5260495268711003,0.21453393673527424,0.7627086355714006,0.572946888439494,0.3674325995103087,0.22092649308527101,0.12097713679990928,0.5107060720474373,0.26113848986951166,0.13394732290120157,0.08909013209956657,0.5129100016334688,0.14601487215426992,0.023065116415046816,2026-09-15T20:05:46Z
823980,645302,Victor Robles,SEA,LAA,0,8,projected,Ryan Johnson,Angel Stadium,2026-09-16T01:38:00Z,3.7685028725920917,1091,435,0.41525731538333716,0.5429275278108856,1.2693330134879004,Normal,0.06316774461971486,0.6055628079417693,0.2908113098324126,0.5263697402223352,0.628363371364497,0.42152595162783385,0.26502963027435794,0.15286991933426197,0.5846515758914566,0.3118383984241324,0.1589690640387195,0.09402073378761791,0.5876620610586574,0.20524621472754176,0.04218523696765732,2026-09-15T20:05:46Z
823980,623168,Tyler Heineman,LAA,SEA,1,9,projected,Logan Gilbert,Angel Stadium,2026-09-16T01:38:00Z,3.4228329809725158,596,3560,0.34900718996348457,0.624035014175188,-0.4876205819707393,Normal,0.05791238051390718,0.5220091602585227,0.21051045645189442,0.46650887089293946,0.5646621064006837,0.3589834225803681,0.21386067383142826,0.11577341093395047,0.5070218576893192,0.25161761007769184,0.12330686036523804,0.07633732487723806,0.5091739467441947,0.1420178249676606,0.021488531301920764,2026-09-15T20:05:46Z
823980,702284,Cole Young,SEA,LAA,0,9,projected,Ryan Johnson,Angel Stadium,2026-09-16T01:38:00Z,3.6042978881067063,855,435,0.46378418462393,0.5358940413305335,0.2331666402459402,Normal,0.11316097678349363,0.5787846198532105,0.32655376394698044,0.45669712573960014,0.635109749822091,0.42764334389829145,0.26970103583384447,0.15602693480944338,0.5598545942727406,0.31049428353050057,0.18391584493579177,0.13404806652478723,0.562577486957654,0.18375383777522633,0.03469866048763464,2026-09-15T20:05:46Z
824143,665161,Jeremy Peña,HOU,KC,1,1,projected,Michael Wacha,Daikin Park,2026-09-16T00:10:00Z,4.430877483443709,2815,3205,0.5911895276221077,0.7071840005378489,-2.152097562161391,Cold,0.12059534375286106,0.6996275281736879,0.25719856848323414,0.6437059633187672,0.7186458515849107,0.5210697749915029,0.3540023228186543,0.22270908796849814,0.671048308589703,0.41607732444244844,0.24813931271262962,0.1668377949377072,0.675184186364382,0.2951612539309067,0.08157471864930498,2026-09-15T20:05:46Z
824143,668942,Josh Rojas,KC,HOU,0,1,projected,Hunter Brown,Daikin Park,2026-09-16T00:10:00Z,4.599835661462613,1651,2572,0.5383021968665708,0.643375055548857,0.9533590846498483,Normal,0.09682495564084388,0.6157184236397755,0.3777080396452224,0.7327717826454213,0.6549999330986381,0.4518220981689695,0.29275296121706523,0.17509988149887792,0.5938069996018395,0.34299164384641245,0.19144876068537534,0.128118889645723,0.5969673218811775,0.21855109787210397,0.0497221981499737,2026-09-15T20:05:46Z
824143,514888,Jose Altuve,HOU,KC,1,2,projected,Michael Wacha,Daikin Park,2026-09-16T00:10:00Z,4.327666151468316,2871,3205,0.5385976453347922,0.7036363902818017,-0.045652858984079,Normal,0.12609091749567863,0.694639096386807,0.29350715786247966,0.5295297086058539,0.7124543925194619,0.5132285558738849,0.3461921396564297,0.21596271056039748,0.6665053547452447,0.4145469843016256,0.24699908680858593,0.16854849865623586,0.670573523367875,0.28887028168217843,0.07772672372212017,2026-09-15T20:05:46Z
824143,677951,Bobby Witt Jr.,KC,HOU,0,2,projected,Hunter Brown,Daikin Park,2026-09-16T00:10:00Z,4.520251671254424,3303,2572,0.5935314614732272,0.637693558220076,-1.0570776423077006,Normal,0.1293522743311785,0.7117322131057096,0.3055722362266051,0.6578388952168037,0.7309830360871289,0.5362256330633588,0.3687368098599061,0.23517483616967153,0.6821009869814219,0.4487345553193968,0.28416404142417057,0.19374426519816623,0.6863944622495836,0.30896827112102276,0.08912887223206574,2026-09-15T20:05:46Z
824143,670623,Isaac Paredes,HOU,KC,1,3,projected,Michael Wacha,Daikin Park,2026-09-16T00:10:00Z,4.226634201161266,2638,3205,0.4645013749358798,0.7001960328763234,-0.1740663336886503,Normal,0.14513415414290884,0.6418912569048987,0.42275212841814724,0.45171368248364313,0.682491376761803,0.47874176288975734,0.3144428765518689,0.1904368724613075,0.6181373892401621,0.3804920036207825,0.23393996254139193,0.17352208494033702,0.6215624377089666,0.23720287804201615,0.054687714633500854,2026-09-15T20:05:46Z
824143,686469,Vinnie Pasquantino,KC,HOU,0,3,projected,Hunter Brown,Daikin Park,2026-09-16T00:10:00Z,4.409013444423405,2232,2572,0.4487267243284019,0.6331077820242043,-0.3881194260489251,Normal,0.13916447974005325,0.6345620844149344,0.40172921970802217,0.5939596782723504,0.6721858643022093,0.4691410967021909,0.3071492741615986,0.18565591551302676,0.6112782791312135,0.3764715028885895,0.2306896521124121,0.16949563031215367,0.6146374082302246,0.2332368770321125,0.0546056711173119,2026-09-15T20:05:46Z
824143,670541,Yordan Alvarez,HOU,KC,1,4,projected,Michael Wacha,Daikin Park,2026-09-16T00:10:00Z,4.139623487225459,2529,3205,0.5121193026950427,0.6935546465052208,-1.9308729043853277,Normal,0.1821157572042932,0.6778240475816004,0.3959260127608325,0.51655522345527,0.7261484432533895,0.5277973535584879,0.35855976217235286,0.22504611189539814,0.6511796039958839,0.4254624225014369,0.27885558773741087,0.2145097350692962,0.6550255791374419,0.26961175209981697,0.06737970205512175,2026-09-15T20:05:46Z
824143,521692,Salvador Perez,KC,HOU,0,4,projected,Hunter Brown,Daikin Park,2026-09-16T00:10:00Z,4.326067211625794,2932,2572,0.36605791852908814,0.6185790195410517,0.6277557958061757,Normal,0.12914054180535234,0.6513138062528925,0.23205840702946154,0.6597446235660739,0.6716246152938863,0.4678609386955366,0.305542276084309,0.18406501223666497,0.6267598963736668,0.3809150794557374,0.22627490113684104,0.160897765658802,0.6303034669599081,0.24711221101122874,0.05958037976212544,2026-09-15T20:05:46Z
824143,572233,Christian Walker,HOU,KC,1,5,projected,Michael Wacha,Daikin Park,2026-09-16T00:10:00Z,4.033323998879865,3109,3205,0.45589746943473025,0.6898629854058007,-0.3657409749483555,Normal,0.1518930203864648,0.6204601425696509,0.29453634508388504,0.5716232356683932,0.677072295043401,0.4718554610856666,0.3076159316505379,0.18458608571718976,0.5984304457940048,0.37175164887633827,0.23246473617649005,0.17721467588379308,0.601602878306572,0.21721004739470404,0.04617337172863091,2026-09-15T20:05:46Z
824143,686681,Michael Massey,KC,HOU,0,5,projected,Hunter Brown,Daikin Park,2026-09-16T00:10:00Z,4.197614529682841,1694,2572,0.4134214522576943,0.6065476938285942,1.1292772897652943,Normal,0.11077892371829445,0.6331289206336259,0.26558844185169095,0.6319989378359734,0.6561632443223026,0.45099225184445907,0.2905666461812803,0.17236876911632398,0.6100368701193316,0.3589507664757845,0.2073021256538896,0.14254636187674888,0.613366047607593,0.23008152635175108,0.05225430586643502,2026-09-15T20:05:46Z
824143,662139,Daulton Varsho,HOU,KC,1,6,projected,Michael Wacha,Daikin Park,2026-09-16T00:10:00Z,3.900626423690205,2465,3205,0.42857328683368606,0.6864040202646707,-1.1139770286513628,Normal,0.11727477165902718,0.5919418836180735,0.27207280672401357,0.5782379476069427,0.6439393550890983,0.4367136425143508,0.2772479686644014,0.1615207387403971,0.5720540226472692,0.34333784190483324,0.2069994735853843,0.1473862123138864,0.5749152492779952,0.1937784157468075,0.03776003972513299,2026-09-15T20:05:46Z
824143,679845,Nick Loftin,KC,HOU,0,6,projected,Hunter Brown,Daikin Park,2026-09-16T00:10:00Z,4.066244239631336,827,2572,0.4000107704937334,0.5971691442168305,-1.9990029196349475,Normal,0.07713482472435217,0.5931702203460023,0.3308327187776143,0.6246858037599623,0.6151468361139426,0.4094573270269147,0.2557202088617674,0.14649653750129193,0.5730775877769484,0.3308622486578615,0.17831628622266157,0.11222075082233739,0.5759701815435813,0.19692307295210226,0.03997325273783476,2026-09-15T20:05:46Z
824143,673237,Yainer Diaz,HOU,KC,1,7,projected,Michael Wacha,Daikin Park,2026-09-16T00:10:00Z,3.750226791654067,1885,3205,0.4093461158204944,0.6763269769393342,1.3385121292836255,Normal,0.12058325444086868,0.6629716956420988,0.17801026825482005,0.4541570873928396,0.6713404147975098,0.4647920083252064,0.30081401613814507,0.17891286285244587,0.6376354833509504,0.3806972668772364,0.22194837218129965,0.15320724632945532,0.6412873199202338,0.25316562529549386,0.05897610797541516,2026-09-15T20:05:46Z
824143,686555,Isaac Collins,KC,HOU,0,7,projected,Hunter Brown,Daikin Park,2026-09-16T00:10:00Z,3.9225766491173735,948,2572,0.40790139417210153,0.5834256169397046,-0.42062546270040485,Normal,0.07171625468572175,0.5766039130181506,0.40462017643152903,0.6709597450470556,0.6074511026024394,0.40163182896583755,0.2491509039767598,0.141623431992899,0.5577232446851085,0.31255862399428275,0.16532776594787957,0.10309822513884784,0.5604398730963306,0.18377219293748923,0.035395109410086716,2026-09-15T20:05:46Z
824143,543877,Christian Vázquez,HOU,KC,1,8,projected,Michael Wacha,Daikin Park,2026-09-16T00:10:00Z,3.600899965385947,1570,3205,0.3354055354912674,0.668242503398483,-2.231635736412087,Cold,0.07952576193239926,0.5710702793719706,0.21040708637670996,0.4964741664585264,0.5944879644101413,0.38725274665091985,0.2363354687808649,0.1316269082449975,0.5527674011477343,0.290340788084674,0.14911412075453612,0.09866796441608669,0.5553984208886911,0.1764618633079984,0.031558894929408665,2026-09-15T20:05:46Z
824143,664728,Kyle Isbel,KC,HOU,0,8,projected,Hunter Brown,Daikin Park,2026-09-16T00:10:00Z,3.7685028725920917,1720,2572,0.4141685034705982,0.5801056633995495,-1.2020229222360288,Normal,0.07897969753314836,0.5537711575185004,0.2675319195524062,0.6520359622678115,0.6023311353262742,0.3962308574412538,0.24450166101480103,0.13809934739530824,0.5364937774649423,0.29358364815607535,0.1639754959886086,0.1067433254416788,0.5389780229641833,0.16665839450388262,0.029805845250663,2026-09-15T20:05:46Z
824143,669397,Nick Allen,HOU,KC,1,9,projected,Michael Wacha,Daikin Park,2026-09-16T00:10:00Z,3.4228329809725158,1329,3205,0.34480220538239836,0.6648586433656972,2.0997849363891907,Hot,0.059336592722783,0.5541506388613139,0.21024863797201793,0.4912257604712391,0.5742250988401835,0.36755968132489,0.2203914917649911,0.12019847888454072,0.537103375165102,0.2596840262636136,0.12399464820172146,0.07636444570151768,0.5395523793984808,0.16294570141266868,0.02696265048768369,2026-09-15T20:05:46Z
824143,571912,Luke Maile,KC,HOU,0,9,projected,Hunter Brown,Daikin Park,2026-09-16T00:10:00Z,3.6042978881067063,654,2572,0.3556324633146524,0.5742248266634898,-1.2825924963625217,Normal,0.07568921447103752,0.5415487588906304,0.294667627621741,0.7637802451176745,0.5841817091227032,0.3786802797484902,0.2303034662971302,0.1279062799504442,0.5251265079877228,0.2796383963872041,0.1438350075141982,0.09546669362546767,0.5274868789717722,0.1575726832043155,0.026891738335676568,2026-09-15T20:05:46Z
824307,678662,Ezequiel Tovar,COL,SD,1,1,projected,Walker Buehler,Coors Field,2026-09-16T00:40:00Z,4.430877483443709,2210,1770,0.5722215019718189,0.6203213492165662,0.6232141659377995,Normal,0.13444428519517387,0.6667473031092305,0.2708905982184497,0.7052561035071842,0.6998446886891022,0.499454970130286,0.33410120629187445,0.20669842416596554,0.640914486144055,0.41008947917295996,0.2532258792015335,0.17877424120201296,0.6446462782125919,0.26238172941904614,0.06656725441013232,2026-09-15T20:05:46Z
824307,665487,Fernando Tatis Jr.,SD,COL,0,1,projected,Kyle Freeland,Coors Field,2026-09-16T00:40:00Z,4.599835661462613,2418,3196,0.7639804068520291,0.664317526218241,1.220135869626729,Normal,0.2252879274674583,0.7758615431449208,0.32930379498954043,0.5075827216020955,0.7860392322022878,0.6067351498232731,0.43935409658969277,0.29636893322430613,0.7405270381486843,0.5230754401260265,0.3646450169503038,0.2798936866900956,0.7456791408525961,0.385974631423262,0.13334822216068432,2026-09-15T20:05:46Z
824307,666160,Mickey Moniak,COL,SD,1,2,projected,Walker Buehler,Coors Field,2026-09-16T00:40:00Z,4.327666151468316,1722,1770,0.587096529168832,0.6150045079336164,-2.902963684319993,Cold,0.19354428253920325,0.7017210937582165,0.2743826146328676,0.7194970647095964,0.7352576972710306,0.5401830477158688,0.37146774276771155,0.23658196315236713,0.6729803865345213,0.455953206674341,0.3128053683003599,0.23920652007960636,0.6771379903254265,0.29620642062965363,0.08119484748680371,2026-09-15T20:05:46Z
824307,664034,Ty France,SD,COL,0,2,projected,Kyle Freeland,Coors Field,2026-09-16T00:40:00Z,4.520251671254424,2750,3196,0.6029706669649145,0.6582998946708871,1.237091867921348,Normal,0.15562168653052566,0.7563210128513351,0.36179177118543154,0.5285239487176626,0.7481651083128371,0.5571866148498024,0.3889257365230451,0.2520684533770926,0.7227453105841127,0.4834162471905977,0.30696604388437454,0.21415821077974503,0.7276278231833513,0.3602058512596039,0.11685508034349353,2026-09-15T20:05:46Z
824307,696100,Hunter Goodman,COL,SD,1,3,projected,Walker Buehler,Coors Field,2026-09-16T00:40:00Z,4.226634201161266,1415,1770,0.5861061918651047,0.6029808756788512,-0.1903380863463178,Normal,0.26585902191641286,0.6512932394919824,0.2942149552913925,0.75632196973281,0.7262329012714978,0.5285059642506854,0.35974113683288833,0.22642633932561845,0.6267927468262399,0.43913836258413724,0.33059153755519777,0.2849753923477244,0.6303267255440372,0.24563799158807345,0.058045821279215405,2026-09-15T20:05:46Z
824307,592518,Manny Machado,SD,COL,0,3,projected,Kyle Freeland,Coors Field,2026-09-16T00:40:00Z,4.409013444423405,3192,3196,0.6450489145366048,0.6556834119888915,0.15495793532879126,Normal,0.22204175408243462,0.7352466930519871,0.34357922682111625,0.5200393298285929,0.761703785993257,0.5738571909852163,0.40499469211556544,0.26545778263481695,0.7035541880849109,0.4813525282942088,0.33018443738889325,0.25921518995881876,0.7081525144805706,0.33447453907875124,0.10181261604206181,2026-09-15T20:05:46Z
824307,687597,Jordan Beck,COL,SD,1,4,projected,Walker Buehler,Coors Field,2026-09-16T00:40:00Z,4.139623487225459,932,1770,0.4154711968680458,0.5819642394476504,-1.1212108221646822,Normal,0.10700940611735198,0.6333069112675603,0.2917167397646597,0.7599645740730901,0.6558810552923373,0.44980692560991525,0.2889000940404313,0.1706320677876979,0.6102610860316724,0.3624936704131869,0.2120982912143433,0.14349179297100112,0.6135819425104533,0.22876403276725635,0.05084597887449869,2026-09-15T20:05:46Z
824307,669720,Austin Hays,SD,COL,0,4,projected,Kyle Freeland,Coors Field,2026-09-16T00:40:00Z,4.326067211625794,1909,3196,0.5671777523163724,0.6453185364922822,0.2773264375586181,Normal,0.15249534936936832,0.7443358494736985,0.23319154970277953,0.60876058608629,0.7430509769115562,0.5497425143168622,0.38073197969511,0.2443868736390182,0.7118397104565306,0.48288271250598824,0.31005449377376176,0.21677575662506207,0.7165550467002142,0.34369133025426224,0.10575579828358177,2026-09-15T20:05:46Z
824307,681198,TJ Rumfield,COL,SD,1,5,projected,Walker Buehler,Coors Field,2026-09-16T00:40:00Z,4.033323998879865,592,1770,0.5273551638997109,0.5580555531410031,1.683782247925421,Normal,0.11872695563944266,0.7002416868312304,0.48613402605135364,0.4276004449230483,0.711803008346785,0.5105875263714401,0.34225985483418325,0.21164302948688976,0.6716987492425369,0.41783366156004587,0.24855645631890214,0.16582041657862379,0.6758217284427079,0.29135636147423,0.07649622718276937,2026-09-15T20:05:46Z
824307,593428,Xander Bogaerts,SD,COL,0,5,projected,Kyle Freeland,Coors Field,2026-09-16T00:40:00Z,4.197614529682841,2879,3196,0.5414754692590229,0.6391549794964658,0.5389884312235295,Normal,0.1246959571835221,0.7173260106561223,0.35743026316888077,0.471593772746494,0.718834894503221,0.5201639458383887,0.3522569541186189,0.22059066248917605,0.6872478107544512,0.4298768215611217,0.25485171741198775,0.170547890838545,0.6916016698849433,0.3120396186747423,0.08837173295975566,2026-09-15T20:05:46Z
824307,687859,Troy Johnston,COL,SD,1,6,projected,Walker Buehler,Coors Field,2026-09-16T00:40:00Z,3.900626423690205,546,1770,0.4526896202193089,0.5492793460739003,-1.2792454505537487,Normal,0.09553170284447601,0.6734695037043649,0.3625694966249041,0.5202485818027349,0.677179336939043,0.47155546552951944,0.3070326482553407,0.18389255368336463,0.6472288780677777,0.39064088252690327,0.21996980769390703,0.13972134219499444,0.6510135849435245,0.26392196931988393,0.06388943290654203,2026-09-15T20:05:46Z
824307,630105,Jake Cronenworth,SD,COL,0,6,projected,Kyle Freeland,Coors Field,2026-09-16T00:40:00Z,4.066244239631336,2753,3196,0.4503871858103825,0.6319071469248799,-0.7585112287622671,Normal,0.0884674200161475,0.6453660548185849,0.3468086075973785,0.5789288951393307,0.6636245580620272,0.4586187702345725,0.2969437528761036,0.17704992257767327,0.6213224214814324,0.367103584130641,0.2062450545989868,0.1307634566281548,0.6247896912136737,0.24049063024975895,0.056031393577324014,2026-09-15T20:05:46Z
824307,664983,Jake McCarthy,COL,SD,1,7,projected,Walker Buehler,Coors Field,2026-09-16T00:40:00Z,3.750226791654067,1929,1770,0.4792549418369392,0.5422468814309401,1.6969510437907354,Normal,0.09945547991617487,0.6706072558655678,0.29397357276302905,0.4505454520414019,0.6809118510726122,0.4750930403865387,0.3097739792740153,0.1857355009319484,0.6446380904776708,0.3840620647268517,0.22995805638118594,0.14904876461282232,0.6483821954714933,0.2603435425577185,0.06189340169720074,2026-09-15T20:05:46Z
824307,701538,Jackson Merrill,SD,COL,0,7,projected,Kyle Freeland,Coors Field,2026-09-16T00:40:00Z,3.9225766491173735,1695,3196,0.49357741152911655,0.6179705252686715,2.7094051772458507,Hot,0.14014996702268262,0.691784125992547,0.21324569836860682,0.5790486472356604,0.71009504663308,0.5093203952413947,0.34170447681672733,0.2116869434882911,0.663950686606862,0.425611874396398,0.2689882288959845,0.18921322366766094,0.6679717868040342,0.2839543431513022,0.07413294871552388,2026-09-15T20:05:46Z
824307,681393,Connor Norby,COL,SD,1,8,projected,Walker Buehler,Coors Field,2026-09-16T00:40:00Z,3.600899965385947,877,1770,0.44994381922264837,0.5453185321854417,1.020971361628212,Normal,0.10813295816728213,0.5815591889906917,0.3219641882885582,0.6801279462400566,0.6389772702736016,0.4304097619541351,0.27116589697980453,0.15649226903324018,0.562524413941735,0.32696218349725015,0.18504842754959067,0.1316495949237596,0.5652612080173212,0.18412058827168573,0.03387904874873587,2026-09-15T20:05:46Z
824307,669134,Luis Campusano,SD,COL,0,8,projected,Kyle Freeland,Coors Field,2026-09-16T00:40:00Z,3.7685028725920917,774,3196,0.5017363354657667,0.6116608370972545,-1.14021772951794,Normal,0.13295816156733306,0.6708273945788729,0.29581469064491916,0.44578658953827466,0.6932953657010845,0.4896842809121545,0.3234917418442755,0.19698728183298525,0.6447991082033985,0.39307416537271284,0.23509738366722935,0.16625430364492053,0.6485546043817062,0.26229228299818064,0.06403872959775045,2026-09-15T20:05:46Z
824307,691720,Kyle Karros,COL,SD,1,9,projected,Walker Buehler,Coors Field,2026-09-16T00:40:00Z,3.4228329809725158,584,1770,0.4807040389725406,0.5397631732912218,-0.5149733837986189,Normal,0.09788084132519088,0.5663363824279751,0.3404519729176836,0.5328930782921181,0.6315851158326875,0.42179877823704726,0.2632692695934511,0.1502144814546546,0.5484683511475712,0.3036258298534644,0.17044750464866315,0.11932022255260549,0.5510357678653199,0.17138834308805836,0.029323921943180602,2026-09-15T20:05:46Z
824307,666023,Freddy Fermin,SD,COL,0,9,projected,Kyle Freeland,Coors Field,2026-09-16T00:40:00Z,3.6042978881067063,1213,3196,0.4493402963003758,0.6052315517309218,-1.1192108738305446,Normal,0.10484094744091034,0.6469351150677206,0.22292214267933896,0.46119698392659775,0.6600081160610756,0.45311869694393425,0.29111663454633024,0.17189467547492748,0.6229023207279535,0.3595226085839308,0.20142371252717764,0.13514560383995944,0.6263657783442422,0.23916160289020558,0.05412222277384635,2026-09-15T20:05:46Z
824384,680757,Steven Kwan,CLE,CWS,1,1,confirmed,Chris Murphy,Progressive Field,2026-09-15T22:40:00Z,4.430877483443709,3180,500,0.5972689980944189,0.6667242543100907,0.7949079559882112,Normal,0.05945276878127863,0.6683617965147615,0.47374157387654076,0.43153426756754315,0.6884562900569969,0.4867257728526796,0.32261864482370795,0.19761943690613745,0.6423971780729494,0.3608236210007037,0.18831609711807393,0.10573194084796357,0.6461483046096881,0.26392404614126097,0.06724010384486996,2026-09-15T20:05:46Z
824384,805367,Chase Meidroth,CWS,CLE,0,1,confirmed,Foster Griffin,Progressive Field,2026-09-15T22:40:00Z,4.599835661462613,1108,706,0.5981420452361206,0.6502998610384769,-0.2345105797669531,Normal,0.09779382828199051,0.6854342944539139,0.3787114749390508,0.6237746876248067,0.7014548441869873,0.5023820519482995,0.337641552049386,0.21019891906915528,0.658011594295464,0.38972775671618437,0.21810147935360963,0.13910274525397887,0.6619800827225901,0.28256883108117054,0.07699137384353241,2026-09-15T20:05:46Z
824384,608070,José Ramírez,CLE,CWS,1,2,confirmed,Chris Murphy,Progressive Field,2026-09-15T22:40:00Z,4.327666151468316,3229,500,0.5667526020008075,0.6648503624035536,-1.455316460395287,Normal,0.11694459850534158,0.6500280649217532,0.38431420136086397,0.4662546881839013,0.7079040516490188,0.5079910546234505,0.34137547760770875,0.2120973376784292,0.6255756221585684,0.391168245132067,0.23234180856136735,0.15920547512118652,0.6291039280194397,0.24577360257579423,0.05885399903860672,2026-09-15T20:05:46Z
824384,545341,Randal Grichuk,CWS,CLE,0,2,confirmed,Foster Griffin,Progressive Field,2026-09-15T22:40:00Z,4.520251671254424,1821,706,0.5666701181452383,0.6446981316132265,1.2529580118440493,Normal,0.1507526695649645,0.7033349148599642,0.2486726331440913,0.6434909410116653,0.7283450442396974,0.533070516931095,0.36574209517638445,0.2326998244635626,0.6744254294786819,0.452327816318725,0.28818950042307595,0.20551541545373989,0.6786119967449276,0.30000932636457744,0.08467306717105613,2026-09-15T20:05:46Z
824384,666176,Jo Adell,CLE,CWS,1,3,confirmed,Chris Murphy,Progressive Field,2026-09-15T22:40:00Z,4.226634201161266,1984,500,0.44345460088719846,0.6590580705036455,-0.0485828606009385,Normal,0.1345851808123706,0.6128727846734413,0.35227824310935346,0.717675095601741,0.670798843203995,0.4661076925971685,0.3033640162049773,0.18190873258799992,0.5913471275368658,0.35425434573257003,0.21727480383954484,0.16086758148261077,0.5944478362513225,0.21248027395693198,0.045388303399803646,2026-09-15T20:05:46Z
824384,678246,Miguel Vargas,CWS,CLE,0,3,confirmed,Foster Griffin,Progressive Field,2026-09-15T22:40:00Z,4.409013444423405,1813,706,0.5682847789966213,0.6409191777425456,-0.8563693051412837,Normal,0.1374217033632431,0.6282366592595138,0.4399343237583424,0.5672726655037559,0.6900191668770069,0.4886148131714951,0.32442963194030044,0.19913398802013973,0.6054396632300939,0.3842960757644993,0.23712196831360216,0.1729193901897973,0.6087277417839376,0.2277499663251818,0.052449676673083846,2026-09-15T20:05:46Z
824384,683953,Travis Bazzana,CLE,CWS,1,4,confirmed,Chris Murphy,Progressive Field,2026-09-15T22:40:00Z,4.139623487225459,475,500,0.4305195756179812,0.6448399096172429,1.9629360515736423,Normal,0.07983132406127605,0.6086522421452281,0.46342266652295533,0.5949986338319831,0.6479585939097544,0.4416171964984531,0.28195280503585307,0.1654389469897836,0.587481348454921,0.33070995677577547,0.1775069559258229,0.11212520029838276,0.5905297047768876,0.2081769845763433,0.043349694337503214,2026-09-15T20:05:46Z
824384,808959,Munetaka Murakami,CWS,CLE,0,4,confirmed,Foster Griffin,Progressive Field,2026-09-15T22:40:00Z,4.326067211625794,501,706,0.5169651514907493,0.6277560143063385,-2.043270028919983,Cold,0.17254529672656033,0.5628155995614251,0.4901814638576931,0.9034785808622565,0.674128370933722,0.47055181957941195,0.30789850188091417,0.18587977929778365,0.544792947973264,0.3370037826165206,0.2255695589173926,0.18698963198312013,0.5473863912912841,0.17529394319363173,0.033472650926887296,2026-09-15T20:05:46Z
824384,663993,Nathaniel Lowe,CLE,CWS,1,5,confirmed,Chris Murphy,Progressive Field,2026-09-15T22:40:00Z,4.033323998879865,2947,500,0.4119720470362889,0.6293720859436334,-0.7539806542044141,Normal,0.08985988346292524,0.6086832407527704,0.3964932305307624,0.6448097437069494,0.6490504793936887,0.44233700366397233,0.28226509608460065,0.16545316450492642,0.5875396702434775,0.32909426898820904,0.17980466749514962,0.11829043850461458,0.5905834703315568,0.20756647232724526,0.04276420512488382,2026-09-15T20:05:46Z
824384,686668,Brenton Doyle,CWS,CLE,0,5,confirmed,Foster Griffin,Progressive Field,2026-09-15T22:40:00Z,4.197614529682841,1760,706,0.4477793670007959,0.6175105548279389,-1.258234533182272,Normal,0.10183987273587189,0.6295214782872435,0.2509357983373928,0.745910080279792,0.6624229738318956,0.4575564463495956,0.29620612404474445,0.1766379177928166,0.6067080818035704,0.35560085652973994,0.2057710275729436,0.13780033661089816,0.6099966617265625,0.22697088352902367,0.05106258489835389,2026-09-15T20:05:46Z
824384,694197,Angel Genao,CLE,CWS,1,6,confirmed,Chris Murphy,Progressive Field,2026-09-15T22:40:00Z,3.900626423690205,120,500,0.41617273693276946,0.620572612788227,-0.8359555402487073,Normal,0.07473821720244939,0.5924966049883023,0.34857999886464186,0.48278700557625404,0.6328336498258627,0.4255112363999415,0.26792956940086876,0.15468228642730722,0.5725687383191818,0.3124035410823121,0.1629164807290357,0.1023565411985504,0.5754357584841262,0.19420489581786565,0.037899567557942625,2026-09-15T20:05:46Z
824384,803011,Sam Antonacci,CWS,CLE,0,6,confirmed,Foster Griffin,Progressive Field,2026-09-15T22:40:00Z,4.066244239631336,519,706,0.4427125684881024,0.6086320774666257,0.7470343033728505,Normal,0.06978271491122111,0.5971235379699938,0.3996531022804032,0.5703626151500947,0.6339967627804339,0.42810160569964595,0.2710733184000878,0.15769808807582883,0.5767448466881966,0.318186883761994,0.1678799749114291,0.1026215375195027,0.5796789478695414,0.20001172222222297,0.04102943623011333,2026-09-15T20:05:46Z
824384,672275,Patrick Bailey,CLE,CWS,1,7,confirmed,Chris Murphy,Progressive Field,2026-09-15T22:40:00Z,3.750226791654067,1573,500,0.36216008568266694,0.608364735005256,0.1794234595276081,Normal,0.0670299627518389,0.5525808676312502,0.32318797989097114,0.6705284021012203,0.5936266997709969,0.38715903503973476,0.23669356784211104,0.13215580789834594,0.5354569074627599,0.27882730410467177,0.14167666384273667,0.08920659288759496,0.5379180682043668,0.16452453342967524,0.02848923505166193,2026-09-15T20:05:46Z
824384,668670,Jake Rogers,CWS,CLE,0,7,confirmed,Foster Griffin,Progressive Field,2026-09-15T22:40:00Z,3.9225766491173735,1009,706,0.4268499831310567,0.5945281816733654,-0.2075265042093578,Normal,0.11114984866988768,0.560698874684625,0.3342951042868356,0.7191567822439152,0.6322932885458932,0.4259863805528144,0.26906428121069337,0.15605608249502798,0.5429097290451117,0.31344613538821825,0.18393099745764102,0.1336444553697501,0.5454683493129282,0.17224203333800678,0.03178230077597308,2026-09-15T20:05:46Z
824384,690984,Petey Halpin,CLE,CWS,1,8,confirmed,Chris Murphy,Progressive Field,2026-09-15T22:40:00Z,3.600899965385947,181,500,0.39511834163839943,0.6054133006137437,0.1639006964131036,Normal,0.06704882304895843,0.554297044626309,0.28422339025649995,0.5325541066646106,0.6040967759486877,0.39631191544019084,0.243500145347906,0.13665276043222563,0.5371311248116173,0.27854142225817946,0.14186523871514256,0.08921079008997915,0.5395979537508248,0.16466794844402866,0.02813035192327292,2026-09-15T20:05:46Z
824384,682668,Luisangel Acuña,CWS,CLE,0,8,confirmed,Foster Griffin,Progressive Field,2026-09-15T22:40:00Z,3.7685028725920917,442,706,0.3869744312890777,0.5901638732142032,-0.7311005465128778,Normal,0.06820191698729068,0.6032418343898204,0.22182491371310528,0.5327616856496683,0.6166235254919517,0.4099867485443311,0.2555890387019353,0.14602982006903492,0.5825015799916459,0.30880455597619716,0.1572496105152941,0.0956477172922284,0.5854872592305105,0.20339766803978107,0.04154834979246092,2026-09-15T20:05:46Z
824384,677587,Brayan Rocchio,CLE,CWS,1,9,confirmed,Chris Murphy,Progressive Field,2026-09-15T22:40:00Z,3.4228329809725158,1468,500,0.3845998886205375,0.6029595363568261,-0.519561686372201,Normal,0.07038167597018782,0.5347534784096911,0.304399920201874,0.456181138539762,0.5845335124886245,0.3769464341690647,0.22761641740339025,0.12513980190372162,0.5189674694749138,0.27008100218009573,0.13678804272860393,0.08919432486488778,0.5212346364269831,0.150088719388899,0.023535579539742554,2026-09-15T20:05:46Z
824384,671976,Tristan Peters,CWS,CLE,0,9,confirmed,Foster Griffin,Progressive Field,2026-09-15T22:40:00Z,3.6042978881067063,474,706,0.4168460029362502,0.5842242161783773,0.12139018026938593,Normal,0.08151611978029207,0.5589759954535515,0.27952500056148527,0.5871825147702563,0.615299655166199,0.4081198723549308,0.25371818565007426,0.14444981887320021,0.541404623130216,0.3072441793359819,0.16624472318052774,0.1092005742803286,0.5439310106706545,0.16949091760404733,0.030336980752313596,2026-09-15T20:05:46Z
824466,699115,Carlos Jorge,CIN,LAD,1,1,confirmed,Yoshinobu Yamamoto,Great American Ball Park,2026-09-15T22:40:00Z,4.430877483443709,17,1710,0.5349811468804728,0.7097774435045633,,Unknown,0.1233588888324565,0.6177244599368787,0.3179347807069536,0.7299529753648581,0.6732755685327769,0.4701602771090949,0.3079321912890412,0.18617670316906706,0.5957349539739891,0.3544547744453421,0.21246376463008465,0.1525998649398534,0.5989050484144468,0.2186015238396008,0.04881145128857222,2026-09-15T20:05:46Z
824466,800543,Josue De Paula,LAD,CIN,0,1,confirmed,Rhett Lowder,Great American Ball Park,2026-09-15T22:40:00Z,4.599835661462613,14,669,0.7013530024535382,0.6315342376309251,,Unknown,0.1581432005170748,0.6888442491688717,0.4643439207036383,0.5643804034529362,0.7375563889042822,0.5447581790508735,0.37739262305208937,0.24277076793432784,0.6611371200625251,0.4274116532147719,0.2736300606340709,0.20036263008553604,0.6651475929485654,0.2860177983482748,0.07862083651543009,2026-09-15T20:05:46Z
824466,682829,Elly De La Cruz,CIN,LAD,1,2,confirmed,Yoshinobu Yamamoto,Great American Ball Park,2026-09-15T22:40:00Z,4.327666151468316,2407,1710,0.5928303111534454,0.7059334555645588,1.2923275852628882,Normal,0.14371447843682286,0.6288133458078105,0.3363864982977135,0.8262777103077943,0.6980936364595818,0.4968510964781576,0.33123045995349654,0.2040227512506493,0.6060211065393419,0.3809529609927797,0.24660542157184953,0.1808817776874811,0.6093071532890759,0.22703234116290813,0.05143183459136077,2026-09-15T20:05:46Z
824466,518692,Freddie Freeman,LAD,CIN,0,2,confirmed,Rhett Lowder,Great American Ball Park,2026-09-15T22:40:00Z,4.520251671254424,3312,669,0.6895031773246856,0.6253798529928413,-1.8403220536876188,Normal,0.13871196328660795,0.733861893751281,0.4616909630590394,0.5262481919894643,0.7584069540382161,0.5700348180559811,0.40155907117802164,0.26282530778300833,0.7022947659372502,0.47110833029686455,0.2943869256133906,0.2016538313245406,0.706876229962515,0.3335972792830334,0.10197357808937187,2026-09-15T20:05:46Z
824466,701398,Sal Stewart,CIN,LAD,1,3,confirmed,Yoshinobu Yamamoto,Great American Ball Park,2026-09-15T22:40:00Z,4.226634201161266,707,1710,0.4754709986489975,0.7023945016240879,0.5395205745661881,Normal,0.16094681333712105,0.6326744596277324,0.27586667825635114,0.7181040298902087,0.694988332497763,0.4925441478149314,0.32673754348089795,0.200027010484243,0.6096408412852637,0.37179441055644497,0.23654825262477874,0.18335423879444865,0.6129609362728646,0.2291394372681065,0.05156598190921864,2026-09-15T20:05:46Z
824466,605141,Mookie Betts,LAD,CIN,0,3,confirmed,Rhett Lowder,Great American Ball Park,2026-09-15T22:40:00Z,4.409013444423405,2990,669,0.5812656147151971,0.6192336252844746,1.0627091685355305,Normal,0.1487989202873517,0.7079606574046333,0.3321139811209703,0.42856103378083155,0.7434076113517794,0.5509346568446678,0.3825037411132017,0.24636150295120374,0.6786607693260066,0.44384547228973087,0.27997202780809727,0.19861099324328887,0.6829037049329636,0.30423512457858426,0.08620325310479475,2026-09-15T20:05:46Z
824466,668709,JJ Bleday,CIN,LAD,1,4,confirmed,Yoshinobu Yamamoto,Great American Ball Park,2026-09-15T22:40:00Z,4.139623487225459,2032,1710,0.42512245374145374,0.6960865889070306,-1.6101259597850452,Normal,0.12479715779230639,0.5423551430379647,0.39651604880363733,0.72704190050376,0.6348849105441239,0.42834141621440397,0.27083268673324173,0.15721570758906417,0.5258007562947511,0.3200847771407991,0.1927734325821777,0.14615169348764298,0.5281806183642015,0.15921607041737496,0.0277332431721778,2026-09-15T20:05:46Z
824466,663656,Kyle Tucker,LAD,CIN,0,4,confirmed,Rhett Lowder,Great American Ball Park,2026-09-15T22:40:00Z,4.326067211625794,2799,669,0.5928534565384177,0.6025594378720689,0.6725843688740674,Normal,0.1660135844742794,0.6513872541712102,0.4987571346975542,0.4800223813257415,0.723551105050708,0.5262656398597408,0.3584125834593601,0.22596074620348439,0.6268274863976372,0.40134083999829373,0.261237335821989,0.19871446822705072,0.6303719143610741,0.24717921354321695,0.05960793707967832,2026-09-15T20:05:46Z
824466,553993,Eugenio Suárez,CIN,LAD,1,5,confirmed,Yoshinobu Yamamoto,Great American Ball Park,2026-09-15T22:40:00Z,4.033323998879865,3082,1710,0.4611522794746303,0.6932052708205005,1.1715630730673985,Normal,0.17833938170247463,0.5653627205598105,0.365280304558128,0.8520518510374057,0.6712073396444699,0.4655557389234564,0.302130989413094,0.18039860585237408,0.5473085290954367,0.34398364347766586,0.23018413802405832,0.19225466789481332,0.5499048443115689,0.17464408646480337,0.03203171922466577,2026-09-15T20:05:46Z
824466,606192,Teoscar Hernández,LAD,CIN,0,5,confirmed,Rhett Lowder,Great American Ball Park,2026-09-15T22:40:00Z,4.197614529682841,2852,669,0.48623604781031593,0.587842993713725,1.7419000900746018,Normal,0.13289466523996626,0.6878066281615114,0.2642149889763946,0.6872275893346254,0.722643449449221,0.5246344993035379,0.35642214397945843,0.22396704579025392,0.6602793597408437,0.4197504510403704,0.25525052298172796,0.17738373761051077,0.6642573178454197,0.2811403844754284,0.07367082543252103,2026-09-15T20:05:46Z
824466,699302,Héctor Rodríguez,CIN,LAD,1,6,confirmed,Yoshinobu Yamamoto,Great American Ball Park,2026-09-15T22:40:00Z,3.900626423690205,121,1710,0.39911310784036147,0.6902290806732969,-0.8295139212951179,Normal,0.12280711390568394,0.5707990705689302,0.26325420584186043,0.7286206470155716,0.6380303700278095,0.4307270990386073,0.2722528863373618,0.1578454296995858,0.5524029739737021,0.31517945533632685,0.1887647999936544,0.14175359708763347,0.5550483232026977,0.17799786928859032,0.03276139389321238,2026-09-15T20:05:46Z
824466,571970,Max Muncy,LAD,CIN,0,6,confirmed,Rhett Lowder,Great American Ball Park,2026-09-15T22:40:00Z,4.066244239631336,2346,669,0.6223129016870037,0.578027589909966,-0.30528872092810677,Normal,0.20418254142369435,0.5969836027008599,0.5309726092656992,0.6493114274837194,0.7068444081312871,0.5060957964228388,0.3390970791318174,0.20984764941678433,0.5766150717355754,0.3794363867777501,0.26348287661969716,0.2212570310401145,0.5795477004761578,0.19990182669336803,0.04099164261635622,2026-09-15T20:05:46Z
824466,680574,Matt McLain,CIN,LAD,1,7,confirmed,Yoshinobu Yamamoto,Great American Ball Park,2026-09-15T22:40:00Z,3.750226791654067,1438,1710,0.4001600838153246,0.6806631443324314,-1.0825988514828209,Normal,0.1083857289697,0.5338556016978446,0.29100618626585667,0.7890301784995688,0.6135508455295129,0.4061198253091763,0.2518147018647261,0.1428511042533441,0.5179498614958515,0.2888254977194432,0.1674715280343406,0.12493713651988227,0.5202351872902651,0.15198674152780772,0.024990162743289985,2026-09-15T20:05:46Z
824466,669242,Tommy Edman,LAD,CIN,0,7,confirmed,Rhett Lowder,Great American Ball Park,2026-09-15T22:40:00Z,3.9225766491173735,1974,669,0.5130455396787322,0.5653518328073469,-1.3890773072702747,Normal,0.10934689177356258,0.6211630275155858,0.36089241491054475,0.5028540807546301,0.6732206839308158,0.468384924610887,0.30512564122816016,0.18309301806949882,0.5990354234695612,0.3507849763950908,0.20532009635011142,0.14148067648098747,0.602223206368246,0.21886931847002705,0.04745586908062482,2026-09-15T20:05:46Z
824466,682877,Juan Brito,CIN,LAD,1,8,confirmed,Yoshinobu Yamamoto,Great American Ball Park,2026-09-15T22:40:00Z,3.600899965385947,85,1710,0.3970098206649923,0.6723591409842771,0.30387329929472434,Normal,0.09508668835887482,0.5573616086321915,0.252267631300738,0.7029066337001771,0.6166357951832678,0.4083453910864775,0.25313670454038795,0.14348572225910197,0.5399910230756151,0.3020267242300731,0.1670539837926703,0.11662084662589627,0.5424873976511676,0.16678188173287098,0.028732014007713837,2026-09-15T20:05:46Z
824466,676439,Hunter Feduccia,LAD,CIN,0,8,confirmed,Rhett Lowder,Great American Ball Park,2026-09-15T22:40:00Z,3.7685028725920917,349,669,0.4432658310422739,0.5638066727668848,0.10471593421486534,Normal,0.08645268397188477,0.5846575626223591,0.40386861872926755,0.587406257895036,0.6263809838963473,0.41956185671834895,0.26341365586125615,0.1516934024057223,0.5652588308979832,0.315040883737798,0.17100025482130393,0.1131215012792623,0.5680500427394037,0.1890098061802625,0.03674233822685329,2026-09-15T20:05:46Z
824466,677943,Will Banfield,CIN,LAD,1,9,confirmed,Yoshinobu Yamamoto,Great American Ball Park,2026-09-15T22:40:00Z,3.4228329809725158,19,1710,0.3956229813071217,0.6689372015408442,,Unknown,0.09365223788975757,0.5389868286238689,0.2404471884527043,0.6816613544316206,0.6056201566339489,0.39662642041605567,0.24302764603980873,0.13583892603212427,0.5229302692110028,0.28318704020635654,0.1569914127207616,0.11151092315371118,0.5252364297219129,0.15283497566633472,0.024250475456825925,2026-09-15T20:05:46Z
824466,690976,Alex Freeland,LAD,CIN,0,9,confirmed,Rhett Lowder,Great American Ball Park,2026-09-15T22:40:00Z,3.6042978881067063,353,669,0.49391184680591704,0.5576863121228514,0.5258978156008346,Normal,0.08781777532267826,0.5708397137390795,0.40191067150037363,0.6686375986457027,0.6340477765327944,0.4265804625690075,0.26882141909221396,0.15538385972103097,0.5524613480804704,0.29837350851783423,0.16241791217727672,0.11001575570286577,0.5551044232039856,0.1779396565093386,0.03288926088091768,2026-09-15T20:05:46Z
824627,663538,Nico Hoerner,CHC,ATL,1,1,projected,Martín Pérez,Wrigley Field,2026-09-15T23:40:00Z,4.430877483443709,3140,2794,0.6198528462682135,0.6502815453246529,0.9545960696795511,Normal,0.08221324064476467,0.7129207014124167,0.3083486039550503,0.37190425909912395,0.7186259424393739,0.5210464751471435,0.35398059185391745,0.22269141453945218,0.683195718035042,0.41186741444073255,0.22974403787765071,0.13749495119486713,0.6875010113871152,0.30927107364698764,0.08849800123401672,2026-09-15T20:05:46Z
824627,686948,Drake Baldwin,ATL,CHC,0,1,confirmed,Kevin Gausman,Wrigley Field,2026-09-15T23:40:00Z,4.599835661462613,1014,3725,0.5953112658949045,0.6557344322261112,-0.184411821876127,Normal,0.14210507595603283,0.7005139585372463,0.3176331246109976,0.6816450363759397,0.7324106298615256,0.5385361295291647,0.37142870082350365,0.2377944990975898,0.6718238081174083,0.41837950348996006,0.25780237589081156,0.1824944435898948,0.675979632111621,0.2980649892841377,0.08444385258004387,2026-09-15T20:05:46Z
824627,608324,Alex Bregman,CHC,ATL,1,2,projected,Martín Pérez,Wrigley Field,2026-09-15T23:40:00Z,4.327666151468316,3182,2794,0.626891858326626,0.6475257360140383,1.7223144312372973,Normal,0.1592469008847776,0.6718633315872983,0.4540008874511639,0.4328795010401262,0.7245471887307439,0.5273724452116989,0.3593521963018815,0.2266279223064061,0.64564044795814,0.4144983788240588,0.2624756870885245,0.19487018781380033,0.649427881730344,0.26621657001205906,0.06748940458143839,2026-09-15T20:05:46Z
824627,660670,Ronald Acuña Jr.,ATL,CHC,0,2,confirmed,Kevin Gausman,Wrigley Field,2026-09-15T23:40:00Z,4.520251671254424,2333,3725,0.5995157444323687,0.6500686017679721,1.5979930044748425,Normal,0.13806930425799638,0.6969707797840572,0.36611211478862776,0.7376610277533229,0.7365770712397706,0.5429708868990298,0.37517758215324554,0.24052486754370056,0.6686032476639507,0.41734347164163965,0.25608690044483007,0.17984787136503746,0.6727096841147311,0.2933553073804058,0.08143732695682705,2026-09-15T20:05:46Z
824627,683737,Michael Busch,CHC,ATL,1,3,projected,Martín Pérez,Wrigley Field,2026-09-15T23:40:00Z,4.226634201161266,1903,2794,0.4576394903457707,0.6395375712757762,-0.4158290323419113,Normal,0.11905394654575543,0.6264139012813865,0.38438367200423745,0.6601061414024224,0.6829794989802689,0.4792749855234098,0.31491411797591146,0.19080200859670537,0.6038628855489987,0.36625928587723894,0.21823571997183444,0.15314053727626095,0.6071127182950433,0.22377572910611754,0.04953707956372765,2026-09-15T20:05:46Z
824627,621566,Matt Olson,ATL,CHC,0,3,confirmed,Kevin Gausman,Wrigley Field,2026-09-15T23:40:00Z,4.409013444423405,3482,3725,0.530941212083052,0.6468294900693086,-0.6147012237670858,Normal,0.19222484885549157,0.6500074130652338,0.32783157231467425,0.7405639053265606,0.7205799303026225,0.5235027693985144,0.35640430487831154,0.22476766774407514,0.6255130772662332,0.4202568343971545,0.2800388411705336,0.22223523584082855,0.6290491487580915,0.2470325893006593,0.06020529311919279,2026-09-15T20:05:46Z
824627,664023,Ian Happ,CHC,ATL,1,4,projected,Martín Pérez,Wrigley Field,2026-09-15T23:40:00Z,4.139623487225459,3251,2794,0.4504949502124424,0.6223974017718201,0.2889874620609234,Normal,0.1099530006176379,0.6072962862315476,0.3875116113617699,0.6958843199453242,0.6684919910050792,0.46307770135650733,0.30030125873963215,0.17924675584475147,0.5862260310361794,0.3565224501591158,0.20509261404389995,0.14245243217401674,0.5892597789851114,0.20708419554587057,0.042967250507501095,2026-09-15T20:05:46Z
824627,671739,Michael Harris II,ATL,CHC,0,4,confirmed,Kevin Gausman,Wrigley Field,2026-09-15T23:40:00Z,4.326067211625794,2670,3725,0.4790656706534764,0.6347631766362145,0.5066234552381951,Normal,0.13622066817258005,0.7082022549036411,0.19367939755242083,0.6417540201849484,0.7253870937099268,0.5284374550218557,0.36045071632013703,0.22762506596714877,0.6789086988734981,0.4340876286928524,0.269549706915597,0.18663660818914815,0.6831485856330574,0.30321534798179284,0.08480266694226642,2026-09-15T20:05:46Z
824627,673548,Seiya Suzuki,CHC,ATL,1,5,projected,Martín Pérez,Wrigley Field,2026-09-15T23:40:00Z,4.033323998879865,2853,2794,0.5204258166678949,0.6034374384718549,0.422614031379499,Normal,0.13842715468147826,0.648232888504834,0.43934303612176206,0.5934540276192408,0.7027754207776957,0.5002752708628243,0.3328783273941596,0.20421244093201055,0.624035691862609,0.39155717483365776,0.2432158049236678,0.1752839102496638,0.6275233774781156,0.2412122503309668,0.055186211196811566,2026-09-15T20:05:46Z
824627,643289,Mauricio Dubón,ATL,CHC,0,5,confirmed,Kevin Gausman,Wrigley Field,2026-09-15T23:40:00Z,4.197614529682841,2161,3725,0.43679527020082776,0.6260323360253313,0.92064353357594,Normal,0.07351131464713888,0.6705563052509638,0.20354875574207215,0.521288101905434,0.6772554106973178,0.47340011018261063,0.3099991378329893,0.18719767275803684,0.6444703683012086,0.3760909959818279,0.19997832757819792,0.11796765080335106,0.6482369001214316,0.26420752923685126,0.06617710011181473,2026-09-15T20:05:46Z
824627,624424,Michael Conforto,CHC,ATL,1,6,projected,Martín Pérez,Wrigley Field,2026-09-15T23:40:00Z,3.900626423690205,1725,2794,0.4212722774993835,0.5941482595773669,0.4908155344675726,Normal,0.11576552633361442,0.5772503984390908,0.3340599878578141,0.6297166715553986,0.6364593210342891,0.42914546129208725,0.27093908383303233,0.1568824311895535,0.5584059381814873,0.32783764322977477,0.19023946033397826,0.13858862053582816,0.5611161392589028,0.18271617687416142,0.0342224976362746,2026-09-15T20:05:46Z
824627,663586,Austin Riley,ATL,CHC,0,6,confirmed,Kevin Gausman,Wrigley Field,2026-09-15T23:40:00Z,4.066244239631336,2914,3725,0.44599912207515263,0.6176884096657148,0.14965162112800845,Normal,0.11986502262772145,0.6330984234637623,0.2552778655895996,0.8345708569056777,0.6778678399106761,0.47385624674560184,0.3102143602643751,0.18720664636176035,0.6100170573594682,0.3697145736581157,0.21860767531854222,0.1533102133391793,0.6133440703688479,0.22969142144412882,0.05181716061055256,2026-09-15T20:05:46Z
824627,691718,Pete Crow-Armstrong,CHC,ATL,1,7,projected,Martín Pérez,Wrigley Field,2026-09-15T23:40:00Z,3.750226791654067,1753,2794,0.48423886296356716,0.5834874935084869,0.5587043594316515,Normal,0.1692520033941926,0.6064565384637121,0.27004017563536037,0.6208042224443122,0.6725351302039511,0.4660680815201655,0.30191800941649194,0.1797497193233606,0.5855453099676144,0.3734843608291976,0.2499657009168349,0.19555735326000548,0.5885542763276834,0.20444914185793997,0.04096697215634415,2026-09-15T20:05:46Z
824627,573262,Mike Yastrzemski,ATL,CHC,0,7,confirmed,Kevin Gausman,Wrigley Field,2026-09-15T23:40:00Z,3.9225766491173735,2344,3725,0.44791740943949354,0.603491030477648,0.26443112233277105,Normal,0.11225251424949077,0.5768848654016824,0.3419051845498045,0.6515542668337677,0.63730693305737,0.43102301994905173,0.2732543373287671,0.15913831218379887,0.5579845966686742,0.33951661122931187,0.20014026876996413,0.14219387881571502,0.560704064166347,0.18398041712910285,0.0354619384944827,2026-09-15T20:05:46Z
824627,608348,Carson Kelly,CHC,ATL,1,8,projected,Martín Pérez,Wrigley Field,2026-09-15T23:40:00Z,3.600899965385947,1639,2794,0.43278347258636407,0.5829679077032175,0.3950580835000144,Normal,0.09542849813804329,0.5807493522257177,0.32690070892787243,0.45974785953059294,0.6299155533579747,0.4213613471503185,0.2637154385301296,0.15108242514996098,0.5617716613178902,0.3048157045158462,0.16641623287178045,0.1154405169535951,0.5645002031913107,0.18352133037828086,0.033694844169753456,2026-09-15T20:05:46Z
824627,645277,Ozzie Albies,ATL,CHC,0,8,confirmed,Kevin Gausman,Wrigley Field,2026-09-15T23:40:00Z,3.7685028725920917,2672,3725,0.43371455014938787,0.5983344025064634,-1.9327909218543131,Normal,0.09118573074231023,0.5984735392996982,0.2300748448602523,0.5499929838214522,0.6449362660260622,0.4382015945084411,0.278901381506342,0.16306515100879249,0.5780821551245817,0.328990782712499,0.18062223683073966,0.11996929166271053,0.5810172343651681,0.19963634661299176,0.04026611008438179,2026-09-15T20:05:46Z
824627,621438,Tyrone Taylor,CHC,ATL,1,9,projected,Martín Pérez,Wrigley Field,2026-09-15T23:40:00Z,3.4228329809725158,1560,2794,0.46439234015020125,0.5798888840253679,1.5287683706097643,Normal,0.10115381482168796,0.5749157514631049,0.25580433247409656,0.487554291790193,0.6371991008936068,0.42738590448448144,0.26784401523229145,0.15351354651970445,0.5564566000262816,0.33186206352190867,0.1881019843397059,0.1298924027717105,0.5591093399575761,0.17750692945407548,0.031090118500962466,2026-09-15T20:05:46Z
824627,676551,Brewer Hicklen,ATL,CHC,0,9,confirmed,Kevin Gausman,Wrigley Field,2026-09-15T23:40:00Z,3.6042978881067063,43,3725,0.4488547735809665,0.592253068203483,0.06389680053540563,Normal,0.07962109319816586,0.5885138144202894,0.28874050156456116,0.8306903012115732,0.637712151345586,0.43025596080827366,0.27186786233168536,0.15761400151785127,0.568895941573384,0.3184004146430247,0.1692186925948799,0.10846808935995371,0.5717184158438997,0.19104846956532173,0.037029935454651476,2026-09-15T20:05:46Z
825030,682998,Corbin Carroll,AZ,MIA,1,1,projected,Janson Junk,Chase Field,2026-09-16T01:40:00Z,4.430877483443709,2711,1037,0.7554877974658181,0.6413376721828328,-1.8403853047209007,Normal,0.14084838498211713,0.7074212168831772,0.38228977575732026,0.5729291337721776,0.7587074567384692,0.5698711164811937,0.40089355099849455,0.2618222553755516,0.6781725907160893,0.46527281628312606,0.316651458863426,0.22036998218538395,0.6824073827936216,0.30337115539996945,0.08556869077572225,2026-09-15T20:05:46Z
825030,669364,Xavier Edwards,MIA,AZ,0,1,projected,Michael Soroka,Chase Field,2026-09-16T01:40:00Z,4.599835661462613,1589,1282,0.605317023936639,0.6458153026151502,-0.294511935065613,Normal,0.07973213464688464,0.7183813066436057,0.4058180555153773,0.5210825715875838,0.7153363523276431,0.518331968712208,0.3523676490598715,0.22210207197783222,0.6881585718258335,0.41047681584331136,0.23240057094055722,0.13938273621051694,0.6925418673401638,0.3172690811527668,0.09415303900705285,2026-09-15T20:05:46Z
825030,663457,Lars Nootbaar,AZ,MIA,1,2,projected,Janson Junk,Chase Field,2026-09-16T01:40:00Z,4.327666151468316,2128,1037,0.552282287886358,0.6379001685780488,1.9101872650829788,Normal,0.11148840686623532,0.6862103780555304,0.4064011277550967,0.5115874917676245,0.7105577942141249,0.5110400278333599,0.3441757818931018,0.21434209680331692,0.6587912227279586,0.41259106938053336,0.24437090289769878,0.16156520853276718,0.6627542673030602,0.28032246021467694,0.07378056827464673,2026-09-15T20:05:46Z
825030,665923,Esteury Ruiz,MIA,AZ,0,2,projected,Michael Soroka,Chase Field,2026-09-16T01:40:00Z,4.520251671254424,845,1282,0.4916730972724655,0.6401810423048323,-2.0447735919293932,Cold,0.0880781310698465,0.6264718128492449,0.38893250007495583,0.7973044191049197,0.6636444440114719,0.4603829001591803,0.29977901526396133,0.18019452728895455,0.6037874706336515,0.3520279502576453,0.19597730116416545,0.12596159409999613,0.6070597770378019,0.22681319201915365,0.05245079137342742,2026-09-15T20:05:46Z
825030,606466,Ketel Marte,AZ,MIA,1,3,projected,Janson Junk,Chase Field,2026-09-16T01:40:00Z,4.226634201161266,2922,1037,0.5384361017675766,0.6286803678459458,0.6667336857921993,Normal,0.14616836188369825,0.7104528910148272,0.33835815827105353,0.4335113545971584,0.7304461059335937,0.5335247266628955,0.3644621183565413,0.2302809244592971,0.6809890022310876,0.4487929775754869,0.2839364850643443,0.19971637297671424,0.6852509346308159,0.3039620958734135,0.08390529914997741,2026-09-15T20:05:46Z
825030,805300,Jakob Marsee,MIA,AZ,0,3,projected,Michael Soroka,Chase Field,2026-09-16T01:40:00Z,4.409013444423405,810,1282,0.5608775699965857,0.6358920245213189,1.9149278100511384,Normal,0.10445425006426377,0.6457372985307069,0.5074252328934306,0.5991388133186615,0.6851796310754177,0.4832684952096056,0.3196458333516586,0.19537640832978675,0.621580712931169,0.37846185266992616,0.22520755012886354,0.14976822636005768,0.625067374566511,0.24316116860106343,0.05860799576349476,2026-09-15T20:05:46Z
825030,571448,Nolan Arenado,AZ,MIA,1,4,projected,Janson Junk,Chase Field,2026-09-16T01:40:00Z,4.139623487225459,2856,1037,0.44752672385715436,0.6101987432305264,0.8108454137876527,Normal,0.13533002657482793,0.6656657069133644,0.2533463523326006,0.5141353407454543,0.6935814712335959,0.4903850308897241,0.32433329271023303,0.1977791023914741,0.6400308599618139,0.3935793835752171,0.237221795518474,0.16901963745368173,0.6437291981173944,0.2579602040825957,0.062435772794235955,2026-09-15T20:05:46Z
825030,672640,Otto Lopez,MIA,AZ,0,4,projected,Michael Soroka,Chase Field,2026-09-16T01:40:00Z,4.326067211625794,1678,1282,0.4601352893005397,0.6218377039800023,0.8981677951147014,Normal,0.08047435232679588,0.6778134429308074,0.2932102774250962,0.5333899466068138,0.6849481581299294,0.48231909199476936,0.3182907224793314,0.1939422404173585,0.6511014145459474,0.38182888243188573,0.21063595754623382,0.1277693483579636,0.6549611454435056,0.27216955744431287,0.0703101773839352,2026-09-15T20:05:46Z
825030,656976,Pavin Smith,AZ,MIA,1,5,projected,Janson Junk,Chase Field,2026-09-16T01:40:00Z,4.033323998879865,1045,1037,0.47155260209714217,0.5896219403129619,-1.0368070574628552,Normal,0.1106444937300554,0.6458382412195137,0.38149825573503104,0.5962513614193334,0.678962229679188,0.4738997095895168,0.30940462358398446,0.1859573605622075,0.6218322099842866,0.3743257493999749,0.2147256558237903,0.14562770785944856,0.6252920534878577,0.2390705947647688,0.054351224032708714,2026-09-15T20:05:46Z
825030,682663,Agustín Ramírez,MIA,AZ,0,5,projected,Michael Soroka,Chase Field,2026-09-16T01:40:00Z,4.197614529682841,803,1282,0.4515506681986471,0.6104169013065005,-1.2389948671950493,Normal,0.10291385955503075,0.6032918753317756,0.32800993727982686,0.6816238754585758,0.6557341858246761,0.45054491584065826,0.29018391309330915,0.1720800556789093,0.5824511061439249,0.34614211676980944,0.19630234154505272,0.13435063828855662,0.5854527514160016,0.2052416099737895,0.04309418856158221,2026-09-15T20:05:46Z
825030,672515,Gabriel Moreno,AZ,MIA,1,6,projected,Janson Junk,Chase Field,2026-09-16T01:40:00Z,3.900626423690205,1617,1037,0.4267464925366132,0.580354450516446,0.3453905491647539,Normal,0.08300911999226673,0.6698957427034407,0.28261392361681426,0.4575227870990294,0.6727733268888055,0.4668185284315611,0.30291058413480615,0.180749970002223,0.6439533041901617,0.3765498374217889,0.203325706254001,0.12406488849262823,0.6476944816056737,0.2605091431716054,0.06246772165597243,2026-09-15T20:05:46Z
825030,669065,Kyle Stowers,MIA,AZ,0,6,projected,Michael Soroka,Chase Field,2026-09-16T01:40:00Z,4.066244239631336,1274,1282,0.4815725005330952,0.6011920838975114,-1.231915949349188,Normal,0.15346440550089632,0.6317991827790879,0.3941753980615906,0.7757474521085547,0.6805886532033644,0.47681119572010033,0.31281572813133146,0.18921579946564535,0.6088185273927564,0.3879826508764687,0.24949938462034627,0.18697835719950692,0.6121308733100576,0.22856852631035118,0.05138786573879561,2026-09-15T20:05:46Z
825030,545121,Ildemaro Vargas,AZ,MIA,1,7,projected,Janson Junk,Chase Field,2026-09-16T01:40:00Z,3.750226791654067,1401,1037,0.36403425163078174,0.5707448618400259,0.05511815046165101,Normal,0.06754773233556029,0.6279036521341453,0.17778923683242973,0.3567158724190003,0.6281528723618764,0.42040873449281957,0.2634365384944178,0.15121165617895427,0.6053675084601979,0.3372868330245226,0.17661154373088045,0.10445844551029271,0.6086121416966765,0.22205788214807082,0.04711975007284829,2026-09-15T20:05:46Z
825030,681715,Heriberto Hernández,MIA,AZ,0,7,projected,Michael Soroka,Chase Field,2026-09-16T01:40:00Z,3.9225766491173735,749,1282,0.45142456510076384,0.5872942124977045,-0.5629956242206055,Normal,0.13820092066400816,0.5794571957465298,0.38248858163744937,0.7338677766081666,0.6525441508419794,0.4465931256517492,0.2863657745829431,0.168884171637782,0.5603769564800515,0.33088593360454394,0.20534363051191068,0.1579543223624681,0.5631224941542724,0.1858943193477987,0.036078835984607274,2026-09-15T20:05:46Z
825030,672695,Geraldo Perdomo,AZ,MIA,1,8,projected,Janson Junk,Chase Field,2026-09-16T01:40:00Z,3.600899965385947,2733,1037,0.4778472424260268,0.5714308352853948,0.10836971727673843,Normal,0.07016017312645259,0.6185460437639045,0.38585517695453747,0.3704196584481235,0.6471896257485519,0.4387310176459448,0.27808820340483453,0.16156246762099427,0.5968011184053602,0.3275633051069925,0.17359070641654373,0.10468249223562606,0.5999301905964186,0.21296190251648123,0.04328115154096487,2026-09-15T20:05:46Z
825030,665052,Griffin Conine,MIA,AZ,0,8,projected,Michael Soroka,Chase Field,2026-09-16T01:40:00Z,3.7685028725920917,459,1282,0.5322999096737824,0.5836039971974197,0.42180062414540176,Normal,0.14169101104504242,0.6112598220123806,0.3969928837686552,0.7202165480253154,0.6796038457178734,0.47465481257829056,0.310192265331251,0.18668726573956654,0.5899256807605866,0.35380143031775374,0.21887348261619766,0.16528800148553324,0.5929975444622958,0.20983334204945714,0.04378479931395303,2026-09-15T20:05:46Z
825030,543510,James McCann,AZ,MIA,1,9,projected,Janson Junk,Chase Field,2026-09-16T01:40:00Z,3.4228329809725158,939,1037,0.38905042633651404,0.5677389312997018,-0.11664564576315545,Normal,0.0853686723722917,0.578373685403447,0.1790186732110926,0.5696466711046116,0.6230299633330726,0.4133853215085185,0.25643689191923835,0.14532157510382462,0.5596731701425739,0.30522735226307735,0.16035042940290026,0.10699337245454828,0.5623607594191442,0.18001460919054726,0.03182733261548598,2026-09-15T20:05:46Z
825030,691594,Javier Sanoja,MIA,AZ,0,9,projected,Michael Soroka,Chase Field,2026-09-16T01:40:00Z,3.6042978881067063,821,1282,0.41206556811711326,0.577719099087635,1.55824954185392,Normal,0.07703495545044067,0.6007711265756771,0.2187722295880516,0.3905017705175429,0.6327088520883921,0.42524307163716596,0.2677161869709844,0.15457681561063752,0.5802673825058258,0.33905900204464345,0.18518478817078096,0.11545925056121172,0.5832182098182507,0.20051904776661603,0.04015831200324271,2026-09-15T20:05:46Z
