game_pk,player_id,name,team,opponent,is_home,lineup_slot,lineup_status,opposing_pitcher,venue_name,start_time_utc,expected_pa,batter_pa_seen,pitcher_pa_seen,exp_runs,form_z,form_state,prob_hr,prob_hit,prob_walk,prob_k,prob_hrr_over_0.5,prob_hrr_over_1.5,prob_hrr_over_2.5,prob_hrr_over_3.5,prob_tb_over_0.5,prob_tb_over_1.5,prob_tb_over_2.5,prob_tb_over_3.5,prob_hits_over_0.5,prob_hits_over_1.5,prob_hits_over_2.5,predicted_at_utc
822852,592626,Joc Pederson,TEX,TB,1,1,confirmed,Nick Martinez,Globe Life Field,2026-09-05T00:05:00Z,4.2730714458835015,2024,2783,0.6049392917171986,-1.3993030035132197,Normal,0.2081942479712921,0.6250334073051507,0.3870027820141464,0.6419176584324486,0.6988820307114664,0.49777940924926023,0.33308727400421784,0.20588348979143423,0.6664340053053116,0.4246805050056744,0.26524156540564725,0.18916599165159884,0.605707376097583,0.22420505400382296,0.05063480196836186,2026-09-04T22:49:34Z
822852,650490,Yandy Díaz,TB,TEX,0,1,confirmed,Trevor Williams,Globe Life Field,2026-09-05T00:05:00Z,4.744501524458684,3032,1745,0.5807241299074843,-0.12303178667213308,Normal,0.1341540844912378,0.7478875168651543,0.32407526875503534,0.5764083901131077,0.7480021040406777,0.5577203458112044,0.3910244520722548,0.2547830541457826,0.6892717582295632,0.45188905610113755,0.28879045685724153,0.20665381686827825,0.7197614845392213,0.35195917109042657,0.1137581088146889,2026-09-04T22:49:34Z
822852,608369,Corey Seager,TEX,TB,1,2,confirmed,Nick Martinez,Globe Life Field,2026-09-05T00:05:00Z,4.2730714458835015,2521,2783,0.5804428197799265,0.9600656800976917,Normal,0.20041255057472895,0.6648568123447343,0.35192204244968317,0.5619542461940787,0.7306142982862995,0.5347985488871883,0.36732482596953087,0.23350482580453524,0.6831409948195537,0.4429957567111711,0.2799245685004189,0.1995032622914046,0.642812619709116,0.26008102785249637,0.06495396772189972,2026-09-04T22:49:34Z
822852,666018,Jonathan Aranda,TB,TEX,0,2,confirmed,Trevor Williams,Globe Life Field,2026-09-05T00:05:00Z,4.49480903115785,1348,1745,0.5855057969333817,-0.19983239831335484,Normal,0.130045621486828,0.7375674799344454,0.3571167411385292,0.6148281811323781,0.7432383665896519,0.5508030793257769,0.3834282070229598,0.24764692328455473,0.6804169400928737,0.4408924780507604,0.27899217745202853,0.19925559864411235,0.7102208236216186,0.33787271110752337,0.10431508068823336,2026-09-04T22:49:34Z
822852,694671,Wyatt Langford,TEX,TB,1,3,confirmed,Nick Martinez,Globe Life Field,2026-09-05T00:05:00Z,4.2730714458835015,1516,2783,0.5068495570488996,0.3640983500307478,Normal,0.11471173465239115,0.6410821767900473,0.37414283268554327,0.5966450115526414,0.690293104052319,0.4875972374190194,0.3234506452788794,0.19790517761634724,0.6109751473141606,0.36798101111279574,0.22116476957435804,0.15822027397175972,0.6207233122655851,0.23718740916116315,0.055081376846220866,2026-09-04T22:49:34Z
822852,691406,Junior Caminero,TB,TEX,0,3,confirmed,Trevor Williams,Globe Life Field,2026-09-05T00:05:00Z,4.49480903115785,1480,1745,0.5642891642595762,0.2650392859481239,Normal,0.22592387312182335,0.6903147327323186,0.28346361496252004,0.6390252939088011,0.7527837161941507,0.5625297627017685,0.3947372536398392,0.25712883129090314,0.7120310542270257,0.47673949119533104,0.3087763007578913,0.22078341170748467,0.6664641923474268,0.28635054224278134,0.07796670234141413,2026-09-04T22:49:34Z
822852,607043,Brandon Nimmo,TEX,TB,1,4,confirmed,Nick Martinez,Globe Life Field,2026-09-05T00:05:00Z,4.258166289626548,3247,2783,0.46127925598056646,0.950997266048906,Normal,0.12797623981095302,0.6648832917226015,0.32611313105041234,0.5882180246775939,0.6956748640306492,0.49328947154776753,0.3283440885307792,0.20160603722497228,0.6372217040604852,0.393435761386825,0.24023187743373195,0.17139374942638697,0.6429064909866575,0.2585002567812083,0.06354444494164212,2026-09-04T22:49:34Z
822852,689414,Liam Hicks,TB,TEX,0,4,confirmed,Trevor Williams,Globe Life Field,2026-09-05T00:05:00Z,4.177839101355604,886,1745,0.4927781591910597,0.5767211941062119,Normal,0.11774232427736575,0.7004103903132585,0.3923957939457667,0.3705053852701585,0.7084045458089537,0.507980294732254,0.341865649403064,0.21248525172422533,0.6410920964941148,0.39764693736206397,0.2436180745381308,0.17379111464468922,0.6758615908875168,0.2941991706391625,0.0797892322061078,2026-09-04T22:49:34Z
822852,677649,Ezequiel Duran,TEX,TB,1,5,confirmed,Nick Martinez,Globe Life Field,2026-09-05T00:05:00Z,3.918758139236973,1678,2783,0.40923303336440237,1.6499289351094473,Normal,0.08955442316858213,0.6440603242929817,0.23776526451372057,0.5945548738656296,0.6619027468994486,0.4551514666153409,0.2936916053243246,0.1739547297797086,0.5904777518666556,0.3468945575423146,0.20467226077675604,0.1465862419619147,0.6235932562412146,0.23676983819974562,0.05294789181649362,2026-09-04T22:49:34Z
822852,683748,Victor Mesa Jr.,TB,TEX,0,5,confirmed,Trevor Williams,Globe Life Field,2026-09-05T00:05:00Z,4.076042721199754,226,1745,0.5157248525313609,0.25570974818290665,Normal,0.16496031741873468,0.6650398336445604,0.3143109774596031,0.5030490748525499,0.7102992379383134,0.5095009727511494,0.34277390972847904,0.21284911744387874,0.661507596531341,0.4180705591949283,0.25913573002698553,0.18451084368541562,0.6430653399102851,0.25809076130881814,0.0629970074942004,2026-09-04T22:49:34Z
822852,669394,Jake Burger,TEX,TB,1,6,confirmed,Nick Martinez,Globe Life Field,2026-09-05T00:05:00Z,3.918758139236973,2212,2783,0.40822275306229855,-0.4917111981579367,Normal,0.1460306996484045,0.6172348135686329,0.22531352178391162,0.6512292907144259,0.6735890565359078,0.46742612960027424,0.30416759865225557,0.18181814920243142,0.6158333473739317,0.3705690601018023,0.22189613960676874,0.15832674728553697,0.5985597608096701,0.21368565728576355,0.04434143557208755,2026-09-04T22:49:34Z
822852,802415,Chandler Simpson,TB,TEX,0,6,confirmed,Trevor Williams,Globe Life Field,2026-09-05T00:05:00Z,4.076042721199754,978,1745,0.45935208114128945,0.9236816480341716,Normal,0.06439170498251606,0.7531735770595238,0.20521086233372576,0.317136037230582,0.7086978101095611,0.5078617275610205,0.34132351268454814,0.21168541022338552,0.6432103776440696,0.3992743065259645,0.2444981279262585,0.17424421234530735,0.7245819148507939,0.35244883625809936,0.10874560287874599,2026-09-04T22:49:34Z
822852,694497,Evan Carter,TEX,TB,1,7,confirmed,Nick Martinez,Globe Life Field,2026-09-05T00:05:00Z,3.6493004520762766,853,2783,0.426714747663547,-1.7945754934314286,Normal,0.09712201876478703,0.5494316799391641,0.31407674224536014,0.5754161467853619,0.6078719177778633,0.3998560613718941,0.24717867944805652,0.139378428754179,0.5351028800747524,0.29753358333462493,0.1695954538326744,0.1227198950158367,0.5349650830257122,0.16128034625129883,0.02706830324154834,2026-09-04T22:49:34Z
822852,656775,Cedric Mullins,TB,TEX,0,7,confirmed,Trevor Williams,Globe Life Field,2026-09-05T00:05:00Z,4.019941738649842,2584,1745,0.4797824725116856,0.7541467407328779,Normal,0.11791289924246154,0.6371670785382881,0.3237439992995647,0.49738762181450225,0.6735908280323104,0.46841982014548317,0.30581446380540006,0.18368764428388298,0.6109341565668917,0.3669375965930694,0.21984469105754958,0.15714516314811577,0.6171253284974912,0.23218256323422742,0.05219616485042631,2026-09-04T22:49:34Z
822852,683227,Cody Freeman,TEX,TB,1,8,confirmed,Nick Martinez,Globe Life Field,2026-09-05T00:05:00Z,3.4859737094950103,202,2783,0.36825589808406495,0.915333554452219,Normal,0.0784225137919125,0.5822806648782606,0.20113999909288455,0.42435022221863117,0.6039402224021339,0.395116991978604,0.24280185712820368,0.13589237797167303,0.5307353858934589,0.29303095624895276,0.16618012708328347,0.12038796684792066,0.5659745592462638,0.18303781760957624,0.03276367090679292,2026-09-04T22:49:34Z
822852,680700,Richie Palacios,TB,TEX,0,8,confirmed,Trevor Williams,Globe Life Field,2026-09-05T00:05:00Z,3.541746228448863,938,1745,0.4592790168779869,-0.7868763235474143,Normal,0.08660581405880811,0.5988950394856005,0.3366081870240879,0.42241006905165673,0.6256964668745909,0.417063319226128,0.26110346063477097,0.14941219302767694,0.5505742477304133,0.31048541009743097,0.1785210705057752,0.12879557110732548,0.5814941274511949,0.19720716294344867,0.03809568121307559,2026-09-04T22:49:34Z
822852,553869,Elias Díaz,TEX,TB,1,9,confirmed,Nick Martinez,Globe Life Field,2026-09-05T00:05:00Z,3.412776342346067,1741,2783,0.3306830872522789,-0.891814493774289,Normal,0.07848356567390684,0.5559340916684633,0.18405708570865392,0.5527859544959256,0.5913989670269314,0.3826642214443181,0.2325868077147655,0.12848319346834647,0.513609496565981,0.27862535739697947,0.15631823139380865,0.11373908673637967,0.5412446429417972,0.16324280483854683,0.026635015856638314,2026-09-04T22:49:34Z
822852,670764,Taylor Walls,TB,TEX,0,9,confirmed,Trevor Williams,Globe Life Field,2026-09-05T00:05:00Z,3.5417462284488637,1789,1745,0.4738797401358501,0.41251083621003437,Normal,0.07045998257186999,0.5660539855909288,0.28651348380240965,0.5283441546072635,0.604252205456928,0.3961758266197139,0.24417575373304304,0.13724790139029389,0.5196559882505433,0.28479482519916705,0.1610167366343107,0.11697459011607537,0.5506594497509932,0.17253413503732612,0.030341592408106407,2026-09-04T22:49:34Z
823093,668227,Randy Arozarena,SEA,ATH,1,1,confirmed,Kade Morris,T-Mobile Park,2026-09-05T02:10:00Z,4.511848116885523,3240,75,0.6737105086901853,-0.46267109279359336,Normal,0.12919930167222998,0.6861054670654125,0.4672180420527326,0.6370685681317356,0.7245261458892206,0.5282070306348664,0.3618294435040699,0.2296385310864214,0.6531928640917768,0.4116661683437434,0.255513329588179,0.18252289127846894,0.6625569969230583,0.2821354395435554,0.07603792410975799,2026-09-04T22:49:34Z
823093,703607,Henry Bolte,ATH,SEA,0,1,confirmed,Logan Gilbert,T-Mobile Park,2026-09-05T02:10:00Z,4.614994152123404,382,3519,0.5175197483249107,0.8988245319663012,Normal,0.09922525553044162,0.6721894282751554,0.309491309616758,0.8061387077066484,0.6798895265045828,0.47831828985316166,0.3167999306260179,0.19389988099552488,0.6104121127136889,0.36960755588735433,0.2235676001434535,0.1602518402016739,0.6495946664753324,0.2695890817934741,0.07105732626790494,2026-09-04T22:49:34Z
823093,686527,Dominic Canzone,SEA,ATH,1,2,confirmed,Kade Morris,T-Mobile Park,2026-09-05T02:10:00Z,4.177395584119255,1079,75,0.5631787761234367,-0.40960767507188406,Normal,0.16007972256186978,0.6938464974726135,0.37279611268687896,0.5438672635451961,0.7234283319479887,0.5252341753092941,0.35769049048930074,0.22517958352355374,0.679256564975135,0.43766054443627767,0.27509151200491394,0.1959125761876621,0.6697900455143103,0.2871485322275746,0.07635795242881827,2026-09-04T22:49:34Z
823093,643446,Jeff McNeil,ATH,SEA,0,2,confirmed,Logan Gilbert,T-Mobile Park,2026-09-05T02:10:00Z,4.475431267279616,2614,3519,0.4658926629448303,1.136560527297638,Normal,0.09014628345861375,0.6638931357683511,0.2754242915013816,0.5208586633410831,0.671692541019713,0.46881753127824716,0.3079508148070179,0.18666042808556527,0.6032925771582721,0.36216458775683796,0.21765788578245154,0.15604274774592564,0.6419042067946515,0.26052771975673006,0.06632780349732997,2026-09-04T22:49:34Z
823093,677594,Julio Rodríguez,SEA,ATH,1,3,confirmed,Kade Morris,T-Mobile Park,2026-09-05T02:10:00Z,4.177395584119253,3167,75,0.5050805865896323,-2.148478364076799,Cold,0.125196323830897,0.6854890611375831,0.29415883921363856,0.6340193767889536,0.7163355786085766,0.5173484419924897,0.3504725053995694,0.2193218234510158,0.6406482676797028,0.3973092419497185,0.24327907990518122,0.17346820547349834,0.6619934038614209,0.2791600203495504,0.07257497971704018,2026-09-04T22:49:34Z
823093,680869,Zack Gelof,ATH,SEA,0,3,confirmed,Logan Gilbert,T-Mobile Park,2026-09-05T02:10:00Z,4.442470942342214,1297,3519,0.4686032606043702,-0.05647637315021451,Normal,0.1214332243365969,0.6261326332561176,0.2676663701204925,0.8341552718226448,0.6736371390799492,0.4705724888429431,0.3092592137444921,0.1875102236701068,0.6038445948740808,0.36235795312641206,0.21763716437415176,0.15598661779735448,0.6067059904591452,0.22598613662761985,0.05182270623947947,2026-09-04T22:49:34Z
823093,663728,Cal Raleigh,SEA,ATH,1,4,confirmed,Kade Morris,T-Mobile Park,2026-09-05T02:10:00Z,4.155073782410935,2762,75,0.5788230465058731,-0.03213532010856045,Normal,0.2544495991605945,0.6259914206971713,0.4770033644669153,0.6703956765870553,0.7181932530406262,0.5184494663944054,0.3508267523953945,0.21916832321328725,0.6995896310939835,0.4596259170721371,0.29249650376962977,0.20806347250754692,0.6066788423595647,0.22287313690672958,0.048838306569875846,2026-09-04T22:49:34Z
823093,671732,Lawrence Butler,ATH,SEA,0,4,confirmed,Logan Gilbert,T-Mobile Park,2026-09-05T02:10:00Z,4.245970303730932,1665,3519,0.4364142159444186,1.1909618163536082,Normal,0.12282637283297722,0.6034978709282989,0.3270205332711833,0.7818284383229245,0.655765101237394,0.45076963206494214,0.2914386818648669,0.17337006950671877,0.5885205855815411,0.3471557170237389,0.20597094006289815,0.1477940396536671,0.5855741890490882,0.2058586831043372,0.043541473447261704,2026-09-04T22:49:34Z
823093,647304,Josh Naylor,SEA,ATH,1,5,confirmed,Kade Morris,T-Mobile Park,2026-09-05T02:10:00Z,4.110645920034818,2801,75,0.4801299592105542,-0.5196267143156186,Normal,0.12031848558412225,0.7195674295097646,0.32413792042752637,0.38988023023937196,0.7223462959690473,0.5229434205458316,0.354688892440696,0.22204628952274102,0.6626644013786276,0.41868404207472554,0.2592071378876231,0.18438747107388642,0.6936089048611136,0.3125043564664141,0.08698564147035828,2026-09-04T22:49:34Z
823093,666126,Carlos Cortes,ATH,SEA,0,5,confirmed,Logan Gilbert,T-Mobile Park,2026-09-05T02:10:00Z,3.888377755555679,428,3519,0.34739656652363415,-1.647507919432569,Normal,0.09617960249770378,0.593773065421376,0.2516396217390334,0.6183696435966444,0.6199088474385358,0.41339704214548995,0.259381642604663,0.14901720521654152,0.5602039841046694,0.32065845854212105,0.18642995805228288,0.13428130519981538,0.5765337680298057,0.19634132976394145,0.03924266577646537,2026-09-04T22:49:34Z
823093,702284,Cole Young,SEA,ATH,1,6,confirmed,Kade Morris,T-Mobile Park,2026-09-05T02:10:00Z,4.012264058607864,826,75,0.45276619046079647,-1.4018717245970413,Normal,0.10671956484365953,0.6574244537335847,0.3620828038014322,0.42876860734601163,0.6679300278641679,0.461646466553532,0.29940195000124076,0.17838980436816573,0.6068345803255657,0.3622781986856255,0.21598468871596108,0.15436375398898286,0.6360351736951376,0.24909354013558785,0.058029928732168806,2026-09-04T22:49:34Z
823093,641680,Jonah Heim,ATH,SEA,0,6,confirmed,Logan Gilbert,T-Mobile Park,2026-09-05T02:10:00Z,3.888377755555679,2214,3519,0.3328649929864718,-0.06939106045965891,Normal,0.09427786730474173,0.5583144902977092,0.21841226501740305,0.5843436356368588,0.5965006710300657,0.3908596565659887,0.24114781670355284,0.13587722390308812,0.5274564151643013,0.29291779681051267,0.16719511302981085,0.12119571277883537,0.5431967572240864,0.17000879576834863,0.03071410929561334,2026-09-04T22:49:34Z
823093,641487,J.P. Crawford,SEA,ATH,1,7,confirmed,Kade Morris,T-Mobile Park,2026-09-05T02:10:00Z,4.012264058607864,2752,75,0.4727168850529213,1.019075777843209,Normal,0.09134100752115012,0.6460621693005204,0.48067235403440023,0.49579964332115156,0.6631126149765721,0.45657612092575545,0.2950496568874332,0.1750991781443002,0.5876032537567929,0.3444397934378109,0.2030222573467109,0.14551103246055574,0.6254562875247982,0.23883205237255892,0.05399415810893125,2026-09-04T22:49:34Z
823093,691777,Max Muncy,ATH,SEA,0,7,confirmed,Logan Gilbert,T-Mobile Park,2026-09-05T02:10:00Z,3.8555868172196366,476,3519,0.3522172157711623,-0.1616604826318088,Normal,0.1000056448676928,0.5601631465023555,0.22391764077686116,0.8048352372748813,0.6017267419177637,0.3954023857430473,0.24454763121596296,0.13815746515366067,0.5370989050668369,0.3005303900567458,0.17226084318501853,0.12462791797883108,0.5449748522805122,0.1707491429991984,0.030770011670296197,2026-09-04T22:49:34Z
823093,703155,Lazaro Montes,SEA,ATH,1,8,confirmed,Kade Morris,T-Mobile Park,2026-09-05T02:10:00Z,4.012264058607864,10,75,0.5494399789048787,,Unknown,0.13699442079864982,0.6776808136006753,0.37352079424371126,0.5023203880170465,0.7814549532364234,0.5969465727165644,0.42655915163671226,0.28226337552148856,0.6498399712817632,0.40529397186784294,0.24864037496553087,0.17692386710268432,0.6548082725000212,0.26921596725464025,0.06674249346956838,2026-09-04T22:49:34Z
823093,622268,Donovan Walton,ATH,SEA,0,8,confirmed,Logan Gilbert,T-Mobile Park,2026-09-05T02:10:00Z,3.553043580697722,313,3519,0.40336700196851516,0.630842811774584,Normal,0.08590715534034007,0.5362854409733568,0.3023888594669519,0.5616239185193113,0.5828429934873232,0.3764816758301851,0.22887189165217975,0.1266510156139685,0.5143131268000253,0.28076052257476464,0.15841777658989192,0.11522173271894348,0.5225540257196679,0.15266772592286015,0.02490952273147472,2026-09-04T22:49:34Z
823093,801126,Brock Rodden,SEA,ATH,1,9,confirmed,Kade Morris,T-Mobile Park,2026-09-05T02:10:00Z,3.4826873531779317,55,75,0.48237140564572123,-0.9650418383537468,Normal,0.0948786013304099,0.6112239318060619,0.3594459832535044,0.5352458197108929,0.605578133672,0.3963952484163482,0.24364161068018614,0.1363712344314631,0.5733235432471157,0.3288271730132169,0.19059491109215004,0.1368079501996058,0.5931322243815806,0.20478718743678848,0.039345719854492686,2026-09-04T22:49:34Z
823093,675961,Alika Williams,ATH,SEA,0,9,confirmed,Logan Gilbert,T-Mobile Park,2026-09-05T02:10:00Z,3.1934296470598618,388,3519,0.3215915980513059,0.7902724021625716,Normal,0.05494630723036879,0.514265803304708,0.16178905576333258,0.633445930635234,0.5272658512583476,0.32539650788540264,0.18915276697328767,0.09912744486302756,0.46948661999040475,0.24436945410870506,0.1339478661308305,0.0987099099659645,0.5019394523891914,0.1352564528010165,0.019252207006044263,2026-09-04T22:49:34Z
823256,665487,Fernando Tatis Jr.,SD,NYY,1,1,confirmed,Max Fried,Petco Park,2026-09-05T01:40:00Z,4.557298421344127,2374,2909,0.5994596612261236,0.5614569171857018,Normal,0.13171495190674443,0.6835403399476615,0.34436942510651813,0.5850028507860364,0.725174320946121,0.5291555345283165,0.3628747423092351,0.23062177772731668,0.6474061766528082,0.40586792932454296,0.25108389853938323,0.17944487229880376,0.6601698360361059,0.2798738598860285,0.07521397899714433,2026-09-04T22:49:34Z
823256,700250,Ben Rice,NYY,SD,0,1,confirmed,Walker Buehler,Petco Park,2026-09-05T01:40:00Z,4.6481687824914015,1288,1744,0.688642231007024,-0.7881743064889695,Normal,0.18856009012299568,0.6826673508718949,0.45552469197141704,0.6870701339597275,0.7472415020606322,0.5565105301493565,0.38960022968270924,0.25336508127507645,0.6935666187715994,0.4564214450481535,0.2923352019468727,0.20911454129584428,0.659333253493534,0.28006005246572957,0.07598034709448298,2026-09-04T22:49:34Z
823256,669392,Samad Taylor,SD,NYY,1,2,confirmed,Max Fried,Petco Park,2026-09-05T01:40:00Z,4.162063167477025,196,2909,0.48461371154073096,1.2651067531439586,Normal,0.0745360136341524,0.6341664984230301,0.33445139149595793,0.7303689754545453,0.6401350086466544,0.4343247936986286,0.2772398102417757,0.16252332771620623,0.5671814601794817,0.32755717674641927,0.19169547259593664,0.13796580768701724,0.6142810536860734,0.230818969657673,0.05242636956467572,2026-09-04T22:49:34Z
823256,641355,Cody Bellinger,NYY,SD,0,2,confirmed,Walker Buehler,Petco Park,2026-09-05T01:40:00Z,4.603765412699642,2817,1744,0.6326433303619796,1.3683934089267422,Normal,0.11983387194487007,0.708576240903339,0.37064419062041987,0.568548707847579,0.741335378733949,0.5488859184904354,0.3819241178923875,0.24666509395806804,0.6611338421295062,0.42052373235843177,0.2628525589403927,0.18785278885288692,0.6833880126740512,0.3062965923500131,0.08833820802612245,2026-09-04T22:49:34Z
823256,592518,Manny Machado,SD,NYY,1,3,confirmed,Max Fried,Petco Park,2026-09-05T01:40:00Z,4.162063167477026,3152,2909,0.4636651787925236,1.4156401834363654,Normal,0.11832524428467803,0.62502563509488,0.3288457331577017,0.5990944260458677,0.6824254325120117,0.47889709947590725,0.31556174963811273,0.19157219640244405,0.5933925895797707,0.35128931297677957,0.20870279592349725,0.14955426754682075,0.6057240015781029,0.22303956106532297,0.04927206177263671,2026-09-04T22:49:34Z
823256,671277,Luis García Jr.,NYY,SD,0,3,confirmed,Walker Buehler,Petco Park,2026-09-05T01:40:00Z,4.35710535076584,2395,1744,0.5186096463722739,0.2279817226762749,Normal,0.14045940890064096,0.7198260985856486,0.2557688129076009,0.5299184092349423,0.7260576753574326,0.5294045605209701,0.3624452508161883,0.22973473060083183,0.6822080178028006,0.44208759247418977,0.27944293242295953,0.1993446450478655,0.6938196567396304,0.3165530514906455,0.0920087829956456,2026-09-04T22:49:34Z
823256,664034,Ty France,SD,NYY,1,4,confirmed,Max Fried,Petco Park,2026-09-05T01:40:00Z,4.132266568117718,2728,2909,0.40507662710952635,0.5199490607544199,Normal,0.08973005640526319,0.63303187104395,0.34506582991612217,0.5726854949960418,0.6534498056213508,0.4473066079467808,0.28771563268839956,0.1699950792121028,0.57628187689997,0.33499925181362983,0.19665544506053625,0.14126735934129533,0.6132581146963565,0.2287344310622251,0.05092879260309058,2026-09-04T22:49:34Z
823256,682987,Spencer Jones,NYY,SD,0,4,confirmed,Walker Buehler,Petco Park,2026-09-05T01:40:00Z,4.102674703631067,211,1744,0.4875764327193831,0.5972835256746778,Normal,0.1306945446853592,0.6489372214453041,0.346420529202323,0.7807125841742791,0.6887764095829345,0.48567863447048837,0.3215658493393867,0.19629269879189065,0.6266432965823264,0.3829475066599079,0.23225747796794377,0.16584395692098716,0.6280572993533683,0.24383325325258695,0.05749839280765023,2026-09-04T22:49:34Z
823256,701538,Jackson Merrill,SD,NYY,1,5,confirmed,Max Fried,Petco Park,2026-09-05T01:40:00Z,4.088932947011078,1657,2909,0.4376359267548003,-0.3456167379452791,Normal,0.10994594143379656,0.6294167897544471,0.24992097860813317,0.6926605262572896,0.6749124325106487,0.4695961378300861,0.30663737790654405,0.18415695991561423,0.6020002805598589,0.3582265740917829,0.2132686279667042,0.15257301333066345,0.6099021190572522,0.22508758451119218,0.04922685897606242,2026-09-04T22:49:34Z
823256,663757,Trent Grisham,NYY,SD,0,5,confirmed,Walker Buehler,Petco Park,2026-09-05T01:40:00Z,4.102674703631067,2355,1744,0.4796563792988093,-2.195144282074497,Cold,0.1332692134445262,0.5798449433277107,0.43496561117197513,0.6224182992148469,0.6435934891656795,0.43764564500591285,0.27986127230711705,0.1643419169042312,0.5825017573705641,0.34105189092112637,0.20121129776690863,0.14442794650721405,0.5634137813908471,0.1866246554617884,0.0364599353267578,2026-09-04T22:49:34Z
823256,669720,Austin Hays,SD,NYY,1,6,confirmed,Max Fried,Petco Park,2026-09-05T01:40:00Z,3.9338197691009045,1898,2909,0.41304978742013476,-1.1457904519622377,Normal,0.09288024922160817,0.6203874852392576,0.22896632969562491,0.6533353239327854,0.6517167918953237,0.44447095570837714,0.2845516522194565,0.1670627430818846,0.5821340548084559,0.33921484791560746,0.19911467689408144,0.1427942825036869,0.6015081619173648,0.21631768102298618,0.04531571646544452,2026-09-04T22:49:34Z
823256,665862,Jazz Chisholm Jr.,NYY,SD,0,6,confirmed,Walker Buehler,Petco Park,2026-09-05T01:40:00Z,4.102674703631067,2288,1744,0.4943315331892139,1.7317097492754376,Normal,0.14502818716900467,0.6438670170748596,0.3402500685514423,0.7279446918679269,0.69543201053656,0.4927919291430834,0.32767842875653963,0.2008930178562002,0.6309896157836076,0.3869440375791279,0.23508683979344125,0.1677325654548121,0.6233434029893523,0.23881936211162919,0.0551546570711093,2026-09-04T22:49:34Z
823256,593428,Xander Bogaerts,SD,NYY,1,7,confirmed,Max Fried,Petco Park,2026-09-05T01:40:00Z,3.9338197691009045,2845,2909,0.41600651385010723,-0.515385609041778,Normal,0.07641883533930721,0.5996563918215825,0.35433739417298643,0.5163535986213577,0.6403030171160939,0.43278104563830583,0.27472482869191955,0.15977029300921802,0.5371437683425372,0.30020213174308497,0.17184828145499786,0.12430854457195596,0.5821100463145239,0.19952208106839958,0.03950973041559384,2026-09-04T22:49:34Z
823256,806146,George Lombard Jr.,NYY,SD,0,7,confirmed,Walker Buehler,Petco Park,2026-09-05T01:40:00Z,3.938023662352078,87,1744,0.4238377136764961,-0.6982431863517092,Normal,0.1016407662805559,0.6040175900971194,0.2935341592033903,0.6754033685388601,0.6380021336688284,0.43113716675966873,0.2738528845565475,0.15949577702405973,0.5686090698415833,0.3278007176146125,0.19135947740044285,0.13761996511308397,0.586154132394078,0.20404675865028166,0.041685007514955685,2026-09-04T22:49:34Z
823256,669134,Luis Campusano,SD,NYY,1,8,confirmed,Max Fried,Petco Park,2026-09-05T01:40:00Z,3.5919822135842434,731,2909,0.4046912481338446,-1.1287722931830613,Normal,0.0812732594420723,0.571471897930317,0.31211906931864886,0.5079545522028882,0.6241676547659119,0.4150823218167594,0.2591151243672676,0.14769315278199413,0.5241176392964351,0.28811069678530865,0.16307077616928853,0.11831431450394309,0.5557725336103542,0.17594058187938405,0.031002162448549694,2026-09-04T22:49:34Z
823256,641857,Ryan McMahon,NYY,SD,0,8,confirmed,Walker Buehler,Petco Park,2026-09-05T01:40:00Z,3.908689542130343,2772,1744,0.4323857473198476,-0.22921851457419196,Normal,0.10633332174932525,0.59990400085625,0.3516982593782069,0.740260701096944,0.6466263620828203,0.43974580393982593,0.28097413204075844,0.164719774662496,0.5723862689339211,0.33101651512285263,0.19359107336266476,0.13913823692353253,0.5823116057462505,0.2005958579669177,0.040444360702874625,2026-09-04T22:49:34Z
823256,630105,Jake Cronenworth,SD,NYY,1,9,confirmed,Max Fried,Petco Park,2026-09-05T01:40:00Z,3.5919822135842434,2729,2909,0.39481304261819766,-1.6540967518954819,Normal,0.06023896362085392,0.5267623541337769,0.33648882213330444,0.6202889412757038,0.5872732604936969,0.38008890895796854,0.2313222647128186,0.12808656087988882,0.47998946994603753,0.2537901183582351,0.14052495479291463,0.10310611688716705,0.5135828272042273,0.14581819472447982,0.02269843751704497,2026-09-04T22:49:34Z
823256,669224,Austin Wells,NYY,SD,0,9,confirmed,Walker Buehler,Petco Park,2026-09-05T01:40:00Z,3.559815414173823,1271,1744,0.40581176575595723,-0.2829708736939647,Normal,0.1092516661794916,0.5496934384907266,0.308153231745249,0.6248718880427753,0.6136251568434993,0.40520562791199394,0.2514371391115312,0.1424336631686798,0.5418489014916806,0.30303032199329066,0.17336460496610415,0.12531337268327242,0.5352331703859521,0.16132380757123632,0.027197275906780696,2026-09-04T22:49:34Z
823338,665833,Oneil Cruz,PIT,LAA,1,1,projected,Ryan Johnson,PNC Park,2026-09-04T22:45:00Z,4.471061405918699,1888,389,0.6689757668335341,1.6123390333505137,Normal,0.1831990962726917,0.6541599943819143,0.4517131347712832,0.7794420958563981,0.7133861520617085,0.5148651725090042,0.3486990220962183,0.2187162592545762,0.6706607396232582,0.4294633946017612,0.2689855738981053,0.1912734921358446,0.6330624950239275,0.2510196466315653,0.0619846625275841,2026-09-04T20:36:51Z
823338,687263,Zach Neto,LAA,PIT,0,1,confirmed,Jared Jones,PNC Park,2026-09-04T22:45:00Z,4.70587078785564,2091,818,0.5731443210360931,1.108815029676184,Normal,0.1274070269508053,0.6510957948506476,0.3335452285965258,0.820765040659234,0.6955561495076896,0.495661100303993,0.3319660739430548,0.2059339058093087,0.6315046701076528,0.3899478202684833,0.2386224172988222,0.1701236238334319,0.6301539112624254,0.2499507746431985,0.0626183374964079,2026-09-04T20:36:51Z
823338,687462,Spencer Horwitz,PIT,LAA,1,2,projected,Ryan Johnson,PNC Park,2026-09-04T22:45:00Z,4.298211517563504,1234,389,0.5663853875978281,-2.0886116792271885,Cold,0.1221617725168883,0.6554631540115131,0.4831392805961741,0.4810303335014754,0.6890335585548468,0.4862926007559176,0.3219336441551796,0.1967943850605304,0.6218391929592423,0.3781830202276881,0.2284146299659702,0.162591835563213,0.6343245831524688,0.2505649291609192,0.0607480827808184,2026-09-04T20:36:51Z
823338,545361,Mike Trout,LAA,PIT,0,2,confirmed,Jared Jones,PNC Park,2026-09-04T22:45:00Z,4.666912742070744,2088,818,0.5674543206389477,-1.4723091968327744,Normal,0.1582004537771553,0.6329590671073574,0.4423580413869027,0.8118321751518347,0.7096873169334799,0.511428844300316,0.3462025641814843,0.2172329908702847,0.6354429542671006,0.3936292571870626,0.2413225208033174,0.1719779485233803,0.6132320841135801,0.233280674189307,0.0555150901145452,2026-09-04T20:36:51Z
823338,668804,Bryan Reynolds,PIT,LAA,1,3,projected,Ryan Johnson,PNC Park,2026-09-04T22:45:00Z,4.298211517563503,3217,389,0.5163967407224518,0.4016338033417759,Normal,0.1301107948293231,0.6640277427692798,0.4561290482597168,0.5883955011739075,0.6970507957842663,0.4950590420008542,0.3296632650652721,0.2027695107831243,0.6394077868163937,0.3954901724517644,0.2414759576784434,0.1716151651084554,0.6423077568871306,0.2582835204237625,0.0637915807353685,2026-09-04T20:36:51Z
823338,685133,Wade Meckler,LAA,PIT,0,3,confirmed,Jared Jones,PNC Park,2026-09-04T22:45:00Z,4.203454739529429,319,818,0.4615884145442065,1.62674922508265,Normal,0.0786579997934365,0.6434208099669617,0.390752766151647,0.7195315928885899,0.6494668197288681,0.4441621320451939,0.2852918762261648,0.1687015024950909,0.5736468485102576,0.3331713850745549,0.1953887988118443,0.1398961212312822,0.6230842969200674,0.2397603092677999,0.0563473057514776,2026-09-04T20:36:51Z
823338,664040,Brandon Lowe,PIT,LAA,1,4,projected,Ryan Johnson,PNC Park,2026-09-04T22:45:00Z,4.187818701969321,2263,389,0.5577672719358967,0.9752301443292162,Normal,0.2130326784577313,0.6454246216354925,0.3837283975501666,0.6951643054410798,0.7184022308367682,0.5186701029450024,0.3505861893912641,0.2189597510885371,0.6835830565992902,0.4412963310613434,0.2770357134315936,0.1963357439174688,0.6250103767194904,0.2399265629234442,0.0554633341380602,2026-09-04T20:36:51Z
823338,687093,Vaughn Grissom,LAA,PIT,0,4,confirmed,Jared Jones,PNC Park,2026-09-04T22:45:00Z,4.203454739529428,730,818,0.3830076098337168,-0.1580771103719036,Normal,0.0785612435079128,0.6198990706775189,0.2688278202275026,0.6476250159698547,0.6404825023411909,0.4347706774699759,0.2772113839869448,0.1625558051273153,0.5592261037733245,0.3202403276136302,0.186112875067592,0.1335507743173478,0.6011149863223562,0.2190775658711695,0.048151100452135,2026-09-04T20:36:51Z
823338,693304,Nick Gonzales,PIT,LAA,1,5,projected,Ryan Johnson,PNC Park,2026-09-04T22:45:00Z,4.106306414959637,1471,389,0.4421700695653354,1.3873525250309748,Normal,0.0697692290232489,0.679093071824044,0.3223169411398738,0.5018499830320825,0.6825686081677437,0.477735405285826,0.313219789138105,0.1891584577718932,0.5983594147936812,0.3542659539565089,0.2098531161323987,0.1495700073488836,0.6563672024895495,0.2705003879785128,0.0674662104245754,2026-09-04T20:36:51Z
823338,694208,Moisés Ballesteros,LAA,PIT,0,5,confirmed,Jared Jones,PNC Park,2026-09-04T22:45:00Z,3.968312774690873,348,818,0.3811168860279902,-2.292847429939478,Cold,0.0867187987369087,0.5794121039314764,0.321949764696568,0.6892773770186899,0.6170617375156227,0.410485605441616,0.2564666746983315,0.1468789050631781,0.537674983771148,0.3009143912569037,0.1722433771835523,0.1240530394477885,0.5632024450154494,0.1854916482883343,0.0356886306012827,2026-09-04T20:36:51Z
823338,663968,Jake Mangum,PIT,LAA,1,6,projected,Ryan Johnson,PNC Park,2026-09-04T22:45:00Z,3.879722544049872,850,389,0.4168018374822763,-1.4296691507288664,Normal,0.0766004853425078,0.6657330237151672,0.308935774184456,0.4914098668207319,0.6615200741206768,0.4542323460912882,0.2920785878244034,0.1724809455154975,0.5857717120936327,0.3416690573399498,0.2001971485357975,0.142831399972886,0.6439897748389968,0.2559167643701838,0.0600631374427586,2026-09-04T20:36:51Z
823338,695681,Christian Moore,LAA,PIT,0,6,confirmed,Jared Jones,PNC Park,2026-09-04T22:45:00Z,3.968312774690873,252,818,0.3653163507598133,0.0096335694554716,Normal,0.0978515408211865,0.5686030959011953,0.2981548341062112,0.8212422314910413,0.6033306331801365,0.3971753873249609,0.2456618344410099,0.1390853210549373,0.544588171330348,0.3066472861176355,0.1761371770130567,0.1266737620300934,0.5530354897940117,0.1774216442923423,0.0330521893153739,2026-09-04T20:36:51Z
823338,669707,Jared Triolo,PIT,LAA,1,7,projected,Ryan Johnson,PNC Park,2026-09-04T22:45:00Z,3.753091531090753,1368,389,0.3798031908988273,0.2719300329366449,Normal,0.0693341630113145,0.586525413314133,0.3449351219319718,0.5400751464635833,0.5981117048246871,0.3907020573890329,0.2395117642916244,0.1340468494936164,0.5227017866823472,0.2870674155757773,0.1621518333016547,0.1171337750342937,0.5700088759135108,0.1882227208796004,0.0352178273376315,2026-09-04T20:36:51Z
823338,642350,Jose Siri,LAA,PIT,0,7,confirmed,Jared Jones,PNC Park,2026-09-04T22:45:00Z,3.751304023607428,1367,818,0.4063590616611998,-2.026208867162713,Cold,0.1098225230584706,0.5244756876003647,0.2385468611687151,0.8428274488697507,0.5994049749463156,0.3925753485977043,0.2414483957350678,0.1357320776840143,0.5270074677748678,0.2911979796861996,0.1652333401469075,0.1192617566574518,0.5114348269927028,0.1462186293792296,0.023577531820439,2026-09-04T20:36:51Z
823338,680779,Henry Davis,PIT,LAA,1,8,projected,Ryan Johnson,PNC Park,2026-09-04T22:45:00Z,3.600479791593485,930,389,0.3699961753875052,-0.5590696618698814,Normal,0.0875609233789457,0.5025264981936697,0.3395431659022048,0.6220245124946446,0.5441195499310003,0.3412885486501144,0.2012112143857035,0.1076073903576746,0.4818107315040473,0.2545195044806943,0.1405202487499968,0.102583600305124,0.4907293216942259,0.1309143064930827,0.0190008417491008,2026-09-04T20:36:51Z
823338,624428,Adam Frazier,LAA,PIT,0,8,confirmed,Jared Jones,PNC Park,2026-09-04T22:45:00Z,3.563374865088828,1939,818,0.3792029446245191,0.5706196203319548,Normal,0.0625045364131393,0.555044594783687,0.2871229876654307,0.5814956165107245,0.5735915901824323,0.3677683002139867,0.2215112725881548,0.1215088882636157,0.4973019748592276,0.2667352819129093,0.1486413170014001,0.1080735346323941,0.5404091782894666,0.1651087598358673,0.0282702714424527,2026-09-04T20:36:51Z
823338,542194,Christian Bethancourt,PIT,LAA,1,9,projected,Ryan Johnson,PNC Park,2026-09-04T22:45:00Z,3.313516953136184,815,389,0.4227416692511256,-0.221768452324419,Normal,0.0960083173088668,0.5508950403441222,0.1935611016567647,0.5911642432287435,0.6085748561635983,0.3976787954063565,0.243208486566766,0.1354453370298269,0.529125056103314,0.2896243011220982,0.1627648051644154,0.1174514717083175,0.5367018259265863,0.1585726324988995,0.0248514897664312,2026-09-04T20:36:51Z
823338,672724,Oswald Peraza,LAA,PIT,0,9,confirmed,Jared Jones,PNC Park,2026-09-04T22:45:00Z,3.3716063785088086,869,818,0.3165860922902783,-0.6962239185845044,Normal,0.058288354154328,0.4916388703045998,0.2213797498363891,0.7400851061213204,0.5197745554017452,0.319871673204827,0.1851236103800873,0.0968309172547989,0.4449344960390053,0.2270160411572829,0.1229101508080655,0.0907462092189616,0.4804597663829297,0.1235104182303098,0.0170282965940509,2026-09-04T20:36:51Z
823418,656941,Kyle Schwarber,PHI,ATL,1,1,confirmed,Chris Sale,Citizens Bank Park,2026-09-04T22:40:00Z,4.600038258704946,3413,2245,0.6356782276063787,-0.2920362521924549,Normal,0.2303631290362597,0.5998305637314247,0.4780326173739899,0.902266088613226,0.7239505954891036,0.5277001892348223,0.3610868213604367,0.2291520324772171,0.6675269928114532,0.426634280465714,0.2670849774052735,0.1900892797186419,0.5822234430891805,0.2050694442268281,0.0444553926248963,2026-09-04T20:36:51Z
823418,660670,Ronald Acuña Jr.,ATL,PHI,0,1,confirmed,Cristopher Sánchez,Citizens Bank Park,2026-09-04T22:40:00Z,4.83175655750224,2286,2864,0.7509945719124431,0.8240017017139066,Normal,0.1716470518596373,0.7319953270474129,0.4314332695656461,0.7174754606942145,0.7796737727756033,0.5984117934351203,0.4314952868128236,0.2900138685796503,0.7033931553553967,0.4677608284416927,0.3017255133743066,0.2154057289131323,0.7053355736551938,0.333747853604522,0.1038383791286628,2026-09-04T20:36:51Z
823418,607208,Trea Turner,PHI,ATL,1,2,confirmed,Chris Sale,Citizens Bank Park,2026-09-04T22:40:00Z,4.491476848285935,3187,2245,0.5942106051159509,-0.4513090005313092,Normal,0.1240926891878474,0.6919905605621065,0.2847425900535548,0.7038448655820397,0.7363882858332871,0.5419121863771106,0.3740271278200472,0.2394272402831878,0.6499770041067062,0.4074367163049555,0.2514522640638685,0.1788736129891005,0.6682725031318945,0.2875184157687641,0.0781744534086141,2026-09-04T20:36:51Z
823418,686948,Drake Baldwin,ATL,PHI,0,2,confirmed,Cristopher Sánchez,Citizens Bank Park,2026-09-04T22:40:00Z,4.543558131411643,964,2864,0.4997545474231539,-0.3474304309134091,Normal,0.116656119836264,0.6710816028768657,0.2823336746277705,0.7257150220824805,0.7194173192195111,0.5222987388027993,0.3559441548245675,0.2248660190576732,0.6216940584036437,0.3795051268317213,0.230240633541724,0.1641338861500981,0.6488088193491298,0.2676691510757191,0.0696392290776661,2026-09-04T20:36:51Z
823418,547180,Bryce Harper,PHI,ATL,1,3,confirmed,Chris Sale,Citizens Bank Park,2026-09-04T22:40:00Z,4.343069424064889,2783,2245,0.5477780820364544,2.5268553908146894,Hot,0.1446538484918556,0.6446180373631735,0.4731899127976028,0.7361049117805788,0.7191485090469035,0.5204992504396958,0.353089586040723,0.2216336143214989,0.6397015330072944,0.3959600037502183,0.241966458703162,0.1720155438927353,0.6242151520725226,0.2407201603142656,0.0567785899825219,2026-09-04T20:36:51Z
823418,645277,Ozzie Albies,ATL,PHI,0,3,confirmed,Cristopher Sánchez,Citizens Bank Park,2026-09-04T22:40:00Z,4.543558131411642,2630,2864,0.5432370850440178,-0.7975370379935501,Normal,0.1374713675009805,0.6990890218764181,0.2948377280732506,0.551869339442154,0.7294948292289032,0.5340631663798597,0.3669094843469255,0.2338026501615485,0.6648962476980426,0.4235752071813949,0.2644817187071682,0.1881768508862297,0.6748480744065278,0.2955701429770447,0.0825126319241041,2026-09-04T20:36:51Z
823418,650333,Luis Arraez,PHI,ATL,1,4,confirmed,Chris Sale,Citizens Bank Park,2026-09-04T22:40:00Z,4.251761518590683,3146,2245,0.4110175814341471,0.4169608491853342,Normal,0.0701010720611066,0.7175994258717842,0.2085193280794991,0.421053140167224,0.7046327252894159,0.5031343477365302,0.3366159206778209,0.2080111931079328,0.62236588611071,0.3780533413746504,0.2279612512345826,0.1621668234238947,0.6920422285887138,0.3118010003562824,0.0878179372791936,2026-09-04T20:36:51Z
823418,621566,Matt Olson,ATL,PHI,0,4,confirmed,Cristopher Sánchez,Citizens Bank Park,2026-09-04T22:40:00Z,4.481035980923513,3442,2864,0.4882014337065975,-1.278285972469518,Normal,0.1706062687504003,0.6385376451273596,0.302147753325865,0.8165279878754721,0.7142041327676546,0.5156777938772775,0.3493841835787953,0.2192403244828315,0.6554181463872536,0.4131367899516515,0.2559565104806938,0.1820592022419263,0.6184951356469061,0.2367571527638287,0.0560993413727488,2026-09-04T20:36:51Z
823418,664761,Alec Bohm,PHI,ATL,1,5,confirmed,Chris Sale,Citizens Bank Park,2026-09-04T22:40:00Z,4.124687967967022,2903,2245,0.441816966349827,0.418574922364537,Normal,0.1020653389089451,0.6604437347849758,0.2810828123425851,0.5577796176230524,0.6845190091440866,0.4799487125310413,0.3152386805749202,0.1907725887597733,0.6087410215819985,0.3641265381081341,0.2171305703782131,0.1545621260682933,0.6390252808285051,0.2528768314602854,0.0601754697578491,2026-09-04T20:36:51Z
823418,657041,Lane Thomas,ATL,PHI,0,5,confirmed,Cristopher Sánchez,Citizens Bank Park,2026-09-04T22:40:00Z,4.219047426195275,2270,2864,0.4666445961065659,-0.5136259130083171,Normal,0.1310834053298466,0.6472907230141944,0.3011088262311146,0.7447030334098851,0.6834030773025507,0.4797656136439487,0.3158725942686928,0.1918688307800918,0.6296508254689235,0.3855194329305404,0.2337526083825419,0.1662157643501455,0.626721824893391,0.2425624090493016,0.057123992085183,2026-09-04T20:36:51Z
823418,624641,Edmundo Sosa,PHI,ATL,1,6,confirmed,Chris Sale,Citizens Bank Park,2026-09-04T22:40:00Z,3.74727225168988,1246,2245,0.4106119615763478,0.9696773807688628,Normal,0.1115850254838509,0.5988364923934845,0.2264170997208695,0.6810317522126,0.6407272312393811,0.4322730437064204,0.2732224809837556,0.1582484306708898,0.584701270415807,0.3401414379393828,0.1988464928579535,0.1418605958327795,0.5815625729068894,0.1977191777900202,0.0383160408947087,2026-09-04T20:36:51Z
823418,643289,Mauricio Dubón,ATL,PHI,0,6,confirmed,Cristopher Sánchez,Citizens Bank Park,2026-09-04T22:40:00Z,4.005358190552292,2116,2864,0.448234704612438,0.7227872100598054,Normal,0.0804404228045326,0.6692051234336066,0.2094342614242624,0.4414038180241484,0.6723987772098685,0.4668887044396634,0.3038477325068136,0.1820507581949245,0.5992023737515898,0.3551935909596995,0.2106112042965282,0.1501121019285574,0.6471739997879845,0.2612076067018403,0.0636967065572626,2026-09-04T20:36:51Z
823418,681082,Bryson Stott,PHI,ATL,1,7,confirmed,Chris Sale,Citizens Bank Park,2026-09-04T22:40:00Z,3.74727225168988,2772,2245,0.4107630546673248,-0.568977976757137,Normal,0.0768411285698203,0.5794982090352622,0.3002566941011059,0.6064813589960037,0.6213800878993408,0.4131800639890704,0.2575904075531529,0.1469225868098736,0.5308987461301687,0.2938709193468266,0.1667615097303066,0.1202264747471252,0.5633894945875247,0.1831942695203813,0.0336951491104405,2026-09-04T20:36:51Z
823418,669221,Sean Murphy,ATL,PHI,0,7,confirmed,Cristopher Sánchez,Citizens Bank Park,2026-09-04T22:40:00Z,4.005358190552292,1718,2864,0.4386044918323167,0.1963019070223455,Normal,0.1281477503413454,0.6010330164431814,0.3465074286249487,0.7492183565194772,0.6551088336192028,0.4486285409447134,0.2881280285336429,0.1701435515372271,0.5958662806180078,0.3520530266457087,0.208311054177827,0.1485428252689867,0.5835179344817578,0.2019381492091999,0.0411058980078915,2026-09-04T20:36:51Z
823418,592663,J.T. Realmuto,PHI,ATL,1,8,confirmed,Chris Sale,Citizens Bank Park,2026-09-04T22:40:00Z,3.74727225168988,2464,2245,0.4452875445805058,-0.3920918278964503,Normal,0.1042855741120127,0.5914617241647551,0.2811742407265759,0.6648753130878767,0.6483684296509451,0.4399153468132802,0.2795042011893605,0.1628026916964458,0.5674728031499273,0.3246870369596251,0.1878794771287104,0.1344470135176475,0.5746517532209835,0.1918507039687487,0.0363285738339842,2026-09-04T20:36:51Z
823418,663586,Austin Riley,ATL,PHI,0,8,confirmed,Cristopher Sánchez,Citizens Bank Park,2026-09-04T22:40:00Z,4.005358190552292,2875,2864,0.4974333329073307,-0.6530128392632005,Normal,0.1326021460976248,0.645202634456279,0.2712686926831222,0.7943360626347007,0.6989834717632889,0.4960777026054913,0.3296982062946745,0.2021280198481809,0.6277181963499353,0.3826105738517822,0.2309841831316751,0.1641128583341407,0.6248233024381618,0.2391808681869008,0.0548534923680782,2026-09-04T20:36:51Z
823418,656537,Derek Hill,PHI,ATL,1,9,confirmed,Chris Sale,Citizens Bank Park,2026-09-04T22:40:00Z,3.1630054187838548,656,2245,0.3708289869878725,0.217031252515067,Normal,0.1004419125593934,0.5177160397689582,0.1987909108394301,0.7827053972193305,0.5804852115208537,0.3703750420615552,0.2212460252470426,0.1198408937422908,0.5034864177759889,0.2682280722753514,0.1482661242502768,0.1077452499136091,0.5054179725333406,0.1357307967732806,0.0185904212804507,2026-09-04T20:36:51Z
823418,673490,Ha-Seong Kim,ATL,PHI,0,9,confirmed,Cristopher Sánchez,Citizens Bank Park,2026-09-04T22:40:00Z,3.75836108693699,1974,2864,0.4433646333730999,-1.6263617518156814,Normal,0.0857740448089966,0.5912437701859986,0.304563633337772,0.5775939748646564,0.6326939171359229,0.4247127200119615,0.2673824935799539,0.1543173484782719,0.5431199687550077,0.3044322943201507,0.1742244467528903,0.1253473562589305,0.5744136762353846,0.1926959345128807,0.037288994789655,2026-09-04T20:36:51Z
823579,596019,Francisco Lindor,NYM,SF,1,1,confirmed,Matt Wilkinson,Citi Field,2026-09-04T23:10:00Z,4.5594830390340935,3177,47,0.7489393072971595,-0.8976982438466344,Normal,0.17647744222196168,0.7050655413562206,0.4013153890193931,0.5258640466415699,0.7504949404202809,0.5598855995418753,0.39235089200595685,0.25527193416702393,0.6946216013869317,0.4568880467255234,0.29225765158117,0.20885799458131257,0.6801409160668321,0.3020490988231153,0.08584829878806215,2026-09-04T22:49:34Z
823579,687551,Drew Gilbert,SF,NYM,0,1,confirmed,Nolan McLean,Citi Field,2026-09-04T23:10:00Z,4.440133836063225,460,833,0.6040507936512903,-0.1500801649813266,Normal,0.10638031507721687,0.6046698807186291,0.4453348390263545,0.6473176023808656,0.6468828318136175,0.4430411327882888,0.28587936434386013,0.16991448532328085,0.5781556356585325,0.3391659415743483,0.20092020287040518,0.14450900825749377,0.5865792014062077,0.209037533951221,0.045891916611631445,2026-09-04T22:49:34Z
823579,665742,Juan Soto,NYM,SF,1,2,confirmed,Matt Wilkinson,Citi Field,2026-09-04T23:10:00Z,4.446174468055508,3181,47,0.6733099644181896,-0.7971792049572811,Normal,0.18601646290573576,0.6533038915849927,0.5630418699434823,0.49720462776185986,0.7279500536910732,0.5317516897325445,0.3647596511861888,0.23173333842265828,0.6662355318799326,0.4248768336110375,0.2656648643883147,0.1895882105196066,0.6320723693540964,0.24977590159307816,0.061231130224028894,2026-09-04T22:49:34Z
823579,646240,Rafael Devers,SF,NYM,0,2,confirmed,Nolan McLean,Citi Field,2026-09-04T23:10:00Z,4.440133836063225,3206,833,0.61413100052396,1.3273716104072373,Normal,0.18222181831017412,0.6384494548469837,0.44787673909526016,0.7451916485496837,0.7073097196816013,0.508915262336651,0.344254845519322,0.21551694207753017,0.6604624446150745,0.41998077131191275,0.26231259305048277,0.18733958553043778,0.6181401535233495,0.2379708711090575,0.05697738406941934,2026-09-04T22:49:34Z
823579,666182,Bo Bichette,NYM,SF,1,3,confirmed,Matt Wilkinson,Citi Field,2026-09-04T23:10:00Z,4.344426632344778,2860,47,0.5087444266586276,-0.301591790174782,Normal,0.11327836239380033,0.7283653169112887,0.2677731479852033,0.5029085020448555,0.7261420542594224,0.528917116085816,0.36152697272420853,0.2286305430583615,0.6683051880804378,0.4263373667000529,0.26635367326458276,0.18988055471611776,0.7017271253932873,0.32501565513865033,0.09559720223204073,2026-09-04T22:49:34Z
823579,805811,Bryce Eldridge,SF,NYM,0,3,confirmed,Nolan McLean,Citi Field,2026-09-04T23:10:00Z,4.440133836063225,431,833,0.5268755868078904,1.7691510473698286,Normal,0.1265822261729132,0.6234772494063602,0.49616931441672335,0.8014122690615043,0.6765365075107,0.4737145148909542,0.31202683653310676,0.18965900268495553,0.6031508206720123,0.3617134085645897,0.2171600103380784,0.15565447778831634,0.6042220805722044,0.22374069590261858,0.05095436544571388,2026-09-04T22:49:34Z
823579,668901,Mark Vientos,NYM,SF,1,4,confirmed,Matt Wilkinson,Citi Field,2026-09-04T23:10:00Z,4.086287145039762,1452,47,0.43166769203981786,-1.562041448799825,Normal,0.15686493327600975,0.6404819655861195,0.25862910237510206,0.6143949076461434,0.6833703064071579,0.4788696752689608,0.31485835306041343,0.19056141881715594,0.6381307948117297,0.3934348472105853,0.23966836705481145,0.17078537282918774,0.6202208173798899,0.23487399417998375,0.05306255169715506,2026-09-04T22:49:34Z
823579,806367,Turner Hill,SF,NYM,0,4,confirmed,Nolan McLean,Citi Field,2026-09-04T23:10:00Z,4.2000065572895195,56,833,0.47274297411678956,1.2554635415841848,Normal,0.09892465600692807,0.6166037437862766,0.4358047223013934,0.5979919466498288,0.6337212615037282,0.4280602527600949,0.2721519541911534,0.15886209078262087,0.5788928690650468,0.33820912804003217,0.1994150006041702,0.1432767858388814,0.5978581267136658,0.21625450105953445,0.04715832609867247,2026-09-04T22:49:34Z
823579,701807,Carson Benge,NYM,SF,1,5,confirmed,Matt Wilkinson,Citi Field,2026-09-04T23:10:00Z,4.086287145039762,554,47,0.4278572115691198,-0.732002581187294,Normal,0.10026268986011552,0.6607862997087527,0.27276247751845667,0.5844945997439405,0.6939698821209408,0.4904553089147,0.32504230479207497,0.19840735036283694,0.6038836741869216,0.3600195414888275,0.21458588382904864,0.15347224585636549,0.6391307284192977,0.25307384535593447,0.06013483018457644,2026-09-04T22:49:34Z
823579,808982,Jung Hoo Lee,SF,NYM,0,5,confirmed,Nolan McLean,Citi Field,2026-09-04T23:10:00Z,4.2000065572895195,1299,833,0.4392195858493913,-0.837745958929179,Normal,0.08316194951040641,0.6432602253406463,0.3404349559138729,0.48057029921708383,0.6704847455740315,0.4661176668785603,0.3045196710036097,0.18320497070328481,0.5908089420397254,0.3490667835560723,0.2072310117625664,0.14861280042372702,0.6227472059631799,0.23916538540983784,0.05581750552408989,2026-09-04T22:49:34Z
823579,543760,Marcus Semien,NYM,SF,1,6,confirmed,Matt Wilkinson,Citi Field,2026-09-04T23:10:00Z,4.086287145039762,3202,47,0.4532417825670815,1.343660569206053,Normal,0.1208636597728065,0.6382049863760256,0.3185777902609063,0.47344500511344484,0.6869451946948275,0.48261356613239276,0.31802122349076617,0.1929025445248503,0.608121607396784,0.3639500102152449,0.21744305434003686,0.15542576244242237,0.6181056806324515,0.23259923690670023,0.051998165699523174,2026-09-04T22:49:34Z
823579,701852,Drew Cavanaugh,SF,NYM,0,6,confirmed,Nolan McLean,Citi Field,2026-09-04T23:10:00Z,3.7213726167024404,129,833,0.35692801608132463,-0.43541493827100153,Normal,0.07506552673839126,0.5593273904742384,0.3854664743398661,0.7284058848332827,0.572902638261178,0.36847906717690354,0.22330677310342886,0.1232127674164232,0.5098485575687047,0.2781968268416309,0.15710133965203543,0.11435380707715312,0.5442028553373629,0.16987951410924965,0.03040023436260403,2026-09-04T22:49:34Z
823579,666624,Christopher Morel,NYM,SF,1,7,confirmed,Matt Wilkinson,Citi Field,2026-09-04T23:10:00Z,3.7820384256276083,1864,47,0.3851108295800531,-0.8155916607260625,Normal,0.11406661285251553,0.5816916555490103,0.2988481519603681,0.7055787531583664,0.6423451279358918,0.43424155401691655,0.27552545399487155,0.1600605201053627,0.568822156918724,0.3267217255294407,0.18994963905437773,0.13650355865774588,0.5652955554251169,0.18490202542222567,0.0343321366572896,2026-09-04T22:49:34Z
823579,678545,Osleivis Basabe,SF,NYM,0,7,confirmed,Nolan McLean,Citi Field,2026-09-04T23:10:00Z,3.72137261670244,198,833,0.3436677387821982,-0.5493561756260981,Normal,0.08336571650889057,0.5258621774272451,0.2663887699335858,0.6744803737984084,0.5841534313446789,0.3786022288923106,0.23105282453061027,0.12850188379095528,0.49551039691034476,0.2667952134695707,0.14947575387987777,0.109184073344821,0.5126163122114333,0.1471945184721163,0.023868123397765555,2026-09-04T22:49:34Z
823579,682626,Francisco Alvarez,NYM,SF,1,8,confirmed,Matt Wilkinson,Citi Field,2026-09-04T23:10:00Z,3.627149061823645,1415,47,0.41509388229192556,-2.612612425361546,Cold,0.12697702028061855,0.5861707646137719,0.33335505116435776,0.6379460633503787,0.6428739823758571,0.4339310861247445,0.27472193968356073,0.15910173724807275,0.5776492925923887,0.33371950172207243,0.19451189332065982,0.1395278592147582,0.5695657464166374,0.1870582138395848,0.03447747084879939,2026-09-04T22:49:34Z
823579,801501,Nate Furman,SF,NYM,0,8,confirmed,Nolan McLean,Citi Field,2026-09-04T23:10:00Z,3.0990098732488334,30,833,0.34909200228708465,-0.7478515433850828,Normal,0.0794987049377028,0.4906780395618875,0.3086883176730209,0.5670183981547592,0.4918423501026705,0.2962191643383553,0.16827702064813993,0.08575016471353665,0.4680371410406676,0.24303227383414583,0.13303800250897127,0.09812048661014335,0.4795733385985811,0.12113482731453493,0.01604053199317911,2026-09-04T22:49:34Z
823579,703492,Nick Morabito,NYM,SF,1,9,confirmed,Matt Wilkinson,Citi Field,2026-09-04T23:10:00Z,3.0890926604478985,17,47,0.39190614672014124,,Unknown,0.09216101212032074,0.5461796704507973,0.260566201190958,0.4840051151455897,0.526890308710913,0.32375648481010316,0.18715057732024612,0.09728977762215744,0.5229774806333471,0.2836451536083107,0.1586400204026781,0.11523633402325076,0.5322730058288744,0.15290452276779565,0.02239780751535078,2026-09-04T22:49:34Z
823579,683766,Christian Koss,SF,NYM,0,9,confirmed,Nolan McLean,Citi Field,2026-09-04T23:10:00Z,3.0990098732488325,337,833,0.3159744302927964,-1.368086084443537,Normal,0.05406677809447069,0.4685417603057177,0.20035287426502038,0.6641807815660693,0.5022620153894496,0.30437696751026894,0.1738608746371264,0.08916319329384184,0.42239043455793673,0.21090599884754296,0.11302683031948876,0.08453787558237393,0.4584992048289196,0.10888426121278026,0.01331926596045548,2026-09-04T22:49:34Z
823824,681715,Heriberto Hernández,MIA,CHC,1,1,confirmed,Shota Imanaga,loanDepot park,2026-09-04T23:10:00Z,4.287515502715894,704,1877,0.5916504378895817,0.7211516320092349,Normal,0.20601016837930994,0.6289232015688254,0.353830570263527,0.7313020861352288,0.7052699246883707,0.5050692455287857,0.33974076609481274,0.2112021541194099,0.666330726048891,0.42463294375231314,0.2652223615831831,0.18915265772350268,0.6093375244915596,0.22760049894822945,0.051949620998658304,2026-09-04T22:49:34Z
823824,691718,Pete Crow-Armstrong,CHC,MIA,0,1,confirmed,Janson Junk,loanDepot park,2026-09-04T23:10:00Z,4.642959577105583,1709,1002,0.7318691859870533,0.7781746491552364,Normal,0.19609382711778406,0.7244178528056411,0.35407935523469986,0.6804717626032327,0.7706582297571315,0.586171678849395,0.41901541956193544,0.27869563857780055,0.7282875182744605,0.4972120194910914,0.3271740021678054,0.23471624731774626,0.6980489525876112,0.32424019228778017,0.09799383963648015,2026-09-04T22:49:34Z
823824,672640,Otto Lopez,MIA,CHC,1,2,confirmed,Shota Imanaga,loanDepot park,2026-09-04T23:10:00Z,4.2875155027158955,1636,1877,0.5173124823849728,-1.0228535389895317,Normal,0.0994598193765525,0.6865681891960418,0.2286245628211648,0.472022731905653,0.6946703555976621,0.49286710688043833,0.32845275573795707,0.20204083968782058,0.6251345174051367,0.3821169146721754,0.23197440410601494,0.16575764319406872,0.6630124937598537,0.28074142724516066,0.07397475791804045,2026-09-04T22:49:34Z
823824,673548,Seiya Suzuki,CHC,MIA,0,2,confirmed,Janson Junk,loanDepot park,2026-09-04T23:10:00Z,4.635933884425806,2814,1002,0.5615017643023732,0.5852205877298488,Normal,0.12473779970231658,0.6929736297149349,0.3575420067423343,0.6844695398419751,0.7265709914488916,0.5312240058705044,0.3651648920395845,0.23277959522262429,0.6585842766376636,0.41795560325425374,0.26088863896778014,0.18649063819769915,0.6689159914921118,0.2901321616689039,0.08054917307724044,2026-09-04T22:49:34Z
823824,665052,Griffin Conine,MIA,CHC,1,3,confirmed,Shota Imanaga,loanDepot park,2026-09-04T23:10:00Z,3.960316267150439,417,1877,0.480573670031019,-0.5353612412914968,Normal,0.1458829510333098,0.5959723472078045,0.32203715225676793,0.806798325857665,0.6696427037330486,0.46409801450583654,0.3019433392753593,0.18061124214631802,0.6002595787020031,0.3567188617657593,0.21220699497490658,0.15183982223140619,0.5785949820226118,0.19796576376391942,0.039670949822215446,2026-09-04T22:49:34Z
823824,683737,Michael Busch,CHC,MIA,0,3,confirmed,Janson Junk,loanDepot park,2026-09-04T23:10:00Z,4.44521013839357,1868,1002,0.5124847288222808,-2.2704560318136235,Cold,0.12396564895118459,0.6804275663389299,0.39724792574540124,0.6407164919797215,0.7095487233262627,0.5104328525011579,0.34505742931028205,0.21580284607044073,0.6474229643954572,0.40535005874686647,0.25036982114255335,0.17883019034614986,0.6572981905205049,0.27593234661647126,0.07284925284083146,2026-09-04T22:49:34Z
823824,691594,Javier Sanoja,MIA,CHC,1,4,confirmed,Shota Imanaga,loanDepot park,2026-09-04T23:10:00Z,3.9603162671504393,781,1877,0.398243182837321,1.3080480636179674,Normal,0.09881095180866163,0.643261343588365,0.2104537154215778,0.37585661262657727,0.6489941348806241,0.44211248467019143,0.28288875792182266,0.16606479015372738,0.6073069101520074,0.3629342267821784,0.21656132718709054,0.1547734513180744,0.6228315490824204,0.23666030428407814,0.05331487705805409,2026-09-04T22:49:34Z
823824,608324,Alex Bregman,CHC,MIA,0,4,confirmed,Janson Junk,loanDepot park,2026-09-04T23:10:00Z,4.445210138393572,3146,1002,0.49866275924819753,1.8757799530953099,Normal,0.12441634292645781,0.6703053569945827,0.31921406612226827,0.4905224909359186,0.7067780196782703,0.5072330936558005,0.34208464204879074,0.21338001233676065,0.6364481945181862,0.39414068541294767,0.24164514212597385,0.17269338342984006,0.6478904586180375,0.2659944077386726,0.06833364981810404,2026-09-04T22:49:34Z
823824,682663,Agustín Ramírez,MIA,CHC,1,5,confirmed,Shota Imanaga,loanDepot park,2026-09-04T23:10:00Z,3.9603162671504397,786,1877,0.4385608961267461,-0.465023221681481,Normal,0.11635065425659104,0.5954864986093987,0.27603648092832606,0.5965382971265666,0.6487283883066929,0.44199841475334267,0.28280609817834046,0.16597420120725578,0.5815325235028581,0.3392202247046294,0.19932876005707492,0.1429609964437747,0.5781487650245221,0.19714345416038986,0.0390145424842631,2026-09-04T22:49:34Z
823824,664023,Ian Happ,CHC,MIA,0,5,confirmed,Janson Junk,loanDepot park,2026-09-04T23:10:00Z,4.335658188201424,3228,1002,0.5175340148570172,0.3626052299572916,Normal,0.11880590583182019,0.666195015007365,0.39699729432031267,0.6989116063547327,0.7048083298025843,0.504342503879509,0.3389488964092311,0.2104915234028433,0.6376349488496623,0.39466638942830773,0.2416679732839264,0.17257801111377866,0.6440961651533359,0.2610145333180854,0.06549142963580959,2026-09-04T22:49:34Z
823824,665923,Esteury Ruiz,MIA,CHC,1,6,confirmed,Shota Imanaga,loanDepot park,2026-09-04T23:10:00Z,3.6717577442616425,827,1877,0.38045745406718584,-1.0897815114439628,Normal,0.09094124996363376,0.5685753977427518,0.31129353776992813,0.6602792320150894,0.6019199286939849,0.3945066960200506,0.2431125119163937,0.13662921343607035,0.5371092543694518,0.2994822752112475,0.17104101966480817,0.12370733438425904,0.5529768945059423,0.1750664367641197,0.03122107406756603,2026-09-04T22:49:34Z
823824,663538,Nico Hoerner,CHC,MIA,0,6,confirmed,Janson Junk,loanDepot park,2026-09-04T23:10:00Z,4.240420850528207,3101,1002,0.4413777561390341,0.025849005879913244,Normal,0.0637670778005456,0.6847653605436267,0.22135883061429618,0.39825906820139967,0.6858511129598959,0.4826885647257973,0.31909679582189954,0.19452444310459,0.5939241391169015,0.3519278786325529,0.20935408976557177,0.1501037345248308,0.6613668429218963,0.278251447598818,0.07250617229548235,2026-09-04T22:49:34Z
823824,691277,Deyvison De Los Santos,MIA,CHC,1,7,confirmed,Shota Imanaga,loanDepot park,2026-09-04T23:10:00Z,3.020748023391859,9,1877,0.3357885796896507,,Unknown,0.10378377199843125,0.5151016224845758,0.22199965384522352,0.5083501097489034,0.5614969257360409,0.35354977673985405,0.20921491092249925,0.11191240012314722,0.511416085855407,0.2748925345627376,0.1531676305481292,0.11164808358192906,0.5028457557627457,0.13408898579039685,0.018465722009458382,2026-09-04T22:49:34Z
823824,699393,Pedro Ramírez,CHC,MIA,0,7,confirmed,Janson Junk,loanDepot park,2026-09-04T23:10:00Z,3.6630228248869465,194,1002,0.4284889756245127,0.4297884399564078,Normal,0.08400986407575482,0.644949914839684,0.2570403803624287,0.4712625188400985,0.6628893770369515,0.45569312994345523,0.2938892524231668,0.17394543968448156,0.5892695752562527,0.345354709297015,0.20340892629589688,0.14571586868627934,0.6244638775921497,0.23681725435053697,0.05271860529497815,2026-09-04T22:49:34Z
823824,691858,Jared Serna,MIA,CHC,1,8,confirmed,Shota Imanaga,loanDepot park,2026-09-04T23:10:00Z,3.0207480233918593,5,1877,0.3582817445443306,,Unknown,0.10456279716021888,0.5134974358463393,0.22941778131020119,0.48057053063596517,0.5354647549147356,0.33080397947646795,0.19220852634004693,0.10055163664836123,0.5107396569673337,0.27391843348254025,0.15229930485367713,0.11102875121889264,0.5013600145924454,0.13247444301279515,0.017746295296389887,2026-09-04T22:49:34Z
823824,624424,Michael Conforto,CHC,MIA,0,8,confirmed,Janson Junk,loanDepot park,2026-09-04T23:10:00Z,3.6630228248869474,1696,1002,0.4405593187585806,0.24120258296626998,Normal,0.11136724398175579,0.5915274102056721,0.31601314706765427,0.5965474075240762,0.6458271924785379,0.4378229590947484,0.2786251433561318,0.16246208324174485,0.5730058427766885,0.33050619003379855,0.1927291642462454,0.138447194410765,0.574534042452312,0.19247564935908765,0.03696708590015363,2026-09-04T22:49:34Z
823824,640459,Brian Navarreto,MIA,CHC,1,9,confirmed,Shota Imanaga,loanDepot park,2026-09-04T23:10:00Z,2.9820579012917,65,1877,0.36080209970249943,-1.9485362651344242,Normal,0.1028306714522125,0.4949260421845852,0.20288514036597602,0.6005802346650024,0.5489637652684256,0.34145926474438787,0.19944460771919714,0.10489744780014451,0.497869609271032,0.2632340340031971,0.14503990090834804,0.10613799470213546,0.4837933564152231,0.12064373062164982,0.014736154883350373,2026-09-04T22:49:34Z
823824,608348,Carson Kelly,CHC,MIA,0,9,confirmed,Janson Junk,loanDepot park,2026-09-04T23:10:00Z,3.617410801237739,1613,1002,0.39453161733523295,1.0693708173862762,Normal,0.07691459572469381,0.5734105939483775,0.24649738981735628,0.49019319792977395,0.6205101516945318,0.41220835323703325,0.2572956854224107,0.14676714902312554,0.5186485822355211,0.28434464330084064,0.16086607274183676,0.11688724898167215,0.5575491418480635,0.17841481514542892,0.03236023000316457,2026-09-04T22:49:34Z
823905,669242,Tommy Edman,LAD,WSH,1,1,confirmed,Jackson Kent,UNIQLO Field at Dodger Stadium,2026-09-05T02:10:00Z,4.4346194199551245,1935,88,0.6887023574996723,0.37092979444979834,Normal,0.11669721885218115,0.6660912716220108,0.4401372345200656,0.5221419878993859,0.7159432232917261,0.5178162238411675,0.3518600369365614,0.22128523181723764,0.6274769542567976,0.3852069433480919,0.23480710002646066,0.16791024125511175,0.6439680145994648,0.261998789483292,0.06659519609938129,2026-09-04T22:49:34Z
823905,682928,CJ Abrams,WSH,LAD,0,1,projected,Blake Snell,UNIQLO Field at Dodger Stadium,2026-09-05T02:10:00Z,4.7081152217172795,2739,2064,0.5928844058854568,-2.308043370512026,Cold,0.11561735839762445,0.6315433587560686,0.39392163693908433,0.8428480635484185,0.6920460921454396,0.49194119767940575,0.3291854789702801,0.2038287894972922,0.6089006602781719,0.3684026504400325,0.222807413656011,0.15977280333848928,0.6116950602644827,0.2325411803323856,0.05549009250556143,2026-09-04T22:49:34Z
823905,605141,Mookie Betts,LAD,WSH,1,2,confirmed,Jackson Kent,UNIQLO Field at Dodger Stadium,2026-09-05T02:10:00Z,4.434619419955125,2951,88,0.663384093255244,0.2620280196944641,Normal,0.16548536386381468,0.6894563012366539,0.46316655037832893,0.40248570465944866,0.7443836968798557,0.5516235297040809,0.38370801148501227,0.2474647238766727,0.6795731310402907,0.43931242532628945,0.2772717073729309,0.19783661856094165,0.665682874676557,0.2846626704907999,0.07660454658289964,2026-09-04T22:49:34Z
823905,695578,James Wood,WSH,LAD,0,2,projected,Blake Snell,UNIQLO Field at Dodger Stadium,2026-09-05T02:10:00Z,4.694830213177649,1569,2064,0.6115172860146638,-0.6481716657074323,Normal,0.15155344224922265,0.6203159470644042,0.5552946852689584,0.897049716437635,0.7063713791800459,0.5079204636505503,0.34362513555217705,0.21532334334195516,0.6249246472256976,0.3838383196621369,0.23442858657374793,0.16787681167576543,0.6012090199336337,0.22265590894342763,0.05147089110464249,2026-09-04T22:49:34Z
823905,606192,Teoscar Hernández,LAD,WSH,1,3,confirmed,Jackson Kent,UNIQLO Field at Dodger Stadium,2026-09-05T02:10:00Z,4.256392535688434,2820,88,0.536626263136146,0.9891429743569006,Normal,0.15213166368855008,0.669381809194216,0.3888533582626646,0.6755551205359988,0.7164570882804443,0.5171176023399504,0.3501655082144216,0.21909084003277077,0.6563290204475628,0.41318190602741517,0.25562358097245336,0.18217798270988406,0.6470803289303381,0.26302353547093305,0.06561711503212421,2026-09-04T22:49:34Z
823905,691781,Brady House,WSH,LAD,0,3,projected,Blake Snell,UNIQLO Field at Dodger Stadium,2026-09-05T02:10:00Z,4.346429882098589,566,2064,0.4372338270594164,1.2808294780443499,Normal,0.10500090544922537,0.6010902500705884,0.31406982509886144,0.8423640549295904,0.6395253571834081,0.4346326681129261,0.27814288726443076,0.163662067382867,0.5663107731919831,0.32769269963911646,0.1922429991817792,0.13844744468408604,0.5832826619325324,0.20477794814176267,0.04361814687423806,2026-09-04T22:49:34Z
823905,669257,Will Smith,LAD,WSH,1,4,confirmed,Jackson Kent,UNIQLO Field at Dodger Stadium,2026-09-05T02:10:00Z,4.1970895526446155,2328,88,0.5854458169776009,-0.6702985502196054,Normal,0.1385014200401807,0.6471563808108884,0.5433487438121772,0.4981506817315276,0.7064881236508426,0.5051670933223847,0.33881870020039473,0.20969121034429905,0.6284907561019367,0.3843945569581763,0.23313898269615274,0.1663895667142288,0.6264172940759345,0.24165629130182228,0.05627192035303801,2026-09-04T22:49:34Z
823905,695734,Daylen Lile,WSH,LAD,0,4,projected,Blake Snell,UNIQLO Field at Dodger Stadium,2026-09-05T02:10:00Z,4.339630200892603,935,2064,0.4664228081473011,0.9077666434828809,Normal,0.10725888101832026,0.6189499677657169,0.332129367489982,0.7313839775077482,0.6695747901768019,0.46566587622796074,0.30456069008455683,0.18358100260333876,0.59702130335367,0.35538111187672244,0.2121829951872177,0.1521314332245874,0.6000218753788832,0.21905075520265652,0.04868610870856507,2026-09-04T22:49:34Z
823905,571970,Max Muncy,LAD,WSH,1,5,confirmed,Jackson Kent,UNIQLO Field at Dodger Stadium,2026-09-05T02:10:00Z,4.066961152700077,2308,88,0.5619580901515971,-0.7971807318535512,Normal,0.17510158622503016,0.5949148597230189,0.4865957943198161,0.6640702625851781,0.6876970344722059,0.4833899694705209,0.3186717266989288,0.19337758909544883,0.6278447874050429,0.3829616966772477,0.23157695216437757,0.16513436715187693,0.5776207789217656,0.19683899785969264,0.03917365751915786,2026-09-04T22:49:34Z
823905,660688,Keibert Ruiz,WSH,LAD,0,5,projected,Blake Snell,UNIQLO Field at Dodger Stadium,2026-09-05T02:10:00Z,4.187137439714421,2064,2064,0.364774679257737,1.344575657173082,Normal,0.07730877696549181,0.6055357386038397,0.28841641834962856,0.5504294562419153,0.62961004727984,0.4237735865513316,0.26846119865685336,0.15604571873945325,0.5449751463569995,0.30836130156216734,0.1782312304025319,0.12879051593349383,0.5875076039982401,0.206920312214059,0.043606167238574974,2026-09-04T22:49:34Z
823905,500743,Miguel Rojas,LAD,WSH,1,6,confirmed,Jackson Kent,UNIQLO Field at Dodger Stadium,2026-09-05T02:10:00Z,3.7089930770375386,1797,88,0.40529827132082974,-0.2673718033323419,Normal,0.08018897102457669,0.6135593464802359,0.36028108412833953,0.35253757497105453,0.6213116131076083,0.4132433862273591,0.2582150481001193,0.14743403175005537,0.5556534664106497,0.3152118646917962,0.18188441430123015,0.13103895038284397,0.5951740942260744,0.2095323120168177,0.04231644207210185,2026-09-04T22:49:34Z
823905,686611,Dylan Crews,WSH,LAD,0,6,projected,Blake Snell,UNIQLO Field at Dodger Stadium,2026-09-05T02:10:00Z,4.160482371822962,817,2064,0.43454892125873557,-0.8573058441688635,Normal,0.1014920582064889,0.5561708088734888,0.3597995905685522,0.787437729660224,0.613163235350155,0.4074442543215218,0.25495888948035456,0.14612585728812807,0.5348663575964442,0.29970280533750093,0.17218067401898424,0.12466336890384741,0.5411326455725609,0.16953742689739235,0.031178934187738944,2026-09-04T22:49:34Z
823905,669743,Alex Call,LAD,WSH,1,7,confirmed,Jackson Kent,UNIQLO Field at Dodger Stadium,2026-09-05T02:10:00Z,3.7089930770375386,1174,88,0.4723307238817537,-0.8142481478140696,Normal,0.08236060286603337,0.5881143749083152,0.5149540708503983,0.4553163884340665,0.6262765004920694,0.4178640662097374,0.26182692128614754,0.14994485287398276,0.5398129585977606,0.301603070133112,0.17244298100270042,0.12465714899790092,0.5713537052494916,0.18923274532607742,0.035496696297849066,2026-09-04T22:49:34Z
823905,677588,José Tena,WSH,LAD,0,7,projected,Blake Snell,UNIQLO Field at Dodger Stadium,2026-09-05T02:10:00Z,3.6395617515849903,643,2064,0.3579630139192277,-1.5061991113134665,Normal,0.06420223602536568,0.5263697551485175,0.33500325100919176,0.8003068347674327,0.5624272785874841,0.35857596751232335,0.2154246803134536,0.11762466529526332,0.48298196432620744,0.25692941604604685,0.14293574211450544,0.10476241429591412,0.5131271247208725,0.14706607474825328,0.023707415584188783,2026-09-04T22:49:34Z
823905,663656,Kyle Tucker,LAD,WSH,1,8,confirmed,Jackson Kent,UNIQLO Field at Dodger Stadium,2026-09-05T02:10:00Z,3.708993077037538,2764,88,0.4974010255906796,-0.2746796773537767,Normal,0.11065273827549409,0.5963822233486715,0.4076816453994884,0.44962936168331863,0.6667920785042466,0.45948139275520156,0.2967625110714648,0.17578483442887,0.5768815782164414,0.3337851740571479,0.19485471311710822,0.139790806006275,0.5790800450886067,0.19593944952965422,0.03768422059323893,2026-09-04T22:49:34Z
823905,696285,Jacob Young,WSH,LAD,0,8,projected,Blake Snell,UNIQLO Field at Dodger Stadium,2026-09-05T02:10:00Z,3.639561751584991,1431,2064,0.4034815790684703,0.8780161631595754,Normal,0.06680099729983684,0.5308865253220799,0.3338433386580824,0.6028611051036309,0.5714747528431233,0.36657073609167606,0.22145874003043906,0.12169326948785426,0.4815387530305569,0.25572726073644075,0.14210530066799215,0.10419656137095559,0.5174101794655801,0.14977593323633315,0.024333721477168155,2026-09-04T22:49:34Z
823905,571771,Enrique Hernández,LAD,WSH,1,9,confirmed,Jackson Kent,UNIQLO Field at Dodger Stadium,2026-09-05T02:10:00Z,3.4170271782960326,1615,88,0.4498581973434652,-0.792463513916329,Normal,0.09848694468195857,0.5427458258413166,0.32274202453799783,0.5268147638080931,0.6066246216657237,0.3969426567632986,0.2437973670393847,0.13629683209226937,0.522653166026638,0.2858474602744794,0.16111065949086212,0.11696019252306726,0.5287975915119331,0.15446153670879265,0.024319425388364707,2026-09-04T22:49:34Z
823905,683083,Nasim Nuñez,WSH,LAD,0,9,projected,Blake Snell,UNIQLO Field at Dodger Stadium,2026-09-05T02:10:00Z,3.4389014980053187,632,2064,0.3576181708564586,-1.610989277726488,Normal,0.05003792419016092,0.47572103206459776,0.32788600376686194,0.6439745620663498,0.5194418139912381,0.32029939907919475,0.18626924280966603,0.09776403914338362,0.41457768839533055,0.2070918929728751,0.11119018618304899,0.08321577073806045,0.4651569074988389,0.11537144597228369,0.015470194626839465,2026-09-04T22:49:34Z
824067,695600,Carter Jensen,KC,TOR,1,1,confirmed,Jameson Taillon,Kauffman Stadium,2026-09-05T00:10:00Z,4.403669961536279,595,2943,0.6295976356871262,0.5980951713596049,Normal,0.16975292631757244,0.63314163687102,0.42975968644680257,0.705226098344266,0.7040576632474496,0.5040579111753094,0.3391146241321734,0.21093787247444581,0.649389924409611,0.40725293906354715,0.2517611271563687,0.17976264346831594,0.6132601645772245,0.23181943041553896,0.05395668552491755,2026-09-04T22:49:34Z
824067,703520,Brett Bateman,TOR,KC,0,1,confirmed,Daniel Lynch IV,Kauffman Stadium,2026-09-05T00:10:00Z,4.856254838868574,102,1540,0.5973253495236182,0.5489506599038123,Normal,0.07990238548974866,0.6981559421597229,0.3606779927401175,0.6517169278126561,0.701993242932864,0.5035602466915449,0.3401043548736692,0.21284997520230556,0.6223299017934605,0.3819103710372908,0.2333082641383704,0.16720906729429738,0.6737036597202318,0.29696486634636954,0.08492611863259977,2026-09-04T22:49:34Z
824067,677951,Bobby Witt Jr.,KC,TOR,1,2,confirmed,Jameson Taillon,Kauffman Stadium,2026-09-05T00:10:00Z,4.403669961536278,3265,2943,0.5731639482384538,0.08081088578388099,Normal,0.1205513952618976,0.7169227662461048,0.2369053595061058,0.5550230282175749,0.7442031048835693,0.5512492813210634,0.3832135326603934,0.24693914410448045,0.6787226762683364,0.4382101595314245,0.2762628643336454,0.19706478299725705,0.6911352246445946,0.31329560430732706,0.0903010256193529,2026-09-04T22:49:34Z
824067,543807,George Springer,TOR,KC,0,2,confirmed,Daniel Lynch IV,Kauffman Stadium,2026-09-05T00:10:00Z,4.639887966121266,2916,1540,0.6198069757286578,0.9877798984496191,Normal,0.14686830038344448,0.7028137475423534,0.39955218487899324,0.537292942105015,0.741216172058795,0.5488702206695053,0.38202248011639245,0.24684185246733115,0.669229196653172,0.42931051659228026,0.2699885088783818,0.19297944154149163,0.6780443456232748,0.3004002028899212,0.08557531881624034,2026-09-04T22:49:34Z
824067,695506,Jac Caglianone,KC,TOR,1,3,confirmed,Jameson Taillon,Kauffman Stadium,2026-09-05T00:10:00Z,4.172596476096628,737,2943,0.491112657237827,1.534843210110091,Normal,0.16811458712886257,0.6496423390328074,0.2746556227318033,0.628555943871542,0.6967354499895057,0.49426023377720346,0.32902946485118345,0.20198958076217288,0.6545268312239454,0.410886625923118,0.2535561898313716,0.18061407592580525,0.6287267266517126,0.24404687987888984,0.05730080873816452,2026-09-04T22:49:34Z
824067,665489,Vladimir Guerrero Jr.,TOR,KC,0,3,confirmed,Daniel Lynch IV,Kauffman Stadium,2026-09-05T00:10:00Z,4.55313484413615,3299,1540,0.5210577261928386,0.7646414569776272,Normal,0.12112836033877937,0.7111880012277776,0.3562510595869072,0.4494903634644207,0.7336617862121539,0.5392461853868609,0.372416694202893,0.2385115680658725,0.6569292340246329,0.4157435085345513,0.2588548149476645,0.18494371095402762,0.6858178084223705,0.30853298092511083,0.08907449799943795,2026-09-04T22:49:34Z
824067,521692,Salvador Perez,KC,TOR,1,4,confirmed,Jameson Taillon,Kauffman Stadium,2026-09-05T00:10:00Z,4.172596476096628,2901,2943,0.348551796218988,0.10751095932581821,Normal,0.12785321335205768,0.6410824918397439,0.18627843482357237,0.5787703007510049,0.6738025203895307,0.4689443322750699,0.3064761872273437,0.18434115247649427,0.6140926136044146,0.3702618654888312,0.22246440968596032,0.1589890056180712,0.6207588201203458,0.2360821833747416,0.05395272511332295,2026-09-04T22:49:34Z
824067,672386,Alejandro Kirk,TOR,KC,0,4,confirmed,Daniel Lynch IV,Kauffman Stadium,2026-09-05T00:10:00Z,4.254953464888466,2104,1540,0.39635883712102343,0.10614989114371123,Normal,0.1082688425618676,0.6793371482291476,0.36763921999050214,0.39595083178492035,0.6816145582965967,0.4783102387585289,0.3153977248480774,0.19176627884779965,0.6159207944352997,0.37298825036454447,0.22505138218452364,0.1609563829626569,0.656314416477178,0.2733090307172262,0.0705519935234472,2026-09-04T22:49:34Z
824067,686469,Vinnie Pasquantino,KC,TOR,1,5,confirmed,Jameson Taillon,Kauffman Stadium,2026-09-05T00:10:00Z,4.138509019966099,2204,2943,0.4262150968322128,0.42567033881626626,Normal,0.13953186147022525,0.6418058062412225,0.33738801272278757,0.4442860516297761,0.6824717728075487,0.478004279597824,0.31418309825268625,0.19010868363338285,0.6270545541667051,0.38254138669176446,0.2314810020372111,0.165151858310173,0.6214502707810281,0.236226144308287,0.05370888104713628,2026-09-04T22:49:34Z
824067,672960,Kazuma Okamoto,TOR,KC,0,5,confirmed,Daniel Lynch IV,Kauffman Stadium,2026-09-05T00:10:00Z,4.254953464888466,550,1540,0.5191155614619987,0.9521302665110547,Normal,0.16701157620472779,0.6392876949796577,0.35189659851392724,0.708021291263983,0.7092474599929832,0.5090591068027824,0.34296174852585287,0.21346265537521442,0.6439076697410889,0.4006430610039181,0.24603176918572944,0.17552848939540347,0.619044953847986,0.23580753650445563,0.05469036111334856,2026-09-04T22:49:34Z
824067,679845,Nick Loftin,KC,TOR,1,6,confirmed,Jameson Taillon,Kauffman Stadium,2026-09-05T00:10:00Z,3.7101068397717647,794,2943,0.3464065784213534,-0.5796428451158374,Normal,0.07081370679403759,0.56925370418993,0.258432772057464,0.47857291369498667,0.5858891746752034,0.3796279101171032,0.23146369963620794,0.1285106668565968,0.5267566447328116,0.29107045474927257,0.1653845347005714,0.11989413142687232,0.5536060901311904,0.1757162654342675,0.031482475221176115,2026-09-04T22:49:34Z
824067,807727,Charles McAdoo,TOR,KC,0,6,confirmed,Daniel Lynch IV,Kauffman Stadium,2026-09-05T00:10:00Z,3.8649735691462466,80,1540,0.41294253358898125,-0.902804612946164,Normal,0.10641231263221576,0.6173830877318593,0.2992418259834716,0.5804081484441459,0.6448280998390887,0.4379563621592079,0.27948152433903695,0.16360116893373827,0.5816802924217648,0.33936320608836196,0.19952949978968268,0.1431625726356653,0.5986682682644592,0.21472329570452336,0.04532089930342157,2026-09-04T22:49:34Z
824067,686681,Michael Massey,KC,TOR,1,7,confirmed,Jameson Taillon,Kauffman Stadium,2026-09-05T00:10:00Z,3.710106839771764,1662,2943,0.39221131654701336,1.8120647060662756,Normal,0.10665718527283652,0.6143031747670876,0.22022998237783015,0.4570583974087967,0.6407154996600342,0.4323205945804688,0.2737480039573417,0.15862912469512153,0.5804427502857984,0.33676556205312197,0.19691395365979542,0.14119349195007033,0.5958829884766854,0.20984257909563006,0.042260972505798314,2026-09-04T22:49:34Z
824067,676391,Ernie Clement,TOR,KC,0,7,confirmed,Daniel Lynch IV,Kauffman Stadium,2026-09-05T00:10:00Z,3.8649735691462466,1820,1540,0.4362215000031297,-1.3539966108848474,Normal,0.07472181816287235,0.6535854098296748,0.22158922153023763,0.3446934942952078,0.6609865036058177,0.45450789494564164,0.29339944732292095,0.17393951983830644,0.5819449111640589,0.33946629081605395,0.199534780744342,0.1431522600256691,0.6324525935729541,0.24587869322053216,0.056928687652314194,2026-09-04T22:49:34Z
824067,686555,Isaac Collins,KC,TOR,1,8,confirmed,Jameson Taillon,Kauffman Stadium,2026-09-05T00:10:00Z,3.578440054843047,922,2943,0.3705427092897268,-0.8194102103791948,Normal,0.06486055495556589,0.5595663793665334,0.2858740371518613,0.5599083470972743,0.582442423359093,0.37558698278234226,0.2278001845821465,0.1256357722256826,0.5122371676508061,0.2785919647492226,0.15671634592152917,0.11402761760716543,0.5445636977903848,0.16750827880879443,0.028535552258036945,2026-09-04T22:49:34Z
824067,664770,Nathan Lukes,TOR,KC,0,8,confirmed,Daniel Lynch IV,Kauffman Stadium,2026-09-05T00:10:00Z,3.6559363067102506,940,1540,0.38083421677377355,-0.30258874334776376,Normal,0.06979149312758984,0.5805109632077456,0.2567917436110185,0.431784063122536,0.6109982282372464,0.40336923872788233,0.25038098559669275,0.14194961283489155,0.522579953540729,0.2878095748891014,0.16329886906305438,0.11853011772234046,0.5641926384308358,0.18413800727282262,0.034305548862626226,2026-09-04T22:49:34Z
824067,664728,Kyle Isbel,KC,TOR,1,9,confirmed,Jameson Taillon,Kauffman Stadium,2026-09-05T00:10:00Z,3.318866667686414,1696,2943,0.40768830312914156,-1.5148124900005042,Normal,0.07442081834146105,0.5378076221189408,0.21796343938098056,0.48177781718618257,0.5831526385487398,0.37444022839553187,0.22583132343793216,0.12358025133555675,0.5061235973429592,0.27217314138669957,0.15184755444253306,0.11072389947304606,0.5241920973403856,0.1502683091954463,0.022860034635883885,2026-09-04T22:49:34Z
824067,664702,Myles Straw,TOR,KC,0,9,confirmed,Daniel Lynch IV,Kauffman Stadium,2026-09-05T00:10:00Z,3.412111386276981,1699,1540,0.44770327678774996,0.9963102896941844,Normal,0.05384416269754702,0.5588630374691457,0.26774057014663233,0.3777024322936017,0.5869727931611904,0.37921749928492365,0.2303644918520673,0.12727788129626288,0.49224899212994216,0.26263892531648336,0.14614131443559777,0.10692890698974149,0.5439579069083199,0.16626831002479076,0.02804986238520284,2026-09-04T22:49:34Z
824146,665161,Jeremy Peña,HOU,AZ,1,1,confirmed,Merrill Kelly,Daikin Park,2026-09-05T00:10:00Z,4.482608206916008,2779,3195,0.6137796503546048,-0.9522031541143698,Normal,0.12459503644750455,0.7051753858143619,0.2578460483194334,0.6889818421797478,0.7295239133864202,0.5340270649634627,0.3672212702619128,0.23400164240082758,0.6555425446558927,0.4139952707113395,0.2572707664857742,0.1837326097672007,0.6802476056976278,0.3016232904935306,0.08521656884679799,2026-09-04T22:49:34Z
824146,672695,Geraldo Perdomo,AZ,HOU,0,1,confirmed,Cristian Javier,Daikin Park,2026-09-05T00:10:00Z,4.636453802245801,2694,1786,0.6791799815823204,0.07257236139339701,Normal,0.09939079198711157,0.6585905138587949,0.49340298637302415,0.5427382048269771,0.6971337676957294,0.49742859576542986,0.33399413331923666,0.20753814244274907,0.6074270651598144,0.36678684354011093,0.2214792511541786,0.15880916585482646,0.6369366147889366,0.25667852967915605,0.0653912469821908,2026-09-04T22:49:34Z
824146,670541,Yordan Alvarez,HOU,AZ,1,2,confirmed,Merrill Kelly,Daikin Park,2026-09-05T00:10:00Z,4.402093706985636,2500,3195,0.6880535309076006,-0.22515946239254217,Normal,0.24784250837909508,0.7082022264055263,0.47621200084342546,0.5017128365154067,0.7736085442590628,0.5884270023740903,0.4198761966602798,0.2782605245924631,0.7403322139250744,0.5102427188044283,0.3372758638463925,0.24151753493094366,0.6830672682579185,0.30378868137007126,0.08552453866850779,2026-09-04T22:49:34Z
824146,682998,Corbin Carroll,AZ,HOU,0,2,confirmed,Cristian Javier,Daikin Park,2026-09-05T00:10:00Z,4.636453802245802,2684,1786,0.7335659213187168,-0.9781206143137603,Normal,0.1523657621488672,0.6592483701748936,0.47278521296024406,0.6851761041942147,0.737572366413027,0.5444447808744067,0.3777649428568324,0.2432666277445581,0.6756656467784716,0.43629128934306566,0.27563590321782167,0.19701922087346682,0.6375590437662081,0.25704985478136816,0.06542875419343154,2026-09-04T22:49:34Z
824146,670623,Isaac Paredes,HOU,AZ,1,3,confirmed,Merrill Kelly,Daikin Park,2026-09-05T00:10:00Z,4.245211556974575,2608,3195,0.4552710759261518,0.6870007476743522,Normal,0.12770710912438688,0.6301855639337253,0.4083818551439652,0.49117601236482894,0.6800735044341062,0.47621628319698384,0.3132343301484355,0.18984844221980146,0.6076034893095713,0.36458747797057506,0.21855359684586337,0.1563927041620929,0.6105639662857874,0.22740526474133413,0.05113298607512391,2026-09-04T22:49:34Z
824146,672515,Gabriel Moreno,AZ,HOU,0,3,confirmed,Cristian Javier,Daikin Park,2026-09-05T00:10:00Z,4.388418652966093,1574,1786,0.4782475588343397,-0.06636397357873779,Normal,0.1037404035407261,0.6418106085141205,0.3758296919427729,0.6594174232764417,0.676473101189271,0.47338944436552904,0.3115647697157298,0.18917355834052188,0.5949114786372328,0.35373469085135606,0.21114772291903777,0.15146741009188533,0.6213595351140554,0.2392980919660558,0.056877652502662496,2026-09-04T22:49:34Z
824146,514888,Jose Altuve,HOU,AZ,1,4,confirmed,Merrill Kelly,Daikin Park,2026-09-05T00:10:00Z,4.245211556974574,2837,3195,0.4795931773607137,-0.08775832587995717,Normal,0.11689347185520005,0.6799715039098863,0.2867152489899474,0.5835512721266574,0.716314473233417,0.5167195234304619,0.3496167207467833,0.21851048533315376,0.6314675160275526,0.3876100040165258,0.23574107969626318,0.1682550630306365,0.6569273786076696,0.2729091849155002,0.06967666402361938,2026-09-04T22:49:34Z
824146,606466,Ketel Marte,AZ,HOU,0,4,confirmed,Cristian Javier,Daikin Park,2026-09-05T00:10:00Z,4.3884186529660925,2876,1786,0.4843361926891173,0.7532702391341991,Normal,0.1532041859724685,0.6145880735524062,0.35990081303350363,0.669812040290284,0.6913509623308287,0.4896546735399784,0.32596984645023686,0.2004043950791407,0.6240888023490807,0.38160825965338196,0.23191480302941261,0.16584105799925286,0.5959224854342711,0.21584835807173572,0.04770790963939617,2026-09-04T22:49:34Z
824146,662139,Daulton Varsho,HOU,AZ,1,5,confirmed,Merrill Kelly,Daikin Park,2026-09-05T00:10:00Z,4.037290069711134,2435,3195,0.4821366290888414,-1.049725181914689,Normal,0.14851391350226456,0.6067297114107687,0.3240416780783525,0.5672899731574317,0.6742862035054379,0.4687054161731058,0.30569181259284023,0.18330061198220546,0.6197184643508171,0.37488795980753786,0.22544472306699187,0.1608813754233962,0.5887000223440854,0.20597590138975264,0.04216395296028361,2026-09-04T22:49:34Z
824146,663457,Lars Nootbaar,AZ,HOU,0,5,confirmed,Cristian Javier,Daikin Park,2026-09-05T00:10:00Z,4.23163334747235,2100,1786,0.4797582203836856,0.7274106405577669,Normal,0.11557053005298443,0.6088523255855193,0.45800413144844,0.6241747084395858,0.6632415545469519,0.45839093044507956,0.29784076261622544,0.17812935492139093,0.5888479112525288,0.34725084338130097,0.20594039100325326,0.14775088709203046,0.5906042812925111,0.2098675209361504,0.044820124115189895,2026-09-04T22:49:34Z
824146,572233,Christian Walker,HOU,AZ,1,6,confirmed,Merrill Kelly,Daikin Park,2026-09-05T00:10:00Z,4.037290069711134,3082,3195,0.4350222851926506,-1.6601089073461666,Normal,0.14330569128293147,0.6131178708425723,0.2867741953055501,0.6774761485638158,0.6817017645385675,0.47661895908684043,0.31253883939420934,0.18850992303457564,0.6130069291480009,0.3683316665418613,0.22052670868724522,0.15749209057905028,0.5946857150889642,0.21100943121296323,0.043851322236395034,2026-09-04T22:49:34Z
824146,571448,Nolan Arenado,AZ,HOU,0,6,confirmed,Cristian Javier,Daikin Park,2026-09-05T00:10:00Z,4.189146971052898,2818,1786,0.4333743416341194,-0.5308500224426118,Normal,0.14405784494617743,0.5932908885948227,0.30769653299420724,0.6680222287122651,0.6673276928254321,0.4624688637809056,0.3011901463153627,0.18055738778645714,0.5943593367143613,0.35209481603674264,0.20934375558591684,0.15005566915935972,0.5760337345955038,0.1971473259975675,0.04018075552638151,2026-09-04T22:49:34Z
824146,666211,Taylor Trammell,HOU,AZ,1,7,confirmed,Merrill Kelly,Daikin Park,2026-09-05T00:10:00Z,3.5617359074609443,554,3195,0.4342438524532209,-0.6733822619200588,Normal,0.1276147202153498,0.5324995217280037,0.3730028692399961,0.6550148581923368,0.6028810135444069,0.39469460615842944,0.24283668777737813,0.1361638585134776,0.5491944926616427,0.308911970713297,0.17720831873833476,0.12784558278355737,0.5190080176442294,0.14954681511784448,0.023727374585248394,2026-09-04T22:49:34Z
824146,596146,Max Kepler,AZ,HOU,0,7,confirmed,Cristian Javier,Daikin Park,2026-09-05T00:10:00Z,3.95814991790531,1952,1786,0.45879528454693275,-0.6192017255143536,Normal,0.1184800340917841,0.5863410940030646,0.3374512358904647,0.599513043550323,0.649442972876544,0.44284664373513527,0.28371948359201815,0.16685042708376738,0.5722069674077607,0.3310552134032494,0.19370112073942675,0.13922308330271674,0.5695710675339835,0.19041601486802937,0.03717791313416725,2026-09-04T22:49:34Z
824146,673237,Yainer Diaz,HOU,AZ,1,8,confirmed,Merrill Kelly,Daikin Park,2026-09-05T00:10:00Z,3.5617359074609447,1860,3195,0.40347848520948265,0.24876477552824067,Normal,0.10880243275427362,0.6276919785567304,0.16357960466392596,0.4895765001980165,0.6662680619165791,0.45811997925915443,0.29506425472905423,0.17413969548516606,0.5889625536893413,0.3439161321951079,0.2017135843590798,0.1443685950165783,0.6084259560894446,0.22004055879225312,0.0452561721804798,2026-09-04T22:49:34Z
824146,694374,Tim Tawa,AZ,HOU,0,8,confirmed,Cristian Javier,Daikin Park,2026-09-05T00:10:00Z,3.616156882133932,501,1786,0.3939798326333264,-0.5004650845387769,Normal,0.10700485990993984,0.5129723546642677,0.2713658910172295,0.7616318668174922,0.589783048994699,0.3831669016971222,0.23425270814207558,0.13049935846123448,0.5086026489237901,0.2764853961394153,0.1556745650324069,0.11337411777624361,0.5004627992551012,0.13829884137999232,0.021295955576137105,2026-09-04T22:49:34Z
824146,664774,LaMonte Wade Jr.,HOU,AZ,1,9,confirmed,Merrill Kelly,Daikin Park,2026-09-05T00:10:00Z,3.397728863640457,1537,3195,0.4258652811766026,-1.3047294776902605,Normal,0.0987781313707484,0.5199224864245033,0.41320308765697383,0.5186680433501651,0.5867380048118845,0.3782699169107782,0.2291184871274107,0.1260523834954913,0.5044571687845922,0.2713678546153719,0.15151664685008273,0.11050945471346847,0.5072202290045492,0.13977794161514048,0.020565103758310783,2026-09-04T22:49:34Z
824146,814439,Ryan Waldschmidt,AZ,HOU,0,9,confirmed,Cristian Javier,Daikin Park,2026-09-05T00:10:00Z,3.562551284376977,256,1786,0.39622540442154314,-0.3887715954292096,Normal,0.0802214604844363,0.5366496476608958,0.28786918879977,0.7837398672128199,0.5829484782704263,0.3764125779817552,0.22872269077015445,0.12649139476436813,0.5039534645234096,0.2724423092808591,0.15285495327393386,0.11146978060944868,0.5229140628536414,0.15267485559786342,0.02484091168729335,2026-09-04T22:49:34Z
824311,664983,Jake McCarthy,COL,STL,1,1,confirmed,Andre Pallante,Coors Field,2026-09-05T00:40:00Z,4.300495410261911,1886,2550,0.6137381537003832,0.4138578110514372,Normal,0.11621811590896113,0.707355044931826,0.2868500667333897,0.4520225567294977,0.7117372140610777,0.5125702584865238,0.3466728250288196,0.21680483856094515,0.6619842157642668,0.4201069337026687,0.26166318387701104,0.1866441936820491,0.6822725753722918,0.3028477495803294,0.08492783894502794,2026-09-04T22:49:34Z
824311,663494,Bryan Torres,STL,COL,0,1,confirmed,Ryan Feltner,Coors Field,2026-09-05T00:40:00Z,4.3087117243444215,143,1915,0.6149769129794839,1.5957984718079987,Normal,0.14762930997148735,0.6881335844753527,0.37598443903451056,0.5473326945992777,0.7066649217872155,0.5077909616376914,0.34310229242393586,0.2145540468185156,0.6609816361063222,0.4201903185236801,0.2624358472119889,0.18746024383213972,0.6644188726706075,0.2847129131337596,0.07752139509628145,2026-09-04T22:49:34Z
824311,666160,Mickey Moniak,COL,STL,1,2,confirmed,Andre Pallante,Coors Field,2026-09-05T00:40:00Z,4.15258630733586,1694,2550,0.543440558299415,-1.151189228068571,Normal,0.18350816285338595,0.6778021771174874,0.2481879831688847,0.6264569526626066,0.7124532142939349,0.512443948779632,0.3457996072536214,0.21550910247205343,0.6904046369435485,0.4499838979285461,0.28505209442675716,0.20295497522221562,0.6548984932928714,0.27105918559277803,0.06896794028130884,2026-09-04T22:49:34Z
824311,671056,Iván Herrera,STL,COL,0,2,confirmed,Ryan Feltner,Coors Field,2026-09-05T00:40:00Z,4.3087117243444215,1405,1915,0.5738318340257784,-0.15736872458690018,Normal,0.11827491715431958,0.6803794635397615,0.4275056632030963,0.5676132772585077,0.6979700246578299,0.4983227113751016,0.3344819940019086,0.2075566517303649,0.6280020008853888,0.3866156266855524,0.2361390109546873,0.16882075156637186,0.6571596704644631,0.277348571949087,0.07376317818337416,2026-09-04T22:49:34Z
824311,696100,Hunter Goodman,COL,STL,1,3,confirmed,Andre Pallante,Coors Field,2026-09-05T00:40:00Z,4.15258630733586,1378,2550,0.5565662476989819,-0.28317378202536936,Normal,0.21487387605026964,0.6798343628533146,0.3046988771169718,0.7402149057034105,0.7358860600712678,0.5397124002723286,0.3709493888239522,0.23572663470540073,0.7089111444022657,0.47069943226236866,0.30192555509993924,0.2149196268180546,0.6567992075571423,0.2724308321550051,0.06913713201744767,2026-09-04T22:49:34Z
824311,676475,Alec Burleson,STL,COL,0,3,confirmed,Ryan Feltner,Coors Field,2026-09-05T00:40:00Z,4.308711724344421,2132,1915,0.542067873979725,-1.3750956187822159,Normal,0.15742718981360734,0.7175387945620905,0.3573834360376533,0.48911970766183793,0.7275881581409729,0.5311543997957759,0.36399938889690636,0.23091939279151932,0.686154885537685,0.4463679509135277,0.28283840896667656,0.2017123822979897,0.6916964102193125,0.31388634972425916,0.09044062242831499,2026-09-04T22:49:34Z
824311,681198,TJ Rumfield,COL,STL,1,4,confirmed,Andre Pallante,Coors Field,2026-09-05T00:40:00Z,4.15258630733586,553,2550,0.4934678130463059,1.0208987492507948,Normal,0.11848975822475616,0.68715392552544,0.4603499604194705,0.40202647493403554,0.7045889295368055,0.5027991608815233,0.3364924255464736,0.20770048475843803,0.6413216793249104,0.397000407111637,0.2426017889417079,0.17289780723437456,0.6636028706527959,0.279224744654214,0.07185907853794185,2026-09-04T22:49:34Z
824311,691023,Jordan Walker,STL,COL,0,4,confirmed,Ryan Feltner,Coors Field,2026-09-05T00:40:00Z,4.308711724344421,1630,1915,0.5118985556053537,0.06789582386013664,Normal,0.15636250232709673,0.7064721052756913,0.2833320539755103,0.6907401080749203,0.7218236406423103,0.5240191910382439,0.3570843581395468,0.22510319264813536,0.6803550852436839,0.4396101801461451,0.2771442505116896,0.19758270819859586,0.6814686655494901,0.30143373678162244,0.08395312259941874,2026-09-04T22:49:34Z
824311,694249,Cole Carrigg,COL,STL,1,5,confirmed,Andre Pallante,Coors Field,2026-09-05T00:40:00Z,4.09902066943069,281,2550,0.490292412297179,-0.9989110374009265,Normal,0.10246433760275106,0.6687840721650924,0.3566713384457057,0.5659425156693006,0.6872623888125711,0.4830547561190831,0.3184894793093475,0.1933267564760476,0.6284547094822446,0.3837165210141195,0.23224104991986558,0.16562899336114642,0.6465671071163233,0.2606265905760472,0.06331856015391103,2026-09-04T22:49:34Z
824311,699024,Leo Bernal,STL,COL,0,5,confirmed,Ryan Feltner,Coors Field,2026-09-05T00:40:00Z,4.308711724344421,13,1915,0.5467750705118404,,Unknown,0.16180664559912014,0.690173666025623,0.3859649370768282,0.5612937261164339,0.7758816462550923,0.5910829702745587,0.4222274201230253,0.2800080928475787,0.6743859548738175,0.4330387515187368,0.27179132405507805,0.19375568440817684,0.6663644760020571,0.28445244623548316,0.07582154638503846,2026-09-04T22:49:34Z
824311,681393,Connor Norby,COL,STL,1,6,confirmed,Andre Pallante,Coors Field,2026-09-05T00:40:00Z,3.938730270529426,846,2550,0.4561646370053554,0.06094186915260224,Normal,0.09978861906488952,0.635258400446745,0.3582748969160309,0.6727905309144009,0.6622565777714802,0.45544879265919885,0.29389145610615297,0.17406764056100252,0.5942950774066453,0.35033035313443717,0.20711602448328328,0.14824409701566071,0.6153920801833705,0.2289485045150441,0.049925635568919345,2026-09-04T22:49:34Z
824311,695491,Joshua Báez,STL,COL,0,6,confirmed,Ryan Feltner,Coors Field,2026-09-05T00:40:00Z,3.9797932963594937,69,1915,0.49800809468769947,-0.6718148171854622,Normal,0.18972189391177285,0.6478832321464543,0.2907934142110831,0.73461678211125,0.7307854646598891,0.5330266624248048,0.36419122584631813,0.22983022564003758,0.6697918468184646,0.426366989330675,0.26534366317133457,0.18871408298655287,0.6271149329105971,0.24155921811263475,0.05572944603424288,2026-09-04T22:49:34Z
824311,687859,Troy Johnston,COL,STL,1,7,confirmed,Andre Pallante,Coors Field,2026-09-05T00:40:00Z,3.5835784664532353,525,2550,0.40074306372295426,0.5545133937986715,Normal,0.08880290953335301,0.6319985992825635,0.33029225531005696,0.41490374590371815,0.6354594046244695,0.4265033784218769,0.26860263566594733,0.15464613504424846,0.5816458547240027,0.33730870458486184,0.19706020335916075,0.14124953729826922,0.6124549401743326,0.22367192793772422,0.04666717210670046,2026-09-04T22:49:34Z
824311,669357,Nolan Gorman,STL,COL,0,7,confirmed,Ryan Feltner,Coors Field,2026-09-05T00:40:00Z,3.9280942083574684,1839,1915,0.4887292576045895,-2.9607205055264316,Cold,0.16879877427852796,0.5939463370730546,0.3855484843407577,0.7621709920268676,0.6601185037166618,0.4537998070382082,0.29294353062741096,0.1737095444434104,0.6161095871011422,0.37152127781402006,0.22303355106026454,0.15926750835740017,0.5767155998986649,0.19608397288284596,0.03896031875515324,2026-09-04T22:49:34Z
824311,691182,Adael Amador,COL,STL,1,8,confirmed,Andre Pallante,Coors Field,2026-09-05T00:40:00Z,3.493385321211191,186,2550,0.3963262967403916,0.5197851465198706,Normal,0.08786987371611821,0.5815221377387824,0.2961017207112327,0.49293337580783403,0.5898080486832921,0.38194441974487253,0.2324875079907925,0.1287141539416935,0.5454082300362646,0.3051957514788161,0.17442858441268289,0.1259399348738392,0.565258416072124,0.1825428939373372,0.032642311744166125,2026-09-04T22:49:34Z
824311,695336,Thomas Saggese,STL,COL,0,8,confirmed,Ryan Feltner,Coors Field,2026-09-05T00:40:00Z,3.691110612108624,447,1915,0.4236488074857753,1.2027938766302326,Normal,0.09506633692764278,0.6327207531659412,0.2288689387995097,0.6733952277480056,0.6353870203423937,0.42742616792834287,0.2700714195888502,0.1562358172245409,0.5843080609829743,0.34074220073648614,0.2000576915780206,0.1434348263387898,0.6130702238228434,0.22599787177777553,0.04859233602062556,2026-09-04T22:49:34Z
824311,691728,Zac Veen,COL,STL,1,9,confirmed,Andre Pallante,Coors Field,2026-09-05T00:40:00Z,3.034064578437471,76,2550,0.40311659653123477,-0.7209120859188775,Normal,0.1111238971266436,0.536654697078385,0.27685729134692216,0.6019896724103057,0.589083322382004,0.377385270596804,0.22658253794475844,0.1231092675589192,0.5362441250452001,0.2937560851739126,0.1650810954644798,0.11951678994534216,0.5233207852362209,0.1460370111435882,0.02046010580784355,2026-09-04T22:49:34Z
824311,701675,Nathan Church,STL,COL,0,9,confirmed,Ryan Feltner,Coors Field,2026-09-05T00:40:00Z,3.5303185614100365,461,1915,0.47547276396463967,1.1412661913276605,Normal,0.10697773798830101,0.5994277299530911,0.2749605389174209,0.4394277399799833,0.6348539367744473,0.4258000185763246,0.2680427878126624,0.1543024793075001,0.5663706661901559,0.32376078027533983,0.1875943216562737,0.1349148100960283,0.5820196156077755,0.19713527783525775,0.0378503373716388,2026-09-04T22:49:34Z
824387,680757,Steven Kwan,CLE,DET,1,1,confirmed,Andrew Sears,Progressive Field,2026-09-04T23:15:00Z,4.550095248350078,3141,28,0.6135973966654582,0.8689692598267956,Normal,0.07044255226943412,0.7098891778700449,0.3965875045043,0.40099721648965453,0.7158894006722577,0.5182383598679179,0.35264048088239636,0.22222584194738554,0.6179180695977226,0.376309924075482,0.22833041369012577,0.16348853304645902,0.6846111546349314,0.3071277184586111,0.08832584891529555,2026-09-04T22:49:34Z
824387,650402,Gleyber Torres,DET,CLE,0,1,confirmed,Foster Griffin,Progressive Field,2026-09-04T23:15:00Z,4.729356666579979,2896,662,0.618075518591698,0.34999515447496427,Normal,0.12065827564001944,0.678678522452229,0.40627890532949024,0.6091270983652929,0.7186976488056303,0.5224097858638787,0.3572376773690159,0.22652986809567086,0.6289544637939349,0.388068642743426,0.23778963731664984,0.17026791001734035,0.6556206592844386,0.2764761365881886,0.07459859886110272,2026-09-04T22:49:34Z
824387,800050,Chase DeLauter,CLE,DET,1,2,confirmed,Andrew Sears,Progressive Field,2026-09-04T23:15:00Z,4.3623870083680245,493,28,0.523326257902057,0.9706739784659805,Normal,0.09984758546172309,0.7019222928357293,0.3489449367027736,0.4893564887782387,0.7139831646170214,0.5149855304383408,0.34879194572074146,0.21845089964269207,0.6424729410044431,0.3996834136599953,0.2455907934622931,0.17533020145777792,0.6772530630081816,0.2968332809155642,0.0818889187853981,2026-09-04T22:49:34Z
824387,701678,Hao-Yu Lee,DET,CLE,0,2,confirmed,Foster Griffin,Progressive Field,2026-09-04T23:15:00Z,4.345640912089568,274,662,0.4991228394601944,-0.011535618216385383,Normal,0.11970900991181019,0.6649351945846708,0.28027702971574703,0.649364811293041,0.6896151058155132,0.4879847589441719,0.3246872779442453,0.19955508255114668,0.6271024530381433,0.3848549623125723,0.23455067204098623,0.1677316277798394,0.6428911782469594,0.2609293416747754,0.0661538619665991,2026-09-04T22:49:34Z
824387,608070,José Ramírez,CLE,DET,1,3,confirmed,Andrew Sears,Progressive Field,2026-09-04T23:15:00Z,4.330699852599683,3190,28,0.5187846603523507,0.1787676659788213,Normal,0.11977144910528177,0.6779765812575652,0.30766681247693156,0.4261648181277387,0.7171580423930854,0.5183006894126349,0.35157087322184805,0.2204790796067638,0.6465253664612672,0.4034406180001774,0.24828301904571576,0.17713888483134096,0.655054236334529,0.271962983511593,0.06997692327175171,2026-09-04T22:49:34Z
824387,805808,Kevin McGonigle,DET,CLE,0,3,confirmed,Foster Griffin,Progressive Field,2026-09-04T23:15:00Z,4.345640912089568,611,662,0.4721774315059331,-0.8443338872279383,Normal,0.09329342218002341,0.6100947602836927,0.4079139796425141,0.5718073011323881,0.6498341328116901,0.44617383537170396,0.28842110864303483,0.17167224721870186,0.5644441793059042,0.32686078620640396,0.19191401646143302,0.13822190020258804,0.5916352071852657,0.2134104109794466,0.047101092363929724,2026-09-04T22:49:34Z
824387,666176,Jo Adell,CLE,DET,1,4,confirmed,Andrew Sears,Progressive Field,2026-09-04T23:15:00Z,4.048163790023485,1940,28,0.4262621535325926,1.1265319204630404,Normal,0.14266133264836647,0.6208648233250906,0.2978340190808422,0.6507824903655695,0.6737603915314746,0.46838618439617924,0.3055913106354232,0.18335294899701152,0.6152160531724378,0.3707954208477168,0.22253632475692303,0.1589230504244829,0.6019089731857411,0.21789707252925825,0.04657527290322956,2026-09-04T22:49:34Z
824387,680664,Eduardo Valencia,DET,CLE,0,4,confirmed,Foster Griffin,Progressive Field,2026-09-04T23:15:00Z,4.100632250441388,85,662,0.4753625914642974,-0.8868347344868196,Normal,0.1546489420166961,0.6500884436919248,0.2487944386927218,0.7238201659883333,0.7393493074277397,0.5441865614907091,0.3754974596605055,0.23973720622259947,0.6463278126416928,0.402711696365294,0.24738871423168765,0.17637561779374983,0.6291310209664668,0.24487267130908102,0.05792971027946072,2026-09-04T22:49:34Z
824387,682657,Angel Martínez,CLE,DET,1,5,confirmed,Andrew Sears,Progressive Field,2026-09-04T23:15:00Z,3.9702421745665712,1003,28,0.4101915856455295,1.226201113445557,Normal,0.09974269894031189,0.6199428574116755,0.23497562801985092,0.5870615239763336,0.650691830992219,0.4436896431750568,0.2840826286652997,0.1668496130317799,0.5830864472939311,0.34034538844395096,0.2000586514836126,0.14346900154786252,0.6010747563116293,0.21638141198685393,0.045579470313266736,2026-09-04T22:49:34Z
824387,679529,Spencer Torkelson,DET,CLE,0,5,confirmed,Foster Griffin,Progressive Field,2026-09-04T23:15:00Z,4.100632250441387,2654,662,0.4482559190167593,-0.2915281641183659,Normal,0.12075582863376662,0.5899372706674605,0.36558050464880215,0.7413137646185504,0.6531792567059319,0.44775237183252975,0.28853683175898603,0.17090342017289295,0.5810325690957457,0.33994308320495725,0.2004797904345725,0.14392399365430025,0.5728703430839499,0.19460307696917103,0.039162560795677495,2026-09-04T22:49:34Z
824387,681807,David Fry,CLE,DET,1,6,confirmed,Andrew Sears,Progressive Field,2026-09-04T23:15:00Z,3.597341252150547,838,28,0.3866233199598606,-1.2266990375105633,Normal,0.11696111415776704,0.5560073204010195,0.343671429503543,0.6282770739829978,0.6170858791408923,0.4087255835393611,0.2543276025442908,0.14449906217633354,0.5498300798479706,0.3098740665433545,0.1780550035426097,0.12844035794657113,0.5411667011274419,0.1658179859210747,0.028407945155181163,2026-09-04T22:49:34Z
824387,703601,Max Clark,DET,CLE,0,6,confirmed,Foster Griffin,Progressive Field,2026-09-04T23:15:00Z,4.100632250441388,118,662,0.3961574814866612,0.030196312373686737,Normal,0.08961869831192161,0.589312523251634,0.29066757880832395,0.6962752703436562,0.624943999846831,0.41875548979017047,0.26404784306220097,0.1526155533048746,0.5568004674747348,0.31811449691032584,0.18484913496967426,0.13325736248776182,0.5723211372638062,0.1935486514501275,0.03865940821367497,2026-09-04T22:49:34Z
824387,694197,Angel Genao,CLE,DET,1,7,confirmed,Andrew Sears,Progressive Field,2026-09-04T23:15:00Z,3.5973412521505477,91,28,0.39298188727711003,-0.516553295804665,Normal,0.09058551855302831,0.5955101510836045,0.26578322077613875,0.4190884983261823,0.622998479271192,0.41464524480588566,0.25914779063226845,0.1479444050331166,0.5531478968926832,0.3128051949262986,0.18006168763409441,0.12976216075765007,0.5782836336013328,0.19482038145892977,0.037108020638589,2026-09-04T22:49:34Z
824387,701162,Ben Malgeri,DET,CLE,0,7,confirmed,Foster Griffin,Progressive Field,2026-09-04T23:15:00Z,3.8405317084936734,92,662,0.4316851549649841,-0.962442142172295,Normal,0.10954582194063926,0.5956591592371111,0.34989508521661256,0.6453888634111317,0.6414256228498671,0.43424367605364983,0.276256031219249,0.16115864677852118,0.5687765148633149,0.327639545869221,0.1911382027377614,0.13746579533471157,0.578349494231648,0.1969913692272319,0.039153885573029706,2026-09-04T22:49:34Z
824387,595978,Austin Hedges,CLE,DET,1,8,confirmed,Andrew Sears,Progressive Field,2026-09-04T23:15:00Z,3.4183914258518535,1091,28,0.32615948285392615,-0.03587825853454853,Normal,0.07625918253696388,0.5078232633869649,0.2741658792371748,0.5092340100755038,0.540099056286959,0.33731827389472124,0.1984243211220969,0.10552258542816428,0.4656606947789023,0.24250611485964244,0.13306538527666653,0.09807408145479941,0.49571455951299226,0.13300279976310667,0.01915457977278382,2026-09-04T22:49:34Z
824387,807726,John Peck,DET,CLE,0,8,confirmed,Foster Griffin,Progressive Field,2026-09-04T23:15:00Z,3.840531708493674,10,662,0.439751892381829,,Unknown,0.10784308844986544,0.5993487079985299,0.2925061011970267,0.5601716479451346,0.6044434464893494,0.4010637318666103,0.25067643447867904,0.14346089195322204,0.5722427837616746,0.3338964066637505,0.19665019517058344,0.14123092534873263,0.5814962884349878,0.20478653476778122,0.04313465151108567,2026-09-04T22:49:34Z
824387,677587,Brayan Rocchio,CLE,DET,1,9,confirmed,Andrew Sears,Progressive Field,2026-09-04T23:15:00Z,3.4183914258518535,1430,28,0.3641617386338667,-1.2125932469866751,Normal,0.06341254354524933,0.5506458995245467,0.2351560397950547,0.42895818773145117,0.5828192138478469,0.37484759153042335,0.22657416594316349,0.12436770499995234,0.4958539987338745,0.26487075236503427,0.14733592964711048,0.10769747344808896,0.5362513359552394,0.1597586188457851,0.02573006378728992,2026-09-04T22:49:34Z
824387,656716,Zach McKinstry,DET,CLE,0,9,confirmed,Foster Griffin,Progressive Field,2026-09-04T23:15:00Z,3.474761889649566,1929,662,0.3675098321803595,-1.2039952885768535,Normal,0.06085411588055761,0.4950257217130079,0.27498555832348615,0.5790313599291286,0.5567346185872404,0.35239774776989974,0.21008118300709486,0.11358407304019837,0.46630987896272147,0.243554680634547,0.13397992155306368,0.0987094597045086,0.4835076934834151,0.1264466176001865,0.018042163698336063,2026-09-04T22:49:34Z
824424,680757,Steven Kwan,CLE,DET,1,1,confirmed,Keider Montero,Progressive Field,2026-09-04T18:10:00Z,4.580992236509878,3141,1360,0.6331851865720554,0.8572717023082833,Normal,0.0821893747650277,0.704855449133639,0.4338526135240219,0.3623050787192438,0.7151235803560952,0.5174842362867812,0.3513082059192395,0.2210836985537584,0.6237763005316622,0.3818967459066889,0.2317155762239597,0.1645067196499824,0.6797249957504279,0.3020857092626601,0.0861382881797852,2026-09-04T17:03:37Z
824424,650402,Gleyber Torres,DET,CLE,0,1,confirmed,Logan Allen,Progressive Field,2026-09-04T18:10:00Z,4.753672947499012,2896,1717,0.6495966723509806,0.3631934211983397,Normal,0.1226394539219349,0.7004686539220834,0.436055426054035,0.5979061037143848,0.7312441659426558,0.5373604604686334,0.370690180155293,0.2375334628184984,0.6474838110136464,0.4067345099600215,0.2514269869266302,0.1784903054462958,0.6756376113676851,0.2988650068585792,0.0855339096814375,2026-09-04T17:03:37Z
824424,800050,Chase DeLauter,CLE,DET,1,2,confirmed,Keider Montero,Progressive Field,2026-09-04T18:10:00Z,4.377691568950506,493,1360,0.5402529955787395,0.93961886486432,Normal,0.1175861732972437,0.6976453575427771,0.3820636751381598,0.4424005451935669,0.7160075740869313,0.5174256899966515,0.3503650605326537,0.2196175970363706,0.6526594145934554,0.4100958953776371,0.2528309598561178,0.1789938850866614,0.6730716294984066,0.2926204865691527,0.0801048709807111,2026-09-04T17:03:37Z
824424,805808,Kevin McGonigle,DET,CLE,0,2,confirmed,Logan Allen,Progressive Field,2026-09-04T18:10:00Z,4.753672947499012,611,1717,0.5927491904437909,-0.9479924065571677,Normal,0.1007818888295021,0.6732209053939385,0.4670507864052642,0.5643935601384897,0.7059424181979199,0.5076017071029221,0.342744661451474,0.214606222448162,0.618571383769481,0.3775002382167669,0.2287975481398959,0.1626266358447334,0.6503517563519853,0.2711703822426707,0.0723106945000354,2026-09-04T17:03:37Z
824424,608070,José Ramírez,CLE,DET,1,3,confirmed,Keider Montero,Progressive Field,2026-09-04T18:10:00Z,4.352492569001324,3190,1360,0.5498758395338689,-0.3221560549188034,Normal,0.1431448101849766,0.6708722546941998,0.335832256065024,0.3825887410532346,0.7232884737518208,0.5256150970381488,0.3577341115656818,0.225404970820705,0.6585291370106661,0.4158938949577586,0.2571881227823379,0.1819785423059711,0.6482522260541504,0.2653578658392198,0.0673278776238079,2026-09-04T17:03:37Z
824424,701678,Hao-Yu Lee,DET,CLE,0,3,confirmed,Logan Allen,Progressive Field,2026-09-04T18:10:00Z,4.203149245733775,274,1717,0.472040313286429,-0.2158143093490792,Normal,0.1171691738673444,0.6752356906036088,0.2856169964723453,0.6253269221626157,0.6938909168939222,0.4918530341461404,0.3267273055428421,0.2005193683057837,0.6344321670977411,0.3910389760350684,0.2378154235529137,0.1684148233060014,0.6522982846882386,0.2695251597132634,0.0690584757276755,2026-09-04T17:03:37Z
824424,666176,Jo Adell,CLE,DET,1,4,confirmed,Keider Montero,Progressive Field,2026-09-04T18:10:00Z,4.0660950232999165,1940,1360,0.400525465836387,0.9363977548001322,Normal,0.1335176440224155,0.6124191265490294,0.2532037238317153,0.6744680873635879,0.665450645327774,0.459470325460273,0.2970846112118162,0.1767620901211087,0.6038064631671022,0.3596301056777484,0.2133563477576494,0.151277869913837,0.5938441109702082,0.2111276309966744,0.0442854758564601,2026-09-04T17:03:37Z
824424,693307,Dillon Dingler,DET,CLE,0,4,confirmed,Logan Allen,Progressive Field,2026-09-04T18:10:00Z,4.203149245733775,1096,1717,0.4685863647985835,-2.142049685332907,Cold,0.1310028494376779,0.6621549514620623,0.3041439812424106,0.6479374712030835,0.6969633360086168,0.4952610302343813,0.3296924295638083,0.2027493182277052,0.6380303530253318,0.3945954152363165,0.2404325765565175,0.1701684760140708,0.6401368098601389,0.2568904265385182,0.0633457821405122,2026-09-04T17:03:37Z
824424,663993,Nathaniel Lowe,CLE,DET,1,5,confirmed,Keider Montero,Progressive Field,2026-09-04T18:10:00Z,4.066095023299917,2923,1360,0.4432232497062047,-1.342874180148359,Normal,0.1297861499730569,0.6383127571507657,0.3327442250014878,0.5452076014927371,0.6755885818048104,0.4701540418547333,0.3062351136781989,0.1836418375903715,0.615408083950143,0.370560705360505,0.2213369893483141,0.1566984353641484,0.6180272966867438,0.2327589231531547,0.0520949322836876,2026-09-04T17:03:37Z
824424,682985,Riley Greene,DET,CLE,0,5,confirmed,Logan Allen,Progressive Field,2026-09-04T18:10:00Z,4.203149245733775,2581,1717,0.467428287385819,-1.679928821059798,Normal,0.1153891317004149,0.6277960275022437,0.3537725329782229,0.7785425298465783,0.6807633146140051,0.4772102895742113,0.3134820170685183,0.1899996014788329,0.6040269568774109,0.3611254782583137,0.2151382208099117,0.1527001654649544,0.6081338888835335,0.2259007744731963,0.0507758561455637,2026-09-04T17:03:37Z
824424,694197,Angel Genao,CLE,DET,1,6,confirmed,Keider Montero,Progressive Field,2026-09-04T18:10:00Z,3.932719261180179,91,1360,0.4403986517860698,0.0187774943274556,Normal,0.1138664205476853,0.624044218867474,0.318428420785419,0.3963926120736975,0.6532381060364342,0.4458411666922324,0.2848340696827514,0.1671150187202247,0.5945875966837187,0.3501322393182474,0.2059654253277614,0.1461124721165511,0.6047592087799368,0.2194180257092229,0.0464831489761018,2026-09-04T17:03:37Z
824424,701162,Ben Malgeri,DET,CLE,0,6,confirmed,Logan Allen,Progressive Field,2026-09-04T18:10:00Z,3.785694918055599,92,1717,0.4358308186914968,-0.955966943625618,Normal,0.1081308543878766,0.6085039545216441,0.3704821472504433,0.6250839089708534,0.6452655766620345,0.4379054930234826,0.2783955690010367,0.1625386818012022,0.5784648944522365,0.3357074864868461,0.195820027343578,0.1393183286599868,0.590224588048036,0.2071275701714093,0.0425391622947382,2026-09-04T17:03:37Z
824424,683953,Travis Bazzana,CLE,DET,1,7,confirmed,Keider Montero,Progressive Field,2026-09-04T18:10:00Z,3.9327192611801793,439,1360,0.4141326714436628,-0.7862788124650395,Normal,0.0955011307745496,0.601268528663918,0.381165599082559,0.5000508857166605,0.6326257856483456,0.4248737175701755,0.2672991159158455,0.1541884389296793,0.5650063405422493,0.3234497571858535,0.1869546267055332,0.1332640813455264,0.5834636258324,0.2008889545473909,0.0400174306466072,2026-09-04T17:03:37Z
824424,679529,Spencer Torkelson,DET,CLE,0,7,confirmed,Logan Allen,Progressive Field,2026-09-04T18:10:00Z,3.785694918055598,2654,1717,0.4356936237763878,-0.250032368819952,Normal,0.1138563915772445,0.579766325903375,0.3705601167790608,0.693561064766581,0.6409972813127766,0.4340879158956545,0.2754075731799448,0.1604131363433434,0.5702309069417923,0.3287778808440279,0.1909858405370618,0.1360105556421252,0.5632356465581727,0.1854834675038996,0.0353571614636503,2026-09-04T17:03:37Z
824424,672275,Patrick Bailey,CLE,DET,1,8,confirmed,Keider Montero,Progressive Field,2026-09-04T18:10:00Z,3.575935452116353,1546,1360,0.3781608415804116,1.488919867944592,Normal,0.0884711484909619,0.5578076312867614,0.2783023403540778,0.545090014522327,0.5961243514453481,0.3879504900635722,0.2365308006751577,0.1315584667454296,0.5252036029390086,0.2883291862605306,0.1622228502667966,0.1165631611231225,0.5427755596605403,0.166355735957107,0.0282352758141308,2026-09-04T17:03:37Z
824424,703601,Max Clark,DET,CLE,0,8,confirmed,Logan Allen,Progressive Field,2026-09-04T18:10:00Z,3.785694918055599,118,1717,0.4022238975444432,-0.9243487910319976,Normal,0.0823301521987694,0.57727338486925,0.2876805348276339,0.6330341447611956,0.617231578592004,0.4097629903675623,0.2550190372733286,0.1453753271715322,0.5436125733895223,0.3051296114273401,0.17431460260399,0.1247827007421656,0.5609555485652019,0.1827397012532701,0.0342729932295677,2026-09-04T17:03:37Z
824424,677587,Brayan Rocchio,CLE,DET,1,9,confirmed,Keider Montero,Progressive Field,2026-09-04T18:10:00Z,3.436199397057484,1430,1360,0.3819394791459036,-0.786767532398779,Normal,0.0745006297747471,0.5472899175617277,0.2582284990943758,0.3852601492925218,0.5866588966503886,0.378150979001103,0.2282707124082256,0.1254458781407169,0.5056948490887152,0.2718779786602301,0.1509767295940752,0.1090290553886199,0.5329509373918702,0.1577358380930042,0.0252844542889092,2026-09-04T17:03:37Z
824424,595879,Javier Báez,DET,CLE,0,9,confirmed,Logan Allen,Progressive Field,2026-09-04T18:10:00Z,3.692667507763323,2034,1717,0.4592564560436789,-0.665345314694247,Normal,0.081622948699132,0.6074324607903627,0.2073734706799209,0.5709990743874482,0.647047415449061,0.4388330917006644,0.2785808448254754,0.162279850157462,0.5592309788429115,0.3178972617323821,0.1829086214688988,0.1305467768772673,0.589289552961609,0.2049296401120926,0.0411491296574174,2026-09-04T17:03:37Z
824471,667472,Dane Myers,CIN,MIL,1,1,confirmed,Shane Drohan,Great American Ball Park,2026-09-04T22:10:00Z,4.2252999306130885,793,466,0.5550861215497073,0.585404594124123,Normal,0.1136283180378184,0.6524124859446992,0.3817108219002693,0.6836975608766677,0.6815493776492492,0.4782062523728971,0.3148496361012058,0.1913369744656736,0.6067115335860521,0.3637226986792581,0.2176787941257459,0.1551985141348819,0.631473781091015,0.2479703524473313,0.0598012899773879,2026-09-04T20:36:51Z
824471,686217,Sal Frelick,MIL,CIN,0,1,confirmed,Rhett Lowder,Great American Ball Park,2026-09-04T22:10:00Z,4.559920946764233,1679,629,0.6662586003189114,-0.0246152748373716,Normal,0.1018627380619285,0.68687908769824,0.4101512906654033,0.4497466971246724,0.7130988420390415,0.5153223652332888,0.3497107552393932,0.2199721962543113,0.6253173661915731,0.3834261325289763,0.2333880758166805,0.1663667941616875,0.6634804670522704,0.2838777355574258,0.0773742900390232,2026-09-04T20:36:51Z
824471,682829,Elly De La Cruz,CIN,MIL,1,2,confirmed,Shane Drohan,Great American Ball Park,2026-09-04T22:10:00Z,4.225299930613089,2369,466,0.6761503724639252,0.9773299203465406,Normal,0.147632916218583,0.6660212522628886,0.4101213440661734,0.7450582458991319,0.7262198281094383,0.5295184856640358,0.3617970011448228,0.228811125749011,0.6615434077954773,0.4191336243716507,0.2601448401703748,0.1846753247140966,0.6441009406948184,0.2611782412749313,0.0652500922130121,2026-09-04T20:36:51Z
824471,641343,Jake Bauers,MIL,CIN,0,2,confirmed,Rhett Lowder,Great American Ball Park,2026-09-04T22:10:00Z,4.409380195677966,1347,629,0.7276995496555653,-0.5103079907686205,Normal,0.1769029248038068,0.6409753944204148,0.596077843689467,0.7035286809879412,0.7245807362291536,0.5278578470414296,0.3607494303077663,0.2284819068052125,0.6553302251375817,0.4130653694043497,0.2558847453940312,0.1819824229518808,0.6207659223780324,0.2389299837825464,0.0569251185328279,2026-09-04T20:36:51Z
824471,701398,Sal Stewart,CIN,MIL,1,3,confirmed,Shane Drohan,Great American Ball Park,2026-09-04T22:10:00Z,4.225299930613089,666,466,0.5951484696679742,1.3828449593963246,Normal,0.2210223662050544,0.673838146126827,0.3523142253965608,0.6385128412485733,0.7380211261807981,0.5425748911252022,0.3734543685785724,0.2379336817963677,0.7014057230995489,0.4619943491014126,0.2943840547785795,0.2088479399315483,0.6514391894758874,0.2671707199669331,0.0671970803075129,2026-09-04T20:36:51Z
824471,694192,Jackson Chourio,MIL,CIN,0,3,confirmed,Rhett Lowder,Great American Ball Park,2026-09-04T22:10:00Z,4.409380195677967,1644,629,0.5742944343007963,1.8108378335980904,Normal,0.1463731521110262,0.7177302272647267,0.2590638096109591,0.6289745851284455,0.7423065957849999,0.5493860586018723,0.3812841980015424,0.245483421904374,0.6881868518697359,0.4487704475227726,0.2846172142703653,0.2023709162539898,0.692112587813713,0.3150579912091758,0.0915999234214676,2026-09-04T20:36:51Z
824471,663886,Tyler Stephenson,CIN,MIL,1,4,confirmed,Shane Drohan,Great American Ball Park,2026-09-04T22:10:00Z,4.084283884208035,1958,466,0.5110217978963667,0.1503367450509217,Normal,0.1520156550507468,0.6406303992905976,0.3866295031104532,0.7446522839368803,0.68744559019377,0.4831395962588234,0.3180304183140956,0.1929036730402218,0.6358649177439821,0.3905684017132924,0.2368912996452038,0.1681254812450232,0.6205581754989092,0.2349083789139475,0.0529838254622827,2026-09-04T20:36:51Z
824471,592885,Christian Yelich,MIL,CIN,0,4,confirmed,Rhett Lowder,Great American Ball Park,2026-09-04T22:10:00Z,4.409380195677967,2698,629,0.5972707126719915,0.8814061241532885,Normal,0.1432841150166082,0.6713467025285621,0.4397017239924609,0.6385530175927969,0.7183891668076444,0.5203296522517898,0.3534850714603154,0.2223776679751089,0.6474693521076889,0.404627463469808,0.2490956020405975,0.1771456183460563,0.6490857907654368,0.266671487857595,0.0683641555183922,2026-09-04T20:36:51Z
824471,553993,Eugenio Suárez,CIN,MIL,1,5,confirmed,Shane Drohan,Great American Ball Park,2026-09-04T22:10:00Z,4.084283884208036,3052,466,0.5362832032767402,0.2592778419256781,Normal,0.2092208392060608,0.6079793872810196,0.418284495024769,0.8153333854721397,0.6956858111461347,0.4921444618646152,0.3259424836918849,0.1989859992906439,0.6600232137901445,0.415217817835939,0.2558068365690531,0.1812077300164566,0.5900363393196334,0.2072117842936576,0.0427239290558185,2026-09-04T20:36:51Z
824471,661388,William Contreras,MIL,CIN,0,5,confirmed,Rhett Lowder,Great American Ball Park,2026-09-04T22:10:00Z,4.353348132458191,2889,629,0.5334002957228365,1.8149311649256503,Normal,0.1084488225032297,0.6975899069741319,0.3434430218329282,0.5152783485376142,0.7240624932143045,0.5265268174387772,0.3589294656779501,0.2265597592512375,0.6417919424657902,0.3983541311088149,0.2439826646026573,0.1734897985592507,0.6734883365985901,0.292156189441936,0.0795624759938372,2026-09-04T20:36:51Z
824471,668709,JJ Bleday,CIN,MIL,1,6,confirmed,Shane Drohan,Great American Ball Park,2026-09-04T22:10:00Z,3.936003832231661,1998,466,0.4312824261069986,-0.1293599226425705,Normal,0.1134852090075672,0.5694714408116852,0.3822170281326363,0.6625444586853546,0.6375259784068738,0.4297941776086216,0.2716602408977346,0.1574504590749907,0.569566527136115,0.3273647822874718,0.1901558431306854,0.136064936256314,0.55391555869999,0.1767749932799964,0.032230594677757,2026-09-04T20:36:51Z
824471,668930,Brice Turang,MIL,CIN,0,6,confirmed,Rhett Lowder,Great American Ball Park,2026-09-04T22:10:00Z,4.1806265860257135,2323,629,0.5330728841725574,-1.841056970136016,Normal,0.1146913723207982,0.6451751266982113,0.4292480610764421,0.6281606989288204,0.6869463139275428,0.483393643073763,0.3189014765879578,0.1940891423288636,0.606802292689793,0.3630864661103051,0.2168213776034653,0.1545006288227773,0.6247627920738863,0.2402608285563311,0.0559729977763307,2026-09-04T20:36:51Z
824471,680574,Matt McLain,CIN,MIL,1,7,confirmed,Shane Drohan,Great American Ball Park,2026-09-04T22:10:00Z,3.927445222737011,1416,466,0.4905622226324951,-0.7563996150003879,Normal,0.1305203995938414,0.5921381213359035,0.374088387524349,0.7419109085190324,0.6619788346767753,0.454801203244633,0.2926467462393892,0.1729794511366418,0.5876460840989257,0.3434737196139869,0.2015589305830423,0.143783735320722,0.5752334362075192,0.1935107679410841,0.0374452156123107,2026-09-04T20:36:51Z
824471,669003,Garrett Mitchell,MIL,CIN,0,7,confirmed,Rhett Lowder,Great American Ball Park,2026-09-04T22:10:00Z,3.798962583163164,902,629,0.5035007695607613,0.7220716322871804,Normal,0.1053926358405507,0.6060997825282147,0.4266160260500363,0.7168644237566884,0.6627684426161207,0.4558470345194635,0.2937254241976845,0.1739343549396384,0.5854571788422619,0.3417129087067454,0.2004367990922531,0.1430659329877894,0.5883160503397004,0.2047899197355942,0.0414304844950097,2026-09-04T20:36:51Z
824471,699302,Héctor Rodríguez,CIN,MIL,1,8,confirmed,Shane Drohan,Great American Ball Park,2026-09-04T22:10:00Z,3.6456040828002743,82,466,0.4190696871980585,0.1695523535879942,Normal,0.1113737913237595,0.5936418021729297,0.2723788959029897,0.6375810566630914,0.678199877139485,0.4706223036308213,0.305266489805116,0.1817932328517323,0.5727049349215871,0.328758180016529,0.1904890657415043,0.136161448634163,0.5767391461730664,0.1927080885819629,0.036228083955971,2026-09-04T20:36:51Z
824471,806198,Cooper Pratt,MIL,CIN,0,8,confirmed,Rhett Lowder,Great American Ball Park,2026-09-04T22:10:00Z,3.75826921724373,196,629,0.4393039224281684,0.157591020129363,Normal,0.0867819999064128,0.6224080892760279,0.2903334910510547,0.5219870230048391,0.649174447002802,0.4414261583851403,0.2813001337944633,0.1645313243299972,0.5682286666088162,0.326036484851728,0.1892011854926482,0.1354418817600158,0.6036069146493852,0.217634198708019,0.0457192320478165,2026-09-04T20:36:51Z
824471,695490,Edwin Arroyo,CIN,MIL,1,9,confirmed,Shane Drohan,Great American Ball Park,2026-09-04T22:10:00Z,3.3966031573167106,158,466,0.3700383763399951,-1.9830493090556944,Normal,0.0642102476004636,0.563434213914555,0.2162463947215119,0.6080986949904243,0.5753437763972337,0.3675799693986809,0.2202530088946807,0.1199101269441141,0.5060402195565161,0.271884592880398,0.1513215846167077,0.1098203117038513,0.5484745899332968,0.168055209417474,0.0277889955771883,2026-09-04T20:36:51Z
824471,666152,David Hamilton,MIL,CIN,0,9,confirmed,Rhett Lowder,Great American Ball Park,2026-09-04T22:10:00Z,3.3868255624831907,896,629,0.4448145880158992,0.5653322493657129,Normal,0.0892430828618263,0.5447129725481477,0.3020996931480875,0.5272562835606441,0.6067378319391379,0.3971537068132288,0.2436329439166915,0.1363318123982852,0.5170403755779397,0.2810646971913433,0.1576170092272055,0.1140831751975652,0.5307693483075019,0.1562240750993207,0.0250906844996907,2026-09-04T20:36:51Z
824554,803011,Sam Antonacci,CWS,MIN,1,1,confirmed,Zebby Matthews,Rate Field,2026-09-04T23:40:00Z,4.414390505492225,483,999,0.6824694109916806,-0.19824169286467933,Normal,0.11730305876157676,0.7062715630566021,0.4779245248034817,0.5274750857506344,0.725032736658977,0.5284419890515484,0.3617399418981881,0.22931169887022868,0.6558566840508268,0.41404988543205773,0.25713618407446803,0.18356293965576598,0.6812664866722029,0.30233661142522034,0.08520903073978053,2026-09-04T22:49:34Z
824554,807712,Luke Keaschall,MIN,CWS,0,1,confirmed,Erick Fedde,Rate Field,2026-09-04T23:40:00Z,4.65603919380032,735,2459,0.6204519021556578,1.3750190605241324,Normal,0.09893564782012133,0.708203545997031,0.4262136561535447,0.5268978171794094,0.721063611201405,0.5249809747692498,0.3594743950887756,0.22822535521359114,0.6423203156262942,0.40133727116422846,0.24793297061894837,0.17735690996611783,0.6830305420603763,0.3065339516135227,0.0888798134381028,2026-09-04T22:49:34Z
824554,678246,Miguel Vargas,CWS,MIN,1,2,confirmed,Zebby Matthews,Rate Field,2026-09-04T23:40:00Z,4.315515193144237,1770,999,0.5929730362559886,0.5248916013320054,Normal,0.13802593673467917,0.6386574941615245,0.41450432047588637,0.5849021842319662,0.6955255398391043,0.49376573955585995,0.3292684017749492,0.20271172937790513,0.6336946663238108,0.3905801397288674,0.2384432092519989,0.17028543212061845,0.6184450281376641,0.23561778401931727,0.05484630023576045,2026-09-04T22:49:34Z
824554,686797,Brooks Lee,MIN,CWS,0,2,confirmed,Erick Fedde,Rate Field,2026-09-04T23:40:00Z,4.49106808026234,1255,2459,0.4733705014203776,-0.38921679450911506,Normal,0.13631486598455245,0.6700927348665131,0.2572260495854751,0.5428412573334197,0.6943690942307769,0.4936775112516157,0.3300993777047493,0.2040574276286884,0.6376058177909137,0.3957809583846556,0.24317117956902318,0.17384506703168884,0.647670792217595,0.26653174477046354,0.0690272035395886,2026-09-04T22:49:34Z
824554,808959,Munetaka Murakami,CWS,MIN,1,3,confirmed,Zebby Matthews,Rate Field,2026-09-04T23:40:00Z,4.315515193144237,460,999,0.7031853145464535,-1.8022265680664646,Normal,0.2613152562604175,0.651717926424039,0.5360526477101204,0.8417064891539591,0.7443905903010639,0.5508379935629363,0.38226640987837646,0.24569658877208073,0.7171467046925274,0.48129210328565564,0.31157554719155073,0.22228474433304038,0.6306281230755104,0.24708618246248365,0.059292989509725315,2026-09-04T22:49:34Z
824554,665019,Kody Clemens,MIN,CWS,0,3,confirmed,Erick Fedde,Rate Field,2026-09-04T23:40:00Z,4.237636114203722,1281,2459,0.5308246576885324,0.604294170586489,Normal,0.17086831413491557,0.630704030377353,0.323825388952814,0.5952577205904089,0.6880020783595008,0.4855408308434968,0.3219803423074541,0.19702377953693684,0.6522301863697395,0.40958573819012006,0.2532065343068905,0.18062543213553484,0.6110109463768826,0.22885104539774917,0.05226472315423595,2026-09-04T22:49:34Z
824554,643217,Andrew Benintendi,CWS,MIN,1,4,confirmed,Zebby Matthews,Rate Field,2026-09-04T23:40:00Z,4.121719123400903,2560,999,0.48864708680544366,0.024080415672046614,Normal,0.13536787035865322,0.6873458058605986,0.32547941602067365,0.5702646369449244,0.6925413043556823,0.48914265006329105,0.32409681506063326,0.19784621557996906,0.6531015358768691,0.4089124250579257,0.2517052444748822,0.17919608659550032,0.6637841046419002,0.27917203113365857,0.07164472184627071,2026-09-04T22:49:34Z
824554,680777,Ryan Jeffers,MIN,CWS,0,4,confirmed,Erick Fedde,Rate Field,2026-09-04T23:40:00Z,4.237636114203721,1810,2459,0.4821919434555483,-0.21107226045731473,Normal,0.12493379365205759,0.6516596021119457,0.37994069970121325,0.5742593575887972,0.6826742596069854,0.47946513509399674,0.3163977413701548,0.19251991592066806,0.6269858946198582,0.383783524405464,0.23316428697883493,0.1665661012360707,0.6305691030035153,0.2470707990581863,0.05927160326169032,2026-09-04T22:49:34Z
824554,695657,Colson Montgomery,CWS,MIN,1,5,confirmed,Zebby Matthews,Rate Field,2026-09-04T23:40:00Z,4.105639959583561,843,999,0.5833725548035058,-0.23954738830818836,Normal,0.23909672321657863,0.6511619734392948,0.35632303024847306,0.8157285900250913,0.7219065531191706,0.5224031065978787,0.35416665685593274,0.22160706137925998,0.7041426637646038,0.4643952490330332,0.29612610231647835,0.2105032628533826,0.6301748220653539,0.24433232801231144,0.056707570981379275,2026-09-04T22:49:34Z
824554,605137,Josh Bell,MIN,CWS,0,5,confirmed,Erick Fedde,Rate Field,2026-09-04T23:40:00Z,4.237636114203722,2954,2459,0.4732230684785027,0.05143373346844044,Normal,0.13160137140343675,0.6547917159952151,0.3848548215762483,0.5158097449958645,0.6790203800959476,0.4753136038102993,0.31261689083383515,0.18950326345020163,0.6263700262589551,0.3829960564836632,0.2324795275525144,0.16606959956430029,0.6334977042874271,0.2496631542895319,0.06019634037256809,2026-09-04T22:49:34Z
824554,695731,Braden Montgomery,CWS,MIN,1,6,confirmed,Zebby Matthews,Rate Field,2026-09-04T23:40:00Z,4.026972006461104,295,999,0.5173712123800958,-0.11065440365321519,Normal,0.11629554864306658,0.6537944355042975,0.3998764907735451,0.5744143772564393,0.6688778939715734,0.4627929442223833,0.30046875521248134,0.17924740541724643,0.6221425500713895,0.377094613623693,0.22701224751311597,0.16193617462200932,0.6326460280788544,0.24599094682253553,0.056873904941514244,2026-09-04T22:49:34Z
824554,663616,Trevor Larnach,MIN,CWS,0,6,confirmed,Erick Fedde,Rate Field,2026-09-04T23:40:00Z,4.023266368543971,1774,2459,0.4835013304482635,-0.004337632764162423,Normal,0.12294269793316547,0.6337617671838753,0.3788728386723845,0.5169498374148035,0.671998859965653,0.466801032452165,0.304457200014424,0.1826777370853809,0.6100202192287755,0.36614638847694947,0.21928995510314805,0.15676471592807317,0.6139406205146077,0.22934581824253658,0.05115800567007651,2026-09-04T22:49:34Z
824554,671976,Tristan Peters,CWS,MIN,1,7,confirmed,Zebby Matthews,Rate Field,2026-09-04T23:40:00Z,3.708515674471708,435,999,0.49895991947736223,1.2416345486119658,Normal,0.13093110056927498,0.6546629383277911,0.3248825314835519,0.5170204581879871,0.6881998948946201,0.4821410090485634,0.3162666440738623,0.19055723441442662,0.6383872980172788,0.3915437489333911,0.2370133712926709,0.16853914351222027,0.6335392832450375,0.24435516853470562,0.05479349334269602,2026-09-04T22:49:34Z
824554,668904,Royce Lewis,MIN,CWS,0,7,confirmed,Erick Fedde,Rate Field,2026-09-04T23:40:00Z,4.023266368543972,1441,2459,0.44106885113024763,-0.20661381149046462,Normal,0.12815944629258827,0.6346752262418818,0.2635468228209155,0.6341839744738196,0.6832482968414385,0.47887557382125084,0.31498184659475764,0.19075566751591558,0.6118066106646869,0.36778676428779594,0.2204822375984537,0.1575861465699681,0.6147994101309864,0.23004056038385778,0.051394176992059955,2026-09-04T22:49:34Z
824554,805367,Chase Meidroth,CWS,MIN,1,8,confirmed,Zebby Matthews,Rate Field,2026-09-04T23:40:00Z,3.708515674471707,1070,999,0.43413979204396996,0.7372767024734597,Normal,0.08043755669747187,0.629156916119982,0.28087110576585583,0.5474904879079169,0.6474044656503845,0.43932798744580975,0.27968247544908686,0.16304096089349177,0.5600749379257497,0.31901442786128387,0.1844848572355168,0.13277514464238738,0.6097388948890993,0.2224702961632702,0.046720449354427776,2026-09-04T22:49:34Z
824554,701785,Kaelen Culpepper,MIN,CWS,0,8,confirmed,Erick Fedde,Rate Field,2026-09-04T23:40:00Z,3.9140081122716426,88,2459,0.4632800026983127,0.5919829025667478,Normal,0.11235955238047649,0.637820570143675,0.2855459877361627,0.5886210619931592,0.6881264812067845,0.48373499200420156,0.3189317211655983,0.193571321258949,0.6020019244885901,0.3580412411326372,0.21306974894482625,0.15243775364731776,0.6177630395178045,0.23204790748847756,0.05175884665166112,2026-09-04T22:49:34Z
824554,691019,Kyle Teel,CWS,MIN,1,9,confirmed,Zebby Matthews,Rate Field,2026-09-04T23:40:00Z,3.554407843898138,367,999,0.5214077542355795,-2.13908734807339,Cold,0.12374233854470588,0.6215565064478188,0.38616835950939576,0.7006984886742776,0.6743061548521984,0.46591747664141203,0.3013146087149826,0.17857783143200634,0.5969715022495244,0.3505971012520316,0.2062456594890407,0.14742025247949636,0.6027551624906914,0.21393554414049026,0.042780056878479765,2026-09-04T22:49:34Z
824554,805805,Walker Jenkins,MIN,CWS,0,9,confirmed,Erick Fedde,Rate Field,2026-09-04T23:40:00Z,3.768739971322132,24,2459,0.5006508606809478,,Unknown,0.123945891951555,0.6112285501413912,0.3463488148036876,0.483853665889658,0.6605960780397668,0.4534998431603591,0.2921777658139771,0.17279619674358693,0.5949804632228816,0.3508118021149096,0.2074801594939284,0.14854877988854687,0.592967885414464,0.20864226161233804,0.04274992919729359,2026-09-04T22:49:34Z
824797,677942,Blaze Alexander,BAL,BOS,1,1,confirmed,Ranger Suarez,Oriole Park at Camden Yards,2026-09-04T23:05:00Z,4.221107064107873,720,3001,0.5685346454774226,1.4612607909332151,Normal,0.10082010567256587,0.6834222960899573,0.3411080616689132,0.651965981876522,0.6910027712196087,0.48894819002214385,0.325062489600172,0.19945871318817252,0.625082180849992,0.38223223462650446,0.23215367235581588,0.1659064700338782,0.6600858099641573,0.27787553827315814,0.07286376883942682,2026-09-04T22:49:34Z
824797,701350,Roman Anthony,BOS,BAL,0,1,confirmed,Shane Baz,Oriole Park at Camden Yards,2026-09-04T23:05:00Z,4.745108133440782,458,1819,0.6920022060042811,1.1249629893413042,Normal,0.11647139366872127,0.700575675696225,0.516311907248161,0.7753852540349029,0.7307110236228623,0.5366694264264673,0.37073461261650964,0.23771448008767418,0.6552606293799175,0.4149993323179336,0.25885854922155993,0.18516803762197326,0.6759545943642499,0.2988890462206304,0.08541220310314754,2026-09-04T22:49:34Z
824797,691723,Coby Mayo,BAL,BOS,1,2,confirmed,Ranger Suarez,Oriole Park at Camden Yards,2026-09-04T23:05:00Z,4.185779838038693,712,3001,0.5512954998519972,1.2597074913323394,Normal,0.16219630879394475,0.6340448604146922,0.3365034896132733,0.759471703228869,0.689119860201661,0.4861628919754737,0.3220838813585604,0.1967691051106921,0.6400153505810885,0.39641084961905443,0.24260121741214924,0.17306547846971482,0.6141644992240197,0.2308149303302695,0.052490894774683744,2026-09-04T22:49:34Z
824797,681508,Mickey Gasper,BOS,BAL,0,2,confirmed,Shane Baz,Oriole Park at Camden Yards,2026-09-04T23:05:00Z,4.311120648446818,306,1819,0.5635759441670344,1.7381476040982886,Normal,0.13093622158490603,0.6291792178791161,0.44939773234236025,0.5863646444332082,0.6718620877629117,0.46858426458271224,0.30744783557454275,0.1860474892702271,0.6105336781397664,0.36864128146020225,0.22225764465823333,0.15915905180689988,0.6095549450350384,0.22845944915028815,0.05267226597916744,2026-09-04T22:49:34Z
824797,673357,Luis Robert Jr.,BAL,BOS,1,3,confirmed,Ranger Suarez,Oriole Park at Camden Yards,2026-09-04T23:05:00Z,4.185779838038691,2079,3001,0.5321011989224059,-0.013067344156532068,Normal,0.159578279517148,0.6563066065943703,0.2990258819851567,0.6762509189967378,0.707915778110204,0.5071491613689139,0.3408422550092835,0.21144447877974823,0.647770284283179,0.40414429571305566,0.24840898950150544,0.1770350818105979,0.6349151476884412,0.25046503604327797,0.060025660730800234,2026-09-04T22:49:34Z
824797,668939,Adley Rutschman,BOS,BAL,0,3,confirmed,Shane Baz,Oriole Park at Camden Yards,2026-09-04T23:05:00Z,4.311120648446819,2510,1819,0.47609837521828524,-1.5156804175632512,Normal,0.10868052405381816,0.6379069094651265,0.40352708587742914,0.5623432445478593,0.670687397968793,0.46760261253615254,0.3066389870816565,0.18540350199317662,0.602157568330006,0.3608636922583308,0.21644980226572919,0.15508430498911438,0.6176714167136903,0.23636694843958722,0.05566409244467643,2026-09-04T22:49:34Z
824797,624413,Pete Alonso,BAL,BOS,1,4,confirmed,Ranger Suarez,Oriole Park at Camden Yards,2026-09-04T23:05:00Z,4.185779838038692,3360,3001,0.5675628154073262,0.27399318118941957,Normal,0.21743836138159814,0.6689698831497675,0.3801082966246522,0.618531413891015,0.7389273612779053,0.5433919983093715,0.3744312508291017,0.2385870710265809,0.6992259045557994,0.45952058421674613,0.2925904444323492,0.208204584647935,0.6467091182198597,0.26190202577767546,0.06456545488519201,2026-09-04T22:49:34Z
824797,677800,Wilyer Abreu,BOS,BAL,0,4,confirmed,Shane Baz,Oriole Park at Camden Yards,2026-09-04T23:05:00Z,4.247451871679656,1556,1819,0.5303105063187026,0.860116925840773,Normal,0.15314615131360157,0.6528923103054719,0.3769784483390165,0.6499781091145784,0.7089011542247976,0.5087757852489708,0.34278548363393097,0.21337951733428318,0.6535817920439922,0.41072028525254345,0.25393551406864406,0.18108274867852647,0.6317199517382714,0.24819543762364596,0.05976322838493405,2026-09-04T22:49:34Z
824797,683002,Gunnar Henderson,BAL,BOS,1,5,confirmed,Ranger Suarez,Oriole Park at Camden Yards,2026-09-04T23:05:00Z,4.161492304285362,2752,3001,0.48881900984739524,0.6107763012738361,Normal,0.12084659034463038,0.6386947287413515,0.3258055143126181,0.6191489670605472,0.692881595940379,0.48956707061266985,0.32452530195537704,0.19822858414049707,0.621802191606246,0.37752332478271283,0.22778479923137993,0.16262830777627527,0.6185436987979575,0.2336794914547226,0.05285456833032422,2026-09-04T22:49:34Z
824797,686765,Nick Sogard,BOS,BAL,0,5,confirmed,Shane Baz,Oriole Park at Camden Yards,2026-09-04T23:05:00Z,4.2049651114109645,390,1819,0.4930354743015707,0.268769355894831,Normal,0.08832463551346817,0.6488050047543892,0.3917121914929867,0.6450313254193821,0.6631199481723727,0.4581581998850935,0.2975601245470211,0.17785444433234013,0.5947507277505392,0.3525926995429587,0.2097720135289122,0.15036350402359236,0.6279295962784047,0.24393716495254333,0.057696922314359585,2026-09-04T22:49:34Z
824797,687952,Christian Encarnacion-Strand,BAL,BOS,1,6,confirmed,Ranger Suarez,Oriole Park at Camden Yards,2026-09-04T23:05:00Z,3.9190120125190906,642,3001,0.43306416782341445,-0.014854280141762637,Normal,0.1488481455691884,0.6404624037529564,0.2428211190108701,0.664639769516524,0.6866442882075499,0.48152123285482024,0.3164692182249573,0.19124552526379845,0.629079260170166,0.3834192291129856,0.2314713453524456,0.16489979108306074,0.6202485868273662,0.23335881270242134,0.05150084727425063,2026-09-04T22:49:34Z
824797,702332,Caleb Durbin,BOS,BAL,0,6,confirmed,Shane Baz,Oriole Park at Camden Yards,2026-09-04T23:05:00Z,4.101894169525583,1021,1819,0.44134204525652815,-0.4835926518988226,Normal,0.08935962432956267,0.6277474747469338,0.33379603292138876,0.4715244509403572,0.6571404567812058,0.4513708235269224,0.2913646959832913,0.172887945993108,0.5745805124670963,0.333717509089196,0.1958800641642529,0.14078133172258034,0.6083138270500318,0.22460172283112498,0.04966233775688163,2026-09-04T22:49:34Z
824797,702616,Jackson Holliday,BAL,BOS,1,7,confirmed,Ranger Suarez,Oriole Park at Camden Yards,2026-09-04T23:05:00Z,3.866030009648717,1175,3001,0.3831130583601175,-0.7856993447012538,Normal,0.08220688425790007,0.5961459539600182,0.2607243842731195,0.6164127698773266,0.6276275021787606,0.41984485801623855,0.2638546634824633,0.1516902844863842,0.5430571000784832,0.3048951811796174,0.1749426383408469,0.12637933121710285,0.5788380347643008,0.19635730455135209,0.03823156682570366,2026-09-04T22:49:34Z
824797,680776,Jarren Duran,BOS,BAL,0,7,confirmed,Shane Baz,Oriole Park at Camden Yards,2026-09-04T23:05:00Z,4.1018941695255835,2574,1819,0.45204378314417093,0.34529625203384373,Normal,0.11564744437952185,0.6307307773480694,0.2845260994534031,0.7043333893081918,0.6684290310588779,0.4633171658987091,0.3016743042605302,0.18073561402656166,0.6239853645985874,0.37997816654025657,0.22981158417599978,0.16409063515263955,0.6110950538713966,0.22725123810965986,0.05069381777213601,2026-09-04T22:49:34Z
824797,665966,Carlos Narváez,BAL,BOS,1,8,confirmed,Ranger Suarez,Oriole Park at Camden Yards,2026-09-04T23:05:00Z,3.5828496813505675,721,3001,0.39447416686887055,-2.2611111807783137,Cold,0.08900230205527965,0.5619559641828393,0.2977473215641366,0.6916655393316629,0.6055833623392528,0.3971822775653427,0.24474743618822817,0.13746330880532004,0.531145530426064,0.2938292220582834,0.16690643881728798,0.12089289791790786,0.5468129785879927,0.169205223393111,0.02903100146760592,2026-09-04T22:49:34Z
824797,596115,Trevor Story,BOS,BAL,0,8,confirmed,Shane Baz,Oriole Park at Camden Yards,2026-09-04T23:05:00Z,3.9998958300167455,1517,1819,0.46037128357460677,0.8895363659640605,Normal,0.10542996938645365,0.6349071689620507,0.22703997078287774,0.7495019206353151,0.6772194021254955,0.4722682751293044,0.30914959607816,0.18624212490111489,0.5956078249669773,0.3524827571327305,0.2092269878034507,0.1498686643208505,0.6150228267730204,0.23015471184442676,0.05142766508467858,2026-09-04T22:49:34Z
824797,665750,Leody Taveras,BAL,BOS,1,9,confirmed,Ranger Suarez,Oriole Park at Camden Yards,2026-09-04T23:05:00Z,3.4902020451858475,2044,3001,0.43527055131053977,-1.1192097817486448,Normal,0.08417626784989668,0.5781222585220358,0.2501207591057493,0.5863202093310522,0.62157402124033,0.4117938765872354,0.2559677980138828,0.14511387443284618,0.5387755875227068,0.29942506688624393,0.17040413675994887,0.12322427796422378,0.5620869377186767,0.1796452352601746,0.03160187221641544,2026-09-04T22:49:34Z
824797,642201,Eli White,BOS,BAL,0,9,confirmed,Shane Baz,Oriole Park at Camden Yards,2026-09-04T23:05:00Z,3.0880227021563984,632,1819,0.3787435600684352,0.5992233882228507,Normal,0.08160039377293311,0.5139027708929031,0.18899189517356155,0.6169586617302246,0.57506076064528,0.3658771225210523,0.21863148603842236,0.11830287431653358,0.4877307397931311,0.2571012179521343,0.14177025434751073,0.10398876778800298,0.5016773697866787,0.13380018542336247,0.018490668082773387,2026-09-04T22:49:34Z
