game_pk,player_id,name,team,opponent,is_home,lineup_slot,lineup_status,opposing_pitcher,venue_name,start_time_utc,expected_pa,batter_pa_seen,pitcher_pa_seen,exp_runs,form_z,form_state,prob_hr,prob_hit,prob_walk,prob_k,prob_hrr_over_0.5,prob_hrr_over_1.5,prob_hrr_over_2.5,prob_hrr_over_3.5,prob_tb_over_0.5,prob_tb_over_1.5,prob_tb_over_2.5,prob_tb_over_3.5,prob_hits_over_0.5,prob_hits_over_1.5,prob_hits_over_2.5,predicted_at_utc
822689,682928,CJ Abrams,WSH,MIA,1,1,confirmed,Ryan Gusto,Nationals Park,2026-08-31T22:45:00Z,4.475355833246661,2730,734,0.658496111742086,-2.81812566308523,Cold,0.15758703879669836,0.6993835044439586,0.3702746031152139,0.6559214523426823,0.7264521731871859,0.5304486492251508,0.36341035013756373,0.23095132719290498,0.6854685463523715,0.4475681176834052,0.2843735667088754,0.20237983575663754,0.674462539535688,0.29559979180930984,0.0824327782054394,2026-08-31T19:59:44Z
822689,681715,Heriberto Hernández,MIA,WSH,0,1,confirmed,Will Dion,Nationals Park,2026-08-31T22:45:00Z,4.505532877075495,687,140,0.5964348765026756,0.4267004788391803,Normal,0.20079958758747707,0.6518214083075603,0.3696271037437264,0.7915559874265813,0.7051668929743566,0.5065033342511067,0.34174260557596736,0.21377030832392266,0.6742643406074801,0.4360996405312355,0.2755191827029828,0.19622691259782898,0.6302666236611629,0.2503318725695227,0.06260116153400519,2026-08-31T19:59:44Z
822689,694673,Abimelec Ortiz,WSH,MIA,1,2,confirmed,Ryan Gusto,Nationals Park,2026-08-31T22:45:00Z,4.038859074239108,89,734,0.5352835046047009,-0.41074575373207034,Normal,0.16453106516892202,0.6549786652862799,0.301327573768778,0.5867894635106301,0.7005794532452879,0.49908163222670177,0.3332209062440454,0.20559756296521564,0.6529122785919782,0.41082863876882886,0.25371511043225775,0.18007466483406168,0.6333036646751595,0.24968136815147973,0.06000576306531756,2026-08-31T19:59:44Z
822689,672640,Otto Lopez,MIA,WSH,0,2,confirmed,Will Dion,Nationals Park,2026-08-31T22:45:00Z,4.505532877075496,1620,140,0.5313762563200141,-0.7984869009688991,Normal,0.09848211052958955,0.7029902941264875,0.26035476518374273,0.5253608868464303,0.6961116226373883,0.49588789661382443,0.33177766162818384,0.20558796053347161,0.6357945909043434,0.3952158141482226,0.24277386081246524,0.17290051088524444,0.677780413425075,0.3001414909338477,0.08509819722193024,2026-08-31T19:59:44Z
822689,665953,Andrés Chaparro,WSH,MIA,1,3,confirmed,Ryan Gusto,Nationals Park,2026-08-31T22:45:00Z,3.9675610748624006,374,734,0.46025553623614235,0.8640792500744593,Normal,0.12041018030954818,0.6036605007887292,0.35612766520281414,0.6036811673433279,0.6396450106394118,0.43332976528431016,0.27556400345839355,0.1611430829892892,0.5936339879095044,0.35182378633927297,0.20872550806163212,0.14883415657289398,0.5854767025612476,0.20474660135669734,0.04244594902556992,2026-08-31T19:59:44Z
822689,682663,Agustín Ramírez,MIA,WSH,0,3,confirmed,Will Dion,Nationals Park,2026-08-31T22:45:00Z,4.472581717625301,775,140,0.5021548787311282,-0.551957866611386,Normal,0.1284097743536282,0.6424897524984924,0.33263160763048344,0.679921638985837,0.6661630860376386,0.4627272471287333,0.3020326755637797,0.18213056391757004,0.6230998373719702,0.38206382823090496,0.23244232091038697,0.16561222541907256,0.6216254894088115,0.24062048507309733,0.057894162263668024,2026-08-31T19:59:44Z
822689,695734,Daylen Lile,WSH,MIA,1,4,confirmed,Ryan Gusto,Nationals Park,2026-08-31T22:45:00Z,3.9675610748624,922,734,0.5141123008963973,1.5325015505675337,Normal,0.13293043682303335,0.6732120722164555,0.28940212437164115,0.5228361225898166,0.696888561240802,0.49407208545496617,0.3279048205698268,0.20074154264633096,0.6552446565706319,0.41227735502000556,0.25410328631038515,0.17999500030789484,0.6502544392060512,0.26530264206916543,0.06525835882903874,2026-08-31T19:59:44Z
822689,691594,Javier Sanoja,MIA,WSH,0,4,confirmed,Will Dion,Nationals Park,2026-08-31T22:45:00Z,4.047310111991126,764,140,0.4044071692174549,1.4378467019148695,Normal,0.09530346649302919,0.6450759818528548,0.23518527858435312,0.414116933274001,0.6424639674739132,0.4368707045644073,0.2790076405065721,0.1640386247124577,0.6069002293103443,0.36503774207929396,0.2188508679767452,0.155906925102351,0.6240914511087311,0.24088706146314162,0.05664083189363567,2026-08-31T19:59:44Z
822689,691781,Brady House,WSH,MIA,1,5,confirmed,Ryan Gusto,Nationals Park,2026-08-31T22:45:00Z,3.9675610748624006,557,734,0.41516194594119704,0.3050116940015696,Normal,0.09254858822130527,0.6212684125406857,0.23638794017805898,0.698754306883935,0.6409597943560122,0.4338278350467864,0.27536557682201757,0.16054669989633086,0.5711044022894985,0.33048474730817057,0.19289162750030858,0.13790828108410358,0.6019859680631695,0.21774840478440438,0.04622465204046392,2026-08-31T19:59:44Z
822689,669065,Kyle Stowers,MIA,WSH,0,5,confirmed,Will Dion,Nationals Park,2026-08-31T22:45:00Z,4.047310111991126,1218,140,0.4493242395524775,0.18377405718178172,Normal,0.13854612131149374,0.6299915404714392,0.32899783038457253,0.8089647939070007,0.6666597716013561,0.46164906113410936,0.2998427313520008,0.17949144418014865,0.6270418939387777,0.3841960765660325,0.2329610637018176,0.16554699380901425,0.6100519709470342,0.226997863752726,0.050726133582258,2026-08-31T19:59:44Z
822689,678391,Jorbit Vivas,WSH,MIA,1,6,confirmed,Ryan Gusto,Nationals Park,2026-08-31T22:45:00Z,3.6361092647299835,375,734,0.40300049855860326,0.7721139883519011,Normal,0.08515070727743476,0.5887525648867359,0.3936654492746385,0.40801329785761814,0.5934832818167839,0.38662328196621926,0.23647876316206437,0.13219250030209115,0.5429223386763659,0.30512847338597004,0.17477174814401025,0.12558320808673623,0.5716510064655039,0.1902764867106032,0.036170492997359596,2026-08-31T19:59:44Z
822689,677870,Leo Jiménez,MIA,WSH,0,6,confirmed,Will Dion,Nationals Park,2026-08-31T22:45:00Z,3.903192032290673,434,140,0.38777784650880415,0.292342516586868,Normal,0.09444504714681137,0.5665487729220694,0.3743267729372662,0.6610666343155079,0.5819879660406977,0.3773810191910877,0.23014848773766716,0.12839959129447395,0.5342640499505952,0.29932326188879477,0.17146604816273484,0.12347535142707643,0.5506857345884154,0.17623027603225458,0.03292095994536459,2026-08-31T19:59:44Z
822689,696285,Jacob Young,WSH,MIA,1,7,confirmed,Ryan Gusto,Nationals Park,2026-08-31T22:45:00Z,3.6361092647299826,1423,734,0.37662173965372475,1.0722606023860606,Normal,0.06079200840064935,0.5865604099077596,0.28118118605685694,0.4851616972829744,0.5963539867598944,0.38902201317770646,0.23814749016091363,0.13319766517903195,0.5185220471255347,0.2847348056950844,0.16078148245473065,0.11612380615785782,0.5696141374938769,0.18811982813780545,0.03514653652289903,2026-08-31T19:59:44Z
822689,805300,Jakob Marsee,MIA,WSH,0,7,confirmed,Will Dion,Nationals Park,2026-08-31T22:45:00Z,3.903192032290674,756,140,0.42653765846719804,-0.055849773430905206,Normal,0.07956297094841533,0.5857597944208356,0.39081042143987377,0.6268970178673471,0.6128194716266633,0.4063994203566905,0.25308879238239956,0.1445117753037381,0.5470277139972977,0.3099340782294204,0.17864795832803076,0.12828184840781717,0.5687263212220448,0.19018294898977048,0.03706012145904058,2026-08-31T19:59:44Z
822689,660688,Keibert Ruiz,WSH,MIA,1,8,confirmed,Ryan Gusto,Nationals Park,2026-08-31T22:45:00Z,3.636109264729983,2058,734,0.39366230601926233,1.7070946410346557,Normal,0.09673583019273502,0.6370738896611924,0.24786607567404056,0.3478297031663274,0.6502339909543933,0.4416010456765576,0.2807245105861534,0.16369519389483778,0.5853575218499557,0.3416440237661595,0.20002396867317526,0.14255091678765566,0.6168363574225041,0.2284179069245205,0.04855866343757487,2026-08-31T19:59:44Z
822689,665923,Esteury Ruiz,MIA,WSH,0,8,confirmed,Will Dion,Nationals Park,2026-08-31T22:45:00Z,3.5025494955612735,821,140,0.38470687218778915,-1.7973206625862428,Normal,0.08683685409882375,0.5503331252754959,0.32824484653652636,0.6800218393614095,0.5866029322701627,0.37978908893714114,0.23090713465985202,0.12819554769955446,0.5204216869068196,0.28617693333472694,0.1617923428337181,0.11685593900509395,0.535583652148277,0.16205487807749658,0.02755985980500505,2026-08-31T19:59:44Z
822689,687605,Andrew Pinckney,WSH,MIA,1,9,confirmed,Ryan Gusto,Nationals Park,2026-08-31T22:45:00Z,2.6527859919848877,21,734,0.3212467256111738,-0.5614323896709935,Normal,0.07314976540526445,0.4798772547652749,0.2122338930478192,0.49362067557151196,0.5501054985494064,0.33862819591368576,0.1947235976504143,0.1006712990477484,0.4584544431979336,0.23178779296058907,0.12394353812829423,0.0914835237334022,0.4696391455930899,0.10787426732865382,0.010894504178970898,2026-08-31T19:59:44Z
822689,640459,Brian Navarreto,MIA,WSH,0,9,confirmed,Will Dion,Nationals Park,2026-08-31T22:45:00Z,2.9292889124781953,60,140,0.35845479944170605,-2.0052431578345953,Cold,0.09902289923006491,0.48873979233413345,0.21906577270507432,0.6031288296431287,0.5391320548131928,0.3331792408614186,0.19310993122810907,0.10112492821245882,0.4902855345449707,0.2582449703581378,0.1417746399345513,0.10338012918120325,0.4777153531629644,0.11771412525714708,0.014531287378278582,2026-08-31T19:59:44Z
822855,607043,Brandon Nimmo,TEX,ATH,1,1,projected,Gage Jump,Globe Life Field,2026-09-01T00:05:00Z,4.5364500382426325,3231,387,0.5857489452845679,-1.027725965058045,Normal,0.11305272820594486,0.6774022191576943,0.41843849343255224,0.6664078412703925,0.7002637648572319,0.5003184070198841,0.3356682479560896,0.2086123107832285,0.6349981627994872,0.39418376035226355,0.24189125972236541,0.17227246572622038,0.6540818249420801,0.27372041556245963,0.0724379045312625,2026-08-31T19:59:44Z
822855,671732,Lawrence Butler,ATH,TEX,0,1,projected,Jacob deGrom,Globe Life Field,2026-09-01T00:05:00Z,4.537250663637636,1647,1612,0.5669033663606902,1.949153950368835,Normal,0.1558878743856781,0.6266415495582724,0.3438579645500299,0.8110907660498365,0.672655184588197,0.470507889023356,0.30940159506421916,0.18820796888101793,0.6290709746341577,0.3888736267340893,0.23810750172948822,0.16970168597818708,0.6067893186053506,0.22799890957694108,0.05345500012864141,2026-08-31T19:59:44Z
822855,608369,Corey Seager,TEX,ATH,1,2,projected,Gage Jump,Globe Life Field,2026-09-01T00:05:00Z,4.436556604089095,2504,387,0.5867138670613554,0.21068413400972102,Normal,0.16870152397526852,0.6762375460883007,0.42259214029085124,0.64837997069319,0.7262301961263513,0.5297063018400112,0.3623447487131174,0.2298003490629196,0.6678288975561837,0.42770689126397154,0.2678980362699757,0.1904722431944548,0.6530282203059781,0.27147785600642244,0.07069674181785324,2026-08-31T19:59:44Z
822855,666126,Carlos Cortes,ATH,TEX,0,2,projected,Jacob deGrom,Globe Life Field,2026-09-01T00:05:00Z,4.2271564382066185,423,1612,0.42336063067916885,-1.8280054096835057,Normal,0.12081452553311002,0.6210455209257649,0.26554767672647794,0.6859168200406015,0.6366066111746588,0.432232944457327,0.27601735389213267,0.1624588225566555,0.5993071036287996,0.35924025813460075,0.21530736678266893,0.15369070069561455,0.6016007216969076,0.2221934960201278,0.05059941115289177,2026-08-31T19:59:44Z
822855,694671,Wyatt Langford,TEX,ATH,1,3,projected,Gage Jump,Globe Life Field,2026-09-01T00:05:00Z,4.303149832274326,1499,387,0.5748272102967347,1.2129233683316232,Normal,0.13191924168686323,0.6570069517955389,0.504699744439267,0.6553127582473659,0.7017494536208847,0.5005067115754671,0.33467529540535645,0.2069295708128216,0.6341176981261502,0.391738033859753,0.2390857232144453,0.16997571810352335,0.6351996375914399,0.25182315869925254,0.061260515240256955,2026-08-31T19:59:44Z
822855,680869,Zack Gelof,ATH,TEX,0,3,projected,Jacob deGrom,Globe Life Field,2026-09-01T00:05:00Z,4.227156438206619,1279,1612,0.4474924043005459,0.2837666599073562,Normal,0.12789768761311604,0.6090175915399831,0.2513709586258573,0.8474738981765081,0.6495600995447544,0.44515378804884986,0.28661309872363194,0.17011994560146557,0.5965824674648247,0.35628068465528984,0.21280232992537576,0.1518312520042123,0.590366825094772,0.2115730964713923,0.04603588487923785,2026-08-31T19:59:44Z
822855,592626,Joc Pederson,TEX,ATH,1,4,projected,Gage Jump,Globe Life Field,2026-09-01T00:05:00Z,3.890070061545586,2020,387,0.46551889314978223,-1.8925099414352429,Normal,0.15247098866161077,0.5840638911931572,0.4358365733489365,0.6634625793963498,0.6546570712669206,0.4480812458874951,0.287526482467745,0.16969297966134614,0.5996240546014288,0.3567428452457641,0.2119367900038938,0.15090647668952972,0.5671560356959483,0.1885716971468715,0.036442243544082875,2026-08-31T19:59:44Z
822855,643446,Jeff McNeil,ATH,TEX,0,4,projected,Jacob deGrom,Globe Life Field,2026-09-01T00:05:00Z,4.227156438206619,2595,1612,0.39927251117809776,1.5864905490893642,Normal,0.09615373392684785,0.6432042311650504,0.2534800572721301,0.5244949697339125,0.6472558545653944,0.4420496885930162,0.2835692598477751,0.16758571988164284,0.5923383201368769,0.3516134081201999,0.20909819456739695,0.14924828374136492,0.6223335454843635,0.23968617936965636,0.05644053542075364,2026-08-31T19:59:44Z
822855,553869,Elias Díaz,TEX,ATH,1,5,projected,Gage Jump,Globe Life Field,2026-09-01T00:05:00Z,3.890070061545586,1728,387,0.3677517751337137,-0.6079656275360796,Normal,0.10040731021228444,0.6205032505807846,0.28153873376254623,0.6355175646282992,0.6339571113141995,0.42661519660166736,0.26926670961387883,0.15599421623809576,0.5793179719747572,0.33768198046240494,0.197941882859685,0.14131784951007492,0.6012827769826401,0.21685195497595577,0.045766690068920445,2026-08-31T19:59:44Z
822855,641680,Jonah Heim,ATH,TEX,0,5,projected,Jacob deGrom,Globe Life Field,2026-09-01T00:05:00Z,4.111723863859964,2196,1612,0.3764288629000011,-0.5573763630435498,Normal,0.12168459440070212,0.5683645698756936,0.25534614738148725,0.6700913986100683,0.6163628366446479,0.4105606202216097,0.25701251591802565,0.14774850129236805,0.5580924117338596,0.3202164900112466,0.18625289301671935,0.1335585312285569,0.5523454783553334,0.17842625593488648,0.03399374749869363,2026-08-31T19:59:44Z
822855,669394,Jake Burger,TEX,ATH,1,6,projected,Gage Jump,Globe Life Field,2026-09-01T00:05:00Z,3.8900700615455865,2197,387,0.4521984713978081,0.24224213013811496,Normal,0.16554126861987817,0.6281813054431492,0.31932701998988267,0.6986977955613678,0.6818580946165643,0.4763395727178747,0.31142316816341364,0.1874400081677734,0.6375653162534949,0.3929348741157928,0.23856376204654872,0.16904145932436124,0.6084592657956183,0.22289126580147514,0.04766477299477073,2026-08-31T19:59:44Z
822855,691777,Max Muncy,ATH,TEX,0,6,projected,Jacob deGrom,Globe Life Field,2026-09-01T00:05:00Z,3.957686996049132,464,1612,0.3571079355466069,-0.5440108197455109,Normal,0.11166509303710845,0.5735504592391806,0.23258344667728872,0.8497276286916602,0.6093267017532974,0.40318184171908145,0.2506498346988527,0.14289673343549736,0.5569297561359461,0.3186383363378757,0.18486108271837903,0.13254640024360292,0.5572607819808336,0.1813629350270629,0.03449702097325179,2026-08-31T19:59:44Z
822855,681351,Logan O'Hoppe,TEX,ATH,1,7,projected,Gage Jump,Globe Life Field,2026-09-01T00:05:00Z,3.805847336329293,1456,387,0.3804470674812851,-0.8145224672253891,Normal,0.11798688530064597,0.5959889563188198,0.28290956161349967,0.6937715168091091,0.6343791065054892,0.42633863900661634,0.26856920154466274,0.15515939310066978,0.5675489793860515,0.3264981564207975,0.18966849582855874,0.1356352618325527,0.5784120288993627,0.19608407934244815,0.03808000790902779,2026-08-31T19:59:44Z
822855,687231,Darell Hernaiz,ATH,TEX,0,7,projected,Jacob deGrom,Globe Life Field,2026-09-01T00:05:00Z,3.7965342358039997,484,1612,0.3172760060865433,-1.240393360972238,Normal,0.06693050982931399,0.5584796844772468,0.25121374935868673,0.6018144662592899,0.5524325870468975,0.3502346842098635,0.20893833244858095,0.11359539094534252,0.4968178501426723,0.268609189642913,0.15055003584286628,0.10929927130871718,0.5431374461047844,0.1696392319787574,0.030491223607542136,2026-08-31T19:59:44Z
822855,677649,Ezequiel Duran,TEX,ATH,1,8,projected,Gage Jump,Globe Life Field,2026-09-01T00:05:00Z,3.5680980695191065,1661,387,0.42679050170837723,0.7039047538886118,Normal,0.08963665612893687,0.6197921617276995,0.2910946196238457,0.6094346105597291,0.6368899386066654,0.427671548885076,0.2689152329020594,0.15490776000939308,0.5730732328812459,0.33024503493749796,0.19179304348516168,0.1369789197838919,0.6007606925004524,0.21324189998703738,0.04295938100847459,2026-08-31T19:59:44Z
822855,661531,Brian Serven,ATH,TEX,0,8,projected,Jacob deGrom,Globe Life Field,2026-09-01T00:05:00Z,3.550447042957374,353,1612,0.32265479277651216,-1.3857902821454071,Normal,0.09115387906520829,0.5219742831781093,0.18241413848838156,0.7545209386028026,0.5544546418762851,0.35102960297577707,0.20897441881620102,0.11326512134237932,0.5000787996415528,0.2702169108789017,0.15125101483765618,0.10975814105072505,0.5087858235113392,0.14383250641672296,0.02273078582361135,2026-08-31T19:59:44Z
822855,670032,Nicky Lopez,TEX,ATH,1,9,projected,Gage Jump,Globe Life Field,2026-09-01T00:05:00Z,3.3651859326904465,1443,387,0.36646104722681055,-1.9708794309677848,Normal,0.04613709099339997,0.5449137405597455,0.2794231492735372,0.4701936632704981,0.5464824267731327,0.34223462240311153,0.2012685518759543,0.10737625103790209,0.46525185016565324,0.24222613172628532,0.13246719542260638,0.0970775901285577,0.5306317854198892,0.15565084977190888,0.024554688341497745,2026-08-31T19:59:44Z
822855,675961,Alika Williams,ATH,TEX,0,9,projected,Jacob deGrom,Globe Life Field,2026-09-01T00:05:00Z,3.128999829811035,377,1612,0.3127283526517502,-0.2615598606658249,Normal,0.05638022244454495,0.5060965759182878,0.15351848576793004,0.6737678222470627,0.5075521608520728,0.3087118359235233,0.17653105558277787,0.09108816653105122,0.4649680220618312,0.241214095408536,0.13158865512971574,0.09653106485441275,0.494024727368758,0.13004021925763767,0.01797152612798589,2026-08-31T19:59:44Z
822932,650490,Yandy Díaz,TB,NYM,1,1,confirmed,Robert Stock,Tropicana Field,2026-08-31T22:40:00Z,4.512226693954445,3014,120,0.5964887651851787,0.5449553578651164,Normal,0.11697266684427068,0.7401101434251166,0.43651862320382373,0.507327724273991,0.7473153290912977,0.555862606778801,0.3878645092364104,0.25142476307216316,0.6721831425450242,0.43306102296191656,0.2726165784626203,0.19399707428731772,0.7121014267490917,0.34073051982851926,0.10598546758046559,2026-08-31T19:59:44Z
822932,596019,Francisco Lindor,NYM,TB,0,1,confirmed,Ian Seymour,Tropicana Field,2026-08-31T22:40:00Z,4.787625386124649,3163,689,0.6710696704067278,-0.4124215082011056,Normal,0.18323084092592265,0.6771372379557334,0.3578428108972749,0.7173174415807466,0.7394013899866256,0.5474207439112008,0.38077248993551743,0.2463310208495293,0.6794360856702883,0.4424085920463532,0.2811629880042875,0.20054007130661297,0.6537922419095488,0.27538892206195636,0.07450158639407349,2026-08-31T19:59:44Z
822932,666018,Jonathan Aranda,TB,NYM,1,2,confirmed,Robert Stock,Tropicana Field,2026-08-31T22:40:00Z,4.277699434060414,1336,120,0.5905222057849306,-0.20445730044906127,Normal,0.12034928328421966,0.6868465509000533,0.4785905558408363,0.6498882547747166,0.7193419655148962,0.5210102263876344,0.3537020052829891,0.2223325096892953,0.6368676637234724,0.3947703641971724,0.2415533964291916,0.1717347587273268,0.6628809320591988,0.28097450115737116,0.07422727340121514,2026-08-31T19:59:44Z
822932,666182,Bo Bichette,NYM,TB,0,2,confirmed,Ian Seymour,Tropicana Field,2026-08-31T22:40:00Z,4.663173649260683,2847,689,0.5166566940057078,-0.41929482475644275,Normal,0.11757638605568466,0.710272322562807,0.27446081022738916,0.6748058489232401,0.7226008957099553,0.5267167545089427,0.3605899103931044,0.22919118752822898,0.656320866347216,0.4168448734543802,0.26008499823422204,0.1852782594728631,0.6845268990859928,0.3085918369873479,0.09001066997266283,2026-08-31T19:59:44Z
822932,691406,Junior Caminero,TB,NYM,1,3,confirmed,Robert Stock,Tropicana Field,2026-08-31T22:40:00Z,4.2776994340604135,1463,120,0.5693849852428686,1.4593651020416718,Normal,0.20190300777409836,0.6843477166806928,0.3894393454068559,0.5550740245830723,0.7473299684659174,0.5543517917512435,0.38505199154564856,0.24794509699423262,0.6936082120415675,0.4551572581746588,0.28955464135350417,0.20559343625926074,0.66057710193567,0.2779149143924495,0.07243144337483091,2026-08-31T19:59:44Z
822932,701807,Carson Benge,NYM,TB,0,3,confirmed,Ian Seymour,Tropicana Field,2026-08-31T22:40:00Z,4.479129298040249,541,689,0.4752085091733771,0.5792792346104706,Normal,0.12888401108970424,0.6771670832574587,0.2623091726946088,0.7325190734938928,0.7001558504260346,0.4999876085216779,0.3352040194946115,0.20811691400520527,0.6368935985661677,0.39588215227706963,0.24307609841553424,0.17305606525659187,0.6538715490230068,0.2731362065940723,0.07193048000807803,2026-08-31T19:59:44Z
822932,689414,Liam Hicks,TB,NYM,1,4,confirmed,Robert Stock,Tropicana Field,2026-08-31T22:40:00Z,4.0549536865371705,878,120,0.5264866284282947,0.8085998535385595,Normal,0.10944474072321231,0.653473416496213,0.5476036215381597,0.38887609360729813,0.6907117970182982,0.48700489013899323,0.32161328092779395,0.19592346296198163,0.6012051847141566,0.35853615555414176,0.21344241207071862,0.1520102179471305,0.6319631550382085,0.2466774068370872,0.05783520580674593,2026-08-31T19:59:44Z
822932,668901,Mark Vientos,NYM,TB,0,4,confirmed,Ian Seymour,Tropicana Field,2026-08-31T22:40:00Z,4.2253671033893925,1446,689,0.4119839913077213,-1.7611086210928995,Normal,0.15375546913329477,0.6076930240111194,0.25102564395839305,0.7663800766510961,0.6651190591171324,0.4606570664542163,0.29950283387308557,0.17963897349855867,0.6131410578291376,0.3713018787249677,0.22368904175729892,0.15931057018538616,0.5891910204116247,0.20944432060025847,0.04493653464038486,2026-08-31T19:59:44Z
822932,802415,Chandler Simpson,TB,NYM,1,5,confirmed,Robert Stock,Tropicana Field,2026-08-31T22:40:00Z,4.054953686537171,962,120,0.47564370698576053,1.5286977241506565,Normal,0.06218910137495281,0.7176343025888333,0.3033726256134023,0.3473142227842756,0.6924962385391544,0.488725983363266,0.3229149641334335,0.19674983797691817,0.6125518575595745,0.36905237468498603,0.2210345886127215,0.15715020368644317,0.6913780796228864,0.3100932269572801,0.08557712160896183,2026-08-31T19:59:44Z
822932,676724,Jared Young,NYM,TB,0,5,confirmed,Ian Seymour,Tropicana Field,2026-08-31T22:40:00Z,4.023172389374106,403,689,0.4207431433733752,0.6386680075003354,Normal,0.1180460033486256,0.6117424645218571,0.24629987771277118,0.670537830279469,0.6518949158657973,0.4461404817981714,0.28658138027851626,0.16952027330056593,0.596911446587245,0.3551776943666668,0.2113628074709477,0.15070836950450509,0.5930215903273299,0.2117243916511889,0.045220798914343524,2026-08-31T19:59:44Z
822932,656775,Cedric Mullins,TB,NYM,1,6,confirmed,Robert Stock,Tropicana Field,2026-08-31T22:40:00Z,3.974579850452474,2574,120,0.49588079063009427,1.0105177183498621,Normal,0.11322379474428619,0.5997380392831672,0.4544030581237293,0.5416272967793766,0.6570828692174631,0.45016983431565327,0.2889998244187015,0.17058692781027524,0.5807114863853667,0.3388985497927271,0.1988012553425808,0.1419070250452662,0.5818760605378956,0.20001518590843684,0.039916672817636355,2026-08-31T19:59:44Z
822932,666624,Christopher Morel,NYM,TB,0,6,confirmed,Ian Seymour,Tropicana Field,2026-08-31T22:40:00Z,4.023172389374106,1861,689,0.3916545264200128,-0.9521486047649699,Normal,0.11749029284876221,0.5620829296213142,0.3063745590340678,0.8437297238900915,0.622179365362133,0.4158245509875541,0.2610213389679698,0.1504502524615037,0.5572207538553913,0.31902833712335094,0.1852055229369469,0.13279880266402747,0.5464695789463878,0.17327700216029493,0.03208145068136088,2026-08-31T19:59:44Z
822932,676356,Jonny DeLuca,TB,NYM,1,7,confirmed,Robert Stock,Tropicana Field,2026-08-31T22:40:00Z,3.6375565197892756,761,120,0.38742807181020716,-0.19644837247843752,Normal,0.08235535946387847,0.6141641369411168,0.2638984556599983,0.5336256826086738,0.6261760589949613,0.4176534074507933,0.2611002110427462,0.14951304165307155,0.5661676194547413,0.3247578148231759,0.18820849466072959,0.13460447117813287,0.5954555184433655,0.20963866435005812,0.04220967934835739,2026-08-31T19:59:44Z
822932,543760,Marcus Semien,NYM,TB,0,7,confirmed,Ian Seymour,Tropicana Field,2026-08-31T22:40:00Z,4.023172389374105,3191,689,0.4435129225435034,0.58732824310527,Normal,0.1159274800786073,0.5882591601449958,0.2957661371614229,0.6207550737022883,0.642000681715854,0.4356715325708277,0.27743069572650236,0.16244113790820183,0.5684491321637828,0.3288814423291148,0.19211612968680405,0.13746584804485623,0.571049475324812,0.19258086388624027,0.03813391345923781,2026-08-31T19:59:44Z
822932,680700,Richie Palacios,TB,NYM,1,8,confirmed,Robert Stock,Tropicana Field,2026-08-31T22:40:00Z,3.4261355711087855,927,120,0.4766455479507023,-1.3264602043313296,Normal,0.07919528423965623,0.5529448270369445,0.46011801266349084,0.45213666530104574,0.608066957686348,0.3987686346572776,0.24507628088577615,0.1375667243704763,0.5105884372600137,0.2772782881584611,0.1553898901552563,0.11248435451475358,0.5381364734303296,0.16213613502537458,0.02676649085473998,2026-08-31T19:59:44Z
822932,805999,A.J. Ewing,NYM,TB,0,8,confirmed,Ian Seymour,Tropicana Field,2026-08-31T22:40:00Z,3.9913535155796396,396,689,0.3995386302841641,-2.402766597693384,Cold,0.0871157283664065,0.5831490145361198,0.2634283627977622,0.7600646076939994,0.611172878677617,0.4047605453118354,0.2518208112639336,0.14368195950645246,0.5419069534473591,0.30559217777935654,0.17572116671249693,0.12635445212527074,0.5662932200114239,0.1882147846457639,0.03663056257437363,2026-08-31T19:59:44Z
822932,670764,Taylor Walls,TB,NYM,1,9,confirmed,Robert Stock,Tropicana Field,2026-08-31T22:40:00Z,3.4261355711087864,1777,120,0.4595576873900779,-0.03372167267237801,Normal,0.05826658674540627,0.515923816483178,0.35965650799154614,0.580450802584832,0.5742774522137858,0.36712610027169845,0.2202013789269181,0.12020415135355231,0.4698013483514004,0.24586202034217464,0.1348844983192832,0.09870008939844169,0.5031971753939374,0.13781899262531458,0.020272235275603297,2026-08-31T19:59:44Z
822932,682626,Francisco Alvarez,NYM,TB,0,9,confirmed,Ian Seymour,Tropicana Field,2026-08-31T22:40:00Z,3.6049646117674192,1408,689,0.4138015464563016,-3.1413579419889,Cold,0.12065488787980339,0.5388905203351672,0.32778586711566643,0.7635206795846862,0.6183302512325186,0.40998961507039805,0.2549659321649715,0.1452126109387372,0.5396202627974698,0.3020932365369908,0.17262373921203408,0.1241595495566501,0.5247769904774282,0.15462516328508497,0.025571577293938635,2026-08-31T19:59:44Z
823663,807712,Luke Keaschall,MIN,DET,1,1,confirmed,Jackson Jobe,Target Field,2026-08-31T23:40:00Z,4.416622664902002,720,314,0.6237659120036115,0.11300508870344622,Normal,0.08820030242902614,0.6812984551757706,0.4972264781166462,0.4931237502721662,0.7053920450014305,0.5057729033751666,0.34033154510274477,0.21208628285277722,0.6134398462388183,0.3724627267644069,0.22505831531063913,0.1604262027340103,0.6577052353307803,0.27691383346696485,0.07338148554879309,2026-08-31T19:59:44Z
823663,805808,Kevin McGonigle,DET,MIN,0,1,projected,Taj Bradley,Target Field,2026-08-31T23:40:00Z,4.816149828135213,597,2270,0.6910390402152699,-0.9874120717561269,Normal,0.13180634409824124,0.6951784819946126,0.5211795307600673,0.5926136285225769,0.7288492552389407,0.5347720170460897,0.36872706242548015,0.23632326030167816,0.6546775149566723,0.4157901501208887,0.2596589672253637,0.18514079736615544,0.6705304120743065,0.29376500413162504,0.0833965228888716,2026-08-31T19:59:44Z
823663,686797,Brooks Lee,MIN,DET,1,2,confirmed,Jackson Jobe,Target Field,2026-08-31T23:40:00Z,4.2669546494061175,1240,314,0.4857618951945146,0.21623776462847116,Normal,0.15195472756592052,0.6375515395827711,0.3186880487967557,0.4736242831391817,0.6772999644114444,0.4736967848091507,0.31088077217831944,0.18838183708265135,0.6276403388778058,0.3855021996772338,0.23442302633047757,0.1667531017341871,0.617071616574216,0.23463878165960292,0.05444532719594919,2026-08-31T19:59:44Z
823663,650402,Gleyber Torres,DET,MIN,0,2,projected,Taj Bradley,Target Field,2026-08-31T23:40:00Z,4.625598938633024,2888,2270,0.5555480405451261,-0.24315713641911488,Normal,0.12193191259393908,0.6722342857433036,0.4020061676549589,0.6651327458524312,0.7077537465245776,0.5093329966251037,0.3443035977921016,0.21583715789161043,0.6250985022586051,0.38477384586662694,0.23493384246834792,0.16749865337823652,0.6492639854935539,0.26948905325174005,0.07106117883423942,2026-08-31T19:59:44Z
823663,665019,Kody Clemens,MIN,DET,1,3,confirmed,Jackson Jobe,Target Field,2026-08-31T23:40:00Z,4.050805172090599,1267,314,0.49037411436106193,-0.15936427730269428,Normal,0.16572538296553638,0.5971180927826175,0.32788859659667,0.5796215915801572,0.6703875460850989,0.4653375156272731,0.30287266329301593,0.18169237715224804,0.6267552558370225,0.38362416330158405,0.23239766776277027,0.16512543805369057,0.57934834682826,0.19963535272411895,0.04070114084139866,2026-08-31T19:59:44Z
823663,595879,Javier Báez,DET,MIN,0,3,projected,Taj Bradley,Target Field,2026-08-31T23:40:00Z,4.354864839827187,2029,2270,0.4529350019023445,-0.2353444704875562,Normal,0.09578868868446265,0.6531854401197635,0.21614606042312395,0.6961430078778492,0.6708217653167149,0.46737933764486167,0.3058325330264623,0.18485132212092015,0.6020731529559337,0.36138037346514845,0.21666095633235727,0.1545739874214205,0.631596324202711,0.24975978106804952,0.061269875368558796,2026-08-31T19:59:44Z
823663,680777,Ryan Jeffers,MIN,DET,1,4,confirmed,Jackson Jobe,Target Field,2026-08-31T23:40:00Z,4.050805172090598,1796,314,0.48233059496327924,-0.728995375512423,Normal,0.10579881698248016,0.6282478084670324,0.4617564545438668,0.5285761896158909,0.6744758368633912,0.46930526903694325,0.3059972836134929,0.18383118279425872,0.5948449365506172,0.3525736388627852,0.20904746591073473,0.14898404320262865,0.6084680679034988,0.22443372668329992,0.04915431590494653,2026-08-31T19:59:44Z
823663,679529,Spencer Torkelson,DET,MIN,0,4,projected,Taj Bradley,Target Field,2026-08-31T23:40:00Z,4.348294537623361,2643,2270,0.4713125208894302,-0.9153651496558449,Normal,0.13551003669763828,0.6146241150199618,0.3712684659291454,0.8114567322093439,0.6685541884415046,0.4646417888230213,0.303235193670673,0.1827111814462665,0.6090002357435776,0.3676776187421614,0.2212052721843007,0.15768092898181543,0.595655408651173,0.21565675110266921,0.04756711034061905,2026-08-31T19:59:44Z
823663,605137,Josh Bell,MIN,DET,1,5,confirmed,Jackson Jobe,Target Field,2026-08-31T23:40:00Z,4.050805172090598,2940,314,0.44017176483461007,0.1300162269505738,Normal,0.10719784632197338,0.6349027510254346,0.4017440171934182,0.5193331505592657,0.664271294275855,0.4581476009685888,0.2961336995986716,0.1761806859140433,0.5938751708250579,0.35138990768798306,0.20804073855436508,0.14825891215027714,0.6146907658838212,0.2296965435703318,0.050873613217888386,2026-08-31T19:59:44Z
823663,690993,Colt Keith,DET,MIN,0,5,projected,Taj Bradley,Target Field,2026-08-31T23:40:00Z,3.973462746587155,1409,2270,0.4529453347085578,-0.05433428822689362,Normal,0.10757669348403719,0.6286033637187554,0.33446073433780715,0.6272112031768757,0.6528481155139487,0.44699207590977086,0.28717385480532004,0.16985297492922813,0.5898916929221206,0.3484990232018024,0.2063664962702428,0.147235504914935,0.6087708504246006,0.2255578172298153,0.05009464780782645,2026-08-31T19:59:44Z
823663,663616,Trevor Larnach,MIN,DET,1,6,confirmed,Jackson Jobe,Target Field,2026-08-31T23:40:00Z,3.8817555617808983,1763,314,0.4703607851404743,-0.852487899886162,Normal,0.12590917731204287,0.6024971656029725,0.40449232310481853,0.49362211548457896,0.6511531973627842,0.4437813484725112,0.2834055739265353,0.1662761040060181,0.5906130941090899,0.3476781885223349,0.20497707087868314,0.14606215087432536,0.5844738965934014,0.20180596436331452,0.04029422431493482,2026-08-31T19:59:44Z
823663,656716,Zach McKinstry,DET,MIN,0,6,projected,Taj Bradley,Target Field,2026-08-31T23:40:00Z,3.950001843219226,1921,2270,0.4199260540305946,-0.5033017897517706,Normal,0.08609375733535476,0.5809421493441731,0.3638956390578853,0.5984303845458868,0.6056019339898128,0.39960296313659405,0.24777894961012584,0.14085441867566675,0.5542714790683678,0.3163383800975759,0.18326191750807283,0.13146869699012775,0.5642035421261512,0.18685007015870414,0.03628621213676314,2026-08-31T19:59:44Z
823663,668904,Royce Lewis,MIN,DET,1,7,confirmed,Jackson Jobe,Target Field,2026-08-31T23:40:00Z,3.8817555617808988,1426,314,0.43487928872685916,-0.47251617979259297,Normal,0.1135638403632191,0.6176192892753557,0.31997704934165544,0.5815554750085838,0.6677009335996222,0.4608709276446633,0.2978296164773959,0.176991010581682,0.5884347427870745,0.3454890360771187,0.2033071507594698,0.14490800511651555,0.5986242178445063,0.2137074853672014,0.04424585920631856,2026-08-31T19:59:44Z
823663,693307,Dillon Dingler,DET,MIN,0,7,projected,Taj Bradley,Target Field,2026-08-31T23:40:00Z,3.950001843219226,1088,2270,0.4266447699858145,-1.7019993209399609,Normal,0.12517320960014142,0.6196705421169962,0.2673735231136161,0.6989648105383754,0.6617073234519437,0.45563083676708543,0.29412063765829644,0.1747750242597435,0.6027673378872537,0.35990418214766257,0.21438769793498755,0.1526398226782327,0.6004729641164551,0.21707900156987003,0.0464240699018547,2026-08-31T19:59:44Z
823663,701785,Kaelen Culpepper,MIN,DET,1,8,confirmed,Jackson Jobe,Target Field,2026-08-31T23:40:00Z,3.745989003948432,74,314,0.4739924362718282,1.1906411393423808,Normal,0.10569560671718214,0.6202964832147723,0.34715385495309564,0.5596909168140017,0.6872317344244332,0.4812277244629987,0.3150531153051553,0.18977148122028117,0.583185090482724,0.34007359801893083,0.19911730131103064,0.14199744848653267,0.6011704498713667,0.21491146857435292,0.04415456267034017,2026-08-31T19:59:44Z
823663,667452,Corey Julks,DET,MIN,0,8,projected,Taj Bradley,Target Field,2026-08-31T23:40:00Z,3.586661642862433,535,2270,0.3720999527851549,-0.7376155358601203,Normal,0.07425681621696478,0.5639614751853398,0.22903548782397173,0.672889948420217,0.5884424879280309,0.38185960516508755,0.23273649596835497,0.1296005406041573,0.5141543604864093,0.28147260954305686,0.15877058692060966,0.11482679515507815,0.5483825146080921,0.1720440251079248,0.030639554184778976,2026-08-31T19:59:44Z
823663,805805,Walker Jenkins,MIN,DET,1,9,confirmed,Jackson Jobe,Target Field,2026-08-31T23:40:00Z,3.3126985812292333,10,314,0.4424154538136155,,Unknown,0.10847876736919697,0.5485588096534653,0.33570314929912903,0.460389933615286,0.5731406904562175,0.36537261712808927,0.21843194715739983,0.11872907795415741,0.5394002841964214,0.2995131328141173,0.16977740568810756,0.12207967975987423,0.5341018416156753,0.1575407235857309,0.024840791224383502,2026-08-31T19:59:44Z
823663,701678,Hao-Yu Lee,DET,MIN,0,9,projected,Taj Bradley,Target Field,2026-08-31T23:40:00Z,3.202408446113765,261,2270,0.3670094046575652,-0.44792011848854474,Normal,0.08755658877602814,0.5507817230740077,0.204212940312646,0.5737440360720112,0.5911763031500246,0.38159400875381916,0.23085477299843848,0.12722953976798004,0.5198040393161159,0.2834582831532693,0.1590809011831842,0.11497487392420166,0.5362250955218444,0.15882776650477484,0.025313536643552802,2026-08-31T19:59:44Z
823982,687263,Zach Neto,LAA,NYY,1,1,projected,Elmer Rodríguez,Angel Stadium,2026-09-01T01:38:00Z,4.4607455630139885,2078,105,0.5795794570198654,1.4922347901134365,Normal,0.12277676233288756,0.6514499930329687,0.39741003860908763,0.7301633436628009,0.7027124725763475,0.502846457683808,0.33776424005616995,0.2101193090594424,0.6272355772833782,0.38613742756614355,0.23552751058272026,0.16774942110194693,0.6299685639376471,0.24868425630600752,0.06117721795343612,2026-08-31T19:59:44Z
823982,663757,Trent Grisham,NYY,LAA,0,1,projected,Walbert Ureña,Angel Stadium,2026-09-01T01:38:00Z,4.556280503385957,2344,501,0.6470112919100336,-1.4936969477786375,Normal,0.14335342956093908,0.5742258409454559,0.5907692622218558,0.652078853058741,0.6720129968600236,0.46982550668617534,0.30881602657869467,0.1877681687491299,0.5856724901422949,0.347181245595903,0.20676966807192346,0.14790488511437852,0.5576975134299584,0.18593947375006026,0.03801809732411493,2026-08-31T19:59:44Z
823982,545361,Mike Trout,LAA,NYY,1,2,projected,Elmer Rodríguez,Angel Stadium,2026-09-01T01:38:00Z,4.4210316178005655,2075,105,0.621762258685916,0.04828898628647807,Normal,0.15656683227509058,0.6354226103678601,0.5536199268016588,0.7048976246017671,0.7201591464605339,0.5224824090672445,0.35551863540982087,0.22417551520480417,0.6352960334255497,0.3937311943774927,0.24110248807223353,0.17156235881269882,0.6150644856013233,0.2336220609116188,0.05463743793319173,2026-08-31T19:59:44Z
823982,671218,Heliot Ramos,NYY,LAA,0,2,projected,Walbert Ureña,Angel Stadium,2026-09-01T01:38:00Z,4.556280503385958,1675,501,0.4741935160726949,-1.2958117361192847,Normal,0.09950644826732946,0.6247484652106748,0.3793434290901697,0.775595273080841,0.6658891179326748,0.46293295547911784,0.30255957492695396,0.18278437949500626,0.5805988304405018,0.34221395563694634,0.20300201343173097,0.14528127262539386,0.6050462302978656,0.2258982969251045,0.05243585383512144,2026-08-31T19:59:44Z
823982,518595,Travis d'Arnaud,LAA,NYY,1,3,projected,Elmer Rodríguez,Angel Stadium,2026-09-01T01:38:00Z,4.097973732797838,1356,105,0.45259414000680476,-1.5499288223326373,Normal,0.10594168350305404,0.6040851842723176,0.36053303160129796,0.6846725848624979,0.6525062374990518,0.4466162755545,0.2868336742235595,0.1695844270018775,0.5766590532559565,0.3364091591420735,0.19761905942060812,0.14125855490282668,0.5858656169861316,0.20525626143524872,0.04269206658194459,2026-08-31T19:59:44Z
823982,671277,Luis García Jr.,NYY,LAA,0,3,projected,Walbert Ureña,Angel Stadium,2026-09-01T01:38:00Z,4.355404115956323,2384,501,0.5028946326213873,1.217166148794108,Normal,0.13216935791640477,0.6706257414730156,0.3183611244158062,0.5399689735777446,0.698110622153273,0.4973352035257447,0.33249633391380407,0.20571629406156186,0.6409392171009008,0.3996133468636657,0.24571265223514394,0.17479389074400242,0.6478070643915181,0.26616413543940115,0.06832438011017614,2026-08-31T19:59:44Z
823982,666139,Josh Lowe,LAA,NYY,1,4,projected,Elmer Rodríguez,Angel Stadium,2026-09-01T01:38:00Z,4.039621932729186,1808,105,0.4809378473532631,-0.5543364284644453,Normal,0.11410658756852196,0.6061832258430815,0.3809953385990295,0.6454849894529722,0.654606786568162,0.44827955249936263,0.2878771796337656,0.17009595820107104,0.5876175406936982,0.3458623589658783,0.20416119580604702,0.14564752367240347,0.5878616663169501,0.2061502327000842,0.042563905977816126,2026-08-31T19:59:44Z
823982,642708,Amed Rosario,NYY,LAA,0,4,projected,Walbert Ureña,Angel Stadium,2026-09-01T01:38:00Z,4.261442519832872,1968,501,0.43604667494965926,-0.9045664721709518,Normal,0.08464370055949147,0.6345366356906849,0.27690876936477915,0.6914937688157935,0.6536322776342196,0.448684322940792,0.28928042137026044,0.17194288129131624,0.5794245231215015,0.33981742773654927,0.2005773580287761,0.14343159082845205,0.6142594295232732,0.23214983466299327,0.05360013056371858,2026-08-31T19:59:44Z
823982,624428,Adam Frazier,LAA,NYY,1,5,projected,Elmer Rodríguez,Angel Stadium,2026-09-01T01:38:00Z,3.8532582836409817,1937,105,0.45151705680368054,0.8541119335222791,Normal,0.07487671275564432,0.5960338947887053,0.3900084252259947,0.4895458122603871,0.6222426333281907,0.4149446913293666,0.25964478231755006,0.14897759475218514,0.5383280820562596,0.3019962193220767,0.17292523585333786,0.12437576037914556,0.5784075531558566,0.197093867370393,0.03891761739626058,2026-08-31T19:59:44Z
823982,641355,Cody Bellinger,NYY,LAA,0,5,projected,Walbert Ureña,Angel Stadium,2026-09-01T01:38:00Z,4.261442519832871,2803,501,0.5626041532774343,0.4367335175411266,Normal,0.11079897151950163,0.6253591448039697,0.4522601437894455,0.551423167893363,0.6938795103016944,0.4917818678063555,0.3268632103826831,0.2007926067235839,0.5945632571272219,0.35354111482982115,0.21045789062029083,0.15017970133327543,0.6057088418416359,0.22392097127443308,0.05021274461957341,2026-08-31T19:59:44Z
823982,687093,Vaughn Grissom,LAA,NYY,1,6,projected,Elmer Rodríguez,Angel Stadium,2026-09-01T01:38:00Z,3.853258283640982,717,105,0.39936385279505865,-0.3915588443883054,Normal,0.07892510876200558,0.6054156609896012,0.32112000237916416,0.5376269592910365,0.6261631026467006,0.4185492575028997,0.2623914117297317,0.1508148105438248,0.5472582438903061,0.3092799238782001,0.17780072720224674,0.1276335856406249,0.5872036706958231,0.20404452074320845,0.040958595702670166,2026-08-31T19:59:44Z
823982,502671,Paul Goldschmidt,NYY,LAA,0,6,projected,Walbert Ureña,Angel Stadium,2026-09-01T01:38:00Z,4.207224831640764,2877,501,0.4443684913435895,-0.7762045368528494,Normal,0.11706892350059162,0.6118045681747908,0.34818798831263476,0.7144104091671588,0.6694165772953375,0.46471553233220286,0.3026817492894721,0.18183361351869726,0.5868710233559313,0.34605829776260605,0.20481853163376076,0.14626801332822753,0.5930717452131454,0.2120640174528472,0.045541115312557924,2026-08-31T19:59:44Z
823982,642350,Jose Siri,LAA,NYY,1,7,projected,Elmer Rodríguez,Angel Stadium,2026-09-01T01:38:00Z,3.633961421859587,1361,105,0.4397988737099788,-1.2999047024064971,Normal,0.11125326442094237,0.5356622005921715,0.29884384288762567,0.7577399908283805,0.6220196443770505,0.4135621708228362,0.25776445930144554,0.14710817614421398,0.5353960520937474,0.2985020554874065,0.17007192674736774,0.1223815100151333,0.5217253531932329,0.15237732787492453,0.024758248063903383,2026-08-31T19:59:44Z
823982,665862,Jazz Chisholm Jr.,NYY,LAA,0,7,projected,Walbert Ureña,Angel Stadium,2026-09-01T01:38:00Z,4.072543162915854,2276,501,0.4958445157944113,1.4617281271647988,Normal,0.14005543888864838,0.5870224681761089,0.41826205526226345,0.7267454691690198,0.6760835426565426,0.47127491267798266,0.30795659595835206,0.185544604072711,0.5888292020525578,0.3472832205617984,0.20539729088702152,0.14657350823564705,0.5699016307127316,0.1916422734065167,0.03798615249043734,2026-08-31T19:59:44Z
823982,672724,Oswald Peraza,LAA,NYY,1,8,projected,Elmer Rodríguez,Angel Stadium,2026-09-01T01:38:00Z,3.423493322658884,858,105,0.3297828180471518,-1.632661225188234,Normal,0.06359438734531644,0.5168170111306005,0.27787246694184997,0.6749338029538824,0.5538457693825409,0.3492953142061277,0.20692106638072563,0.1113865436815765,0.46861404540522184,0.2452556542334172,0.1346072116588286,0.09851545653580542,0.5040142397961743,0.1388243728438098,0.020708076911746278,2026-08-31T19:59:44Z
823982,676609,José Caballero,NYY,LAA,0,8,projected,Walbert Ureña,Angel Stadium,2026-09-01T01:38:00Z,3.653897578026675,1537,501,0.3881230769773052,0.6482790392087338,Normal,0.07105001027128346,0.5209682503972852,0.341471358496136,0.6829106043395496,0.5800242771884482,0.3743632199263115,0.22704508617434208,0.12574544064692364,0.4792995321152819,0.2545993631397739,0.1411658414857458,0.10295908906150207,0.5077985693219877,0.14374051357675743,0.022885126336364015,2026-08-31T19:59:44Z
823982,623168,Tyler Heineman,LAA,NYY,1,9,projected,Elmer Rodríguez,Angel Stadium,2026-09-01T01:38:00Z,3.160864583421979,576,105,0.3771396339977416,-0.5208320644595704,Normal,0.05943020133066191,0.4948180268408049,0.3385392454449192,0.3543686829555547,0.5400240450248663,0.3353743220269889,0.19545366724591812,0.10307351434365286,0.44913657719689876,0.22955674814158408,0.12412238865954671,0.09147847230824088,0.4833449830882902,0.12301484596574934,0.01607829988907258,2026-08-31T19:59:44Z
823982,669224,Austin Wells,NYY,LAA,0,9,projected,Walbert Ureña,Angel Stadium,2026-09-01T01:38:00Z,3.569823948847294,1263,501,0.41353590739033713,-0.3719170886515165,Normal,0.10382596255392315,0.5051734190651421,0.39203047344726494,0.6296734371581025,0.596991861009592,0.38943927691146346,0.23845071519720676,0.13344110629546604,0.5058772312643302,0.27456007184758285,0.1540391545448087,0.11163457842371857,0.49289432554538726,0.13324207101055974,0.019958253762413707,2026-08-31T19:59:44Z
824149,514888,Jose Altuve,HOU,CWS,1,1,projected,Anthony Kay,Daikin Park,2026-09-01T00:10:00Z,4.522589068930258,2825,666,0.6942286200971854,0.24306700575675072,Normal,0.15588704732844902,0.7235536708420517,0.4314230400114701,0.500582036703966,0.752153458499058,0.5619174542976201,0.393810451865624,0.2564904665769541,0.6876307228266284,0.4501682940409189,0.28665508655711314,0.2040923752306063,0.6968162355889225,0.32192593538978087,0.09594565091830437,2026-08-31T19:59:44Z
824149,805367,Chase Meidroth,CWS,HOU,0,1,projected,Peter Lambert,Daikin Park,2026-09-01T00:10:00Z,4.71106332569451,1054,1200,0.6071787278545109,0.7165199062229148,Normal,0.1074416949505535,0.7081940434741373,0.35958784381891595,0.6563102556070984,0.7043253498555644,0.5058776815563765,0.341470160700763,0.2138074689694988,0.6392718434928003,0.39950732743578155,0.24659382304933872,0.17578159540741073,0.6825897694589822,0.30695550349586315,0.08955218430967048,2026-08-31T19:59:44Z
824149,665161,Jeremy Peña,HOU,CWS,1,2,projected,Anthony Kay,Daikin Park,2026-09-01T00:10:00Z,4.384387528816239,2763,666,0.6453454627785535,-1.8823714735234516,Normal,0.15656394108869323,0.7201514273794363,0.3691657098569979,0.5859897634032696,0.7395953999525354,0.545563331663228,0.37722034181673636,0.24193506274498255,0.686855497426277,0.44835290955818446,0.28451643630802226,0.20225864748679323,0.6936849217437864,0.3166425749988505,0.09202925276276823,2026-08-31T19:59:44Z
824149,643217,Andrew Benintendi,CWS,HOU,0,2,projected,Peter Lambert,Daikin Park,2026-09-01T00:10:00Z,4.503633588818303,2545,1200,0.5351673989840583,1.3773371608558909,Normal,0.12021106243505932,0.666078482399289,0.4029560906934531,0.6115513443793867,0.6859009625106152,0.48445381850042357,0.3214497203180133,0.19740016823258014,0.6258967441298058,0.3852157172061642,0.2350462433364322,0.1674862193397235,0.643553104014097,0.26299640451816014,0.06772022710463842,2026-08-31T19:59:44Z
824149,664774,LaMonte Wade Jr.,HOU,CWS,1,3,projected,Anthony Kay,Daikin Park,2026-09-01T00:10:00Z,4.110209269107096,1531,666,0.43295363481728477,-0.8484898740313852,Normal,0.08908985695760305,0.5689070837707324,0.48354940420164627,0.6640509779218015,0.6131902136734769,0.4072730049920973,0.25420616257895606,0.14562844713505774,0.5293417571331442,0.2955965976760166,0.16906704928100535,0.12187138287813185,0.5528707137035062,0.1785214835575475,0.03388340892680618,2026-08-31T19:59:44Z
824149,678246,Miguel Vargas,CWS,HOU,0,3,projected,Peter Lambert,Daikin Park,2026-09-01T00:10:00Z,4.405372915524346,1752,1200,0.5795141054049154,0.9781787708761357,Normal,0.1508361455398269,0.6314991969797186,0.44555389570198517,0.6234134030424326,0.683521722885462,0.48126138469427765,0.31817730576267905,0.194519128897779,0.6377224418677478,0.39647770936696614,0.24337517867988362,0.17319734567138953,0.6113870479450475,0.23061393935387892,0.05364914200633842,2026-08-31T19:59:44Z
824149,670623,Isaac Paredes,HOU,CWS,1,4,projected,Anthony Kay,Daikin Park,2026-09-01T00:10:00Z,4.110209269107096,2592,666,0.5326810334758157,0.9416807052859801,Normal,0.15957498444743434,0.6383025411117146,0.5706529798054628,0.3952639324150879,0.6942424651809864,0.49112311123176655,0.32540850622198914,0.19896818738183517,0.6371987690131384,0.3937990100996335,0.23998077815557303,0.17031491426308262,0.61783140884136,0.2334020891342528,0.05273441481502429,2026-08-31T19:59:44Z
824149,695657,Colson Montgomery,CWS,HOU,0,4,projected,Peter Lambert,Daikin Park,2026-09-01T00:10:00Z,4.378813146697934,825,1200,0.5386160666681515,-1.7830420015211002,Normal,0.1987970288495589,0.6134989429120342,0.4120442054469011,0.844522820296772,0.7045250361696639,0.5043600470237773,0.3387380693544674,0.21059556225339449,0.6514913709393393,0.410263183078894,0.2539337271753281,0.18054988840675468,0.5945980319864056,0.2148924191220362,0.04738947597021848,2026-08-31T19:59:44Z
824149,670541,Yordan Alvarez,HOU,CWS,1,5,projected,Anthony Kay,Daikin Park,2026-09-01T00:10:00Z,4.110209269107097,2484,666,0.5253823711835333,-0.6497697304968815,Normal,0.17364675219570216,0.659350425309204,0.45242874202959005,0.561995139646511,0.7273514389901847,0.5289286138041377,0.3598030627004544,0.22624827903416966,0.6641468903700715,0.4214416088555866,0.26134199311196266,0.18515364059695757,0.6374283855080108,0.2519396581254671,0.0598588202332171,2026-08-31T19:59:44Z
824149,545341,Randal Grichuk,CWS,HOU,0,5,projected,Peter Lambert,Daikin Park,2026-09-01T00:10:00Z,3.8491712663783986,1793,1200,0.4632645922711159,0.6333069309202704,Normal,0.13951046573276102,0.6498221807633048,0.2054037154108703,0.6139172716432069,0.6788504957605206,0.47434881896958664,0.31068975135442034,0.18764856866735788,0.6420823693618185,0.3989212494569587,0.24405096155806974,0.17318653867360514,0.62854821342804,0.2439095243492182,0.05707405967660372,2026-08-31T19:59:44Z
824149,572233,Christian Walker,HOU,CWS,1,6,projected,Anthony Kay,Daikin Park,2026-09-01T00:10:00Z,4.053819043607617,3068,666,0.5206254084099845,-1.0406593470072396,Normal,0.17958019421039295,0.6378697169094267,0.4175415103932958,0.5830072675613501,0.6984455090965717,0.4951280230011712,0.3284952286759017,0.20101838097208416,0.6560339981716825,0.4124194544322693,0.25397617148789553,0.179900980639806,0.6174696844248859,0.2319931398324459,0.05162541251945921,2026-08-31T19:59:44Z
824149,671976,Tristan Peters,CWS,HOU,0,6,projected,Peter Lambert,Daikin Park,2026-09-01T00:10:00Z,3.8491712663783986,423,1200,0.44986233065174364,2.0236338103557454,Hot,0.11706223142189873,0.6089823998880883,0.3696340826400161,0.5386244860730365,0.6485894931558182,0.44200711240543944,0.28256804271135055,0.16614770565966538,0.593425914919375,0.35118209966891706,0.2080423100036043,0.14831684477350787,0.5904878565967027,0.2083551073483706,0.04339570918118338,2026-08-31T19:59:44Z
824149,662139,Daulton Varsho,HOU,CWS,1,7,projected,Anthony Kay,Daikin Park,2026-09-01T00:10:00Z,3.873842044601524,2423,666,0.4237889254965105,-0.6322662776851468,Normal,0.11035149440036389,0.57154492936473,0.3063983401679759,0.6313219113089843,0.6373372567856304,0.42951034741261274,0.2713326751544037,0.1572777716543978,0.564522655596524,0.32403973561022725,0.18803886775389006,0.1345564972192799,0.5554663422547409,0.1780757577115158,0.03254680581928696,2026-08-31T19:59:44Z
824149,686668,Brenton Doyle,CWS,HOU,0,7,projected,Peter Lambert,Daikin Park,2026-09-01T00:10:00Z,3.8491712663783977,1752,1200,0.42110243944912684,-0.7889119569096998,Normal,0.10441177799820639,0.6084466223949794,0.22496510337545042,0.7419013861343412,0.639834419347815,0.432815971454526,0.2746329518420126,0.16009670189854247,0.577653213696361,0.3364819213799256,0.1972539956464583,0.14090411013913365,0.5900016366710508,0.20746911968616688,0.0427677299674023,2026-08-31T19:59:44Z
824149,673237,Yainer Diaz,HOU,CWS,1,8,projected,Anthony Kay,Daikin Park,2026-09-01T00:10:00Z,3.7707440849269798,1852,666,0.4885055229859345,1.4281779321119883,Normal,0.14884229805119367,0.6717898169128509,0.25521312951684655,0.4147600345117878,0.7043291175468239,0.5003912095349784,0.33218329021731047,0.20312126380326148,0.6497439689335157,0.4044189902903669,0.2468853134092859,0.17464666740701976,0.6490617662889945,0.26072482770953315,0.06160510868008443,2026-08-31T19:59:44Z
824149,668670,Jake Rogers,CWS,HOU,0,8,projected,Peter Lambert,Daikin Park,2026-09-01T00:10:00Z,3.6260630376714507,1000,1200,0.4173817574818898,-0.4634556033957565,Normal,0.11781843771582434,0.5412915020781978,0.28902290713461104,0.7180107766407818,0.6062759986511671,0.39878736170373047,0.24621273291950335,0.13913212191123703,0.5442738905841781,0.30637030555621636,0.17570887663056203,0.12625360552253712,0.5270095331774923,0.15673110195446954,0.026333883069327255,2026-08-31T19:59:44Z
824149,543877,Christian Vázquez,HOU,CWS,1,9,projected,Anthony Kay,Daikin Park,2026-09-01T00:10:00Z,3.4088302803326562,1557,666,0.3926339888215839,-1.4369127020131662,Normal,0.09120082116221588,0.5653114640378333,0.29155850851681403,0.43342719875500946,0.5960814097790798,0.38699212544058886,0.23547909145400808,0.130649444291001,0.5254282222937261,0.2887060237257848,0.16278817207262236,0.11742606141368787,0.5498194287019929,0.16993430890716998,0.028590727716759613,2026-08-31T19:59:44Z
824149,682668,Luisangel Acuña,CWS,HOU,0,9,projected,Peter Lambert,Daikin Park,2026-09-01T00:10:00Z,3.1195147250338757,442,1200,0.3502468462514388,-0.7668791590171896,Normal,0.06280434259044329,0.5423927379358624,0.18024581167130851,0.5045743849951263,0.5536841748483851,0.34737634018572267,0.20451848975289744,0.10920912871994376,0.4823759892152811,0.2539547196945455,0.13964887051413893,0.10194737398528148,0.5283784345619784,0.15226361990566073,0.023227611599131334,2026-08-31T19:59:44Z
824314,664983,Jake McCarthy,COL,BAL,1,1,confirmed,Cade Povich,Coors Field,2026-09-01T00:40:00Z,4.291521017338952,1871,961,0.5890558839475333,-0.5547092247439417,Normal,0.10710402749190251,0.7136259119739489,0.2717513647601336,0.5441797679433189,0.7140676876358326,0.5155014846140654,0.34905402902017885,0.21890728552037828,0.6592699329091927,0.4185904868966438,0.26054591543142547,0.1851902134464051,0.6876345053045673,0.3099386423603474,0.08878560498852109,2026-08-31T19:59:44Z
824314,683002,Gunnar Henderson,BAL,COL,0,1,projected,Tanner Gordon,Coors Field,2026-09-01T00:40:00Z,4.746082265174223,2735,862,0.7789615087402672,1.018660008246036,Normal,0.234106897570124,0.7484741712447972,0.37844674686877383,0.5821080786367159,0.7779828194713012,0.5962558425089801,0.42924029784777196,0.2880582343706522,0.7612552277897104,0.5411717160742868,0.36752380988644634,0.26495971761612885,0.7198223269578907,0.3527742782868104,0.11453097065211175,2026-08-31T19:59:44Z
824314,681393,Connor Norby,COL,BAL,1,2,confirmed,Cade Povich,Coors Field,2026-09-01T00:40:00Z,4.25440748482199,833,961,0.5806024371984185,0.4008599934318624,Normal,0.13404680333171817,0.6676254811622143,0.40066012020815506,0.7332246256815417,0.700279810587523,0.4990630481099631,0.333497414823967,0.20607477908816638,0.6423533539484894,0.40029171843978834,0.24577113608654802,0.17465402522658424,0.6450500281013969,0.262093918197913,0.06573013428263559,2026-08-31T19:59:44Z
824314,702616,Jackson Holliday,BAL,COL,0,2,projected,Tanner Gordon,Coors Field,2026-09-01T00:40:00Z,4.5168802179603675,1159,862,0.5766016728129756,-0.4376809731290497,Normal,0.15049510814828512,0.7119490388639876,0.3149261357744759,0.5766011647780253,0.7150169071898763,0.517404616142827,0.3515046489585101,0.22145257443170765,0.6772082726175692,0.4388448391037255,0.27749212904092974,0.1975523552401169,0.6860797126057542,0.3096002396804358,0.08985039971988901,2026-08-31T19:59:44Z
824314,696100,Hunter Goodman,COL,BAL,1,3,confirmed,Cade Povich,Coors Field,2026-09-01T00:40:00Z,4.16718038234257,1365,961,0.6157397339839009,0.15400678574354604,Normal,0.2752776595246889,0.6896460972134443,0.31565386837438264,0.7503417817788892,0.7507071415766278,0.5581326048329597,0.3883413692801788,0.2503763410953217,0.7488975392705763,0.5213796778367251,0.3462950920727782,0.2469064866280782,0.6654947072030419,0.2825075994917329,0.07395551382789163,2026-08-31T19:59:44Z
824314,624413,Pete Alonso,BAL,COL,0,3,projected,Tanner Gordon,Coors Field,2026-09-01T00:40:00Z,4.516880217960367,3343,862,0.6667232692109792,0.11742512540143224,Normal,0.28667024082219483,0.7541737761435399,0.3105376756592013,0.6381476152445137,0.7829028496723442,0.6016323047312004,0.4337000100151261,0.2910996485232021,0.7839967650405869,0.5707447879142458,0.39439557590414864,0.28519209318208494,0.7250734814354215,0.35750880661463275,0.1154984362996151,2026-08-31T19:59:44Z
824314,681198,TJ Rumfield,COL,BAL,1,4,confirmed,Cade Povich,Coors Field,2026-09-01T00:40:00Z,4.156700665586286,540,961,0.4895158847294985,1.2331491743378211,Normal,0.11290405411896196,0.6982555126956937,0.43214710448537064,0.480688868808368,0.7049726743379688,0.503305168969011,0.3365133450398485,0.2078312843915924,0.6458468912783865,0.40273240997821225,0.24698263205393153,0.17524506543437063,0.67347705773072,0.2906264743264199,0.07723825432783364,2026-08-31T19:59:44Z
824314,687952,Christian Encarnacion-Strand,BAL,COL,0,4,projected,Tanner Gordon,Coors Field,2026-09-01T00:40:00Z,4.272778501056829,632,862,0.525559015153765,1.0560068497059223,Normal,0.1933518356614893,0.7298882774357349,0.20764300839209382,0.681999855380517,0.7391933227486019,0.5448167728982236,0.3762607159712931,0.24092363775922082,0.7163846051887063,0.48216413414173187,0.31267958008571634,0.2225263752295841,0.7026695914013595,0.3270103234177269,0.0969372155189493,2026-08-31T19:59:44Z
824314,650489,Willi Castro,COL,BAL,1,5,confirmed,Cade Povich,Coors Field,2026-09-01T00:40:00Z,4.019458914743218,2369,961,0.5192068845458516,0.4483679999097636,Normal,0.1213520292289613,0.6551485795012311,0.33827554866547915,0.6521054396392381,0.6778902700376251,0.4725829446426947,0.3085751203166027,0.1856021244493924,0.626339678357029,0.3823416337946124,0.23091766026285945,0.1639271248610367,0.6335385631812408,0.24753982438609703,0.05771901225958823,2026-08-31T19:59:44Z
824314,681297,Colton Cowser,BAL,COL,0,5,projected,Tanner Gordon,Coors Field,2026-09-01T00:40:00Z,4.026189635848411,1330,862,0.5477956100741879,1.7096985198951555,Normal,0.20636280635512808,0.6502836168336896,0.3283450075642547,0.7148339951256297,0.6899924308944022,0.48683289033954397,0.32192767507553977,0.19651624052482655,0.6785765893221023,0.43784790697689774,0.27499276801428324,0.19499368997659403,0.6289632442660368,0.24477232658947015,0.057680867046360135,2026-08-31T19:59:44Z
824314,666160,Mickey Moniak,COL,BAL,1,6,confirmed,Cade Povich,Coors Field,2026-09-01T00:40:00Z,3.8148872990317346,1684,961,0.4630404526515472,-2.305428390673146,Cold,0.17057341031315434,0.6557848988417178,0.21516323222703276,0.6810531799541604,0.6911467229222297,0.48628342264060537,0.3200397039349359,0.1939829361369542,0.6684009196799287,0.42471388162506146,0.26311194968443724,0.18603415390917646,0.6341689741948127,0.24682278112076805,0.05658479304841396,2026-08-31T19:59:44Z
824314,691723,Coby Mayo,BAL,COL,0,6,projected,Tanner Gordon,Coors Field,2026-09-01T00:40:00Z,3.8646410025093085,702,862,0.4932653106142471,0.9176164902917158,Normal,0.1750919209781043,0.6597106250792553,0.2488718928563684,0.712634473356897,0.6849050489892535,0.48053412519734723,0.3158316043652873,0.19140028747164747,0.6666837447596738,0.42415416681600326,0.26352430858111126,0.1866962980615596,0.6377641835054496,0.2522931085067548,0.060059029410070915,2026-08-31T19:59:44Z
824314,687597,Jordan Beck,COL,BAL,1,7,confirmed,Cade Povich,Coors Field,2026-09-01T00:40:00Z,3.785727677006866,912,961,0.42294953472510677,-0.6772183258292896,Normal,0.10967473628823,0.6306666127986328,0.2880970294570765,0.7086545645267374,0.638902386638117,0.4308162873236159,0.27223279260369815,0.15780675489507978,0.6006600459659859,0.35650118208196685,0.21112460667160413,0.15017804848329766,0.6108172331121124,0.22413787435404556,0.04769700329668119,2026-08-31T19:59:44Z
824314,665966,Carlos Narváez,BAL,COL,0,7,projected,Tanner Gordon,Coors Field,2026-09-01T00:40:00Z,3.8375215226618695,716,862,0.4261851177882725,-2.4148420607559036,Cold,0.10945158423250964,0.6428276050207792,0.25107630710792284,0.6951517583850115,0.6407581181051564,0.43367627183041424,0.2753281085738063,0.16060542506743045,0.6068160738665538,0.36338005297852416,0.21678214380927846,0.15423924914500267,0.6220893223527005,0.23637729329426344,0.05337967940209257,2026-08-31T19:59:44Z
824314,687859,Troy Johnston,COL,BAL,1,8,confirmed,Cade Povich,Coors Field,2026-09-01T00:40:00Z,3.569386900465071,519,961,0.4304090564333687,0.45956737987789065,Normal,0.08782767428319876,0.6395606411729151,0.31552897097783095,0.47622166178727426,0.644795278803237,0.43562384284687966,0.27550621325661623,0.1597327094261069,0.5860067344329374,0.34183740255477363,0.20002524387720677,0.14255138618118104,0.6191931949549024,0.229901525991041,0.04888660773057763,2026-08-31T19:59:44Z
824314,665750,Leody Taveras,BAL,COL,0,8,projected,Tanner Gordon,Coors Field,2026-09-01T00:40:00Z,3.7657037388289485,2033,862,0.46591456484165866,0.3745364175177951,Normal,0.10378470505807988,0.6659329015185977,0.20604125219209407,0.5914858951951127,0.6640172610508087,0.45718497077769266,0.29488836329050677,0.1749723129026462,0.61911174381145,0.3746640812966824,0.224897370381191,0.15974091336404017,0.6436010515466012,0.25657522161024215,0.06096356250087885,2026-08-31T19:59:44Z
824314,678662,Ezequiel Tovar,COL,BAL,1,9,confirmed,Cade Povich,Coors Field,2026-09-01T00:40:00Z,3.569386900465072,2185,961,0.4676468336126661,0.39078836171680514,Normal,0.11778244726084486,0.6149221391512146,0.23811046453825782,0.5945125679817855,0.6512125331623232,0.44200315301356724,0.2806629914366223,0.16338281197146035,0.6008519827033679,0.35529882520632494,0.2095524625403413,0.1489397402797457,0.5962232870215065,0.20897267459685306,0.04129192360482234,2026-08-31T19:59:44Z
824314,677942,Blaze Alexander,BAL,COL,0,9,projected,Tanner Gordon,Coors Field,2026-09-01T00:40:00Z,3.565840194430535,706,862,0.4839161800685683,1.3929817780216904,Normal,0.09936377861817021,0.6785038789481748,0.23721451512039282,0.5697939691884574,0.6741719679146293,0.46661385065746835,0.30210426676686747,0.179815935829433,0.6216209834583779,0.3757241183004759,0.22500108658236612,0.1596422428612889,0.6553436104411747,0.2662652319599453,0.0636652148428347,2026-08-31T19:59:44Z
824473,699302,Héctor Rodríguez,CIN,SD,1,1,confirmed,Michael King,Great American Ball Park,2026-08-31T22:40:00Z,4.318001414395745,68,2304,0.5976952771503858,0.8404556855144903,Normal,0.15644081305631055,0.6415955371678055,0.3909798631373358,0.6341007579620114,0.7194126053703743,0.5217410085468918,0.3549041832906556,0.2237129868571182,0.6378064255881317,0.3963839517002573,0.2431880441458844,0.17301545175931501,0.6208070130256562,0.23922010923076173,0.05690419916187984,2026-08-31T19:59:44Z
824473,665487,Fernando Tatis Jr.,SD,CIN,0,1,confirmed,Brady Singer,Great American Ball Park,2026-08-31T22:40:00Z,4.785362132614231,2360,3416,0.662272651152616,-0.21174607083514743,Normal,0.15724988803382928,0.7238129593574704,0.3426732602212835,0.6041764036150187,0.7537205761170661,0.5651250075278518,0.39804402372264547,0.26099021134393696,0.6912973267214362,0.45568072308131535,0.29217236865196344,0.2085238105870837,0.6970418767058684,0.32442281041387466,0.09897842511634874,2026-08-31T19:59:44Z
824473,682829,Elly De La Cruz,CIN,SD,1,2,confirmed,Michael King,Great American Ball Park,2026-08-31T22:40:00Z,4.318001414395744,2357,2304,0.6452364071609018,1.2956575602625664,Normal,0.14416258691386608,0.6559252676921633,0.402757808769189,0.7621945796078675,0.71779765081158,0.5195554503369094,0.35255468013794833,0.22153375367891115,0.6507324697712027,0.40930911767500305,0.2529953938906776,0.17977780691969428,0.6341553603050496,0.25167310569366985,0.06158170050143648,2026-08-31T19:59:44Z
824473,630105,Jake Cronenworth,SD,CIN,0,2,confirmed,Brady Singer,Great American Ball Park,2026-08-31T22:40:00Z,4.567760565596348,2719,3416,0.6064193392293771,-0.6741867448917072,Normal,0.11830642458983592,0.6695655868872478,0.4803789957897252,0.6541228848197564,0.6976088358265264,0.4976430389971876,0.3334676550583029,0.20702619651275547,0.633331232511461,0.3928263414178791,0.24101865270781508,0.1717183338243537,0.6467894459514189,0.2666158130614374,0.06954617650779255,2026-08-31T19:59:44Z
824473,701398,Sal Stewart,CIN,SD,1,3,confirmed,Michael King,Great American Ball Park,2026-08-31T22:40:00Z,4.289828301374473,654,2304,0.5325063567975888,0.8047801080891145,Normal,0.1822524797833711,0.6563349443472795,0.32186184451427674,0.7330331254254256,0.7220752591203656,0.5238918786000267,0.3561375166753191,0.22412448287974965,0.6625820180932274,0.42110134278998773,0.2619704310456558,0.18599477500800765,0.6345768221254415,0.251109082138914,0.0608949592612024,2026-08-31T19:59:44Z
824473,592518,Manny Machado,SD,CIN,0,3,confirmed,Brady Singer,Great American Ball Park,2026-08-31T22:40:00Z,4.5266189807058534,3143,3416,0.5326638540308581,0.4535966760276054,Normal,0.14967433459501453,0.6810998096215232,0.3225934674545045,0.6287464710158887,0.7244962351186913,0.5282860356025871,0.36152654964394965,0.2295385701096722,0.6545909351886195,0.4143163584812641,0.25764149408708786,0.18337253895559333,0.6575166351384681,0.27730605376494516,0.07405742463255027,2026-08-31T19:59:44Z
824473,668709,JJ Bleday,CIN,SD,1,4,confirmed,Michael King,Great American Ball Park,2026-08-31T22:40:00Z,4.100427067003748,1986,2304,0.4979132215591875,-0.4514436734361205,Normal,0.1484040380792052,0.5760276065738843,0.4601588651506292,0.6740275846092494,0.6511617903747579,0.44486127713317614,0.28509406529892767,0.1681060940175718,0.600186545767271,0.3576922361988216,0.21288216243078056,0.15164491485515683,0.559588610352384,0.1831611508611657,0.03504853793951273,2026-08-31T19:59:44Z
824473,664034,Ty France,SD,CIN,0,4,confirmed,Brady Singer,Great American Ball Park,2026-08-31T22:40:00Z,4.321814142652956,2715,3416,0.4468614811570793,0.5007216291608585,Normal,0.10802118488228196,0.6740584537034309,0.33216697851412696,0.5884045495444611,0.6851362595091539,0.4824974780595045,0.3188788562360017,0.1947723158680911,0.6205574532219872,0.37879522365534773,0.22951231120068186,0.16341676573468858,0.651014980708527,0.2687947668366936,0.06907088287867848,2026-08-31T19:59:44Z
824473,663886,Tyler Stephenson,CIN,SD,1,5,confirmed,Michael King,Great American Ball Park,2026-08-31T22:40:00Z,4.014812345010211,1950,2304,0.453757400958091,-0.49907964742432315,Normal,0.12224340170325233,0.6156647712719132,0.3358666316144526,0.8064451753314272,0.665039586097783,0.45883881538539906,0.29665399378761464,0.17652391519841557,0.5945995379886102,0.35194967294512086,0.2083977218982558,0.14849125001443841,0.5967496206950252,0.21329992748286886,0.044791454557741486,2026-08-31T19:59:44Z
824473,701538,Jackson Merrill,SD,CIN,0,5,confirmed,Brady Singer,Great American Ball Park,2026-08-31T22:40:00Z,4.271326550627786,1644,3416,0.5783853659774758,-0.040143588255576006,Normal,0.19057776111411787,0.6957277622928157,0.29098014618001977,0.6420470301863911,0.7335374924706861,0.5376894113513513,0.36925593973787746,0.2349723552669566,0.7019876973837984,0.4649506994683088,0.29788727148877814,0.21169288890544785,0.6711158314968455,0.28973904945128337,0.07815541181684041,2026-08-31T19:59:44Z
824473,553993,Eugenio Suárez,CIN,SD,1,6,confirmed,Michael King,Great American Ball Park,2026-08-31T22:40:00Z,4.014812345010211,3048,2304,0.45960126657150124,0.29682407797070665,Normal,0.17117042730747667,0.5802018143494672,0.3759390149861238,0.8637138762321186,0.6655715834660895,0.4592055274321951,0.2968208867908288,0.17653983085372457,0.6125946469738991,0.36873939211464346,0.22061816043431257,0.15681143366312586,0.5635548054061543,0.1852658478133148,0.035198670500313,2026-08-31T19:59:44Z
824473,593428,Xander Bogaerts,SD,CIN,0,6,confirmed,Brady Singer,Great American Ball Park,2026-08-31T22:40:00Z,4.202916048314028,2832,3416,0.4546696409022946,-0.032814210429521706,Normal,0.0933869073013991,0.6521241886576945,0.34522285347501785,0.5270935989231944,0.674958701844132,0.47063756418474473,0.30783246710415657,0.1857754173083671,0.5899578160759178,0.34888526651321256,0.20686629972371606,0.14766825020549276,0.6306742898657597,0.24684573400990867,0.05889598590570623,2026-08-31T19:59:44Z
824473,680574,Matt McLain,CIN,SD,1,7,confirmed,Michael King,Great American Ball Park,2026-08-31T22:40:00Z,3.9434108935198866,1404,2304,0.4492224691220527,-1.4868609666501784,Normal,0.1106391964528606,0.571570531717122,0.33989165246016717,0.8211570984686529,0.6398834463097746,0.4322961129883207,0.273802705929782,0.1592035008398364,0.5553887080468598,0.31630920207712004,0.1827388016543342,0.13099892382337427,0.5554750988018261,0.178411995444985,0.03281606171981304,2026-08-31T19:59:44Z
824473,687957,Dustin Harris,SD,CIN,0,7,confirmed,Brady Singer,Great American Ball Park,2026-08-31T22:40:00Z,3.4782460539371725,115,3416,0.4342675929519801,1.113993200986149,Normal,0.11134138597355168,0.5937134003514762,0.31866151138437254,0.532258888165138,0.6216995653653851,0.4134108587843272,0.25789138790034155,0.1474338179608647,0.5737210381071634,0.3316404174830588,0.19329965364650586,0.13816604339796934,0.5763305849322193,0.19387061501406336,0.03750205397089146,2026-08-31T19:59:44Z
824473,670770,TJ Friedl,CIN,SD,1,8,confirmed,Michael King,Great American Ball Park,2026-08-31T22:40:00Z,3.821259771730052,2101,2304,0.4341376059771255,-1.5438522976120828,Normal,0.11081829759481386,0.5668386886907393,0.39853504073587315,0.5733535390253485,0.629824024989775,0.4217010413422173,0.26469692330929784,0.1523125718186871,0.550218274199516,0.31138535097519326,0.17909371425728096,0.12849423262490411,0.551066730478978,0.17427137569048531,0.031224253636987498,2026-08-31T19:59:44Z
824473,669134,Luis Campusano,SD,CIN,0,8,confirmed,Brady Singer,Great American Ball Park,2026-08-31T22:40:00Z,3.478246053937172,722,3416,0.4124243266885123,-0.43758841800680176,Normal,0.09241806830890933,0.5867039367688428,0.2795207992126245,0.47870978219891025,0.6295179281075981,0.42069538092610403,0.26350855797758493,0.1512457619973477,0.5456485432123321,0.3069226389353403,0.1758279654621731,0.12629800488955303,0.5697844229918915,0.18790102446989715,0.03516262178963674,2026-08-31T19:59:44Z
824473,695490,Edwin Arroyo,CIN,SD,1,9,confirmed,Michael King,Great American Ball Park,2026-08-31T22:40:00Z,3.4051271548621798,147,2304,0.37813485750999903,-0.7713888042824568,Normal,0.07013221079496851,0.5558036171112362,0.22863541156196499,0.6301871923058824,0.5740159081379073,0.36674949749006314,0.21983378819452562,0.1199052349888531,0.5043844980324466,0.27196264396330616,0.15170197201541544,0.10999522362156672,0.5408726769105365,0.16333223562279425,0.026753725385919403,2026-08-31T19:59:44Z
824473,823550,Sung-Mun Song,SD,CIN,0,9,confirmed,Brady Singer,Great American Ball Park,2026-08-31T22:40:00Z,3.0370165593190324,139,3416,0.41962861062328155,-1.134442387445236,Normal,0.08542669237499445,0.5225975083256714,0.32199565249003337,0.4546328868823219,0.5559792675517313,0.34864507260232924,0.20503972215709812,0.10929186578906225,0.49700059112457806,0.26432166456267403,0.14605067892232856,0.10623810686765019,0.5097396496051313,0.1387242965147785,0.019559863134471552,2026-08-31T19:59:44Z
824635,663538,Nico Hoerner,CHC,MIL,1,1,projected,Kyle Harrison,Wrigley Field,2026-08-31T23:40:00Z,4.495945548992993,3086,1264,0.6159885560895,0.47645650438357706,Normal,0.09366608651579328,0.7075476655896185,0.3098321150462995,0.45141764984541005,0.7170671241035315,0.5194699929293319,0.3531815407684064,0.2226335011728539,0.6333599703557163,0.3923843719217117,0.24040608661729435,0.17119287364776303,0.6820182663105316,0.3043219749196413,0.08681681675636897,2026-08-31T19:59:44Z
824635,592885,Christian Yelich,MIL,CHC,0,1,projected,Clay Holmes,Wrigley Field,2026-08-31T23:40:00Z,4.758867638224088,2683,1806,0.6791488805403989,1.5843229023358028,Normal,0.11730788968014558,0.6782007258274596,0.4447934413369234,0.6702543462512054,0.7288490639517777,0.5346090545887329,0.3684255598160143,0.23594993287157776,0.6317750646576543,0.39203941129526054,0.24087016619994414,0.17178334660361147,0.654781577167502,0.27629972872409214,0.07481786479491091,2026-08-31T19:59:44Z
824635,608324,Alex Bregman,CHC,MIL,1,2,projected,Kyle Harrison,Wrigley Field,2026-08-31T23:40:00Z,4.446314681094225,3129,1264,0.6300089083248267,0.4031258420558337,Normal,0.16892656455455562,0.6679027453221303,0.43439618795079926,0.5346354811464019,0.7224912478952092,0.5253283564215662,0.3582711076913887,0.22649601771464645,0.6651246190106941,0.424849918776177,0.2656383239026495,0.18888171952871735,0.6452883611562472,0.26349795327215036,0.06721455003240309,2026-08-31T19:59:44Z
824635,668930,Brice Turang,MIL,CHC,0,2,projected,Clay Holmes,Wrigley Field,2026-08-31T23:40:00Z,4.5558127035457225,2305,1806,0.5919346075618457,-1.222155504910905,Normal,0.09719854944307553,0.6565833722116307,0.4380542292423528,0.658963130669572,0.693499711083559,0.4930055333463976,0.3292405217373787,0.20364165344911822,0.5999822946221853,0.3602252601044802,0.21626248079679086,0.1544448451384959,0.6347205799856646,0.2542719821024186,0.0640889595843645,2026-08-31T19:59:44Z
824635,683737,Michael Busch,CHC,MIL,1,3,projected,Kyle Harrison,Wrigley Field,2026-08-31T23:40:00Z,4.220347305771027,1851,1264,0.4700198667815164,-1.0969989602177987,Normal,0.1275816367678283,0.6258859781151266,0.3865963281541965,0.6871603098423231,0.6771636007647354,0.4730057452774408,0.30987933407708107,0.18731966125512794,0.6106272466719781,0.3683257155627742,0.2211649702023005,0.1574767016930285,0.6062240934103805,0.22372659016252297,0.0497610118464408,2026-08-31T19:59:44Z
824635,686217,Sal Frelick,MIL,CHC,0,3,projected,Clay Holmes,Wrigley Field,2026-08-31T23:40:00Z,4.396278658117041,1671,1806,0.5147416923939233,0.11076705787360201,Normal,0.07847461570569245,0.6540770986753487,0.3806851409496355,0.4332221874366514,0.6718753831298869,0.468592733329001,0.3069744515939909,0.18579952549441878,0.5817141728161066,0.34253218179105527,0.20287477435761767,0.14509826594121802,0.6324249352112881,0.25073651608988967,0.06182266788556411,2026-08-31T19:59:44Z
824635,664023,Ian Happ,CHC,MIL,1,4,projected,Kyle Harrison,Wrigley Field,2026-08-31T23:40:00Z,4.220347305771027,3219,1264,0.483565475174788,0.46852875224402546,Normal,0.12376672744666915,0.6174332648705194,0.3956942974312422,0.7612295830045939,0.6737713598089068,0.46908282355186703,0.30625493204071863,0.18439374716720083,0.606156909769033,0.3637850154585109,0.21764908200498004,0.15501577136053546,0.5983484329486506,0.21623699439501734,0.04676812729155056,2026-08-31T19:59:44Z
824635,661388,William Contreras,MIL,CHC,0,4,projected,Clay Holmes,Wrigley Field,2026-08-31T23:40:00Z,4.396278658117041,2872,1806,0.48451644884476336,0.860934525631389,Normal,0.08940681284773368,0.6542183920189848,0.36613010624796477,0.6008863693337713,0.6941698414779078,0.49278544020713455,0.3283096674586581,0.20235643767684605,0.5931832226018109,0.35291832399851975,0.21037116592476363,0.15023506303078854,0.6325682697898533,0.2505300347636156,0.06153739613480838,2026-08-31T19:59:44Z
824635,673548,Seiya Suzuki,CHC,MIL,1,5,projected,Kyle Harrison,Wrigley Field,2026-08-31T23:40:00Z,4.163910987511735,2796,1264,0.54308761725958,1.8859339813755305,Normal,0.16145099583374328,0.6565305220295912,0.42124226317197505,0.6977861807410274,0.714679721553491,0.5142456190697878,0.3463702133254427,0.2155856957910345,0.6586611036719088,0.41585054792033566,0.25711220690042574,0.18228487978170235,0.634804868656783,0.24967869219087427,0.05924157626554051,2026-08-31T19:59:44Z
824635,694192,Jackson Chourio,MIL,CHC,0,5,projected,Clay Holmes,Wrigley Field,2026-08-31T23:40:00Z,4.350568072025695,1625,1806,0.5001200930753816,0.9186188794392911,Normal,0.11278516216081574,0.6696736101258737,0.2723508779268724,0.6970292140883771,0.7151673711935967,0.5163009384726926,0.34949883707553553,0.21908550741715446,0.6296816251286161,0.38774313857560627,0.2363058939742083,0.16815060952054353,0.6469539131474608,0.26444893596644437,0.06715107866690775,2026-08-31T19:59:44Z
824635,624424,Michael Conforto,CHC,MIL,1,6,projected,Kyle Harrison,Wrigley Field,2026-08-31T23:40:00Z,3.7864236225989756,1692,1264,0.4081720459437447,-0.2810752687194365,Normal,0.11807053432037622,0.5646772032698086,0.32779183532949363,0.6896703278711881,0.6261120701851525,0.41831425803668676,0.2620985150806063,0.15054119941832422,0.5595719582327323,0.3197000907425052,0.18498231864505724,0.13248041691498672,0.5490103039479822,0.17311440644845152,0.031020439326688316,2026-08-31T19:59:44Z
824635,683734,Andrew Vaughn,MIL,CHC,0,6,projected,Clay Holmes,Wrigley Field,2026-08-31T23:40:00Z,4.133246255889467,2531,1806,0.3790237897257571,0.5718484250052571,Normal,0.08446101250341988,0.6396129724766383,0.3217805738902873,0.6097461054861618,0.6631107869446284,0.4577801464356011,0.2964842605164983,0.1769576357471792,0.581459992912675,0.34086136187171695,0.2009104792118654,0.14354713235298264,0.6190373992190601,0.2352418143247823,0.0539796997603503,2026-08-31T19:59:44Z
824635,608348,Carson Kelly,CHC,MIL,1,7,projected,Kyle Harrison,Wrigley Field,2026-08-31T23:40:00Z,3.7864236225989756,1600,1264,0.42903223921440536,0.06522990342849261,Normal,0.10936512883121327,0.5875933427985747,0.3455008952118566,0.5451987317822138,0.6374067270421184,0.42931090748188605,0.2709885030730275,0.1569006545901224,0.5582865104338777,0.31835270183072106,0.18393843806058385,0.131759660446175,0.570549655630898,0.18957179331649235,0.035944189729798084,2026-08-31T19:59:44Z
824635,641343,Jake Bauers,MIL,CHC,0,7,projected,Clay Holmes,Wrigley Field,2026-08-31T23:40:00Z,3.691431726970529,1330,1806,0.5052564128584002,0.32411264197366324,Normal,0.11485852018224738,0.554005772685898,0.49902854671640395,0.6366331102523731,0.646359772690572,0.4389256794311057,0.279443599115686,0.1634590553236058,0.5483052527208683,0.310326890089083,0.1786689009723843,0.12828131340286705,0.5389488628241051,0.16611592992945873,0.029296399594638037,2026-08-31T19:59:44Z
824635,691718,Pete Crow-Armstrong,CHC,MIL,1,8,projected,Kyle Harrison,Wrigley Field,2026-08-31T23:40:00Z,3.786423622598975,1691,1264,0.5087123375104923,0.5337098448432486,Normal,0.16476653630945828,0.6096918776947103,0.29513201928531296,0.6824181987174345,0.6887873865904174,0.48312823495514184,0.3168552149218642,0.19124621128592667,0.6359020157288505,0.3904439478765963,0.23624893214262438,0.16732930710700678,0.5912512981648261,0.20654000017612,0.04139627073393423,2026-08-31T19:59:44Z
824635,596142,Gary Sánchez,MIL,CHC,0,8,projected,Clay Holmes,Wrigley Field,2026-08-31T23:40:00Z,3.6714627927969055,1363,1806,0.4005794753461923,-1.3955425309753113,Normal,0.10025385994177455,0.5197336403603438,0.3749887520996358,0.6695928797058871,0.6098399336877901,0.4023784529052703,0.24919632695317262,0.14132288909796992,0.5111129210416033,0.27933404232132336,0.15745608177520098,0.11394779391636636,0.5066250180549092,0.14305016573851356,0.02273376332581122,2026-08-31T19:59:44Z
824635,621438,Tyrone Taylor,CHC,MIL,1,9,projected,Kyle Harrison,Wrigley Field,2026-08-31T23:40:00Z,3.2745716233853854,1538,1264,0.4295135131632233,2.676281035899062,Hot,0.10807818816439647,0.5460372949106211,0.24035847652220937,0.5442486189878295,0.6132006314573829,0.4021803783730341,0.24683180378751268,0.13816981238667914,0.5488298962030959,0.3070922380880144,0.1747845555206352,0.12541409007956494,0.5317491243138693,0.1554697078182034,0.02414403913095985,2026-08-31T19:59:44Z
824635,687401,Joey Ortiz,MIL,CHC,0,9,projected,Clay Holmes,Wrigley Field,2026-08-31T23:40:00Z,3.5192620494099525,1400,1806,0.39819899727820574,0.5786733945102998,Normal,0.06469014615903217,0.552119535586522,0.24733104530166558,0.5390199103106076,0.5939226947231395,0.386299338566934,0.23581795197197586,0.13149475729793506,0.5014227247393948,0.2708397133756941,0.15149330939741273,0.10991572649253192,0.5372920174959244,0.1628514208251183,0.027603979232750424,2026-08-31T19:59:44Z
824719,701350,Roman Anthony,BOS,SEA,1,1,confirmed,George Kirby,Fenway Park,2026-08-31T22:45:00Z,4.503352590869211,438,3225,0.6137877914989733,0.5697930726810142,Normal,0.10353084998811336,0.6848089686168006,0.4454664415721343,0.748145842146994,0.7115226909257863,0.5130624845312792,0.347260176219028,0.21784884597763385,0.6335934833990754,0.3926456180620952,0.24062459139103096,0.1713528253688083,0.6609561915243494,0.2808702369762291,0.07557359906016595,2026-08-31T19:59:44Z
824719,668227,Randy Arozarena,SEA,BOS,0,1,confirmed,Payton Tolle,Fenway Park,2026-08-31T22:45:00Z,4.739864646268334,3220,580,0.6491696562999959,-0.5585668490368969,Normal,0.14878208724298894,0.6521387694202925,0.4594081145751262,0.7682470948134257,0.714652819162328,0.5178355858800553,0.3525948443397813,0.22288195681720369,0.6416987609373593,0.40206934203909844,0.2486519378735561,0.1772587100674158,0.6305507083775292,0.2513280509415995,0.06356941769065148,2026-08-31T19:59:44Z
824719,681508,Mickey Gasper,BOS,SEA,1,2,confirmed,George Kirby,Fenway Park,2026-08-31T22:45:00Z,4.029091053782484,289,3225,0.4900520268077231,2.5463377990272917,Hot,0.1066159853230134,0.6120720594563172,0.37269233734095336,0.535247791833315,0.6444219680574691,0.43882028213401975,0.2806177919047964,0.1652137598185294,0.5792426247737849,0.3392647130039866,0.1999506988855321,0.14292286289023298,0.5933024880512461,0.21253697756560752,0.04576399670626853,2026-08-31T19:59:44Z
824719,686527,Dominic Canzone,SEA,BOS,0,2,confirmed,Payton Tolle,Fenway Park,2026-08-31T22:45:00Z,4.365710580557075,1059,580,0.49445924281035913,-0.28180826018467675,Normal,0.140739240401201,0.6546262482987144,0.28130824369347807,0.6890355045591517,0.6990910839356248,0.4989551170218155,0.3343691697442665,0.20750873203969383,0.6364452916523363,0.39558833952691924,0.2429117754106386,0.1729422101899268,0.6329109999855355,0.251914189458314,0.06269773716261189,2026-08-31T19:59:44Z
824719,678882,Ceddanne Rafaela,BOS,SEA,1,3,confirmed,George Kirby,Fenway Park,2026-08-31T22:45:00Z,4.029091053782484,1807,3225,0.4559618608514125,-1.042801938464659,Normal,0.0941171347092618,0.678330585831211,0.16432875271928568,0.6288561346261079,0.6883813283324143,0.4850913171098756,0.3202758327202518,0.19509411382257308,0.6253586919651098,0.3824103209838792,0.23145793752679764,0.16441896825489508,0.6549837448776411,0.2711267607019127,0.06842358940133404,2026-08-31T19:59:44Z
824719,677594,Julio Rodríguez,SEA,BOS,0,3,confirmed,Payton Tolle,Fenway Park,2026-08-31T22:45:00Z,4.365710580557076,3147,580,0.5004530439819519,-2.076784558665061,Cold,0.144993893576135,0.6510429937654787,0.2901703525197513,0.7560488901033403,0.7044361901685902,0.5049822437696393,0.33969874658399446,0.21159108019608108,0.629701975012568,0.38868261775632723,0.23740706356023622,0.16898811346797243,0.6295649011755733,0.24840712515557606,0.06084721837983842,2026-08-31T19:59:44Z
824719,677800,Wilyer Abreu,BOS,SEA,1,4,confirmed,George Kirby,Fenway Park,2026-08-31T22:45:00Z,4.029091053782484,1538,3225,0.4843457073990916,0.3731073189233504,Normal,0.1422023465933637,0.6401830579294019,0.3179719663870917,0.6162402859478608,0.6877495481464827,0.4836988960016385,0.318610511338726,0.19352058771523187,0.6368663781011676,0.3932137070882293,0.23937303983257793,0.1698263534798207,0.6195933915423975,0.2346799610518823,0.052972818168056886,2026-08-31T19:59:44Z
824719,663728,Cal Raleigh,SEA,BOS,0,4,confirmed,Payton Tolle,Fenway Park,2026-08-31T22:45:00Z,4.347307944289052,2747,580,0.5146415093429674,1.1758438757962162,Normal,0.2281548501844617,0.5869782226614348,0.3959530780841677,0.8018707534165146,0.6911195454449777,0.4891845869269585,0.3249174079518594,0.199561396930139,0.6573673872784058,0.41629518881835836,0.25860871292962995,0.18380783170695403,0.5697678555211021,0.19361832784030272,0.03970364490457679,2026-08-31T19:59:44Z
824719,686765,Nick Sogard,BOS,SEA,1,5,confirmed,George Kirby,Fenway Park,2026-08-31T22:45:00Z,4.029091053782485,373,3225,0.4629737734022384,-0.4536420961576643,Normal,0.08197414648773241,0.6447495362688523,0.3293153956474725,0.6099946357523804,0.6489806520682936,0.44215388529122684,0.2824683406218564,0.16589908730496314,0.5868175010597828,0.34481278449154834,0.2032399489552963,0.1449771007285593,0.6238658491532644,0.23821299589439288,0.05407220105278045,2026-08-31T19:59:44Z
824719,647304,Josh Naylor,SEA,BOS,0,5,confirmed,Payton Tolle,Fenway Park,2026-08-31T22:45:00Z,4.295594590011519,2781,580,0.4362111297397309,0.6040824301138519,Normal,0.11008466281265651,0.680994735558187,0.24494532791909576,0.5216559509949412,0.6967522813760784,0.4950744856998224,0.32991917977809343,0.20328685815601713,0.6261907613553968,0.3840356300028596,0.23332599114009447,0.16601728368124355,0.6574650200318003,0.27506726515170493,0.07155221974927987,2026-08-31T19:59:44Z
824719,702332,Caleb Durbin,BOS,SEA,1,6,confirmed,George Kirby,Fenway Park,2026-08-31T22:45:00Z,3.9554274878558,1004,3225,0.4266947752195473,-0.29405514047956893,Normal,0.07957747690364293,0.6376869769042547,0.2717849859666709,0.4697412531662492,0.6555891476354074,0.4485611725146312,0.28760009319884183,0.16951841147286123,0.574620431379528,0.333372447272823,0.19483711603386333,0.13921195642860026,0.6173161180216882,0.23131030499329483,0.05102600057152664,2026-08-31T19:59:44Z
824719,621493,Taylor Ward,SEA,BOS,0,6,confirmed,Payton Tolle,Fenway Park,2026-08-31T22:45:00Z,4.250936309449792,2883,580,0.47650288165052657,-2.3216243708516573,Cold,0.11513407436831255,0.5915796675783346,0.47719302806911956,0.7173088024996761,0.6612533425665861,0.4562414957912291,0.29548607764706164,0.1764523634802894,0.5706339295832129,0.331529133694356,0.19444309801492957,0.1392001236189109,0.57412740771016,0.1962317973542016,0.04013387417345161,2026-08-31T19:59:44Z
824719,680776,Jarren Duran,BOS,SEA,1,7,confirmed,George Kirby,Fenway Park,2026-08-31T22:45:00Z,3.955427487855799,2557,3225,0.4327004139641743,-0.11907838740225257,Normal,0.10247493152435319,0.6330577544417131,0.2357793949658176,0.67690436521418,0.663807724885123,0.45701920710041366,0.29470611825446924,0.17476882166138694,0.6166747756945709,0.3723270957710169,0.22308874944413895,0.15844059421547044,0.6130101781410054,0.2270829760077107,0.04929161987335779,2026-08-31T19:59:44Z
824719,702284,Cole Young,SEA,BOS,0,7,confirmed,Payton Tolle,Fenway Park,2026-08-31T22:45:00Z,3.9700822629462844,806,580,0.3901416516861991,-1.8902885640227118,Normal,0.09307337512150576,0.5974872413340244,0.25315582267017067,0.546812327165766,0.6279242751444774,0.42117688224150873,0.26520987029250914,0.15335908391872355,0.5525140911176789,0.31465250587530325,0.18200301962843374,0.13060058440077285,0.5797293287581504,0.19924653987582921,0.04026155362976511,2026-08-31T19:59:44Z
824719,596115,Trevor Story,BOS,SEA,1,8,confirmed,George Kirby,Fenway Park,2026-08-31T22:45:00Z,3.873311113795972,1504,3225,0.43210884909885355,-1.1623630237278983,Normal,0.0924946989343778,0.6327196778369889,0.18488573950809178,0.7452274591674807,0.6691851682428714,0.4622915785710191,0.2989588852498609,0.1777866372344348,0.5831254377958733,0.34051559046924007,0.19968236804205092,0.14244246629565657,0.6127236815664338,0.22615966053827785,0.04862704824530861,2026-08-31T19:59:44Z
824719,642215,Weston Wilson,SEA,BOS,0,8,confirmed,Payton Tolle,Fenway Park,2026-08-31T22:45:00Z,3.5165605325580342,379,580,0.4091929892051386,-1.3334069207712833,Normal,0.10034633874455831,0.528872329388085,0.31962675046524236,0.7552352592599391,0.6006549533872599,0.39303451903628694,0.24144156798160882,0.1356644909980811,0.5165726776774836,0.28322767953846184,0.15991616717265822,0.11562402161894773,0.5153196839392096,0.14814717961103244,0.023941630180189737,2026-08-31T19:59:44Z
824719,657136,Connor Wong,BOS,SEA,1,9,confirmed,George Kirby,Fenway Park,2026-08-31T22:45:00Z,3.434654464858018,1347,3225,0.3851141243589711,-0.8652603518880803,Normal,0.06752040090230854,0.5748037611786052,0.20251302207379757,0.6352758978870309,0.6077643195243337,0.39815635852417713,0.24436689065799813,0.13691539521592347,0.5221462320668675,0.2862066390848735,0.1611828257256048,0.1163554392025519,0.5587271613868788,0.17692205791392335,0.030688969269286527,2026-08-31T19:59:44Z
824719,641487,J.P. Crawford,SEA,BOS,0,9,confirmed,Payton Tolle,Fenway Park,2026-08-31T22:45:00Z,3.5165605325580334,2734,580,0.3726305792536198,-1.6687403226815047,Normal,0.06731785767603873,0.5335445149443635,0.3202675755785617,0.5823025583518835,0.5793261402065979,0.3736242179123736,0.22631236878657812,0.1250911236038891,0.4829289796368473,0.2571994054871699,0.14272908585568575,0.10397260010367733,0.5196869283348261,0.15154464175855048,0.024665677823000543,2026-08-31T19:59:44Z
824911,686948,Drake Baldwin,ATL,SF,1,1,confirmed,Anthony Molina,Truist Park,2026-08-31T22:05:00Z,4.4337439248055155,951,460,0.6669326364401006,0.9485219630504237,Normal,0.17363011161828953,0.7360293237833928,0.35825467398329797,0.49648671808934114,0.7506837466988628,0.5597726664730874,0.3914324425023683,0.25423538051794364,0.7034951892202163,0.4679227898097258,0.30124385810504745,0.21453599075860175,0.7083340876978201,0.3354883652225215,0.10268375915521462,2026-08-31T19:59:44Z
824911,687551,Drew Gilbert,SF,ATL,0,1,confirmed,Bryce Elder,Truist Park,2026-08-31T22:05:00Z,4.4172786799482715,449,2472,0.5810047820129698,0.48362671790524,Normal,0.1188978708303738,0.6314769421284282,0.3968116805222917,0.5439784374342644,0.6529690135096808,0.4496571990765261,0.2912633905570944,0.17425658660419718,0.6072316003645195,0.36745872351832837,0.22180668488234515,0.15830993227111248,0.6113014173624125,0.23217744648679445,0.055110704036775975,2026-08-31T19:59:44Z
824911,660670,Ronald Acuña Jr.,ATL,SF,1,2,confirmed,Anthony Molina,Truist Park,2026-08-31T22:05:00Z,4.4337439248055155,2272,460,0.6424197456412831,-0.5376799833827671,Normal,0.14320504193071848,0.7194871312301324,0.3859997977515677,0.5949718325166022,0.7419253809475743,0.5486568515985157,0.3804002172391422,0.24475642659205252,0.6761408412315237,0.4367616082899188,0.27521665015171876,0.19568179437098182,0.6930675322599844,0.3163487367719336,0.09221443664254339,2026-08-31T19:59:44Z
824911,646240,Rafael Devers,SF,ATL,0,2,confirmed,Bryce Elder,Truist Park,2026-08-31T22:05:00Z,4.417278679948273,3186,2472,0.6010829198780984,1.18285409048482,Normal,0.19466436359752973,0.6628412979982755,0.3940294394718911,0.6293608978045385,0.7105530122427797,0.5127075312728198,0.3472955716627634,0.21805526037768758,0.6836205802178676,0.44640750645388627,0.28375188881410807,0.2019747882960297,0.6404973756846434,0.2604454269795775,0.06654055843846604,2026-08-31T19:59:44Z
824911,621566,Matt Olson,ATL,SF,1,3,confirmed,Anthony Molina,Truist Park,2026-08-31T22:05:00Z,4.341822583265157,3429,460,0.6365483737917249,-0.8055686142734257,Normal,0.2505708988620755,0.7063632822187838,0.3810383142232827,0.59726533165501,0.7537992895476455,0.5626377047262815,0.3933607216943277,0.2551657745486238,0.7453318648002676,0.5175759036481045,0.34358697667736665,0.245351298132792,0.6809558286689896,0.3009494977418826,0.08362667387599004,2026-08-31T19:59:44Z
824911,805811,Bryce Eldridge,SF,ATL,0,3,confirmed,Bryce Elder,Truist Park,2026-08-31T22:05:00Z,4.417278679948272,411,2472,0.5080409008398897,0.5625283162935494,Normal,0.14757587593974755,0.6410950042915236,0.4362815823386568,0.7192227686792485,0.6826198679685885,0.4803270910654589,0.31738157904786085,0.193921353292532,0.6309783863923994,0.38973308459926526,0.2381981108527251,0.16958220365414842,0.6203307435418232,0.23912173543114493,0.057086615469060145,2026-08-31T19:59:44Z
824911,643289,Mauricio Dubón,ATL,SF,1,4,confirmed,Anthony Molina,Truist Park,2026-08-31T22:05:00Z,4.046719909262729,2108,460,0.4380574198007286,1.6196313778274596,Normal,0.07240224710541676,0.6943414825492142,0.19377223373993135,0.36364494487208365,0.6841207200023843,0.4797377866223386,0.31516215105667333,0.19090786011337765,0.6114551146937116,0.3682628847933739,0.22062186289197674,0.15693210987164558,0.6698636963631928,0.28604772209306506,0.07469127012861898,2026-08-31T19:59:44Z
824911,813841,Jonah Cox,SF,ATL,0,4,confirmed,Bryce Elder,Truist Park,2026-08-31T22:05:00Z,3.8044113375003747,64,2472,0.39940212786595,-1.1321929818548184,Normal,0.11221354349580531,0.6162389642037909,0.22726165386453803,0.8386716955100172,0.6635874014730225,0.45873956699404883,0.2977289855006181,0.17822129671403922,0.5896279039789669,0.34883693653686265,0.20700380555343026,0.1478070679842279,0.5972045414331718,0.21608728701123422,0.047306726701209736,2026-08-31T19:59:44Z
824911,671739,Michael Harris II,ATL,SF,1,5,confirmed,Anthony Molina,Truist Park,2026-08-31T22:05:00Z,4.046719909262729,2621,460,0.49382545992092175,0.2893431739285363,Normal,0.1437012987231196,0.7336547076554063,0.21186512358824652,0.4688475777333011,0.7376325067150767,0.5410202094931045,0.3709917984104154,0.235212589921635,0.6950635918771931,0.4551636212394262,0.2883730602792041,0.20415685349536325,0.7061470300582777,0.32778951609515367,0.0943937461728426,2026-08-31T19:59:44Z
824911,808982,Jung Hoo Lee,SF,ATL,0,5,confirmed,Bryce Elder,Truist Park,2026-08-31T22:05:00Z,3.8044113375003743,1281,2472,0.3954505506461088,-0.5605705611079385,Normal,0.08210781391791376,0.6296873343093353,0.2654163096327235,0.3709136460739167,0.6349822984024784,0.4304469283764627,0.2740046352738987,0.1604080908790725,0.5789260687512455,0.33999256701975394,0.2006089942852287,0.14322388701572697,0.609599407471527,0.22903167578920222,0.05184418643217153,2026-08-31T19:59:44Z
824911,645277,Ozzie Albies,ATL,SF,1,6,confirmed,Anthony Molina,Truist Park,2026-08-31T22:05:00Z,4.046719909262729,2617,460,0.49144717121463816,-0.1998213935379326,Normal,0.13659396793341966,0.68547203469836,0.3037001163108188,0.39160200148420027,0.7074158756818095,0.5052901408775305,0.33765347965367065,0.20820633333170893,0.6543676061286814,0.41067619160859514,0.25258809584165265,0.17891197306176884,0.6616697098623973,0.2762836159037074,0.06966645058433422,2026-08-31T19:59:44Z
824911,678545,Osleivis Basabe,SF,ATL,0,6,confirmed,Bryce Elder,Truist Park,2026-08-31T22:05:00Z,3.8044113375003743,188,2472,0.3601354452582798,-1.0711709819872033,Normal,0.08810086651241057,0.5980802074341127,0.22861642871402188,0.6042281618799548,0.6076049804194326,0.40126778118787554,0.24892271304935734,0.14152235872534705,0.5531505623031688,0.3151009173858233,0.18223957706618965,0.13072612450788637,0.5802850498069505,0.19954859326744526,0.04020238651504492,2026-08-31T19:59:44Z
824911,669221,Sean Murphy,ATL,SF,1,7,confirmed,Anthony Molina,Truist Park,2026-08-31T22:05:00Z,3.8958478437167026,1709,460,0.3971905471569081,0.017607788576310134,Normal,0.11346780367914905,0.6112106123906896,0.32385405245506954,0.6374571618106541,0.6444002042501256,0.4367202631439823,0.2773871864698323,0.16176645124094388,0.5906905972225681,0.347605852329152,0.2048653862034277,0.14597936079035795,0.5926352596499502,0.20855620196329355,0.04251348178199199,2026-08-31T19:59:44Z
824911,668800,Andrew Knizner,SF,ATL,0,7,confirmed,Bryce Elder,Truist Park,2026-08-31T22:05:00Z,3.6214941756123293,742,2472,0.3394899615212671,0.6867895055712012,Normal,0.07813624464422862,0.5670536092168202,0.2354468299493551,0.557029675638623,0.5782384604650598,0.37293731053803125,0.22607103648332563,0.12515731558146828,0.5170502887247785,0.2842317344330838,0.16079613502130763,0.11620550152700608,0.5512480593162985,0.17498086476141578,0.0318267376011464,2026-08-31T19:59:44Z
824911,663586,Austin Riley,ATL,SF,1,8,confirmed,Anthony Molina,Truist Park,2026-08-31T22:05:00Z,3.895847843716702,2863,460,0.48435517449976,-1.0268573550992073,Normal,0.13030495172290052,0.6580874174328403,0.2549728212478654,0.6967131335857925,0.6967322822476534,0.49239794301524936,0.3254258286598432,0.19814437787418196,0.6343543309026752,0.38937753354753607,0.235718961475535,0.16706250760680313,0.6363181162465832,0.2488035898971747,0.057343405006630294,2026-08-31T19:59:44Z
824911,801501,Nate Furman,SF,ATL,0,8,confirmed,Bryce Elder,Truist Park,2026-08-31T22:05:00Z,2.9591968445275705,20,2472,0.3414141017602813,,Unknown,0.08808128323480689,0.500380506382358,0.25864880985149197,0.47032172489192997,0.46513666499462236,0.2745313803344972,0.15250194951814217,0.07595388254290722,0.48546401771299635,0.25542569348104993,0.1403605998418889,0.1024806905364947,0.4887094493420491,0.12536558890673025,0.016695389137707996,2026-08-31T19:59:44Z
824911,573262,Mike Yastrzemski,ATL,SF,1,9,confirmed,Anthony Molina,Truist Park,2026-08-31T22:05:00Z,3.444657002381756,2315,460,0.4920487322170122,-0.9104723729981441,Normal,0.11858015698419411,0.5773858009110617,0.3402556419234649,0.4733842810111141,0.6244592154789363,0.4143099879135729,0.257329827707385,0.14611311771137767,0.5804154069112063,0.3357105506861124,0.1951481260068794,0.139152357957267,0.5611465573860253,0.17888402106350634,0.03130240501586987,2026-08-31T19:59:44Z
824911,683766,Christian Koss,SF,ATL,0,9,confirmed,Bryce Elder,Truist Park,2026-08-31T22:05:00Z,2.959196844527571,321,2472,0.32987090119223544,-0.7429095394339632,Normal,0.05736967564026384,0.5191981919866585,0.17358622029230167,0.5563356944676834,0.5208486972651218,0.3184294561923802,0.18277838027612148,0.09465229808212439,0.4652173009020506,0.24027951742666231,0.1305876668942796,0.09587273286099651,0.5065732604841592,0.13585963705419524,0.018589645041850535,2026-08-31T19:59:44Z
825040,682998,Corbin Carroll,AZ,PHI,1,1,projected,Aaron Nola,Chase Field,2026-09-01T01:40:00Z,4.5220601134212135,2672,3452,0.7683789937299932,-0.16882049249162318,Normal,0.17254555999293608,0.6722808065751907,0.44377971528190213,0.651719072589684,0.7476009853633093,0.5562497785667413,0.3882728235080491,0.2517969019324651,0.696335721087686,0.46002813428862493,0.29486172519092796,0.21003051775645312,0.6493284731050336,0.26863800319009157,0.07007714570635871,2026-08-31T19:59:44Z
825040,656941,Kyle Schwarber,PHI,AZ,0,1,projected,Brandon Pfaadt,Chase Field,2026-09-01T01:40:00Z,4.80297033430728,3400,2381,0.7889604930323153,-0.08948013181531793,Normal,0.3222505068251343,0.6761714092744269,0.5122814084116575,0.7774357325241605,0.7737961877533789,0.5909025003507409,0.4239287892554578,0.2835154708765902,0.7625592524267659,0.5430829071363577,0.3694836082476525,0.26659843488111595,0.6528941775746946,0.2745146284840809,0.07415411494220663,2026-08-31T19:59:44Z
825040,663457,Lars Nootbaar,AZ,PHI,1,2,projected,Aaron Nola,Chase Field,2026-09-01T01:40:00Z,4.300184446476285,2093,3452,0.5506493471904854,0.7823182505557381,Normal,0.1297108924478785,0.631317387221522,0.43714494081537997,0.620544391033231,0.6808399317295496,0.4776318108819043,0.31442655158012595,0.19119227150549134,0.6153444326309022,0.3735304416127318,0.22542510768200874,0.160537486599398,0.6112552026580871,0.22936141022349435,0.052492844995378346,2026-08-31T19:59:44Z
825040,650333,Luis Arraez,PHI,AZ,0,2,projected,Brandon Pfaadt,Chase Field,2026-09-01T01:40:00Z,4.641351347699464,3133,2381,0.5785960035110418,0.04224100787648255,Normal,0.09399574047592352,0.8020943424919971,0.23039076515713625,0.3260814471105968,0.7686884381546104,0.5835655012551656,0.4158735186360356,0.27593437522067077,0.705655856594977,0.47148548620177566,0.3050253516018616,0.21768558834838783,0.7692450819533998,0.42122213294731237,0.15664923542839257,2026-08-31T19:59:44Z
825040,571448,Nolan Arenado,AZ,PHI,1,3,projected,Aaron Nola,Chase Field,2026-09-01T01:40:00Z,4.262525040744308,2807,3452,0.4850785572150565,-0.7135248127091134,Normal,0.1500177507819846,0.6745692129202693,0.2535141347407937,0.6235405497497579,0.7092074139763233,0.5088387959045169,0.34212868934484214,0.21275259641998798,0.6531026933503106,0.4109963554137829,0.2539074137971624,0.1802836840527534,0.6515157534804505,0.2681614796535574,0.06801824728207942,2026-08-31T19:59:44Z
825040,607208,Trea Turner,PHI,AZ,0,3,projected,Brandon Pfaadt,Chase Field,2026-09-01T01:40:00Z,4.595862909143171,3174,2381,0.5686452492666855,-0.5608508410764809,Normal,0.11890558946055166,0.7293492285590243,0.24152445503052106,0.6462015610300298,0.7482781563298655,0.557356587696102,0.38961366924246543,0.2531631672608593,0.6720552317477444,0.4332707268981606,0.27304374720874786,0.19442954562163137,0.7021748489951288,0.32894949131840723,0.10014335450450382,2026-08-31T19:59:44Z
825040,596146,Max Kepler,AZ,PHI,1,4,projected,Aaron Nola,Chase Field,2026-09-01T01:40:00Z,4.0725654210074795,1952,3452,0.482704686149803,-0.5937488800468028,Normal,0.1361604350448652,0.6166126065669365,0.31682746862665156,0.5983631209873137,0.6692481716703867,0.4637477288796217,0.301212818483892,0.18021998604945336,0.6071988478727648,0.36424683081182024,0.21766286506947416,0.1549031286684233,0.5976072266360395,0.21475692559109544,0.04569431036927933,2026-08-31T19:59:44Z
825040,650559,Bryan De La Cruz,PHI,AZ,0,4,projected,Brandon Pfaadt,Chase Field,2026-09-01T01:40:00Z,4.326573696552808,1706,2381,0.4134497580912573,0.8294565207691084,Normal,0.11651390205838866,0.6731353221340199,0.20665021060231506,0.7460574450953804,0.6881348713293356,0.4858002112301873,0.32183313610131337,0.19709734912814536,0.6270387935420617,0.38519623322860574,0.23439044706206508,0.16681655119362376,0.6501599568930513,0.26791273550864153,0.06871437994186531,2026-08-31T19:59:44Z
825040,672515,Gabriel Moreno,AZ,PHI,1,5,projected,Aaron Nola,Chase Field,2026-09-01T01:40:00Z,3.987643266251139,1562,3452,0.45258691971749787,-0.2796687840933765,Normal,0.0956454923892771,0.6768171975282897,0.2896561386603687,0.5722785210320973,0.6843777389762186,0.4795533070074476,0.31462527526395473,0.19020141087985035,0.6147897384211388,0.3709849307665892,0.22235349584161765,0.15801728499548548,0.6536511929402894,0.26779556282275224,0.06598558115091753,2026-08-31T19:59:44Z
825040,547180,Bryce Harper,PHI,AZ,0,5,projected,Brandon Pfaadt,Chase Field,2026-09-01T01:40:00Z,4.326573696552809,2770,2381,0.6412704873215771,2.055478183703894,Hot,0.18895267420250408,0.6963303833044818,0.5044127482443761,0.5674239120773669,0.7487309066071809,0.5565035718105483,0.38752996509994253,0.2503649459021936,0.7018967409761142,0.4651287451197238,0.29823940570090696,0.2120510510152801,0.6716673731947628,0.29078255991677554,0.07896189482129529,2026-08-31T19:59:44Z
825040,545121,Ildemaro Vargas,AZ,PHI,1,6,projected,Aaron Nola,Chase Field,2026-09-01T01:40:00Z,3.7817172334213756,1370,3452,0.36559932328718014,-1.377576392641505,Normal,0.07625295608177325,0.632396895769126,0.17772232718012332,0.45081975086941894,0.6323028598520608,0.4244441688546737,0.26712252998686725,0.1541812397592342,0.5707489705106576,0.3294978141307748,0.19186220744224033,0.13713139138827304,0.6124116833362849,0.22601421650654727,0.04859137734013222,2026-08-31T19:59:44Z
825040,664761,Alec Bohm,PHI,AZ,0,6,projected,Brandon Pfaadt,Chase Field,2026-09-01T01:40:00Z,4.219124375107431,2894,2381,0.4436516589248516,0.7568189822480678,Normal,0.09749691792753598,0.6965294370089896,0.23046226891570193,0.5022865900431638,0.7002449439937756,0.49855763724181107,0.3327201449057015,0.20523843248154952,0.6305732641432639,0.3879329603086136,0.23602927340570815,0.16780204005848456,0.6718703506983694,0.28994606102002685,0.07781933324823397,2026-08-31T19:59:44Z
825040,694374,Tim Tawa,AZ,PHI,1,7,projected,Aaron Nola,Chase Field,2026-09-01T01:40:00Z,3.7049952687688172,490,3452,0.4076553646245934,0.48779273219893576,Normal,0.11049138713655395,0.5934347610441342,0.2215626575997322,0.7093246150859868,0.6350210730631283,0.4266566827130144,0.26863836748166575,0.1550850756949367,0.5685175792823101,0.327048741535705,0.1899299460008017,0.13579391250533776,0.5760459323228113,0.19364893704912667,0.03710425111733623,2026-08-31T19:59:44Z
825040,681082,Bryson Stott,PHI,AZ,0,7,projected,Brandon Pfaadt,Chase Field,2026-09-01T01:40:00Z,4.021458111945264,2760,2381,0.4986635958209762,-0.7886702989712964,Normal,0.100680100699501,0.6686535752685351,0.33089976903883206,0.4729241661143592,0.6864924627430035,0.48242878335392037,0.3176359223396264,0.19291249270269908,0.615309183915313,0.37208503823135597,0.22355621719050883,0.15899372069049994,0.6460660251367826,0.26095784455771176,0.06388800379136801,2026-08-31T19:59:44Z
825040,672695,Geraldo Perdomo,AZ,PHI,1,8,projected,Aaron Nola,Chase Field,2026-09-01T01:40:00Z,3.704995268768817,2682,3452,0.4545109496083432,1.5555217825265442,Normal,0.07312657063406844,0.6003699777923914,0.3274704870493295,0.5089116208457636,0.6382056518261671,0.4296708749329013,0.2709764332343154,0.15667209611574098,0.5433887241561158,0.30522171898135325,0.17466149140126672,0.125465073697007,0.5825503457894068,0.1987179197077726,0.038534210660967176,2026-08-31T19:59:44Z
825040,592663,J.T. Realmuto,PHI,AZ,0,8,projected,Brandon Pfaadt,Chase Field,2026-09-01T01:40:00Z,3.951090886096112,2456,2381,0.4633046048736104,0.13002195335421637,Normal,0.10550232307305586,0.6376089470725664,0.24401041018047412,0.6166381966333087,0.680463425354003,0.47548054684419555,0.31125830319135545,0.18780578685618787,0.6001723139465881,0.35731449417342254,0.2124531018674438,0.15132981874358076,0.6172223047264326,0.2321300338005652,0.0519991177595694,2026-08-31T19:59:44Z
825040,543510,James McCann,AZ,PHI,1,9,projected,Aaron Nola,Chase Field,2026-09-01T01:40:00Z,3.409278870396644,926,3452,0.3989350480070759,1.582051582057752,Normal,0.09272754902379779,0.5828837205674838,0.1783166912396853,0.6606236403850693,0.6227892779095855,0.4124393066546272,0.25566728966345315,0.14482723837463446,0.5450903500030395,0.30489922640136696,0.17370423398407236,0.12474092675964492,0.5663271537511559,0.1825442398551072,0.032222389913286624,2026-08-31T19:59:44Z
825040,669016,Brandon Marsh,PHI,AZ,0,9,projected,Brandon Pfaadt,Chase Field,2026-09-01T01:40:00Z,3.5567356920405193,2346,2381,0.46965011729174694,-0.3494098312806119,Normal,0.10641848399656505,0.62777945172307,0.2399997387913566,0.5874424472083777,0.664626120000362,0.45644552752778556,0.2933440346224444,0.1731967387601168,0.5940499142740396,0.34958374120352276,0.20584097019713912,0.14659205558177826,0.6082036978727086,0.220497803484991,0.04603988444663266,2026-08-31T19:59:44Z
