game_pk,player_id,name,team,opponent,is_home,lineup_slot,lineup_status,opposing_pitcher,venue_name,start_time_utc,expected_pa,batter_pa_seen,pitcher_pa_seen,exp_runs,starter_share,form_z,form_state,prob_hr,prob_hit,prob_walk,prob_k,prob_hrr_over_0.5,prob_hrr_over_1.5,prob_hrr_over_2.5,prob_hrr_over_3.5,prob_tb_over_0.5,prob_tb_over_1.5,prob_tb_over_2.5,prob_tb_over_3.5,prob_hits_over_0.5,prob_hits_over_1.5,prob_hits_over_2.5,predicted_at_utc
822842,679822,Justin Foscue,TEX,NYM,1,1,confirmed,Zac Thornton,Globe Life Field,2026-09-24T18:35:00Z,4.438522674146797,294,318,0.5879806582659727,0.6593807258761251,0.7439926336638628,Normal,0.16363501374364428,0.677107192977485,0.31861007004265174,0.7001363906379179,0.7136278815644463,0.5149315248710074,0.34824720062380776,0.21795404902384338,0.651512389024197,0.4218221733697924,0.27121281249043855,0.20189820021969973,0.6545657509320082,0.27235186863449545,0.07087180328521953,2026-09-24T19:19:40Z
822842,596019,Francisco Lindor,NYM,TEX,0,1,confirmed,Kumar Rocker,Globe Life Field,2026-09-24T18:35:00Z,4.624561403508772,3264,969,0.6663187286183468,0.6107927382254318,-1.1266389473397296,Normal,0.15812892237011672,0.6622376027291068,0.3722684817973315,0.6477810660245276,0.7288598544812562,0.5339744985126492,0.36704200773128237,0.23408562282736053,0.6377581214752404,0.404633335379317,0.2584731643781746,0.19293884668501812,0.6406784724410958,0.25992163657816914,0.06666445245060028,2026-09-24T19:19:40Z
822842,608369,Corey Seager,TEX,NYM,1,2,confirmed,Zac Thornton,Globe Life Field,2026-09-24T18:35:00Z,4.329665291150848,2596,318,0.5455813031194592,0.6600751523741972,-1.2132506059427075,Normal,0.1802699339855225,0.6587299102293918,0.32015214392365543,0.590731448815336,0.7157812189950704,0.5167037893636202,0.34930792923734727,0.2183604813598203,0.634611459673587,0.4081601441929869,0.265572923788335,0.2072952556108348,0.637484964379439,0.25361685247008126,0.06198300394997361,2026-09-24T19:19:40Z
822842,665742,Juan Soto,NYM,TEX,0,2,confirmed,Kumar Rocker,Globe Life Field,2026-09-24T18:35:00Z,4.529659037832788,3263,969,0.7259912784328594,0.6074937404801065,-0.09744269175089935,Normal,0.24242453460069538,0.6868037303979907,0.5574015087428204,0.5257779857264188,0.7565793903011995,0.5673989444466252,0.39890332350886193,0.2604898983098682,0.6604169705862557,0.4497485603120474,0.32291917867202274,0.26801454823515114,0.6635679187128655,0.28301390133449045,0.07650562711602454,2026-09-24T19:19:40Z
822842,673962,Josh Jung,TEX,NYM,1,3,confirmed,Zac Thornton,Globe Life Field,2026-09-24T18:35:00Z,4.229695136141494,1755,318,0.518517918926393,0.652572503603907,-0.5098023180320408,Normal,0.13755771853169535,0.6999761862072705,0.29687598884935107,0.6089701552184882,0.7243234272250886,0.5257709456140263,0.3570062599191685,0.22402785071334821,0.6725973370418262,0.42438107559789734,0.2591467812997965,0.1807068229551216,0.675863931596412,0.29263677200195354,0.07824439586060948,2026-09-24T19:19:40Z
822842,666182,Bo Bichette,NYM,TEX,0,3,confirmed,Kumar Rocker,Globe Life Field,2026-09-24T18:35:00Z,4.420604914933837,2939,969,0.45979736441166347,0.5974265523946642,-0.20471889795253442,Normal,0.10498741173969361,0.695837011891162,0.2756594904041865,0.6096208836403247,0.7090534502642456,0.5098070346509584,0.3436352618778969,0.2143274365689911,0.6687312904198225,0.41227401419317355,0.237977991232669,0.15365457329489068,0.6719685842809299,0.2914535487846851,0.0798673789165354,2026-09-24T19:19:40Z
822842,669394,Jake Burger,TEX,NYM,1,4,confirmed,Zac Thornton,Globe Life Field,2026-09-24T18:35:00Z,4.1418269230769225,2281,318,0.522339811077051,0.6449704310661221,-0.4690585119183642,Normal,0.20773785026194735,0.6453849440926015,0.3323311441611909,0.6794765582911042,0.7143672301628505,0.5137017122235524,0.3454467344753209,0.21440521472382013,0.6223661529663711,0.40783579539819115,0.2796196112221171,0.22920342577545016,0.6251051850902344,0.23932299849895977,0.05485015595434947,2026-09-24T19:19:40Z
822842,701807,Carson Benge,NYM,TEX,0,4,confirmed,Kumar Rocker,Globe Life Field,2026-09-24T18:35:00Z,4.336043360433604,636,969,0.5327543729425672,0.5854263295734025,0.7268036674321217,Normal,0.13686480822683594,0.7087525072546081,0.34824735324525086,0.6183535509936019,0.7296387717241569,0.5331581593904274,0.36483081120639166,0.23112428301702553,0.6806142783424228,0.4240115297099921,0.26003562147179554,0.18082534680489518,0.6839759044207382,0.3037568109611231,0.08495843549727859,2026-09-24T19:19:40Z
822842,607043,Brandon Nimmo,TEX,NYM,1,5,confirmed,Zac Thornton,Globe Life Field,2026-09-24T18:35:00Z,4.022535211267606,3309,318,0.41203162892012796,0.6357827717713485,-1.5011344342198014,Normal,0.09881959838267938,0.6238753893284817,0.30173497239726377,0.6056126159085248,0.6658162299596455,0.4596083371399656,0.29699735792694343,0.17644596957243486,0.6024905747548707,0.3511633213076043,0.20038693365029933,0.1333007740441606,0.6050327802985258,0.22002131124476723,0.047145503974212126,2026-09-24T19:19:40Z
822842,683146,Brett Baty,NYM,TEX,0,5,confirmed,Kumar Rocker,Globe Life Field,2026-09-24T18:35:00Z,4.210253280439426,1495,969,0.504158594523385,0.574716854310424,2.240259435866537,Hot,0.13539000637088977,0.6556127011610435,0.3578925669007452,0.6816618009190238,0.6973212381617814,0.4951364202674448,0.329235135545158,0.2020659578139114,0.6317643406880987,0.3780301940754831,0.22869670157899913,0.1651262297985531,0.6346045621202425,0.24994056072412832,0.0599831829861818,2026-09-24T19:19:40Z
822842,694671,Wyatt Langford,TEX,NYM,1,6,confirmed,Zac Thornton,Globe Life Field,2026-09-24T18:35:00Z,3.899217221135029,1585,318,0.5263709548242441,0.6225968490277726,-0.6220720560408117,Normal,0.13891217640290743,0.6128412238273305,0.4441161661331995,0.5843699337823256,0.676524875113755,0.47055715823090577,0.3061033722294223,0.18307474926427425,0.5922882666188101,0.35997688583510334,0.2221311946431636,0.16543275833618956,0.5947301690723863,0.21014711493596527,0.04315978870947502,2026-09-24T19:19:40Z
822842,543760,Marcus Semien,NYM,TEX,0,6,confirmed,Kumar Rocker,Globe Life Field,2026-09-24T18:35:00Z,4.083890374331551,3265,969,0.44178162858821673,0.5611353844319357,0.8468756116157707,Normal,0.0998117990662479,0.6015266040892339,0.30827805702656685,0.5315692340077894,0.6534038986539804,0.44762469921665676,0.28745900218146514,0.16978092848329215,0.5816748792440906,0.3292593065403974,0.18618883203508965,0.1272478281241553,0.58403435946767,0.2033015978563691,0.042053534981315414,2026-09-24T19:19:40Z
822842,677649,Ezequiel Duran,TEX,NYM,1,7,confirmed,Zac Thornton,Globe Life Field,2026-09-24T18:35:00Z,3.748838871025366,1745,318,0.42377717397782644,0.6089825498442953,-1.6567817879475752,Normal,0.10420135578963546,0.6300751876070683,0.2739373579513612,0.5806950212311245,0.6499173644495201,0.44211497938263444,0.28146070810423485,0.16434752815305634,0.6082987216093857,0.3547453608986203,0.2013086663087554,0.13584229889574953,0.6108868060077128,0.2237748372600685,0.04767384731608261,2026-09-24T19:19:40Z
822842,805999,A.J. Ewing,NYM,TEX,0,7,confirmed,Kumar Rocker,Globe Life Field,2026-09-24T18:35:00Z,3.9299386059949444,477,969,0.4478639155873865,0.549085906453874,1.2154246233676433,Normal,0.10292041718946922,0.6416784241028795,0.336490156976793,0.6363779276121518,0.6623584136691562,0.4565755795101911,0.29485124884590375,0.17516610579707365,0.6189282213249669,0.3598346008968212,0.20341351836582303,0.13588265410229558,0.6216352070975459,0.23636689268696687,0.05391506791555017,2026-09-24T19:19:40Z
822842,553869,Elias Díaz,TEX,NYM,1,8,confirmed,Zac Thornton,Globe Life Field,2026-09-24T18:35:00Z,3.619837900424547,1773,318,0.3698401194547884,0.5882950504545306,-0.34661834796945584,Normal,0.10396346370939061,0.589631606885889,0.2345930950399175,0.5926201689601323,0.6182283231256837,0.409636436881514,0.2541514519582767,0.14412250267842674,0.5708269369134773,0.3229729526569022,0.18051619191543253,0.12664396131961322,0.5730590086723849,0.18996251913383358,0.03560090270316859,2026-09-24T19:19:40Z
822842,620443,Luis Torrens,NYM,TEX,0,8,confirmed,Kumar Rocker,Globe Life Field,2026-09-24T18:35:00Z,3.776402321083172,883,969,0.3874160667500993,0.5361997811977306,0.3044819969901689,Normal,0.08781520444295911,0.5745703631452089,0.25703937006472205,0.5977923872536118,0.6133608262149141,0.4065193375222321,0.25271124722393323,0.14384148779362235,0.5566498170616049,0.3088576298201574,0.16579376585366082,0.11152842382948704,0.5587775762703264,0.181220194171397,0.03410791758524732,2026-09-24T19:19:40Z
822842,643376,Danny Jansen,TEX,NYM,1,9,confirmed,Zac Thornton,Globe Life Field,2026-09-24T18:35:00Z,3.4228056426332287,1423,318,0.4566634978368763,0.5917249055480935,1.2071812119540595,Normal,0.13929797234779623,0.5307614760426247,0.3640246199846224,0.5308072078332767,0.6229390494158432,0.41306137649153285,0.25616122771065686,0.14504669252290023,0.5158631685340478,0.3039389277762896,0.18858165673136176,0.15220018846296116,0.517629254108304,0.14738079393884262,0.02278816106742223,2026-09-24T19:19:40Z
822842,703492,Nick Morabito,NYM,TEX,0,9,confirmed,Kumar Rocker,Globe Life Field,2026-09-24T18:35:00Z,3.6207601144258277,43,969,0.43615052583245006,0.5316678214252384,-0.6391573972798721,Normal,0.08351252916291062,0.565866221962543,0.29481697245173694,0.6757158620778414,0.6231405243908399,0.41542073356365633,0.25955453382445004,0.148511561241446,0.5485756608711237,0.2985835831174181,0.15998313526573577,0.10664993074574074,0.55062786929809,0.17403605739829237,0.03154116579816803,2026-09-24T19:19:40Z
823087,621493,Taylor Ward,SEA,LAA,1,1,projected,Grayson Rodriguez,T-Mobile Park,2026-09-25T01:40:00Z,4.438522674146797,2905,1427,0.563970313357809,0.6502397283848096,-1.9395083571180682,Normal,0.09845293313741417,0.629986410777143,0.4679813990329755,0.7090360136454491,0.6782874648384954,0.4753384850308958,0.3124713480732947,0.18961625416873099,0.6079983815816362,0.35485209783542027,0.19921749307290723,0.1322867054514564,0.6106160018455159,0.2289560414966522,0.052703295789056366,2026-09-24T19:19:40Z
823087,687263,Zach Neto,LAA,SEA,0,1,projected,Bryan Woo,T-Mobile Park,2026-09-25T01:40:00Z,4.624561403508772,2169,2258,0.5195692331802246,0.6484673186399155,0.5401811481908598,Normal,0.12129213202182758,0.6262331873930027,0.29735573788734176,0.8561993970114112,0.6709613776322472,0.46851846202951214,0.30728994220288885,0.18621874625121518,0.6044550346141699,0.373615259014576,0.2224429497479235,0.15702267562149932,0.6070488675856458,0.22744052107501303,0.05314919729031004,2026-09-24T19:19:40Z
823087,641487,J.P. Crawford,SEA,LAA,1,2,projected,Grayson Rodriguez,T-Mobile Park,2026-09-25T01:40:00Z,4.329665291150848,2822,1427,0.5255195191616349,0.6504647035297274,-1.1363838620716307,Normal,0.10228127780150305,0.6389615081056617,0.4997749726837093,0.5854339501620894,0.6651359931139639,0.4605651987547953,0.29905667678627357,0.17892387381884844,0.6163495297057764,0.3569826175969794,0.200530411355694,0.1341641827954572,0.6190413913846848,0.2357059445880815,0.054706570460910334,2026-09-24T19:19:40Z
823087,545361,Mike Trout,LAA,SEA,0,2,projected,Bryan Woo,T-Mobile Park,2026-09-25T01:40:00Z,4.529659037832788,2161,2258,0.5058358246652418,0.6465456946521733,1.1625881741692048,Normal,0.13931238124450893,0.6041908410413471,0.40698319803364996,0.8403741572629818,0.6795448772629621,0.4772685757634886,0.31462138035336235,0.19163108564903278,0.5840244955033065,0.3539902497938191,0.2190660156349664,0.1648016365669657,0.5864237732222178,0.20828065500117918,0.045436967584963364,2026-09-24T19:19:40Z
823087,677594,Julio Rodríguez,SEA,LAA,1,3,projected,Grayson Rodriguez,T-Mobile Park,2026-09-25T01:40:00Z,4.229695136141494,3237,1427,0.46817703987066983,0.641425376864419,1.806446815060414,Normal,0.11752115766305359,0.6717668707193372,0.2649925771886461,0.7052097565774275,0.700484560805169,0.4982885033270184,0.3317726649590862,0.2038363861410458,0.6466756931116148,0.3876552506382331,0.22637652635848496,0.15404259091455597,0.6496652840912425,0.26447546651146026,0.06565979739388048,2026-09-24T19:19:40Z
823087,518595,Travis d'Arnaud,LAA,SEA,0,3,projected,Bryan Woo,T-Mobile Park,2026-09-25T01:40:00Z,4.420604914933837,1370,2258,0.38959791144204325,0.6425784763851203,-1.356303891247973,Normal,0.1026714897043901,0.5896945349528656,0.23678838646864248,0.8431902053665216,0.641042405917886,0.43634510088844036,0.27892370577949743,0.16413753162195213,0.5705612517887366,0.33576598968735655,0.18819943186445234,0.13061798858155685,0.5728360659423223,0.19617069655459388,0.04075650621376699,2026-09-24T19:19:40Z
823087,663728,Cal Raleigh,SEA,LAA,1,4,projected,Grayson Rodriguez,T-Mobile Park,2026-09-25T01:40:00Z,4.1418269230769225,2833,1427,0.48024596241989825,0.6320647260611577,-0.2437403460679588,Normal,0.19643440667708006,0.5805847782210994,0.4171073789830363,0.7971690397127124,0.6785876313656231,0.4736837336950829,0.30953707239688855,0.1862467800735562,0.5622207598780253,0.36097524931619884,0.24792166887118275,0.21009400737356215,0.5644017546456446,0.18630691394891724,0.035957126981745906,2026-09-24T19:19:40Z
823087,666139,Josh Lowe,LAA,SEA,0,4,projected,Bryan Woo,T-Mobile Park,2026-09-25T01:40:00Z,4.336043360433604,1852,2258,0.43180285200068064,0.6379009996811638,-1.1505659931822716,Normal,0.11779545939721289,0.6077672399444738,0.28557110698989485,0.7956452048587553,0.6524345321779244,0.44740608544403565,0.2878731760563054,0.1705486140448722,0.5874239872529576,0.3547903319562143,0.2097536652220782,0.14886077313365725,0.5898434211554452,0.2095584567955182,0.045028331988640015,2026-09-24T19:19:40Z
823087,668227,Randy Arozarena,SEA,LAA,1,5,projected,Grayson Rodriguez,T-Mobile Park,2026-09-25T01:40:00Z,4.022535211267606,3308,1427,0.5092038172635517,0.6218706470415617,1.2162793293026417,Normal,0.11812829313426827,0.6260239223983635,0.4365824037936059,0.6700422512154176,0.6780190976967634,0.4726465634525841,0.3083064143261097,0.1850553500517249,0.6044810733454965,0.3646290617985763,0.21263397469078277,0.1493215092145109,0.6070422315014967,0.22183138760023347,0.04780482747167863,2026-09-24T19:19:40Z
823087,624428,Adam Frazier,LAA,SEA,0,5,projected,Bryan Woo,T-Mobile Park,2026-09-25T01:40:00Z,4.210253280439426,1957,2258,0.40230791877283856,0.6314616274488656,-1.225249116745928,Normal,0.07720458803520198,0.6162364960831821,0.2751735462232965,0.6131541614761239,0.6310261855675282,0.4250499313817764,0.26865155078152686,0.15594199720685087,0.5953282250470967,0.33175670543355196,0.1766171599556456,0.11002411736579852,0.5978147519438001,0.21555441791984611,0.04665541161811899,2026-09-24T19:19:40Z
823087,647304,Josh Naylor,SEA,LAA,1,6,projected,Grayson Rodriguez,T-Mobile Park,2026-09-25T01:40:00Z,3.899217221135029,2863,1427,0.4191486234163658,0.6082396554731592,-0.11962900776861204,Normal,0.10597195236183309,0.664832299199558,0.278081747518436,0.4438113072842479,0.6727866279784235,0.46654590299594906,0.30261864129634924,0.1804214637653316,0.6403491373072703,0.37922436969908796,0.21212000488381108,0.14012171461979508,0.6432627204153443,0.25558123007226946,0.06027504833545501,2026-09-24T19:19:40Z
823087,687093,Vaughn Grissom,LAA,SEA,0,6,projected,Bryan Woo,T-Mobile Park,2026-09-25T01:40:00Z,4.083890374331551,805,2258,0.35244928009454035,0.6201662549920998,0.6478536726885549,Normal,0.0804833156135073,0.5834545755355383,0.23212386948231,0.6768059284878817,0.606924707336987,0.4012733093586531,0.24906587272665132,0.14162064175171266,0.5648505254903001,0.30711117366830915,0.16170267670405392,0.10522353485854152,0.5670606268263108,0.18928751604996757,0.03731473100381989,2026-09-24T19:19:40Z
823087,686527,Dominic Canzone,SEA,LAA,1,7,projected,Grayson Rodriguez,T-Mobile Park,2026-09-25T01:40:00Z,3.748838871025366,1153,1427,0.4348695229653289,0.5951639653167708,1.5236281380528853,Normal,0.13303856091977423,0.6273473390769637,0.3202559054190865,0.5856882770243061,0.6623484180956085,0.4550074159259899,0.29238417571371417,0.17248609970888137,0.6057733828359908,0.370460999033072,0.22391804764011902,0.16271436096679914,0.608337201891057,0.22146418586527614,0.04683992899983839,2026-09-24T19:19:40Z
823087,642350,Jose Siri,LAA,SEA,0,7,projected,Bryan Woo,T-Mobile Park,2026-09-25T01:40:00Z,3.9299386059949444,1417,2258,0.38006126827365894,0.6063336458077294,-0.3881654497431268,Normal,0.106962241308685,0.5295748587467117,0.19202237160481564,0.8944383199219889,0.604573028359469,0.39867800754261223,0.24676445282257858,0.1398311163784807,0.5144610501175803,0.2917795848727582,0.16953576019211178,0.12537710444952574,0.5162541962106867,0.15095351505770208,0.0254853558775074,2026-09-24T19:19:40Z
823087,645302,Victor Robles,SEA,LAA,1,8,projected,Grayson Rodriguez,T-Mobile Park,2026-09-25T01:40:00Z,3.619837900424547,1091,1427,0.3908968253274163,0.5763937407058161,1.2525361763689982,Normal,0.05380738924830444,0.6025042030358655,0.26617392491155567,0.5469996048362352,0.6107191961655112,0.4023926754077922,0.2483306796869033,0.139982416060532,0.5828022517952449,0.3044235222777193,0.14883747426597627,0.08370275456149523,0.5851414814809461,0.19988231622489683,0.03877944762619882,2026-09-24T19:19:40Z
823087,672724,Oswald Peraza,LAA,SEA,0,8,projected,Bryan Woo,T-Mobile Park,2026-09-25T01:40:00Z,3.776402321083172,890,2258,0.3051059338130466,0.5860688235743925,-0.4921263834941341,Normal,0.062314243763598676,0.5133625998098533,0.20287514300523074,0.823293253429648,0.548678214394403,0.34701942591544205,0.2062685861046157,0.11153089486817096,0.49926502778566645,0.24934884083820572,0.12335490616155947,0.07931095768229803,0.5009369065374328,0.1399245741417773,0.02226015193419316,2026-09-24T19:19:40Z
823087,702284,Cole Young,SEA,LAA,1,9,projected,Grayson Rodriguez,T-Mobile Park,2026-09-25T01:40:00Z,3.4228056426332287,878,1427,0.4197793912512199,0.5798707897547004,-0.9424713586701198,Normal,0.08811192478730806,0.5634907962344917,0.3029987684717374,0.4784091436560997,0.6062082699300385,0.39697194400067276,0.2432985001515744,0.13595538025172293,0.5465389166701652,0.28837562739398037,0.15817902110539633,0.10824121314746651,0.5485494050650833,0.16923070350781236,0.02864493373219369,2026-09-24T19:19:40Z
823087,623168,Tyler Heineman,LAA,SEA,0,9,projected,Bryan Woo,T-Mobile Park,2026-09-25T01:40:00Z,3.6207601144258277,607,2258,0.33552678214222215,0.5803825960623488,-0.9510394634210825,Normal,0.0508875674384659,0.509144345422378,0.20490936548290745,0.528725747531904,0.5435296817162868,0.34204516250400413,0.20225573845641942,0.10865863603268777,0.49534272996629497,0.24172510410940048,0.11516449488593086,0.06916761080545307,0.4969791990241892,0.13662120953164,0.021169773027096075,2026-09-24T19:19:40Z
823326,665833,Oneil Cruz,PIT,STL,1,1,confirmed,Kyle Leahy,PNC Park,2026-09-24T16:35:00Z,4.438522674146797,1954,1156,0.6469661635571974,0.613061974071442,1.7123833156957755,Normal,0.14277204773442306,0.680739448510217,0.4334575985579896,0.7963348168829486,0.7264603247808126,0.5299702495795848,0.3622842155706389,0.22938051441534468,0.654855616147149,0.41671280508619046,0.2618277270293694,0.18675441427659734,0.6579440389671536,0.2759318231326909,0.07248518389029641,2026-09-24T19:19:40Z
823326,802139,JJ Wetherholt,STL,PIT,0,1,confirmed,Paul Skenes,PNC Park,2026-09-24T16:35:00Z,4.624561403508772,607,1936,0.6026168788656684,0.6323659470929729,-0.848311959098621,Normal,0.09777114708927023,0.6203203983561836,0.4618923995342554,0.6766388775033458,0.6830042869067825,0.4815725769247847,0.31884115314838685,0.19522643735274312,0.5989709961193952,0.3326698934113887,0.18467943808380485,0.12465827293667134,0.6015131620971821,0.22239890739609675,0.05117932621395585,2026-09-24T19:19:40Z
823326,804606,Konnor Griffin,PIT,STL,1,2,confirmed,Kyle Leahy,PNC Park,2026-09-24T16:35:00Z,4.329665291150848,322,1156,0.4699078320273815,0.6098868986762396,0.6835292493254413,Normal,0.07029025954722651,0.6523717358230315,0.2588539612062644,0.6674854586290202,0.6698062666296286,0.46553010562423286,0.30336767684778654,0.1822200464308111,0.6287431681673868,0.3645655091799253,0.19782988579284513,0.11715205844383177,0.6315575500288751,0.24775145293696493,0.05955273965268259,2026-09-24T19:19:40Z
823326,671056,Iván Herrera,STL,PIT,0,2,confirmed,Paul Skenes,PNC Park,2026-09-24T16:35:00Z,4.529659037832788,1478,1936,0.4996246570384201,0.630425778212631,-0.3362149325789127,Normal,0.08310142996783121,0.6228871347562361,0.4077804463114586,0.7430632433505158,0.6686478937395577,0.4655263138305958,0.3042900220633984,0.18362180691797972,0.6013856481684068,0.33217298123748124,0.17715596496873753,0.11293589128257621,0.6039455109931675,0.22377379753827245,0.05125879174774651,2026-09-24T19:19:40Z
823326,664040,Brandon Lowe,PIT,STL,1,3,confirmed,Kyle Leahy,PNC Park,2026-09-24T16:35:00Z,4.229695136141494,2322,1156,0.5570261296022812,0.5959154102543059,1.2789867349807091,Normal,0.17057582956454131,0.6745472596425715,0.37294267368780076,0.7227982146421159,0.7259047264236056,0.5276393403197422,0.35875228124499703,0.22544563100911397,0.6492349268206158,0.4156606637723253,0.2689085586342893,0.20363439540076314,0.6522512392732058,0.2671555255006664,0.06681079148153,2026-09-24T19:19:40Z
823326,676475,Alec Burleson,STL,PIT,0,3,confirmed,Paul Skenes,PNC Park,2026-09-24T16:35:00Z,4.420604914933837,2201,1936,0.443158303293891,0.6238008013034609,-2.1770736323162794,Cold,0.10618935501939444,0.6531675814649921,0.3117922431778605,0.6694501445306732,0.6829867484143677,0.48059913025945405,0.31723395452969005,0.1934043381044704,0.6294317628235058,0.37317742503709966,0.21255042475331593,0.1420667381605806,0.6322604055487414,0.24984961720130905,0.06128055491179937,2026-09-24T19:19:40Z
823326,656811,Ryan O'Hearn,PIT,STL,1,4,confirmed,Kyle Leahy,PNC Park,2026-09-24T16:35:00Z,4.1418269230769225,1987,1156,0.5015570422577322,0.5818178227108352,0.2646617526638824,Normal,0.11301084959749058,0.6883024577237189,0.35614220238086935,0.5784914938119293,0.7119721833943855,0.5109377037750095,0.3429108272697872,0.21237971625667929,0.6618955082577695,0.4017327977121411,0.23340477918329577,0.15477914760101605,0.665043210768069,0.2799463294662555,0.0718400039863139,2026-09-24T19:19:40Z
823326,691023,Jordan Walker,STL,PIT,0,4,confirmed,Paul Skenes,PNC Park,2026-09-24T16:35:00Z,4.336043360433604,1690,1936,0.4025524069240363,0.6153920402518779,-2.4891351451668733,Cold,0.09061405375043942,0.6241372623236515,0.25978402567792036,0.8315026527849636,0.6632804858350706,0.4587469461447829,0.29760929094807076,0.1779243324527649,0.6026165757335064,0.3457622850048413,0.1896564229562237,0.12337541974225263,0.6051774595941795,0.22313764178293627,0.05004888076510483,2026-09-24T19:19:40Z
823326,693304,Nick Gonzales,PIT,STL,1,5,confirmed,Kyle Leahy,PNC Park,2026-09-24T16:35:00Z,4.022535211267606,1519,1156,0.40310449562774875,0.569248320463452,-0.4960649098734051,Normal,0.05414967728049952,0.6505225270179459,0.2698146492648032,0.5132846347572152,0.6555878925236831,0.4488941161126748,0.2878336439017074,0.16955206316533708,0.6271336892869397,0.3494604855175664,0.1762598091949493,0.09638743578142785,0.6299165375432376,0.24323655634376143,0.055927138254622345,2026-09-24T19:19:40Z
823326,699024,Leo Bernal,STL,PIT,0,5,confirmed,Paul Skenes,PNC Park,2026-09-24T16:35:00Z,4.210253280439426,86,1936,0.43479622436305004,0.6066871529130717,0.06122492365982705,Normal,0.1129193573776415,0.6233455829630057,0.29777154402851147,0.719471964834274,0.6712610584439369,0.46661100634749897,0.30397218266925136,0.18243948674932056,0.6019214000222802,0.35168239544650143,0.2042757162457633,0.14246043935105668,0.6044698750424349,0.2214949287161847,0.04884615799082803,2026-09-24T19:19:40Z
823326,682927,Ronny Simon,PIT,STL,1,6,confirmed,Kyle Leahy,PNC Park,2026-09-24T16:35:00Z,3.899217221135029,147,1156,0.43806003367490676,0.5557223758891239,-0.1258097560704474,Normal,0.07932616465726608,0.6408052313619195,0.31250656423418105,0.489383166786013,0.6603908588491442,0.4534346185182914,0.2913432623580658,0.17190916046615154,0.6181841744755079,0.35260610163836525,0.18778560221907994,0.11542215200372298,0.6208739632033567,0.23378175397700446,0.051725380890119514,2026-09-24T19:19:40Z
823326,663494,Bryan Torres,STL,PIT,0,6,confirmed,Paul Skenes,PNC Park,2026-09-24T16:35:00Z,4.083890374331551,183,1936,0.39389844535916074,0.5936627646839137,-0.9068459335784665,Normal,0.08678162308395397,0.5842512620443059,0.339165280871998,0.6911066856805671,0.6297501245327751,0.42359264173021277,0.26729171864712725,0.15482396320899633,0.5655931289741303,0.30648139804560104,0.16909175427132622,0.11252484401891048,0.5678097008758441,0.18989088542298588,0.0375134886428377,2026-09-24T19:19:40Z
823326,687462,Spencer Horwitz,PIT,STL,1,7,confirmed,Kyle Leahy,PNC Park,2026-09-24T16:35:00Z,3.748838871025366,1272,1156,0.4261530239406649,0.5451432532274488,-0.3263595726402014,Normal,0.0836977166094937,0.6200399223020037,0.4017658252051862,0.4776182790569926,0.6503915075551687,0.44260164019229087,0.28187003262978694,0.16465060768304457,0.5990033701756051,0.33836593602687426,0.17892475326153198,0.11374832745394432,0.601502824148495,0.21535852917022003,0.04466959909269269,2026-09-24T19:19:40Z
823326,695336,Thomas Saggese,STL,PIT,0,7,confirmed,Paul Skenes,PNC Park,2026-09-24T16:35:00Z,3.9299386059949444,512,1936,0.3496182947440749,0.5801640675810427,-0.24874448022714724,Normal,0.05954974926802525,0.5791568976999363,0.22689725363509236,0.7878976470108888,0.6055344111383603,0.3995972137269251,0.24750255464565074,0.14035777102589653,0.5608737200994325,0.29849925067644395,0.14729643746307727,0.08706026574498674,0.5630451824881932,0.18552388441239134,0.03585037083950531,2026-09-24T19:19:40Z
823326,663968,Jake Mangum,PIT,STL,1,8,confirmed,Kyle Leahy,PNC Park,2026-09-24T16:35:00Z,3.619837900424547,893,1156,0.42504549072664743,0.5321189929523819,-1.038942946811904,Normal,0.06113669317222807,0.6527285742066832,0.2735094313168198,0.488857452791383,0.6535320846577946,0.44492975554646,0.28323266342249626,0.1652565808539746,0.6293014124279863,0.3430044355823243,0.17137010884425882,0.09644570307666145,0.6320866096049943,0.2421173539980621,0.05371072773766142,2026-09-24T19:19:40Z
823326,701675,Nathan Church,STL,PIT,0,8,confirmed,Paul Skenes,PNC Park,2026-09-24T16:35:00Z,3.776402321083172,524,1936,0.3931654037392318,0.5632519453519459,1.3352166787645874,Normal,0.07212617444373665,0.5638413398847683,0.25452672702434115,0.5792070666660283,0.6118869522015963,0.40509583413057176,0.25156146447256483,0.14301758042620805,0.5466275495405506,0.28679138654420844,0.14838092575091702,0.09492691033259973,0.5486709111412664,0.17346458045326751,0.03171568749806051,2026-09-24T19:19:40Z
823326,680779,Henry Davis,PIT,STL,1,9,confirmed,Kyle Leahy,PNC Park,2026-09-24T16:35:00Z,3.4228056426332287,951,1156,0.34378181870084096,0.5334720515461303,0.3521564428063469,Normal,0.06752352661003984,0.46440960726129044,0.2791968911592121,0.5869758053350252,0.544600502163298,0.341245496083868,0.2005926831839476,0.10684762607306512,0.4532188883289339,0.22262267407156128,0.11133548030667872,0.07836136021639924,0.45454447344569987,0.10891408546052674,0.013911458174339815,2026-09-24T19:19:40Z
823326,691026,Masyn Winn,STL,PIT,0,9,confirmed,Paul Skenes,PNC Park,2026-09-24T16:35:00Z,3.6207601144258277,1836,1936,0.3889322799646541,0.5587402973737806,-0.6168918050702538,Normal,0.04977032876002841,0.5334658016017986,0.24773873360227538,0.6705763848592498,0.5852626522226383,0.37938644588423426,0.23079185387287637,0.12812653852629458,0.5182216212379026,0.2603003680944177,0.1225038686635472,0.07121281387960043,0.5200298437462103,0.1519373769412169,0.025199394759676547,2026-09-24T19:19:40Z
823411,656941,Kyle Schwarber,PHI,MIL,1,1,confirmed,Shane Drohan,Citizens Bank Park,2026-09-24T22:05:00Z,4.438522674146797,3488,510,0.6197115252229208,0.645680047642025,-0.19984415799907781,Normal,0.19683139684140732,0.6105093736660147,0.4824703728972041,0.8073558410490315,0.717576335403662,0.5195192892535169,0.352502579928164,0.22139967468193844,0.5899317023998204,0.37973458192723397,0.2607902747514885,0.21555912059984006,0.5923797093351875,0.21256506897577507,0.04649915354086915,2026-09-24T19:19:40Z
823411,592885,Christian Yelich,MIL,PHI,0,1,projected,Andrew Painter,Citizens Bank Park,2026-09-24T22:05:00Z,4.624561403508772,2751,528,0.6970802605114094,0.6220478432068434,-1.4686606466915935,Normal,0.14661905991816554,0.7106930132376363,0.37056337246907317,0.7078228591619047,0.7431469350002111,0.5512593340913198,0.3836134429234285,0.24792034965291734,0.6823482532618464,0.4366079287271813,0.27363158057920584,0.19355235741401716,0.6857395205415822,0.3089073645663268,0.08979730529726336,2026-09-24T19:19:40Z
823411,607208,Trea Turner,PHI,MIL,1,2,confirmed,Shane Drohan,Citizens Bank Park,2026-09-24T22:05:00Z,4.329665291150848,3259,510,0.6321291038878452,0.6455930030963545,1.068275056341651,Normal,0.13312100175455907,0.6973288823435375,0.3351809499171133,0.6090843933734824,0.7319209921063682,0.5357474526582737,0.3671337474658716,0.23288315897356732,0.6701313339695901,0.42075092831281863,0.2577110468291759,0.17849856658279445,0.6733778157663715,0.29148141273486394,0.0787991215308917,2026-09-24T19:19:40Z
823411,668930,Brice Turang,MIL,PHI,0,2,projected,Andrew Painter,Citizens Bank Park,2026-09-24T22:05:00Z,4.529659037832788,2388,528,0.6459292339068549,0.619586521453721,0.5835467818584119,Normal,0.12218548544661433,0.7069172091865442,0.4207965369782867,0.6811016431137572,0.7282701121864713,0.5327106328688315,0.36538372147243875,0.2323514103826028,0.6788974968725243,0.4230048620717411,0.25538844997294496,0.17187203665746206,0.6822475573273513,0.30387281504899627,0.0865470022993654,2026-09-24T19:19:40Z
823411,547180,Bryce Harper,PHI,MIL,1,3,confirmed,Shane Drohan,Citizens Bank Park,2026-09-24T22:05:00Z,4.229695136141494,2858,510,0.5147812478884443,0.6358208454413075,-1.237854357054269,Normal,0.11383400001236543,0.6613959038655063,0.42329348081086726,0.6666856189916099,0.7078951427889626,0.5066975822412908,0.33940549758917954,0.2098852362500435,0.6371210745953231,0.40018839844568865,0.2323172791556648,0.15675665720425006,0.640012128691263,0.2546558764748299,0.061525496610890115,2026-09-24T19:19:40Z
823411,661388,William Contreras,MIL,PHI,0,3,projected,Andrew Painter,Citizens Bank Park,2026-09-24T22:05:00Z,4.420604914933837,2953,528,0.5539355607300759,0.6112342498068551,-0.8295113921181787,Normal,0.1307776152517755,0.6818173103931591,0.3767703226500013,0.5975751485258248,0.7146208511584873,0.5162308560832036,0.34956568220858086,0.21911167840704351,0.6558418850157072,0.40841040357739977,0.24542712996043942,0.17085900748450966,0.6589417527041898,0.2772498790437374,0.07325366668262209,2026-09-24T19:19:40Z
823411,650333,Luis Arraez,PHI,MIL,1,4,confirmed,Shane Drohan,Citizens Bank Park,2026-09-24T22:05:00Z,4.1418269230769225,3219,510,0.41183918469998027,0.6256875393916791,-0.5934108994974371,Normal,0.058743400682444276,0.729353138738361,0.2229917624726051,0.3451969375611427,0.701845983101755,0.49939091459492924,0.332407550555747,0.20405032314555194,0.6994939911446577,0.41546581864091975,0.21961481841973443,0.11860770374769367,0.7030611143095331,0.32356596653585906,0.09260828108712515,2026-09-24T19:19:40Z
823411,694192,Jackson Chourio,MIL,PHI,0,4,projected,Andrew Painter,Citizens Bank Park,2026-09-24T22:05:00Z,4.336043360433604,1723,528,0.54598576726043,0.6009167795706662,-0.5389810959540874,Normal,0.15051709051202253,0.6887553006283944,0.29763963957732154,0.6913149491693855,0.7273388960227942,0.5304202131686488,0.36225017663613446,0.2290086560419049,0.6622576209161337,0.4259665276993383,0.26844346851992923,0.19345618387316546,0.6654196469656193,0.28299828602486143,0.07511929572917644,2026-09-24T19:19:40Z
823411,664761,Alec Bohm,PHI,MIL,1,5,confirmed,Shane Drohan,Citizens Bank Park,2026-09-24T22:05:00Z,4.022535211267606,2965,510,0.475799559730843,0.6150696730701632,1.0598406965563516,Normal,0.10851111291958791,0.673704122208917,0.3327970968351498,0.48847064818657854,0.6927840805653195,0.4888117596930092,0.3225727676678953,0.19607554485703418,0.6484950271684915,0.3890417066465438,0.22289230753798103,0.14739813807198987,0.6514970929036757,0.2648503686007257,0.06474426238851701,2026-09-24T19:19:40Z
823411,683734,Andrew Vaughn,MIL,PHI,0,5,projected,Andrew Painter,Citizens Bank Park,2026-09-24T22:05:00Z,4.210253280439426,2567,528,0.4417498975568549,0.5911123064801824,-0.3303986604427469,Normal,0.11085919249142034,0.6706418178557269,0.36025756885899973,0.5940086024350985,0.6893774233338427,0.48629765103787187,0.3213158469209141,0.1958533669893119,0.6456190615910399,0.3933929512488706,0.22735152007458082,0.15156510148978436,0.6486010622944122,0.264062290910002,0.06591383535566381,2026-09-24T19:19:40Z
823411,650559,Bryan De La Cruz,PHI,MIL,1,6,confirmed,Shane Drohan,Citizens Bank Park,2026-09-24T22:05:00Z,3.899217221135029,1729,510,0.4103125413665746,0.6013231509864799,1.076680791721429,Normal,0.12377097813952113,0.6298330579773498,0.2721238868676135,0.695929350936317,0.6616678183873496,0.45477205931859394,0.292485429872798,0.17276636443613372,0.608036252634141,0.36056244035046303,0.20989067293577204,0.15012407218258383,0.6106271673190441,0.2242927649999212,0.048199086644420054,2026-09-24T19:19:40Z
823411,641343,Jake Bauers,MIL,PHI,0,6,projected,Andrew Painter,Citizens Bank Park,2026-09-24T22:05:00Z,4.083890374331551,1396,528,0.6145705283800028,0.5776470502846414,-1.0761644646035693,Normal,0.16880010239880766,0.6350337668919475,0.5284841600461876,0.7169313252030457,0.7103155655474159,0.5096929365534865,0.34227191102889176,0.21224522745315205,0.6127539000383324,0.38720747774054615,0.25139825914064184,0.1952097174230498,0.6154047903756003,0.23117556054614496,0.05224288563304506,2026-09-24T19:19:40Z
823411,681082,Bryson Stott,PHI,MIL,1,7,confirmed,Shane Drohan,Citizens Bank Park,2026-09-24T22:05:00Z,3.748838871025366,2829,510,0.3936891817738482,0.5885591690497636,0.38175441301409,Normal,0.06494864728262427,0.5985050979027534,0.29175637106460933,0.5246446626124118,0.6291640021859608,0.4211934825190234,0.2640841491993506,0.15161768661523412,0.5790091140617082,0.3134175369661602,0.16053107332687408,0.09581575828079159,0.5813242713363802,0.1980585625310643,0.03878055893814226,2026-09-24T19:19:40Z
823411,686217,Sal Frelick,MIL,PHI,0,7,projected,Andrew Painter,Citizens Bank Park,2026-09-24T22:05:00Z,3.9299386059949444,1716,528,0.4541220555874108,0.5647883686555403,-0.6896491682989933,Normal,0.08232402239246428,0.6508525371035896,0.2874982892844212,0.41848011266406737,0.6614737936662941,0.45564606801867497,0.2940530682241015,0.1745628128893853,0.6274032057078542,0.3549426241017285,0.19214653483992722,0.11918705032130537,0.6301943098041087,0.24457989647629638,0.05715175487989694,2026-09-24T19:19:40Z
823411,592663,J.T. Realmuto,PHI,MIL,1,8,confirmed,Shane Drohan,Citizens Bank Park,2026-09-24T22:05:00Z,3.619837900424547,2519,510,0.45886620958901875,0.5706815752379836,-2.215985166965721,Cold,0.1120890153560134,0.5815139642700677,0.3236427068161124,0.5946131141952927,0.6463999757908824,0.43762849484230115,0.2771170115039905,0.16075042585588378,0.5632630966137168,0.3236457628344492,0.18850227191301425,0.13538715888322003,0.5654290745803514,0.183885401490638,0.03371478943884175,2026-09-24T19:19:40Z
823411,596142,Gary Sánchez,MIL,PHI,0,8,projected,Andrew Painter,Citizens Bank Park,2026-09-24T22:05:00Z,3.776402321083172,1383,528,0.4617643216530035,0.549937188060092,-0.5016405064560652,Normal,0.14188754741095963,0.5463898883873237,0.4153531215755749,0.6695452693815265,0.6411464430450001,0.43400540947807575,0.2752939760940667,0.16026425580620474,0.5302923192920569,0.31567194106849855,0.19761260769783429,0.1574132333127817,0.532202502091345,0.16133045224787756,0.02812779609741876,2026-09-24T19:19:40Z
823411,702222,Justin Crawford,PHI,MIL,1,9,confirmed,Shane Drohan,Citizens Bank Park,2026-09-24T22:05:00Z,3.4228056426332287,452,510,0.38073542263808324,0.574071930839086,0.011813498608956235,Normal,0.051661500256477554,0.5816114694504371,0.21483270464501822,0.4879840598410086,0.6084506294619972,0.3991030251290466,0.24498824143423686,0.13714128451728805,0.563457108824435,0.294050768142281,0.14451221213159715,0.08120761387709269,0.5656108712737109,0.18221824532697753,0.03240414020389715,2026-09-24T19:19:40Z
823411,687401,Joey Ortiz,MIL,PHI,0,9,projected,Andrew Painter,Citizens Bank Park,2026-09-24T22:05:00Z,3.6207601144258277,1458,528,0.44838626342220544,0.5456131431161668,-0.5327852396227448,Normal,0.07768674686607512,0.5865911013124807,0.2692985596622408,0.5493662245701629,0.6313909858342314,0.4235653355611973,0.26622638860158465,0.15334659612337176,0.5679162497916533,0.31037185063307793,0.16768254703753316,0.10680447632905059,0.5701337605750763,0.18924688504186143,0.036267486885870004,2026-09-24T19:19:40Z
823493,671218,Heliot Ramos,NYY,TB,1,1,projected,Ian Seymour,Yankee Stadium,2026-09-24T23:05:00Z,4.438522674146797,1725,776,0.5630783911915896,0.6333709964919337,-0.5662642531444542,Normal,0.15281819058004348,0.6561980361728237,0.3457804484280717,0.7842225402189427,0.6876059896439961,0.48553145632775424,0.32152198371945717,0.1966787529274943,0.6322369423224999,0.3923534280077652,0.24817542574402948,0.1847206796423666,0.635092545720066,0.25241416045615234,0.062207745667533045,2026-09-24T19:19:40Z
823493,650490,Yandy Díaz,TB,NYY,0,1,projected,Cam Schlittler,Yankee Stadium,2026-09-24T23:05:00Z,4.624561403508772,3103,1051,0.5030003850634011,0.6460044416599843,-1.7139460535726412,Normal,0.11562560806055357,0.6725411802614448,0.33045959679419595,0.6271438940963399,0.6834871923414729,0.4821018306369763,0.319313216602846,0.1955970650165163,0.6472609139405215,0.3891658744020029,0.22551700995249632,0.15271299565045307,0.6502784265056051,0.2698081199240307,0.07106402445097425,2026-09-24T19:19:40Z
823493,671277,Luis García Jr.,NYY,TB,1,2,projected,Ian Seymour,Yankee Stadium,2026-09-24T23:05:00Z,4.329665291150848,2452,776,0.5373815693400273,0.6322602773826088,-2.5343749215138094,Cold,0.17294418216218516,0.6904719214548279,0.1986860471054953,0.6640274074505954,0.7098516948175434,0.5098557640516179,0.34299699942487916,0.21328598971035578,0.6638341673734924,0.4294380846801716,0.28047304492309505,0.21072936111056892,0.6670126469067416,0.28446054421609807,0.07553203913920613,2026-09-24T19:19:40Z
823493,656775,Cedric Mullins,TB,NYY,0,2,projected,Cam Schlittler,Yankee Stadium,2026-09-24T23:05:00Z,4.529659037832788,2616,1051,0.5191032635289647,0.6441622104603295,-0.6107886495387186,Normal,0.12020809711339557,0.5885259961637856,0.37889617426358885,0.7371925793122106,0.6557717873068393,0.45193437997243646,0.29250750452629304,0.17460291656879004,0.5694443306400073,0.3355619563989187,0.20254452358146977,0.14706228803135982,0.5717133901069097,0.19588560670988878,0.041009416327947266,2026-09-24T19:19:40Z
823493,642708,Amed Rosario,NYY,TB,1,3,projected,Ian Seymour,Yankee Stadium,2026-09-24T23:05:00Z,4.229695136141494,1988,776,0.4848881779385492,0.6206773138141545,-0.11379283413129045,Normal,0.11618831570373518,0.6761365943401483,0.2429131298129531,0.6803190931814415,0.6826986615788845,0.47857332103405054,0.31417416017779315,0.1900841205726182,0.6506974129361844,0.3938559449219204,0.2377835385867434,0.1607360508284139,0.6537290562976198,0.2686966653736438,0.06747706948027675,2026-09-24T19:19:40Z
823493,802415,Chandler Simpson,TB,NYY,0,3,projected,Cam Schlittler,Yankee Stadium,2026-09-24T23:05:00Z,4.420604914933837,1045,1051,0.4533472887025328,0.6398192206714152,0.7949552213056916,Normal,0.06599943848875785,0.6948023230584169,0.24158334553987218,0.49807711161628476,0.6729354131147879,0.4696992551051844,0.3076124330206518,0.1859318633340777,0.6677807601285554,0.3770496485595222,0.19961125708164293,0.11401474722829363,0.6710078075820349,0.290386629396795,0.0793608124224473,2026-09-24T19:19:40Z
823493,641857,Ryan McMahon,NYY,TB,1,4,projected,Ian Seymour,Yankee Stadium,2026-09-24T23:05:00Z,4.1418269230769225,2811,776,0.42243310738707013,0.6087641630072991,-0.4973217440745357,Normal,0.1433617785707902,0.5987438561105516,0.30873759629260483,0.8283033719788283,0.651558159542643,0.4451282363513477,0.28493557905773076,0.1676070662209385,0.5791324317138397,0.3498858413042478,0.21691397494999004,0.16571293877765733,0.581462650953924,0.200233742790108,0.04056615537909878,2026-09-24T19:19:40Z
823493,666018,Jonathan Aranda,TB,NYY,0,4,projected,Cam Schlittler,Yankee Stadium,2026-09-24T23:05:00Z,4.336043360433604,1411,1051,0.46412349724759955,0.634516773130024,-1.3050159805659571,Normal,0.12912684083293943,0.6335213599692419,0.3836919889599887,0.8227926071096052,0.6789742600598963,0.47553986546472177,0.3122663415813272,0.1891857666916782,0.6113101748598864,0.36308569861141676,0.2160068726074716,0.15628317046851628,0.613954131326536,0.23119632603393503,0.05314372199728774,2026-09-24T19:19:40Z
823493,502671,Paul Goldschmidt,NYY,TB,1,5,projected,Ian Seymour,Yankee Stadium,2026-09-24T23:05:00Z,4.022535211267606,2897,776,0.47523858379181116,0.5972230238334441,0.8660972294127792,Normal,0.15156252092054254,0.6387020046473624,0.3022126711591005,0.6955714313624597,0.6846925343567896,0.47989878431563104,0.3146728575189637,0.18995121808608223,0.6162139223165459,0.3813749907966285,0.23607777982023484,0.17789443255599435,0.6188885237503192,0.2327304042571087,0.05186531895630985,2026-09-24T19:19:40Z
823493,691406,Junior Caminero,TB,NYY,0,5,projected,Cam Schlittler,Yankee Stadium,2026-09-24T23:05:00Z,4.210253280439426,1553,1051,0.4737438334117167,0.6276952495409722,-0.5258567479804791,Normal,0.18955029625376726,0.6125878235839893,0.28807755867322266,0.6598255709453398,0.6929132761957336,0.4902158862959587,0.3248162247624097,0.19859259983708252,0.5919417599368495,0.3727788347024858,0.2515935543772401,0.20691008028935648,0.5943968215836248,0.21254956998266364,0.0455649382015024,2026-09-24T19:19:40Z
823493,641355,Cody Bellinger,NYY,TB,1,6,projected,Ian Seymour,Yankee Stadium,2026-09-24T23:05:00Z,3.899217221135029,2885,776,0.4882025436095208,0.5834062789258354,-0.1845442513805762,Normal,0.15193278062384213,0.6328632918913039,0.2571246535950593,0.5836767643105476,0.6856810334383725,0.48049760747520043,0.31481095602252795,0.18975108213683675,0.6108404960833436,0.3752035589744042,0.23760837909001342,0.17931564218382892,0.6134585092657735,0.22688505361650288,0.04915075889254211,2026-09-24T19:19:40Z
823493,680700,Richie Palacios,TB,NYY,0,6,projected,Cam Schlittler,Yankee Stadium,2026-09-24T23:05:00Z,4.083890374331551,977,1051,0.44203851682496964,0.6160333787577377,-0.11317750143689245,Normal,0.10194958240170073,0.5656060166741961,0.4156150441869787,0.6579921639391386,0.6314335835605799,0.42527183878979635,0.2686824179031321,0.1558437193833001,0.5481913523519207,0.3021709177038194,0.17172814199865785,0.12247619423235631,0.5502592527926108,0.17610892205889572,0.03309161586485683,2026-09-24T19:19:40Z
823493,665862,Jazz Chisholm Jr.,NYY,TB,1,7,projected,Ian Seymour,Yankee Stadium,2026-09-24T23:05:00Z,3.748838871025366,2304,776,0.45061967513296375,0.5715212028320231,1.841142726351841,Normal,0.16689803126727276,0.5857121845955237,0.27678468909009374,0.7720849522955805,0.6617327251355678,0.4543622634997551,0.29183358996342484,0.1720733805902346,0.5671008443624265,0.3410077784071835,0.22839766334072767,0.18428826723816333,0.5693103078077761,0.1882543611357588,0.03561316685346579,2026-09-24T19:19:40Z
823493,670764,Taylor Walls,TB,NYY,0,7,projected,Cam Schlittler,Yankee Stadium,2026-09-24T23:05:00Z,3.9299386059949444,1808,1051,0.38473274735103075,0.602168419433023,0.0468579088564331,Normal,0.065722137033681,0.5108872895286755,0.314446639814701,0.7279230322222329,0.5763492308100384,0.3722986204863117,0.22592126697521714,0.12516599679998033,0.4968826257566793,0.25826220441179554,0.1334590063917047,0.08598688797067064,0.49854363284072944,0.13911653960801218,0.022292862283024118,2026-09-24T19:19:40Z
823493,683011,Anthony Volpe,NYY,TB,1,8,projected,Ian Seymour,Yankee Stadium,2026-09-24T23:05:00Z,3.619837900424547,2120,776,0.4058536555661615,0.5557924229208173,0.17177301324596841,Normal,0.10273129366761956,0.5549409979721532,0.27033487989136323,0.665707929353092,0.6088801821419803,0.40063203274068077,0.24692339486438336,0.1389860280440637,0.5384381835190186,0.30810032673915627,0.17907562655970205,0.12659346882134256,0.5403957431333313,0.1649210044926724,0.028126798294389792,2026-09-24T19:19:40Z
823493,663743,Nick Fortes,TB,NYY,0,8,projected,Cam Schlittler,Yankee Stadium,2026-09-24T23:05:00Z,3.776402321083172,1455,1051,0.3546355297542648,0.5823941986249679,-0.013312809182892321,Normal,0.07693420258184018,0.541549600981553,0.23922582251707064,0.5542651314526102,0.5854565239791065,0.3801245510911255,0.23170296148194497,0.12897748497432443,0.525754323176652,0.27423572360337745,0.14190573332172715,0.09519553895413825,0.5276284616122041,0.15806787759151214,0.027195358656237175,2026-09-24T19:19:40Z
823493,676609,José Caballero,NYY,TB,1,9,projected,Ian Seymour,Yankee Stadium,2026-09-24T23:05:00Z,3.4228056426332287,1582,776,0.4291227392534784,0.5586521788128788,-0.03197952490766109,Normal,0.09595924569931795,0.5360880533449857,0.29702663602503704,0.6559538036537205,0.5951074912648483,0.38653402844636553,0.23508324934661576,0.1302261921080227,0.5208658178037133,0.27922189559318383,0.15414661568291876,0.11159064080930445,0.5226704334425274,0.15080061896598201,0.023666089706298337,2026-09-24T19:19:40Z
823493,622761,Jorge Mateo,TB,NYY,0,9,projected,Cam Schlittler,Yankee Stadium,2026-09-24T23:05:00Z,3.6207601144258277,1387,1051,0.4062799691667851,0.5769568641972473,-2.6206036949950597,Cold,0.0759619286822002,0.5016478444676703,0.20696955346292972,0.7666828412039822,0.5762058806102835,0.37108224131744233,0.2243353579340203,0.12365470437753491,0.488274840837495,0.2646043074141001,0.14261936162693536,0.09608458233206446,0.48986031371087374,0.13211052034665222,0.020040435193574686,2026-09-24T19:19:40Z
823895,660271,Shohei Ohtani,LAD,SD,1,1,projected,Nick Pivetta,UNIQLO Field at Dodger Stadium,2026-09-25T02:10:00Z,4.438522674146797,3324,2796,0.7153221550127413,0.6055657829098835,-1.6607481203055956,Normal,0.27349869294877555,0.6634808504273991,0.42196761840053715,0.7613454549197436,0.7552748737728671,0.5651660264457485,0.3961520981667628,0.2576687113113044,0.6389566034682409,0.45410032953768387,0.3467127205024565,0.296916956495178,0.641880313604007,0.2592312017176424,0.06510912117356694,2026-09-24T19:19:40Z
823895,665487,Fernando Tatis Jr.,SD,LAD,0,1,projected,Tyler Glasnow,UNIQLO Field at Dodger Stadium,2026-09-25T02:10:00Z,4.624561403508772,2456,1663,0.568027530240881,0.6331909087150841,0.4833257970754784,Normal,0.146613748398472,0.6421954660568138,0.31795770616847197,0.7766898818269223,0.6998982827024719,0.5003634004846355,0.33578279470186245,0.2086508987415431,0.6192386757570264,0.3813007581428606,0.23776646710004365,0.1767271200157563,0.6219747538089405,0.241455623506232,0.05880523650101568,2026-09-24T19:19:40Z
823895,605141,Mookie Betts,LAD,SD,1,2,projected,Nick Pivetta,UNIQLO Field at Dodger Stadium,2026-09-25T02:10:00Z,4.329665291150848,3023,2796,0.600217060221059,0.6015445941583027,2.2016938914468547,Hot,0.16413942794763187,0.6669762471777544,0.3487740983507596,0.5051343614228948,0.7242947516516651,0.5266740101441822,0.35858944734598336,0.22588718857093248,0.6422149879369803,0.4133740421949544,0.2652958092163779,0.19915288734374034,0.6451661540560808,0.26137593964064954,0.06526926828598144,2026-09-24T19:19:40Z
823895,664034,Ty France,SD,LAD,0,2,projected,Tyler Glasnow,UNIQLO Field at Dodger Stadium,2026-09-25T02:10:00Z,4.529659037832788,2785,1663,0.4571347912776591,0.6312785293240379,1.2114720052104775,Normal,0.10128029852857692,0.6260079243364203,0.3493651374616608,0.7692722215234422,0.662000817495109,0.4584722070017389,0.29815157244461266,0.17890777609249117,0.6042793214726598,0.3507329265437926,0.1960692845361363,0.13208469824769184,0.606866536522239,0.2264364106422275,0.052291602222403304,2026-09-24T19:19:40Z
823895,669242,Tommy Edman,LAD,SD,1,3,projected,Nick Pivetta,UNIQLO Field at Dodger Stadium,2026-09-25T02:10:00Z,4.229695136141494,2007,2796,0.48865954037040416,0.586870561526929,-1.5727066002072416,Normal,0.10322880047160389,0.6211003372444318,0.3114085058957155,0.6389866920022258,0.6672958358403143,0.46200570281934533,0.2996996335194064,0.17897632116041418,0.5998659120240025,0.348510957648286,0.20086576202914028,0.13601076646348517,0.6023911751855444,0.21902047930601667,0.04760215473282307,2026-09-24T19:19:40Z
823895,592518,Manny Machado,SD,LAD,0,3,projected,Tyler Glasnow,UNIQLO Field at Dodger Stadium,2026-09-25T02:10:00Z,4.420604914933837,3228,1663,0.47162871224646774,0.6247949375477653,-0.6414554864585,Normal,0.14367646724528574,0.589306272533913,0.3370228128669951,0.774538267988057,0.6709871118260526,0.467608757214395,0.3057811683071866,0.18451888086851276,0.5701995647986168,0.33821319105020353,0.20857920502917401,0.16216294038331308,0.5724711931412129,0.19586976453885394,0.04065224027347818,2026-09-24T19:19:40Z
823895,663656,Kyle Tucker,LAD,SD,1,4,projected,Nick Pivetta,UNIQLO Field at Dodger Stadium,2026-09-25T02:10:00Z,4.1418269230769225,2829,2796,0.5269507109542839,0.5721321972892033,2.598593486991741,Hot,0.16037881688776018,0.6069202708946799,0.4294631551248608,0.5428661778683047,0.6876581834185426,0.4835786344277196,0.3182574545499342,0.19298126225349924,0.586732631416722,0.36482196020477936,0.2362627033686218,0.18413974021308688,0.5891318560456179,0.20673320388156421,0.04280306384309592,2026-09-24T19:19:40Z
823895,669720,Austin Hays,SD,LAD,0,4,projected,Tyler Glasnow,UNIQLO Field at Dodger Stadium,2026-09-25T02:10:00Z,4.336043360433604,1916,1663,0.42166093011355166,0.6165552951265425,0.9314587767917074,Normal,0.1015287107651571,0.6108642518236896,0.22992890765831075,0.8365219130676558,0.6564651439019407,0.4515960170986764,0.291455143319883,0.17325242177530237,0.5903009000725192,0.35105960205413955,0.20002860305092632,0.13538163576804063,0.5927467565757569,0.21208171045695953,0.04594283562074955,2026-09-24T19:19:40Z
823895,518692,Freddie Freeman,LAD,SD,1,5,projected,Nick Pivetta,UNIQLO Field at Dodger Stadium,2026-09-25T02:10:00Z,4.022535211267606,3349,2796,0.5035265469875225,0.5592752673782895,-1.6996949899252032,Normal,0.1195457470787346,0.6565926150597599,0.3678326005107578,0.604391868519118,0.6951645485646104,0.49145940775836283,0.3249356898073614,0.19791795808430562,0.6327339813792908,0.3926571370470631,0.22991807246485116,0.15799923259390897,0.6355733456229827,0.2487645887991938,0.05812294194580304,2026-09-24T19:19:40Z
823895,593428,Xander Bogaerts,SD,LAD,0,5,projected,Tyler Glasnow,UNIQLO Field at Dodger Stadium,2026-09-25T02:10:00Z,4.210253280439426,2907,1663,0.41841221651592714,0.6079507361779222,0.7610877052545783,Normal,0.08238257258751752,0.5775718603226319,0.35617775852781575,0.7186165292481421,0.6306233027054399,0.42464783998139954,0.2683181885460707,0.15569719494745823,0.5593527015407718,0.3004819856562752,0.15785299188110638,0.10451845623891609,0.5615170223402584,0.1851747928556679,0.03617434874858295,2026-09-24T19:19:40Z
823895,669257,Will Smith,LAD,SD,1,6,projected,Nick Pivetta,UNIQLO Field at Dodger Stadium,2026-09-25T02:10:00Z,3.899217221135029,2381,2796,0.4986416767257396,0.5459011716305417,1.026500185885607,Normal,0.12865084452612136,0.6016503857446602,0.4175184550394432,0.5780229682909043,0.6708717027220001,0.46450153325107685,0.3008489889698846,0.17907810858798814,0.5818948924552166,0.34192744995402774,0.2057904181656337,0.15209693025604654,0.58424137332083,0.20118288360108474,0.04010026078255761,2026-09-24T19:19:40Z
823895,630105,Jake Cronenworth,SD,LAD,0,6,projected,Tyler Glasnow,UNIQLO Field at Dodger Stadium,2026-09-25T02:10:00Z,4.083890374331551,2787,1663,0.4257781597754618,0.5949804135074263,0.864233095095538,Normal,0.09485469609180947,0.5639552419281572,0.3865377499533793,0.7203725789211198,0.621665869666558,0.41559313198120423,0.2607041875042787,0.1500171358656714,0.5466484276548293,0.30671175787366406,0.17370194208518894,0.11976760868676073,0.5487034427077705,0.17492233595478507,0.03272244839288972,2026-09-24T19:19:40Z
823895,606192,Teoscar Hernández,LAD,SD,1,7,projected,Nick Pivetta,UNIQLO Field at Dodger Stadium,2026-09-25T02:10:00Z,3.748838871025366,2888,2796,0.42315318815853653,0.5357147562620329,1.5284827816045918,Normal,0.12399733959107384,0.6113877979546328,0.26081568981125286,0.7442382587275351,0.6635655718048207,0.45628486746360664,0.29347561769902647,0.17330502877055928,0.5909779553080551,0.3518148748553607,0.20772718174251453,0.15022405175234255,0.5934023990172221,0.20828517440028818,0.04221535570740486,2026-09-24T19:19:40Z
823895,701538,Jackson Merrill,SD,LAD,0,7,projected,Tyler Glasnow,UNIQLO Field at Dodger Stadium,2026-09-25T02:10:00Z,3.9299386059949444,1729,1663,0.43886122785831366,0.5814398954655234,0.24757430702732555,Normal,0.13725773068328911,0.6068663928163839,0.24083232266708168,0.7313723643246018,0.6621174213538279,0.45632221567962317,0.29463359612819995,0.17500154059722015,0.5866679564228562,0.3557130319076892,0.22433173495695236,0.16617200376038346,0.5890686511419599,0.2069959802770344,0.04306790586742862,2026-09-24T19:19:40Z
823895,571970,Max Muncy,LAD,SD,1,8,projected,Nick Pivetta,UNIQLO Field at Dodger Stadium,2026-09-25T02:10:00Z,3.619837900424547,2375,2796,0.5263718865123611,0.5234528163019181,0.7145970520879088,Normal,0.17953417517441034,0.5279065868883066,0.42578870022108056,0.6774120266293902,0.6526460246124463,0.444017771144051,0.2824658928941205,0.16468981481535727,0.5130811448729274,0.3248205757829775,0.22217065555914478,0.1902870132024177,0.514838978318019,0.1470195434088501,0.02326563498971423,2026-09-24T19:19:40Z
823895,669134,Luis Campusano,SD,LAD,0,8,projected,Tyler Glasnow,UNIQLO Field at Dodger Stadium,2026-09-25T02:10:00Z,3.776402321083172,791,1663,0.3824672838681226,0.5643553566244135,-0.9057966677648412,Normal,0.08847289681467838,0.5393822023098807,0.29053710320667087,0.6719461568426139,0.6090209431217957,0.40233737809790165,0.24933890597089214,0.14142833861839105,0.5237212598880185,0.2776345757911178,0.1491964921740723,0.10513775816004294,0.5255793836985542,0.15662117929511515,0.02678627478900873,2026-09-24T19:19:40Z
823895,500743,Miguel Rojas,LAD,SD,1,9,projected,Nick Pivetta,UNIQLO Field at Dodger Stadium,2026-09-25T02:10:00Z,3.4228056426332287,1828,2796,0.3729136513192289,0.5241430177668412,0.1552746328345643,Normal,0.06740316647522204,0.5667450825993223,0.21956371946251907,0.43496574802114757,0.5993187630116422,0.39047211207431476,0.23817088171635306,0.13237233944584473,0.5495807134348811,0.28899763807165574,0.14287341658724229,0.089151421737021,0.5516165104705927,0.17151507005268196,0.02929111290976729,2026-09-24T19:19:40Z
823895,666023,Freddy Fermin,SD,LAD,0,9,projected,Tyler Glasnow,UNIQLO Field at Dodger Stadium,2026-09-25T02:10:00Z,3.6207601144258277,1219,1663,0.3444304651525236,0.5598103477785329,-0.7378034830998276,Normal,0.06832069372309739,0.5179698231344019,0.22396002643951032,0.6904176320169471,0.574663825099523,0.3696797301086744,0.22325118577361952,0.12290759946864441,0.5036539588428564,0.25156806844012447,0.12541468112482165,0.08348132422300424,0.5053516337645858,0.14205710635751434,0.022565525461657052,2026-09-24T19:19:40Z
824059,695600,Carter Jensen,KC,CWS,1,1,confirmed,David Sandlin,Kauffman Stadium,2026-09-24T18:10:00Z,4.438522674146797,658,145,0.6693978430057658,0.6324410151783569,1.158272821867009,Normal,0.17663348040713014,0.6612608856327449,0.45509391017426126,0.7253258613768894,0.7263962671710319,0.5298942452098705,0.3622126341862566,0.2293218042923566,0.6369089873987699,0.4230628946579617,0.27693875578409843,0.21240497824338297,0.6398118354920279,0.2571390105411781,0.06421195468550289,2026-09-24T19:19:40Z
824059,803011,Sam Antonacci,CWS,KC,0,1,confirmed,Randy Dobnak,Kauffman Stadium,2026-09-24T18:10:00Z,4.624561403508772,539,372,0.6749965592336897,0.6258829965363172,0.7853908729588718,Normal,0.09017049065026386,0.699756083305128,0.4560162473660945,0.45337558807212236,0.726564542349667,0.5312425296514431,0.3644541874246124,0.23194718454191599,0.6723050594018317,0.4144153220357177,0.23882733538245332,0.14830371466299078,0.675586976016129,0.29728148796976844,0.0840022624411024,2026-09-24T19:19:40Z
824059,677951,Bobby Witt Jr.,KC,CWS,1,2,confirmed,David Sandlin,Kauffman Stadium,2026-09-24T18:10:00Z,4.329665291150848,3337,145,0.558995771903905,0.6312444853167548,0.39125015783091,Normal,0.10641432558510693,0.6780548079385709,0.31494081499367316,0.5771045783903451,0.7165318528863568,0.5175762632944627,0.35011570109934836,0.21901252100661886,0.6524169323827471,0.4099496542827201,0.24671131652498338,0.16173537552165354,0.6554741717181393,0.27207684513036046,0.0699357356877657,2026-09-24T19:19:40Z
824059,691019,Kyle Teel,CWS,KC,0,2,confirmed,Randy Dobnak,Kauffman Stadium,2026-09-24T18:10:00Z,4.529659037832788,427,372,0.609241557293605,0.6236491825930438,-1.4253697317187157,Normal,0.11890399011290087,0.6677298774125787,0.4762746768547812,0.7218195345300198,0.7114311056816943,0.5129774637056178,0.34693202965544134,0.21728715373102356,0.6428511079841273,0.38785114800647735,0.22815544687604192,0.15632003637509553,0.6458189210364019,0.2642578671859253,0.06799422719574252,2026-09-24T19:19:40Z
824059,686469,Vinnie Pasquantino,KC,CWS,1,3,confirmed,David Sandlin,Kauffman Stadium,2026-09-24T18:10:00Z,4.229695136141494,2258,145,0.4779311730647388,0.6195357105319355,1.1829822044633698,Normal,0.1524501952722202,0.668473762978595,0.36458869511942776,0.4697891125595117,0.7008624207825841,0.49871443948731115,0.3321574429292918,0.20414009464420174,0.6436432704324132,0.40718056240036615,0.2542078202112856,0.18689800560864187,0.646601379484666,0.2613273524389163,0.06432020252604935,2026-09-24T19:19:40Z
824059,678246,Miguel Vargas,CWS,KC,0,3,confirmed,Randy Dobnak,Kauffman Stadium,2026-09-24T18:10:00Z,4.420604914933837,1849,372,0.5496623597255871,0.6159264218512863,0.5580368986844332,Normal,0.10224868028825096,0.6127852386714902,0.48254484773415535,0.5214120521580028,0.6838291792447343,0.4815215625036729,0.3180538841274929,0.19404490338498082,0.5920365792363929,0.3596552323888931,0.20596775351383073,0.13920654811510316,0.5945053064649504,0.21464669745340964,0.04738758752510314,2026-09-24T19:19:40Z
824059,521692,Salvador Perez,KC,CWS,1,4,confirmed,David Sandlin,Kauffman Stadium,2026-09-24T18:10:00Z,4.1418269230769225,2957,145,0.33775589492729263,0.6075042348163222,-0.2218963468812989,Normal,0.10755894696526588,0.6175648736251929,0.24217658327325525,0.6034382874266675,0.6528144814564532,0.4464258933073635,0.2860356808968582,0.16842920321891275,0.5966135777683903,0.34500040513419455,0.19395825696306376,0.1342068930339469,0.5991043300566795,0.2154140824416133,0.045876341849237626,2026-09-24T19:19:40Z
824059,808959,Munetaka Murakami,CWS,KC,0,4,confirmed,Randy Dobnak,Kauffman Stadium,2026-09-24T18:10:00Z,4.336043360433604,535,372,0.5952879256861179,0.6062745889158365,-0.8684277561049135,Normal,0.1987320942503341,0.6032788675861462,0.543615377278915,0.7935259881009479,0.7083127596790685,0.5082341098207527,0.3416493132332144,0.21232998793383373,0.583252381579908,0.3761719941543783,0.26020095386034847,0.21649072482904833,0.5856338057971211,0.20593884516021235,0.043731111821553696,2026-09-24T19:19:40Z
824059,686681,Michael Massey,KC,CWS,1,5,confirmed,David Sandlin,Kauffman Stadium,2026-09-24T18:10:00Z,4.022535211267606,1727,145,0.4307302438788515,0.5959045349734602,-0.4372172546105618,Normal,0.11356360360014801,0.6617649124848779,0.24343473548402023,0.5015991733699431,0.6781779677803152,0.472818194850146,0.30845645082153966,0.1851703223424419,0.6375021212096453,0.3821440508822465,0.22141235974200305,0.1498193197273085,0.6403901390047618,0.2535477661683465,0.06005566240764588,2026-09-24T19:19:40Z
824059,643217,Andrew Benintendi,CWS,KC,0,5,confirmed,Randy Dobnak,Kauffman Stadium,2026-09-24T18:10:00Z,4.210253280439426,2590,372,0.44955214308737973,0.596845941071905,-0.8250795477792238,Normal,0.10427862744455639,0.6634109801596767,0.30391317583982275,0.5218692408374669,0.6800299666616944,0.4760600198904362,0.31224629952923905,0.1888059096986999,0.6389567781590055,0.3816600488103804,0.21834642469824941,0.14382866979434922,0.6418701005312627,0.25719610109293,0.06299668046889045,2026-09-24T19:19:40Z
824059,679845,Nick Loftin,KC,CWS,1,6,confirmed,David Sandlin,Kauffman Stadium,2026-09-24T18:10:00Z,3.899217221135029,849,145,0.380800891083377,0.5820930501277651,0.6138608693394959,Normal,0.06656240933026114,0.5665472454142421,0.3459952472837416,0.5394931413056663,0.6058634809153922,0.39894805230424596,0.24631256004355204,0.13903366384353869,0.5491810191961964,0.3044214575056001,0.15656912134554804,0.09606487796508166,0.5512420850841221,0.17478395901732227,0.03168949441593699,2026-09-24T19:19:40Z
824059,671976,Tristan Peters,CWS,KC,0,6,confirmed,Randy Dobnak,Kauffman Stadium,2026-09-24T18:10:00Z,4.083890374331551,489,372,0.4897917635355371,0.5834984210478166,-1.282018064451635,Normal,0.10450748018332316,0.6549333262599687,0.3600467487917678,0.484552992283522,0.6828957999653532,0.4789909169956443,0.3146546387124952,0.19052016358276838,0.631141762849563,0.39024743673588763,0.22741923218415683,0.15009943390824967,0.6339746132141629,0.2489672856167158,0.05928345662729264,2026-09-24T19:19:40Z
824059,670231,John Rave,KC,CWS,1,7,confirmed,David Sandlin,Kauffman Stadium,2026-09-24T18:10:00Z,3.748838871025366,324,145,0.4414390586174317,0.5702736024517703,-0.43391626666087213,Normal,0.11551398949705988,0.5777498411280396,0.35561335543683426,0.6235503236446465,0.6391553549798602,0.4311742843671327,0.2723203565514749,0.15761812372923073,0.5596776218059109,0.32216820449140954,0.18883598456773243,0.13757831482165,0.5618227171098327,0.18232400545341046,0.03375674777649724,2026-09-24T19:19:40Z
824059,805367,Chase Meidroth,CWS,KC,0,7,confirmed,Randy Dobnak,Kauffman Stadium,2026-09-24T18:10:00Z,3.9299386059949444,1143,372,0.42241330574505676,0.5703819081979312,0.6485316587722826,Normal,0.06566946631971035,0.6142412880325977,0.34411985436867054,0.5193920950513607,0.6433602972411792,0.4369215098658467,0.27815882031407474,0.1626665200034748,0.5935157371376466,0.31599885515132936,0.15684220327568893,0.09320569102860408,0.5959796141047206,0.2129888029859102,0.04518935940523585,2026-09-24T19:19:40Z
824059,664728,Kyle Isbel,KC,CWS,1,8,confirmed,David Sandlin,Kauffman Stadium,2026-09-24T18:10:00Z,3.619837900424547,1738,145,0.4191925491973685,0.5546911031432399,-2.552206514803479,Cold,0.07474930618755006,0.5734675481477457,0.24975410880983875,0.5471246030315604,0.6181668586765622,0.4095767845657606,0.254103314822365,0.14408814041127863,0.5557564600506054,0.30429351505892877,0.16662423286048358,0.10504643347537458,0.55785804850982,0.1779946072521611,0.03193075428778864,2026-09-24T19:19:40Z
824059,695657,Colson Montgomery,CWS,KC,0,8,confirmed,Randy Dobnak,Kauffman Stadium,2026-09-24T18:10:00Z,3.776402321083172,909,372,0.48556029047407223,0.55478915700749,-2.3246947631878143,Cold,0.16544298683805797,0.566711200088028,0.3374862830461711,0.7453199994291804,0.6643879815100723,0.4580020726439703,0.2956154943208175,0.17542942936265005,0.5493098941469731,0.33846289919349193,0.22161354338332911,0.18103774636688208,0.5513756428623743,0.17551669888841975,0.03234115495728667,2026-09-24T19:19:40Z
824059,686555,Isaac Collins,KC,CWS,1,9,confirmed,David Sandlin,Kauffman Stadium,2026-09-24T18:10:00Z,3.4228056426332287,968,145,0.4525872660083865,0.5574961249382123,-1.9290681608717868,Normal,0.06856330392180492,0.5342406418714035,0.4243533415412626,0.5429417963883463,0.6045278069960908,0.3953799096009219,0.24203893496402037,0.13507304574998366,0.5191312039881957,0.27802060810163887,0.1427604820055485,0.09104711955195692,0.5209224018240284,0.14960865862584105,0.023358458444265876,2026-09-24T19:19:40Z
824059,695731,Braden Montgomery,CWS,KC,0,9,confirmed,Randy Dobnak,Kauffman Stadium,2026-09-24T18:10:00Z,3.6207601144258277,352,372,0.4735955879869158,0.5504429254459527,-0.39638712646975466,Normal,0.07935069780553676,0.5718505292861079,0.3399286439349967,0.44855680188157315,0.6325786462079381,0.4247469196071812,0.2671996258373701,0.15405520406511117,0.554166309125652,0.30659178574295193,0.16503818151294294,0.10682318181196586,0.5562655032532196,0.1783394617993706,0.03284844705960369,2026-09-24T19:19:40Z
824298,664983,Jake McCarthy,COL,AZ,1,1,confirmed,Eduardo Rodriguez,Coors Field,2026-09-24T19:10:00Z,4.438522674146797,1963,2691,0.6246607050204385,0.6938042051007409,0.7978279735396416,Normal,0.09737870350059184,0.7260500698429461,0.27746641608496575,0.5209230943156133,0.7284826713359934,0.5323746785627558,0.36455211080200345,0.23124295771014197,0.6964399675141789,0.4391195194178182,0.26941032027476375,0.17090786151795695,0.6999828471390499,0.32371159840958774,0.09573682847092754,2026-09-24T19:19:40Z
824298,663457,Lars Nootbaar,AZ,COL,0,1,confirmed,Tanner Gordon,Coors Field,2026-09-24T19:10:00Z,4.624561403508772,2152,945,0.6828080824715383,0.6313005168722259,-1.5294986713499852,Normal,0.16842309825726456,0.7263206839384115,0.396653754330181,0.5764013135291742,0.7422056828837259,0.55010542022009,0.38249634575922975,0.24698005412299207,0.6966795347438197,0.4676534329863346,0.30563009516218814,0.22221493569048442,0.7002300089052572,0.32613759711228874,0.09874236185359997,2026-09-24T19:19:40Z
824298,681393,Connor Norby,COL,AZ,1,2,confirmed,Eduardo Rodriguez,Coors Field,2026-09-24T19:10:00Z,4.329665291150848,903,2691,0.5883841195547375,0.6929550098226329,1.0609672857078711,Normal,0.12817924025769367,0.6741535934115539,0.3777683998218058,0.7005906437694785,0.7044294648992229,0.5036608184179192,0.3373322765941368,0.20876088752354002,0.648826097025875,0.408238878496741,0.24464282871817628,0.16976660089929319,0.6518457569210775,0.2682718314410636,0.06825853627118426,2026-09-24T19:19:40Z
824298,606466,Ketel Marte,AZ,COL,0,2,confirmed,Tanner Gordon,Coors Field,2026-09-24T19:10:00Z,4.529659037832788,2953,945,0.6582221722205817,0.6293210171255801,-0.20194230617747258,Normal,0.17408371939583644,0.7671411634093227,0.3117006599073031,0.4888823372294566,0.7700888083402996,0.5846807213552943,0.4161429140287584,0.27535422282926897,0.734012803693046,0.5130077997851046,0.3424481994138999,0.24582325906411936,0.7379933306843448,0.3737744274624066,0.12478965781603155,2026-09-24T19:19:40Z
824298,696100,Hunter Goodman,COL,AZ,1,3,confirmed,Eduardo Rodriguez,Coors Field,2026-09-24T19:10:00Z,4.229695136141494,1436,2691,0.5909356464954602,0.6899924356619646,0.4616733038006708,Normal,0.2560263496863102,0.6724826448506637,0.2947079268983542,0.7139194928233698,0.7350050265302288,0.5385070834949301,0.36898716553023475,0.23381035039247666,0.6473346186670208,0.45025298557018895,0.3321296834365528,0.28017735830192747,0.6503310838108679,0.26516347104568844,0.06595434363753257,2026-09-24T19:19:40Z
824298,672515,Gabriel Moreno,AZ,COL,0,3,confirmed,Tanner Gordon,Coors Field,2026-09-24T19:10:00Z,4.420604914933837,1648,945,0.5906815911286138,0.6225137513934716,2.111184765216754,Hot,0.12624544909257218,0.7922540448875409,0.3305990549735444,0.489865122760388,0.7647701168728523,0.57738662973471,0.4083911088002917,0.2682555180293209,0.756894660756043,0.5142191960347086,0.32078472787540135,0.20790389987971414,0.7611525790519983,0.4058104768879611,0.14383309967167857,2026-09-24T19:19:40Z
824298,681198,TJ Rumfield,COL,AZ,1,4,confirmed,Eduardo Rodriguez,Coors Field,2026-09-24T19:10:00Z,4.1418269230769225,621,2691,0.48048628136109367,0.6911580356886179,-0.1608002866762894,Normal,0.10009235248155228,0.694848178302514,0.43346235579612025,0.453431830435184,0.7076675384766982,0.50600187134281,0.3384032465815149,0.2087932694038516,0.6679040387476083,0.40643102329685965,0.2328123304693373,0.14821257936873805,0.6711167807343282,0.28657266422103606,0.07482368384672472,2026-09-24T19:19:40Z
824298,672695,Geraldo Perdomo,AZ,COL,0,4,confirmed,Tanner Gordon,Coors Field,2026-09-24T19:10:00Z,4.336043360433604,2763,945,0.5474424358509675,0.6138902584549706,0.5892969313088693,Normal,0.09090982439636527,0.7322197162493793,0.38545294899658844,0.46648850286803123,0.7263208492279485,0.5292122134303542,0.36111429447304944,0.22807931038155999,0.7021024548765907,0.4392677967754909,0.2569269313570679,0.15771910104391657,0.7057061189341722,0.329628729441255,0.098075659893612,2026-09-24T19:19:40Z
824298,694249,Cole Carrigg,COL,AZ,1,5,confirmed,Eduardo Rodriguez,Coors Field,2026-09-24T19:10:00Z,4.022535211267606,356,2691,0.46652356952231805,0.6870547909474706,-0.3605558288350365,Normal,0.11119077661706007,0.663530932993528,0.27383246620528917,0.6450301336687255,0.6932744477176671,0.4893562053635715,0.3230580545582664,0.19645353431931747,0.6391293403179837,0.39539621757792615,0.23407574882493984,0.15639620873647397,0.6420340748478545,0.25519645628117954,0.0607289145316693,2026-09-24T19:19:40Z
824298,656976,Pavin Smith,AZ,COL,0,5,confirmed,Tanner Gordon,Coors Field,2026-09-24T19:10:00Z,4.210253280439426,1060,945,0.5477643686671503,0.6050585644536117,-0.21039549740830396,Normal,0.1777996026811034,0.6817715829333674,0.370850404961775,0.626671532230578,0.7184685137124665,0.5193180823949802,0.3513325610009985,0.21969163265940822,0.6558611252534703,0.42666312419203295,0.27745732402038664,0.21147460984741545,0.6589505136368837,0.2748983717478416,0.07064786583221727,2026-09-24T19:19:40Z
824298,691720,Kyle Karros,COL,AZ,1,6,confirmed,Eduardo Rodriguez,Coors Field,2026-09-24T19:10:00Z,3.899217221135029,614,2691,0.49749803700401685,0.6795911552194498,-0.7150716302701529,Normal,0.11136942784554042,0.6308559570474942,0.3866719652182683,0.5405931416181661,0.6757158080749136,0.46968671263131373,0.30534577252067396,0.18249700774988073,0.6089830062387818,0.3572351116082599,0.2073391368558049,0.14276871456343695,0.6115830505402702,0.22516543447615342,0.048518480231690815,2026-09-24T19:19:40Z
824298,571448,Nolan Arenado,AZ,COL,0,6,confirmed,Tanner Gordon,Coors Field,2026-09-24T19:10:00Z,4.083890374331551,2884,945,0.5424567570605354,0.5919689706139224,1.9098751398566813,Normal,0.18100013413885688,0.7349019384699,0.24845048754288981,0.5091540184172187,0.7450614021414239,0.5510013484831021,0.3810780327610953,0.24390413096200053,0.7045460890275316,0.4691372142056139,0.3056797870057974,0.22571895505036774,0.7081756749562352,0.33108278555142384,0.09738830054131828,2026-09-24T19:19:40Z
824298,664954,Brett Sullivan,COL,AZ,1,7,confirmed,Eduardo Rodriguez,Coors Field,2026-09-24T19:10:00Z,3.748838871025366,342,2691,0.3810774534580486,0.6672859992082262,0.22507847999899067,Normal,0.10509396018249426,0.6104110196619013,0.23105365837724273,0.48919535855593005,0.6397165814887942,0.43173989877214763,0.2727900118519401,0.15796210046630646,0.5900712755193767,0.3435001020160345,0.1951550680057341,0.13400283365559112,0.5924873324323804,0.2074970894839122,0.04194589558569642,2026-09-24T19:19:40Z
824298,682998,Corbin Carroll,AZ,COL,0,7,confirmed,Tanner Gordon,Coors Field,2026-09-24T19:10:00Z,3.9299386059949444,2740,945,0.6047142909293146,0.578526913017173,-0.8218199593842634,Normal,0.18365819207696846,0.675120186467408,0.32492651819798596,0.5462169484286877,0.7227863038517431,0.5237311753959247,0.35491139932940563,0.2221641598227965,0.6497690841819694,0.4481463728761399,0.3176141565570023,0.2383364399921892,0.6527895153664295,0.2673188691907251,0.06658361191818597,2026-09-24T19:19:40Z
824298,687597,Jordan Beck,COL,AZ,1,8,confirmed,Eduardo Rodriguez,Coors Field,2026-09-24T19:10:00Z,3.619837900424547,942,2691,0.4007325037726328,0.6402914756910273,-1.0878142179014951,Normal,0.09426860028735026,0.5989548743306542,0.26756700316071574,0.6735858614479032,0.6313116245810951,0.422472357812736,0.26458857150434273,0.1516216080499056,0.5795026686551913,0.3292714008723696,0.18513170926911002,0.12371361683106534,0.5818120633113265,0.19711199302563778,0.03787929251623748,2026-09-24T19:19:40Z
824298,543510,James McCann,AZ,COL,0,8,confirmed,Tanner Gordon,Coors Field,2026-09-24T19:10:00Z,3.776402321083172,939,945,0.47386595663610004,0.5618362312431379,-0.11031070669323659,Normal,0.12096774938979599,0.68090141573084,0.203653993501111,0.6024866322664905,0.691928464673203,0.48773777238494376,0.3216082101719764,0.19535443292491952,0.6551352518624225,0.40162220815939254,0.2347880726956233,0.15955565772244654,0.6582048407968537,0.2717057314716283,0.0677835176626664,2026-09-24T19:19:40Z
824298,678662,Ezequiel Tovar,COL,AZ,1,9,confirmed,Eduardo Rodriguez,Coors Field,2026-09-24T19:10:00Z,3.4228056426332287,2226,2691,0.4504225739607087,0.6409284218349468,0.5280663924925552,Normal,0.10577385442199239,0.5915106080970348,0.2185052005289819,0.5821415937653066,0.6404238474063707,0.4303593676014786,0.2702641800283302,0.15518227912798613,0.5726794033599338,0.3367996211127908,0.1921883275344495,0.13353984604886573,0.5749138689556277,0.18959434465777886,0.03463153531120129,2026-09-24T19:19:40Z
824298,694374,Tim Tawa,AZ,COL,0,9,confirmed,Tanner Gordon,Coors Field,2026-09-24T19:10:00Z,3.6207601144258277,558,945,0.5017221443045369,0.5573634479927242,-1.3647474353600688,Normal,0.1210813188175816,0.6395268049317049,0.23201915403379272,0.6160301968269053,0.6758731546865578,0.469493057012329,0.30506823832710606,0.18227486054389375,0.6170482658787662,0.3680360890460201,0.2163459671679665,0.15198589962745365,0.6197212692339787,0.23224715004010318,0.051229490715561134,2026-09-24T19:19:40Z
824623,691718,Pete Crow-Armstrong,CHC,MIA,1,1,confirmed,Tyler Phillips,Wrigley Field,2026-09-24T18:20:00Z,4.438522674146797,1788,993,0.7323297379101688,0.6038968178207466,-0.22045764396535827,Normal,0.23759355659387324,0.6712005144523475,0.40705498828944586,0.6338406054505236,0.7456103084519599,0.5531308419641141,0.3844068243543728,0.24774273887001977,0.6460724499660847,0.4484599302254359,0.32639109539279054,0.26846595336119244,0.6490692488346114,0.26660496593186855,0.06831871207415582,2026-09-24T19:19:40Z
824623,672640,Otto Lopez,MIA,CHC,0,1,confirmed,Matthew Boyd,Wrigley Field,2026-09-24T18:20:00Z,4.624561403508772,1712,1733,0.6270792049170535,0.6432467174299645,0.2188116274305152,Normal,0.10042522237973461,0.7208398677001097,0.31154120674304864,0.5168938222833426,0.7283103633974806,0.5333193633867578,0.36642066727189726,0.23357163839136644,0.6916558508667875,0.4301541638449106,0.2520432767753906,0.15936658090064115,0.6951500989327996,0.32000987763802924,0.09551199652807471,2026-09-24T19:19:40Z
824623,673548,Seiya Suzuki,CHC,MIA,1,2,confirmed,Tyler Phillips,Wrigley Field,2026-09-24T18:20:00Z,4.329665291150848,2886,993,0.5745483236718919,0.5996816524328014,-0.22335044069213958,Normal,0.14258280488335265,0.6754988326297969,0.4037039093129263,0.6487746356153662,0.7159841411299279,0.5169395246804169,0.34952609919808947,0.21853653328503544,0.650064515022909,0.41645908777148755,0.26144386709953904,0.18665319039711006,0.6530971057989299,0.2695793412723163,0.06883263582016816,2026-09-24T19:19:40Z
824623,681715,Heriberto Hernández,MIA,CHC,0,2,confirmed,Matthew Boyd,Wrigley Field,2026-09-24T18:20:00Z,4.529659037832788,783,1733,0.5730297897564001,0.641454323318956,0.013322625322769642,Normal,0.17216452781056543,0.6493191300490367,0.4228727664286087,0.7309404427928186,0.7062254735491961,0.5070038226604847,0.3414313737039496,0.21285443536341853,0.6258562007655921,0.3945182753149259,0.2577655847788113,0.19984070368897416,0.6286526594004958,0.24704544124787145,0.06060788341953729,2026-09-24T19:19:40Z
824623,683737,Michael Busch,CHC,MIA,1,3,confirmed,Tyler Phillips,Wrigley Field,2026-09-24T18:20:00Z,4.229695136141494,1935,993,0.5330757566705056,0.5848630360631539,0.21091029574023637,Normal,0.14926472583730055,0.6242138548170736,0.5042671574625737,0.6401821014249752,0.6867757423443464,0.4830359676956086,0.31812171203183837,0.1931453460839066,0.6027520850067511,0.3740380971810652,0.23622039302147982,0.17785441556434542,0.6053046414583647,0.221637419879293,0.04856758566243225,2026-09-24T19:19:40Z
824623,805300,Jakob Marsee,MIA,CHC,0,3,confirmed,Matthew Boyd,Wrigley Field,2026-09-24T18:20:00Z,4.420604914933837,838,1733,0.48495238924614537,0.6366706348013638,1.5000345771334793,Normal,0.07879485453732768,0.6031721686277405,0.4548840861235836,0.6599421232903749,0.6496370464402251,0.4451562228130721,0.2863936282363055,0.16974183181505764,0.5831043244590147,0.3348173464586359,0.1859939514791719,0.11701791420441654,0.5854912696121913,0.20681486448738234,0.04452150822186877,2026-09-24T19:19:40Z
824623,624424,Michael Conforto,CHC,MIA,1,4,confirmed,Tyler Phillips,Wrigley Field,2026-09-24T18:20:00Z,4.1418269230769225,1745,993,0.48693421294834704,0.5699907976328831,1.0630884499694353,Normal,0.14786635054948483,0.6011349688122268,0.43102699145287854,0.6175789436016469,0.667384513757809,0.4616832174061339,0.2990971598852837,0.17827189489966067,0.5813559696510038,0.3573199871941469,0.2224616866234022,0.17086484620278175,0.583706252061976,0.202119504615569,0.04120953358346623,2026-09-24T19:19:40Z
824623,691594,Javier Sanoja,MIA,CHC,0,4,confirmed,Matthew Boyd,Wrigley Field,2026-09-24T18:20:00Z,4.336043360433604,852,1733,0.44819839666892086,0.6306892697030343,0.5867508886509302,Normal,0.10846663560742718,0.6936918304632804,0.24672979307244544,0.4149205547925626,0.6927531922365595,0.4906758762235299,0.32572802448191485,0.19969517511145113,0.6667933087169834,0.42831179322959445,0.25774286398254703,0.16854861344386562,0.6700040254826674,0.28801738303113467,0.07744313810737788,2026-09-24T19:19:40Z
824623,664023,Ian Happ,CHC,MIA,1,5,confirmed,Tyler Phillips,Wrigley Field,2026-09-24T18:20:00Z,4.022535211267606,3274,993,0.5061925746277953,0.5570738005692442,0.5715326016605558,Normal,0.13149045397293013,0.5971936596838892,0.4581978659899395,0.6515963659287857,0.6669347123675093,0.46079164626422436,0.29801655183426673,0.17721727046700933,0.5777191313482947,0.3568177947338006,0.2147089649006621,0.15876075774037335,0.5800325373248708,0.19840312407368105,0.039599885015289334,2026-09-24T19:19:40Z
824623,682663,Agustín Ramírez,MIA,CHC,0,5,confirmed,Matthew Boyd,Wrigley Field,2026-09-24T18:20:00Z,4.210253280439426,824,1733,0.4727421908534202,0.6234518823980834,-0.21164693983406968,Normal,0.11980130913254794,0.6245579440855287,0.32242089066674984,0.6381279477294022,0.671525797189308,0.46689412956224596,0.304218764474831,0.18262834680823864,0.6030451183023295,0.3673536716705431,0.21633031549662401,0.15252650425759035,0.6056042418111359,0.22251944890970937,0.049228676122982415,2026-09-24T19:19:40Z
824623,663538,Nico Hoerner,CHC,MIA,1,6,confirmed,Tyler Phillips,Wrigley Field,2026-09-24T18:20:00Z,3.899217221135029,3170,993,0.4334707014637233,0.5437338172972982,0.4374394232001144,Normal,0.06851864716483665,0.6603122092431445,0.248908027779296,0.3525726219305442,0.6611313816559462,0.4542098501913154,0.29200508608786596,0.17240572390295206,0.6361852981274819,0.3560803130114552,0.18513485409287808,0.1076195319303709,0.6390560172606824,0.2513700551818643,0.058574377829771075,2026-09-24T19:19:40Z
824623,665923,Esteury Ruiz,MIA,CHC,0,6,confirmed,Matthew Boyd,Wrigley Field,2026-09-24T18:20:00Z,4.083890374331551,865,1733,0.41468646852779917,0.6114265682143855,-1.381674471508935,Normal,0.09092562662900351,0.6002372191930171,0.3451317163516371,0.7289109757566581,0.6306537301545431,0.42449338047455787,0.26803736248794924,0.1553705048942492,0.5804759562248335,0.33113521443485944,0.18332361226488514,0.12128965726186515,0.5828245981633934,0.20227875486752545,0.04169900251362897,2026-09-24T19:19:40Z
824623,699393,Pedro Ramírez,CHC,MIA,1,7,confirmed,Tyler Phillips,Wrigley Field,2026-09-24T18:20:00Z,3.748838871025366,254,993,0.4380384563736715,0.5336273638705136,-0.5277634134612149,Normal,0.10609144358366421,0.6042104386884959,0.3036879125682026,0.4813916553195246,0.6422991301715627,0.43434956945587494,0.2749609999633451,0.15955467211028493,0.5843125839836398,0.3373226054488095,0.1939053203732286,0.13418151084304758,0.5866757870056332,0.20254314582275748,0.04027029806273621,2026-09-24T19:19:40Z
824623,691277,Deyvison De Los Santos,MIA,CHC,0,7,confirmed,Matthew Boyd,Wrigley Field,2026-09-24T18:20:00Z,3.9299386059949444,28,1733,0.4137711853591381,0.5975676847511219,-1.3534733368008665,Normal,0.11041427583616258,0.6104858426601779,0.28251163272865565,0.6625047122653048,0.6414472804372083,0.4349774408628256,0.2765285910591613,0.1614590041886643,0.5900296189669332,0.3455736305549018,0.19981168476029648,0.13938619022555543,0.5924612077813117,0.2099221455954327,0.044097911847805836,2026-09-24T19:19:40Z
824623,608348,Carson Kelly,CHC,MIA,1,8,confirmed,Tyler Phillips,Wrigley Field,2026-09-24T18:20:00Z,3.619837900424547,1658,993,0.4060369879339991,0.5215200370562701,0.615277809550153,Normal,0.09230496750936397,0.5845689599648437,0.28678929016590704,0.48496828276572207,0.6235592315881678,0.41483310177579136,0.258357965598999,0.1471332585215869,0.5661107651435271,0.3056762172856374,0.16495468328000865,0.1128392717465226,0.5683014828080889,0.18615650692362404,0.034414227939520675,2026-09-24T19:19:40Z
824623,691858,Jared Serna,MIA,CHC,0,8,confirmed,Matthew Boyd,Wrigley Field,2026-09-24T18:20:00Z,3.776402321083172,19,1733,0.44640387039776563,0.5783607519500328,,Unknown,0.11263475240134982,0.5999653607011005,0.2945995547649294,0.6039656685589796,0.6443094594977993,0.4372154379012096,0.2779792669663798,0.16224729542833255,0.5803095878506751,0.33848607746342013,0.19657439894999112,0.13923229141806304,0.5826448224232353,0.20051258073663375,0.040393906396980706,2026-09-24T19:19:40Z
824623,621020,Dansby Swanson,CHC,MIA,1,9,confirmed,Tyler Phillips,Wrigley Field,2026-09-24T18:20:00Z,3.4228056426332287,3047,993,0.47889857661603674,0.5220589394793106,-0.1109339284684592,Normal,0.10553589822226954,0.5593108898850409,0.2748407559000315,0.5636696336689837,0.6369952857581822,0.4269271031685322,0.2674430349146011,0.15314083343255425,0.5426297228725981,0.2997826695641017,0.17159515931498417,0.12429158801665728,0.5446079734958068,0.16632692060382465,0.027832792255960685,2026-09-24T19:19:40Z
824623,640459,Brian Navarreto,MIA,CHC,0,9,confirmed,Matthew Boyd,Wrigley Field,2026-09-24T18:20:00Z,3.6207601144258277,70,1733,0.44084709467335653,0.573174144309543,-1.9674366490721467,Normal,0.10946615218045669,0.5621184369146746,0.2572583675075694,0.6729387442621273,0.6268701546501697,0.41908881520196056,0.26255143433295536,0.15067848079044566,0.5450719129518586,0.3116851145336966,0.1798910219109257,0.1305926060403513,0.5470950026065197,0.17137695693496613,0.03074516704686226,2026-09-24T19:19:40Z
824707,686765,Nick Sogard,BOS,CLE,1,1,confirmed,Daniel Espino,Fenway Park,2026-09-24T22:45:00Z,4.438522674146797,451,59,0.5681552272377477,0.6546458339129778,-1.1658016456679638,Normal,0.08913554189568136,0.6670396808474406,0.3553566140848851,0.783132304211919,0.6793485573932413,0.4764906075313544,0.3134889091439287,0.19040668794506663,0.6422379603255735,0.3877316763310339,0.2163834781698415,0.13562790420506712,0.6451952326929912,0.2626114672497923,0.06657123674516066,2026-09-24T19:19:40Z
824707,680757,Steven Kwan,CLE,BOS,0,1,projected,Ranger Suarez,Fenway Park,2026-09-24T22:45:00Z,4.624561403508772,3211,3072,0.5626410483589007,0.619719148018988,0.9672597303299076,Normal,0.061510214444668206,0.6944832173753924,0.3642555800566096,0.48100402912851625,0.6870242973459277,0.48599232008355153,0.32279232942168257,0.19833466802428013,0.6674588432089287,0.3865800658857125,0.2061965637203153,0.11581248669922486,0.6706886653994473,0.2917991770256253,0.0813360152290357,2026-09-24T19:19:40Z
824707,681508,Mickey Gasper,BOS,CLE,1,2,confirmed,Daniel Espino,Fenway Park,2026-09-24T22:45:00Z,4.329665291150848,352,59,0.5721806108836728,0.6551263889194152,-0.2083590982411498,Normal,0.1353757522180599,0.6090274072619315,0.5032860814340614,0.6335557055236672,0.6764132476507563,0.47262388438935465,0.3095710550137428,0.18699186305338433,0.5886016583864165,0.35044109111799454,0.21522760601211677,0.16040393703228076,0.5910307214621141,0.21033968438792122,0.04513226093474594,2026-09-24T19:19:40Z
824707,682657,Angel Martínez,CLE,BOS,0,2,projected,Ranger Suarez,Fenway Park,2026-09-24T22:45:00Z,4.529659037832788,1051,3072,0.5097352154637844,0.61710347196518,1.376816720432495,Normal,0.11233947019878675,0.6736496593724027,0.2659006786455376,0.6783150958874608,0.691182485392364,0.49006176948992614,0.32604085902079916,0.20059355261020528,0.6483072602120239,0.4048436822007625,0.2391222810889454,0.15976253870344803,0.6513313027659087,0.26997594985956264,0.07053763709439577,2026-09-24T19:19:40Z
824707,668939,Adley Rutschman,BOS,CLE,1,3,confirmed,Daniel Espino,Fenway Park,2026-09-24T22:45:00Z,4.229695136141494,2559,59,0.44489597317169444,0.6468194440839843,-0.25642082105073516,Normal,0.10877707841803794,0.6290959819979,0.37273865290274205,0.6448060667737665,0.6545630939645407,0.44864511126424844,0.28823110999515916,0.17030607376942505,0.6072751496552099,0.3646614596237462,0.20865745595786708,0.14250825409329068,0.6098708295103652,0.22578557000104846,0.05011632512161949,2026-09-24T19:19:40Z
824707,608070,José Ramírez,CLE,BOS,0,3,projected,Ranger Suarez,Fenway Park,2026-09-24T22:45:00Z,4.420604914933837,3260,3072,0.4665694074917461,0.6083789688095136,0.5331933440934102,Normal,0.10218428081045347,0.654858997723833,0.26596214468054824,0.5181182493193704,0.6858149598862179,0.4837014448561431,0.3199950802237112,0.19556381231944622,0.6309936661358563,0.3915522473460759,0.22648956133578402,0.14880255045973043,0.6338379581405614,0.2514091139811192,0.06193454655305095,2026-09-24T19:19:40Z
824707,677800,Wilyer Abreu,BOS,CLE,1,4,confirmed,Daniel Espino,Fenway Park,2026-09-24T22:45:00Z,4.1418269230769225,1614,59,0.4682707351300074,0.6382704828373309,-0.6805611198896074,Normal,0.12601298867516111,0.6241502932532098,0.3877985351725751,0.7166630719392455,0.6754806958812027,0.47033157787245333,0.3066059227359331,0.18399808046470384,0.6027189260290857,0.3768739227707841,0.2250192248324974,0.16050254030968747,0.6052672641356365,0.2209116541536957,0.04787342420690912,2026-09-24T19:19:40Z
824707,663993,Nathaniel Lowe,CLE,BOS,0,4,projected,Ranger Suarez,Fenway Park,2026-09-24T22:45:00Z,4.336043360433604,2962,3072,0.3885898115529444,0.5976813650842198,-0.5841251931222262,Normal,0.09621765418075386,0.6416207952733349,0.2999335625063719,0.6991223985593172,0.6620149828136835,0.45741277022616644,0.29645716471184147,0.17704715032021937,0.6188046282143878,0.3590151381474654,0.201056157381897,0.13155299734614256,0.6215214463308549,0.23831748703962272,0.055950372134590864,2026-09-24T19:19:40Z
824707,702332,Caleb Durbin,BOS,CLE,1,5,confirmed,Daniel Espino,Fenway Park,2026-09-24T22:45:00Z,4.022535211267606,1080,59,0.45936961042240093,0.6285344326409807,0.7193445063595946,Normal,0.088419780040708,0.6145301498441124,0.3892258689011053,0.5473615730206772,0.6522562287787834,0.4454450928100597,0.28490830488446167,0.16736687207987797,0.5938254342277504,0.33633142629692175,0.1808938259900679,0.11766924990600508,0.5962861216211603,0.2122701743182617,0.04437036816227564,2026-09-24T19:19:40Z
824707,666176,Jo Adell,CLE,BOS,0,5,projected,Ranger Suarez,Fenway Park,2026-09-24T22:45:00Z,4.210253280439426,2014,3072,0.41381807179324104,0.5876665243490072,-0.255000720794942,Normal,0.12797005585721838,0.6305541683014492,0.283520164492004,0.7104126419259071,0.6704266780809106,0.4657195483378501,0.30319631815651626,0.1818455912506576,0.6086001015582809,0.36464483981859663,0.2198781969406652,0.15811319711342578,0.6112122512622371,0.22763628647733597,0.051159831549088305,2026-09-24T19:19:40Z
824707,678882,Ceddanne Rafaela,BOS,CLE,1,6,confirmed,Daniel Espino,Fenway Park,2026-09-24T22:45:00Z,3.899217221135029,1817,59,0.43263649416508504,0.6150780310861748,-0.5477783530324808,Normal,0.09827794026199198,0.6482332306091229,0.2146948858341297,0.7012065801573606,0.6669492799239011,0.4603357104559045,0.2972562041887188,0.1763592284568107,0.6250448417264063,0.3743560929827292,0.213677173943041,0.13912810880642756,0.627802749838738,0.24036886317127185,0.05424264387714432,2026-09-24T19:19:40Z
824707,682177,Daniel Schneemann,CLE,BOS,0,6,projected,Ranger Suarez,Fenway Park,2026-09-24T22:45:00Z,4.083890374331551,925,3072,0.3354502152129707,0.574151925543588,-1.616311341808505,Normal,0.07489352169278411,0.5644089489422534,0.2544294021247108,0.7866204009439495,0.600177757625063,0.3948306427312677,0.24389346620488375,0.13792857698030425,0.5470725290179815,0.30194008337381834,0.15825474516996207,0.10148676517022381,0.5491310810190092,0.17524792650160753,0.03282356310338227,2026-09-24T19:19:40Z
824707,680776,Jarren Duran,BOS,CLE,1,7,confirmed,Daniel Espino,Fenway Park,2026-09-24T22:45:00Z,3.748838871025366,2612,59,0.3963615719057259,0.6017237007960383,-0.2935892765736387,Normal,0.09618447832641144,0.5813287230345985,0.29040998693440534,0.7344627634760612,0.6203713699053428,0.412546048465392,0.25702617851439613,0.14652369110004448,0.5630152713681587,0.3420259120411955,0.20114113242465212,0.1339089458199747,0.5651891642602315,0.1849734754739625,0.03458059562597731,2026-09-24T19:19:40Z
824707,672275,Patrick Bailey,CLE,BOS,0,7,projected,Ranger Suarez,Fenway Park,2026-09-24T22:45:00Z,3.9299386059949444,1587,3072,0.33977799997200486,0.5614567144158543,-0.608595763169743,Normal,0.06949295026499148,0.5728588529351231,0.24037749046241072,0.729205720620696,0.593340965911984,0.388041222804996,0.2382814606880743,0.13381409991169413,0.554996581734241,0.29524767351044817,0.15204889495659032,0.0950489088736827,0.5571177333965569,0.18086599103650783,0.03436361219593838,2026-09-24T19:19:40Z
824707,596115,Trevor Story,BOS,CLE,1,8,confirmed,Daniel Espino,Fenway Park,2026-09-24T22:45:00Z,3.619837900424547,1580,59,0.41019450662443946,0.582047676429545,0.20946177496366108,Normal,0.0989436275503221,0.5982994685469938,0.2161137001870438,0.7961967637822268,0.6305378255204164,0.4217054205197388,0.2639605221541941,0.15116762142734513,0.5788931849431213,0.3313375003613857,0.18078870085517296,0.12371674280657703,0.5811970944476149,0.1966033851719409,0.03771508302974084,2026-09-24T19:19:40Z
824707,677587,Brayan Rocchio,CLE,BOS,0,8,projected,Ranger Suarez,Fenway Park,2026-09-24T22:45:00Z,3.776402321083172,1491,3072,0.34780146883856783,0.5470389558490594,0.9044427297541723,Normal,0.06458889118784669,0.5701313492027961,0.23075437267630164,0.522207274592119,0.5855141287813576,0.3801778629476739,0.23174473577218385,0.12900663937735063,0.5525051123667005,0.29568297762819834,0.14815208716703654,0.09050937899084797,0.5545977193393307,0.17798359535691347,0.03310019709711343,2026-09-24T19:19:40Z
824707,643396,Isiah Kiner-Falefa,BOS,CLE,1,9,confirmed,Daniel Espino,Fenway Park,2026-09-24T22:45:00Z,3.4228056426332287,2020,59,0.3974401796357392,0.5855409513043625,-1.5641527598974923,Normal,0.05623817770959474,0.5753752693010702,0.23320368754468607,0.5475155370326449,0.5965130500327082,0.38784548599761365,0.2361098974174826,0.13093883883989876,0.5576400546306663,0.27669496054363923,0.13203557150386339,0.0775944544676124,0.55974386180356,0.1776744660303038,0.031065373538606705,2026-09-24T19:19:40Z
824707,595978,Austin Hedges,CLE,BOS,0,9,projected,Ranger Suarez,Fenway Park,2026-09-24T22:45:00Z,3.6207601144258277,1117,3072,0.3555823777869279,0.5427033979899,0.335212579355649,Normal,0.0713651387668516,0.5178081122564874,0.28529181207779497,0.5885264413292863,0.5601151462778295,0.3566070429405606,0.21323246382350525,0.11605591083502265,0.5035017647774457,0.24759016627558078,0.12522514058057585,0.08517404799479106,0.5051983068019956,0.14195626869966563,0.022539288535794105,2026-09-24T19:19:40Z
824866,573262,Mike Yastrzemski,ATL,CIN,1,1,projected,Brady Singer,Truist Park,2026-09-24T23:15:00Z,4.438522674146797,2363,3508,0.6605201752625794,0.672270739455846,-0.45346366802313254,Normal,0.15656394192058765,0.6524073344935185,0.4448562345908852,0.6520035159634908,0.7075934908030267,0.5079862849968004,0.3418493548285625,0.2128036602082288,0.6287368149305007,0.4127218414923055,0.2653035573917576,0.19688478137727977,0.631557315389644,0.24891849036423122,0.06074441292901359,2026-09-24T19:19:40Z
824866,680574,Matt McLain,CIN,ATL,0,1,projected,Tyler Mahle,Truist Park,2026-09-24T23:15:00Z,4.624561403508772,1465,1599,0.5822772167911477,0.6320213394062865,-1.3038191581028808,Normal,0.11799937296986511,0.643097470475291,0.3409119535232825,0.8062488456274081,0.6876941978251525,0.48673191970559265,0.32345552584723686,0.19885772950605804,0.620073165813998,0.37568756577990714,0.22295836536493108,0.15468712712471375,0.6228174008852237,0.24226558656382466,0.059140230954994426,2026-09-24T19:19:40Z
824866,660670,Ronald Acuña Jr.,ATL,CIN,1,2,projected,Brady Singer,Truist Park,2026-09-24T23:15:00Z,4.329665291150848,2357,3508,0.5974077689681664,0.6731219730955811,1.3246440249042228,Normal,0.13679895051835497,0.6822087017955322,0.39359354163076865,0.6097971167705251,0.7206298039148321,0.5223617535987966,0.3545613925664415,0.22261138697493757,0.6562383518467806,0.40319896398186394,0.24539438663716223,0.17366578038127475,0.6593358745217504,0.27617296126376983,0.07176342759182776,2026-09-24T19:19:40Z
824866,663647,Ke'Bryan Hayes,CIN,ATL,0,2,projected,Tyler Mahle,Truist Park,2026-09-24T23:15:00Z,4.529659037832788,2289,1599,0.4594838888878328,0.6300688668448112,-1.9419097405996788,Normal,0.08135834102562378,0.6525043087012998,0.26509581675712574,0.6559144695898791,0.6520557619360335,0.44806697412119806,0.2891890791506471,0.17208510582766012,0.6287992977389348,0.3595041089698159,0.1985004888031939,0.12298904992630624,0.6316250163703785,0.24996274445589972,0.061831413058768006,2026-09-24T19:19:40Z
824866,645277,Ozzie Albies,ATL,CIN,1,3,projected,Brady Singer,Truist Park,2026-09-24T23:15:00Z,4.229695136141494,2700,3508,0.5343677730250418,0.667775610211753,-1.4578531867944589,Normal,0.1351660050424935,0.6650867191998667,0.34198827279198757,0.49661874698801683,0.6934218134879244,0.49038217327542144,0.32466564890864286,0.19825003644773698,0.6405229250991582,0.3972486405659694,0.2416887316806627,0.1717882433487079,0.643448841550723,0.25811875169644105,0.06296863155587197,2026-09-24T19:19:40Z
824866,682829,Elly De La Cruz,CIN,ATL,0,3,projected,Tyler Mahle,Truist Park,2026-09-24T23:15:00Z,4.420604914933837,2440,1599,0.598112627984778,0.6233848839721562,0.6215872930517986,Normal,0.13996424890830034,0.6966219327349046,0.34719782930040644,0.7798650389946109,0.7224966524703683,0.5254356084851431,0.35814321931382825,0.2260862534618126,0.6694522903595661,0.43641184904905655,0.2811572123191899,0.1970428236369428,0.6726973686957973,0.29226493484194027,0.0802536875632181,2026-09-24T19:19:40Z
824866,663586,Austin Riley,ATL,CIN,1,4,projected,Brady Singer,Truist Park,2026-09-24T23:15:00Z,4.1418269230769225,2938,3508,0.45158477998587143,0.6631434472829543,-0.2556919675896679,Normal,0.11777953200346852,0.6383512585063558,0.28702369703775904,0.7512625770896519,0.6799183388670674,0.475125210715869,0.3108010909398759,0.1872188216442163,0.615864918762984,0.37218077542004224,0.21847843996337174,0.15179089002277846,0.6185399377508906,0.2331065663918989,0.05244465720354648,2026-09-24T19:19:40Z
824866,668709,JJ Bleday,CIN,ATL,0,4,projected,Tyler Mahle,Truist Park,2026-09-24T23:15:00Z,4.336043360433604,2056,1599,0.4494170262205317,0.6149062151223509,0.2987543312123073,Normal,0.13133581218294121,0.5670228511783879,0.4047123890795152,0.7036188922794013,0.6360645738794225,0.43067899282930405,0.2737473365180989,0.1599970819574835,0.5494586923300764,0.33892631182153105,0.20674305136281548,0.15591717752852052,0.551545164331961,0.17825948255653037,0.03437988462781809,2026-09-24T19:19:40Z
824866,621566,Matt Olson,ATL,CIN,1,5,projected,Brady Singer,Truist Park,2026-09-24T23:15:00Z,4.022535211267606,3511,3508,0.5645512578249077,0.6557368271471664,1.1034321609252085,Normal,0.22049580560402662,0.6513713673315168,0.3690120889505509,0.6389314671136621,0.7149037671668188,0.5138794157220699,0.3452479836618529,0.21395681002961456,0.6279171250954046,0.4287114904487577,0.29658559735898044,0.24461742240890283,0.630707841223238,0.24400410579712747,0.05622959612498488,2026-09-24T19:19:40Z
824866,553993,Eugenio Suárez,CIN,ATL,0,5,projected,Tyler Mahle,Truist Park,2026-09-24T23:15:00Z,4.210253280439426,3106,1599,0.49312175307631245,0.6061599715891071,-0.22985735666131252,Normal,0.17619903122309163,0.6109779531181789,0.38556292915326146,0.8076664074956517,0.681556715165851,0.47772036619573993,0.31370975461988837,0.18993820243658344,0.590447025290766,0.37462383226156243,0.24550269746644068,0.19702491869509176,0.5928882726826367,0.21123317060278884,0.04509094177659963,2026-09-24T19:19:40Z
824866,669221,Sean Murphy,ATL,CIN,1,6,projected,Brady Singer,Truist Park,2026-09-24T23:15:00Z,3.899217221135029,1761,3508,0.3866856848046745,0.6438454634408716,-0.5984863091431203,Normal,0.10585670732089651,0.5616430563637891,0.3428678924846972,0.6949966387747498,0.6250210673276673,0.41753110290117185,0.2613463806962176,0.14980832666104943,0.5445971028112715,0.31599839504128685,0.17842575260936636,0.1280779386411724,0.5466199594479585,0.1712949992429906,0.030644612197934767,2026-09-24T19:19:40Z
824866,663886,Tyler Stephenson,CIN,ATL,0,6,projected,Tyler Mahle,Truist Park,2026-09-24T23:15:00Z,4.083890374331551,2017,1599,0.42934700616752636,0.5931139311374022,-0.10940180634065395,Normal,0.10965157563213213,0.6321201202705549,0.32342722263263074,0.7516890403441052,0.664345271321884,0.459072374314551,0.29726812275943504,0.17718621922713199,0.6100572723097722,0.3620157058438352,0.20662898388098705,0.14150394376526085,0.6126820756279286,0.22865008964685604,0.05127757118648522,2026-09-24T19:19:40Z
824866,673490,Ha-Seong Kim,ATL,CIN,1,7,projected,Brady Singer,Truist Park,2026-09-24T23:15:00Z,3.748838871025366,2008,3508,0.3552281160624467,0.6298899025319784,-2.1566603487152864,Cold,0.06769890444445302,0.562226379856686,0.3116145307529687,0.540318308990541,0.5991939566146389,0.392218304768283,0.2407158008122447,0.1349231777913737,0.5451799542749526,0.2820308154677004,0.14234913207134878,0.08948851233710453,0.5472026636613329,0.17113025798066642,0.030374613789839734,2026-09-24T19:19:40Z
824866,667472,Dane Myers,CIN,ATL,0,7,projected,Tyler Mahle,Truist Park,2026-09-24T23:15:00Z,3.9299386059949444,845,1599,0.3932251568392204,0.5796332395692773,-0.572283376312493,Normal,0.08285653188763636,0.6160743790907455,0.2920546924508241,0.6672104333154509,0.6375389795907518,0.4310250472258189,0.2732257246198775,0.1590198081605402,0.5952166805002642,0.32640040845020335,0.17299438296240538,0.1106697699997454,0.5976964041449842,0.21449707397718626,0.04573067119156645,2026-09-24T19:19:40Z
824866,671739,Michael Harris II,ATL,CIN,1,8,projected,Brady Singer,Truist Park,2026-09-24T23:15:00Z,3.619837900424547,2699,3508,0.4759656871403158,0.606387475421056,0.4552242934486812,Normal,0.13805916596983725,0.6640601187252803,0.22363777767924684,0.5171229555721997,0.6920400596768228,0.4859886640881839,0.3186244035083947,0.1919722880689032,0.6397432857141017,0.39294889454767573,0.24110970577831478,0.17265624931137594,0.6426352901746882,0.2524783026438483,0.05772422434993028,2026-09-24T19:19:40Z
824866,624431,Jose Trevino,CIN,ATL,0,8,projected,Tyler Mahle,Truist Park,2026-09-24T23:15:00Z,3.776402321083172,1209,1599,0.3650973661231038,0.5627929016070815,-1.8153096825467696,Normal,0.08588767618649608,0.5902142870454988,0.18852403925548203,0.5191627780251455,0.6214995130551808,0.41444110214938656,0.25914509442590616,0.14847383623317534,0.5712351758072961,0.308903964884174,0.1640820073778738,0.10885335878213212,0.5734894577626154,0.19294594166102855,0.03787142411069417,2026-09-24T19:19:40Z
824866,643289,Mauricio Dubón,ATL,CIN,1,9,projected,Brady Singer,Truist Park,2026-09-24T23:15:00Z,3.4228056426332287,2191,3508,0.409876523782703,0.6091896456662189,0.8140343456172215,Normal,0.058780210949262036,0.5984419214878479,0.19600720716684344,0.3566653466895129,0.6219908530051531,0.41213768705141374,0.2554161802523331,0.14451609646073035,0.5791283628185004,0.30803686221257254,0.1497244039667718,0.08651315446727466,0.5814203685986572,0.19488072805665207,0.03626916487363713,2026-09-24T19:19:40Z
824866,665828,Oswaldo Cabrera,CIN,ATL,0,9,projected,Tyler Mahle,Truist Park,2026-09-24T23:15:00Z,3.6207601144258277,967,1599,0.4234585389342493,0.5582943423213839,-1.8381569156861188,Normal,0.07009644476976452,0.5734316498265954,0.2470374429433158,0.6002052527337625,0.6165068687566951,0.40895148265157943,0.25430040775497115,0.14473193576349572,0.5556426002179168,0.29091936575681354,0.14670237200888026,0.09244630600657758,0.5577543093218984,0.17948837544221324,0.03320144794515319,2026-09-24T19:19:40Z
824950,671732,Lawrence Butler,ATH,HOU,1,1,projected,Peter Lambert,Sutter Health Park,2026-09-25T01:40:00Z,4.438522674146797,1733,1296,0.6648168069469086,0.6781510573920387,0.6742730497372897,Normal,0.1498790757181911,0.6479478334739445,0.4659251074784315,0.7147457357933211,0.7077004375187478,0.5081086870144658,0.34196165165897063,0.2128937506360439,0.624616910963337,0.3917356098353143,0.24626607875810125,0.18268768053070988,0.6273964109643473,0.24485149102575443,0.05906270186176511,2026-09-24T19:19:40Z
824950,665161,Jeremy Peña,HOU,ATH,0,1,projected,Mason Barnett,Sutter Health Park,2026-09-25T01:40:00Z,4.624561403508772,2846,309,0.6990604363095999,0.6037738133718679,-1.3564380649351386,Normal,0.15757688259509245,0.7260275359926076,0.31720472448257125,0.7229327540019488,0.7430783137484077,0.5511751351342037,0.38353187754645884,0.2478516558557812,0.6964109026575329,0.45303895774156966,0.288910762916294,0.2066747904126813,0.6999583583991679,0.3258074851387314,0.0985669442106066,2026-09-24T19:19:40Z
824950,666126,Carlos Cortes,ATH,HOU,1,2,projected,Peter Lambert,Sutter Health Park,2026-09-25T01:40:00Z,4.329665291150848,469,1296,0.5160205026111921,0.6788082246157815,-0.5444916444673922,Normal,0.1256232179809946,0.6657159180537736,0.38288628549941034,0.5510207148554936,0.6856566186022499,0.48268938546157797,0.3184626931398014,0.193890600748582,0.6410534436793107,0.39705512934301485,0.23999164209918636,0.16659702846724497,0.6439926679076496,0.2601788306747162,0.06475692721371072,2026-09-24T19:19:40Z
824950,514888,Jose Altuve,HOU,ATH,0,2,projected,Mason Barnett,Sutter Health Park,2026-09-25T01:40:00Z,4.529659037832788,2905,309,0.6323829395412065,0.5998577572244009,0.817647465406322,Normal,0.158687390799332,0.718247696933218,0.3525518551820557,0.6220176074389747,0.7374007218689946,0.5436836776229329,0.37583480441549216,0.24101741201830457,0.6892900618005211,0.44668821499412575,0.2823519205736983,0.20318060725334075,0.6927549399028096,0.3161393495157125,0.09273983541710847,2026-09-24T19:19:40Z
824950,703607,Henry Bolte,ATH,HOU,1,3,projected,Peter Lambert,Sutter Health Park,2026-09-25T01:40:00Z,4.229695136141494,455,1296,0.5096221497041129,0.6743385181923143,0.923978052931563,Normal,0.11528281105455225,0.6863472965328415,0.38253904615362033,0.7549882283168229,0.6988656644651203,0.4964670394979936,0.3301294114552952,0.20254080926151471,0.6600857441390363,0.3978954189667667,0.23204670964101834,0.15533329143272714,0.6632168798382797,0.27875901752104887,0.07190682375491811,2026-09-24T19:19:40Z
824950,670623,Isaac Paredes,HOU,ATH,0,3,projected,Mason Barnett,Sutter Health Park,2026-09-25T01:40:00Z,4.420604914933837,2672,309,0.5629913207745463,0.5888384938796348,0.6823881899108959,Normal,0.19095984153005474,0.6602098826618584,0.5104933406803118,0.522356141443723,0.7087533969166605,0.5094627418364086,0.3433186941992073,0.21407292284526322,0.6359325547064858,0.4119555187088739,0.27425801579518927,0.21737025302039037,0.6388266590476711,0.2563897047769177,0.06404529295347286,2026-09-24T19:19:40Z
824950,680869,Zack Gelof,ATH,HOU,1,4,projected,Peter Lambert,Sutter Health Park,2026-09-25T01:40:00Z,4.1418269230769225,1367,1296,0.49847982669383994,0.6712284407646163,1.5615517456104742,Normal,0.15091381771553075,0.6429718782119778,0.29460021877042375,0.7559735054834928,0.6938230613364682,0.4903981674743439,0.3243274374288068,0.19770815157746033,0.6201364951773284,0.3873734113895211,0.2434355530363199,0.18159793494824406,0.6228534704317235,0.23717691585840364,0.05401394542924841,2026-09-24T19:19:40Z
824950,670541,Yordan Alvarez,HOU,ATH,0,4,projected,Mason Barnett,Sutter Health Park,2026-09-25T01:40:00Z,4.336043360433604,2563,309,0.6252858698330378,0.5759658285626106,1.5692592642161813,Normal,0.2438950674525402,0.718653647313012,0.4751246862674193,0.5018600055781542,0.766310953644031,0.5785927340315468,0.4089404610511179,0.26819994133789177,0.6896871701691552,0.4807853658530232,0.3410282204987139,0.27707640818429213,0.6931499172817128,0.31446650055898134,0.09027194675289917,2026-09-24T19:19:40Z
824950,669127,Shea Langeliers,ATH,HOU,1,5,projected,Peter Lambert,Sutter Health Park,2026-09-25T01:40:00Z,4.022535211267606,2150,1296,0.4756301109754922,0.6647417761626491,-0.28565875993775297,Normal,0.1856346446607965,0.6495668742237408,0.2688664964466091,0.6998777938274569,0.7094716823221595,0.5076249054901971,0.33952630612638796,0.20940245212438868,0.6262515523017613,0.4102948345968829,0.27221602085678454,0.21411261947189508,0.6290255613961648,0.24237454513089418,0.05558838678995965,2026-09-24T19:19:40Z
824950,572233,Christian Walker,HOU,ATH,0,5,projected,Mason Barnett,Sutter Health Park,2026-09-25T01:40:00Z,4.210253280439426,3137,309,0.5133331615846913,0.5648154300156145,-1.5430568628820631,Normal,0.19024236923039378,0.6303253958042543,0.3517278104018557,0.672685382985235,0.7065204373135539,0.5055364713016579,0.33866054675994833,0.20953166602688214,0.608388247782878,0.39360694385116385,0.26356637414956047,0.2127325012503925,0.6109983652330737,0.22743953974819678,0.05108493814987449,2026-09-24T19:19:40Z
824950,643446,Jeff McNeil,ATH,HOU,1,6,projected,Peter Lambert,Sutter Health Park,2026-09-25T01:40:00Z,3.899217221135029,2676,1296,0.4245982344956769,0.6537683719254089,0.06006888576934438,Normal,0.0882235522702906,0.6360754187463112,0.3423609314220035,0.39196301646082965,0.6621788255998315,0.45530810990374654,0.292943721722398,0.1731106371351165,0.6138116943153518,0.35216900133174395,0.19186087245285233,0.12237698517873667,0.6164586055389891,0.22965644596193927,0.05017787936286845,2026-09-24T19:19:40Z
824950,662139,Daulton Varsho,HOU,ATH,0,6,projected,Mason Barnett,Sutter Health Park,2026-09-25T01:40:00Z,4.083890374331551,2483,309,0.48115532483293266,0.5512803789016333,-1.9939387448483834,Normal,0.1441995673204398,0.621048373476031,0.31860470379860534,0.5812539423031842,0.683320045131827,0.47945422289471906,0.315063943708591,0.19083726287716246,0.5998000189055017,0.37540502041647017,0.23848325725462352,0.17677088619421205,0.6023269927793836,0.2192330363799925,0.0477522878212887,2026-09-24T19:19:40Z
824950,641680,Jonah Heim,ATH,HOU,1,7,projected,Peter Lambert,Sutter Health Park,2026-09-25T01:40:00Z,3.748838871025366,2253,1296,0.36628382499249196,0.6399312985313564,-0.6683633830844014,Normal,0.10752794291316639,0.5770027625833859,0.2553786450107998,0.5394657698817187,0.6220954820888939,0.41423184964191034,0.2583964748832535,0.14750920163991435,0.5589806753851864,0.31481883067247757,0.1775038526192843,0.12764682176654407,0.5611197868468996,0.18177422822898784,0.03358691469766191,2026-09-24T19:19:40Z
824950,673237,Yainer Diaz,HOU,ATH,0,7,projected,Mason Barnett,Sutter Health Park,2026-09-25T01:40:00Z,3.9299386059949444,1915,309,0.4668829566035653,0.5397308500900279,1.7712025717955968,Normal,0.15698312562509698,0.6872382506570198,0.2273387072779385,0.5180868045127239,0.705896154507388,0.5041917423071246,0.3369370568779267,0.20776772594468523,0.6609096781982714,0.4152458779101625,0.26072021340363905,0.19146831652499574,0.6640482977080796,0.2792499498180318,0.07181245992060362,2026-09-24T19:19:40Z
824950,675961,Alika Williams,ATH,HOU,1,8,projected,Peter Lambert,Sutter Health Park,2026-09-25T01:40:00Z,3.619837900424547,439,1296,0.39688941842222625,0.6152251016506015,1.820945250308553,Normal,0.07369904328232531,0.6000477215995494,0.2197766803317572,0.6045380572115264,0.6174572599087883,0.40888854005785524,0.253548172373183,0.14369200634138676,0.5805188086397584,0.3331179562931702,0.17552111070855592,0.10820550645938715,0.5828373661007794,0.1979621048505683,0.038154488210537775,2026-09-24T19:19:40Z
824950,543877,Christian Vázquez,HOU,ATH,0,8,projected,Mason Barnett,Sutter Health Park,2026-09-25T01:40:00Z,3.776402321083172,1572,309,0.3748838366023618,0.5278990696182745,-2.183988344052548,Cold,0.09390812870326769,0.5838194735440988,0.2662898525097578,0.5700038152199269,0.6079593716854703,0.4013188458986775,0.2485200740815358,0.14084396092990667,0.5652770982275269,0.3068799525325559,0.1658370368167062,0.11425501364681713,0.5674791631779474,0.18809199456456946,0.036292064086840735,2026-09-24T19:19:40Z
824950,661531,Brian Serven,ATH,HOU,1,9,projected,Peter Lambert,Sutter Health Park,2026-09-25T01:40:00Z,3.4228056426332287,381,1296,0.3815851997220612,0.6175307113646837,-1.489725003912809,Normal,0.10158224378022518,0.5356184216273724,0.22587473193757837,0.6375357721200183,0.5882206256924746,0.3801500498902066,0.23010832684261406,0.1267863712874347,0.5204249057898881,0.28180145772247367,0.1602921735229516,0.11759382991428695,0.5222261050078137,0.15049701729937326,0.0235875676685262,2026-09-24T19:19:40Z
824950,669397,Nick Allen,HOU,ATH,0,9,projected,Mason Barnett,Sutter Health Park,2026-09-25T01:40:00Z,3.6207601144258277,1337,309,0.3936352948041514,0.5230734157646969,1.4535214037450115,Normal,0.0687820102966852,0.5729696393577031,0.26118055030759396,0.5684117768051485,0.5907976290066119,0.38451878192214517,0.2348141479935658,0.13093191996332848,0.5552112568615162,0.27985509936534786,0.13990964292451402,0.08853391262442682,0.5573193046658647,0.17915214025586662,0.033097966630200086,2026-09-24T19:19:40Z
