game_pk,player_id,name,team,opponent,is_home,lineup_slot,lineup_status,opposing_pitcher,venue_name,start_time_utc,expected_pa,batter_pa_seen,pitcher_pa_seen,exp_runs,starter_share,form_z,form_state,prob_hr,prob_hit,prob_walk,prob_k,prob_hrr_over_0.5,prob_hrr_over_1.5,prob_hrr_over_2.5,prob_hrr_over_3.5,prob_tb_over_0.5,prob_tb_over_1.5,prob_tb_over_2.5,prob_tb_over_3.5,prob_hits_over_0.5,prob_hits_over_1.5,prob_hits_over_2.5,predicted_at_utc
823092,668227,Randy Arozarena,SEA,TEX,1,1,confirmed,Cal Quantrill,T-Mobile Park,2026-09-09T01:40:00Z,4.42185815908601,3245,2776,0.6485892381468825,0.6621913383660937,-0.22620481785665889,Normal,0.12704525629037555,0.6803364340694988,0.40939384605165474,0.5727112319616976,0.7190469826302045,0.5217612499910396,0.35561915633339974,0.22431116928299955,0.6546092714365903,0.41481603262846295,0.24973976226611275,0.17210184979585594,0.6576103186551555,0.2754725856490762,0.07224104967278962,2026-09-08T21:56:29Z
823092,607043,Brandon Nimmo,TEX,SEA,0,1,projected,Bryce Miller,T-Mobile Park,2026-09-09T01:40:00Z,4.607438016528926,3254,2030,0.5803514075402906,0.6370005874752434,-0.13446805040049842,Normal,0.13219399613035657,0.6773168890581721,0.36053778341956516,0.6420058657212482,0.7034862471871679,0.504953222016676,0.34100823600851193,0.21320140807906793,0.6517844986057697,0.409557980777993,0.25365535603464107,0.1775366088663435,0.654764781220735,0.2744431146328192,0.07314797985426895,2026-09-08T21:56:29Z
823092,686527,Dominic Canzone,SEA,TEX,1,2,confirmed,Cal Quantrill,T-Mobile Park,2026-09-09T01:40:00Z,4.319187089061566,1091,2776,0.5287206405302742,0.6597780440147679,-0.5545382475929663,Normal,0.14223890208811701,0.6573404906316263,0.3707923632161637,0.5990348618854269,0.7004410062785771,0.49962376876368936,0.3346704815460153,0.20698435248802327,0.6334480822899962,0.3985096834915365,0.24502697806583898,0.17766056864896707,0.6362308419678125,0.25221355222649455,0.061341853304439524,2026-09-08T21:56:29Z
823092,608369,Corey Seager,TEX,SEA,0,2,projected,Bryce Miller,T-Mobile Park,2026-09-09T01:40:00Z,4.5213555243633445,2534,2030,0.6036859491847604,0.6318466977976047,0.43589882921102974,Normal,0.20758836884237578,0.6781621130262657,0.36706297594819304,0.6208671547142827,0.7335742956830867,0.5395595939312119,0.3728804570152892,0.23892201813867678,0.6525878320736215,0.43413826009781015,0.29424648897879635,0.23556602979467656,0.655571955810033,0.27427631692119675,0.07238987167851035,2026-09-08T21:56:29Z
823092,677594,Julio Rodríguez,SEA,TEX,1,3,confirmed,Cal Quantrill,T-Mobile Park,2026-09-09T01:40:00Z,4.227088402270884,3176,2776,0.48860854999638287,0.6481412197783218,-2.059311184378046,Cold,0.12388159550400056,0.69038359660378,0.2507747904177584,0.5862308582085676,0.7123608700359929,0.5125809806432808,0.34598438031350054,0.21562368105687948,0.6639069795919493,0.4055561514287001,0.24051368863733283,0.16399877819002343,0.6669941101651823,0.2831214023421542,0.0740295109475553,2026-09-08T21:56:29Z
823092,694671,Wyatt Langford,TEX,SEA,0,3,projected,Bryce Miller,T-Mobile Park,2026-09-09T01:40:00Z,4.40828402366864,1526,2030,0.4690232018538827,0.6234750880301283,0.007568684402050772,Normal,0.10286374805119093,0.6082428884727447,0.37571426415184866,0.7042595827369323,0.6638156877235052,0.4605641224516908,0.3007229340858625,0.18098160432486796,0.5879089696120281,0.3459359268766037,0.198800849558178,0.1355190590679878,0.5902740027055284,0.21100316833956648,0.04608209336135641,2026-09-08T21:56:29Z
823092,663728,Cal Raleigh,SEA,TEX,1,4,confirmed,Cal Quantrill,T-Mobile Park,2026-09-09T01:40:00Z,4.140632603406326,2771,2776,0.5263080907704937,0.6319028847031569,2.055955194223911,Hot,0.22115625721844678,0.5861439067135938,0.47594119428402976,0.7106372632137596,0.6948518431621916,0.49212994482684674,0.3269546448845426,0.2001429448564661,0.5674880232022679,0.37431848515946786,0.26772710399820643,0.2327906079323444,0.5696544975119832,0.19052306037061728,0.0373291453189409,2026-09-08T21:56:29Z
823092,592626,Joc Pederson,TEX,SEA,0,4,projected,Bryce Miller,T-Mobile Park,2026-09-09T01:40:00Z,4.334481062469258,2030,2030,0.5139253143029322,0.605849193603389,-1.2998942079659657,Normal,0.20341169839045253,0.6218652832085342,0.4047594911653561,0.681913685436697,0.6941098588822261,0.49277568760760443,0.32869587760353336,0.20241744959273847,0.6006078606982388,0.38801251914595536,0.27131975046040463,0.22383485155270577,0.6030807676186981,0.22126870423605854,0.04936895078494943,2026-09-08T21:56:29Z
823092,641487,J.P. Crawford,SEA,TEX,1,5,confirmed,Cal Quantrill,T-Mobile Park,2026-09-09T01:40:00Z,4.019025655808591,2757,2776,0.43161926348028234,0.6154607031123749,1.8301664487231373,Normal,0.0854655877571555,0.6008379651618274,0.48220066380353044,0.5416420589661552,0.6396852020042141,0.43299655078583876,0.27538219152879073,0.16051969258088927,0.5812087377686347,0.3201924530358123,0.17042369679843988,0.11132106427467964,0.5834884668875787,0.2010402585463277,0.04033612119850507,2026-09-08T21:56:29Z
823092,553869,Elias Díaz,TEX,SEA,0,5,projected,Bryce Miller,T-Mobile Park,2026-09-09T01:40:00Z,4.1984646005118,1749,2030,0.32308111918039545,0.5916050224314154,-0.3209090148734851,Normal,0.08622678045251118,0.5957282434640335,0.20694650112678645,0.7328315631981492,0.6206799454334757,0.41534642060297916,0.2617024049544108,0.1511573644605363,0.5763606225020644,0.32343558363385233,0.17351110540357323,0.11382653090226497,0.5786111634067078,0.1990996366902155,0.04087297457886027,2026-09-08T21:56:29Z
823092,647304,Josh Naylor,SEA,TEX,1,6,confirmed,Cal Quantrill,T-Mobile Park,2026-09-09T01:40:00Z,3.8949264485139596,2803,2776,0.41184375245052046,0.604763044402534,-0.17081041513722214,Normal,0.10316848909287414,0.6473062165905892,0.29534875348697054,0.4137432884328968,0.6692018229710306,0.463359848258992,0.3009914694774195,0.17957860131424055,0.6242922972154425,0.3643676040156879,0.20194427824662842,0.13429096751926303,0.6269683912974536,0.23969329997227984,0.054083024051713065,2026-09-08T21:56:29Z
823092,669394,Jake Burger,TEX,SEA,0,6,projected,Bryce Miller,T-Mobile Park,2026-09-09T01:40:00Z,4.063225412339646,2223,2030,0.39365622642109016,0.5822016201386292,0.21933096377340291,Normal,0.1352627092701896,0.5908437036018895,0.23430059093198538,0.7646532254632438,0.6541251013710748,0.4491525131593452,0.2899628124865145,0.17208333721792632,0.5718034525995129,0.34133191960008447,0.20771569076667482,0.15718651144131246,0.5740154307812683,0.19527397850909797,0.03944382431991578,2026-09-08T21:56:29Z
823092,702284,Cole Young,SEA,TEX,1,7,confirmed,Cal Quantrill,T-Mobile Park,2026-09-09T01:40:00Z,3.758148631029987,830,2776,0.4075084967792872,0.5916012060257534,-1.482769097967236,Normal,0.09218752872327753,0.5849635833301264,0.3450883847034592,0.4634446141686326,0.6233916021800938,0.41596858086071903,0.2608195787353624,0.1495231889957145,0.5664948741683566,0.30554587268947325,0.16925500933882717,0.11519989867743567,0.5686384033897472,0.18762222585743912,0.03539233915503884,2026-09-08T21:56:29Z
823092,681351,Logan O'Hoppe,TEX,SEA,0,7,projected,Bryce Miller,T-Mobile Park,2026-09-09T01:40:00Z,3.926675514266755,1460,2030,0.3247383611717517,0.5685319684218368,-0.12648142261548462,Normal,0.09161068380848587,0.559005921530709,0.19551910831713631,0.7590079995693487,0.6060722501307356,0.4005433157885879,0.2492480057121324,0.14184940445818764,0.5421370827253866,0.28268419764524033,0.15429447683267353,0.10865876690205217,0.5440949199726343,0.17081149972394702,0.031236999957891295,2026-09-08T21:56:29Z
823092,703155,Lazaro Montes,SEA,TEX,1,8,confirmed,Cal Quantrill,T-Mobile Park,2026-09-09T01:40:00Z,3.60296191819464,15,2776,0.4359045334005451,0.5840212034482557,,Unknown,0.11004464291514127,0.58725755088756,0.3261343767747964,0.5560731099203979,0.6355355955915352,0.4270669887617001,0.2693271281704271,0.15530237252452123,0.5687147697602931,0.3239862037092631,0.18685824645685364,0.13322359988888918,0.5708664326537163,0.1879783432875901,0.03490175926063559,2026-09-08T21:56:29Z
823092,677649,Ezequiel Duran,TEX,SEA,0,8,projected,Bryce Miller,T-Mobile Park,2026-09-09T01:40:00Z,3.768965517241379,1687,2030,0.3677852165362906,0.560308659111482,2.32503016952649,Hot,0.07505723781042338,0.5875990863397675,0.21392080089822138,0.6924833095136232,0.60806175246547,0.4019306195725792,0.2500522955781895,0.1422191257166635,0.568887718406065,0.31263128967970694,0.16388802739688102,0.10335976573594058,0.571060484065782,0.19097892001211225,0.037269429278133356,2026-09-08T21:56:29Z
823092,801126,Brock Rodden,SEA,TEX,1,9,confirmed,Cal Quantrill,T-Mobile Park,2026-09-09T01:40:00Z,3.413678373382625,58,2776,0.4509218303070532,0.5891830582000097,0.09751909703075408,Normal,0.08458517762657806,0.5609478578223046,0.3512430262169164,0.5802996172806757,0.6180087768130557,0.40873267485268877,0.25367441108441185,0.14352271737157282,0.5442428488827737,0.2960922430419862,0.16031473623857492,0.10733617055798277,0.5461796619586891,0.16736955997484756,0.02806677724480427,2026-09-08T21:56:29Z
823092,670032,Nicky Lopez,TEX,SEA,0,9,projected,Bryce Miller,T-Mobile Park,2026-09-09T01:40:00Z,3.614904408895825,1445,2030,0.3838151713227459,0.5585430777427868,-1.8081597249835446,Normal,0.05632561605428517,0.5610198369614051,0.2490556172743472,0.4728360637744224,0.5766374547353311,0.3718989346287523,0.22592528825714336,0.12495470918788819,0.5441284836052331,0.264628414046087,0.13206670087352926,0.07896315084974977,0.5460882976340475,0.17050660782299334,0.030433217417791206,2026-09-08T21:56:29Z
823174,813841,Jonah Cox,SF,STL,1,1,confirmed,Quinn Mathews,Oracle Park,2026-09-09T01:45:00Z,4.42185815908601,96,112,0.613866418119195,0.6699926486776858,0.2712902774891321,Normal,0.12529991982433522,0.6853998166760651,0.3462721744492907,0.8240830360032098,0.7161628627836505,0.518395896975107,0.3524870024297377,0.22176104387285667,0.6592694004878009,0.40974025594919,0.25036285281407483,0.1717666915707939,0.6623183055560926,0.28051621432063567,0.07453975623323854,2026-09-08T21:56:29Z
823174,691026,Masyn Winn,STL,SF,0,1,projected,Landen Roupp,Oracle Park,2026-09-09T01:45:00Z,4.607438016528926,1801,1307,0.5527159753018058,0.6446188067752917,-1.1362557970564013,Normal,0.06500660999805753,0.6565271251149593,0.3226582161462438,0.7078334814127313,0.6730094102739063,0.4712277084965075,0.3106970078986794,0.1891841327409477,0.6326015177519535,0.36490086817003087,0.19274328840583868,0.11141379318187185,0.6353912153253454,0.25451928141618935,0.06429515257016838,2026-09-08T21:56:29Z
823174,646240,Rafael Devers,SF,STL,1,2,confirmed,Quinn Mathews,Oracle Park,2026-09-09T01:45:00Z,4.319187089061566,3220,112,0.5617148577922526,0.668030609268398,1.7277705928756761,Normal,0.16485695725932475,0.6611242925232406,0.3886234055385628,0.6837778124608921,0.708944242713053,0.5092976184426756,0.3434919413311283,0.21403316778543682,0.6369400121068176,0.4187737248248315,0.2669881032509549,0.20104309071338053,0.6397572254480657,0.25573783127824257,0.06281636660606954,2026-09-08T21:56:29Z
823174,671056,Iván Herrera,STL,SF,0,2,projected,Landen Roupp,Oracle Park,2026-09-09T01:45:00Z,4.5213555243633445,1423,1307,0.527046901659501,0.6398369206321354,0.719396810128077,Normal,0.08452561974942954,0.6635140606515538,0.4196440272712514,0.6620114723718747,0.6836382877262047,0.4822112544099837,0.32000544880865656,0.19614825029056618,0.6390821060112365,0.36640989181659867,0.19817444592767364,0.12283247652267835,0.6419307916993101,0.2601238179261078,0.06610020892778669,2026-09-08T21:56:29Z
823174,805811,Bryce Eldridge,SF,STL,1,3,confirmed,Quinn Mathews,Oracle Park,2026-09-09T01:45:00Z,4.227088402270884,449,112,0.4533440721261378,0.6584839213712743,0.8864971101368933,Normal,0.10057796403589937,0.6348094169074562,0.42808017530547343,0.7261274219310533,0.6686462806315219,0.4641500351928722,0.3027162643353435,0.1816825334333425,0.6126554118020818,0.3639511346042832,0.2043332950092277,0.13571661370371052,0.6152325191578863,0.2309661848980911,0.05219681368593175,2026-09-08T21:56:29Z
823174,676475,Alec Burleson,STL,SF,0,3,projected,Landen Roupp,Oracle Park,2026-09-09T01:45:00Z,4.40828402366864,2151,1307,0.4618839567927513,0.6335258447053983,-0.9878452320722919,Normal,0.10458624797406062,0.663468419625694,0.36254432041694246,0.5425843023439885,0.68451388619313,0.4828773105681533,0.3203509159838358,0.1962220034731875,0.639050429233603,0.38091295420043497,0.21667904017651207,0.14300851218242622,0.6418968087906666,0.2595575414253901,0.06545667170815057,2026-09-08T21:56:29Z
823174,678545,Osleivis Basabe,SF,STL,1,4,confirmed,Quinn Mathews,Oracle Park,2026-09-09T01:45:00Z,4.140632603406326,212,112,0.4479579802039929,0.6435843681727267,-0.774257485785113,Normal,0.10510901850249814,0.6353056109401729,0.3260541327094944,0.5953192177161964,0.669633351282402,0.4646400465951675,0.3027228971759331,0.18137407141252776,0.6131495756935574,0.3579718430935442,0.20348539652449812,0.13734571706912044,0.6157261729758173,0.2304854587063543,0.0514511287674307,2026-09-08T21:56:29Z
823174,691023,Jordan Walker,STL,SF,0,4,projected,Landen Roupp,Oracle Park,2026-09-09T01:45:00Z,4.334481062469258,1645,1307,0.4335329759955784,0.6171971183536596,-1.561024195567585,Normal,0.0992225014164128,0.664013064935655,0.2723376693555878,0.7615918303728276,0.6840835696836443,0.48169054798928873,0.31878512970269324,0.1946245861631402,0.6395950213699267,0.3819127646244878,0.21582058915080657,0.13997222959371514,0.6424403917684699,0.2588942262464496,0.06447366979566696,2026-09-08T21:56:29Z
823174,806367,Turner Hill,SF,STL,1,5,confirmed,Quinn Mathews,Oracle Park,2026-09-09T01:45:00Z,4.019025655808591,70,112,0.43970100802333734,0.6284948222633221,0.032282450076943844,Normal,0.07805490091309873,0.6234657246908585,0.392316745085552,0.5080656789331394,0.6587396759737821,0.45257538557144805,0.2919066412952134,0.1728400526291302,0.6022180322467685,0.3444449507588165,0.1834060311934856,0.11351662249521312,0.6046872582620144,0.21944359843857872,0.04676411198464533,2026-09-08T21:56:29Z
823174,669357,Nolan Gorman,STL,SF,0,5,projected,Landen Roupp,Oracle Park,2026-09-09T01:45:00Z,4.1984646005118,1851,1307,0.43415087534191604,0.6043438954050752,-2.0364975885665744,Cold,0.11200795691898924,0.5609938876704311,0.40930521890510607,0.816893341776167,0.6476807144898957,0.44246649267848387,0.284313316948147,0.16788700345667662,0.5439449646760101,0.30913626288529117,0.17783393919246512,0.13112537985142061,0.5459242887420618,0.17314917093203647,0.03239494033876111,2026-09-08T21:56:29Z
823174,668800,Andrew Knizner,SF,STL,1,6,confirmed,Quinn Mathews,Oracle Park,2026-09-09T01:45:00Z,3.8949264485139596,756,112,0.40046998593450767,0.618100388852853,-0.2065638375653461,Normal,0.08465494021118042,0.5962944029197568,0.32867179496194016,0.5407143764364902,0.6263235399795806,0.41941477217825057,0.26398402753414785,0.15204880861078368,0.576998643300446,0.31498569163309853,0.16784569776826647,0.10981561381954605,0.5792391362898945,0.19712234961267083,0.03882460281458711,2026-09-08T21:56:29Z
823174,701675,Nathan Church,STL,SF,0,6,projected,Landen Roupp,Oracle Park,2026-09-09T01:45:00Z,4.063225412339646,475,1307,0.4105246088510051,0.595314379993175,0.8369850227385771,Normal,0.07822466716804667,0.5959572198898545,0.31094995674222564,0.5273184296334724,0.6316372159692815,0.4262240673916354,0.27064757921924554,0.15766964819655357,0.5765649563339877,0.310866169978681,0.16539299584293934,0.10559032059621629,0.5788181480645215,0.19925492956558843,0.040799664846093084,2026-09-08T21:56:29Z
823174,694376,Shay Whitcomb,SF,STL,1,7,confirmed,Quinn Mathews,Oracle Park,2026-09-09T01:45:00Z,3.758148631029987,149,112,0.3746793386006315,0.604147980705713,-1.0028164179231933,Normal,0.09451075461541855,0.5826447822018148,0.29033808689684615,0.6304445034737363,0.6168226242311694,0.4095538176703699,0.25560553222284343,0.14576390326776764,0.5643329749930361,0.31697937911272744,0.1749552122910754,0.11926571855668104,0.5664581873516995,0.18588588121711458,0.03484598491882369,2026-09-08T21:56:29Z
823174,602104,Ramón Urías,STL,SF,0,7,projected,Landen Roupp,Oracle Park,2026-09-09T01:45:00Z,3.926675514266755,1629,1307,0.3721166502995052,0.5808937420953293,-0.8042984965759452,Normal,0.07989695808041276,0.5916256890749922,0.28034243171774753,0.646083139944996,0.6193881819366576,0.4134373680163071,0.25970509259581426,0.14939400670686784,0.5725909797950894,0.3150995367294347,0.16785815221824485,0.10779437006088508,0.574801914570216,0.19488424885111774,0.03890444551867447,2026-09-08T21:56:29Z
823174,687529,Grant McCray,SF,STL,1,8,confirmed,Quinn Mathews,Oracle Park,2026-09-09T01:45:00Z,3.60296191819464,227,112,0.36331730823958863,0.5949132219390132,-0.3923704977826472,Normal,0.08012657449465523,0.5383506249689503,0.2672267137486432,0.8161579649159013,0.5918978078161711,0.3849919029752924,0.2354961547177679,0.13116614457240325,0.5229723743945739,0.28102633873781563,0.15540321044611077,0.10328485946667625,0.5247552785828328,0.15361138969047847,0.024953145815219367,2026-09-08T21:56:29Z
823174,686780,Pedro Pagés,STL,SF,0,8,projected,Landen Roupp,Oracle Park,2026-09-09T01:45:00Z,3.768965517241379,805,1307,0.33118078190132966,0.5710379107275373,-0.3532421926666351,Normal,0.06999648532710208,0.5713067101718832,0.2120186100962944,0.7274171465931976,0.5966387458170148,0.3910695705724642,0.24136611667056396,0.13603229469789943,0.5536856745492158,0.28701737834285607,0.14649049018539959,0.09254869341141253,0.5557310500428566,0.17886507511675384,0.03341159876720186,2026-09-08T21:56:29Z
823174,683766,Christian Koss,SF,STL,1,9,confirmed,Quinn Mathews,Oracle Park,2026-09-09T01:45:00Z,3.413678373382625,352,112,0.4285576975731445,0.6008958647863876,0.35990224170826113,Normal,0.07214960496497604,0.5696039584400066,0.26165984883107624,0.5502861156736636,0.611765421801747,0.40272191911509153,0.2488611538131648,0.14010760336178504,0.5523361134252444,0.2907398413942677,0.1471810213401279,0.09374019318031188,0.5543384607521611,0.17344686425727912,0.02978367150305551,2026-09-08T21:56:29Z
823174,687363,Victor Scott II,STL,SF,0,9,projected,Landen Roupp,Oracle Park,2026-09-09T01:45:00Z,3.614904408895825,804,1307,0.42369765267077214,0.5698817810440245,0.63806316845082,Normal,0.056486701240688254,0.5080600317380393,0.36838800481140954,0.588288075210422,0.5714752851161291,0.367210648387653,0.22230088940058598,0.12245163994984891,0.49438977602782513,0.24463174976539417,0.11682589720271941,0.07314233566047992,0.49597441970032075,0.13587981159642817,0.020944904281964785,2026-09-08T21:56:29Z
823250,665487,Fernando Tatis Jr.,SD,WSH,1,1,confirmed,Riley Cornelio,Petco Park,2026-09-09T01:40:00Z,4.42185815908601,2389,107,0.6527683560202192,0.6761283338770783,0.6791633874474925,Normal,0.1435860763020634,0.6937613782411793,0.40934165307151554,0.582918607662714,0.7327671976350234,0.5380311576379331,0.37094085204155014,0.23691034069356692,0.6669587554815075,0.4226140103978324,0.26118876814208647,0.18540533921796026,0.6700875447298714,0.28899887114743655,0.07848544130989085,2026-09-08T21:56:29Z
823250,682928,CJ Abrams,WSH,SD,0,1,projected,Casey Mize,Petco Park,2026-09-09T01:40:00Z,4.607438016528926,2745,1588,0.5927185005470003,0.6243150458176248,-2.690224032483042,Cold,0.12409771027754367,0.6769307939823305,0.30691719227491576,0.7169746266753092,0.7096020921845971,0.5119487808148259,0.34744717054853974,0.21840762106743183,0.6514286818172674,0.4138774185735995,0.25573379648923933,0.1754205629774607,0.6544053659598867,0.27406286017381243,0.07297389762274706,2026-09-08T21:56:29Z
823250,630105,Jake Cronenworth,SD,WSH,1,2,confirmed,Riley Cornelio,Petco Park,2026-09-09T01:40:00Z,4.319187089061566,2732,107,0.547486814671758,0.6743909103167336,-1.8301989040562499,Normal,0.09061093710864397,0.6058414286791017,0.5270015693250366,0.5857984537503651,0.6577781400143506,0.4532861661108099,0.2937826271589689,0.17520400895431404,0.5857418568151748,0.3374323163121255,0.18919520899506204,0.12421982217560268,0.58807847126281,0.2076612995405951,0.044131357544955854,2026-09-08T21:56:29Z
823250,695578,James Wood,WSH,SD,0,2,projected,Casey Mize,Petco Park,2026-09-09T01:40:00Z,4.5213555243633445,1583,1588,0.5934988437688034,0.6183149998225359,0.5151663828569257,Normal,0.1610446436206458,0.6677570164485147,0.457392956390301,0.7670033042579502,0.7166444653099365,0.5195088871858423,0.3539838245490446,0.22335271087570216,0.6429966996501745,0.41941601946451906,0.2683626848229925,0.19979213259204426,0.6458842803886432,0.2641658853607249,0.0678685552604052,2026-09-08T21:56:29Z
823250,592518,Manny Machado,SD,WSH,1,3,confirmed,Riley Cornelio,Petco Park,2026-09-09T01:40:00Z,4.227088402270884,3164,107,0.5424480983672114,0.6664383965995629,2.140272402399107,Hot,0.1411181821767348,0.6596557632171868,0.4273334002732403,0.6078127786754717,0.7109820933764218,0.510992506105046,0.34452548022095336,0.21445258626037883,0.635617139715883,0.38991395808746515,0.2357234952715891,0.17125448885154482,0.6384161115238098,0.2533130991243742,0.06110315570373236,2026-09-08T21:56:29Z
823250,691781,Brady House,WSH,SD,0,3,projected,Casey Mize,Petco Park,2026-09-09T01:40:00Z,4.40828402366864,582,1588,0.44068769196651547,0.6064919563533916,0.8597908328302458,Normal,0.09374023712458313,0.6676940450679613,0.22806427299958493,0.7495750078955441,0.6760074944161403,0.4736087196242119,0.312135486396009,0.1898016870147931,0.6429483134835683,0.3822049372632263,0.21287241968616574,0.13539654861056924,0.645833485142161,0.2635783835894082,0.06720379289350549,2026-09-08T21:56:29Z
823250,664034,Ty France,SD,WSH,1,4,confirmed,Riley Cornelio,Petco Park,2026-09-09T01:40:00Z,4.140632603406326,2736,107,0.4562659193370022,0.6526935281195475,0.3001064658711696,Normal,0.09970280611771284,0.6573246047402703,0.43994774665202635,0.5876160834985735,0.6741481362346541,0.46947005992782487,0.30692381219106396,0.18459113368189137,0.633496844218021,0.3730450532303356,0.2072448627547415,0.13515971010539257,0.6362700341445201,0.25018962456210714,0.05918484421670968,2026-09-08T21:56:29Z
823250,660688,Keibert Ruiz,WSH,SD,0,4,projected,Casey Mize,Petco Park,2026-09-09T01:40:00Z,4.334481062469258,2068,1588,0.3946654209680074,0.5871297258996284,1.4636609500217521,Normal,0.08973528647682312,0.6758241651093411,0.2247998581533488,0.4385987715786172,0.6690216862342814,0.4654080861840521,0.3044593832395003,0.18351253904512532,0.6504812574694696,0.38779142984611153,0.21208490491975013,0.1320504135316585,0.6534360458157131,0.270229402213284,0.0693977699936146,2026-09-08T21:56:29Z
823250,701538,Jackson Merrill,SD,WSH,1,5,confirmed,Riley Cornelio,Petco Park,2026-09-09T01:40:00Z,4.019025655808591,1667,107,0.4966038332830908,0.6388417460860437,0.22425377727315943,Normal,0.1283252668041963,0.634125208586526,0.36140355763200854,0.5761400879947156,0.6813589788034713,0.47667848930481777,0.31277833502645164,0.1887443566257405,0.6120910160878341,0.3731519493389561,0.22946017431968305,0.16333891160423364,0.6146524680483761,0.22851417510664312,0.050094198149321055,2026-09-08T21:56:29Z
823250,686611,Dylan Crews,WSH,SD,0,5,projected,Casey Mize,Petco Park,2026-09-09T01:40:00Z,4.1984646005118,833,1588,0.434263595840394,0.5710796492040657,-0.07109857668604502,Normal,0.0938968825485166,0.6173328927551004,0.2659383356768489,0.6942214690185667,0.6512947884529361,0.44619010415251137,0.2874740451435565,0.17026187658518463,0.5964428821511855,0.3433266970399313,0.19286806316978772,0.12722516015723073,0.598871922446684,0.21652136361791832,0.04705772350650991,2026-09-08T21:56:29Z
823250,669134,Luis Campusano,SD,WSH,1,6,confirmed,Riley Cornelio,Petco Park,2026-09-09T01:40:00Z,3.8949264485139596,746,107,0.4686655093041109,0.6289137117100735,-0.3699061606254624,Normal,0.09937759852727439,0.6269326307620713,0.4148055286699927,0.5373619597621755,0.6593703161498979,0.4529951748003072,0.29209031669553215,0.17284686765570126,0.6054462506787242,0.345694319967296,0.1908159329760804,0.12774305213715695,0.6079431399136259,0.2219772448019101,0.04744698415240688,2026-09-08T21:56:29Z
823250,695734,Daylen Lile,WSH,SD,0,6,projected,Casey Mize,Petco Park,2026-09-09T01:40:00Z,4.063225412339646,946,1588,0.4599328242551054,0.5616050164316972,0.17520530007232826,Normal,0.11080536397250527,0.6518833660922323,0.24401767241699762,0.5815251165967058,0.6696831287867963,0.46553796217032095,0.30408722437489405,0.18283281317025846,0.6284174473867405,0.3859918018896949,0.23833590014177242,0.1599890143704226,0.6311490505907693,0.24659427488817634,0.058521681739105574,2026-09-08T21:56:29Z
823250,687957,Dustin Harris,SD,WSH,1,7,confirmed,Riley Cornelio,Petco Park,2026-09-09T01:40:00Z,3.758148631029987,129,107,0.44084648202326276,0.614505155632649,1.0082481232163527,Normal,0.09238978054748263,0.5926131080666486,0.41179145767014375,0.5091545047509289,0.635068884347783,0.42754440768250057,0.2703282693494267,0.15644130864008485,0.5736215174583748,0.32344831451415457,0.1791411180712651,0.11991847578171909,0.5758261084514233,0.19342942115445583,0.03724749564326663,2026-09-08T21:56:29Z
823250,677588,José Tena,WSH,SD,0,7,projected,Casey Mize,Petco Park,2026-09-09T01:40:00Z,3.926675514266755,647,1588,0.400177129858949,0.5494643557615536,-1.3286003918852771,Normal,0.07756234038317306,0.6115828834811444,0.28638405036551856,0.7058777931155437,0.626653157853157,0.420589831049633,0.26557409280647504,0.1536716165595154,0.5911528346818603,0.3366995362329136,0.18120335140089316,0.11294116815740808,0.593527156263289,0.21070492034554245,0.04435227171212067,2026-09-08T21:56:29Z
823250,593428,Xander Bogaerts,SD,WSH,1,8,confirmed,Riley Cornelio,Petco Park,2026-09-09T01:40:00Z,3.60296191819464,2853,107,0.44462863727361374,0.6039665212888935,-0.23818593876634403,Normal,0.07495963237519997,0.5936287568078191,0.4031858784459098,0.4981319914190658,0.6341692456176813,0.425703391158103,0.26820443008722905,0.154485066520682,0.5746490726035954,0.30570886226443716,0.15482030680910455,0.09790995968672803,0.5768517240775235,0.19280842735636966,0.036418460419491275,2026-09-08T21:56:29Z
823250,696285,Jacob Young,WSH,SD,0,8,projected,Casey Mize,Petco Park,2026-09-09T01:40:00Z,3.768965517241379,1437,1588,0.4007489233038986,0.5437496593498818,0.7944367452758565,Normal,0.06091880151860971,0.602025171649314,0.26362672958287814,0.5145603059284577,0.6149203151034643,0.40854703106941354,0.25539817906316087,0.14606085787966092,0.5823184285049118,0.3116819395849349,0.15655699186398137,0.09158163657020171,0.5846076217061953,0.20216494157418813,0.04099939055452929,2026-09-08T21:56:29Z
823250,666023,Freddy Fermin,SD,WSH,1,9,confirmed,Riley Cornelio,Petco Park,2026-09-09T01:40:00Z,3.413678373382625,1200,107,0.39447292038579784,0.6104150584332518,-0.30767038283559345,Normal,0.06952544571916083,0.5659030431119069,0.28276298924458476,0.5148318513356746,0.6057125857080764,0.396952456059658,0.24427279189737283,0.13687125719325674,0.5488771429090349,0.281301616933602,0.13954624467454016,0.0887200996450043,0.5508513159799687,0.17083051343983388,0.029038965947522883,2026-09-08T21:56:29Z
823250,683083,Nasim Nuñez,WSH,SD,0,9,projected,Casey Mize,Petco Park,2026-09-09T01:40:00Z,3.614904408895825,634,1588,0.39020327515656256,0.5404891146485324,-2.003197650148716,Cold,0.059204030948047964,0.5446730862483328,0.27160286066149153,0.5415161715938872,0.585644279534653,0.3801678173288061,0.23236678098151886,0.12943348117748196,0.5288164411180075,0.25261014581866326,0.12479527511099545,0.07748475456111278,0.5306556336546139,0.15926446132624092,0.027185178244860043,2026-09-08T21:56:29Z
823414,656941,Kyle Schwarber,PHI,HOU,1,1,confirmed,Hayden Wesneski,Citizens Bank Park,2026-09-08T22:40:00Z,4.42185815908601,3423,1083,0.7660169127073885,0.6710171979951346,0.1925042088440949,Normal,0.33396441933398935,0.6115277976571355,0.5129315283509279,0.769232885136468,0.7413333001538266,0.5484151607482506,0.38087782106052864,0.2451925550798098,0.5909771476928524,0.4378346795661494,0.3613170354863183,0.3372653331935979,0.5933674387599553,0.21334945177610376,0.04676442053438879,2026-09-08T21:56:29Z
823414,665161,Jeremy Peña,HOU,PHI,0,1,confirmed,Andrew Painter,Citizens Bank Park,2026-09-08T22:40:00Z,4.607438016528926,2791,456,0.6346149848003878,0.6294321591400257,-2.2888695608261074,Cold,0.12377300930625147,0.6906234065461379,0.30418084406100704,0.7149023899917679,0.720182516204929,0.524241994712482,0.35889195613708413,0.22775154288753321,0.6640377272239498,0.4098903981126337,0.24582859949411706,0.16771736194739484,0.6671433638080108,0.2877935546047183,0.07938733700206305,2026-09-08T21:56:29Z
823414,607208,Trea Turner,PHI,HOU,1,2,confirmed,Hayden Wesneski,Citizens Bank Park,2026-09-08T22:40:00Z,4.319187089061566,3196,1083,0.5534029894315564,0.6691021320538265,-0.6917761139299828,Normal,0.11936774772325504,0.660774891272553,0.2729882153800434,0.6591596723780173,0.6963485547282098,0.49502240076936016,0.33050989854955565,0.20368348413764067,0.6366176373548016,0.384930296232576,0.22904847973700315,0.15756025684227365,0.639431658927607,0.2554108800237042,0.0626788692197384,2026-09-08T21:56:29Z
823414,670541,Yordan Alvarez,HOU,PHI,0,2,confirmed,Andrew Painter,Citizens Bank Park,2026-09-08T22:40:00Z,4.5213555243633445,2513,456,0.6803250018515653,0.6237902463441972,-0.6290895687278144,Normal,0.2401504119728803,0.7356709566377194,0.43687512071372997,0.5512730926055408,0.7715967102142701,0.587159306603386,0.41962170661859893,0.2787976839252644,0.7053927545803315,0.49498828079447327,0.34957764412510073,0.2795909925048643,0.708939139375005,0.33564062390706834,0.10290915355672972,2026-09-08T21:56:29Z
823414,547180,Bryce Harper,PHI,HOU,1,3,confirmed,Hayden Wesneski,Citizens Bank Park,2026-09-08T22:40:00Z,4.227088402270884,2797,1083,0.6173651338840197,0.6598260984343173,0.9823824807257514,Normal,0.19051869653298606,0.6561854481085246,0.5291171786870345,0.5981271144234492,0.7243809975975282,0.5266102059796686,0.35899050844237174,0.2261464257455303,0.632414790869146,0.42081213491304886,0.2787341936739893,0.21999691146051686,0.6351821743594903,0.2501007180036183,0.05978186311141742,2026-09-08T21:56:29Z
823414,670623,Isaac Paredes,HOU,PHI,0,3,confirmed,Andrew Painter,Citizens Bank Park,2026-09-08T22:40:00Z,4.40828402366864,2613,456,0.4773387722683918,0.6133525214417649,0.5808470342978015,Normal,0.13350033627753202,0.6270244899652619,0.4777568251352577,0.5241191003863345,0.6825400880986355,0.48071413129673857,0.31842554471135975,0.1947120038487834,0.6053439823912529,0.366315749676224,0.2207555372577791,0.1615453807518691,0.6078673403949489,0.22671402280318975,0.05200542681136846,2026-09-08T21:56:29Z
823414,650333,Luis Arraez,PHI,HOU,1,4,confirmed,Hayden Wesneski,Citizens Bank Park,2026-09-08T22:40:00Z,4.140632603406326,3158,1083,0.4317533248248026,0.6451144449276999,0.15954933385353706,Normal,0.0896150802087801,0.7247695845366132,0.23589127966784484,0.3114363560731182,0.7011547445858257,0.49920164780009485,0.33331665017343676,0.20515566184415734,0.6954420386305076,0.4190304073878469,0.23469578510650338,0.1422983687453951,0.6988664445974779,0.3184980543995761,0.09006979204135256,2026-09-08T21:56:29Z
823414,514888,Jose Altuve,HOU,PHI,0,4,confirmed,Andrew Painter,Citizens Bank Park,2026-09-08T22:40:00Z,4.334481062469258,2846,456,0.48175834414420826,0.5946218060038031,-0.09539903608640223,Normal,0.12069413400939463,0.669820565092234,0.3316213739731692,0.6124935747513001,0.7064640953273522,0.5067184527920021,0.34134681339160955,0.21248998295156968,0.6449498505563587,0.3906774250579204,0.22912976506964824,0.15728857312969124,0.647848748509962,0.264422376882237,0.06685330577325353,2026-09-08T21:56:29Z
823414,664761,Alec Bohm,PHI,HOU,1,5,confirmed,Hayden Wesneski,Citizens Bank Park,2026-09-08T22:40:00Z,4.019025655808591,2910,1083,0.41601900351950466,0.6302210553298354,-0.3548416387951287,Normal,0.10118026551076881,0.6334304794223281,0.2760551532619653,0.5357954098016214,0.6673077455460352,0.46159182200102633,0.2996450493458111,0.1786922728257687,0.6114480145940674,0.3528907742198559,0.19765538970501478,0.13215132296271997,0.6140033978280739,0.2279149467123746,0.04987088855079589,2026-09-08T21:56:29Z
823414,662139,Daulton Varsho,HOU,PHI,0,5,confirmed,Andrew Painter,Citizens Bank Park,2026-09-08T22:40:00Z,4.1984646005118,2442,456,0.4927183962267923,0.5792309659987921,-0.9649548652669869,Normal,0.14520182272482116,0.6387991137187857,0.3052476337419815,0.6135531921476026,0.6957482801300754,0.49396286125953265,0.32927102291304833,0.20249393802956156,0.6163362026523335,0.39023584810457274,0.24838326465136326,0.18211000958944096,0.6189500751102841,0.23486953579368058,0.05400255922960589,2026-09-08T21:56:29Z
823414,681082,Bryson Stott,PHI,HOU,1,6,confirmed,Hayden Wesneski,Citizens Bank Park,2026-09-08T22:40:00Z,3.8949264485139596,2774,1083,0.4547690986869013,0.6198893700152698,-1.289215436762208,Normal,0.10508073886749815,0.6126774030574786,0.3573580130918304,0.4830861740251836,0.6502064234827115,0.44349325209269747,0.2840247845464805,0.1668071421552285,0.5922262453110578,0.33850007148846334,0.1944790029825185,0.13367008981906017,0.5946018874091343,0.21015400251955488,0.04324582144241525,2026-09-08T21:56:29Z
823414,673237,Yainer Diaz,HOU,PHI,0,6,confirmed,Andrew Painter,Citizens Bank Park,2026-09-08T22:40:00Z,4.063225412339646,1862,456,0.43178629019406023,0.5697196841452493,0.25004831207796235,Normal,0.12748027436512052,0.6617557725166902,0.2131127962049487,0.5560351563350806,0.6859534107379212,0.4831608663694196,0.3195848120693385,0.19482943467575245,0.6375289372102766,0.3848919754673308,0.22877506202452927,0.16078723208957663,0.6403502486370614,0.2557211352380304,0.062281397858717495,2026-09-08T21:56:29Z
823414,669016,Brandon Marsh,PHI,HOU,1,7,confirmed,Hayden Wesneski,Citizens Bank Park,2026-09-08T22:40:00Z,3.758148631029987,2356,1083,0.42540479785502905,0.6058485761260058,-0.669083763989554,Normal,0.12135892644453618,0.6104401969885491,0.2739483801298007,0.6484433939483624,0.6450951018678959,0.43766555578463306,0.27874825921204216,0.16263423066315127,0.5901985929338825,0.3460387121266656,0.20851144877767588,0.14945254014147727,0.5925492919226055,0.20744539287877278,0.041902245640326526,2026-09-08T21:56:29Z
823414,572233,Christian Walker,HOU,PHI,0,7,confirmed,Andrew Painter,Citizens Bank Park,2026-09-08T22:40:00Z,3.926675514266755,3087,456,0.43315396818058155,0.5569419866107621,-1.150351207554341,Normal,0.1404075549852421,0.5858622032916525,0.31899102262746093,0.666788085533963,0.65406306272754,0.4483634154751823,0.2888345061529263,0.1709272033276159,0.567220543053023,0.3432957199146831,0.21103170039447028,0.16179940690214345,0.5693855032568271,0.19047306669265057,0.03744334354548641,2026-09-08T21:56:29Z
823414,592663,J.T. Realmuto,PHI,HOU,1,8,confirmed,Hayden Wesneski,Citizens Bank Park,2026-09-08T22:40:00Z,3.60296191819464,2471,1083,0.4078040553767651,0.5963941698959846,-1.2128350326822464,Normal,0.10026144692955634,0.5554752170566325,0.2751688277766848,0.6414999826449295,0.6135628289031709,0.4055091022354131,0.2517853934315434,0.14265968318497238,0.5390268242169706,0.30100960521993286,0.170579994642931,0.12113989458506426,0.5409343279530192,0.1651155213917727,0.02811894265730826,2026-09-08T21:56:29Z
823414,666211,Taylor Trammell,HOU,PHI,0,8,confirmed,Andrew Painter,Citizens Bank Park,2026-09-08T22:40:00Z,3.768965517241379,562,456,0.4511468574944389,0.5502617009450612,-1.0900259940754196,Normal,0.12124696716192984,0.5720080401808315,0.35627427574299697,0.7129885098864825,0.6286842157863511,0.42204805283423014,0.2664356901126311,0.15407418739148834,0.5543408079872532,0.33069155437011527,0.19688790295696995,0.14511221988562123,0.556391578156151,0.17937545836400995,0.03357033452643356,2026-09-08T21:56:29Z
823414,702222,Justin Crawford,PHI,HOU,1,9,confirmed,Hayden Wesneski,Citizens Bank Park,2026-09-08T22:40:00Z,3.413678373382625,414,1083,0.406778228332092,0.6024660341951195,-0.14786580786198034,Normal,0.07497534374156531,0.5714752738363412,0.2454956294485594,0.4492679347719573,0.6022656063351416,0.3936918780165771,0.2416933566864034,0.13506015036747604,0.5540843498092485,0.2945487495840443,0.15576439808386913,0.09958799361490792,0.5561010314742518,0.17478010520834492,0.03016639434434632,2026-09-08T21:56:29Z
823414,701358,Cam Smith,HOU,PHI,0,9,confirmed,Andrew Painter,Citizens Bank Park,2026-09-08T22:40:00Z,3.614904408895825,994,456,0.42563690767383705,0.5476638571819025,-1.4629059339274897,Normal,0.09233807631357246,0.5395334008251342,0.276911545579937,0.6894288587867035,0.6043776076865786,0.3977403674353981,0.24626540670932132,0.13922725842184872,0.5239945852797087,0.28829109751614945,0.16482300462660834,0.11456514205179051,0.5257967478357441,0.15583432863262564,0.026226164523191823,2026-09-08T21:56:29Z
823500,700250,Ben Rice,NYY,COL,1,1,confirmed,Gabriel Hughes,Yankee Stadium,2026-09-08T23:05:00Z,4.42185815908601,1299,231,0.7120944908727191,0.6626033176407304,1.392522674956559,Normal,0.21241381117057015,0.678147297144709,0.4530148653306235,0.5949875107188568,0.7433719504312921,0.5509129483240215,0.38328680663392595,0.2472135797280501,0.6525935726748223,0.4430463691198897,0.307866505590334,0.24587589914780458,0.6555740543415791,0.2733133740395262,0.07126769497724579,2026-09-08T21:56:29Z
823500,664983,Jake McCarthy,COL,NYY,0,1,confirmed,Cam Schlittler,Yankee Stadium,2026-09-08T23:05:00Z,4.607438016528926,1898,981,0.6011180900076479,0.653711070661453,1.1448448547732615,Normal,0.11209759664459264,0.676919360312367,0.31055472764976394,0.6696132729886838,0.6972759998199334,0.49792997283000423,0.33459691827917265,0.20805381798845815,0.6514181447813472,0.3978260322425511,0.2457102047567414,0.1647085676134842,0.6543947221616677,0.2740516054962616,0.07296874823221196,2026-09-08T21:56:29Z
823500,641355,Cody Bellinger,NYY,COL,1,2,confirmed,Gabriel Hughes,Yankee Stadium,2026-09-08T23:05:00Z,4.319187089061566,2825,231,0.6259133494350108,0.660217182745644,0.7387879270663262,Normal,0.13410698679305286,0.6955552749136916,0.34865475818048636,0.478661788152344,0.728208157211552,0.5318035433899911,0.36441280061258297,0.2310229476604357,0.668635923270308,0.42297273128672497,0.26073105600737845,0.18099581022002886,0.6717770156980644,0.2895279707853279,0.07781236646430792,2026-09-08T21:56:29Z
823500,694249,Cole Carrigg,COL,NYY,0,2,confirmed,Cam Schlittler,Yankee Stadium,2026-09-08T23:05:00Z,4.5213555243633445,293,981,0.5551051716636479,0.6490923384167018,-0.6793280052501769,Normal,0.11764599416169971,0.6464474798232441,0.3700659458553167,0.7804486964759767,0.6857877868295074,0.48457244748250444,0.32211262278774044,0.19780579971850681,0.6233149922396826,0.3890723906490166,0.23536857093032612,0.16173744395690992,0.6260100296224966,0.2443231670072889,0.059401135507068555,2026-09-08T21:56:29Z
823500,592450,Aaron Judge,NYY,COL,1,3,confirmed,Gabriel Hughes,Yankee Stadium,2026-09-08T23:05:00Z,4.227088402270884,2798,231,0.7155151528058146,0.6486913876885758,-0.5816117597607863,Normal,0.2958118022181548,0.6864766743442068,0.5232120087868128,0.6691021727231353,0.7748672108350342,0.5894283101653803,0.42004163434444935,0.27754107597490885,0.6603164046133533,0.4724356046794167,0.3574769358039397,0.31270700119433603,0.663366074481528,0.27919105619820755,0.07225571408588091,2026-09-08T21:56:29Z
823500,681198,TJ Rumfield,COL,NYY,0,3,confirmed,Cam Schlittler,Yankee Stadium,2026-09-08T23:05:00Z,4.40828402366864,565,981,0.4979672679208569,0.6451046108992571,2.179368438619077,Hot,0.11367026792003908,0.6603394408735246,0.4616454083075947,0.6125809085339506,0.6842513580371189,0.48258915273746944,0.32009415463581464,0.19602044623892712,0.6361627796964471,0.3850045866530293,0.22688695667482467,0.1537854056271557,0.6389806125699009,0.2566095948287987,0.06418974715680908,2026-09-08T21:56:29Z
823500,671277,Luis García Jr.,NYY,COL,1,4,confirmed,Gabriel Hughes,Yankee Stadium,2026-09-08T23:05:00Z,4.140632603406326,2399,231,0.5032748256058356,0.632519167719185,-0.5176551904868567,Normal,0.15949530157678102,0.7098903276722746,0.24623287449901377,0.45979577308386715,0.7211802419573056,0.5222407589156255,0.3544200512462616,0.2220363954837278,0.6818226131405775,0.44173366794729424,0.28219006054825146,0.20409656940721344,0.6850971239041056,0.30231307866965595,0.0821663153993675,2026-09-08T21:56:29Z
823500,696100,Hunter Goodman,COL,NYY,0,4,confirmed,Cam Schlittler,Yankee Stadium,2026-09-08T23:05:00Z,4.334481062469258,1389,981,0.49355726876891143,0.6304702778217428,-0.9690092250539201,Normal,0.20413154539606476,0.6183314401170616,0.28187296310833443,0.8655547903359307,0.7011933921882039,0.500730859465858,0.3358884335274358,0.2081268852729528,0.5973288385817906,0.39272566269002424,0.27499225128381705,0.2262264429426283,0.5997718024739082,0.21830394230559258,0.04825886556099725,2026-09-08T21:56:29Z
823500,682987,Spencer Jones,NYY,COL,1,5,confirmed,Gabriel Hughes,Yankee Stadium,2026-09-08T23:05:00Z,4.019025655808591,223,231,0.5024468356728822,0.61614229688273,0.4827382973607383,Normal,0.14813315369878005,0.6555775931753375,0.3388217897871888,0.7339829593806608,0.696502631879642,0.49337578608135985,0.3275894261195634,0.20026121112692144,0.6319142439722447,0.3957419824968882,0.24726084866959025,0.18160922590336015,0.6346670557838502,0.24758721547399118,0.05744857141057229,2026-09-08T21:56:29Z
823500,666160,Mickey Moniak,COL,NYY,0,5,confirmed,Cam Schlittler,Yankee Stadium,2026-09-08T23:05:00Z,4.1984646005118,1703,981,0.45897302105981935,0.6195881900897752,-0.923737578992424,Normal,0.16750727221701076,0.6234648918158427,0.2438538144858071,0.8226306531882523,0.682600462245073,0.4794372337172438,0.31631355386874094,0.19233779576989185,0.6021316619192016,0.38451947874751696,0.25631118410986314,0.19777803178720982,0.6046127416881166,0.22165453002151494,0.04895591954998659,2026-09-08T21:56:29Z
823500,665862,Jazz Chisholm Jr.,NYY,COL,1,6,confirmed,Gabriel Hughes,Yankee Stadium,2026-09-08T23:05:00Z,3.8949264485139596,2292,231,0.4976774160729207,0.6054536472849233,1.6989542136201263,Normal,0.16009194809818952,0.6322787597468229,0.3406769468643385,0.6383700550915179,0.688610446595558,0.4843641379578684,0.3193669992595786,0.19369461763905008,0.6103969943204973,0.37191356832184574,0.2417526343579609,0.1858246928771315,0.6129402337235633,0.22653118142900863,0.049113594655404075,2026-09-08T21:56:29Z
823500,691720,Kyle Karros,COL,NYY,0,6,confirmed,Cam Schlittler,Yankee Stadium,2026-09-08T23:05:00Z,4.063225412339646,559,981,0.45153156696936303,0.6114561203638753,0.23669723176758847,Normal,0.09189072645382737,0.5849891384266103,0.3786856011213168,0.6975413751500087,0.6357173487375358,0.43032034868466734,0.27406045397835227,0.16019225646120083,0.5663476646883081,0.31663813816201475,0.17489785535491797,0.11800288236162701,0.568512974879214,0.19078362250481418,0.03793934846547791,2026-09-08T21:56:29Z
823500,806146,George Lombard Jr.,NYY,COL,1,7,confirmed,Gabriel Hughes,Yankee Stadium,2026-09-08T23:05:00Z,3.758148631029987,99,231,0.4319775114675286,0.5922459390680844,-1.534780706946114,Normal,0.10006411759895605,0.6237262987311625,0.30948159151985966,0.6577658258062473,0.6514565186639542,0.4441772580144681,0.2842184710517175,0.166691067695887,0.6025244727782028,0.34586252726219735,0.1959171943809519,0.13129865954341752,0.6049875432635928,0.2183449424047074,0.045696006865408874,2026-09-08T21:56:29Z
823500,691182,Adael Amador,COL,NYY,0,7,confirmed,Cam Schlittler,Yankee Stadium,2026-09-08T23:05:00Z,3.926675514266755,198,981,0.3788714647838108,0.5965027819808323,1.0497762365516243,Normal,0.09738170819957286,0.5675317755931086,0.31238181117479313,0.6711360361341033,0.6075725817812027,0.4019824431029411,0.25040733082571853,0.14268094896480832,0.5501106008071884,0.31112898148616325,0.17331712348195397,0.1207750234996416,0.5521329275887817,0.17689692797018636,0.03310452344390534,2026-09-08T21:56:29Z
823500,641857,Ryan McMahon,NYY,COL,1,8,confirmed,Gabriel Hughes,Yankee Stadium,2026-09-08T23:05:00Z,3.60296191819464,2774,231,0.4197834750288074,0.5845802767920873,-0.10310858454338429,Normal,0.11676317450262794,0.5813084835649498,0.34503299427766504,0.6302132760850648,0.6300500308427809,0.42161131563591697,0.2648459937869682,0.15204681128259434,0.5631685006910987,0.3258024784022292,0.18966421282414989,0.1384543701248899,0.5652731728415419,0.1835442923253292,0.03353516593901526,2026-09-08T21:56:29Z
823500,691728,Zac Veen,COL,NYY,0,8,confirmed,Cam Schlittler,Yankee Stadium,2026-09-08T23:05:00Z,3.768965517241379,82,981,0.4178422694775172,0.5847560844858127,-0.9157129999253996,Normal,0.11773302604613127,0.5604740796017054,0.31966021152648044,0.8571814782168656,0.6226238803605589,0.41606619806267464,0.26152385897040564,0.15049466082758903,0.5435581544882054,0.3133569062255896,0.18739016135937997,0.1387676636774389,0.5455212225687999,0.17110567878840935,0.031039513356099342,2026-09-08T21:56:29Z
823500,669224,Austin Wells,NYY,COL,1,9,confirmed,Gabriel Hughes,Yankee Stadium,2026-09-08T23:05:00Z,3.413678373382625,1278,231,0.43061355026380843,0.5897913560442081,0.2661947712974021,Normal,0.12466694288113142,0.5474618900884857,0.31536008812967714,0.5468275554779306,0.6204919776556445,0.4111404907326218,0.2556120221848666,0.1449032936384823,0.5316126019331484,0.30955310140119446,0.18430875919679462,0.14141556176476935,0.5334498275227327,0.15819019774763865,0.02555953754505933,2026-09-08T21:56:29Z
823500,678662,Ezequiel Tovar,COL,NYY,0,9,confirmed,Cam Schlittler,Yankee Stadium,2026-09-08T23:05:00Z,3.614904408895825,2193,981,0.39532725199239627,0.5839821688147935,-0.37441888438394644,Normal,0.08355893432665247,0.5418222054349732,0.20613292443394543,0.7297361512718274,0.6038897386406883,0.3972761408026131,0.24589454450675735,0.13896363954294302,0.5261422961138208,0.29552740581896464,0.15951007587402408,0.10742937596480882,0.5279608961651651,0.15735574326476867,0.026649680924652624,2026-09-08T21:56:29Z
823738,694192,Jackson Chourio,MIL,CHC,1,1,confirmed,David Peterson,American Family Field,2026-09-08T23:40:00Z,4.42185815908601,1661,2758,0.6931900864727526,0.66939378259232,-0.09215726606894023,Normal,0.1416161495609465,0.7114752719561124,0.3407764723202608,0.6260952081614697,0.7462259096812182,0.5544271150225694,0.3866884670977181,0.2500762031878081,0.6832236939151971,0.4447960795598421,0.2781992459660843,0.19407079925615398,0.6865251696252476,0.3076236840431787,0.08750260021593569,2026-09-08T21:56:29Z
823738,691718,Pete Crow-Armstrong,CHC,MIL,0,1,confirmed,Jacob Misiorowski,American Family Field,2026-09-08T23:40:00Z,4.607438016528926,1726,864,0.668254447859555,0.6418612784180578,0.9109690999901304,Normal,0.22323813500217998,0.6112208181204454,0.3871088736362751,0.8988104514999591,0.7089459930293037,0.5111944932586111,0.34675034324266385,0.21784243705425768,0.5906219881675866,0.4002734136802637,0.29176716050618945,0.2447879375243012,0.5930191594605682,0.2147580934795109,0.04824273597778666,2026-09-08T21:56:29Z
823738,668930,Brice Turang,MIL,CHC,1,2,confirmed,David Peterson,American Family Field,2026-09-08T23:40:00Z,4.319187089061566,2334,2758,0.5304069697107298,0.6674027396185452,-0.9380202455396303,Normal,0.0874119402753287,0.6376032752390252,0.368707702206141,0.7727387520198352,0.6687195094345817,0.46483760307355493,0.30376857716284983,0.18283004381884668,0.6152044049952593,0.3493398784422393,0.19303032654139946,0.12318686695235659,0.6178111517125902,0.23440318358098874,0.05414524251601214,2026-09-08T21:56:29Z
823738,673548,Seiya Suzuki,CHC,MIL,0,2,confirmed,Jacob Misiorowski,American Family Field,2026-09-08T23:40:00Z,4.5213555243633445,2829,864,0.548800598435289,0.6369640731641116,0.5614828398704865,Normal,0.13231416257923512,0.6349285048556276,0.41766656415635917,0.812298372382977,0.6910025501012329,0.49033877238272405,0.32728316408192965,0.20188962230149646,0.6126533874927093,0.3812023552707778,0.2350036895998202,0.1688255654227768,0.6152472686160503,0.23406045252358665,0.055230938238872124,2026-09-08T21:56:29Z
823738,683734,Andrew Vaughn,MIL,CHC,1,3,confirmed,David Peterson,American Family Field,2026-09-08T23:40:00Z,4.227088402270884,2547,2758,0.4699598695926554,0.6576972408921322,0.9224370912242468,Normal,0.10759887021037667,0.6882461127530257,0.4000654803779028,0.5259273446960432,0.6969217531272259,0.49502872382205004,0.33001614624098924,0.2029069209403892,0.6619428029113031,0.4077609975668577,0.23518442411651125,0.1533914149988768,0.6650094008982446,0.28096588422164803,0.07305407461646407,2026-09-08T21:56:29Z
823738,608324,Alex Bregman,CHC,MIL,0,3,confirmed,Jacob Misiorowski,American Family Field,2026-09-08T23:40:00Z,4.40828402366864,3157,864,0.5083578028802219,0.6299135058646194,1.26267053230556,Normal,0.1324599093662167,0.6220020744387731,0.3892947917377643,0.6294470171597608,0.6804160842885939,0.47839483295991503,0.31636663224723716,0.1931008831017266,0.600686004902499,0.3659101394885179,0.22094159409461167,0.16148140116677612,0.6031664802482052,0.22243477077069493,0.05035948349137539,2026-09-08T21:56:29Z
823738,661388,William Contreras,MIL,CHC,1,4,confirmed,David Peterson,American Family Field,2026-09-08T23:40:00Z,4.140632603406326,2902,2758,0.5333673030558748,0.6426889854378023,-0.28421715155675814,Normal,0.10644804896224004,0.6722382966595084,0.4221738101849608,0.5065623593674718,0.7066856030737896,0.5054766340900926,0.339006897118251,0.2096690161046803,0.6472425461502805,0.3904661346266911,0.22200385120788282,0.14594435946140494,0.6501534150478468,0.2642222519827321,0.06500796173788814,2026-09-08T21:56:29Z
823738,683737,Michael Busch,CHC,MIL,0,4,confirmed,Jacob Misiorowski,American Family Field,2026-09-08T23:40:00Z,4.334481062469258,1878,864,0.44905047684895183,0.613096859215436,-1.310141059804822,Normal,0.13421386174532407,0.5643064513460919,0.43258977725789005,0.8687082545930652,0.6510167709833332,0.44649757362569403,0.28815996777371256,0.17108944779285787,0.5469985268126134,0.32760397409240904,0.2035636776053048,0.15561112393891863,0.549008529240848,0.1763352413663698,0.03378548632887819,2026-09-08T21:56:29Z
823738,596142,Gary Sánchez,MIL,CHC,1,5,confirmed,David Peterson,American Family Field,2026-09-08T23:40:00Z,4.019025655808591,1369,2758,0.4931350090124855,0.6274867817618244,-0.9285332908790103,Normal,0.1399724560718011,0.5945629301343425,0.48511243045085933,0.633292798756301,0.6765702308288452,0.4714940462631336,0.3082387893975695,0.18525279112615917,0.5753701796809071,0.3482842652720499,0.21365040175942343,0.16243032877661365,0.5775988654460442,0.19613482263677923,0.03869660909722892,2026-09-08T21:56:29Z
823738,663538,Nico Hoerner,CHC,MIL,0,5,confirmed,Jacob Misiorowski,American Family Field,2026-09-08T23:40:00Z,4.1984646005118,3114,864,0.4216342369351571,0.5997115856917296,-0.3161477026922129,Normal,0.06817719022234077,0.6371171974367865,0.2589001859257913,0.5269645936888406,0.6538748187872357,0.4488623571578317,0.2897508252654882,0.17197805821321208,0.6147796750050596,0.33825800373874204,0.17570148453750953,0.10398281333554267,0.6173787958908855,0.2333931840624417,0.053427298979447986,2026-09-08T21:56:29Z
823738,800325,Luis Lara,MIL,CHC,1,6,confirmed,David Peterson,American Family Field,2026-09-08T23:40:00Z,3.8949264485139596,163,2758,0.4095966477746319,0.6170583252253111,-0.40712064143647486,Normal,0.07594603579844889,0.6059048148433394,0.3106797217784947,0.6817550050725634,0.6415474487167566,0.4346512331175774,0.27659971568840336,0.16129768991790758,0.5859357479449121,0.32697780534678844,0.17499360199152966,0.10886684131788756,0.5882549776038066,0.20469599371789374,0.0413674548074715,2026-09-08T21:56:29Z
823738,664023,Ian Happ,CHC,MIL,0,6,confirmed,Jacob Misiorowski,American Family Field,2026-09-08T23:40:00Z,4.063225412339646,3231,864,0.42321132814119766,0.5905109483177956,0.7601778389007549,Normal,0.10394502014406717,0.5590835372280626,0.38581148132417015,0.8294751031992657,0.6350653122124039,0.4296638732721438,0.2735124016656978,0.1597864639080041,0.5421520473410172,0.31960548591310883,0.18096881068368603,0.1287320507379089,0.5441174836507804,0.17175460794526595,0.03185577167291675,2026-09-08T21:56:29Z
823738,687401,Joey Ortiz,MIL,CHC,1,7,confirmed,David Peterson,American Family Field,2026-09-08T23:40:00Z,3.758148631029987,1413,2758,0.42477809529439425,0.6031595469543743,0.5432097734275603,Normal,0.08557139551533822,0.6097940207570758,0.32545197668987663,0.4788864995353119,0.6412562704595435,0.4337701009058104,0.275495736565792,0.16023457199935146,0.5895984947277748,0.33178023584452776,0.1831414391838092,0.11790427006736424,0.5919438043315446,0.20692531719643875,0.041725038211565604,2026-09-08T21:56:29Z
823738,807713,Matt Shaw,CHC,MIL,0,7,confirmed,Jacob Misiorowski,American Family Field,2026-09-08T23:40:00Z,3.926675514266755,609,864,0.4023162713384463,0.5763378650213651,0.36839244198608373,Normal,0.09240735968707592,0.5547932086939786,0.3183644282794231,0.6881521838596912,0.6230581246787577,0.4170399029598772,0.26265504481733043,0.15154020532451637,0.5381936936785997,0.307621453374721,0.1745149513877444,0.1191622381355349,0.540120098102676,0.1678570538528242,0.030347585277117853,2026-09-08T21:56:29Z
823738,669003,Garrett Mitchell,MIL,CHC,1,8,confirmed,David Peterson,American Family Field,2026-09-08T23:40:00Z,3.60296191819464,910,2758,0.42907912141731125,0.5940532120417628,1.1115589055372845,Normal,0.07517450153998896,0.569494716609272,0.3308805884248997,0.8081241259608585,0.6266577029568967,0.4182623714912427,0.2621093758491461,0.15006736700189713,0.5521398903633188,0.3100253274677438,0.16679526053258106,0.10548765582631087,0.5541530122561261,0.1749524509880857,0.030957176692131917,2026-09-08T21:56:29Z
823738,621438,Tyrone Taylor,CHC,MIL,0,8,confirmed,Jacob Misiorowski,American Family Field,2026-09-08T23:40:00Z,3.768965517241379,1553,864,0.401015571229158,0.5670761225309119,3.2503561425985668,Hot,0.0911448296041005,0.5602106044775251,0.24018806089134212,0.6951929980491323,0.6210712351016036,0.4145431574719852,0.2602787265652177,0.14959069609610573,0.5433116322689956,0.31985306645599937,0.17753091778584204,0.12015677377909631,0.5452727220260812,0.1709198249893183,0.030983644704889603,2026-09-08T21:56:29Z
823738,806198,Cooper Pratt,MIL,CHC,1,9,confirmed,David Peterson,American Family Field,2026-09-08T23:40:00Z,3.413678373382625,212,2758,0.4754901049323709,0.5999816211621101,0.057089321815941986,Normal,0.07884130593078251,0.58353518519206,0.34791364078803433,0.4704946848795084,0.636469510063503,0.4268727366693037,0.26840692448342224,0.15410285881215693,0.5653390549918325,0.3012947480908466,0.16033756536690155,0.10348212130023524,0.5674495470868394,0.18354098772612829,0.032735686199529906,2026-09-08T21:56:29Z
823738,665804,Miguel Amaya,CHC,MIL,0,9,confirmed,Jacob Misiorowski,American Family Field,2026-09-08T23:40:00Z,3.614904408895825,852,864,0.3989828926995939,0.5657287761321397,-1.155209487435672,Normal,0.07601712039176614,0.527043047604044,0.29986993170304727,0.7056458584525046,0.5950078521046264,0.38888685667411804,0.23922711962406448,0.13424559223309532,0.5122617252011762,0.269855012627964,0.14037020928139338,0.09445976971251115,0.5139756708836198,0.14770189665182248,0.024012363103035953,2026-09-08T21:56:29Z
823821,681715,Heriberto Hernández,MIA,NYM,1,1,confirmed,Sean Manaea,loanDepot park,2026-09-08T22:40:00Z,4.42185815908601,720,2733,0.642660742111459,0.6876912326489342,-0.24453908357656753,Normal,0.19205151114503036,0.6418970396568915,0.4336883748521743,0.7601120388166348,0.7145280451723075,0.51649653504542,0.3507247926465328,0.22033008939947984,0.6191332548127783,0.3990570537132005,0.2697402452951053,0.21646141342592565,0.621783914922979,0.23935519906769084,0.05679691265608939,2026-09-08T21:56:29Z
823821,596019,Francisco Lindor,NYM,MIA,0,1,confirmed,Sandy Alcantara,loanDepot park,2026-09-08T22:40:00Z,4.607438016528926,3195,3201,0.6699785795115221,0.7265014173402853,-1.2113548027644072,Normal,0.15207969999447923,0.6628766038339189,0.37984512133925935,0.5765293823053865,0.7272541948805398,0.5325976584936197,0.36676680575498244,0.23424799616352548,0.638465423985149,0.40324576157194136,0.2550505653303557,0.18809347456143935,0.641312641658647,0.2604867586748111,0.06688948884722094,2026-09-08T21:56:29Z
823821,672640,Otto Lopez,MIA,NYM,1,2,confirmed,Sean Manaea,loanDepot park,2026-09-08T22:40:00Z,4.319187089061566,1650,2733,0.5373751488396508,0.6859113990776048,-0.5938126203400622,Normal,0.0960588833052575,0.6904112254833503,0.2891970663078912,0.49316928146352407,0.6978140101965132,0.4966660830773285,0.3319935274741437,0.20485880656735247,0.6639093300477497,0.3988107913965026,0.22735115472874037,0.143836687966091,0.6670008582077218,0.28427581661279383,0.07537842754510493,2026-09-08T21:56:29Z
823821,665742,Juan Soto,NYM,MIA,0,2,confirmed,Sandy Alcantara,loanDepot park,2026-09-08T22:40:00Z,4.5213555243633445,3196,3201,0.657341873519444,0.7123946503948894,-0.5896351864813243,Normal,0.18526922677840582,0.6381679424193295,0.5802199011354846,0.5026008486898605,0.7260379151766417,0.5305525022874608,0.3643357553576081,0.2318428296169851,0.615653333668989,0.39216024749961836,0.26301109314568694,0.20971211474530455,0.6182754573355269,0.23691463304453694,0.05637648198756615,2026-09-08T21:56:29Z
823821,682663,Agustín Ramírez,MIA,NYM,1,3,confirmed,Sean Manaea,loanDepot park,2026-09-08T22:40:00Z,4.227088402270884,790,2733,0.4878257569019814,0.680660305403935,-0.38202905448329627,Normal,0.12056258532520761,0.6222211226489582,0.34743044466367834,0.6454352144411204,0.676576059946803,0.47265194592526205,0.31013413505792153,0.18738499305355164,0.600991471240548,0.366447099821998,0.21619867008625382,0.15292230291128536,0.6034600028858658,0.2202052741400744,0.048144116750491565,2026-09-08T21:56:29Z
823821,666182,Bo Bichette,NYM,MIA,0,3,confirmed,Sandy Alcantara,loanDepot park,2026-09-08T22:40:00Z,4.40828402366864,2873,3201,0.4386193695335831,0.7115333046671001,0.393969734747302,Normal,0.0888328931404438,0.7038784818270074,0.22589082803892946,0.6086864271327386,0.7056590612559078,0.5065439680321591,0.34173874492883444,0.21321493074278577,0.6762433554964107,0.41639629483448326,0.23446778312958294,0.1436755222203297,0.6794718444026779,0.2999626065715515,0.08402776044974287,2026-09-08T21:56:29Z
823821,691594,Javier Sanoja,MIA,NYM,1,4,confirmed,Sean Manaea,loanDepot park,2026-09-08T22:40:00Z,4.140632603406326,795,2733,0.4341789059476755,0.6691351287525319,2.149520151096842,Hot,0.10238878322374444,0.6671635434053721,0.2731356968524347,0.4046697527913338,0.6801925810307509,0.4759978088769517,0.31263938964868254,0.18899292756022623,0.642568423855192,0.40178984103418136,0.23477011875345938,0.15278467952609434,0.6454320353359517,0.2593830792751415,0.06296997433848799,2026-09-08T21:56:29Z
823821,701807,Carson Benge,NYM,MIA,0,4,confirmed,Sandy Alcantara,loanDepot park,2026-09-08T22:40:00Z,4.334481062469258,571,3201,0.4536779547413653,0.6966587181276384,-0.3809295348523409,Normal,0.10570588766287649,0.6638742993385314,0.2910897293434625,0.607077043659921,0.692049265919847,0.49048094074741355,0.3266336222658624,0.20078879621773185,0.6394670222164779,0.37454692307313303,0.2158170100077073,0.1434142286646621,0.6423111201518437,0.2587631956283934,0.06441776957986478,2026-09-08T21:56:29Z
823821,665923,Esteury Ruiz,MIA,NYM,1,5,confirmed,Sean Manaea,loanDepot park,2026-09-08T22:40:00Z,4.019025655808591,832,2733,0.42806050378909055,0.657961112476754,-1.387706449449949,Normal,0.0949250621789008,0.606469496177896,0.3793505567165253,0.7194699716693205,0.6470513942588297,0.4404899483712087,0.28166184523159554,0.1651733123140895,0.5864439822230049,0.33662613478310327,0.18803110459276698,0.1253703893619661,0.5887700766129802,0.20551481993351306,0.04185868905495757,2026-09-08T21:56:29Z
823821,676724,Jared Young,NYM,MIA,0,5,confirmed,Sandy Alcantara,loanDepot park,2026-09-08T22:40:00Z,4.1984646005118,422,3201,0.45075908928689756,0.6950859207408764,-0.04703195818797447,Normal,0.10570383535001314,0.6264026984326551,0.2982684222829648,0.5971039090784086,0.6762232553920811,0.4725152211571842,0.3102162957019338,0.18760958339196562,0.6048553944037998,0.362528223552391,0.2147719954187202,0.14488935087092394,0.6073616196223396,0.22414410623677006,0.04988902914254016,2026-09-08T21:56:29Z
823821,691277,Deyvison De Los Santos,MIA,NYM,1,6,confirmed,Sean Manaea,loanDepot park,2026-09-08T22:40:00Z,3.8949264485139596,12,2733,0.44205338839672353,0.6495549745342649,,Unknown,0.12344521115313149,0.6164561077942651,0.3263968092357104,0.607351378781806,0.6590481092205507,0.4526585131307901,0.2918030074707472,0.1726307394822242,0.5957332429801643,0.3550381482389916,0.21118276051144988,0.1516073563082083,0.5981406932255157,0.2132433981896186,0.04432609338934865,2026-09-08T21:56:29Z
823821,543760,Marcus Semien,NYM,MIA,0,6,confirmed,Sandy Alcantara,loanDepot park,2026-09-08T22:40:00Z,4.063225412339646,3212,3201,0.4102987783818413,0.704505968354509,1.5564126933965583,Normal,0.0856482963266741,0.6084364317542079,0.2629833111434857,0.5577368190290443,0.6493731500466887,0.4442347833788963,0.2857763024548954,0.16893105380424484,0.588170606623306,0.3298796611255706,0.17997499004489462,0.1164534342439154,0.5905261549043763,0.20920549824490717,0.04427940165619853,2026-09-08T21:56:29Z
823821,805300,Jakob Marsee,MIA,NYM,1,7,confirmed,Sean Manaea,loanDepot park,2026-09-08T22:40:00Z,3.758148631029987,783,2733,0.4144371081130508,0.6349134633374487,1.141059189202253,Normal,0.06878718839030254,0.5501049258216266,0.4116430809035579,0.6205092558500201,0.6064166437961934,0.39953087225053385,0.24753669875879325,0.13999447865754672,0.5339166904578764,0.29099398405109633,0.15418642784219114,0.09641290522879066,0.5357942509963389,0.16265789902177633,0.02790543036468105,2026-09-08T21:56:29Z
823821,805999,A.J. Ewing,NYM,MIA,0,7,confirmed,Sandy Alcantara,loanDepot park,2026-09-08T22:40:00Z,3.926675514266755,421,3201,0.38963245138045327,0.7040645742568008,0.8002570469307612,Normal,0.08002279527416518,0.5892732012021464,0.3085508543009186,0.6295527815993264,0.6234371085611614,0.41741315106970955,0.2629613913815664,0.1517635322123086,0.5703994606310587,0.3141108875728092,0.16670168617850098,0.10733599639115692,0.5725915644083741,0.1930753511635831,0.0383022421289946,2026-09-08T21:56:29Z
823821,691858,Jared Serna,MIA,NYM,1,8,confirmed,Sean Manaea,loanDepot park,2026-09-08T22:40:00Z,3.60296191819464,7,2733,0.4426076771729486,0.6221849955749564,,Unknown,0.11556285455898452,0.5831367557420911,0.3181895815761517,0.5497546716597367,0.6393427594716131,0.4308830834531261,0.27247857524885016,0.15760249860675915,0.5648735141235264,0.3237838898748269,0.18957196493649064,0.13768237765695954,0.5669925639655411,0.18489922296616185,0.03395014804125641,2026-09-08T21:56:29Z
823821,683146,Brett Baty,NYM,MIA,0,8,confirmed,Sandy Alcantara,loanDepot park,2026-09-08T22:40:00Z,3.768965517241379,1461,3201,0.4016101030859601,0.6972412211970347,-0.16635400056960734,Normal,0.09292311693384471,0.5634736963857323,0.27200795557326135,0.6408863486456482,0.616265812779084,0.409853584206205,0.2564587366732323,0.1468260789129273,0.5463641071280864,0.29147604459103593,0.1600180315034105,0.11188857623306707,0.5483497759022181,0.17323115208901635,0.031681595224405515,2026-09-08T21:56:29Z
823821,640459,Brian Navarreto,MIA,NYM,1,9,confirmed,Sean Manaea,loanDepot park,2026-09-08T22:40:00Z,3.413678373382625,67,2733,0.4389491556393894,0.6290819144258699,-2.0905527176426464,Cold,0.10880986490941666,0.5449967646369565,0.2709058691462053,0.671493137780342,0.616600028146062,0.40737104996082596,0.2525810961140005,0.1427451812861551,0.529301122221524,0.29744359631404677,0.1716249411619505,0.1266199902870166,0.5311204727536137,0.15654961311911267,0.0251223337336676,2026-09-08T21:56:29Z
823821,682626,Francisco Alvarez,NYM,MIA,0,9,confirmed,Sandy Alcantara,loanDepot park,2026-09-08T22:40:00Z,3.614904408895825,1428,3201,0.39061154255476893,0.6984555694736252,-2.43123977071629,Cold,0.09717226436908502,0.5527287599918101,0.2737056135869168,0.7385144933774705,0.6196829245015688,0.4124893415027555,0.2581534842543892,0.14774341476226105,0.5363667536479053,0.2934750170846609,0.16334125731770793,0.11616207657115597,0.5382648454956666,0.164740714423165,0.028747284720057588,2026-09-08T21:56:29Z
823901,660271,Shohei Ohtani,LAD,CIN,1,1,projected,Nick Lodolo,UNIQLO Field at Dodger Stadium,2026-09-09T02:10:00Z,4.42185815908601,3319,2125,0.6770882000449236,0.6668308050015009,-1.7755018344740092,Normal,0.19230790187242724,0.6968878105904759,0.4291783824588186,0.7366130310184474,0.7609557862562465,0.5728977477706728,0.4048107060568942,0.26550101131782833,0.669831871267804,0.45415391629667795,0.3131552678221926,0.23925966400945695,0.6729908025189935,0.2922206460436085,0.08001033720535183,2026-09-08T21:56:29Z
823901,670770,TJ Friedl,CIN,LAD,0,1,projected,Tarik Skubal,UNIQLO Field at Dodger Stadium,2026-09-09T02:10:00Z,4.607438016528926,2103,2809,0.4584236292387646,0.6563136182522629,-1.1422810237802556,Normal,0.08607760561175135,0.6208526352560835,0.31661901370251305,0.7130866230960055,0.6523350123456257,0.44935382772945415,0.29166563727935546,0.17451971115586132,0.5995672818692123,0.33652413242186136,0.19047752735188364,0.12266770377838328,0.6020452456789381,0.222812641932098,0.05132238997302498,2026-09-08T21:56:29Z
823901,605141,Mookie Betts,LAD,CIN,1,2,projected,Nick Lodolo,UNIQLO Field at Dodger Stadium,2026-09-09T02:10:00Z,4.319187089061566,2963,2125,0.6372017190212681,0.6647038447403454,0.8356150256086607,Normal,0.1862165075869862,0.6798666197372526,0.38842187928223576,0.46653071797103746,0.7310012329190066,0.5351375292239208,0.3675603321921411,0.2336123541264233,0.6542109122089704,0.430607857134695,0.2858040666318628,0.22058189174112663,0.6572021254070411,0.2737378578439858,0.07060998372587601,2026-09-08T21:56:29Z
823901,680574,Matt McLain,CIN,LAD,0,2,projected,Tarik Skubal,UNIQLO Field at Dodger Stadium,2026-09-09T02:10:00Z,4.5213555243633445,1431,2809,0.5107211859577004,0.6516669294901808,-1.0344229261592217,Normal,0.12709101553583335,0.6020176411394118,0.3336458067116193,0.8748849828423102,0.6612796816922473,0.4581735680966332,0.298881296537661,0.17974796020242484,0.5821020917157758,0.346280801052083,0.20874847149024778,0.15323072322800432,0.584418368016719,0.2064267335232424,0.04470373045002307,2026-09-08T21:56:29Z
823901,669242,Tommy Edman,LAD,CIN,1,3,projected,Nick Lodolo,UNIQLO Field at Dodger Stadium,2026-09-09T02:10:00Z,4.227088402270884,1952,2125,0.5440418927035521,0.6543146177788748,0.6820645895415414,Normal,0.12494571084824337,0.6501608616317842,0.35320207112171137,0.5915240602833223,0.683848789531109,0.48055586103962716,0.31709702579847404,0.19278157750813227,0.6268517738016294,0.3797438197518659,0.22965916347596763,0.16115719043873525,0.6295647784211093,0.24459524366822633,0.05754951345344449,2026-09-08T21:56:29Z
823901,663647,Ke'Bryan Hayes,CIN,LAD,0,3,projected,Tarik Skubal,UNIQLO Field at Dodger Stadium,2026-09-09T02:10:00Z,4.40828402366864,2265,2809,0.3937397975698462,0.6482935514929121,-1.009235908604809,Normal,0.0876386928942926,0.6105925073373681,0.24553285164419844,0.7375826584993803,0.6209656943618022,0.4167990298711562,0.2636771095001812,0.15314905936389533,0.5900925629719213,0.327256268830584,0.18215279498152406,0.11895792907824154,0.5924770981299694,0.2129254821258498,0.04678922087448852,2026-09-08T21:56:29Z
823901,663656,Kyle Tucker,LAD,CIN,1,4,projected,Nick Lodolo,UNIQLO Field at Dodger Stadium,2026-09-09T02:10:00Z,4.140632603406326,2776,2125,0.5064649770113167,0.6388514725625524,-0.677407113382178,Normal,0.10616184651892982,0.6312771691766199,0.4505212171179346,0.5444058811006198,0.6846558264108099,0.48086380025830744,0.31692864953334676,0.19231501502891912,0.6094200795180961,0.3636924553946638,0.21013411451550243,0.1419533722212357,0.6119615739020486,0.22700631930284532,0.05013883984486379,2026-09-08T21:56:29Z
823901,682829,Elly De La Cruz,CIN,LAD,0,4,projected,Tarik Skubal,UNIQLO Field at Dodger Stadium,2026-09-09T02:10:00Z,4.334481062469258,2382,2809,0.5302934058049743,0.6341475962992714,2.43576252730524,Hot,0.13360156801902529,0.6432379468126472,0.32708947441466585,0.851810593534023,0.6894023170872886,0.48754584842470766,0.3240040040733571,0.19871747745139492,0.6204055453551638,0.3884722972682326,0.2470549774926332,0.17589142022197785,0.6230637928745082,0.2398138530890047,0.05657733081669436,2026-09-08T21:56:29Z
823901,518692,Freddie Freeman,LAD,CIN,1,5,projected,Nick Lodolo,UNIQLO Field at Dodger Stadium,2026-09-09T02:10:00Z,4.019025655808591,3299,2125,0.5129555776410173,0.6231838257531828,-0.5323784420853912,Normal,0.09291102929531396,0.6926240105467544,0.38071038843686855,0.5491034617597904,0.7086914010220708,0.5071629820654114,0.3400429465059162,0.21009283219806887,0.666004782566379,0.41703679957273593,0.2350053473099899,0.1462259580499991,0.6691060924498158,0.2832786891857448,0.07251516044538601,2026-09-08T21:56:29Z
823901,668709,JJ Bleday,CIN,LAD,0,5,projected,Tarik Skubal,UNIQLO Field at Dodger Stadium,2026-09-09T02:10:00Z,4.1984646005118,2010,2809,0.40417005560531,0.6238813715041718,-0.587733431762152,Normal,0.10370599402912317,0.5704311834626403,0.32645280229042667,0.7507546637008721,0.6271785238537021,0.42176401578385875,0.2669885332943956,0.15502754289378787,0.5527680426241031,0.33249119433814495,0.1897380123140774,0.13282371079987343,0.5548191413605821,0.17995802857437296,0.034534535522676525,2026-09-08T21:56:29Z
823901,606192,Teoscar Hernández,LAD,CIN,1,6,projected,Nick Lodolo,UNIQLO Field at Dodger Stadium,2026-09-09T02:10:00Z,3.8949264485139596,2833,2125,0.48307970934314953,0.6126309908019376,1.9750066456790327,Normal,0.16168232787119421,0.6367020590108281,0.3085580586612791,0.7140480243074983,0.6832806396397884,0.47852216484241084,0.3142102638116767,0.18970349847071627,0.6144902218005887,0.38644085753197194,0.24542909527649778,0.18816299858464247,0.6170721729085271,0.23034954795527468,0.050531865620848354,2026-09-08T21:56:29Z
823901,553993,Eugenio Suárez,CIN,LAD,0,6,projected,Tarik Skubal,UNIQLO Field at Dodger Stadium,2026-09-09T02:10:00Z,4.063225412339646,3063,2809,0.44262571522348076,0.6161073343318687,0.8950898347657344,Normal,0.1668250881080591,0.565003224849803,0.34978130741838226,0.8830832589186572,0.6494509999585945,0.44431502902998643,0.28584442316750913,0.16898222173651253,0.5476888341256879,0.3402248908019365,0.22245646138225414,0.18238848297931887,0.5496989947083257,0.17598453157545485,0.033167259126114956,2026-09-08T21:56:29Z
823901,669257,Will Smith,LAD,CIN,1,7,projected,Nick Lodolo,UNIQLO Field at Dodger Stadium,2026-09-09T02:10:00Z,3.758148631029987,2334,2125,0.514098835382899,0.5989766047707645,-0.6979852900534302,Normal,0.138425019296719,0.5990456131389102,0.4450134744036161,0.5341768553772988,0.6678693144672957,0.46131343228619975,0.2988150986933224,0.17764464513685058,0.5796080592382582,0.3429643845661152,0.2111721917833699,0.16004177397806166,0.5818647549456643,0.1984080006895952,0.03887215937528039,2026-09-08T21:56:29Z
823901,663886,Tyler Stephenson,CIN,LAD,0,7,projected,Tarik Skubal,UNIQLO Field at Dodger Stadium,2026-09-09T02:10:00Z,3.926675514266755,1973,2809,0.4064948263033096,0.6011025898409105,-0.8728102973063061,Normal,0.11666380521041586,0.5830705233233953,0.3081417052295666,0.8234596335981328,0.6346283360326216,0.42854011898481603,0.2721555627365232,0.1585052210766039,0.5646176465149085,0.32693970709855336,0.18987832005980157,0.13863705116252867,0.566760531782937,0.18836122716430387,0.036752762088202114,2026-09-08T21:56:29Z
823901,571970,Max Muncy,LAD,CIN,1,8,projected,Nick Lodolo,UNIQLO Field at Dodger Stadium,2026-09-09T02:10:00Z,3.60296191819464,2319,2125,0.5033437583052384,0.5904187065109009,0.39355829814749604,Normal,0.13744199580177752,0.5477882753864892,0.44791116586245,0.6645760910888655,0.6525818474733005,0.44434756949119913,0.2837109135080985,0.16587135780894982,0.5318252737952492,0.31896911917487014,0.19670139491003202,0.15441912091276064,0.5336762500721314,0.15988307179476713,0.026658514857620424,2026-09-08T21:56:29Z
823901,667472,Dane Myers,CIN,LAD,0,8,projected,Tarik Skubal,UNIQLO Field at Dodger Stadium,2026-09-09T02:10:00Z,3.768965517241379,804,2809,0.3835453592593933,0.5888609348103595,1.8460083002592824,Normal,0.08325195203131225,0.5760257809402975,0.28085334139811735,0.7296014620215565,0.612444002195012,0.4061497665397714,0.2534564740958013,0.14466249485168137,0.558092621190667,0.2965413767148358,0.15689457283228161,0.10455281358875676,0.5601744493330894,0.18231834344842232,0.03449213379885546,2026-09-08T21:56:29Z
823901,500743,Miguel Rojas,LAD,CIN,1,9,projected,Nick Lodolo,UNIQLO Field at Dodger Stadium,2026-09-09T02:10:00Z,3.413678373382625,1803,2125,0.40881832235419036,0.5960980077233469,-0.9329269389949167,Normal,0.08149411862197962,0.5770386842921988,0.2766966775008373,0.39514681797993434,0.6116316571764419,0.40259380557566554,0.24875893106469707,0.14003529728956526,0.5592788937718886,0.3015524098616708,0.15675118242814784,0.10316168885208492,0.5613385430958114,0.17878512659504076,0.03132922575134177,2026-09-08T21:56:29Z
823901,624431,Jose Trevino,CIN,LAD,0,9,projected,Tarik Skubal,UNIQLO Field at Dodger Stadium,2026-09-09T02:10:00Z,3.614904408895825,1191,2809,0.3645624825371055,0.5881288883463857,-1.021887076445623,Normal,0.09114264539018968,0.5449074824359672,0.17255360432720582,0.5816729920061283,0.5979379240814285,0.3916414791773662,0.24140914820699885,0.13578519451881618,0.5290362572295368,0.27895068486529406,0.1513142518840837,0.10738628184311938,0.5308771487315762,0.15942207179729095,0.027229603628948815,2026-09-08T21:56:29Z
824063,695600,Carter Jensen,KC,AZ,1,1,confirmed,Corbin Burnes,Kauffman Stadium,2026-09-08T23:40:00Z,4.42185815908601,607,2630,0.5941528895795253,0.6761283338770783,1.8129125146148661,Normal,0.1335533442124782,0.6076013610107708,0.4390911628309996,0.7648437021652593,0.6878388539690445,0.4862973337632421,0.3232325150031354,0.19835916874761136,0.5873284039113031,0.36705596600951057,0.22359431420055384,0.16440896778764474,0.5896860381670594,0.21013964210905464,0.04558852138093503,2026-09-08T21:56:29Z
824063,663457,Lars Nootbaar,AZ,KC,0,1,confirmed,Michael Wacha,Kauffman Stadium,2026-09-08T23:40:00Z,4.607438016528926,2109,3181,0.5681833538119359,0.6827894466040778,0.5629807343886654,Normal,0.09716975109002866,0.6352907873256568,0.42490519841318675,0.6063801948134282,0.6825694818283496,0.4816100421270246,0.31990123247577407,0.19639146026203813,0.612955149302938,0.3674397813146194,0.20970505267363543,0.13776258892378296,0.6155569264009033,0.23528178477520972,0.056261936225036044,2026-09-08T21:56:29Z
824063,677951,Bobby Witt Jr.,KC,AZ,1,2,confirmed,Corbin Burnes,Kauffman Stadium,2026-09-08T23:40:00Z,4.319187089061566,3280,2630,0.5594941434554832,0.6743909103167336,-0.539789116634558,Normal,0.11463446156545393,0.6777888506295544,0.2836468767196025,0.5892757957953635,0.7146929611550906,0.5159264598546456,0.34959553359705114,0.21895018292106214,0.6522983449222595,0.41334343816316876,0.25254676008704446,0.16894561398490102,0.655269994342464,0.2716969037820807,0.0697040957211375,2026-09-08T21:56:29Z
824063,606466,Ketel Marte,AZ,KC,0,2,confirmed,Michael Wacha,Kauffman Stadium,2026-09-08T23:40:00Z,4.5213555243633445,2892,3181,0.5500294505612737,0.6757754241453817,0.15425823529233354,Normal,0.13445270066493112,0.667968553130796,0.3455219776040027,0.5323493364546292,0.7127012394509359,0.5149317456242909,0.3497330572171852,0.21989379607245754,0.6431918122873794,0.40950498891825576,0.2535134282820739,0.17890277629870982,0.6460813382611335,0.26436861805286066,0.06795783667094385,2026-09-08T21:56:29Z
824063,686469,Vinnie Pasquantino,KC,AZ,1,3,confirmed,Corbin Burnes,Kauffman Stadium,2026-09-08T23:40:00Z,4.227088402270884,2213,2630,0.4169232380080947,0.6664383965995629,0.9005355044711502,Normal,0.11473575617491032,0.6196139853546703,0.3625903868710583,0.5186845242011142,0.6639098982891507,0.459128299266249,0.298369437027889,0.17836338229934964,0.598573183384815,0.3546041446090868,0.20543097370401134,0.14411812895464546,0.601019550515284,0.21802207008315777,0.047340485594049325,2026-09-08T21:56:29Z
824063,672515,Gabriel Moreno,AZ,KC,0,3,confirmed,Michael Wacha,Kauffman Stadium,2026-09-08T23:40:00Z,4.40828402366864,1591,3181,0.4750309502042074,0.6763907084754367,-0.05873274763363318,Normal,0.08774520316977799,0.6927169008551707,0.32881738239898506,0.52088214814788,0.6962882497912458,0.49594259679283303,0.3320844168572984,0.20549464750359703,0.665988415336109,0.40302899722511615,0.2247401837108944,0.13803182151341334,0.6691089020935123,0.28835472104679744,0.07846015036023786,2026-09-08T21:56:29Z
824063,521692,Salvador Perez,KC,AZ,1,4,confirmed,Corbin Burnes,Kauffman Stadium,2026-09-08T23:40:00Z,4.140632603406326,2911,2630,0.34119464525326154,0.6526935281195475,2.0122740428046497,Hot,0.11902815364494389,0.6180773442699277,0.21507357233455768,0.6183407242320033,0.656022453891685,0.45030879637691174,0.29039747866205334,0.17202461327942478,0.5971846924620765,0.3506346533335283,0.20272360239565707,0.14470556900099724,0.5996130406392292,0.21586932186469796,0.046044764955365816,2026-09-08T21:56:29Z
824063,672695,Geraldo Perdomo,AZ,KC,0,4,confirmed,Michael Wacha,Kauffman Stadium,2026-09-08T23:40:00Z,4.334481062469258,2706,3181,0.47602005504394673,0.665708722068028,0.02107981787496497,Normal,0.0731698952821919,0.629175516914219,0.4187513049285421,0.467494347337336,0.6621186446729406,0.4580884410703838,0.2981077085030756,0.17864351482015117,0.6073859075910467,0.3408448825283435,0.18476612161209163,0.11238150848233862,0.6099213845854448,0.22749204837371254,0.05173698312571638,2026-09-08T21:56:29Z
824063,686681,Michael Massey,KC,AZ,1,5,confirmed,Corbin Burnes,Kauffman Stadium,2026-09-08T23:40:00Z,4.019025655808591,1674,2630,0.3777609595148036,0.6388417460860437,0.7910131251796588,Normal,0.09078033994144552,0.6125138192926295,0.2374725612570108,0.5462986555337271,0.647505543794148,0.4409550145668639,0.2820534016827648,0.16546463519333915,0.5920581651468931,0.33498478663050824,0.18292492209573077,0.12013413109625493,0.594434609838479,0.21039449774830887,0.043548597413082174,2026-09-08T21:56:29Z
824063,682998,Corbin Carroll,AZ,KC,0,5,confirmed,Michael Wacha,Kauffman Stadium,2026-09-08T23:40:00Z,4.1984646005118,2694,3181,0.5369449533315167,0.6616633880914816,-1.643449665749309,Normal,0.1100164893950589,0.6195252119961115,0.3729752204698241,0.6046918057358724,0.6926278101121016,0.4904837067560929,0.32614723158041353,0.20003205534168192,0.5984773037413926,0.38163033870464974,0.24549622938570392,0.164217161263375,0.6009248791036723,0.21834681508635434,0.04772878844723799,2026-09-08T21:56:29Z
824063,679845,Nick Loftin,KC,AZ,1,6,confirmed,Corbin Burnes,Kauffman Stadium,2026-09-08T23:40:00Z,3.8949264485139596,808,2630,0.37080458225891444,0.6289137117100735,-0.44142760255911545,Normal,0.0714884001867115,0.5631718294475947,0.3146962081399487,0.5437431339428639,0.6083110136349237,0.40187339524087584,0.24973603557505486,0.14177440108364134,0.5460996413496917,0.3039644096854047,0.15920522529802708,0.10010845946856256,0.5480804973251351,0.1724984023317997,0.03106586727792249,2026-09-08T21:56:29Z
824063,571448,Nolan Arenado,AZ,KC,0,6,confirmed,Michael Wacha,Kauffman Stadium,2026-09-08T23:40:00Z,4.063225412339646,2831,3181,0.4166497508971959,0.6597084051753942,-0.7375245028986628,Normal,0.11488162904114858,0.6305465187000313,0.2526072029979496,0.5266090755694592,0.672368942179389,0.4684119681329935,0.30659275137008635,0.1847580267941068,0.6086827494781639,0.3586441433424667,0.20705965550245908,0.14439670003932398,0.6112258481341166,0.22768320374168347,0.051086413641259466,2026-09-08T21:56:29Z
824063,686555,Isaac Collins,KC,AZ,1,7,confirmed,Corbin Burnes,Kauffman Stadium,2026-09-08T23:40:00Z,3.758148631029987,931,2630,0.3913251128132713,0.614505155632649,-1.4827631657421008,Normal,0.0677169663985208,0.5404564854564575,0.4085430666281294,0.6084638164395373,0.5983884173926333,0.3919113312569556,0.24146582280683854,0.13569246657007658,0.5248699594142741,0.283621595465461,0.14637333284373322,0.09233422779557773,0.5266774289286321,0.15616518949393324,0.026087892174056087,2026-09-08T21:56:29Z
824063,694371,Tommy Troy,AZ,KC,0,7,confirmed,Michael Wacha,Kauffman Stadium,2026-09-08T23:40:00Z,3.926675514266755,137,3181,0.41644600504578394,0.6473594960624685,-1.2071284256917831,Normal,0.09270176077523237,0.6026102604919947,0.27759102047586354,0.6062383322504705,0.6484246766729806,0.44254507486389827,0.28389894949170963,0.16722567856930887,0.5828141310181663,0.3283298627942548,0.1829975127055899,0.12188550391739832,0.5851141893578294,0.20348573557971772,0.04182602734455278,2026-09-08T21:56:29Z
824063,683090,Matthew Lugo,KC,AZ,1,8,confirmed,Corbin Burnes,Kauffman Stadium,2026-09-08T23:40:00Z,3.60296191819464,77,2630,0.37991427656031845,0.6039665212888935,-0.5842289918242433,Normal,0.10684835844155009,0.5678679350120056,0.20099808766338756,0.754703106625909,0.6252652778071645,0.4168931979365636,0.26099362303823,0.1492622251489261,0.5506196954460758,0.30917952743496396,0.17892532691201532,0.12833030908694898,0.5526203938624836,0.17379122533462152,0.030615833084076487,2026-09-08T21:56:29Z
824063,694374,Tim Tawa,AZ,KC,0,8,confirmed,Michael Wacha,Kauffman Stadium,2026-09-08T23:40:00Z,3.768965517241379,515,3181,0.3988394342708165,0.6328421069837771,-1.241559590305138,Normal,0.0894262390981111,0.5745101182705544,0.24895161553096004,0.6696730237383199,0.6257113875806763,0.41910630968376883,0.2640158743603111,0.1523080346844695,0.5566775338684471,0.3057763227978147,0.16509784927517107,0.1120141386600281,0.5587476146750897,0.18120434627762647,0.034141888665085024,2026-09-08T21:56:29Z
824063,664728,Kyle Isbel,KC,AZ,1,9,confirmed,Corbin Burnes,Kauffman Stadium,2026-09-08T23:40:00Z,3.413678373382625,1707,2630,0.39570732207402654,0.6104150584332518,-1.3101969808949343,Normal,0.06264285008081479,0.517742235483295,0.22958060840675348,0.554840888430287,0.5766338366379474,0.36999489799835944,0.22323980934570892,0.12227877665008458,0.5036887085590526,0.26089232418899083,0.1372091034496387,0.08536218707464992,0.5053171239901735,0.139155727965104,0.0206906704883917,2026-09-08T21:56:29Z
824063,814439,Ryan Waldschmidt,AZ,KC,0,9,confirmed,Michael Wacha,Kauffman Stadium,2026-09-08T23:40:00Z,3.614904408895825,267,3181,0.41303108027990865,0.6317233935322778,-0.2376027524286311,Normal,0.06609351139668075,0.5880631683631531,0.2581923336510461,0.6545645982469381,0.6205456857367277,0.41333163041542986,0.2588385940158982,0.14823807151439936,0.5693799660137887,0.3115453555598067,0.15854464264324286,0.09584915768643812,0.571548934445832,0.19025822862777106,0.03652886852222086,2026-09-08T21:56:29Z
824228,805808,Kevin McGonigle,DET,MIN,1,1,confirmed,Dean Kremer,Comerica Park,2026-09-08T22:40:00Z,4.42185815908601,626,2788,0.6357337903652135,0.6558030466147293,-0.39295373346995455,Normal,0.11721873304898686,0.6737313624383129,0.47574932941217124,0.4667318974781577,0.7153909591351497,0.5174983459281847,0.3516537664643843,0.2210840967990223,0.648525833938711,0.3940499492088808,0.23384394440487752,0.15865802246579638,0.6514650416975923,0.2689966177030224,0.06934097206517678,2026-09-08T21:56:29Z
824228,807712,Luke Keaschall,MIN,DET,0,1,confirmed,Drew Anderson,Comerica Park,2026-09-08T22:40:00Z,4.607438016528926,752,394,0.617137018261756,0.5899088672309074,0.4287617133750597,Normal,0.08734213115718119,0.6760381998857823,0.4660849699391118,0.6009173355535067,0.7081560344430233,0.5102875371788358,0.3459132981517389,0.21716409069381487,0.6506060244972005,0.38965479904101674,0.21612688791916573,0.1340621797413609,0.6535743978248615,0.27318528170486805,0.07257290266779413,2026-09-08T21:56:29Z
824228,650402,Gleyber Torres,DET,MIN,1,2,confirmed,Dean Kremer,Comerica Park,2026-09-08T22:40:00Z,4.319187089061566,2910,2788,0.49850280003032843,0.6529390768142865,0.2642262324004878,Normal,0.0909821135097723,0.6549345088736156,0.34740110354751935,0.5788493699803909,0.6897011591820658,0.4876219572324639,0.32386561089978844,0.19844357251616085,0.631226771174326,0.36168909324738213,0.19642987774319112,0.1251454474359336,0.6339877414252163,0.2499912829364906,0.060420686814306936,2026-09-08T21:56:29Z
824228,686797,Brooks Lee,MIN,DET,0,2,confirmed,Drew Anderson,Comerica Park,2026-09-08T22:40:00Z,4.5213555243633445,1268,394,0.4665308093336658,0.5819593655108745,0.9150342200492483,Normal,0.12499228301637998,0.651920231670509,0.29285257459238995,0.609470095173685,0.6855743894830947,0.4843376277177566,0.3219028042065419,0.1976405765501238,0.6283748006197071,0.3738876813813378,0.22452315519719804,0.1583928883553306,0.6311186194571902,0.24931130022091386,0.061479377554866,2026-09-08T21:56:29Z
824228,690993,Colt Keith,DET,MIN,1,3,confirmed,Dean Kremer,Comerica Park,2026-09-08T22:40:00Z,4.227088402270884,1424,2788,0.49075440032530354,0.6395829070142325,-1.5095209343604652,Normal,0.1113187194932829,0.6658577662963452,0.3525270054073997,0.5879023576144491,0.6850701961249662,0.48189346556427165,0.31828179887783714,0.19370406126722348,0.6413364614301348,0.3806603363761263,0.22425062641056842,0.15088065571893394,0.6441923733633379,0.2591300933233767,0.063531043527803,2026-09-08T21:56:29Z
824228,665019,Kody Clemens,MIN,DET,0,3,confirmed,Drew Anderson,Comerica Park,2026-09-08T22:40:00Z,4.40828402366864,1295,394,0.5008533517158651,0.5611579171899799,0.5218323627174286,Normal,0.15558470379326875,0.6226323529844625,0.32310361807251015,0.6819383637563645,0.6837016025088397,0.481986165271947,0.3195571468185683,0.19559908353893923,0.601270721305387,0.383441828356153,0.249893561466506,0.18873583964404755,0.6037565572832568,0.22296862415888224,0.050563487737780806,2026-09-08T21:56:29Z
824228,682985,Riley Greene,DET,MIN,1,4,confirmed,Dean Kremer,Comerica Park,2026-09-08T22:40:00Z,4.140632603406326,2592,2788,0.5067993087651338,0.6223922213081379,0.6538320526891145,Normal,0.14398594169759069,0.6614902510994027,0.37448175060247474,0.700726362002977,0.6940862026122666,0.4912765661624011,0.3261905142623211,0.19954325102768364,0.6373391224530535,0.4005825950265331,0.250894677880774,0.18160183157974144,0.6401504019432653,0.2540519116014403,0.060761238388983986,2026-09-08T21:56:29Z
824228,680777,Ryan Jeffers,MIN,DET,0,4,confirmed,Drew Anderson,Comerica Park,2026-09-08T22:40:00Z,4.334481062469258,1822,394,0.47648477828970776,0.5395989931761924,-0.8473737122450997,Normal,0.11358352107585609,0.6304870798847817,0.4254625882964652,0.6585195314872488,0.6725714009236866,0.46920648999303943,0.30777694583393056,0.18606982217076745,0.6086012682434041,0.37029861171924694,0.215661062398943,0.1489317338540712,0.611148062529708,0.22862163200442862,0.05217230542884131,2026-09-08T21:56:29Z
824228,680664,Eduardo Valencia,DET,MIN,1,5,confirmed,Dean Kremer,Comerica Park,2026-09-08T22:40:00Z,4.019025655808591,91,2788,0.43531768597818765,0.6050184874477312,-0.6793203649233196,Normal,0.12404941975037435,0.6466950791563757,0.21898739738429293,0.6889635995420709,0.6761973566309165,0.4710922396938959,0.30788812237791985,0.18498382624793094,0.6237137596038608,0.38233968940512475,0.2271101083858125,0.1591081685709496,0.6263864048192551,0.23955434941076928,0.05429273196242453,2026-09-08T21:56:29Z
824228,605137,Josh Bell,MIN,DET,0,5,confirmed,Drew Anderson,Comerica Park,2026-09-08T22:40:00Z,4.1984646005118,2963,394,0.43792933179245896,0.5205097560307559,0.7599255994167373,Normal,0.11788019349071051,0.6307394798800388,0.3652703847967694,0.5744697393062399,0.6591648599803539,0.45437851601383566,0.29447316155109843,0.17555224380582518,0.608874114006606,0.3591093490781561,0.20975471901363704,0.1474555985972289,0.6114177159803761,0.22785552068059667,0.05129526535894017,2026-09-08T21:56:29Z
824228,814430,Brett Callahan,DET,MIN,1,6,confirmed,Dean Kremer,Comerica Park,2026-09-08T22:40:00Z,3.8949264485139596,43,2788,0.44464163338076,0.5942636200287589,-1.2584227414752727,Normal,0.11753625946461096,0.6228925117234765,0.3193566523733953,0.7080254874168675,0.6589279092103145,0.4525329692084447,0.2916958965668216,0.17255018391639054,0.6017023448541567,0.35560923988029286,0.21070636055946254,0.14813904437449332,0.6041645253438741,0.21857956833983488,0.04622111460763884,2026-09-08T21:56:29Z
824228,668904,Royce Lewis,MIN,DET,0,6,confirmed,Drew Anderson,Comerica Park,2026-09-08T22:40:00Z,4.063225412339646,1453,394,0.41868055710832736,0.5122473010935843,-0.05981853507840035,Normal,0.11527368238346347,0.6127548731285264,0.28753198750897624,0.7046489169899044,0.657817614397932,0.45300154589103897,0.2932563850099945,0.17457418113642528,0.5921819743531161,0.3487342023736189,0.20103625285647556,0.1423303531156185,0.5945735310605109,0.21272808436487756,0.045542390546641116,2026-09-08T21:56:29Z
824228,703601,Max Clark,DET,MIN,1,7,confirmed,Dean Kremer,Comerica Park,2026-09-08T22:40:00Z,3.758148631029987,134,2788,0.42891868378238407,0.5818489446750811,0.14406134758926753,Normal,0.09755502537094213,0.6130836628248313,0.3083670305112707,0.5745041764580723,0.6476212780849795,0.4402429199163694,0.28090840796611355,0.16423310364859187,0.5926529549787528,0.34565665867202466,0.19803953321782392,0.13179110055195012,0.5950257743813918,0.2095825870816879,0.04263410090777773,2026-09-08T21:56:29Z
824228,663616,Trevor Larnach,MIN,DET,0,7,confirmed,Drew Anderson,Comerica Park,2026-09-08T22:40:00Z,3.926675514266755,1780,394,0.44575613704914313,0.503972223907257,-1.105569308086639,Normal,0.10740101297462436,0.6016775783751813,0.33847651353742475,0.5995852849339874,0.6515131981851647,0.4457252316504127,0.28659243900638387,0.16924305110874477,0.581946726591296,0.3392546105692889,0.19377883672326165,0.1350597322382306,0.5842391410770668,0.20274536828004383,0.04157077772633181,2026-09-08T21:56:29Z
824228,701678,Hao-Yu Lee,DET,MIN,1,8,confirmed,Dean Kremer,Comerica Park,2026-09-08T22:40:00Z,3.60296191819464,289,2788,0.3726564622403285,0.5755554095730978,-0.987173212031323,Normal,0.08153289743469301,0.5923031858031039,0.2351905078866522,0.596893501145742,0.6264145441659567,0.41802304569944465,0.2619142182393803,0.14992645914531827,0.5734148731905497,0.3157538054938311,0.16780593225123946,0.10829201927118173,0.5756068594972391,0.19179649796088377,0.03609827923820632,2026-09-08T21:56:29Z
824228,701785,Kaelen Culpepper,MIN,DET,0,8,confirmed,Drew Anderson,Comerica Park,2026-09-08T22:40:00Z,3.768965517241379,104,394,0.42502236650435726,0.5028543046945435,1.03284481973712,Normal,0.09273977546570775,0.6003049244289899,0.29775665137410723,0.6049471180122967,0.645070233080471,0.4385253744175504,0.28014425603340065,0.1641780669328631,0.5807183514737407,0.3266667652131737,0.17971783466858077,0.12013667936203769,0.5829934815565914,0.20080783806913222,0.040538272870321176,2026-09-08T21:56:29Z
824228,656716,Zach McKinstry,DET,MIN,1,9,confirmed,Dean Kremer,Comerica Park,2026-09-08T22:40:00Z,3.413678373382625,1931,2788,0.4132789417553463,0.5798814194667987,-1.5219324913896737,Normal,0.0715989035140634,0.5412493714774349,0.3065119065573953,0.46765505401065627,0.5966246212172513,0.38839448054986375,0.23752351703967856,0.13214501014964444,0.5257856605241368,0.2872399669769178,0.15959306791933583,0.10030965146452814,0.5275780316646309,0.15407742855604137,0.02446976264157512,2026-09-08T21:56:29Z
824228,805805,Walker Jenkins,MIN,DET,0,9,confirmed,Drew Anderson,Comerica Park,2026-09-08T22:40:00Z,3.614904408895825,35,394,0.45894661736536674,0.4943545508584712,-1.0515508316739262,Normal,0.10193514978117482,0.5626925237110648,0.35024370678531236,0.5788588285981275,0.6346257014163262,0.4272472679195734,0.2702554485997474,0.15654277233657687,0.5456932412352483,0.3081738138541738,0.17465089074954343,0.1239225234526269,0.5476656434592093,0.17168600637139872,0.030783275747765834,2026-09-08T21:56:29Z
824551,803011,Sam Antonacci,CWS,PIT,1,1,confirmed,Bubba Chandler,Rate Field,2026-09-08T23:40:00Z,4.42185815908601,493,716,0.6797551732438885,0.6540870334378309,0.27909840067547964,Normal,0.09977360224750956,0.6505182909679088,0.5320226506918593,0.50978152802896,0.7061939775715209,0.5069048894893771,0.34188627361043483,0.21319420474446032,0.6271053188841178,0.37377597874672797,0.21446827537577273,0.1406517937248359,0.6298325560547191,0.24713314318846624,0.05997335159777492,2026-09-08T21:56:29Z
824551,804606,Konnor Griffin,PIT,CWS,0,1,confirmed,Sean Burke,Rate Field,2026-09-08T23:40:00Z,4.607438016528926,257,1307,0.5837097588700869,0.6376900418455095,-0.46116289481128336,Normal,0.10123311546024526,0.6720834571167714,0.31899951538641885,0.7917928596225259,0.7027882877856655,0.5041598903861879,0.3402813721017987,0.21261599545534868,0.646960090877214,0.3904203554216065,0.22658129502031077,0.14745695962411037,0.6498917873821446,0.2693223444305698,0.07082046276010548,2026-09-08T21:56:29Z
824551,678246,Miguel Vargas,CWS,PIT,1,2,confirmed,Bubba Chandler,Rate Field,2026-09-08T23:40:00Z,4.319187089061566,1783,716,0.6066466812452359,0.6510956038509731,1.0458158993689632,Normal,0.1114715347595301,0.5987745953252732,0.5047546665529838,0.5727796669731295,0.6816706372314452,0.4788003305246341,0.31602063435447875,0.19230656937615162,0.5791688489540255,0.35348133471000526,0.20595908671636834,0.1442240121832429,0.5814475641846154,0.20201701979570885,0.042138226645802045,2026-09-08T21:56:29Z
824551,664040,Brandon Lowe,PIT,CWS,0,2,confirmed,Sean Burke,Rate Field,2026-09-08T23:40:00Z,4.5213555243633445,2266,1307,0.6221909962575041,0.6325760219307481,1.2054602374857968,Normal,0.20225622206067637,0.6500201267821204,0.3991895529845097,0.8225300012571868,0.7217788192215648,0.5255204521272073,0.3596019731975469,0.22794870197234557,0.6266184671097363,0.40988576545638894,0.2809447207231664,0.22724770127313065,0.6293453022565623,0.24757114269292893,0.06075053824966805,2026-09-08T21:56:29Z
824551,808959,Munetaka Murakami,CWS,PIT,1,3,confirmed,Bubba Chandler,Rate Field,2026-09-08T23:40:00Z,4.227088402270884,474,716,0.6175754132326478,0.6372798286853227,-2.3752345106469273,Cold,0.2015501342206987,0.5848953020947061,0.5661358361128116,0.8206375632510714,0.7011513348759629,0.49978655037648156,0.3343117305600421,0.20630590915222966,0.5662838482200163,0.3636773537854174,0.25382621292816104,0.21547961303294658,0.5684455908837015,0.1903734602251263,0.037702437588789633,2026-09-08T21:56:29Z
824551,668804,Bryan Reynolds,PIT,CWS,0,3,confirmed,Sean Burke,Rate Field,2026-09-08T23:40:00Z,4.40828402366864,3227,1307,0.5262244671109649,0.624392583903382,1.5553630941680334,Normal,0.1261985976234995,0.6531759119648566,0.46203183375291057,0.7030071338502869,0.6936534541635297,0.4929946115486611,0.32942116053722165,0.20337933485665605,0.6295473665234214,0.38821797750684267,0.23562487118927516,0.1652275259205233,0.6323004163165792,0.24995337507457852,0.06137257429663724,2026-09-08T21:56:29Z
824551,643217,Andrew Benintendi,CWS,PIT,1,4,confirmed,Bubba Chandler,Rate Field,2026-09-08T23:40:00Z,4.140632603406326,2560,716,0.45511749887433733,0.6198572197286125,-0.8468669200189634,Normal,0.11499840216577178,0.6288853676341767,0.37408150668349516,0.5540485722640003,0.661524468892115,0.45606104348891674,0.2953197669624508,0.17574241138713162,0.6072047528322677,0.3558427178190489,0.2072460994736739,0.14469957991639418,0.609725532207739,0.22495858320520148,0.04937388798737046,2026-09-08T21:56:29Z
824551,665833,Oneil Cruz,PIT,CWS,0,4,confirmed,Sean Burke,Rate Field,2026-09-08T23:40:00Z,4.334481062469258,1898,1307,0.5340411041879526,0.6068770626115991,0.19356679743840227,Normal,0.16182221004601063,0.6202978842661335,0.44548413751032095,0.8591602874519167,0.6880137708786108,0.4860117874917751,0.32263321078102153,0.19764012320517133,0.599153685372786,0.3759409380585886,0.24522685854636056,0.1892338606028841,0.6016132834880095,0.21995023034227978,0.04887384427032666,2026-09-08T21:56:29Z
824551,695657,Colson Montgomery,CWS,PIT,1,5,confirmed,Bubba Chandler,Rate Field,2026-09-08T23:40:00Z,4.019025655808591,855,716,0.5196429556096556,0.6022575887968138,-1.1552815176371727,Normal,0.19630566937308036,0.5836939701615569,0.3920906134065944,0.8089337242246488,0.6833601866383872,0.478858438456888,0.31469543726789395,0.19022428623079907,0.565244532119511,0.36161292866355876,0.2495906524273858,0.210589103033794,0.567386348097392,0.18783496055640908,0.035993130626199174,2026-09-08T21:56:29Z
824551,699013,Esmerlyn Valdez,PIT,CWS,0,5,confirmed,Sean Burke,Rate Field,2026-09-08T23:40:00Z,4.1984646005118,276,1307,0.5169768278820717,0.5927486532263955,-1.9161086254410231,Normal,0.14424099651993844,0.6050500092844349,0.4625438148518405,0.8975249261207694,0.6843210319786317,0.4813184115757657,0.3179791761647057,0.19363509136231896,0.5850330312197323,0.36103393855091037,0.2255802623534558,0.1705760475711046,0.5873596648062738,0.20649174856648875,0.04344867428194428,2026-09-08T21:56:29Z
824551,695731,Braden Montgomery,CWS,PIT,1,6,confirmed,Bubba Chandler,Rate Field,2026-09-08T23:40:00Z,3.8949264485139596,307,716,0.4802652439444798,0.5915105301411847,-0.3370569492228074,Normal,0.09940202687815215,0.5796049369373533,0.44213118688374203,0.539532786688146,0.6440642275901785,0.4372077983433676,0.27873868395747314,0.16287982490659497,0.5614483531239122,0.31951204080693646,0.18286374266467553,0.1260742547500645,0.5635557584904278,0.1844346257887727,0.034729834326033986,2026-09-08T21:56:29Z
824551,687462,Spencer Horwitz,PIT,CWS,0,6,confirmed,Sean Burke,Rate Field,2026-09-08T23:40:00Z,4.063225412339646,1242,1307,0.4660161276460764,0.5833669280693824,-2.027816285136865,Cold,0.11046138965711984,0.610284983165758,0.4534043060447216,0.5636261072487599,0.6581920318894733,0.4533932009905847,0.29359235262055133,0.17482880401557138,0.5898880121339827,0.343454903654544,0.19590465335865706,0.13726607672787225,0.5922589371920055,0.21070833154030985,0.044816233835380095,2026-09-08T21:56:29Z
824551,671976,Tristan Peters,CWS,PIT,1,7,confirmed,Bubba Chandler,Rate Field,2026-09-08T23:40:00Z,3.758148631029987,447,716,0.46079047603454937,0.5793043295183642,1.792394483479999,Normal,0.1086782091161742,0.6076104867660441,0.36498648588979277,0.499288313717781,0.65727907929148,0.4502002668800508,0.2893154540593184,0.17049475360431615,0.5875702376003947,0.3527784158008487,0.20506444448285663,0.14140974150061209,0.589897388050068,0.2051746845315434,0.041131084811718184,2026-09-08T21:56:29Z
824551,804668,Rafael Flores Jr.,PIT,CWS,0,7,confirmed,Sean Burke,Rate Field,2026-09-08T23:40:00Z,3.926675514266755,122,1307,0.4279274792617199,0.5696215865354455,-0.7988092718249915,Normal,0.13182476418846825,0.5921879839723863,0.3196358478912329,0.7722293687557479,0.6557040606872293,0.45006736240732487,0.29028629025210423,0.17202009149105815,0.5731146897283749,0.3422871217618657,0.20794426131851268,0.15543037455941883,0.5753301391516968,0.19531833468659457,0.0390495884857725,2026-09-08T21:56:29Z
824551,805367,Chase Meidroth,CWS,PIT,1,8,confirmed,Bubba Chandler,Rate Field,2026-09-08T23:40:00Z,3.60296191819464,1081,716,0.41337942340675193,0.5733406996546884,0.1907673625540078,Normal,0.06461521511734968,0.5740252091503847,0.35776253459208485,0.5350134677437373,0.6187208987812255,0.4105000091992336,0.25580730491832626,0.1455342126616529,0.5563715934806152,0.28283505237270756,0.137325195253984,0.08462609057151282,0.5584195474387018,0.17821416256519268,0.03192498067134722,2026-09-08T21:56:29Z
824551,694378,Jacob Gonzalez,PIT,CWS,0,8,confirmed,Sean Burke,Rate Field,2026-09-08T23:40:00Z,3.768965517241379,206,1307,0.4210060171442601,0.5612524941623301,-0.7487006504071713,Normal,0.11619497714643476,0.5784966229184361,0.2941287322667234,0.5693105112740144,0.6361586793195885,0.42950837097083844,0.2726097712659844,0.15860412850764435,0.5603988391676824,0.3226747514910731,0.18879955504970758,0.13800264616508703,0.5624998983519564,0.18414434960549253,0.03506968461607049,2026-09-08T21:56:29Z
824551,691019,Kyle Teel,CWS,PIT,1,9,confirmed,Bubba Chandler,Rate Field,2026-09-08T23:40:00Z,3.413678373382625,376,716,0.48313298311298697,0.5774214102409112,-1.5778257193147824,Normal,0.10135598872668225,0.5454516283863206,0.40807739088398276,0.6661551966258843,0.6297521301870873,0.42020723667184057,0.26295723755756556,0.15016694447566115,0.5297276996253412,0.2849935986795044,0.15996130202373224,0.1169846809859909,0.5315503408302049,0.15685147515680029,0.025202529464452297,2026-09-08T21:56:29Z
824551,663968,Jake Mangum,PIT,CWS,0,9,confirmed,Sean Burke,Rate Field,2026-09-08T23:40:00Z,3.614904408895825,855,1307,0.44581630212316264,0.5595522411813306,-0.9372475448856958,Normal,0.07113096235004777,0.6124812365133399,0.2896019618897656,0.562232231847781,0.6365365783161012,0.4291609512707254,0.2718400455420172,0.15770456926562487,0.592094037572921,0.3136271246612166,0.16032664195856616,0.09822138640993268,0.5944622608239828,0.20939562661246014,0.04290904118456888,2026-09-08T21:56:29Z
824714,701350,Roman Anthony,BOS,LAA,1,1,confirmed,Reid Detmers,Fenway Park,2026-09-08T22:45:00Z,4.42185815908601,477,2491,0.6163811795024499,0.6801531542128624,-0.8841510295063935,Normal,0.0949237615143311,0.663332369828498,0.49495136152238295,0.7587313742299636,0.697133283394949,0.4966453870965856,0.3325428131655462,0.20572528876150242,0.638937803983795,0.3876639921163301,0.22161722036010192,0.14190177009527508,0.641781016332061,0.2590326651488283,0.06499116275681328,2026-09-08T21:56:29Z
824714,687263,Zach Neto,LAA,BOS,0,1,confirmed,Patrick Sandoval,Fenway Park,2026-09-08T22:45:00Z,4.607438016528926,2106,1870,0.6026751780910786,0.6449611013775038,0.49130572432314423,Normal,0.12564246324039205,0.68086488814484,0.3734075646196238,0.7824746129892539,0.7130798595532312,0.5159625118612906,0.3511655999561354,0.22143080761482148,0.6550535018043425,0.42143508758967296,0.25508856571316385,0.17519703478175014,0.6580669536559026,0.2779560368725299,0.07476569567726832,2026-09-08T21:56:29Z
824714,663330,Jahmai Jones,BOS,LAA,1,2,confirmed,Reid Detmers,Fenway Park,2026-09-08T22:45:00Z,4.319187089061566,356,2491,0.5430538493142587,0.6784777346109205,1.5860462656817886,Normal,0.1360578325043008,0.6430179255571862,0.42265610016964483,0.793570680332229,0.6863046363739224,0.48387519464597134,0.3205237102110298,0.1958226581178843,0.6202141963679617,0.38836953850602296,0.24047353386319978,0.17310723809322365,0.622868610118765,0.23919512628749517,0.05603980726124767,2026-09-08T21:56:29Z
824714,545361,Mike Trout,LAA,BOS,0,2,confirmed,Patrick Sandoval,Fenway Park,2026-09-08T22:45:00Z,4.5213555243633445,2099,1870,0.5957574778084797,0.6401917040444672,-0.40479363300026033,Normal,0.15100219449478253,0.6636269121393309,0.4970537785828184,0.7627639376948252,0.7218298744583009,0.5255805281448624,0.359658320826077,0.22799493870099485,0.6391862497202504,0.40362464353838035,0.2541622545257448,0.18692030261110537,0.6420359675296652,0.26023072963558713,0.06614669371570653,2026-09-08T21:56:29Z
824714,677800,Wilyer Abreu,BOS,LAA,1,3,confirmed,Reid Detmers,Fenway Park,2026-09-08T22:45:00Z,4.227088402270884,1565,2491,0.49829444406294,0.6715224751520957,-0.30494846966062605,Normal,0.12437058711486014,0.6398103992208921,0.3849640873277849,0.6644751835506068,0.6868922614112122,0.48389439200242307,0.32005759409702234,0.1950890248592482,0.617283448044432,0.3896361774409641,0.2328206426111812,0.16345223014700605,0.6199044055156339,0.23534400354960655,0.05388929888010254,2026-09-08T21:56:29Z
824714,642350,Jose Siri,LAA,BOS,0,3,confirmed,Patrick Sandoval,Fenway Park,2026-09-08T22:45:00Z,4.40828402366864,1370,1870,0.5298168884234383,0.6339716486257896,-2.36563050435716,Cold,0.13017169471310783,0.6205365666158177,0.32315794836079775,0.8639191737783145,0.6844168484318567,0.4827707835706952,0.32025598561760676,0.19614747653329795,0.5993262421276528,0.3676661559240017,0.2240148096659216,0.1622191243546584,0.601794279507771,0.22119695806807574,0.049887932969649745,2026-09-08T21:56:29Z
824714,596115,Trevor Story,BOS,LAA,1,4,confirmed,Reid Detmers,Fenway Park,2026-09-08T22:45:00Z,4.140632603406326,1533,2491,0.4537026945804769,0.6585585929982481,0.11323979961826855,Normal,0.11708901407535033,0.6436187347997612,0.27289846834229686,0.7916364202781341,0.6699699179579872,0.46499877969974235,0.3030340872613295,0.18161185072120534,0.6208390178668869,0.3749111853927215,0.21598505200709964,0.14952546762821894,0.623488899325514,0.23778645705701537,0.054256781951517695,2026-09-08T21:56:29Z
824714,687093,Vaughn Grissom,LAA,BOS,0,4,confirmed,Patrick Sandoval,Fenway Park,2026-09-08T22:45:00Z,4.334481062469258,747,1870,0.44225089828882613,0.6177047039037431,-0.7745552314772298,Normal,0.08846832098861805,0.6660257852713496,0.3241095484074391,0.6128688544762682,0.6691509471636757,0.4655459889146083,0.30457957130477925,0.1836050147221033,0.6414513180388308,0.3769852465187229,0.20731662436409265,0.12973118116775137,0.6443151795028281,0.2608002974734643,0.06528946798696283,2026-09-08T21:56:29Z
824714,686765,Nick Sogard,BOS,LAA,1,5,confirmed,Reid Detmers,Fenway Park,2026-09-08T22:45:00Z,4.019025655808591,399,2491,0.4469296091577941,0.6455957167845525,-0.2367081875813677,Normal,0.07423283901245128,0.627251528555552,0.37291459057001297,0.6410960769844418,0.6463370080466007,0.43975911811801505,0.28104696303740334,0.1647161055676377,0.6057262637440556,0.347008121411967,0.18268865767351633,0.11100380233721198,0.6082280272578099,0.2226349767534831,0.04792352712243673,2026-09-08T21:56:29Z
824714,694208,Moisés Ballesteros,LAA,BOS,0,5,confirmed,Patrick Sandoval,Fenway Park,2026-09-08T22:45:00Z,4.1984646005118,361,1870,0.38716463006963103,0.6049197787272141,-0.5183290959748347,Normal,0.07950666494513134,0.6073571799088828,0.30745388060420076,0.6724894355617437,0.6358535736886805,0.4304379276636064,0.2741963722817829,0.1603450893989405,0.5871777221931923,0.326013873070608,0.17407364669176878,0.1102373150804174,0.5895234049098703,0.2083503315803181,0.044107516882098075,2026-09-08T21:56:29Z
824714,702332,Caleb Durbin,BOS,LAA,1,6,confirmed,Reid Detmers,Fenway Park,2026-09-08T22:45:00Z,3.8949264485139596,1029,2491,0.44896001230381927,0.6360990230215794,-0.8828456517865596,Normal,0.0925234610076873,0.6038135892035444,0.38027556130041285,0.4866298048754366,0.6362800881452769,0.429335624264594,0.272172831167316,0.1580361186210169,0.583992111670891,0.3297090750862427,0.17897480830866727,0.11926561000841567,0.5862940772040963,0.20303098405984152,0.04080209382421623,2026-09-08T21:56:29Z
824714,695681,Christian Moore,LAA,BOS,0,6,confirmed,Patrick Sandoval,Fenway Park,2026-09-08T22:45:00Z,4.063225412339646,267,1870,0.4128812161055078,0.5959145783547161,-0.739452362319267,Normal,0.1027275471282276,0.6092854401566514,0.34162759968038464,0.7880928844685203,0.6377857415764465,0.4324075322051862,0.2758057170224578,0.16148628457839048,0.5889594377118395,0.3407008183513939,0.1963670967477573,0.13388131276281395,0.5913220414242097,0.20989478933718142,0.04452525742061974,2026-09-08T21:56:29Z
824714,655316,Andruw Monasterio,BOS,LAA,1,7,confirmed,Reid Detmers,Fenway Park,2026-09-08T22:45:00Z,3.758148631029987,915,2491,0.3966413756912921,0.6215037347314532,-0.5534322256458051,Normal,0.07941515816769125,0.5918922533954776,0.321540144660453,0.6149603513541176,0.6149673261322497,0.40775446448926456,0.25415000140341776,0.14471882784028098,0.5729502823347385,0.32312677633994336,0.16971445461090093,0.10832649699891005,0.5751490774182434,0.19287695552676049,0.03706915726253479,2026-09-08T21:56:29Z
824714,677347,Kyren Paris,LAA,BOS,0,7,confirmed,Patrick Sandoval,Fenway Park,2026-09-08T22:45:00Z,3.926675514266755,249,1870,0.41839141159242416,0.5814655417139372,-2.709084631346043,Cold,0.09953176445672489,0.5799754961051621,0.35111774113645267,0.8494750519072458,0.6264914622310452,0.4204297159003218,0.26544217185454905,0.15357512648651672,0.5617306953920946,0.31812208549825755,0.18039190452585196,0.12498494768705914,0.5638492553122036,0.18603867079352984,0.03599993770024205,2026-09-08T21:56:29Z
824714,642201,Eli White,BOS,LAA,1,8,confirmed,Reid Detmers,Fenway Park,2026-09-08T22:45:00Z,3.60296191819464,647,2491,0.4210457199162257,0.6101450675897944,1.4830302575781658,Normal,0.10477265664141605,0.5738926222762185,0.25182337466775273,0.6881101179165101,0.6225834103271031,0.4142649680185467,0.25885684636097206,0.1477233799242983,0.556247791588883,0.30740904277990777,0.17862782474911545,0.1269186203917784,0.5582947213364818,0.17811812396985643,0.03189629429743206,2026-09-08T21:56:29Z
824714,694203,Denzer Guzman,LAA,BOS,0,8,confirmed,Patrick Sandoval,Fenway Park,2026-09-08T22:45:00Z,3.768965517241379,276,1870,0.40078719589339035,0.571536108186721,-1.489132146462361,Normal,0.09175831526228889,0.5972731771604106,0.25019314155053796,0.7084812746246215,0.6282912891008462,0.421658410977472,0.2661147013627638,0.1538396061440445,0.57789741845207,0.3221561068382176,0.1760527726140161,0.11782981796609121,0.5801478823239604,0.1984315193572702,0.0397365655332085,2026-09-08T21:56:29Z
824714,657136,Connor Wong,BOS,LAA,1,9,confirmed,Reid Detmers,Fenway Park,2026-09-08T22:45:00Z,3.413678373382625,1360,2491,0.4110446552593261,0.6168100542955022,-1.131568431236037,Normal,0.07768548492424072,0.5485443360465516,0.27937947126127055,0.6622584784047126,0.5933778832433012,0.3853669083242113,0.23515195392999474,0.1304940433709304,0.5326273113863433,0.28874403450834646,0.14893571561088853,0.09856447940755869,0.534472417930862,0.15891419567758525,0.025753529483370723,2026-09-08T21:56:29Z
824714,518595,Travis d'Arnaud,LAA,BOS,0,9,confirmed,Patrick Sandoval,Fenway Park,2026-09-08T22:45:00Z,3.614904408895825,1359,1870,0.43864807118989224,0.5704012887261799,-1.589430313983206,Normal,0.09556094202245206,0.5726314011931796,0.2997774859669668,0.6690153791992512,0.6284151177240963,0.42106938292165613,0.26516401939730894,0.15282490065305948,0.5549829399281376,0.31749434577034497,0.1729739575238942,0.1194250461117141,0.5570310842668681,0.1788074236052035,0.03293455112092554,2026-09-08T21:56:29Z
824792,702616,Jackson Holliday,BAL,CLE,1,1,confirmed,Tanner Bibee,Oriole Park at Camden Yards,2026-09-08T22:35:00Z,4.42185815908601,1185,2741,0.5375937452227525,0.689836720270293,-1.1532776684951567,Normal,0.11755610224156329,0.6359295504077066,0.33948353203136605,0.6685724125539236,0.6680642224912923,0.4648468290214188,0.3042895134690148,0.18360725311933232,0.61360976499764,0.3574066731533855,0.2124380053045407,0.14895873728329154,0.6162081001733841,0.23407610395094397,0.05468728829780104,2026-09-08T21:56:29Z
824792,680757,Steven Kwan,CLE,BAL,0,1,confirmed,Brandon Young,Oriole Park at Camden Yards,2026-09-08T22:35:00Z,4.607438016528926,3152,839,0.643258842002204,0.6692414806899117,0.42643733521981625,Normal,0.08917429049312095,0.7099373770315892,0.4547929333910837,0.39735777932101657,0.7111082705283931,0.5136838679887655,0.3490524391309182,0.21971125392889473,0.6817905337478113,0.4099483608441458,0.23345554590772885,0.1438562036768463,0.6850826728052639,0.3080497410533478,0.08933222175211128,2026-09-08T21:56:29Z
824792,624413,Pete Alonso,BAL,CLE,1,2,confirmed,Tanner Bibee,Oriole Park at Camden Yards,2026-09-08T22:35:00Z,4.319187089061566,3375,2741,0.5620071087973452,0.6879702565625023,-0.13172241911238122,Normal,0.19735688698291173,0.6432866420955596,0.36372282616192786,0.6942430222522818,0.7147377082345332,0.5159783437866462,0.34964349689510565,0.21898895122742107,0.6204627220570103,0.40508448110897455,0.27228736755430566,0.22033104195979233,0.6231195157232922,0.23943476805230468,0.05613535705418443,2026-09-08T21:56:29Z
824792,683953,Travis Bazzana,CLE,BAL,0,2,confirmed,Brandon Young,Oriole Park at Camden Yards,2026-09-08T22:35:00Z,4.5213555243633445,449,839,0.542171356058737,0.6638854474776287,0.49967784475928084,Normal,0.11856648340934021,0.6642358875961264,0.44443844513342123,0.5753554041225224,0.6912983249844886,0.4906674586086655,0.32757894440221835,0.20212394830529165,0.6397482177769164,0.3919216474165065,0.2336724520287426,0.15988192568938575,0.6426035010356721,0.2608082133087388,0.06639805123274033,2026-09-08T21:56:29Z
824792,683002,Gunnar Henderson,BAL,CLE,1,3,confirmed,Tanner Bibee,Oriole Park at Camden Yards,2026-09-08T22:35:00Z,4.227088402270884,2767,2741,0.5411021656093885,0.6831543843710209,-0.6126250060205641,Normal,0.15120106626048488,0.6382987416020411,0.391996722083665,0.6196886320238285,0.6964819492286929,0.4945361399400003,0.3295728012080267,0.20255703152463359,0.6158848629603192,0.39070762153063293,0.253207967143795,0.18762711626005396,0.6184925233200661,0.23401445565018375,0.053372607105293186,2026-09-08T21:56:29Z
824792,608070,José Ramírez,CLE,BAL,0,3,confirmed,Brandon Young,Oriole Park at Camden Yards,2026-09-08T22:35:00Z,4.40828402366864,3206,839,0.5569083846815954,0.6630318607031734,-1.0101304563809441,Normal,0.14750144503504478,0.6784138380347332,0.3577620012447803,0.41755787449722553,0.7196791874441761,0.522757068486575,0.35673999598298023,0.22537359580477048,0.6528273677958328,0.4257246775885733,0.2679767656944811,0.19280805938141585,0.6558121824754354,0.2739870528601271,0.0718293922389817,2026-09-08T21:56:29Z
824792,691723,Coby Mayo,BAL,CLE,1,4,confirmed,Tanner Bibee,Oriole Park at Camden Yards,2026-09-08T22:35:00Z,4.140632603406326,725,2741,0.45710128128973576,0.6720174604020562,1.246808860887092,Normal,0.15612199244456704,0.6032658941207284,0.29338940653003787,0.8038129401889044,0.6692254193017309,0.46420553421590444,0.30234614638054097,0.18108631096015812,0.5834277261934776,0.35851703769319915,0.23034020716096784,0.17902607728712855,0.5857325291381675,0.20383890293414017,0.0418040291006424,2026-09-08T21:56:29Z
824792,666176,Jo Adell,CLE,BAL,0,4,confirmed,Brandon Young,Oriole Park at Camden Yards,2026-09-08T22:35:00Z,4.334481062469258,1957,839,0.43291351791247706,0.651051793015125,-0.3897872885975418,Normal,0.14804461022792395,0.6628627414929845,0.24996490524583198,0.7423051444269794,0.6944031836553116,0.49310304901106833,0.32899052710666976,0.20265045145418573,0.6385338775962405,0.39915826851940706,0.2503373721573643,0.18325178998544486,0.6413687091829211,0.2578095080656176,0.0640116083007189,2026-09-08T21:56:29Z
824792,694212,Samuel Basallo,BAL,CLE,1,5,confirmed,Tanner Bibee,Oriole Park at Camden Yards,2026-09-08T22:35:00Z,4.019025655808591,485,2741,0.44234357725463785,0.6613709754156335,-0.10205264075514733,Normal,0.16120743276008762,0.5979341509785329,0.3132492314089005,0.6936923722606398,0.6547643270586083,0.44843759363446345,0.28838268886520446,0.1701924613553753,0.5785075731975582,0.35224906665073463,0.2277795998390036,0.18052005341087637,0.5807636009464777,0.19875977314325072,0.039570072568774275,2026-09-08T21:56:29Z
824792,663993,Nathaniel Lowe,CLE,BAL,0,5,confirmed,Brandon Young,Oriole Park at Camden Yards,2026-09-08T22:35:00Z,4.1984646005118,2927,839,0.4601237600501562,0.6439785190578724,-0.5919685350629594,Normal,0.1357666187166912,0.6537414400869063,0.37172346107742826,0.5980603754708858,0.677475308424109,0.47386801757341035,0.31140401539492824,0.1885280636414291,0.6301487176280146,0.38244523549873755,0.23293196956466639,0.1678472629496127,0.6328956430656925,0.24828461038946756,0.05936257546562233,2026-09-08T21:56:29Z
824792,687637,Dylan Beavers,BAL,CLE,1,6,confirmed,Tanner Bibee,Oriole Park at Camden Yards,2026-09-08T22:35:00Z,3.8949264485139596,432,2741,0.4310631683404244,0.6533416634405,-0.5026428250331157,Normal,0.11145635517243557,0.6009000450562697,0.3789171146703274,0.6897536369958239,0.6402579268180297,0.43334553720097685,0.2755097654540793,0.1604930415170036,0.5812831931631389,0.34295243261509273,0.19765928975550803,0.13911400009537392,0.5835612275287421,0.2007270655131481,0.04002567860744939,2026-09-08T21:56:29Z
824792,682657,Angel Martínez,CLE,BAL,0,6,confirmed,Brandon Young,Oriole Park at Camden Yards,2026-09-08T22:35:00Z,4.063225412339646,1017,839,0.43306023830031404,0.6386302843782242,0.3212640596264272,Normal,0.12442385107612776,0.6226341880647517,0.27758280541901226,0.5814649260696254,0.6528150347987621,0.44779276034459015,0.2888028309436948,0.17120835938939805,0.6013495988999099,0.3628445743241026,0.2162289014998494,0.15473377473634958,0.6038246695903733,0.22094334798477966,0.04855133762848231,2026-09-08T21:56:29Z
824792,677942,Blaze Alexander,BAL,CLE,1,7,confirmed,Tanner Bibee,Oriole Park at Camden Yards,2026-09-08T22:35:00Z,3.758148631029987,737,2741,0.3856273889684256,0.638768245414749,0.5841458265463084,Normal,0.07949257511795278,0.6028718936645807,0.2813936419795823,0.674534488446566,0.6217402983515922,0.41434955854388855,0.2594999092019692,0.14856941857067946,0.5831663469724752,0.3196300380068694,0.169454639537287,0.10769959740823995,0.5854543651991432,0.20141134916010123,0.03986754390970901,2026-09-08T21:56:29Z
824792,672275,Patrick Bailey,CLE,BAL,0,7,confirmed,Brandon Young,Oriole Park at Camden Yards,2026-09-08T22:35:00Z,3.926675514266755,1555,839,0.3858699862548054,0.624199431060661,0.5444881919639817,Normal,0.08926131311367592,0.6154827547188992,0.24373705177818308,0.6841513788924055,0.6240904034636294,0.4180570998129124,0.2634902319949806,0.15214925579335842,0.5947738328761571,0.33518832040719526,0.18417952150522404,0.12011620360094817,0.597180843416368,0.21389792666898483,0.04549125960065468,2026-09-08T21:56:29Z
824792,681297,Colton Cowser,BAL,CLE,1,8,confirmed,Tanner Bibee,Oriole Park at Camden Yards,2026-09-08T22:35:00Z,3.60296191819464,1345,2741,0.44394017515440987,0.6257063322336779,-0.6550862217075336,Normal,0.13335840461699486,0.5386208975867005,0.3388780453615108,0.763568705317321,0.620316656312252,0.41205257458027883,0.25706322696699,0.14643479669577156,0.523226071972762,0.30116435266656705,0.18643398795197527,0.14751268161822312,0.5250109054397152,0.1537886881148999,0.025000679937515508,2026-09-08T21:56:29Z
824792,690984,Petey Halpin,CLE,BAL,0,8,confirmed,Brandon Young,Oriole Park at Camden Yards,2026-09-08T22:35:00Z,3.768965517241379,176,839,0.432304620599787,0.6101123566091767,-0.37041299671816647,Normal,0.10405184288152432,0.59288650885879,0.26711142426253676,0.5043153050179048,0.6310618994564998,0.4244112441443575,0.26838562858293163,0.15550119433543963,0.573813581787597,0.3231912743777357,0.18506219500671123,0.12917017457073784,0.5760286234353094,0.1950277820310243,0.03860090925567591,2026-09-08T21:56:29Z
824792,665750,Leody Taveras,BAL,CLE,1,9,confirmed,Tanner Bibee,Oriole Park at Camden Yards,2026-09-08T22:35:00Z,3.413678373382625,2048,2741,0.38435129086684966,0.6326345682515405,-1.9479900353514705,Normal,0.07263885907143881,0.5361506258715824,0.21445560903622327,0.6481523466484566,0.5795694814382435,0.37266122828191584,0.22529062302647476,0.12368387678230969,0.5209993232462997,0.27160551296914104,0.14386050038188664,0.09368518739944469,0.5227553598615751,0.15075557152278465,0.02360473984119901,2026-09-08T21:56:29Z
824792,677587,Brayan Rocchio,CLE,BAL,0,9,confirmed,Brandon Young,Oriole Park at Camden Yards,2026-09-08T22:35:00Z,3.614904408895825,1444,839,0.4227596934015168,0.6092672817663104,-0.12536658335909895,Normal,0.09062493383494405,0.5680177782296194,0.2857800379120806,0.4323844902805837,0.6028854945333169,0.3963216917377023,0.24513268516510608,0.13842248080546316,0.5506723438577725,0.30304882561240226,0.16514425234876315,0.1129174135263386,0.5526851272601536,0.17547735123779043,0.0319205626243343,2026-09-08T21:56:29Z
824875,671739,Michael Harris II,ATL,TB,1,1,confirmed,Freddy Peralta,Truist Park,2026-09-08T23:15:00Z,4.42185815908601,2640,3088,0.595591617599804,0.6732506242116452,-0.5132134357596658,Normal,0.1528239836457582,0.6940841623636677,0.24547991041544892,0.6509819638679527,0.721378636864853,0.5244956380978635,0.35817334737922035,0.22639712489046113,0.6672554354612013,0.42807062897848813,0.27240881895841196,0.19673939906975413,0.6703873299042753,0.28933022539995656,0.07864160457172265,2026-09-08T21:56:29Z
824875,650490,Yandy Díaz,TB,ATL,0,1,confirmed,AJ Smith-Shawver,Truist Park,2026-09-08T23:15:00Z,4.607438016528926,3045,398,0.5655658794383507,0.6313138311244157,0.6926922134553548,Normal,0.11285005257456869,0.7236563790578793,0.37641372258962585,0.5335064804823968,0.7241085951067094,0.5288668791814692,0.363241028673266,0.23133258763519246,0.694379092655228,0.43553818195825916,0.2550077472488248,0.1652205915324648,0.6978068781824157,0.3231033187950237,0.09710204690806468,2026-09-08T21:56:29Z
824875,660670,Ronald Acuña Jr.,ATL,TB,1,2,confirmed,Freddy Peralta,Truist Park,2026-09-08T23:15:00Z,4.319187089061566,2302,3088,0.5985452465793385,0.6714254688536007,1.2583975604382815,Normal,0.15823788754238802,0.6446744877777189,0.4191937684808397,0.733323064744915,0.711853940512439,0.5126437062913664,0.3465668705049729,0.21650622815171683,0.6217461552441947,0.37943061918124477,0.24116464809922356,0.1839823783263359,0.6244152463666075,0.2406752217947462,0.056631175586037974,2026-09-08T21:56:29Z
824875,666018,Jonathan Aranda,TB,ATL,0,2,confirmed,AJ Smith-Shawver,Truist Park,2026-09-08T23:15:00Z,4.5213555243633445,1361,398,0.5652087346061593,0.6257998508547118,-0.4827858726303958,Normal,0.1385854172901271,0.6760739442929933,0.39755265362612746,0.6950859513665556,0.7097904026575881,0.5115747853784178,0.3466300943499879,0.21737890902796522,0.6506640018445224,0.4008633791066362,0.2435069847513459,0.1737841893912484,0.6536286147080999,0.2722244374477667,0.07146090704678924,2026-09-08T21:56:29Z
824875,621566,Matt Olson,ATL,TB,1,3,confirmed,Freddy Peralta,Truist Park,2026-09-08T23:15:00Z,4.227088402270884,3452,3088,0.5517466045119783,0.6627339723346525,-2.538178948227942,Cold,0.21322317107516395,0.6195880105486075,0.37663366921330704,0.7339636232002392,0.70511583513811,0.5042805616390968,0.3383914734737591,0.20954904475906888,0.5985490824932841,0.4050498560306682,0.27977804154730673,0.2336523996265541,0.600995232451868,0.21800039634781757,0.04733253892221971,2026-09-08T21:56:29Z
824875,691406,Junior Caminero,TB,ATL,0,3,confirmed,AJ Smith-Shawver,Truist Park,2026-09-08T23:15:00Z,4.40828402366864,1491,398,0.5372269349568906,0.6158747445156286,-0.6314589365450912,Normal,0.19173256530048446,0.6718997099890722,0.336541932020224,0.6146076032781481,0.7294466651124979,0.5343129110736125,0.36761052562922913,0.23430813638413747,0.6468257112898976,0.4175046307588993,0.27838585393657356,0.21937483289410775,0.6497497684545058,0.2676260496495167,0.06898489855592967,2026-09-08T21:56:29Z
824875,686948,Drake Baldwin,ATL,TB,1,4,confirmed,Freddy Peralta,Truist Park,2026-09-08T23:15:00Z,4.140632603406326,982,3088,0.4700498702847016,0.6484394915837787,-1.0343112402802668,Normal,0.14433113215095927,0.6430741236221463,0.3406666617597888,0.6345305569953471,0.6943493664204762,0.4915697502084972,0.326452949353755,0.19974915405312776,0.6203355437245824,0.36816151396585745,0.22673924968148507,0.16919138967002906,0.622980589563564,0.2373030905074794,0.05406885810200181,2026-09-08T21:56:29Z
824875,689414,Liam Hicks,TB,ATL,0,4,confirmed,AJ Smith-Shawver,Truist Park,2026-09-08T23:15:00Z,4.334481062469258,892,398,0.4762519637816587,0.5973998626090706,0.41298384172905844,Normal,0.122545329283316,0.6507918487466321,0.4347132242489821,0.4382509907063358,0.6860862489544935,0.48388865417152327,0.320740111588768,0.1961549790464969,0.6273890610449421,0.3634623030882966,0.21419487439393253,0.15131737679858834,0.6301145557865633,0.24662808436544284,0.05934119542445679,2026-09-08T21:56:29Z
824875,643289,Mauricio Dubón,ATL,TB,1,5,confirmed,Freddy Peralta,Truist Park,2026-09-08T23:15:00Z,4.019025655808591,2131,3088,0.41259555720534313,0.6339885279120729,-0.23352079116127583,Normal,0.08062409106670938,0.6190020500468079,0.22694385502685888,0.4983522936829501,0.6456279100914765,0.4390345763074585,0.28043789101376304,0.16426354837379845,0.5980791354223209,0.3350106079298492,0.17682120097105797,0.11127110321006445,0.6005103051033531,0.21572281926708406,0.04542909897542184,2026-09-08T21:56:29Z
824875,802415,Chandler Simpson,TB,ATL,0,5,confirmed,AJ Smith-Shawver,Truist Park,2026-09-08T23:15:00Z,4.1984646005118,989,398,0.4299222008756576,0.5822737784225059,0.2399382745972259,Normal,0.06677661489622944,0.6966235160126714,0.23291516872949425,0.38778507674399554,0.6762805908860895,0.47257710413352927,0.31027058620195386,0.1876515400175256,0.6696348120281267,0.3774796792713341,0.1997131276532297,0.11419719905662967,0.6727834111025702,0.2899484022839343,0.07755741845731139,2026-09-08T21:56:29Z
824875,645277,Ozzie Albies,ATL,TB,1,6,confirmed,Freddy Peralta,Truist Park,2026-09-08T23:15:00Z,3.8949264485139596,2645,3088,0.42339430248868376,0.623814185677766,-0.9516031260563564,Normal,0.11171853850582822,0.588922788892614,0.28016444446734673,0.5546832783172754,0.6460457376786376,0.43922833172147935,0.28043371727003086,0.16413646623755276,0.5701349035730815,0.3281909472803607,0.18923543421090996,0.135340932530468,0.572316043438306,0.1914465733839473,0.03696730423854662,2026-09-08T21:56:29Z
824875,676356,Jonny DeLuca,TB,ATL,0,6,confirmed,AJ Smith-Shawver,Truist Park,2026-09-08T23:15:00Z,4.063225412339646,777,398,0.3809458807981777,0.5727691132604855,-0.1853781334101616,Normal,0.08358654674663009,0.6306442784703582,0.24881024597724755,0.6081511753740715,0.646789375862359,0.44157749687203823,0.28352413435431734,0.16724168844946752,0.6087733024635179,0.35184086707018275,0.19598160009584628,0.12339895407354394,0.611317247889776,0.22776738282450745,0.051118456190353184,2026-09-08T21:56:29Z
824875,663586,Austin Riley,ATL,TB,1,7,confirmed,Freddy Peralta,Truist Park,2026-09-08T23:15:00Z,3.758148631029987,2888,3088,0.4221586824838736,0.609596727179484,0.11881784402600787,Normal,0.12730251663708958,0.5731404478621595,0.2807592300045567,0.8171305129818904,0.6456162652531625,0.4381963698785957,0.27919261381064087,0.16296279215295106,0.5554639867124289,0.3272932406327101,0.19688090468531333,0.14807553128438872,0.5575150559418421,0.17888373765514298,0.03268159960403117,2026-09-08T21:56:29Z
824875,683748,Victor Mesa Jr.,TB,ATL,0,7,confirmed,AJ Smith-Shawver,Truist Park,2026-09-08T23:15:00Z,3.926675514266755,239,398,0.4607271377599432,0.559761717079713,0.5315540555604676,Normal,0.15253106091243449,0.5899204751516738,0.31432484347874606,0.569732380723861,0.6576860213980856,0.45213177711457053,0.2920490781322738,0.1733495971693205,0.5710025182030137,0.3420815419736472,0.22115639343340243,0.17301957973816662,0.5731997948618176,0.19357190270958463,0.03846712796268172,2026-09-08T21:56:29Z
824875,573262,Mike Yastrzemski,ATL,TB,1,8,confirmed,Freddy Peralta,Truist Park,2026-09-08T23:15:00Z,3.60296191819464,2327,3088,0.44170105190796505,0.5996651125001761,-0.6903690119952565,Normal,0.11354199963328877,0.527568826792761,0.3657685894019393,0.621217520982786,0.61085572918993,0.4029063988840398,0.2496973001246926,0.14117298885358648,0.512843590077366,0.30488704460279914,0.18039184699205257,0.13407794443264473,0.5145505091294864,0.14664791766391136,0.023117369769647112,2026-09-08T21:56:29Z
824875,680700,Richie Palacios,TB,ATL,0,8,confirmed,AJ Smith-Shawver,Truist Park,2026-09-08T23:15:00Z,3.768965517241379,940,398,0.4543274117534679,0.5527093040388297,-0.015088065116563083,Normal,0.09915927798863691,0.560689427077556,0.38883310296898493,0.5087192542210152,0.619626480395074,0.4131293959459606,0.2591249134780564,0.14875427135649746,0.5437596390015846,0.29737439022039647,0.16766269198528125,0.11910460755711913,0.5457243246781804,0.17125768414012651,0.03108523994570818,2026-09-08T21:56:29Z
824875,669221,Sean Murphy,ATL,TB,1,9,confirmed,Freddy Peralta,Truist Park,2026-09-08T23:15:00Z,3.413678373382625,1725,3088,0.4058775137730019,0.6059156773304967,0.04029244373708246,Normal,0.11350554333566515,0.49609733246643595,0.3333417342373623,0.7482227794109056,0.5921825393611376,0.3842561517559336,0.23428398101803166,0.12989107510797782,0.48327484530108794,0.2753151013656284,0.16123610612691766,0.1262200016248595,0.4847602430127383,0.12627932966384434,0.017650695523849267,2026-09-08T21:56:29Z
824875,622761,Jorge Mateo,TB,ATL,0,9,confirmed,AJ Smith-Shawver,Truist Park,2026-09-08T23:15:00Z,3.614904408895825,1354,398,0.46035853599318943,0.550336592238862,-1.901727081636517,Normal,0.07386687673607009,0.5420742348778447,0.23807226838828321,0.6760400243730499,0.6117783051259899,0.4048268155599416,0.251951709382353,0.14328481987526015,0.5263787457917825,0.29245048485099456,0.156602432842225,0.10067115288197427,0.5281991610029152,0.15752386904665194,0.026696662945596285,2026-09-08T21:56:29Z
824957,671732,Lawrence Butler,ATH,TOR,1,1,projected,José Soriano,Sutter Health Park,2026-09-09T01:40:00Z,4.42185815908601,1676,2031,0.6102338026576806,0.6811842251779663,-0.6183228975655709,Normal,0.13967321338167016,0.6333344295485676,0.428928770448834,0.7151179553508082,0.694415186669491,0.4936009890259769,0.3297919390173721,0.20354092554151454,0.6112063484188246,0.3766121809204206,0.23199860976353573,0.1705235332914779,0.61378210544033,0.23180664645903173,0.05379184536134686,2026-09-08T21:56:29Z
824957,543807,George Springer,TOR,ATH,0,1,projected,Jack Perkins,Sutter Health Park,2026-09-09T01:40:00Z,4.607438016528926,2930,613,0.6491310001679085,0.6271291537833941,-0.18008892124719195,Normal,0.14290782153010978,0.6845076389188428,0.4088880207637146,0.6222690606388285,0.7257752419213063,0.5308407502825242,0.3651044846701944,0.23287207999524948,0.6584083960904092,0.4110538970207426,0.2556460594232796,0.1828655707014614,0.6614560969228884,0.2815979447620049,0.07646091667689384,2026-09-08T21:56:29Z
824957,666126,Carlos Cortes,ATH,TOR,1,2,projected,José Soriano,Sutter Health Park,2026-09-09T01:40:00Z,4.319187089061566,436,2031,0.48109871571584323,0.6795121881174986,-0.13229812825197096,Normal,0.1151173812006869,0.6543621983942044,0.3585916248027359,0.5640199868472048,0.6774330623994536,0.47419639717779605,0.3119585807897794,0.18915010287776501,0.6306982823350809,0.3830839774529058,0.22552861056815465,0.15384841447208356,0.6334540833411987,0.24946479739748184,0.06020342341367549,2026-09-08T21:56:29Z
824957,669701,Josh Smith,TOR,ATH,0,2,projected,Jack Perkins,Sutter Health Park,2026-09-09T01:40:00Z,4.5213555243633445,1840,613,0.5759313698674742,0.6213272755347956,-0.6283887811409566,Normal,0.11653381930894023,0.6480633079271882,0.48961479730725654,0.6787522707964382,0.6818032448903477,0.4802026376426657,0.3182174981240571,0.19474487548495592,0.6248092716659638,0.3707570611382625,0.21757405176539574,0.15044983896576264,0.6275186634381924,0.2457882973792198,0.06000807162453687,2026-09-08T21:56:29Z
824957,680869,Zack Gelof,ATH,TOR,1,3,projected,José Soriano,Sutter Health Park,2026-09-09T01:40:00Z,4.227088402270884,1313,2031,0.5167708327377236,0.6728039619124075,0.24093002456779436,Normal,0.11734836874801381,0.6292499761972029,0.35427173135111784,0.8034223432382561,0.6831626178405911,0.4798057075210246,0.31643339945591936,0.19226540395529806,0.6075067493435881,0.3669060221380063,0.2164121449852696,0.1510643580420608,0.6100355877747229,0.22616854795378744,0.05037111274892967,2026-09-08T21:56:29Z
824957,664770,Nathan Lukes,TOR,ATH,0,3,projected,Jack Perkins,Sutter Health Park,2026-09-09T01:40:00Z,4.40828402366864,955,613,0.5209337969785639,0.6102642853738452,1.2349421013703916,Normal,0.12924279950917567,0.6791248688704813,0.36008424620975993,0.5611916706043041,0.695575193760155,0.4951433791442255,0.33136147738425736,0.2049198306019608,0.6534821681026123,0.4001270140607953,0.24321914003476897,0.1695248061123343,0.6564736536343335,0.27468818763156044,0.07214633254895514,2026-09-08T21:56:29Z
824957,643446,Jeff McNeil,ATH,TOR,1,4,projected,José Soriano,Sutter Health Park,2026-09-09T01:40:00Z,4.140632603406326,2631,2031,0.44333756336888214,0.6600405076336212,0.35907972880737643,Normal,0.09561401442674931,0.6526474270990664,0.3395730778024278,0.4126833927049683,0.6656278080351515,0.46038701407692106,0.29904349001935265,0.1785690853510562,0.6291800668318067,0.3694619817037544,0.20642132900073806,0.1333561232548176,0.6319108299183266,0.2459049375661968,0.05745933365104287,2026-09-08T21:56:29Z
824957,665489,Vladimir Guerrero Jr.,TOR,ATH,0,4,projected,Jack Perkins,Sutter Health Park,2026-09-09T01:40:00Z,4.334481062469258,3315,613,0.4759373056332693,0.5912377614105381,0.04606399039270744,Normal,0.11134507012779159,0.681340594913538,0.3449818919262052,0.5089742471811587,0.7026632030688743,0.5023946581888422,0.3374012982108212,0.2093335627755766,0.6555600627734427,0.39908008662477834,0.22851670142709932,0.15144635864225683,0.6585667021527638,0.27564931887977856,0.07181421054627207,2026-09-08T21:56:29Z
824957,641680,Jonah Heim,ATH,TOR,1,5,projected,José Soriano,Sutter Health Park,2026-09-09T01:40:00Z,4.019025655808591,2223,2031,0.4154541849605749,0.6473139174690713,-0.7675609334706386,Normal,0.1156747232266813,0.5816552328733704,0.34651790693375106,0.5230399736504748,0.6385564694865071,0.43185654089706693,0.27443165463234936,0.15981832810668808,0.5633434282115265,0.32176535087501024,0.18565938090043857,0.13592342831423446,0.5654691651639769,0.18630548250999865,0.03550460111126177,2026-09-08T21:56:29Z
824957,672386,Alejandro Kirk,TOR,ATH,0,5,projected,Jack Perkins,Sutter Health Park,2026-09-09T01:40:00Z,4.1984646005118,2116,613,0.3975078122261833,0.5755397007393307,-0.16786906088802064,Normal,0.10937100502964646,0.66379124996838,0.36482263903576034,0.46715488609277195,0.6677935840267855,0.4634849606986021,0.3023360248817239,0.18154701136150384,0.6394227958681455,0.3687005158252661,0.207663751786081,0.13980488145267905,0.6422612302576023,0.2576173251072551,0.06323343840859452,2026-09-08T21:56:29Z
824957,691777,Max Muncy,ATH,TOR,1,6,projected,José Soriano,Sutter Health Park,2026-09-09T01:40:00Z,3.8949264485139596,490,2031,0.40485293140098516,0.6379445331439336,0.5972107718197409,Normal,0.10952017295337121,0.5936392602055949,0.3168679665860884,0.8017485638376414,0.6468860145310082,0.4400872173448182,0.2811554565816868,0.16467231004363073,0.5745272877469852,0.3274237544424642,0.18963735596530146,0.13422909403029867,0.5767462986757387,0.1950647985308066,0.03814652473629612,2026-09-08T21:56:29Z
824957,660821,Jesús Sánchez,TOR,ATH,0,6,projected,Jack Perkins,Sutter Health Park,2026-09-09T01:40:00Z,4.063225412339646,2075,613,0.4597363182888814,0.5660357553145257,-0.9072077753424402,Normal,0.12793996878918756,0.630122140148363,0.369729658066276,0.7033697940925233,0.6723584110613666,0.46840067245980505,0.30658288735810624,0.18475043658854412,0.6082896417444285,0.3750136276035951,0.22762005048076028,0.16249336721229896,0.6108290660509886,0.22731803742635617,0.050947522735365514,2026-09-08T21:56:29Z
824957,687231,Darell Hernaiz,ATH,TOR,1,7,projected,José Soriano,Sutter Health Park,2026-09-09T01:40:00Z,3.758148631029987,489,2031,0.3608150477577984,0.6233183099128755,-1.304150241798647,Normal,0.06403757839082326,0.5742462427692193,0.3496274452063048,0.5449929375102895,0.6031481461151533,0.39641703554745084,0.24504918657394015,0.13822770270025556,0.556496502897822,0.2829030231619162,0.1405742784057854,0.0861978105344218,0.5585561212028048,0.17968900412763303,0.03292733984490742,2026-09-08T21:56:29Z
824957,665926,Andrés Giménez,TOR,ATH,0,7,projected,Jack Perkins,Sutter Health Park,2026-09-09T01:40:00Z,3.926675514266755,2633,613,0.42558161478263296,0.5535432570775589,0.7282916522273344,Normal,0.09950042599539509,0.6276906525753283,0.3163360164705945,0.5839084208812716,0.6521998577096834,0.4464345428707484,0.2871945693987328,0.16969491188144617,0.6060957060281389,0.3444915010732752,0.1939975378799714,0.12995170283917565,0.6086066560824288,0.22411427668942197,0.04922503335282496,2026-09-08T21:56:29Z
824957,675961,Alika Williams,ATH,TOR,1,8,projected,José Soriano,Sutter Health Park,2026-09-09T01:40:00Z,3.60296191819464,402,2031,0.38277694241776883,0.6117574444172513,1.1426078273951628,Normal,0.0669867694985931,0.577097634422359,0.26133115616563074,0.6636172490644748,0.6078213900231242,0.4000025501894533,0.24737509265383845,0.13952419951892475,0.5592397538316555,0.3109349133409639,0.16010623813157926,0.09754142595974535,0.5613115254556609,0.1804495652764825,0.03259594732194631,2026-09-08T21:56:29Z
824957,676391,Ernie Clement,TOR,ATH,0,8,projected,Jack Perkins,Sutter Health Park,2026-09-09T01:40:00Z,3.768965517241379,1833,613,0.42590625314234004,0.5473062782067751,-0.31846988702107815,Normal,0.07283884198669086,0.632253191560132,0.2238997983664244,0.40136512667815943,0.6462989248419772,0.4397792506331282,0.28119827225454797,0.16496182355914443,0.6103698135867293,0.34189629960712975,0.17889130517782276,0.10797316440799537,0.6129140951835859,0.22707748227905455,0.04988778826152105,2026-09-08T21:56:29Z
824957,661531,Brian Serven,ATH,TOR,1,9,projected,José Soriano,Sutter Health Park,2026-09-09T01:40:00Z,3.413678373382625,365,2031,0.3803982300128095,0.6184668943716618,-0.6961227433194714,Normal,0.08599291567029226,0.5290918377282081,0.26726370155072443,0.6669009983534431,0.590585355120778,0.3827752437776196,0.23312851863893602,0.129089452023448,0.514367046563796,0.2707016231828694,0.14658157245574657,0.10267564313364701,0.5160734893522947,0.14623538370314937,0.022449476413075247,2026-09-08T21:56:29Z
824957,664702,Myles Straw,TOR,ATH,0,9,projected,Jack Perkins,Sutter Health Park,2026-09-09T01:40:00Z,3.614904408895825,1710,613,0.45999817395225534,0.5444186780119502,1.3571210843530075,Normal,0.057620035915634485,0.5692572838715829,0.2919191432956092,0.4683281416538286,0.6044360760764742,0.3977960265161544,0.24630988526114928,0.13925888335537945,0.5518307235342619,0.2869177203819797,0.14161320208433617,0.08353715230666069,0.5538529727173028,0.17636785560469567,0.03219033570535953,2026-09-08T21:56:29Z
