game_pk,player_id,name,team,opponent,is_home,lineup_slot,lineup_status,opposing_pitcher,venue_name,start_time_utc,expected_pa,batter_pa_seen,pitcher_pa_seen,exp_runs,starter_share,form_z,form_state,prob_hr,prob_hit,prob_walk,prob_k,prob_hrr_over_0.5,prob_hrr_over_1.5,prob_hrr_over_2.5,prob_hrr_over_3.5,prob_tb_over_0.5,prob_tb_over_1.5,prob_tb_over_2.5,prob_tb_over_3.5,prob_hits_over_0.5,prob_hits_over_1.5,prob_hits_over_2.5,predicted_at_utc
822684,682928,CJ Abrams,WSH,LAA,1,1,projected,Yusei Kikuchi,Nationals Park,2026-09-11T22:45:00Z,4.426792528620204,2753,2878,0.5758370217254555,0.6642671417751964,-3.0148292518793496,Cold,0.12053212270360174,0.6481540730135757,0.3273024824612375,0.7714705484387127,0.6886003107795157,0.4866857291410664,0.32266115228131503,0.19772651038857894,0.6238587145159644,0.38701576998488685,0.2360933812745316,0.16333179859756253,0.6271021752000764,0.24513914004378287,0.05932063063428058,2026-09-11T04:08:06Z
822684,687263,Zach Neto,LAA,WSH,0,1,projected,Cade Cavalli,Nationals Park,2026-09-11T22:45:00Z,4.609910802775024,2115,905,0.5881415740971242,0.6276500807489652,2.0364612907941524,Hot,0.12956968978760516,0.6781737995903998,0.3408292202297033,0.817718102751843,0.7099902272090071,0.5120236761284298,0.3466419878261261,0.21756773945822758,0.6513984877655644,0.4195373293871448,0.25566447668343784,0.1775287430635972,0.6549811410111301,0.27545096212397024,0.07382398876949817,2026-09-11T04:08:06Z
822684,695578,James Wood,WSH,LAA,1,2,projected,Yusei Kikuchi,Nationals Park,2026-09-11T22:45:00Z,4.315345699831366,1591,2878,0.5777370387378779,0.6652180905464774,0.5544088054706304,Normal,0.15596886581735406,0.6358949658464587,0.4776320334719851,0.8104575446502784,0.6987268912205307,0.49735469338960414,0.33175313512406096,0.20450395156667103,0.6125991657550142,0.39057765623120094,0.24765027338865628,0.18706546644415217,0.6157064673253634,0.23318731700913467,0.05385999564954887,2026-09-11T04:08:06Z
822684,545361,Mike Trout,LAA,WSH,0,2,projected,Cade Cavalli,Nationals Park,2026-09-11T22:45:00Z,4.515731614859742,2108,905,0.5729447566078024,0.6236470932080184,0.3914069821645722,Normal,0.14820072059866918,0.6545857947105505,0.460215357349464,0.8042193713490673,0.7150721716203119,0.5173030893832847,0.3510552122297928,0.22077502941153448,0.629751983012675,0.3959334262550579,0.24836291919968317,0.18283444715611383,0.6330695294859727,0.2519292548833127,0.06277168421059753,2026-09-11T04:08:06Z
822684,691781,Brady House,WSH,LAA,1,3,projected,Yusei Kikuchi,Nationals Park,2026-09-11T22:45:00Z,4.23125,587,2878,0.4804739668256666,0.6599620634352052,0.5233163989237446,Normal,0.12186099185640456,0.6612459369309198,0.2923819543421292,0.7375856698760923,0.6814667572070081,0.47745112513324617,0.31340697179454724,0.18972783928652123,0.6359847940056556,0.3850598775124135,0.22641334193136722,0.15679223065456963,0.6393563706821828,0.2549133352477086,0.0619496628414356,2026-09-11T04:08:06Z
822684,518595,Travis d'Arnaud,LAA,WSH,0,3,projected,Cade Cavalli,Nationals Park,2026-09-11T22:45:00Z,4.408106607440311,1363,905,0.46180071263676836,0.6195310647854503,-1.4021197659577296,Normal,0.10954194161369767,0.6404694247640087,0.32636584643589817,0.7945537272081308,0.6790588298676519,0.47640481998631445,0.31365760893861316,0.1907984515333869,0.6167657587658189,0.37766654825252616,0.2170557110690418,0.14733575467232862,0.6199295841909501,0.23856307729036919,0.05683267505532132,2026-09-11T04:08:06Z
822684,660688,Keibert Ruiz,WSH,LAA,1,4,projected,Yusei Kikuchi,Nationals Park,2026-09-11T22:45:00Z,4.1384217335058215,2072,2878,0.3745317238224846,0.6497354371781815,1.0663147767921899,Normal,0.088221676759319,0.6490980572552432,0.23841043594836478,0.4712425523798279,0.6538994532358549,0.4475250350818797,0.287042093659656,0.16931804134696987,0.6248482129778842,0.3625847625096996,0.194840593740993,0.12303223835709286,0.6280820330358707,0.24278318923336836,0.05634808025863572,2026-09-11T04:08:06Z
822684,666139,Josh Lowe,LAA,WSH,0,4,projected,Cade Cavalli,Nationals Park,2026-09-11T22:45:00Z,4.3201830863121184,1822,905,0.47142037103501494,0.607307090607683,-0.43343547478600464,Normal,0.12026922388025058,0.6382870839155282,0.3259225642267383,0.7727305122897001,0.6738921767515232,0.4700473081190385,0.3075093350642515,0.18563545140890686,0.6148045466456159,0.3782731306435032,0.22552451372141555,0.15737450316947935,0.6179373595904601,0.2354378242165873,0.05489550685448786,2026-09-11T04:08:06Z
822684,686611,Dylan Crews,WSH,LAA,1,5,projected,Yusei Kikuchi,Nationals Park,2026-09-11T22:45:00Z,4.019583228722069,841,2878,0.4677306434550222,0.6337052095635957,0.4271846251232522,Normal,0.12061390925881929,0.613265632439359,0.3322528905590877,0.6798358203705687,0.6568373314778967,0.4501179561626729,0.28889947847894276,0.1704479400884561,0.591819725422074,0.34988297320109096,0.20848942890293182,0.14899951580780932,0.5946755007016228,0.21128142220221904,0.044058387355952425,2026-09-11T04:08:06Z
822684,624428,Adam Frazier,LAA,WSH,0,5,projected,Cade Cavalli,Nationals Park,2026-09-11T22:45:00Z,4.19656862745098,1947,905,0.43408481147148675,0.5901692009772872,-1.234365916969715,Normal,0.08020489192079815,0.6373925260450374,0.3147617147423219,0.6102790599009841,0.6474268366056345,0.44170302266498024,0.2827286291303167,0.16654760742740024,0.6140089815781987,0.3497102711346909,0.18903454239085635,0.11728966625935318,0.6171275461900569,0.2338580371032226,0.05376223008419556,2026-09-11T04:08:06Z
822684,695734,Daylen Lile,WSH,LAA,1,6,projected,Yusei Kikuchi,Nationals Park,2026-09-11T22:45:00Z,3.8880460371436043,954,2878,0.42756923019863535,0.6162425166093565,-0.5391106565989946,Normal,0.10338322361416005,0.6216974490588937,0.2556938041534151,0.6235721961336654,0.6514484292141057,0.4442074162139803,0.28363735703268833,0.1663269820441734,0.5996341620077614,0.3571521623887451,0.21593546014611031,0.14442283631176558,0.6025722504774064,0.2177134156108779,0.04599803309273704,2026-09-11T04:08:06Z
822684,687093,Vaughn Grissom,LAA,WSH,0,6,projected,Cade Cavalli,Nationals Park,2026-09-11T22:45:00Z,4.059180977542933,755,905,0.39359991361771274,0.5732583228120098,-0.32936262985110165,Normal,0.07651686225133889,0.6300021379260348,0.28442799299136945,0.6301213252914221,0.6376232759258903,0.43149933454272377,0.2739811734133765,0.15991587764334164,0.6072010406043646,0.3423757253349655,0.18037173375757704,0.11077883808874346,0.6102405926598569,0.2270902094763228,0.05088782724498096,2026-09-11T04:08:06Z
822684,677588,José Tena,WSH,LAA,1,7,projected,Yusei Kikuchi,Nationals Park,2026-09-11T22:45:00Z,3.743481917577797,648,2878,0.383405386634223,0.5990180413332784,-1.680890511131023,Normal,0.0727666624549605,0.5820951719070446,0.3012323874751388,0.7444616998730477,0.607821378610375,0.40033588723716285,0.2472451225420238,0.13967344204940718,0.5629812127849241,0.3108188183660629,0.16319258310739954,0.10199069902077651,0.5655236096282904,0.1857657252102592,0.03493508295533741,2026-09-11T04:08:06Z
822684,642350,Jose Siri,LAA,WSH,0,7,projected,Cade Cavalli,Nationals Park,2026-09-11T22:45:00Z,3.911664779161948,1379,905,0.4470276610461621,0.5565696341328885,-1.6000295837229415,Normal,0.11563909069452592,0.5673242803530778,0.2579698621780692,0.8540457977225092,0.6375110039051103,0.4308825288846016,0.27314005554694193,0.15907128815253302,0.5491236502710667,0.32098255607371307,0.18965884125184856,0.13866308090618448,0.5515451156800629,0.17692003760706404,0.03318500071195977,2026-09-11T04:08:06Z
822684,678391,Jorbit Vivas,WSH,LAA,1,8,projected,Yusei Kikuchi,Nationals Park,2026-09-11T22:45:00Z,3.5904365904365902,390,2878,0.38048264585742436,0.5924289408554806,0.8043189811055558,Normal,0.0623827067875047,0.5456000166364902,0.36531752757642705,0.49954778254781307,0.5822315212760021,0.37541635572261234,0.22704934100156177,0.1251809059225014,0.5290548193598581,0.2739348615819709,0.13554890221021648,0.0838706287788462,0.5312534694732236,0.15859178235903285,0.026370191659392424,2026-09-11T04:08:06Z
822684,672724,Oswald Peraza,LAA,WSH,0,8,projected,Cade Cavalli,Nationals Park,2026-09-11T22:45:00Z,3.758782201405152,875,905,0.34445746117931514,0.5501265695338865,-0.5332165406101975,Normal,0.06620944846536463,0.5561559599950965,0.2614874140312878,0.7736662613574695,0.5799004580784306,0.374876962359395,0.2276632437620395,0.12630554742049288,0.5387581409259409,0.280609126310099,0.1414380831646265,0.088603904199002,0.5410719058070208,0.16827656326872012,0.03027713976508279,2026-09-11T04:08:06Z
822684,696285,Jacob Young,WSH,LAA,1,9,projected,Yusei Kikuchi,Nationals Park,2026-09-11T22:45:00Z,3.397517408416591,1441,2878,0.4438868634865156,0.5986762852542374,0.7436025336778677,Normal,0.07378371289197062,0.5742972530567736,0.31193458849383887,0.4759396843889735,0.604370514087872,0.3949794553241387,0.2416841841680828,0.13489694734116903,0.5559311072117482,0.2930882631810022,0.15141661234230688,0.0966243980156611,0.5583721378089899,0.1768862545977583,0.030843135761758442,2026-09-11T04:08:06Z
822684,623168,Tyler Heineman,LAA,WSH,0,9,projected,Cade Cavalli,Nationals Park,2026-09-11T22:45:00Z,3.592217652641569,594,905,0.38458846467778995,0.5524914935228095,-0.44605651826329773,Normal,0.054004020980127306,0.5527808972011907,0.26519561462130975,0.48484294488434876,0.5774514540030815,0.37203454800429314,0.22510218081017314,0.1243056095025912,0.5356698894189726,0.27281852320247046,0.13281680718381997,0.07790918942700326,0.5379449498728166,0.16502594873632928,0.028972654880944648,2026-09-11T04:08:06Z
822767,543807,George Springer,TOR,BAL,1,1,projected,Chris Bassitt,Rogers Centre,2026-09-11T23:07:00Z,4.426792528620204,2931,3453,0.5627313669129744,0.6649872036397777,-0.29973276454264647,Normal,0.11703667101722302,0.6645396478887258,0.33533789435973227,0.5904205263070379,0.7024589918234985,0.5022371621978985,0.33671691448586355,0.20885904387073703,0.6389318964147016,0.3843632841783043,0.22716158611946402,0.15523629916327977,0.6423531293024526,0.2603236777923074,0.0657365144498137,2026-09-11T04:08:06Z
822767,683002,Gunnar Henderson,BAL,TOR,0,1,projected,Max Scherzer,Rogers Centre,2026-09-11T23:07:00Z,4.609910802775024,2771,1993,0.6900789811720326,0.5979833362360603,-0.5488592288772061,Normal,0.17731772502289386,0.6633110904595242,0.43262292643848804,0.6552617227093098,0.725340512804408,0.5299993206572372,0.36345848774487005,0.23131603617964258,0.6377450432811432,0.4205028056512035,0.2842714963796267,0.2170544076725744,0.6411631113447406,0.2610693853274096,0.06733794072596426,2026-09-11T04:08:06Z
822767,669701,Josh Smith,TOR,BAL,1,2,projected,Chris Bassitt,Rogers Centre,2026-09-11T23:07:00Z,4.315345699831366,1845,3453,0.5539631002596684,0.6660577908366196,-0.16466114077461375,Normal,0.11775321264183226,0.6633914257146659,0.4502741715970639,0.5892052601744551,0.684887959458581,0.4819428055751066,0.3179263105401323,0.1936366534939252,0.637910429104541,0.3825809783955669,0.22484000059904177,0.1540667580082163,0.6413130984454264,0.2581490379133679,0.06406536225494884,2026-09-11T04:08:06Z
822767,702616,Jackson Holliday,BAL,TOR,0,2,projected,Max Scherzer,Rogers Centre,2026-09-11T23:07:00Z,4.515731614859742,1194,1993,0.5183393294914052,0.5874480927724671,-1.0005722093592133,Normal,0.12547532318451818,0.6380574030067724,0.34901752916375756,0.6897998921480709,0.6716233664991357,0.46869298239192386,0.3071303287096064,0.18594283718951318,0.614522706681437,0.362774970102362,0.2196375846312864,0.15679965237006482,0.6176643645463513,0.23698569589861831,0.056573338414502176,2026-09-11T04:08:06Z
822767,664770,Nathan Lukes,TOR,BAL,1,3,projected,Chris Bassitt,Rogers Centre,2026-09-11T23:07:00Z,4.23125,960,3453,0.5042042076701418,0.6609275534541881,1.8187426546565184,Normal,0.12684846973124528,0.6984656578711914,0.32525448368789395,0.46782031399331186,0.7009117734212925,0.4990565546982214,0.33272047534433713,0.20484009063392564,0.6700915346811437,0.4143587496729657,0.2503752957034944,0.17111563564651205,0.6738853461332084,0.2914709279290286,0.07810241718777067,2026-09-11T04:08:06Z
822767,624413,Pete Alonso,BAL,TOR,0,3,projected,Max Scherzer,Rogers Centre,2026-09-11T23:07:00Z,4.408106607440311,3384,1993,0.5448823601104228,0.5777008844121763,-0.2381899419612942,Normal,0.22626263759084697,0.6506125585951861,0.332849156607999,0.7604909183409503,0.7155241528636171,0.5174831058514753,0.35091708913582875,0.22041280172687297,0.6261111081168114,0.4209112582750644,0.2956284824832619,0.2469694854614423,0.6293828664526014,0.2477015454989428,0.06058531587398859,2026-09-11T04:08:06Z
822767,665489,Vladimir Guerrero Jr.,TOR,BAL,1,4,projected,Chris Bassitt,Rogers Centre,2026-09-11T23:07:00Z,4.1384217335058215,3323,3453,0.4124048621648047,0.6507930230018206,0.009726685216106038,Normal,0.09131984441313734,0.6593006312649525,0.2819723425279731,0.4775647549588597,0.6806513756797847,0.4759705731747501,0.31164312848751957,0.1880144683027989,0.634229264668693,0.3717071734274253,0.20165089659334523,0.1276623328771349,0.6375739452176082,0.25210317373854335,0.060103975402081865,2026-09-11T04:08:06Z
822767,694212,Samuel Basallo,BAL,TOR,0,4,projected,Max Scherzer,Rogers Centre,2026-09-11T23:07:00Z,4.3201830863121184,489,1993,0.48316104540121824,0.563768827447315,-0.7001715196581089,Normal,0.18731457455066283,0.6158819782613356,0.33966765436919616,0.7327271017626849,0.6760602085004211,0.4723888741721478,0.30956496597441174,0.18722218888128747,0.5941112526818937,0.37599365040330635,0.25436919355260446,0.2070799131830268,0.5970133032690219,0.21629451781530257,0.04756153160475716,2026-09-11T04:08:06Z
822767,672386,Alejandro Kirk,TOR,BAL,1,5,projected,Chris Bassitt,Rogers Centre,2026-09-11T23:07:00Z,4.019583228722069,2124,3453,0.3460125611079788,0.6349066792112169,-0.0535207635492432,Normal,0.09135106827685281,0.6424149771447817,0.29591231352531255,0.44420341416441195,0.6402936349116627,0.43310681780849264,0.2745538990213323,0.15978755843308995,0.618724107559031,0.3431895136080025,0.1837297234292892,0.11891306636163919,0.6218816842880678,0.236025878871393,0.053173019271659794,2026-09-11T04:08:06Z
822767,687952,Christian Encarnacion-Strand,BAL,TOR,0,5,projected,Max Scherzer,Rogers Centre,2026-09-11T23:07:00Z,4.19656862745098,664,1993,0.42641737341697156,0.5440896273092414,-0.6088640376303515,Normal,0.15374381538393644,0.6274056452354804,0.21065168054764113,0.8129419388368315,0.6679198416230232,0.4631613630530194,0.3011294697836084,0.18045628995943033,0.6047937834013413,0.36918023818961104,0.23202104079361924,0.1776107035930253,0.6078083401764569,0.22522213745476435,0.05043859633444223,2026-09-11T04:08:06Z
822767,660821,Jesús Sánchez,TOR,BAL,1,6,projected,Chris Bassitt,Rogers Centre,2026-09-11T23:07:00Z,3.8880460371436043,2079,3453,0.44702722120910565,0.6174817473508752,-0.9256717309737761,Normal,0.12551725004030964,0.6435389253928361,0.3375115994272817,0.625271777158265,0.6673723808392692,0.4608854493606434,0.29787292496951845,0.1770057152735119,0.6197759771704049,0.3828723021277148,0.2306695819372732,0.1621216486741705,0.6229425300632696,0.23646880581360527,0.05294926295570728,2026-09-11T04:08:06Z
822767,681297,Colton Cowser,BAL,TOR,0,6,projected,Max Scherzer,Rogers Centre,2026-09-11T23:07:00Z,4.059180977542933,1349,1993,0.48765858641677473,0.528710143208394,-0.9978067093994657,Normal,0.16170040000704927,0.5761717276650598,0.3869598774995677,0.8075237244165641,0.6504879895284921,0.4446558696291168,0.28506727134979193,0.16816647144314414,0.5573179158171847,0.33899652267231223,0.2213010233663734,0.1785132388555738,0.5598272311206067,0.18408628953100273,0.03576043048189593,2026-09-11T04:08:06Z
822767,665926,Andrés Giménez,TOR,BAL,1,7,projected,Chris Bassitt,Rogers Centre,2026-09-11T23:07:00Z,3.743481917577797,2641,3453,0.41740678464543446,0.6002412170314154,1.0051084267939256,Normal,0.09578060938271457,0.6375904254207303,0.28739141978975763,0.4973160518806507,0.6445908263335483,0.43668239396670605,0.27700137073300724,0.16120555011947518,0.614338832555278,0.34949977365549223,0.19444870051726826,0.12759386988213198,0.6174360452006784,0.23046073718969143,0.05028547331974781,2026-09-11T04:08:06Z
822767,691723,Coby Mayo,BAL,TOR,0,7,projected,Max Scherzer,Rogers Centre,2026-09-11T23:07:00Z,3.911664779161948,733,1993,0.4403637135095515,0.51294149722073,1.2242327306519807,Normal,0.16214149155060753,0.5769551838912168,0.25268195195318643,0.8305352467332149,0.6408975339584835,0.4343128901374618,0.2760075695419822,0.16118912967466836,0.5580898855358642,0.342360019978074,0.224765478852842,0.18036003548586862,0.56060035870638,0.1839654873572489,0.03541323672134851,2026-09-11T04:08:06Z
822767,676391,Ernie Clement,TOR,BAL,1,8,projected,Chris Bassitt,Rogers Centre,2026-09-11T23:07:00Z,3.5904365904365902,1841,3453,0.3799103271118227,0.5935802667547732,-0.31842788242185294,Normal,0.06198466977786102,0.607601442958431,0.17805180945369528,0.3735705949994347,0.6182874376818762,0.40947906366318065,0.2539984472131927,0.14409062297902653,0.5867352056623256,0.3163317236858888,0.15792652260103632,0.09223925158304722,0.5895114622191685,0.2038903735746522,0.040116877019559745,2026-09-11T04:08:06Z
822767,665966,Carlos Narváez,BAL,TOR,0,8,projected,Max Scherzer,Rogers Centre,2026-09-11T23:07:00Z,3.758782201405152,731,1993,0.3526655615156503,0.5079786207013556,-1.1653405810204829,Normal,0.08692327808098747,0.5420246128822598,0.24386049063090137,0.7971303367164736,0.5839339539941657,0.37859652262069216,0.23056864969877597,0.12832777699459438,0.5255554235014154,0.2898563135552765,0.15481426467889967,0.10701275556506526,0.5277450622629324,0.15860948586451787,0.027456779915502192,2026-09-11T04:08:06Z
822767,664702,Myles Straw,TOR,BAL,1,9,projected,Chris Bassitt,Rogers Centre,2026-09-11T23:07:00Z,3.397517408416591,1712,3453,0.39819879139672976,0.5996768407844496,1.2686537156369435,Normal,0.04936668740860436,0.5418672737118069,0.2325746088004047,0.4391593222487267,0.5726261510944701,0.365648862642179,0.21890075303589532,0.1191902384863738,0.5256706033339167,0.2622855941741117,0.12349220911722308,0.07097065965940745,0.5278221889209807,0.1545725101656287,0.024654887378537146,2026-09-11T04:08:06Z
822767,665750,Leody Taveras,BAL,TOR,0,9,projected,Max Scherzer,Rogers Centre,2026-09-11T23:07:00Z,3.592217652641569,2056,1993,0.4293318291027138,0.5140399249416931,-1.8107225863315692,Normal,0.09629703825869354,0.5592939508284717,0.2573515156649205,0.6413515721974409,0.6060846222769092,0.3987910562125533,0.24617422578234646,0.1390661091271959,0.5417490529346474,0.2988696936637013,0.17101376294397966,0.11923255465203288,0.544082106158802,0.16954658745806436,0.030298992918242684,2026-09-11T04:08:06Z
822930,650490,Yandy Díaz,TB,HOU,1,1,projected,Miguel Ullola,Tropicana Field,2026-09-11T23:10:00Z,4.426792528620204,3055,27,0.5519824444554932,0.6670395120992179,0.4550479310121693,Normal,0.12469970420077497,0.7123903490631162,0.337813169368297,0.5446188338123595,0.7165339338423518,0.5184492518054923,0.3516500722780894,0.22087749571443263,0.6827632741416761,0.42693447841577914,0.25349225196475617,0.17034114803228076,0.6867322359990216,0.3087193260249962,0.08831017791883213,2026-09-11T04:08:06Z
822930,665161,Jeremy Peña,HOU,TB,0,1,projected,Drew Rasmussen,Tropicana Field,2026-09-11T23:10:00Z,4.609910802775024,2801,2060,0.5671577516226799,0.6200470557768923,-1.7168290602329714,Normal,0.10605277790637674,0.6698788698072206,0.23450405286922468,0.7120495346261652,0.6967670017274851,0.4969498919749966,0.33281529908630675,0.20645145459203815,0.6437816472890131,0.3864722200709739,0.2235296282971559,0.14775178233972305,0.6472719495774184,0.2673539527273988,0.070137025337146,2026-09-11T04:08:06Z
822930,656775,Cedric Mullins,TB,HOU,1,2,projected,Miguel Ullola,Tropicana Field,2026-09-11T23:10:00Z,4.315345699831366,2593,27,0.5427371742591377,0.6684407336453199,0.8293289924662051,Normal,0.12785395179672288,0.6124479637171759,0.3744391825100076,0.6171728926546086,0.6657413020962815,0.46124658614111425,0.29975196811495286,0.17960862966259272,0.590936022612492,0.35531878146502716,0.21715054915976958,0.15758160219592937,0.5938029864803088,0.2133135211781399,0.046331021844322584,2026-09-11T04:08:06Z
822930,514888,Jose Altuve,HOU,TB,0,2,projected,Drew Rasmussen,Tropicana Field,2026-09-11T23:10:00Z,4.515731614859742,2855,2060,0.5098116421602846,0.614517288371165,-0.6511512112672257,Normal,0.10846195551943616,0.6619019214273272,0.2718869514799981,0.6238695852785472,0.6932411628508538,0.4923962909158914,0.3282329918577436,0.20246437908853318,0.6364821532476372,0.3811116463092511,0.2187431421982138,0.14624592305448117,0.6398791812999838,0.2587579386767795,0.06570527367583087,2026-09-11T04:08:06Z
822930,802415,Chandler Simpson,TB,HOU,1,3,projected,Miguel Ullola,Tropicana Field,2026-09-11T23:10:00Z,4.23125,998,27,0.45862387984078085,0.663664420986898,0.44911570706150666,Normal,0.06718974349443074,0.7134016914078682,0.22779294342506093,0.40183627550684103,0.6840343798670435,0.48025994941724914,0.3158898225225365,0.19165225548392154,0.6837299186882831,0.3935708661417113,0.21008341573576622,0.11923597583491981,0.6877006066165955,0.30722218661989925,0.08563363633551298,2026-09-11T04:08:06Z
822930,670623,Isaac Paredes,HOU,TB,0,3,projected,Drew Rasmussen,Tropicana Field,2026-09-11T23:10:00Z,4.408106607440311,2622,2060,0.42765352553619085,0.608954510928146,0.28516430382133323,Normal,0.11601381747388968,0.6083391792983434,0.4067163379645589,0.5269408328133403,0.6595469772750159,0.4555101571173493,0.29538962966669685,0.17672698867741476,0.5870741872769534,0.3452541695081542,0.20052648439303047,0.14286659104772673,0.5899090220548586,0.2112016902620519,0.04626833600495656,2026-09-11T04:08:06Z
822930,666018,Jonathan Aranda,TB,HOU,1,4,projected,Miguel Ullola,Tropicana Field,2026-09-11T23:10:00Z,4.1384217335058215,1371,27,0.46905858333740486,0.6537978077498812,-0.13223858831340624,Normal,0.13051250027570588,0.6524428664471977,0.36778187704226417,0.6924902235128805,0.6874495112775044,0.48341943367145584,0.3182237243208183,0.19310573759453284,0.6279252623752092,0.37598941851016443,0.22357053119357664,0.15979375475414648,0.6311951994629523,0.24581027428873156,0.05755525221875917,2026-09-11T04:08:06Z
822930,670541,Yordan Alvarez,HOU,TB,0,4,projected,Drew Rasmussen,Tropicana Field,2026-09-11T23:10:00Z,4.3201830863121184,2523,2060,0.5038232936832038,0.5960721752872745,-0.9462957606419629,Normal,0.1860336755551312,0.6680208827323422,0.3726215244170615,0.5978186560049626,0.7269699934231171,0.530148717655932,0.36212781520832144,0.2290592388633783,0.6421642624688955,0.4198607206609831,0.2778536337399177,0.21661370684953538,0.6456182325221226,0.26269131655112965,0.06618410072242889,2026-09-11T04:08:06Z
822930,691406,Junior Caminero,TB,HOU,1,5,projected,Miguel Ullola,Tropicana Field,2026-09-11T23:10:00Z,4.019583228722069,1501,27,0.49730093152707655,0.6383382337258725,0.48725302550439237,Normal,0.2079535880754374,0.6402237282121194,0.2899727648471877,0.6123597779013474,0.7168710723781677,0.516271447835286,0.3475319078611622,0.21589780419579602,0.616705790803838,0.39690262632498274,0.27342148082794104,0.2262278861901318,0.6198400890763124,0.23409691931855384,0.052433590307822915,2026-09-11T04:08:06Z
822930,572233,Christian Walker,HOU,TB,0,5,projected,Drew Rasmussen,Tropicana Field,2026-09-11T23:10:00Z,4.19656862745098,3095,2060,0.41249421156126354,0.5779961558251445,0.0991949653368106,Normal,0.13416491928567484,0.5927678271555142,0.2696798147135905,0.6725696493027002,0.6699366493292787,0.46531491593380087,0.30300205150567344,0.18188850831858974,0.5727268043029866,0.3459041818182377,0.20990046739424423,0.1577628712263639,0.5753956797566695,0.19701006065972737,0.040267761903962335,2026-09-11T04:08:06Z
822930,689414,Liam Hicks,TB,HOU,1,6,projected,Miguel Ullola,Tropicana Field,2026-09-11T23:10:00Z,3.8880460371436043,901,27,0.43045905460048944,0.6210405235107249,0.3939367488584797,Normal,0.11495143368768639,0.6200287559053492,0.4047165557588319,0.415955585954946,0.6609784097280071,0.45413250062784793,0.2920749479713065,0.17263486336487466,0.5980925181223524,0.33461155622045596,0.19347870887164315,0.13785648336736997,0.6010135484639783,0.21632580588634814,0.045502036124676286,2026-09-11T04:08:06Z
822930,662139,Daulton Varsho,HOU,TB,0,6,projected,Drew Rasmussen,Tropicana Field,2026-09-11T23:10:00Z,4.059180977542933,2451,2060,0.41184644002756376,0.5612630010364356,0.3669341182699922,Normal,0.11952850117437108,0.5819381923685476,0.25837504305283143,0.6652251761302405,0.650171192971385,0.4443284202150277,0.2847892574897468,0.1679582278191861,0.5626807795507792,0.3378978158249921,0.205434495686041,0.14824891051158318,0.5652441931096653,0.18839843662938507,0.03716791413452827,2026-09-11T04:08:06Z
822930,680700,Richie Palacios,TB,HOU,1,7,projected,Miguel Ullola,Tropicana Field,2026-09-11T23:10:00Z,3.743481917577797,949,27,0.4356191863381996,0.6037594548041638,0.3264151717221338,Normal,0.1026843688277024,0.5675827135070586,0.3885005908625312,0.5274064201525988,0.6253981252299049,0.41743380966907817,0.2610834975662385,0.1495886554068847,0.5494771983145886,0.3027282721376832,0.171944299350078,0.12275066148964454,0.5518847235369789,0.17515538503575603,0.03166791891564091,2026-09-11T04:08:06Z
822930,673237,Yainer Diaz,HOU,TB,0,7,projected,Drew Rasmussen,Tropicana Field,2026-09-11T23:10:00Z,3.911664779161948,1871,2060,0.37608538459693325,0.5448358346235062,0.789186099339276,Normal,0.10847111140515606,0.6299798450459492,0.1575576150436759,0.5317057450303964,0.6607239710585454,0.4547979984405453,0.2933754604920148,0.17417251136755488,0.607222064771458,0.35188794142504076,0.20027845486294207,0.13751879924779836,0.6102551434398104,0.22624316315215398,0.05014259587092122,2026-09-11T04:08:06Z
822930,663743,Nick Fortes,TB,HOU,1,8,projected,Miguel Ullola,Tropicana Field,2026-09-11T23:10:00Z,3.5904365904365902,1434,27,0.36059671454493797,0.5968882549277145,-0.18974992576631175,Normal,0.07366199644536056,0.5628172034643126,0.239100511332305,0.49888059855665884,0.5926360518829006,0.38504593236177587,0.23455785834720863,0.1303832103982802,0.5451286101935905,0.28501211787421277,0.1450316646939771,0.09390175545974701,0.5474799035660488,0.17040117999817656,0.029705430799329486,2026-09-11T04:08:06Z
822930,543877,Christian Vázquez,HOU,TB,0,8,projected,Drew Rasmussen,Tropicana Field,2026-09-11T23:10:00Z,3.758782201405152,1565,2060,0.30477350602473785,0.5389270451002027,-1.2261757455364526,Normal,0.06987702555788611,0.5416915654678083,0.19275688889792583,0.5716097060781933,0.5690421508438703,0.36497728666679136,0.2199930234680432,0.12100482302723412,0.5252439230574085,0.26757899355970016,0.13335733445550474,0.08718286612483886,0.5274306828964024,0.1583861982461327,0.027393060414944062,2026-09-11T04:08:06Z
822930,622761,Jorge Mateo,TB,HOU,1,9,projected,Miguel Ullola,Tropicana Field,2026-09-11T23:10:00Z,3.397517408416591,1363,27,0.42238644494155,0.6025442184559077,-2.023176854056891,Cold,0.07610007578832856,0.5211012489121762,0.21023022042750109,0.6877612680362907,0.5858587824658352,0.37769765760049573,0.22816418239241493,0.1255193446561625,0.5062124871139371,0.2765934102274653,0.14828148828879487,0.09813879144895074,0.5081897691161097,0.14131839444556232,0.021269406781100546,2026-09-11T04:08:06Z
822930,669397,Nick Allen,HOU,TB,0,9,projected,Drew Rasmussen,Tropicana Field,2026-09-11T23:10:00Z,3.592217652641569,1323,2060,0.3191405886104398,0.5425198131727078,1.104743668601215,Normal,0.0507672928158803,0.5247158552606764,0.19017268475449284,0.5830285112314301,0.5446237641994707,0.34276747161619336,0.20281043601046614,0.10914201632780285,0.5094057121443186,0.2386473889357708,0.1103186164393336,0.06644236891603977,0.5114402945699695,0.14645762607319604,0.023798799812340767,2026-09-11T04:08:06Z
823012,691026,Masyn Winn,STL,CWS,1,1,projected,Anthony Kay,Busch Stadium,2026-09-12T00:15:00Z,4.426792528620204,1805,709,0.6380394122990385,0.6577261196712144,-1.1682149191403488,Normal,0.09321770627919818,0.6744582039727104,0.434626910488796,0.555838535831198,0.699040154936318,0.49836364695678853,0.3331915832768828,0.2060505151387851,0.6480396739943939,0.3882417631165034,0.2193668817916072,0.1388989098919019,0.6515709705670256,0.26984587871363563,0.06992059632700745,2026-09-11T04:08:06Z
823012,805367,Chase Meidroth,CWS,STL,0,1,projected,Matthew Liberatore,Busch Stadium,2026-09-12T00:15:00Z,4.609910802775024,1088,2050,0.6266992163184542,0.622834054242411,-0.5097002574135636,Normal,0.09976367335640825,0.7106305204432269,0.38703017817786145,0.5946857985693357,0.7134574273237153,0.5160380711977718,0.35036624739206446,0.22059088215107892,0.6811284002154556,0.41435178986518,0.2352831316903781,0.1483699976438754,0.6850841314962038,0.30893369751685146,0.09004729468954403,2026-09-11T04:08:06Z
823012,671056,Iván Herrera,STL,CWS,1,2,projected,Anthony Kay,Busch Stadium,2026-09-12T00:15:00Z,4.315345699831366,1433,709,0.6305071057164969,0.6575130719954932,1.1877239176098753,Normal,0.12273057300354372,0.6816151242327603,0.5367984296426407,0.5059014587413384,0.7161490889644694,0.5173332944023831,0.350060198229794,0.2191514914635981,0.6546320679384925,0.39329040273292554,0.23139277642360173,0.1587967757425849,0.6582384808580395,0.275743840342613,0.07176716681045718,2026-09-11T04:08:06Z
823012,643217,Andrew Benintendi,CWS,STL,0,2,projected,Matthew Liberatore,Busch Stadium,2026-09-12T00:15:00Z,4.515731614859742,2566,2050,0.49215974456502115,0.6178782071125308,0.09830133656939417,Normal,0.09906044015416664,0.6755921568943837,0.31396682076242205,0.632198439057632,0.6851983387562962,0.48347007199691,0.32021671373896415,0.19614195699854078,0.6490583633365148,0.3926970976634817,0.224734714368224,0.1447983783859046,0.6526067833461064,0.2719018886896298,0.07153196564891759,2026-09-11T04:08:06Z
823012,676475,Alec Burleson,STL,CWS,1,3,projected,Anthony Kay,Busch Stadium,2026-09-12T00:15:00Z,4.23125,2159,709,0.4408814347387948,0.651085972559505,0.1093035469491896,Normal,0.10796317253557537,0.647173409651572,0.3293202183695453,0.5631855759005282,0.6747541681453058,0.4701692470129816,0.3070085913570675,0.18479352948145705,0.6230421368417638,0.36663253756856884,0.2087398595326454,0.14095050852522406,0.6262610773540267,0.24202568809653516,0.05668831262955148,2026-09-11T04:08:06Z
823012,678246,Miguel Vargas,CWS,STL,0,3,projected,Matthew Liberatore,Busch Stadium,2026-09-12T00:15:00Z,4.408106607440311,1790,2050,0.5995489052060415,0.6128468018654998,-0.038444249065902325,Normal,0.14922995022216062,0.6496205690550215,0.46183244107217225,0.5572902119635377,0.7014967297512026,0.5013517377395477,0.3360677728541515,0.2084635042892387,0.6251977287449993,0.405602018499505,0.25569832346424803,0.18808370826922957,0.6284588389141234,0.24679680766879317,0.06020875041510514,2026-09-11T04:08:06Z
823012,691023,Jordan Walker,STL,CWS,1,4,projected,Anthony Kay,Busch Stadium,2026-09-12T00:15:00Z,4.1384217335058215,1650,709,0.5153592038568026,0.6400765593217608,-1.802452368699217,Normal,0.14413456379999723,0.6806108971622377,0.36651667129750615,0.6049685823394275,0.7057170293474535,0.5039076943077512,0.33662890794765893,0.2075469013717401,0.6537782435882794,0.4089510620317389,0.25184342343139904,0.18074142604425444,0.6573611266249365,0.2724242153771936,0.06869859927010676,2026-09-11T04:08:06Z
823012,695657,Colson Montgomery,CWS,STL,0,4,projected,Matthew Liberatore,Busch Stadium,2026-09-12T00:15:00Z,4.3201830863121184,863,2050,0.4808593454230994,0.6001866375113518,-2.5870256072913573,Cold,0.16966260488054755,0.6178416297519862,0.3222702938474339,0.8674816812527488,0.6918058615365897,0.48967156719120064,0.3249147512703093,0.19918834557029438,0.5959238723482684,0.3753022383415495,0.24439827055934113,0.19282699704802195,0.5988457192488268,0.21792324224512832,0.048166554790188616,2026-09-11T04:08:06Z
823012,669357,Nolan Gorman,STL,CWS,1,5,projected,Anthony Kay,Busch Stadium,2026-09-12T00:15:00Z,4.019583228722069,1857,709,0.40505717700178473,0.6228732280085436,-1.3816072694592756,Normal,0.11613616330189926,0.5464624950757209,0.3537036877728617,0.8393983704801692,0.6263558713321126,0.41914139169501086,0.26299060509291977,0.1513277810058628,0.529705305732633,0.2997020860679411,0.17488278735156498,0.13239684836614696,0.5319332123064823,0.1614726500527805,0.028121129569620158,2026-09-11T04:08:06Z
823012,700337,Edgar Quero,CWS,STL,0,5,projected,Matthew Liberatore,Busch Stadium,2026-09-12T00:15:00Z,4.19656862745098,615,2050,0.40165427312777885,0.5824252731184815,1.4631820302459602,Normal,0.08770337120416476,0.6614013858869902,0.3303683486986407,0.5375279774646137,0.6539121942805263,0.4484119077910792,0.2884316110946681,0.17082624748484734,0.6361079241672983,0.3611837025154824,0.1951575685211749,0.12255668007434044,0.6394844721883269,0.2555959987875974,0.06256950078636604,2026-09-11T04:08:06Z
823012,701675,Nathan Church,STL,CWS,1,6,projected,Anthony Kay,Busch Stadium,2026-09-12T00:15:00Z,3.8880460371436043,483,709,0.38371556290602477,0.6052146852894266,1.2893838229373136,Normal,0.07797296869290651,0.5803453263410547,0.2752194333907524,0.5459025374907882,0.6174687254616562,0.4101056104945242,0.2553911217530274,0.14566978256963217,0.5613125326649363,0.29744940145913146,0.15722694470873827,0.10178615615652761,0.5638443904477324,0.18512056971253954,0.03500697165907612,2026-09-11T04:08:06Z
823012,545341,Randal Grichuk,CWS,STL,0,6,projected,Matthew Liberatore,Busch Stadium,2026-09-12T00:15:00Z,4.059180977542933,1810,2050,0.49270790220601174,0.5656020051707744,0.3789307469849673,Normal,0.14972835907333085,0.6824421777755757,0.23862226862606878,0.5850636602217184,0.7028026332228383,0.5013250542248299,0.33484328469230074,0.20655097037939713,0.6554161681329925,0.43197568139462095,0.2724015023976513,0.19608786167947606,0.6590267315288321,0.27545391799013286,0.07084003934345447,2026-09-11T04:08:06Z
823012,602104,Ramón Urías,STL,CWS,1,7,projected,Anthony Kay,Busch Stadium,2026-09-12T00:15:00Z,3.743481917577797,1630,709,0.45078384294469176,0.5881681276274234,-0.8016664003147627,Normal,0.11539802664732193,0.6067317884448776,0.376096281933703,0.5009994484819005,0.6468571369783642,0.43899696500890173,0.27893997508429,0.16263569520200216,0.5858360485888194,0.3385007276030923,0.19768328507432675,0.1408001734368755,0.5886170609348306,0.2047746228887064,0.04114876489336558,2026-09-11T04:08:06Z
823012,686668,Brenton Doyle,CWS,STL,0,7,projected,Matthew Liberatore,Busch Stadium,2026-09-12T00:15:00Z,3.911664779161948,1756,2050,0.4425334448646691,0.5490789428922832,-1.4435210496609614,Normal,0.10346081995717553,0.6235835862060854,0.24506969302506887,0.7005918812619629,0.6533148438882321,0.4470608858612509,0.286766258331205,0.16920029574709902,0.6013161866531473,0.35098219532206526,0.20325501412346542,0.1373408709608688,0.6042832854121664,0.22081531017496625,0.04812060187209296,2026-09-11T04:08:06Z
823012,686780,Pedro Pagés,STL,CWS,1,8,projected,Anthony Kay,Busch Stadium,2026-09-12T00:15:00Z,3.5904365904365902,805,709,0.38889619697653316,0.5821823209725511,-0.34098049734584546,Normal,0.10040658398192039,0.5868199434798007,0.29043717356755405,0.5886544318728066,0.6194178258322192,0.41057934141349567,0.2548871889737682,0.14472538444325997,0.5674649934300859,0.30911041090404906,0.17300043071177781,0.12122315381650103,0.5700389910089795,0.18783583904390508,0.034949466088792826,2026-09-11T04:08:06Z
823012,668670,Jake Rogers,CWS,STL,0,8,projected,Matthew Liberatore,Busch Stadium,2026-09-12T00:15:00Z,3.758782201405152,1005,2050,0.4437586403177383,0.5429889003164451,-0.7098885043967716,Normal,0.11639200842126494,0.5655212904958694,0.3272169781373358,0.6803431734473107,0.6297628505674525,0.42256462624425,0.26590203359552694,0.1535399564188867,0.5474925183071554,0.31821893814240987,0.1887894845584943,0.1386228580683287,0.5498906797381868,0.17489461914378746,0.0322774162893261,2026-09-11T04:08:06Z
823012,687363,Victor Scott II,STL,CWS,1,9,projected,Anthony Kay,Busch Stadium,2026-09-12T00:15:00Z,3.397517408416591,804,709,0.3756735441331788,0.5897035856265405,0.6612363784709283,Normal,0.054778905960795196,0.485389961235977,0.3179736891371667,0.6086040264439364,0.5442339072745053,0.34060298708388137,0.20006629848632845,0.10656814653943175,0.4726050280362577,0.22813612530515395,0.10745581874262922,0.06851815872357009,0.474302204230751,0.12029516926699414,0.016345728731029067,2026-09-11T04:08:06Z
823012,682668,Luisangel Acuña,CWS,STL,0,9,projected,Matthew Liberatore,Busch Stadium,2026-09-12T00:15:00Z,3.592217652641569,440,2050,0.41128809112047243,0.5461580643705949,-0.48012374485644793,Normal,0.07046901410756008,0.6076135110318258,0.21970501239159645,0.5000503742515294,0.6186593018138291,0.41093128779731913,0.25595755991764596,0.1460566650614929,0.5866603475870247,0.3127217097926372,0.16012483242255185,0.0980280776425304,0.5894497668222642,0.2057350682542002,0.04185772004816705,2026-09-11T04:08:06Z
823173,808982,Jung Hoo Lee,SF,SD,1,1,projected,Robbie Ray,Oracle Park,2026-09-12T02:15:00Z,4.426792528620204,1318,2316,0.5245780388458007,0.6649204732306842,-0.902484782984212,Normal,0.0679436136113612,0.6589347012567028,0.3019779156093502,0.47679902604522645,0.6772984511821485,0.4742909577911084,0.31164267279579844,0.18912149130937012,0.6337797013599472,0.37282431908411623,0.2066836647310248,0.12156446770495911,0.6371395539125634,0.2550541403902287,0.0634744365265851,2026-09-11T04:08:06Z
823173,665487,Fernando Tatis Jr.,SD,SF,0,1,projected,Anthony Molina,Oracle Park,2026-09-12T02:15:00Z,4.609910802775024,2398,498,0.6216115721649896,0.6219809561289799,0.5564059201949408,Normal,0.13098767785512075,0.7284776577047262,0.2840796912096119,0.5557727268654921,0.7460241991092582,0.5550867971160826,0.38754494364363695,0.25144620913187005,0.6974304586485396,0.4516071808455453,0.2771439953968564,0.18745399308345917,0.7015990161635537,0.3286481798568031,0.10034985311503122,2026-09-11T04:08:06Z
823173,646240,Rafael Devers,SF,SD,1,2,projected,Robbie Ray,Oracle Park,2026-09-12T02:15:00Z,4.315345699831366,3224,2316,0.5416492861354961,0.6659800504942837,1.4541706140404391,Normal,0.15720032963542221,0.6343900485103423,0.38366571244166225,0.7157566227803733,0.7047407879534426,0.5041765547349406,0.33795499838968773,0.2094330205029659,0.6112109633494875,0.3946330577314366,0.2487875157642522,0.18854101012417973,0.6143025198822508,0.23187374103904604,0.05334613351556148,2026-09-11T04:08:06Z
823173,664034,Ty France,SD,SF,0,2,projected,Anthony Molina,Oracle Park,2026-09-12T02:15:00Z,4.515731614859742,2745,498,0.4989005556395605,0.6168510815854024,0.8252801264764201,Normal,0.09396765104923191,0.7094101422807775,0.32413025172786797,0.5787143130759191,0.709068012163331,0.5103511623731171,0.3446168568676633,0.21556283299348303,0.6800311756806483,0.42048738041637396,0.23816297548570037,0.14768696205134405,0.6839681559732522,0.3065324073690518,0.08803570062408585,2026-09-11T04:08:06Z
823173,805811,Bryce Eldridge,SF,SD,1,3,projected,Robbie Ray,Oracle Park,2026-09-12T02:15:00Z,4.23125,457,2316,0.44604736414054363,0.6608381887186076,1.4413617589705052,Normal,0.0971461419379277,0.6127506179298834,0.42905185084874337,0.7646992306034056,0.661959709130986,0.4565287065611458,0.2951705182493168,0.1757592429418475,0.5912699159246172,0.34403387515981493,0.19102356323259512,0.12791724408579352,0.5941318466358135,0.2124906048767843,0.045464847720208104,2026-09-11T04:08:06Z
823173,592518,Manny Machado,SD,SF,0,3,projected,Anthony Molina,Oracle Park,2026-09-12T02:15:00Z,4.408106607440311,3173,498,0.5146971308152642,0.6116570818253536,1.6407860806878727,Normal,0.1258824626589666,0.69036980202239,0.3057740840532616,0.5881658397192928,0.7220965991699477,0.5251911814141873,0.3581145899159685,0.2262747739786474,0.6626175980450415,0.4122396177170476,0.24436085699784316,0.16715808038824218,0.6663309549014107,0.286023225269659,0.07756450850317145,2026-09-11T04:08:06Z
823173,678545,Osleivis Basabe,SF,SD,1,4,projected,Robbie Ray,Oracle Park,2026-09-12T02:15:00Z,4.1384217335058215,215,2316,0.4395140676389922,0.6506950797181311,-0.7390721363389751,Normal,0.1161892542597039,0.5947995057566386,0.32426462073192636,0.6633038573050983,0.650430107322819,0.443932886400237,0.28399393262909584,0.16703862914914883,0.5746788080014961,0.3309461107040993,0.1935902560891358,0.13975639000512807,0.577357389516345,0.19729271490949837,0.03966297643092473,2026-09-11T04:08:06Z
823173,669720,Austin Hays,SD,SF,0,4,projected,Anthony Molina,Oracle Park,2026-09-12T02:15:00Z,4.3201830863121184,1906,498,0.4696015355370413,0.5989265731676795,-0.4050356094458241,Normal,0.0915701476888675,0.6968374431062969,0.20335707070907214,0.6597342018567856,0.7043400694041152,0.5037906372414468,0.3376907988159112,0.20930620746605585,0.6685731919576909,0.42084364412454683,0.24208484713491119,0.1507548343245762,0.672354441141053,0.29127883527920795,0.07911500268274635,2026-09-11T04:08:06Z
823173,687551,Drew Gilbert,SF,SD,1,5,projected,Robbie Ray,Oracle Park,2026-09-12T02:15:00Z,4.019583228722069,470,2316,0.4098322755779946,0.634795274796925,-1.2098163844912453,Normal,0.07644221529361919,0.5704337402012423,0.3562784369640805,0.5938490173814334,0.623514441171014,0.41633389009636124,0.26068897287718745,0.14965815819520062,0.5520672130656266,0.3049572491722606,0.16386367812461697,0.10482307133242717,0.5545102996934199,0.17830473838840027,0.03314892398055213,2026-09-11T04:08:06Z
823173,593428,Xander Bogaerts,SD,SF,0,5,projected,Anthony Molina,Oracle Park,2026-09-12T02:15:00Z,4.19656862745098,2861,498,0.44900940310368326,0.5810654992726424,-0.04047175819893139,Normal,0.07475791366790628,0.6661134018902171,0.32164298115469725,0.5188719104333434,0.6777452002380542,0.4737260382897227,0.31036167444776,0.18754736049947024,0.640436156833935,0.3676218680832604,0.19293893405777254,0.11447068589227082,0.6438646497601257,0.26003032060829345,0.06444427306323679,2026-09-11T04:08:06Z
823173,687529,Grant McCray,SF,SD,1,6,projected,Robbie Ray,Oracle Park,2026-09-12T02:15:00Z,3.8880460371436043,233,2316,0.35775844386716643,0.6173666967291713,-0.2448944198555414,Normal,0.07970247315941749,0.538975142745391,0.28949770174860534,0.8709833765041355,0.6009666384430041,0.3942220853319868,0.24261951541239804,0.13656470852060398,0.5227285046666328,0.28140868453148604,0.15545851091147989,0.10323748868694277,0.5248879351188088,0.15601636641473454,0.026348519286405338,2026-09-11T04:08:06Z
823173,630105,Jake Cronenworth,SD,SF,0,6,projected,Anthony Molina,Oracle Park,2026-09-12T02:15:00Z,4.059180977542933,2735,498,0.4400669062817332,0.5642670226746009,-2.0392375180099394,Cold,0.08702863805113555,0.6227243342821613,0.3648212223666646,0.5454289464350015,0.6496383804435278,0.44377809109782207,0.2843222545567603,0.16760857832567388,0.6004803230309956,0.34874846018373495,0.19421886315179235,0.1244002415123408,0.6034448755088052,0.22090363454834894,0.04856166522158918,2026-09-11T04:08:06Z
823173,695391,Brett Harris,SF,SD,1,7,projected,Robbie Ray,Oracle Park,2026-09-12T02:15:00Z,3.743481917577797,218,2316,0.43968774680345896,0.6001276168576477,-0.5108138988455228,Normal,0.08109719042533203,0.5405782052002962,0.43939715038866894,0.6159249285834,0.6112690236924623,0.4036511092373115,0.24990646913581108,0.1415668978670586,0.5242684399564749,0.28143881192808395,0.1490042850384381,0.10087657686996497,0.5264360834938041,0.15651154189941832,0.02627523169058611,2026-09-11T04:08:06Z
823173,701538,Jackson Merrill,SD,SF,0,7,projected,Anthony Molina,Oracle Park,2026-09-12T02:15:00Z,3.911664779161948,1676,498,0.4834359644911535,0.5477734099338425,1.2188910089483573,Normal,0.1403934249588888,0.6656642207498377,0.23610270642030018,0.541451483523809,0.6963567000920522,0.493466443134328,0.3273311444224242,0.20032426681180177,0.6400674367134976,0.40311260191119375,0.2543590169720077,0.18196631174507416,0.6434834532196165,0.25831073294858536,0.06288663407328683,2026-09-11T04:08:06Z
823173,668800,Andrew Knizner,SF,SD,1,8,projected,Robbie Ray,Oracle Park,2026-09-12T02:15:00Z,3.5904365904365902,760,2316,0.37724303976741924,0.5934733680359603,-0.623014627152177,Normal,0.0853353600703375,0.528582864233547,0.3017875195426454,0.5730285964254421,0.5902308580726658,0.38280590152720895,0.23280355008804768,0.12916310569201236,0.5131255800823159,0.2671876433625641,0.14333855726526867,0.10092566615019163,0.5151791101227309,0.14746652441322416,0.02338840470695432,2026-09-11T04:08:06Z
823173,669134,Luis Campusano,SD,SF,0,8,projected,Anthony Molina,Oracle Park,2026-09-12T02:15:00Z,3.758782201405152,755,498,0.42146273444920285,0.5417405933780025,0.2741146425875851,Normal,0.08127704383862755,0.6275581349116564,0.2816676878353284,0.48735492650011886,0.6570122816248372,0.4503220783360898,0.28917178756548984,0.17075649436748921,0.6050364353103919,0.3393054029005619,0.17900999903802817,0.11232317932376648,0.6080371903515889,0.22328322726993066,0.048621829132280706,2026-09-11T04:08:06Z
823173,683766,Christian Koss,SF,SD,1,9,projected,Robbie Ray,Oracle Park,2026-09-12T02:15:00Z,3.397517408416591,358,2316,0.40275506623219803,0.5995839993103778,1.1975743790430975,Normal,0.0818357539386203,0.5392942559817121,0.250656857104143,0.6077354949847822,0.600138509977934,0.39098351964248645,0.23853343921438253,0.13269681894652444,0.5232630601247601,0.2730239500322198,0.1435409074020373,0.09859259270157773,0.5253925854798441,0.15288757880700626,0.024212491094402693,2026-09-11T04:08:06Z
823173,666023,Freddy Fermin,SD,SF,0,9,projected,Anthony Molina,Oracle Park,2026-09-12T02:15:00Z,3.592217652641569,1203,498,0.3765928946448289,0.5450425732745714,-0.23190038661900567,Normal,0.06261337613076415,0.5953585271351914,0.20288821001950214,0.5037852723002666,0.6181315734745995,0.4104168038726695,0.25554010728639115,0.14575661847102384,0.5753014323793667,0.3024007571392358,0.14846724254092164,0.08827971726108291,0.577970715913936,0.19609959326923088,0.03861640515825211,2026-09-11T04:08:06Z
823498,671218,Heliot Ramos,NYY,NYM,1,1,projected,Nolan McLean,Yankee Stadium,2026-09-11T23:05:00Z,4.426792528620204,1685,859,0.515654715788894,0.6852730559552237,-0.6134983502336131,Normal,0.11585458887954009,0.6157946271576951,0.3545059244482709,0.799764276662086,0.66887107463743,0.46520992448341786,0.3036718239817756,0.18296344895228428,0.593989051644006,0.3470271691389295,0.20474047741841903,0.14478172620252486,0.5968964077309281,0.21704348221401892,0.04827015421241382,2026-09-11T04:08:06Z
823498,543760,Marcus Semien,NYM,NYY,0,1,projected,Carlos Rodón,Yankee Stadium,2026-09-11T23:05:00Z,4.609910802775024,3221,2788,0.641909121744804,0.6180145026219753,1.1235084869803718,Normal,0.14443303748611858,0.6410490682912613,0.3897456370219136,0.6303242373708908,0.703583570373904,0.5046742508949045,0.33986968310849724,0.2121018442592441,0.6172447493584609,0.3779572391694698,0.23681763869549874,0.17533640210870355,0.6204238285635206,0.2405696380333821,0.058584629258774217,2026-09-11T04:08:06Z
823498,592450,Aaron Judge,NYY,NYM,1,2,projected,Nolan McLean,Yankee Stadium,2026-09-11T23:05:00Z,4.315345699831366,2805,859,0.7096110159186848,0.6887751370169262,-1.2170368513362972,Normal,0.2825456980704525,0.6259485225278414,0.5168219994890132,0.7809358145694514,0.7538774677579642,0.5630161734649107,0.39362620256088154,0.2552017622571807,0.6034184853881063,0.42533339787085134,0.3258911286019394,0.2923480191319915,0.6064225512254087,0.22460328333865973,0.05054360255900889,2026-09-11T04:08:06Z
823498,596019,Francisco Lindor,NYM,NYY,0,2,projected,Carlos Rodón,Yankee Stadium,2026-09-11T23:05:00Z,4.515731614859742,3206,2788,0.6157581346455742,0.612056745350947,-1.3950971682776436,Normal,0.16619926743201352,0.628650278406255,0.3995289414026412,0.7155044457554174,0.7070438356591385,0.5080251942758532,0.34247462230666853,0.21383670162190235,0.6058394310539991,0.3805326939254155,0.2476647187389596,0.19245594955014386,0.6088832722116093,0.22877088724742017,0.053294627480710816,2026-09-11T04:08:06Z
823498,671277,Luis García Jr.,NYY,NYM,1,3,projected,Nolan McLean,Yankee Stadium,2026-09-11T23:05:00Z,4.23125,2407,859,0.5109805603088049,0.6866161668112418,0.09386312976439373,Normal,0.16088368750251514,0.6795916309245381,0.2932145571582143,0.6112399050535021,0.7042149927387245,0.5028052076513019,0.3361225011256906,0.20753598798835404,0.6528182496937452,0.41617348871337256,0.2668649755007996,0.1977731876356791,0.6563946067077243,0.27246947512723907,0.06947801182308501,2026-09-11T04:08:06Z
823498,665742,Juan Soto,NYM,NYY,0,3,projected,Carlos Rodón,Yankee Stadium,2026-09-11T23:05:00Z,4.408106607440311,3207,2788,0.6011449624763202,0.6061063144085842,-0.3572950686438684,Normal,0.1945495502868706,0.6017614439553949,0.5915758632838287,0.632119291591377,0.7039570113508044,0.504150286766191,0.33862343194879196,0.2105061831410537,0.5809788510273823,0.3696248595468284,0.2551469424553893,0.21183465210780464,0.5837487593507036,0.20588515236803182,0.044331626966715956,2026-09-11T04:08:06Z
823498,642708,Amed Rosario,NYY,NYM,1,4,projected,Nolan McLean,Yankee Stadium,2026-09-11T23:05:00Z,4.1384217335058215,1979,859,0.4143289099908728,0.6792071165239975,-0.11791609809715732,Normal,0.0933949652027419,0.6290195280656015,0.2511395312747665,0.7023543591494695,0.6571360833216066,0.4508957176713751,0.2899141212771962,0.17147325730233803,0.6063445569739069,0.3465538495505683,0.19883555308420142,0.12998049593254404,0.6093662435844223,0.22517734665781988,0.04956807294436252,2026-09-11T04:08:06Z
823498,666182,Bo Bichette,NYM,NYY,0,4,projected,Carlos Rodón,Yankee Stadium,2026-09-11T23:05:00Z,4.3201830863121184,2884,2788,0.4667449126059069,0.5930756943566283,0.1675364393204831,Normal,0.13110981415389836,0.6802119245843318,0.31917983916187054,0.625409267549808,0.7027467936308215,0.5019775216339586,0.3360380838768242,0.20798927050550076,0.6533491935251098,0.40632376736174747,0.2449873944067325,0.1708986811716684,0.656939713346432,0.27451305048774405,0.07139459197801451,2026-09-11T04:08:06Z
823498,641857,Ryan McMahon,NYY,NYM,1,5,projected,Nolan McLean,Yankee Stadium,2026-09-11T23:05:00Z,4.019583228722069,2781,859,0.445906769576091,0.6685748123909735,0.1281807642245507,Normal,0.12295695810820076,0.5814650147622269,0.4307993776465263,0.8054347701650028,0.6540234087504143,0.4471901579969546,0.28640983137326587,0.16858480439623985,0.5623304189056475,0.3298011343311123,0.19582698907177346,0.1449921092440649,0.5648763157171213,0.18643228425476646,0.035707274331698964,2026-09-11T04:08:06Z
823498,666624,Christopher Morel,NYM,NYY,0,5,projected,Carlos Rodón,Yankee Stadium,2026-09-11T23:05:00Z,4.19656862745098,1865,2788,0.44294302173895334,0.574789550768373,-0.04246395402827803,Normal,0.13948685074796022,0.580602413101778,0.35948329031095844,0.8524313288066455,0.6602343596971295,0.45502437954615993,0.29409697450065103,0.1751052306710941,0.5614250713469255,0.33655844741580204,0.2123483529430811,0.1621387474861164,0.5639780683990185,0.18771239577078008,0.037144875625888085,2026-09-11T04:08:06Z
823498,502671,Paul Goldschmidt,NYY,NYM,1,6,projected,Nolan McLean,Yankee Stadium,2026-09-11T23:05:00Z,3.8880460371436043,2885,859,0.41125024127889903,0.6538940086195442,0.3589756765390887,Normal,0.11597023739585474,0.585795954546774,0.308316474614368,0.7171427657783432,0.651463936599898,0.4442234330292039,0.2836508935103685,0.16633705152594921,0.5663777847707866,0.3283847446549678,0.18899627334755034,0.13758764516830194,0.5689612301436662,0.1892088131771065,0.03631038798982441,2026-09-11T04:08:06Z
823498,668901,Mark Vientos,NYM,NYY,0,6,projected,Carlos Rodón,Yankee Stadium,2026-09-11T23:05:00Z,4.059180977542933,1457,2788,0.43212091304672945,0.5581376521910592,-0.6014422132764823,Normal,0.1761485494600537,0.5952761222372895,0.2830199088193438,0.739797705457837,0.6655458876564478,0.4604286070525471,0.2985869764209877,0.17837597079008138,0.5750674304137685,0.357826265838667,0.23793409754717373,0.19370270566998476,0.5777584529279772,0.1986356233131334,0.04060670675544364,2026-09-11T04:08:06Z
823498,641355,Cody Bellinger,NYY,NYM,1,7,projected,Nolan McLean,Yankee Stadium,2026-09-11T23:05:00Z,3.743481917577797,2833,859,0.49160010770230084,0.6368224899707621,0.36018456750903477,Normal,0.11636029820595128,0.6020438409071391,0.34996647126828395,0.5596236638765346,0.6630059931504889,0.45575583225638416,0.2931363608231889,0.1732095494990045,0.5814939249183638,0.33899009490833987,0.20026114712617452,0.14289851943243634,0.5842285911572476,0.201058162053194,0.03989743713567888,2026-09-11T04:08:06Z
823498,683146,Brett Baty,NYM,NYY,0,7,projected,Carlos Rodón,Yankee Stadium,2026-09-11T23:05:00Z,3.911664779161948,1466,2788,0.39462218728510695,0.5417795251798522,0.6564540953435417,Normal,0.10488916069696032,0.5565740798203613,0.29527556536627014,0.7785001728082083,0.6106532445581344,0.40434820537203064,0.25134756724969526,0.14321713016285556,0.539099983292602,0.292240453748912,0.16710695113703483,0.12215930877658127,0.5414242245354985,0.16927264584703114,0.030839317708706314,2026-09-11T04:08:06Z
823498,683011,Anthony Volpe,NYY,NYM,1,8,projected,Nolan McLean,Yankee Stadium,2026-09-11T23:05:00Z,3.5904365904365902,2080,859,0.3685571847081665,0.6278764272901638,-0.7255417310479634,Normal,0.07916899459225993,0.5158548228696305,0.2820848717376178,0.6934057337571241,0.5744660369453313,0.36833016645177885,0.22157871111168295,0.12142326890622683,0.5011840586324514,0.27259323328210533,0.14873877175142983,0.10023699492558985,0.5031327381423922,0.13948878073062376,0.02134614176949098,2026-09-11T04:08:06Z
823498,682626,Francisco Alvarez,NYM,NYY,0,8,projected,Carlos Rodón,Yankee Stadium,2026-09-11T23:05:00Z,3.758782201405152,1432,2788,0.43546100749659955,0.5359928047971404,-2.1710268360825684,Cold,0.15289547451971153,0.5543139385597518,0.3754726680698429,0.7775192764065627,0.6288681445091299,0.42167466059180764,0.2651684852443881,0.15300505690281566,0.5370387607279022,0.31829111380814495,0.20573652123533565,0.16697601872963877,0.5393361272390337,0.16699489886413615,0.029896286679832542,2026-09-11T04:08:06Z
823498,676609,José Caballero,NYY,NYM,1,9,projected,Nolan McLean,Yankee Stadium,2026-09-11T23:05:00Z,3.397517408416591,1555,859,0.3948650331764827,0.6291701450983596,-1.3331694799906175,Normal,0.0778237932096289,0.4978639406235067,0.2988082649348428,0.6879799693923441,0.5668204707257665,0.36043968454533576,0.214936781634218,0.11650610591480277,0.4843648059594399,0.24783710730273592,0.1294083225852979,0.09126350669511021,0.4861570366486244,0.12739198393818413,0.017946300864766423,2026-09-11T04:08:06Z
823498,620443,Luis Torrens,NYM,NYY,0,9,projected,Carlos Rodón,Yankee Stadium,2026-09-11T23:05:00Z,3.592217652641569,866,2788,0.41256603558703825,0.5398762668005617,0.023323044786228618,Normal,0.10324344530938746,0.5473702927015439,0.28995374221218245,0.6037944372830091,0.5995104176783553,0.3925408309559147,0.24119187022134755,0.13553933807035415,0.5306151456172888,0.2954022562002858,0.16666670512346396,0.12133598498394453,0.5328426585949781,0.1613320983460878,0.02790826875811553,2026-09-11T04:08:06Z
823659,663616,Trevor Larnach,MIN,CLE,1,1,projected,Parker Messick,Target Field,2026-09-12T00:10:00Z,4.426792528620204,1787,828,0.5482575156495568,0.6809332581236193,-0.97125913996829,Normal,0.11028782890961954,0.6582740720556481,0.3156358041829052,0.6766965674844627,0.6865105177955821,0.48437476917916933,0.3205945150446591,0.19610437708579204,0.6331721751825556,0.38631067493466414,0.22481626194302087,0.15103381165088428,0.6365248322861857,0.25443826146912396,0.06321252753272269,2026-09-11T04:08:06Z
823659,680757,Steven Kwan,CLE,MIN,0,1,projected,Taj Bradley,Target Field,2026-09-12T00:10:00Z,4.609910802775024,3162,2318,0.6260343900126323,0.6595245675297796,0.5497197437003521,Normal,0.0844796867826593,0.6947428905205144,0.4457074826526191,0.49940969422089976,0.7003959816767308,0.5010500772369759,0.33655180701366133,0.2094388202327294,0.666589725355114,0.39423713751929895,0.22142970002745527,0.13552933287372268,0.6703605295263998,0.29217599175372805,0.08172959659994743,2026-09-11T04:08:06Z
823659,665019,Kody Clemens,MIN,CLE,1,2,projected,Parker Messick,Target Field,2026-09-12T00:10:00Z,4.315345699831366,1303,828,0.5051792435431719,0.6840889158857023,0.6953063378507864,Normal,0.14979291124681293,0.6252785019253395,0.2676268912388157,0.7044284133875293,0.6808861627109452,0.47755832842637375,0.3140388173857451,0.190611566199515,0.6027995884361484,0.3821161816849026,0.2461491885815967,0.18369355537025892,0.6057967513494281,0.22403325503830746,0.050326850456112765,2026-09-11T04:08:06Z
823659,682657,Angel Martínez,CLE,MIN,0,2,projected,Taj Bradley,Target Field,2026-09-12T00:10:00Z,4.515731614859742,1022,2318,0.5212079571507282,0.6597694968316057,0.018500001236060905,Normal,0.13313130375988422,0.6501548751772386,0.30237812179487444,0.7391667961154796,0.6804844119369804,0.47829822364989394,0.31561063108598747,0.19253483925711967,0.6256727072982042,0.3889357489244335,0.23802909701934047,0.17009166232287312,0.6289426001978239,0.24785814658833577,0.06105300805068282,2026-09-11T04:08:06Z
823659,807712,Luke Keaschall,MIN,CLE,1,3,projected,Parker Messick,Target Field,2026-09-12T00:10:00Z,4.23125,760,828,0.48395248081134146,0.6814226567006099,0.5064077426495133,Normal,0.09377843954526932,0.6522928732839656,0.39560129984296527,0.5343571518993324,0.6667367357294558,0.46158560790297815,0.299536934847395,0.17907711910857807,0.6277536306693325,0.36918442771002713,0.20444687505921208,0.13137519000440326,0.6310276506692832,0.24665745136430264,0.058553562733052456,2026-09-11T04:08:06Z
823659,608070,José Ramírez,CLE,MIN,0,3,projected,Taj Bradley,Target Field,2026-09-12T00:10:00Z,4.408106607440311,3216,2318,0.546522153187398,0.6607850751268372,-0.8737842820415128,Normal,0.14324694173778849,0.6622939862254646,0.36288172417119635,0.5201209860405933,0.7052825077918282,0.5056633761853074,0.3400087546016932,0.2116158483805441,0.6368575759903606,0.41018967266857087,0.25618872795616465,0.1848227237437232,0.6402560216199117,0.258538702531826,0.06518241255620945,2026-09-11T04:08:06Z
823659,605137,Josh Bell,MIN,CLE,1,4,projected,Parker Messick,Target Field,2026-09-12T00:10:00Z,4.1384217335058215,2971,828,0.39552714560050006,0.6734586720702704,0.7708754988924291,Normal,0.11000286022512076,0.637397522750592,0.3016634386375063,0.5913203935331125,0.6603756729659668,0.45428854038143784,0.29281659815628236,0.1736587215382894,0.6140722113148589,0.3606301338400838,0.20670922061291613,0.14139302973397735,0.6171814390541905,0.2324073766187027,0.05230273676025692,2026-09-11T04:08:06Z
823659,663993,Nathaniel Lowe,CLE,MIN,0,4,projected,Taj Bradley,Target Field,2026-09-12T00:10:00Z,4.3201830863121184,2936,2318,0.461103553321463,0.6525189595410417,-0.2897519149420876,Normal,0.13755307588330334,0.6487921606046831,0.39230982722318136,0.7239401322771976,0.6800104085073383,0.4766786237692764,0.31334567815011605,0.19015024008340767,0.6244840093333827,0.3793976740852637,0.23246495752806032,0.1688522311083238,0.6277283509878842,0.244818377087815,0.058667943479923136,2026-09-11T04:08:06Z
823659,668904,Royce Lewis,MIN,CLE,1,5,projected,Parker Messick,Target Field,2026-09-12T00:10:00Z,4.019583228722069,1460,828,0.40581858786169306,0.6615283721477061,-0.9236392527368686,Normal,0.1291491903232808,0.6166855500313387,0.23986962835033568,0.689884905972905,0.6591921751751351,0.45257916663345776,0.29099905335724136,0.17202341136155228,0.5949824939708628,0.3554781447437078,0.21117204103133963,0.1544445288904968,0.5978727955160117,0.21408414515106897,0.04505056183456966,2026-09-11T04:08:06Z
823659,666176,Jo Adell,CLE,MIN,0,5,projected,Taj Bradley,Target Field,2026-09-12T00:10:00Z,4.19656862745098,1967,2318,0.41125363840951223,0.6427198101823637,-0.3510134878655038,Normal,0.13826880505413552,0.6152187207791021,0.2876394144161177,0.7648730158601782,0.6629400702317678,0.45787657226190304,0.2965543291158755,0.176970076225301,0.5935301555932727,0.35743346999897446,0.22097565253891097,0.1646213865359786,0.5964204246847764,0.21499391972385465,0.04662999560282569,2026-09-11T04:08:06Z
823659,605170,Victor Caratini,MIN,CLE,1,6,projected,Parker Messick,Target Field,2026-09-12T00:10:00Z,3.8880460371436043,1548,828,0.3373622344043107,0.6459673162791456,-0.7742082273221973,Normal,0.08732827133933911,0.5908221474252668,0.3049049522311008,0.5955611845835507,0.6156597654028195,0.4083436688595863,0.2539624873739651,0.14464395025114127,0.5710448238601646,0.3024835196131319,0.1605498459072922,0.10778361401701926,0.5736763641239496,0.1930332134190388,0.03754916430367427,2026-09-11T04:08:06Z
823659,682177,Daniel Schneemann,CLE,MIN,0,6,projected,Taj Bradley,Target Field,2026-09-12T00:10:00Z,4.059180977542933,924,2318,0.383956782821877,0.6290009248469269,-1.6716085771731877,Normal,0.10394089002889892,0.5719276124036793,0.3328288620174109,0.7998626892060444,0.6144002016196844,0.4084519807602664,0.2549710926590214,0.14602443936234566,0.5533678920113675,0.31844762222923095,0.1819105881111309,0.12847872008962144,0.555837801589859,0.18095562081227176,0.03475380030308452,2026-09-11T04:08:06Z
823659,680777,Ryan Jeffers,MIN,CLE,1,7,projected,Parker Messick,Target Field,2026-09-12T00:10:00Z,3.743481917577797,1826,828,0.4144295415918878,0.6287260318855049,-0.2750814997819417,Normal,0.11293086434869098,0.5854992706128762,0.34277890878687994,0.5734978850631859,0.6352716624161479,0.42725831118232827,0.26916269486315736,0.15545672808733352,0.5661443562717601,0.33372720366547365,0.19262935397586164,0.1379513410539103,0.5687189974928267,0.18831646515535544,0.035741970323162314,2026-09-11T04:08:06Z
823659,672275,Patrick Bailey,CLE,MIN,0,7,projected,Taj Bradley,Target Field,2026-09-12T00:10:00Z,3.911664779161948,1564,2318,0.39472465432786863,0.6121928006253978,0.7053582844847133,Normal,0.09706851042837449,0.5797641402285407,0.3159127154753425,0.7272257308674623,0.6099278214324753,0.4036475022958921,0.2507812967556943,0.1428108830924076,0.5607025306097227,0.3116033689791556,0.1749493245818028,0.12093125772869912,0.5632393033120392,0.1860555780799189,0.03608665856060432,2026-09-11T04:08:06Z
823659,686797,Brooks Lee,MIN,CLE,1,8,projected,Parker Messick,Target Field,2026-09-12T00:10:00Z,3.5904365904365902,1276,828,0.35255753183639765,0.6202838620198966,0.3126996245739164,Normal,0.11514724621382817,0.5730805757978797,0.19815129171315157,0.5040828462943765,0.605179662948369,0.39686773703446604,0.2438938579104317,0.1369234044000083,0.5546898109098619,0.3079476874667948,0.18133526015634963,0.13385872338983107,0.5571349106303864,0.17771472415671985,0.03185871524177381,2026-09-11T04:08:06Z
823659,677587,Brayan Rocchio,CLE,MIN,0,8,projected,Taj Bradley,Target Field,2026-09-12T00:10:00Z,3.758782201405152,1453,2318,0.3845199815877407,0.6023343031687106,-0.190982055382713,Normal,0.09006878290456447,0.5684061726143889,0.29674389331305523,0.5438289507257055,0.5945287475653386,0.38847826245439654,0.23835019331743534,0.1337824561222473,0.5501805454830937,0.30319581333449597,0.16540095620586956,0.11281477188843174,0.5526050484650731,0.17696785447223826,0.0329156516622566,2026-09-11T04:08:06Z
823659,668885,Austin Martin,MIN,CLE,1,9,projected,Parker Messick,Target Field,2026-09-12T00:10:00Z,3.397517408416591,773,828,0.4278317337902378,0.6226423217256621,0.03602883263798533,Normal,0.05969961118148504,0.5465651729356934,0.33757530317029216,0.5284862950624809,0.5877577859295817,0.37944724830455384,0.2295203750052266,0.1264525395383127,0.5300638653178225,0.27894557645795104,0.1352675700909666,0.08217335763260647,0.5322560696175752,0.15768064327817577,0.025480132134772723,2026-09-11T04:08:06Z
823659,595978,Austin Hedges,CLE,MIN,0,9,projected,Taj Bradley,Target Field,2026-09-12T00:10:00Z,3.592217652641569,1097,2318,0.3377962071116405,0.5972734477185407,-0.563382954467842,Normal,0.07490313458329241,0.5097509562700218,0.26384416285998524,0.626800720006492,0.5500877229121203,0.347539924727468,0.20639210828044283,0.11154643480883662,0.4953557400346673,0.24161678591341712,0.12469694152316592,0.08729505836830354,0.4972682748532908,0.13714019432982402,0.021369205858119508,2026-09-11T04:08:06Z
823736,592885,Christian Yelich,MIL,CIN,1,1,projected,Andrew Abbott,American Family Field,2026-09-11T23:45:00Z,4.426792528620204,2713,2393,0.5836899787860257,0.665968704309142,0.7150177471228231,Normal,0.10492671296212669,0.6608332484481021,0.3344510141188995,0.7277174762141888,0.7025747443949484,0.5023687417529097,0.3368369526563096,0.2089548678002003,0.6355253314971369,0.3787730646972487,0.2181081564575921,0.1444660903672601,0.6389059090222127,0.25683018404847435,0.06423261258079908,2026-09-11T04:08:06Z
823736,670770,TJ Friedl,CIN,MIL,0,1,projected,Dustin May,American Family Field,2026-09-11T23:45:00Z,4.609910802775024,2106,1460,0.5615808326016167,0.6294339099977927,-1.6354286569086909,Normal,0.11029242870611367,0.628317923906213,0.48391006904476536,0.6403886148847137,0.6785121238783376,0.47672911266515655,0.31465064256176456,0.1921047853405276,0.6054934672725686,0.35111302176983805,0.21020619886317113,0.1450461487333656,0.6085399869909915,0.22938197398406007,0.054049086074730024,2026-09-11T04:08:06Z
823736,668930,Brice Turang,MIL,CIN,1,2,projected,Andrew Abbott,American Family Field,2026-09-11T23:45:00Z,4.315345699831366,2343,2393,0.5261662704791692,0.6671993673103652,1.0987701141936108,Normal,0.08491741606609542,0.6474089533123929,0.35984442968333197,0.7088564023295763,0.6753350002417261,0.4715283837866349,0.3087252623353637,0.18649832132086286,0.6232102091287791,0.3568863967389263,0.19667487485878662,0.12352649310567529,0.6264394214269884,0.24341536710987993,0.05794016552540156,2026-09-11T04:08:06Z
823736,680574,Matt McLain,CIN,MIL,0,2,projected,Dustin May,American Family Field,2026-09-11T23:45:00Z,4.515731614859742,1435,1460,0.511840299444202,0.6257699681953333,-0.9311776159323211,Normal,0.10792432011831304,0.6097913149000932,0.34500616533624845,0.7784522438778282,0.6658970499737392,0.4625648537711144,0.30176982132324653,0.18180882250839547,0.5883970251101253,0.3446829192180195,0.19895182815073217,0.13803930554872498,0.5912497831277107,0.21291169929743334,0.04722136937771275,2026-09-11T04:08:06Z
823736,661388,William Contreras,MIL,CIN,1,3,projected,Andrew Abbott,American Family Field,2026-09-11T23:45:00Z,4.23125,2911,2393,0.5621164612442959,0.6622392863702031,-0.4737801732237391,Normal,0.1377235811210227,0.6690218576492493,0.41425867509504705,0.5121186390428323,0.7039144123660849,0.5024631246205236,0.3358114152201932,0.20728904941148013,0.6431251105821182,0.39797186834078885,0.24120727462100688,0.17231953401247319,0.6465826861035894,0.26224797245413645,0.06504393277248995,2026-09-11T04:08:06Z
823736,663647,Ke'Bryan Hayes,CIN,MIL,0,3,projected,Dustin May,American Family Field,2026-09-11T23:45:00Z,4.408106607440311,2268,1460,0.3954297201432008,0.6219910558966812,-1.1547347437941318,Normal,0.07382174420165155,0.6203890462796398,0.2592683252571173,0.6363711137697142,0.6279626433494956,0.42313249286916044,0.2679550717431888,0.15615313490609178,0.5982253992325292,0.32991645919769175,0.17731790452917737,0.10905650932565425,0.6011813164912841,0.22118798861512526,0.05000796114704199,2026-09-11T04:08:06Z
823736,694192,Jackson Chourio,MIL,CIN,1,4,projected,Andrew Abbott,American Family Field,2026-09-11T23:45:00Z,4.1384217335058215,1671,2393,0.5578098904912917,0.6522319255544463,1.765958809916477,Normal,0.17593693185174034,0.6829383053090404,0.2977974739025286,0.5841971126937182,0.7180732561051594,0.5181759813161926,0.34971715737637205,0.21799693489810976,0.6559096385349619,0.4277430731371187,0.2798776894086469,0.2120203535814029,0.6595190794667016,0.27471598970836125,0.06970310026014766,2026-09-11T04:08:06Z
823736,682829,Elly De La Cruz,CIN,MIL,0,4,projected,Dustin May,American Family Field,2026-09-11T23:45:00Z,4.3201830863121184,2389,1460,0.6042253558900332,0.6099454690084299,2.439930728059438,Hot,0.14873470947901457,0.6602771955693219,0.427042512291794,0.7668193991556969,0.71284836540621,0.5135660661959107,0.3466634925499963,0.21649789748456064,0.6350498975143477,0.4070346931587746,0.26515840405898916,0.19273893162298572,0.6384185962019413,0.2553820236814317,0.06305798737311114,2026-09-11T04:08:06Z
823736,683734,Andrew Vaughn,MIL,CIN,1,5,projected,Andrew Abbott,American Family Field,2026-09-11T23:45:00Z,4.019583228722069,2553,2393,0.44420488925731394,0.6365465864755908,0.5003888616549831,Normal,0.12580104302951478,0.6580885577423417,0.3681650362823006,0.5020297105046495,0.6759052992994732,0.47034479544216395,0.30633749906180585,0.18365061644700192,0.6331411325452382,0.3861829299841014,0.22886802421043506,0.16015096806009718,0.6364680437100262,0.25016344834337034,0.05874288506185061,2026-09-11T04:08:06Z
823736,668709,JJ Bleday,CIN,MIL,0,5,projected,Dustin May,American Family Field,2026-09-11T23:45:00Z,4.19656862745098,2017,1460,0.49732229488408464,0.5930665338801206,-1.474853496443838,Normal,0.1310150451184489,0.5780519658093382,0.48088967846789465,0.6796818676123876,0.651547470394306,0.4459570542436695,0.2863395920558159,0.16925336343105363,0.5590530948405701,0.3471759602820596,0.21128732512562665,0.15770003155772283,0.5615821611843721,0.18580183862887287,0.03651717500595791,2026-09-11T04:08:06Z
823736,641343,Jake Bauers,MIL,CIN,1,6,projected,Andrew Abbott,American Family Field,2026-09-11T23:45:00Z,3.8880460371436043,1358,2393,0.5075551898756437,0.6191788125794143,-0.3431547238746766,Normal,0.12038552757623482,0.5844981324278379,0.48106360311139945,0.7141267317357207,0.660918548636738,0.4540696390559193,0.29202119424183787,0.17259447896822422,0.5651721100880285,0.330623180269987,0.19593729201870222,0.14352084485996752,0.5677432186127335,0.18822983162832924,0.03599631001375844,2026-09-11T04:08:06Z
823736,553993,Eugenio Suárez,CIN,MIL,0,6,projected,Dustin May,American Family Field,2026-09-11T23:45:00Z,4.059180977542933,3067,1460,0.43328933961443744,0.5761486055720936,0.2521511284573877,Normal,0.14318473754184316,0.5716109763731133,0.37343533937048834,0.7961624137748745,0.6511273358334885,0.4453172564611317,0.2856291355915766,0.16858754010548324,0.5530730959144213,0.33470455324184156,0.20752357744614716,0.1621352730103855,0.5555400799797389,0.18072350668268475,0.03467967638479375,2026-09-11T04:08:06Z
823736,686217,Sal Frelick,MIL,CIN,1,7,projected,Andrew Abbott,American Family Field,2026-09-11T23:45:00Z,3.743481917577797,1695,2393,0.4011298918875167,0.6019178801059196,-1.840702223464226,Normal,0.0630752162356257,0.6027543012516676,0.26605560637910713,0.4496660070653299,0.6224108442244343,0.4144930409866248,0.2586833609842338,0.1478566196075654,0.5821521805297661,0.30805508165936113,0.15535939445898878,0.09196433252201681,0.5848938419214896,0.20161833836826273,0.04008491053137023,2026-09-11T04:08:06Z
823736,663886,Tyler Stephenson,CIN,MIL,0,7,projected,Dustin May,American Family Field,2026-09-11T23:45:00Z,3.911664779161948,1978,1460,0.40550646804091983,0.5593999903187583,-0.12025501757060665,Normal,0.09883138322538201,0.5902552110651833,0.3300974926622106,0.7264845071102949,0.6383772274083738,0.4317581046775389,0.273870865157881,0.15961034129994076,0.5704506000995394,0.3248401238462345,0.1800815515805005,0.12397004558312684,0.5730869646250936,0.19400493429048868,0.03869978082255325,2026-09-11T04:08:06Z
823736,596142,Gary Sánchez,MIL,CIN,1,8,projected,Andrew Abbott,American Family Field,2026-09-11T23:45:00Z,3.5904365904365902,1373,2393,0.47019203214633265,0.5951573681670379,-0.944392531255736,Normal,0.15911153494545907,0.5393070801774483,0.4458233902420674,0.5788293377591448,0.6358111565758247,0.4267705587583957,0.268099948094532,0.15424503646427912,0.5231690605166173,0.31796479332141747,0.20760490876653023,0.1717659922772645,0.5253133835359903,0.15441540644360396,0.025232600642666508,2026-09-11T04:08:06Z
823736,667472,Dane Myers,CIN,MIL,0,8,projected,Dustin May,American Family Field,2026-09-11T23:45:00Z,3.758782201405152,808,1460,0.38152803897661347,0.5528128976937308,1.9604383856975844,Normal,0.06936877872621709,0.5810777646601293,0.28627008267900633,0.628679414963042,0.6147161539925478,0.40777044038826693,0.25380750274135394,0.1447823371645315,0.5619735203487942,0.29472227311566407,0.148978416972598,0.09294372412709577,0.5645156553202372,0.18627119366058487,0.03584784836234215,2026-09-11T04:08:06Z
823736,687401,Joey Ortiz,MIL,CIN,1,9,projected,Andrew Abbott,American Family Field,2026-09-11T23:45:00Z,3.397517408416591,1421,2393,0.4261845476781453,0.60104520509102,-0.10027923964667407,Normal,0.08831658852594632,0.5620968482878498,0.2878237166043207,0.43814850446759845,0.6114516897186253,0.4017270961983551,0.24703849242190318,0.1386561844441538,0.5445651945956606,0.2957520337391703,0.16375460553098203,0.11103531382316584,0.5468948393481221,0.1682533550168827,0.02837631188288623,2026-09-11T04:08:06Z
823736,624431,Jose Trevino,CIN,MIL,0,9,projected,Dustin May,American Family Field,2026-09-11T23:45:00Z,3.592217652641569,1196,1460,0.3515338016830567,0.5548556160379404,-1.872267024353784,Normal,0.07622986680469611,0.5465043559249154,0.1795923768152027,0.49140341560876283,0.594839883997554,0.3881398669598624,0.2377056976027634,0.13308510214516794,0.5298057766264977,0.273881828709708,0.14096120012629695,0.09414159717553913,0.5320257326895612,0.16074605813435883,0.027741002984099417,2026-09-11T04:08:06Z
823817,665923,Esteury Ruiz,MIA,LAD,1,1,projected,TBD,loanDepot park,2026-09-11T23:10:00Z,4.426792528620204,834,0,0.5351087762107627,0.5868738933047141,-1.2409458817049697,Normal,0.08360875669108507,0.6404880006204248,0.38179731616214335,0.7375516346794908,0.6771783342958793,0.4741605696535076,0.31152761917982436,0.18903220452840763,0.6167948571713512,0.3617402159080771,0.1996684628184433,0.1250776957298287,0.6199568913714002,0.23826114435345733,0.05651735107989241,2026-09-11T04:08:06Z
823817,660271,Shohei Ohtani,LAD,MIA,0,1,projected,Ryan Gusto,loanDepot park,2026-09-11T23:10:00Z,4.609910802775024,3319,775,0.7740728447773652,0.5843485437829142,-1.768113308056569,Normal,0.2601807627389453,0.7241681061806511,0.43282086650630713,0.7023975298108954,0.7915162892692278,0.6142053187261246,0.4473416173498026,0.3036914664098948,0.6934966771819725,0.4977848805227285,0.3696387192725587,0.3021363108633843,0.6976133866180463,0.32379849063665767,0.09776301942951257,2026-09-11T04:08:06Z
823817,805300,Jakob Marsee,MIA,LAD,1,2,projected,TBD,loanDepot park,2026-09-11T23:10:00Z,4.315345699831366,793,0,0.5928688895451771,0.5868738933047141,2.983818401467028,Hot,0.09505511718422788,0.6415592765266026,0.4809933462355493,0.5565906669399399,0.6914403760124529,0.48919107309797627,0.32439753219540207,0.19870180952892638,0.6178214709940535,0.3707905887236923,0.21462305437559637,0.13920959617947246,0.6209884264266544,0.23817940558725298,0.055833916929357866,2026-09-11T04:08:06Z
823817,605141,Mookie Betts,LAD,MIA,0,2,projected,Ryan Gusto,loanDepot park,2026-09-11T23:10:00Z,4.515731614859742,2972,775,0.6027749224578319,0.5703633468049204,1.3045197597209666,Normal,0.13089896234074003,0.6903461693604869,0.3359091538050078,0.48157985365347133,0.7391184645278692,0.5459684596245044,0.3781785718279671,0.24313619566297287,0.662586920033176,0.4228817952171619,0.25873140894111596,0.17891331994788542,0.6663023371203886,0.2866205347402952,0.07834060882162339,2026-09-11T04:08:06Z
823817,672640,Otto Lopez,MIA,LAD,1,3,projected,TBD,loanDepot park,2026-09-11T23:10:00Z,4.23125,1660,0,0.48660564900691505,0.5868738933047141,0.4928952599427964,Normal,0.07545165590792106,0.6850985118401757,0.27362419623805617,0.4672924177586065,0.6956234526677998,0.4931034088359706,0.32734907435831434,0.2006042635839941,0.6578627097053741,0.38707638693487395,0.2114257843895119,0.12521415182610707,0.6615018070487609,0.2779125946342727,0.07189756834752127,2026-09-11T04:08:06Z
823817,669242,Tommy Edman,LAD,MIA,0,3,projected,Ryan Gusto,loanDepot park,2026-09-11T23:10:00Z,4.408106607440311,1960,775,0.5729761557516556,0.5580553505479812,-0.3448961455504146,Normal,0.11098718723924485,0.6797497624600057,0.34541869542416764,0.5748146409297249,0.7130479081376757,0.5146041799901424,0.34824591148428624,0.21824892990607306,0.6528846756915601,0.40151901932912304,0.23861794453333562,0.15859107088419688,0.6564771991307609,0.2753809941935945,0.07264605559622123,2026-09-11T04:08:06Z
823817,682663,Agustín Ramírez,MIA,LAD,1,4,projected,TBD,loanDepot park,2026-09-11T23:10:00Z,4.1384217335058215,794,0,0.44723739104358073,0.5868738933047141,-0.7836295619732467,Normal,0.09463207529828163,0.6115582951733048,0.3157656178990021,0.6172697832096475,0.6621380491383108,0.45614236328834284,0.2944074274343479,0.174859712762021,0.5902072348694216,0.3480380208814262,0.19318634012015765,0.12796943979690814,0.5930509497112394,0.2106257028871317,0.044272362348293064,2026-09-11T04:08:06Z
823817,663656,Kyle Tucker,LAD,MIA,0,4,projected,Ryan Gusto,loanDepot park,2026-09-11T23:10:00Z,4.3201830863121184,2782,775,0.5656024066663765,0.543988074625889,-0.16295477929240987,Normal,0.1397524353611317,0.6599096456977751,0.447977677505771,0.5088015560094469,0.718472389302809,0.5201156527384942,0.3527344322903239,0.22140403177520884,0.634712027434277,0.3991394862629932,0.24788682749847604,0.17822517820765627,0.6380767069438626,0.2550388735185284,0.06291300921112968,2026-09-11T04:08:06Z
823817,669065,Kyle Stowers,MIA,LAD,1,5,projected,TBD,loanDepot park,2026-09-11T23:10:00Z,4.019583228722069,1256,0,0.47408066180770725,0.5868738933047141,-0.16807547957594085,Normal,0.14817562481196833,0.6319265641354512,0.3790880603582875,0.7453988238524845,0.6840535053020912,0.4792017203444097,0.31410627649149564,0.18961841351690015,0.6090573158404494,0.3849984741352402,0.24473940926144302,0.18159125411669064,0.6121043354185686,0.2268960473854151,0.049716588116722846,2026-09-11T04:08:06Z
823817,518692,Freddie Freeman,LAD,MIA,0,5,projected,Ryan Gusto,loanDepot park,2026-09-11T23:10:00Z,4.19656862745098,3303,775,0.5602747357957135,0.5238462841577757,-1.3008845124899642,Normal,0.11486011666121863,0.7172046984398106,0.38283607295729294,0.530317185204111,0.7371540885527176,0.5418818584687435,0.37280544500811424,0.23747825466608138,0.6871873074327076,0.4471108270926476,0.26655567811480857,0.17433923058440753,0.6912062207070482,0.3119499553816743,0.08841186545547035,2026-09-11T04:08:06Z
823817,681715,Heriberto Hernández,MIA,LAD,1,6,projected,TBD,loanDepot park,2026-09-11T23:10:00Z,3.8880460371436043,730,0,0.44665994961913347,0.5868738933047141,-0.4571457483998481,Normal,0.13469654907628048,0.5904793307414482,0.36965356806919647,0.6824548582879915,0.66572882592993,0.4591422959215277,0.2963718215428004,0.17587126210496412,0.5707266189279137,0.3375455229284866,0.20666085018613442,0.15620437095861006,0.573354863005655,0.1927706907587798,0.03746352723823727,2026-09-11T04:08:06Z
823817,606192,Teoscar Hernández,LAD,MIA,0,6,projected,Ryan Gusto,loanDepot park,2026-09-11T23:10:00Z,4.059180977542933,2840,775,0.4365125147193636,0.5095999470952137,2.530429133710514,Hot,0.10876143857446773,0.647032998446674,0.2564418862999844,0.7284616353368825,0.6903635924359334,0.48735967394605945,0.3222632890595664,0.19664396341518056,0.6229000238243213,0.3772226909794065,0.2172781464856719,0.14637777833095986,0.6261191385807306,0.24205140585147303,0.056723537981171815,2026-09-11T04:08:06Z
823817,665052,Griffin Conine,MIA,LAD,1,7,projected,TBD,loanDepot park,2026-09-11T23:10:00Z,3.743481917577797,443,0,0.5101986428334896,0.5868738933047141,0.6222962806036366,Normal,0.14313725074295838,0.6092563277546723,0.38607328936492086,0.6790811285113739,0.6838217239043458,0.4780800006950803,0.3124915751994901,0.18791053886258585,0.5881730353203632,0.3525009278158358,0.21847599636593704,0.1657892680737396,0.5909791900274313,0.2067957927730042,0.04183675550337588,2026-09-11T04:08:06Z
823817,669257,Will Smith,LAD,MIA,0,7,projected,Ryan Gusto,loanDepot park,2026-09-11T23:10:00Z,3.911664779161948,2342,775,0.48017367275073775,0.4941242848598656,-0.26536571562103156,Normal,0.09800711428265699,0.6053941305965885,0.39299142708743434,0.5488323640422212,0.6727387435365356,0.46756014610603547,0.3044102385709388,0.1825600500833491,0.5844901081994203,0.3337514810776873,0.1871126669656391,0.12658383439111173,0.5872739918141788,0.20588338878090784,0.04275779582235775,2026-09-11T04:08:06Z
823817,688363,Graham Pauley,MIA,LAD,1,8,projected,TBD,loanDepot park,2026-09-11T23:10:00Z,3.5904365904365902,356,0,0.3958269847648737,0.5868738933047141,0.3267987463556053,Normal,0.09358790310611922,0.5635048444619553,0.28312696996680997,0.5571324882806743,0.6222437907613,0.4133390209961236,0.25712138964931347,0.14632421596606063,0.5457696877644792,0.3098987381544394,0.1719614519285198,0.11803960831601083,0.5481272001666964,0.17088470302669367,0.029845718741538605,2026-09-11T04:08:06Z
823817,571970,Max Muncy,LAD,MIA,0,8,projected,Ryan Gusto,loanDepot park,2026-09-11T23:10:00Z,3.758782201405152,2328,775,0.5651881282950464,0.48944194655951934,0.7076519983683598,Normal,0.1750789534515915,0.5728574015881863,0.44900480557660144,0.6446175104248999,0.6836083844552882,0.4787129328184659,0.3137753499276311,0.18947899798074644,0.5543257261804128,0.35157067903844247,0.2337233134775217,0.19194761444727645,0.5567911930534661,0.18019915171250417,0.03392143518942816,2026-09-11T04:08:06Z
823817,691594,Javier Sanoja,MIA,LAD,1,9,projected,TBD,loanDepot park,2026-09-11T23:10:00Z,3.397517408416591,805,0,0.3902030737427834,0.5868738933047141,1.5777421904480313,Normal,0.0678791168772572,0.5944250045186097,0.2091268158283191,0.33554881197027114,0.6247391584526284,0.41460208148542993,0.2573739279874662,0.1459847336670446,0.5746333668328013,0.32651031642449285,0.17010492485949316,0.10247812729713897,0.5772648267483684,0.1917833861107787,0.03531595383347095,2026-09-11T04:08:06Z
823817,500743,Miguel Rojas,LAD,MIA,0,9,projected,Ryan Gusto,loanDepot park,2026-09-11T23:10:00Z,3.592217652641569,1806,775,0.38451377836453265,0.4964521488622196,-0.3805047946106092,Normal,0.057114232134378155,0.5881037850684189,0.22990878731607062,0.41761545894805,0.6159278768397634,0.4082731862991409,0.2538034984498434,0.14451010111744822,0.5685670014857119,0.3026445584210969,0.14649995320896947,0.08478538124939214,0.5711665793207515,0.19054538904562435,0.03680207706080817,2026-09-11T04:08:06Z
824227,805808,Kevin McGonigle,DET,COL,1,1,projected,Mason Adams,Comerica Park,2026-09-11T22:40:00Z,4.426792528620204,635,59,0.6483237595155432,0.642979520564228,-0.3720344210838798,Normal,0.11974106891220677,0.6843033548714059,0.4863717903283054,0.48390678209911553,0.723862002051959,0.5270646750004718,0.35970491122771936,0.22744198672510305,0.6570681644914811,0.40454122992667213,0.24187301329841435,0.16394607351734358,0.6607105242486041,0.27955323571035323,0.07431471185785227,2026-09-11T04:08:06Z
824227,678662,Ezequiel Tovar,COL,DET,0,1,projected,Framber Valdez,Comerica Park,2026-09-11T22:40:00Z,4.609910802775024,2196,3828,0.5281147499323191,0.6715127443394587,-0.6337988620635956,Normal,0.095912473264705,0.6550738893037589,0.28097757485054925,0.7298476643072737,0.6909920086642777,0.49048086927700774,0.3269568194278535,0.20179243292173385,0.6301667545237928,0.38965064721381487,0.22454042418578168,0.14510345777774766,0.6334953301875849,0.25334187085736537,0.0639707541068875,2026-09-11T04:08:06Z
824227,650402,Gleyber Torres,DET,COL,1,2,projected,Mason Adams,Comerica Park,2026-09-11T22:40:00Z,4.315345699831366,2914,59,0.5532214217074025,0.639747037362515,0.3331303821420354,Normal,0.11019519047072032,0.6734148170766895,0.39329614443045624,0.5917074954034031,0.7022174543187553,0.5013048271025019,0.3353380976652138,0.2073490511245562,0.6471128460845491,0.3839300435838995,0.21913208480589802,0.14613903642205095,0.6506267962231819,0.2677189615620239,0.06820180061080633,2026-09-11T04:08:06Z
824227,666160,Mickey Moniak,COL,DET,0,2,projected,Framber Valdez,Comerica Park,2026-09-11T22:40:00Z,4.515731614859742,1711,3828,0.4851357013596879,0.6720383911470336,-1.965576982321631,Normal,0.13185661539556098,0.6522310301462578,0.2328434818043986,0.8205379105478398,0.6949664768273006,0.49432818071614937,0.32997912208425517,0.20384907688121265,0.6275844015676528,0.39558611826311646,0.24856522034589312,0.17581974185413432,0.6308765772956393,0.24975969645899704,0.06185296631670376,2026-09-11T04:08:06Z
824227,682985,Riley Greene,DET,COL,1,3,projected,Mason Adams,Comerica Park,2026-09-11T22:40:00Z,4.23125,2600,59,0.548929030394467,0.6305980473738902,0.8071279381326751,Normal,0.14381948337607614,0.6749461387058083,0.40947056409552446,0.7218587805324623,0.7070832492228023,0.5060793466774528,0.33910643136877044,0.20990893445181386,0.6485598266664856,0.41181917291153547,0.2584926522421725,0.18537159241857226,0.6520837116138337,0.26794084860820727,0.0674959134332095,2026-09-11T04:08:06Z
824227,696100,Hunter Goodman,COL,DET,0,3,projected,Framber Valdez,Comerica Park,2026-09-11T22:40:00Z,4.408106607440311,1397,3828,0.5274843791247961,0.6738883740234235,-0.39855291553526345,Normal,0.19030338859648702,0.6468087660824673,0.30443895936542525,0.7872657215623745,0.7091775984375744,0.5101316184653542,0.34411433324052837,0.21491443130032536,0.6226080407087553,0.40844361211199154,0.2780750459190045,0.22007135588081111,0.6258390935517285,0.24424536156740964,0.059152775912252674,2026-09-11T04:08:06Z
824227,679529,Spencer Torkelson,DET,COL,1,4,projected,Mason Adams,Comerica Park,2026-09-11T22:40:00Z,4.1384217335058215,2669,59,0.4804890683866115,0.6182383076233118,-1.4395219938092285,Normal,0.13194806743067267,0.6191217018090905,0.378302115731088,0.760567150528558,0.6638194931014328,0.4579164085464055,0.29593306879051356,0.17601358549253038,0.5972024284935986,0.36872761437592727,0.22093952641231004,0.16126947776746361,0.6001224901355462,0.21684440557173865,0.04650155584749937,2026-09-11T04:08:06Z
824227,687597,Jordan Beck,COL,DET,0,4,projected,Framber Valdez,Comerica Park,2026-09-11T22:40:00Z,4.3201830863121184,920,3828,0.40108943414466514,0.6666383816416622,-0.657304933272749,Normal,0.07965764769650313,0.6261154338694174,0.3000985517422381,0.7792497884294789,0.6359797560068644,0.4304953385447152,0.2736312684418991,0.16002414872554377,0.6035711903081877,0.34906434776160455,0.19242114702577187,0.11988370397699234,0.606577438411777,0.22489525382576195,0.05079622979150638,2026-09-11T04:08:06Z
824227,690993,Colt Keith,DET,COL,1,5,projected,Mason Adams,Comerica Park,2026-09-11T22:40:00Z,4.019583228722069,1429,59,0.4775689579147054,0.5991531241971301,-1.3927176755165969,Normal,0.10523402023706893,0.6547987587602591,0.3588018975855623,0.575361282853057,0.6716854169116256,0.4658090434030777,0.30239061262749467,0.18063896802533946,0.6301179163362944,0.368227677073767,0.21342269018980967,0.14225318971321502,0.6334088758039845,0.24714587543607633,0.057531723157236744,2026-09-11T04:08:06Z
824227,681198,TJ Rumfield,COL,DET,0,5,projected,Framber Valdez,Comerica Park,2026-09-11T22:40:00Z,4.19656862745098,573,3828,0.44848300118215056,0.6606328430410523,1.478467679141725,Normal,0.07873566083982737,0.6493951052656449,0.4250842970215217,0.5389076455159728,0.666540978376924,0.461693411946697,0.2998557701693095,0.17948388637152532,0.6250663404098331,0.36259235908283244,0.19688779025071418,0.12039407908955388,0.6283124764901297,0.2445493106544209,0.0580146147813787,2026-09-11T04:08:06Z
824227,656716,Zach McKinstry,DET,COL,1,6,projected,Mason Adams,Comerica Park,2026-09-11T22:40:00Z,3.8880460371436043,1934,59,0.4332618234005237,0.5817859130608711,-1.4687146402933202,Normal,0.0797452060393889,0.6003887528769264,0.35818077473352466,0.5189095319594086,0.6329243758299271,0.4253755603479114,0.267898158370114,0.15472876070324348,0.5799177903546555,0.33478002169812177,0.19179865801720236,0.1203040553232183,0.5826422670211824,0.20045926284869045,0.040008427556296425,2026-09-11T04:08:06Z
824227,687859,Troy Johnston,COL,DET,0,6,projected,Framber Valdez,Comerica Park,2026-09-11T22:40:00Z,4.059180977542933,538,3828,0.38538548351223,0.6502016351350156,-0.6858780245676936,Normal,0.06290729509186857,0.6263309699751574,0.31779092022624666,0.6146820652145758,0.639858046377977,0.4337643216640918,0.27587747084454617,0.16131938506494004,0.6038117933969628,0.34184822449197977,0.1758190815721931,0.10197717186002013,0.606813383408875,0.22395430351710072,0.04970238654831106,2026-09-11T04:08:06Z
824227,693307,Dillon Dingler,DET,COL,1,7,projected,Mason Adams,Comerica Park,2026-09-11T22:40:00Z,3.743481917577797,1119,59,0.4055243809888246,0.5652208647785282,-1.8874326003975628,Normal,0.11602606938738953,0.6152811506236926,0.25964236196709173,0.6288635922160656,0.6560804454161626,0.44851073343799797,0.2869644323376173,0.1685907466859493,0.5937465294557506,0.35030344794067675,0.2062613000180926,0.14530235779172357,0.5966132075487324,0.21167595121027152,0.04351964160580156,2026-09-11T04:08:06Z
824227,664983,Jake McCarthy,COL,DET,0,7,projected,Framber Valdez,Comerica Park,2026-09-11T22:40:00Z,3.911664779161948,1906,3828,0.4073527366227426,0.6343955741852106,0.6915332858886457,Normal,0.0686824206920365,0.6228823733124015,0.24690880478652388,0.5526965171430809,0.6467597649946928,0.4402976040612665,0.28103821073025476,0.16492226681282016,0.6006683878820498,0.33472661459328396,0.185863670419915,0.11145985897437824,0.603628302475105,0.22022595282285556,0.047903388223847786,2026-09-11T04:08:06Z
824227,595879,Javier Báez,DET,COL,1,8,projected,Mason Adams,Comerica Park,2026-09-11T22:40:00Z,3.5904365904365902,2039,59,0.39666672086393456,0.5602578627999489,-1.0285673980092187,Normal,0.07860888338249676,0.5968217896438637,0.19631607584426167,0.5828490666029552,0.6328954370426729,0.42385816875196286,0.2657046383699031,0.15250776952906114,0.5767474464996774,0.31858631125439374,0.17086235808763411,0.10830108489001715,0.5794176869821313,0.19544836428905926,0.037359116158148103,2026-09-11T04:08:06Z
824227,681393,Connor Norby,COL,DET,0,8,projected,Framber Valdez,Comerica Park,2026-09-11T22:40:00Z,3.758782201405152,858,3828,0.4240304394028057,0.6232640359063957,0.322393903597864,Normal,0.08178245648768535,0.5720722627089381,0.3430981640691694,0.6981886100643228,0.6344620675855449,0.4272607415967475,0.2697855534756471,0.15637980715763947,0.5535947747259888,0.3097020485948532,0.1634469558775645,0.10738044845056449,0.5560529871248344,0.1796263226499705,0.03374215331685246,2026-09-11T04:08:06Z
824227,701678,Hao-Yu Lee,DET,COL,1,9,projected,Mason Adams,Comerica Park,2026-09-11T22:40:00Z,3.397517408416591,297,59,0.4023732326781653,0.5700242050284416,-1.458154479431669,Normal,0.08848256370525602,0.5836553396883624,0.2674217247356091,0.5865939690724505,0.6276996508832092,0.41750959837717383,0.25972974242691527,0.1476683794994999,0.5646340169220887,0.3109011663478456,0.16815802834679403,0.11241646391426081,0.567162545949319,0.18370923043630663,0.03285772500761409,2026-09-11T04:08:06Z
824227,691720,Kyle Karros,COL,DET,0,9,projected,Framber Valdez,Comerica Park,2026-09-11T22:40:00Z,3.592217652641569,566,3828,0.46442934611554265,0.6155064285868191,-0.19319782711960037,Normal,0.07336660889493578,0.5615270205360628,0.37362272058687673,0.5493051941868746,0.6259360149304446,0.41807090077369896,0.26177686212186835,0.1502555890380827,0.5438319684446157,0.29179335720268,0.15267292129073481,0.09780394566911672,0.546185095998744,0.1711153805420963,0.030765369009213055,2026-09-11T04:08:06Z
824631,663538,Nico Hoerner,CHC,PIT,1,1,projected,TBD,Wrigley Field,2026-09-11T18:20:00Z,4.426792528620204,3123,0,0.5972418159314057,0.5868738933047141,0.5029508921168421,Normal,0.08056768409932465,0.708276102285453,0.2795347616651716,0.4220086647721188,0.7113338572434635,0.5124090603672956,0.34605246313266397,0.21634937522639902,0.6790049071749609,0.4070123923022086,0.22577839261597163,0.13466474639370132,0.6829251391836269,0.30430561945599954,0.08611493859303614,2026-09-11T04:08:06Z
824631,665833,Oneil Cruz,PIT,CHC,0,1,projected,Shota Imanaga,Wrigley Field,2026-09-11T18:20:00Z,4.609910802775024,1907,1898,0.5884536791405063,0.6398937511905877,0.17265711005851528,Normal,0.16518034220337952,0.6394475427485264,0.3451665656800687,0.8906591603404813,0.7005137527738112,0.5011835993718056,0.33667379157704835,0.2095365560737428,0.6157676050653161,0.392270098526789,0.2571204919259373,0.19680992391535834,0.6189298452625226,0.23914131020229887,0.057996118526269215,2026-09-11T04:08:06Z
824631,608324,Alex Bregman,CHC,PIT,1,2,projected,TBD,Wrigley Field,2026-09-11T18:20:00Z,4.315345699831366,3166,0,0.5950329626303004,0.5868738933047141,0.8310224933330339,Normal,0.1524072212516801,0.6664727970374398,0.40234856463885216,0.4811496295423187,0.7100216788645779,0.5102311447264063,0.34350191931336865,0.21387025083024433,0.6407407818643502,0.4073486693387206,0.25497732411698876,0.1876366436335781,0.6441774571596889,0.2610634385446847,0.0653118279689328,2026-09-11T04:08:06Z
824631,687462,Spencer Horwitz,PIT,CHC,0,2,projected,Shota Imanaga,Wrigley Field,2026-09-11T18:20:00Z,4.515731614859742,1251,1898,0.4985492669428543,0.6380302366696445,-1.3689624340994566,Normal,0.11402155588496178,0.6443976811848097,0.3649849578917931,0.6344074994083523,0.6733539660339125,0.47055713581271535,0.30876866028318745,0.18721139971499337,0.6203687285424642,0.3721286128227471,0.21572211082169548,0.14830811987691644,0.6235772521427106,0.24264006217397496,0.058883061378394684,2026-09-11T04:08:06Z
824631,683737,Michael Busch,CHC,PIT,1,3,projected,TBD,Wrigley Field,2026-09-11T18:20:00Z,4.23125,1887,0,0.5222124327270087,0.5868738933047141,-0.8437876825909263,Normal,0.15243176193472735,0.6430265067776345,0.44596411162297706,0.6465936101355044,0.6908154727967958,0.48774169545442214,0.3225438919750654,0.19683640622429913,0.6192231100926261,0.3906240712382184,0.2479863744246824,0.18504925522123372,0.6223978114833149,0.23832051260337364,0.055216847694755336,2026-09-11T04:08:06Z
824631,668804,Bryan Reynolds,PIT,CHC,0,3,projected,Shota Imanaga,Wrigley Field,2026-09-11T18:20:00Z,4.408106607440311,3236,1898,0.49670418351860957,0.6361748465805402,1.1359501035328232,Normal,0.14407036319450242,0.6642065904708865,0.34281314875161006,0.6735228808769862,0.6910251618399617,0.4895821427911227,0.3254123478582439,0.2000089758156779,0.6386154679545815,0.40340629115236454,0.2531179088455155,0.18316771108761773,0.6420349014383722,0.26034569946157404,0.06596451952238601,2026-09-11T04:08:06Z
824631,664023,Ian Happ,CHC,PIT,1,4,projected,TBD,Wrigley Field,2026-09-11T18:20:00Z,4.1384217335058215,3237,0,0.517974595143279,0.5868738933047141,-0.3340022085958183,Normal,0.14236829041523064,0.6277403401468098,0.43399595553286685,0.704003359383796,0.6841627516039531,0.47980648882102833,0.31502462372612533,0.19062591926668257,0.6051638050816883,0.3829105356088435,0.23579517998078892,0.17422213244166762,0.6081722485923708,0.22408779534712397,0.04916193581027182,2026-09-11T04:08:06Z
824631,664040,Brandon Lowe,PIT,CHC,0,4,projected,Shota Imanaga,Wrigley Field,2026-09-11T18:20:00Z,4.3201830863121184,2276,1898,0.500720149403363,0.6253443982603536,0.9854376579761228,Normal,0.18474146120858434,0.6303403146894339,0.28564465487834584,0.8326408759587857,0.6973880659932855,0.49591896448702627,0.33054138338052397,0.20362660706556746,0.607472619212674,0.3872585280169326,0.2594170585475499,0.20778777388722844,0.6105224778528313,0.2285156541770534,0.052187245958070234,2026-09-11T04:08:06Z
824631,673548,Seiya Suzuki,CHC,PIT,1,5,projected,TBD,Wrigley Field,2026-09-11T18:20:00Z,4.019583228722069,2838,0,0.4996685683616838,0.5868738933047141,0.41995944702976246,Normal,0.13614283216408338,0.6436971633969811,0.39043741829811696,0.6352034468038327,0.6946168500206441,0.4908833578913458,0.32447920750207815,0.1976690206798957,0.6199047901779332,0.3870520653931902,0.23891303493666874,0.17195611524864018,0.6230760342120018,0.23715992512783396,0.053610027740981545,2026-09-11T04:08:06Z
824631,693304,Nick Gonzales,PIT,CHC,0,5,projected,Shota Imanaga,Wrigley Field,2026-09-11T18:20:00Z,4.19656862745098,1483,1898,0.45496305803512843,0.6103334632879927,0.7556589367014853,Normal,0.09134015832541051,0.6774468592745259,0.26067420636396993,0.5376606008124111,0.6800447649528472,0.4762255418154149,0.3125628787870467,0.1892491442399585,0.6508347638159421,0.38553756317356425,0.21665773850003708,0.13612764639239877,0.6543899496581611,0.2709306054154131,0.06916648552856546,2026-09-11T04:08:06Z
824631,624424,Michael Conforto,CHC,PIT,1,6,projected,TBD,Wrigley Field,2026-09-11T18:20:00Z,3.8880460371436043,1710,0,0.4822302781811824,0.5868738933047141,1.316394239841214,Normal,0.15194453725644003,0.5961219040760809,0.3988408088914997,0.6160558922187098,0.6606159973341176,0.45375202408424736,0.2917496589897184,0.17239051733600705,0.5759619415105747,0.35455951225693366,0.2228522805399623,0.1733017155691121,0.578644741250301,0.1971231402590023,0.03889480880887516,2026-09-11T04:08:06Z
824631,699013,Esmerlyn Valdez,PIT,CHC,0,6,projected,Shota Imanaga,Wrigley Field,2026-09-11T18:20:00Z,4.059180977542933,284,1898,0.5353998449072908,0.5937305870571024,-1.0996734546082003,Normal,0.20719413109339532,0.6032017547235574,0.40357702758072334,0.8521244229954403,0.6891634326507562,0.486029239757476,0.32107575370094105,0.19571594167757853,0.5824160789699576,0.3836509114936114,0.26847383854790163,0.22502762273540916,0.5851845722298836,0.20489658247803605,0.04277748033430991,2026-09-11T04:08:06Z
824631,691718,Pete Crow-Armstrong,CHC,PIT,1,7,projected,TBD,Wrigley Field,2026-09-11T18:20:00Z,3.743481917577797,1735,0,0.5520058411046975,0.5868738933047141,0.4203930616459699,Normal,0.21271798986652726,0.6236300968410152,0.33521259488034066,0.6106012475935668,0.6970958263486973,0.4927682056774187,0.325510841563709,0.19798321507238298,0.601461347118221,0.40170493266173873,0.2862612423557845,0.23584637313702317,0.6044131154038979,0.21857255669848924,0.04595038598523415,2026-09-11T04:08:06Z
824631,663968,Jake Mangum,PIT,CHC,0,7,projected,Shota Imanaga,Wrigley Field,2026-09-11T18:20:00Z,3.911664779161948,860,1898,0.37897385158833363,0.5766866913582359,-0.3568415324840365,Normal,0.06853507616621958,0.6376984371624889,0.22202212014712383,0.6240854978429272,0.638044873269184,0.4314220116238494,0.27359025181513275,0.15940330147629417,0.614341352483241,0.3352312189429114,0.17226666305521152,0.10200190505553572,0.6174551284589803,0.23291938002351464,0.05268296969067466,2026-09-11T04:08:06Z
824631,608348,Carson Kelly,CHC,PIT,1,8,projected,TBD,Wrigley Field,2026-09-11T18:20:00Z,3.5904365904365902,1627,0,0.39356920709358906,0.5868738933047141,-1.0399563748727356,Normal,0.09329342300667107,0.5758957017805069,0.2886485609144724,0.5084261921861486,0.6231860271718531,0.4142620271217809,0.25787026999672874,0.14686112180969976,0.557309641024037,0.3002854752262949,0.1629265481384389,0.11277836557242218,0.5597808405843431,0.1797573368696743,0.032472109702897045,2026-09-11T04:08:06Z
824631,669707,Jared Triolo,PIT,CHC,0,8,projected,Shota Imanaga,Wrigley Field,2026-09-11T18:20:00Z,3.758782201405152,1368,1898,0.38778070661562125,0.5691103266282976,0.16068538072585337,Normal,0.0898259957814698,0.5819219854263773,0.27836696134145716,0.573140222532718,0.6140455909946574,0.4071195466378478,0.25328022134155204,0.14440353058522457,0.5627583969612121,0.30334388571507487,0.16460917830282162,0.11171214987813677,0.5653084808956692,0.1869025509425415,0.036050881468198924,2026-09-11T04:08:06Z
824631,621438,Tyrone Taylor,CHC,PIT,1,9,projected,TBD,Wrigley Field,2026-09-11T18:20:00Z,3.397517408416591,1555,0,0.4378737574778588,0.5868738933047141,2.764517514231356,Hot,0.09565071269787755,0.5720092615800939,0.22872163544595076,0.5296924568754826,0.6323016806730654,0.4220581196923465,0.26343141282838467,0.15032373205174301,0.5538013048178483,0.3271775741413631,0.18265688168545235,0.12431780885500948,0.5562212156935761,0.17524487564001195,0.030367052867725577,2026-09-11T04:08:06Z
824631,680779,Henry Davis,PIT,CHC,0,9,projected,Shota Imanaga,Wrigley Field,2026-09-11T18:20:00Z,3.592217652641569,934,1898,0.39065580375992615,0.568990258245173,-0.16018578017669644,Normal,0.11484344908561069,0.4989846259208165,0.273108739638614,0.6466815299592265,0.5794306026686786,0.37384587605978364,0.2265076491820264,0.12527735810887827,0.4852283051878257,0.26547206144145136,0.15854151469897634,0.12571368643044126,0.48705566082759794,0.1306787058313449,0.01975006068678219,2026-09-11T04:08:06Z
824711,680776,Jarren Duran,BOS,KC,1,1,projected,Seth Lugo,Fenway Park,2026-09-11T23:10:00Z,4.426792528620204,2585,3008,0.5823916916647335,0.6809372961724783,0.009317181214816672,Normal,0.1264256832145239,0.6821220644909595,0.3054111773220875,0.6756145163900644,0.7066265398305358,0.5069925835036597,0.34106721102226045,0.21233991218764944,0.6550688186661963,0.43556648030377015,0.27720871506394157,0.18983930774266392,0.6586864165398919,0.2773801150887773,0.07331968929639918,2026-09-11T04:08:06Z
824711,668942,Josh Rojas,KC,BOS,0,1,projected,Sonny Gray,Fenway Park,2026-09-11T23:10:00Z,4.609910802775024,1650,3277,0.5220460591313544,0.6538886030811298,1.0390169164607483,Normal,0.08695797278779735,0.6444483691607984,0.3092078538766439,0.6837864651125339,0.664954083393141,0.4621292436586008,0.3018017778610106,0.1821332896613656,0.6203789846450044,0.36299156639386126,0.19921432607761186,0.12608536935636355,0.6235939643890941,0.24362160772177432,0.059851426998326525,2026-09-11T04:08:06Z
824711,668939,Adley Rutschman,BOS,KC,1,2,projected,Seth Lugo,Fenway Park,2026-09-11T23:10:00Z,4.315345699831366,2519,3008,0.4571712846401713,0.6840933238649806,-0.9842773647289691,Normal,0.0973718785323817,0.6332475365101553,0.34269565994842655,0.5292989485370079,0.6585075204356209,0.45360762082225603,0.29315537496517163,0.17458918635758358,0.6101568582990877,0.3635707637288585,0.2037203174513595,0.13412673329547403,0.6132364898757927,0.23088003820354042,0.05295893454612276,2026-09-11T04:08:06Z
824711,677951,Bobby Witt Jr.,KC,BOS,0,2,projected,Sonny Gray,Fenway Park,2026-09-11T23:10:00Z,4.515731614859742,3289,3277,0.561321951524321,0.6537366334415738,-0.4394758320926459,Normal,0.11111551431698652,0.7075435183491929,0.2686871353254944,0.6267827777236625,0.7256632899471926,0.5297626065274885,0.3627293424073976,0.23031942573259426,0.6783248740901517,0.43998649303726456,0.2710949653255683,0.17799384613421676,0.682239877387574,0.304536697666325,0.08703862168652264,2026-09-11T04:08:06Z
824711,677800,Wilyer Abreu,BOS,KC,1,3,projected,Seth Lugo,Fenway Park,2026-09-11T23:10:00Z,4.23125,1573,3008,0.5386698548316122,0.6814275775187624,-0.3931162825736295,Normal,0.14899628576837648,0.669813862505352,0.3960519760407308,0.5805526251621219,0.7081282043564018,0.5072766273041046,0.3402005226837164,0.21078096074906114,0.643851931156925,0.42094974592095097,0.2638703340857155,0.19137373452288264,0.6473183321658487,0.2630037475661824,0.06536691519158355,2026-09-11T04:08:06Z
824711,686469,Vinnie Pasquantino,KC,BOS,0,3,projected,Sonny Gray,Fenway Park,2026-09-11T23:10:00Z,4.408106607440311,2222,3277,0.42870792620233195,0.6540881821028657,0.5560770103680052,Normal,0.1244781778968461,0.6622485810425415,0.33652887679452614,0.544942366359998,0.6815651114807256,0.47914128122306365,0.31608359592603547,0.1926893598303626,0.6368158386123047,0.3937001395782994,0.2348459686541347,0.1632381396032929,0.6402137863532746,0.25849591728442733,0.06516394830633981,2026-09-11T04:08:06Z
824711,596115,Trevor Story,BOS,KC,1,4,projected,Seth Lugo,Fenway Park,2026-09-11T23:10:00Z,4.1384217335058215,1541,3008,0.4263656385016297,0.6734641302161724,-0.4470308951366371,Normal,0.09568760704177251,0.6455176006538786,0.22170884808056668,0.7357253892768075,0.6705130687405553,0.4650310844708499,0.30208385064086773,0.18068632355704084,0.6215526769348805,0.3693162700704377,0.20320411875629021,0.13182313406022017,0.6247480819004901,0.23957311272525417,0.05508126375698847,2026-09-11T04:08:06Z
824711,521692,Salvador Perez,KC,BOS,0,4,projected,Sonny Gray,Fenway Park,2026-09-11T23:10:00Z,4.3201830863121184,2920,3277,0.3419405571638475,0.6451297404625423,1.625736675558868,Normal,0.11234943292596229,0.6455524677342948,0.20035735453635092,0.6566672417883895,0.6646265121318998,0.46014053970006935,0.29887493448468916,0.17901131541056167,0.6215004796699163,0.37085487870355394,0.21253563715248033,0.1453626892423493,0.6247102000701111,0.2418971678095106,0.05748050144429499,2026-09-11T04:08:06Z
824711,702332,Caleb Durbin,BOS,KC,1,5,projected,Seth Lugo,Fenway Park,2026-09-11T23:10:00Z,4.019583228722069,1037,3008,0.43935802176845545,0.6615350033735342,-0.8799984572398339,Normal,0.07816717309586603,0.6176856240557365,0.3392726046328702,0.4383181978388721,0.6486263912500918,0.4416145342497009,0.2816924081791918,0.16506951440576062,0.5959070566416067,0.33515168463353046,0.17564672553898408,0.10950131538724997,0.5988074986353387,0.2149086686766007,0.0453443938736911,2026-09-11T04:08:06Z
824711,686681,Michael Massey,KC,BOS,0,5,projected,Sonny Gray,Fenway Park,2026-09-11T23:10:00Z,4.19656862745098,1683,3277,0.40613869658476837,0.6336355343694223,0.9630341309688808,Normal,0.09844886080022343,0.6586566516330432,0.21623885467259144,0.5775525888241605,0.6675114012259904,0.46272616183167364,0.3007516274852951,0.18016767758734165,0.633585403927896,0.3764324193980782,0.21245250394772092,0.13798100786852766,0.6369318922477181,0.2530389497423908,0.06150051607451652,2026-09-11T04:08:06Z
824711,643396,Isiah Kiner-Falefa,BOS,KC,1,6,projected,Seth Lugo,Fenway Park,2026-09-11T23:10:00Z,3.8880460371436043,1997,3008,0.3879993370149487,0.645974691672416,0.6107477181373593,Normal,0.05892019311554635,0.6324840155705556,0.23361326154745748,0.45813149213737897,0.6283457752635059,0.42081109025170815,0.26413584546774854,0.15198894282227768,0.6095898504262709,0.324530745080401,0.16069626694509645,0.09103095563163134,0.6126395612361403,0.2268366340159931,0.049321705949203105,2026-09-11T04:08:06Z
824711,679845,Nick Loftin,KC,BOS,0,6,projected,Sonny Gray,Fenway Park,2026-09-11T23:10:00Z,4.059180977542933,816,3277,0.3769521735693361,0.6187404192981523,-0.6394119929586117,Normal,0.06726587790120842,0.5889713722591542,0.30204643307206863,0.591586593270131,0.6069107155464153,0.4012030634401652,0.24909827983461708,0.1417990627091371,0.5692154299734293,0.32297355964743285,0.16903824781382876,0.1024359589197037,0.5718457003338441,0.19375031820892455,0.03894856996236697,2026-09-11T04:08:06Z
824711,655316,Andruw Monasterio,BOS,KC,1,7,projected,Seth Lugo,Fenway Park,2026-09-11T23:10:00Z,3.743481917577797,919,3008,0.3672988512754065,0.6287335247795399,-1.0481647972685686,Normal,0.06468648373207984,0.5916233727821067,0.2661644525867265,0.5423041095594318,0.6049223559982345,0.3975624413120338,0.24502671940370427,0.13810002909908053,0.5718307448913171,0.3172431697673875,0.15955356206313334,0.09544868598665081,0.5744639792454087,0.19296575079058326,0.03723412664958716,2026-09-11T04:08:06Z
824711,686555,Isaac Collins,KC,BOS,0,7,projected,Sonny Gray,Fenway Park,2026-09-11T23:10:00Z,3.911664779161948,939,3277,0.4010774457384035,0.6017009927653914,-1.2514864497999862,Normal,0.07147468405415706,0.5768791064791537,0.3849381678384255,0.6304259865470978,0.6054581826933101,0.39934809913433544,0.24731701748047177,0.1403319387706266,0.5580191104271192,0.31157762088461477,0.16453182773082373,0.10250815452732631,0.5605288725914398,0.18390910241763303,0.03539514824098576,2026-09-11T04:08:06Z
824711,657136,Connor Wong,BOS,KC,1,8,projected,Seth Lugo,Fenway Park,2026-09-11T23:10:00Z,3.5904365904365902,1363,3008,0.37216698573542095,0.6202908821268622,-1.450573332197491,Normal,0.06715573583290477,0.5688332540949435,0.24457214019972795,0.6143828880478917,0.6025373814234684,0.39435777816197104,0.24190072508907168,0.1355205134348988,0.5507349418708144,0.29953188018540455,0.15007592592849328,0.09275594717447053,0.5531409650800111,0.17466288448300799,0.03095201499138916,2026-09-11T04:08:06Z
824711,664728,Kyle Isbel,KC,BOS,0,8,projected,Sonny Gray,Fenway Park,2026-09-11T23:10:00Z,3.758782201405152,1714,3277,0.3990333931361076,0.5925097439989765,-0.8515995958345444,Normal,0.07029297559100792,0.5790171070460911,0.21590640388827212,0.6022147885943329,0.6097083836811397,0.4029265345102289,0.2498932172622334,0.1419762578254055,0.560057291770699,0.30845619800905144,0.16799327379680468,0.10362494408390446,0.5625800830066868,0.18473621879249102,0.03535637279743,2026-09-11T04:08:06Z
824711,642201,Eli White,BOS,KC,1,9,projected,Seth Lugo,Fenway Park,2026-09-11T23:10:00Z,3.397517408416591,651,3008,0.3971995237615701,0.6226483438407519,1.0700834458729163,Normal,0.08141414885300371,0.5527739523005274,0.1960601881260828,0.6021968579509098,0.6085167508223334,0.3989209753707329,0.24480663004944828,0.13708609128666996,0.5358650461188956,0.2823724708185884,0.15313342158670784,0.10248619192444636,0.5381116098452807,0.16185192042354166,0.026606340828289034,2026-09-11T04:08:06Z
824711,571912,Luke Maile,KC,BOS,0,9,projected,Sonny Gray,Fenway Park,2026-09-11T23:10:00Z,3.592217652641569,651,3277,0.3294434971072443,0.5889004487144849,-1.7188173195010716,Normal,0.06546230822288093,0.5329519392140719,0.2577776437776666,0.7471010976912871,0.5714570995358249,0.3665818265840715,0.2208895214199577,0.12140400210588546,0.5171248435130287,0.2697466815595051,0.13334937424653381,0.08511801975922488,0.5192284220362717,0.15175631666828793,0.025230218631219416,2026-09-11T04:08:06Z
824873,573262,Mike Yastrzemski,ATL,PHI,1,1,projected,Aaron Nola,Truist Park,2026-09-11T23:15:00Z,4.426792528620204,2333,3487,0.6196028793410376,0.6722831706724298,-1.220778893334901,Normal,0.1491187948048887,0.6273537043672051,0.4003335137223073,0.6821048775839609,0.6963191918503985,0.49529834798530736,0.33041332228895903,0.203844879750776,0.6046745508687162,0.39085795271675483,0.2485049493762526,0.18493842479448802,0.6076996764814686,0.2268007940035034,0.05198788691337909,2026-09-11T04:08:06Z
824873,656941,Kyle Schwarber,PHI,ATL,0,1,projected,Chris Sale,Truist Park,2026-09-11T23:15:00Z,4.609910802775024,3433,2263,0.6065329042163914,0.6615567479448242,0.8236797379958635,Normal,0.2225085352469056,0.5966242986679571,0.43823893441087963,0.9106057206204061,0.7155805381742809,0.5185092753396816,0.35266773295468895,0.22246524210024246,0.5761490757395733,0.3808625110587468,0.2748034051232747,0.2365713613495329,0.5788787173716499,0.20312665964089,0.044068564830848,2026-09-11T04:08:06Z
824873,660670,Ronald Acuña Jr.,ATL,PHI,1,2,projected,Aaron Nola,Truist Park,2026-09-11T23:15:00Z,4.315345699831366,2310,3487,0.5850465633329105,0.6744526660200566,1.3095114720155558,Normal,0.14702917498374038,0.6888139280013823,0.3308857363444143,0.7144035515054037,0.7315360016684237,0.5355462498016255,0.3671379908573634,0.23308211763397896,0.6612261061062206,0.41201256053317387,0.25577710469362025,0.184132480063593,0.6649147370779094,0.2829375516298407,0.07503882848296069,2026-09-11T04:08:06Z
824873,650333,Luis Arraez,PHI,ATL,0,2,projected,Chris Sale,Truist Park,2026-09-11T23:15:00Z,4.515731614859742,3167,2263,0.46273540292093257,0.6619010109097473,0.9312933315290538,Normal,0.06506291608680392,0.7221574572041527,0.2103697333798994,0.47736553914721713,0.7029696598406789,0.5033702635197497,0.33820518275901496,0.21040864028750375,0.6916741238389867,0.4127182633842981,0.2232318454428546,0.1253014305506339,0.6957627955033989,0.3204384226684026,0.09514204180936586,2026-09-11T04:08:06Z
824873,645277,Ozzie Albies,ATL,PHI,1,3,projected,Aaron Nola,Truist Park,2026-09-11T23:15:00Z,4.23125,2652,3487,0.5139859112374479,0.6705413939133091,-1.071665171619008,Normal,0.14166439902512623,0.651806391154171,0.30195983304238494,0.5163225104659424,0.6971172081163783,0.49477898365025885,0.32885704709222474,0.20179087782828595,0.627306067340694,0.38781583371373096,0.23869733691879974,0.1740174010939648,0.6305748316455689,0.2462145528798837,0.0583739617667393,2026-09-11T04:08:06Z
824873,607208,Trea Turner,PHI,ATL,0,3,projected,Chris Sale,Truist Park,2026-09-11T23:15:00Z,4.408106607440311,3205,2263,0.5253314613185127,0.6631147552483142,0.5551818306586849,Normal,0.11186600404783421,0.6778672673762337,0.26904415202090365,0.7226151945974861,0.7123472869323813,0.5137920940514962,0.3474940929115779,0.21764103266852508,0.6511580355740335,0.39809023049060677,0.23502921233565746,0.15677147268140532,0.654729356713524,0.2735262786466896,0.07180497809827545,2026-09-11T04:08:06Z
824873,657041,Lane Thomas,ATL,PHI,1,4,projected,Aaron Nola,Truist Park,2026-09-11T23:15:00Z,4.1384217335058215,2274,3487,0.4237375328203395,0.6613872533730965,-0.9955867090230882,Normal,0.11832974544469255,0.6301240685019552,0.25985590121079133,0.7926700799449268,0.6686334319124487,0.46302466200726,0.3003440041364915,0.1793611899970635,0.6073639168286254,0.3690566246340388,0.21737789821978895,0.1519865238713656,0.6103970649858771,0.22612118219729865,0.049921156240796384,2026-09-11T04:08:06Z
824873,650559,Bryan De La Cruz,PHI,ATL,0,4,projected,Chris Sale,Truist Park,2026-09-11T23:15:00Z,4.3201830863121184,1716,2263,0.3951630882377124,0.6550712632950035,1.2310069234845067,Normal,0.11140057854462124,0.6408361365141225,0.24183146061304944,0.8287845085286445,0.6690368005192597,0.46483583051297167,0.3029546047032925,0.18213294801145335,0.6171546019321774,0.36641590608949637,0.2090916916048295,0.14323596883484396,0.6203142820387081,0.237689724084847,0.05579035625832392,2026-09-11T04:08:06Z
824873,663586,Austin Riley,ATL,PHI,1,5,projected,Aaron Nola,Truist Park,2026-09-11T23:15:00Z,4.019583228722069,2894,3487,0.4483166932201104,0.6471314939380198,-0.6204809992465077,Normal,0.12743849325724493,0.6397697363444531,0.23565255883388236,0.8361324660060306,0.6843511436267447,0.4795277509088442,0.3143938203475601,0.18984031235051993,0.6162875455825939,0.3769181748281233,0.22575816180218902,0.16043617774922186,0.6194170307233098,0.2336987031947669,0.052281553435067935,2026-09-11T04:08:06Z
824873,547180,Bryce Harper,PHI,ATL,0,5,projected,Chris Sale,Truist Park,2026-09-11T23:15:00Z,4.19656862745098,2806,2263,0.4984067670863316,0.6459070673766619,-0.46068687930291835,Normal,0.11787597526632587,0.6213158780389496,0.4533270429994974,0.7722211548704506,0.6878732648921938,0.48481311819443895,0.3201755362015794,0.19516746038158286,0.5991679204643839,0.3686687566675584,0.2146242871258636,0.1509869243488255,0.6021200088388001,0.22006912204128673,0.048502520439126943,2026-09-11T04:08:06Z
824873,621566,Matt Olson,ATL,PHI,1,6,projected,Aaron Nola,Truist Park,2026-09-11T23:15:00Z,3.8880460371436043,3460,3487,0.5249088196142465,0.6303012559457538,-1.789163755639149,Normal,0.21902730450433136,0.6130880440164161,0.3313953602671486,0.67759151368889,0.6958199457459515,0.49189568845849335,0.32510563277725424,0.19792963865866867,0.5916759610336992,0.40127645031556286,0.280190647340144,0.23693514142198888,0.5945266452371055,0.21062137659483865,0.04348933254327774,2026-09-11T04:08:06Z
824873,664761,Alec Bohm,PHI,ATL,0,6,projected,Chris Sale,Truist Park,2026-09-11T23:15:00Z,4.059180977542933,2914,2263,0.4184922034008164,0.6326775728007771,-0.4267881163371755,Normal,0.09195800922481791,0.64607257100627,0.2670497466700492,0.5908593933704978,0.665960941480144,0.46086925602513845,0.29896831479428965,0.17866628624077302,0.6220157509317717,0.3614055268670004,0.19951883739109164,0.12814316832350978,0.6252245884040214,0.24118926432683543,0.05637914078950689,2026-09-11T04:08:06Z
824873,673490,Ha-Seong Kim,ATL,PHI,1,7,projected,Aaron Nola,Truist Park,2026-09-11T23:15:00Z,3.743481917577797,1980,3487,0.3703919211032007,0.6129607632270682,-2.0506928819156864,Cold,0.07795785092062468,0.576297426466775,0.27005687476053053,0.6313027490444795,0.6119767097224418,0.4043339040639068,0.2504558935400405,0.14195859189637974,0.5575899934277582,0.29661796670883867,0.15551992429991984,0.10096941136232387,0.5600780057985726,0.1814759443831669,0.033596840362384015,2026-09-11T04:08:06Z
824873,592663,J.T. Realmuto,PHI,ATL,0,7,projected,Chris Sale,Truist Park,2026-09-11T23:15:00Z,3.911664779161948,2479,2263,0.42384327740409206,0.6159916078746328,-1.3719439312380708,Normal,0.09698109790181658,0.5933812638223998,0.2814246743135307,0.7213437787489082,0.6448269573203066,0.4383178300068171,0.2793701127287229,0.16368191116909966,0.5733522689925739,0.3282227121807709,0.1849460855715601,0.12551943597308887,0.5760187260583363,0.19641787354539517,0.03950922718127785,2026-09-11T04:08:06Z
824873,671739,Michael Harris II,ATL,PHI,1,8,projected,Aaron Nola,Truist Park,2026-09-11T23:15:00Z,3.5904365904365902,2648,3487,0.4560041068681483,0.6055199938574568,-1.1858956275448593,Normal,0.13903343535724394,0.6411693727592177,0.1878705424336147,0.5563051599884502,0.6806229357765275,0.47343998631027795,0.30763058513492064,0.1836410261915207,0.6177269027246348,0.37572165028658283,0.2316790762190331,0.16917378742862924,0.6208486486122452,0.2318332013600578,0.0498913643704145,2026-09-11T04:08:06Z
824873,681082,Bryson Stott,PHI,ATL,0,8,projected,Chris Sale,Truist Park,2026-09-11T23:15:00Z,3.758782201405152,2782,2263,0.4020163479185188,0.6059002334578496,-1.4271924669832121,Normal,0.06704184503576124,0.5655309543819557,0.2945856194841293,0.6271288726002577,0.616861129506884,0.40985725429587233,0.2555007427498953,0.14600048365874757,0.5475015248558117,0.28928997193655487,0.14905432160895624,0.09255947657856788,0.5498997741255907,0.17490153673188433,0.03227953662548563,2026-09-11T04:08:06Z
824873,643289,Mauricio Dubón,ATL,PHI,1,9,projected,Aaron Nola,Truist Park,2026-09-11T23:15:00Z,3.397517408416591,2139,3487,0.4069064740793521,0.6099836672114037,0.6192631266718474,Normal,0.06448090126923108,0.597092998769423,0.15160348909449595,0.42615882459380017,0.6232765891943889,0.41317098916738315,0.2562173477079864,0.14515994190254944,0.577107821811278,0.30902544276572297,0.152855378034028,0.09118119533742702,0.579765152658776,0.19382102995230308,0.035949062312108114,2026-09-11T04:08:06Z
824873,669016,Brandon Marsh,PHI,ATL,0,9,projected,Chris Sale,Truist Park,2026-09-11T23:15:00Z,3.592217652641569,2361,2263,0.38935704903853563,0.600333420091054,-0.13573368239833936,Normal,0.07539088717890403,0.5629143938818996,0.21387006501782954,0.7817088240836552,0.6141371759730744,0.4065369491042713,0.25240013626631824,0.1435047664088972,0.5451256952241881,0.2941665976044607,0.15768099795705828,0.10137057256256324,0.5474913438908738,0.1720949320775437,0.031058166679873767,2026-09-11T04:08:06Z
824954,671732,Lawrence Butler,ATH,SEA,1,1,projected,George Kirby,Sutter Health Park,2026-09-12T01:40:00Z,4.426792528620204,1684,3268,0.591186958035224,0.6936575142542369,-1.4911757589666366,Normal,0.15357222282467603,0.6703877408422007,0.31781206864993045,0.7436589900463194,0.7116091421781869,0.5127273173253065,0.34634638936174583,0.21658645479696964,0.6443034144298724,0.41070037490906647,0.259412373380528,0.1907118540142451,0.6477893200652189,0.2659072415243416,0.068174846457658,2026-09-11T04:08:06Z
824954,621493,Taylor Ward,SEA,ATH,0,1,projected,Jeffrey Springs,Sutter Health Park,2026-09-12T01:40:00Z,4.609910802775024,2893,2031,0.6334026541384932,0.6327922050327804,-2.0635714569416437,Cold,0.14110761460975546,0.6511002535712351,0.4935032665097372,0.6761701949193778,0.7116830362326909,0.5139803660119722,0.34845503393691757,0.2190379325272938,0.62650803475595,0.38732995874132836,0.23909635020736994,0.17436552365038932,0.6297938866701173,0.24967447236370588,0.06240138658291539,2026-09-11T04:08:06Z
824954,666126,Carlos Cortes,ATH,SEA,1,2,projected,George Kirby,Sutter Health Park,2026-09-12T01:40:00Z,4.315345699831366,443,3268,0.47633667560406273,0.6975434398932794,-0.20335812205558781,Normal,0.13055187584194547,0.6933614944363864,0.25558541277808006,0.5938186782195507,0.7008971899926638,0.4998076977627583,0.33397737904034425,0.20626782497914758,0.665388387767211,0.42110267927505374,0.25691900227631354,0.1771417144003701,0.6691294578698573,0.2875551806416408,0.07717678949568407,2026-09-11T04:08:06Z
824954,641487,J.P. Crawford,SEA,ATH,0,2,projected,Jeffrey Springs,Sutter Health Park,2026-09-12T01:40:00Z,4.515731614859742,2765,2031,0.5095869522566546,0.6297435787748497,0.38919104441208685,Normal,0.09702671634020395,0.6429829616145302,0.4545111577244084,0.6314600717691399,0.6714222596402963,0.46847672290199366,0.30694049939961615,0.18579600586217462,0.6190647367452815,0.36037114463021536,0.2012600918869115,0.13201444831728945,0.6222582748983567,0.24137007034265176,0.05836052126503742,2026-09-11T04:08:06Z
824954,680869,Zack Gelof,ATH,SEA,1,3,projected,George Kirby,Sutter Health Park,2026-09-12T01:40:00Z,4.23125,1321,3268,0.4927796501999397,0.6960906699021299,-0.5095724363781189,Normal,0.13100268986293562,0.6566685315304432,0.22961899574764716,0.7942207285139179,0.6949209772458177,0.4923170404526159,0.3266424036106877,0.20004887549366465,0.6317778070786692,0.3930690003145385,0.23881349411020064,0.16885217652421197,0.6350993107572561,0.2506673924224892,0.06019162416856223,2026-09-11T04:08:06Z
824954,677594,Julio Rodríguez,SEA,ATH,0,3,projected,Jeffrey Springs,Sutter Health Park,2026-09-12T01:40:00Z,4.408106607440311,3184,2031,0.547803094440115,0.6265943463862682,-2.2178449444875508,Cold,0.17440723597538588,0.6822722509355033,0.2923927458595294,0.7009130551234977,0.7230527394132354,0.5263207293976752,0.3591749408504242,0.22714224745391828,0.6551976577145034,0.41621147929083296,0.270721218997148,0.20622477099755185,0.6588186959492731,0.27788110441515756,0.07378735350039545,2026-09-11T04:08:06Z
824954,643446,Jeff McNeil,ATH,SEA,1,4,projected,George Kirby,Sutter Health Park,2026-09-12T01:40:00Z,4.1384217335058215,2635,3268,0.4431635292475012,0.6895599650183478,0.4097361746060754,Normal,0.10308550111958646,0.6918783099785675,0.244433937973478,0.44057581974767773,0.6888811219324377,0.4849999652408738,0.31962755395656156,0.19419676287089094,0.6640901712789979,0.4057425815145655,0.2330946579164637,0.1498915435730476,0.6678026087497415,0.2836562546057856,0.07369061975730745,2026-09-11T04:08:06Z
824954,663728,Cal Raleigh,SEA,ATH,0,4,projected,Jeffrey Springs,Sutter Health Park,2026-09-12T01:40:00Z,4.3201830863121184,2779,2031,0.5969251553033977,0.6149086818848538,1.9544014813157162,Normal,0.2811784741047479,0.6072647703284718,0.4525667098235063,0.767547435843934,0.7165628597883836,0.5178838845146276,0.35066038455366905,0.21972426870824155,0.586134411169443,0.4133420510561806,0.3192301425293891,0.289086584177855,0.5889503045413592,0.2092335538996548,0.04497920260097845,2026-09-11T04:08:06Z
824954,641680,Jonah Heim,ATH,SEA,1,5,projected,George Kirby,Sutter Health Park,2026-09-12T01:40:00Z,4.019583228722069,2226,3268,0.41577822058580405,0.6815716091262269,-1.0126803593808236,Normal,0.1265426092744466,0.6176112964857757,0.2516255886511341,0.5583510309426352,0.6535347851765478,0.4466832183188762,0.2859796321611161,0.1682634175268371,0.595838345979171,0.3520793085664209,0.2078699063328847,0.151282079854856,0.5987380337690607,0.2148473112955493,0.045322497685143945,2026-09-11T04:08:06Z
824954,668227,Randy Arozarena,SEA,ATH,0,5,projected,Jeffrey Springs,Sutter Health Park,2026-09-12T01:40:00Z,4.19656862745098,3254,2031,0.5643575479569115,0.5985620590730036,-0.1996741111936565,Normal,0.16181093433846847,0.6408833634521636,0.4423967213697605,0.6583296210141378,0.6977146383545405,0.4957851135375925,0.33001578373234175,0.20289304970118285,0.6172269030469193,0.39259383782342,0.2503717944414606,0.19101719709375115,0.6203822823482541,0.2369318938959533,0.05496919273640509,2026-09-11T04:08:06Z
824954,691777,Max Muncy,ATH,SEA,1,6,projected,George Kirby,Sutter Health Park,2026-09-12T01:40:00Z,3.8880460371436043,493,3268,0.39245821672277875,0.6690075922824451,1.5237660996198343,Normal,0.11846203631138846,0.6236535315251429,0.21223423218937937,0.7848645099272129,0.6542592799823281,0.4471176579812862,0.286101148615956,0.16816240614235392,0.6014408059063816,0.3523861712469788,0.20789997343720515,0.14702402656053454,0.6043989619601636,0.2193480477152559,0.046585547858604213,2026-09-11T04:08:06Z
824954,647304,Josh Naylor,SEA,ATH,0,6,projected,Jeffrey Springs,Sutter Health Park,2026-09-12T01:40:00Z,4.059180977542933,2811,2031,0.41912912828859294,0.5816741633066447,-0.5125758836404835,Normal,0.11043379473184711,0.6637038980999183,0.2499893851862586,0.4727951481486756,0.6819867294726347,0.4781342874994304,0.3140673787081383,0.19026437268211238,0.6382293874058513,0.38159899127370356,0.217036144182253,0.1455199775494483,0.6416297628096181,0.257378541364926,0.06301305099879065,2026-09-11T04:08:06Z
824954,687231,Darell Hernaiz,ATH,SEA,1,7,projected,George Kirby,Sutter Health Park,2026-09-12T01:40:00Z,3.743481917577797,489,3268,0.34231716621422137,0.6525182731806104,-1.2802374790439381,Normal,0.06723254315445197,0.5991759271382813,0.23663879517765968,0.5310057161092833,0.6072725840759172,0.3998098717541234,0.24682381618884483,0.13937428515396777,0.5788360020605052,0.3032453650691157,0.1531168215918496,0.09306917584515417,0.5815425340928096,0.1988079230559664,0.039148417240590316,2026-09-11T04:08:06Z
824954,686527,Dominic Canzone,SEA,ATH,0,7,projected,Jeffrey Springs,Sutter Health Park,2026-09-12T01:40:00Z,3.911664779161948,1100,2031,0.4260284061679095,0.5648176130827062,-0.625691352520597,Normal,0.1353961703888212,0.6215441395228775,0.2715973097201315,0.6093321314295477,0.666700514347254,0.46111245092743675,0.29881440057260783,0.1782932457741452,0.59943190230648,0.3670378812303659,0.22251332511855634,0.16362715775169182,0.6023781336115565,0.2191042878326057,0.04749124910371509,2026-09-11T04:08:06Z
824954,675961,Alika Williams,ATH,SEA,1,8,projected,George Kirby,Sutter Health Park,2026-09-12T01:40:00Z,3.5904365904365902,408,3268,0.37154540875407543,0.6426568754960837,0.3289306937440559,Normal,0.07025809346271097,0.5997178655085638,0.16807842794995248,0.632376238080929,0.6173969364018745,0.4086137222174607,0.253300284769751,0.14359247241813994,0.5794324600328447,0.32844679948009564,0.17191116737641093,0.10452057459855835,0.5821309490919889,0.19769193890961886,0.038083238035262944,2026-09-11T04:08:06Z
824954,645302,Victor Robles,SEA,ATH,0,8,projected,Jeffrey Springs,Sutter Health Park,2026-09-12T01:40:00Z,3.758782201405152,1089,2031,0.4257584444845274,0.5579395535083496,0.9196135431136419,Normal,0.07705447666849495,0.6201876299296596,0.2848239586387189,0.5270361063442031,0.6372095783498826,0.43002356157679045,0.2720803766705096,0.15806423423272858,0.5982282079483462,0.3285456188446498,0.17501714702798987,0.10890079452600328,0.6011533760999205,0.2170982509804882,0.04636332785979483,2026-09-11T04:08:06Z
824954,661531,Brian Serven,ATH,SEA,1,9,projected,George Kirby,Sutter Health Park,2026-09-12T01:40:00Z,3.397517408416591,368,3268,0.3570629626048196,0.6420353894249593,-0.8775024268281332,Normal,0.09290677813016099,0.5503229153794945,0.17353473421032833,0.6526133207020176,0.5974584711271628,0.38846697682417913,0.23655680275775898,0.13132111319281617,0.5335755963033701,0.2875202747100692,0.1585844181324588,0.11145207158285077,0.5358006082388578,0.1601965291902484,0.02615683692033788,2026-09-11T04:08:06Z
824954,702284,Cole Young,SEA,ATH,0,9,projected,Jeffrey Springs,Sutter Health Park,2026-09-12T01:40:00Z,3.592217652641569,837,2031,0.4157832357347161,0.5593388147336958,-0.7810172353320728,Normal,0.08974188468646636,0.5706623575712039,0.2704807426458967,0.49724527512140615,0.618397053381181,0.41067556566930546,0.2557500351359516,0.14590748581478355,0.5523456283456281,0.29522730072679604,0.16282024429796188,0.11132683513106383,0.5547818976580899,0.1776347782136063,0.03273713378107841,2026-09-11T04:08:06Z
825036,682998,Corbin Carroll,AZ,TEX,1,1,projected,TBD,Chase Field,2026-09-12T01:40:00Z,4.426792528620204,2694,0,0.7647271942243684,0.5868738933047141,-1.62879273044331,Normal,0.15520501727940286,0.6689583376847711,0.43348569158390365,0.6111831852537336,0.7389270563551514,0.5451711481337611,0.3769095200743066,0.24165604295114188,0.6429908876211402,0.4354406086397075,0.29950195498131915,0.21590124643920047,0.6464609273504783,0.26453435897332933,0.0675713472359587,2026-09-11T04:08:06Z
825036,607043,Brandon Nimmo,TEX,AZ,0,1,projected,TBD,Chase Field,2026-09-12T01:40:00Z,4.609910802775024,3263,0,0.6060579512046168,0.5868738933047141,-1.0465677481624494,Normal,0.13565224708164786,0.6964549848471961,0.37616884094868097,0.6365478084911339,0.7190694648840346,0.5225919699781487,0.3564849548117945,0.22558439194272584,0.6681577241847364,0.42696088584263836,0.2668967214342214,0.18606600618988867,0.6719482472520198,0.29394726131308463,0.08258989458393892,2026-09-11T04:08:06Z
825036,663457,Lars Nootbaar,AZ,TEX,1,2,projected,TBD,Chase Field,2026-09-12T01:40:00Z,4.315345699831366,2116,0,0.551814769941552,0.5868738933047141,0.7826280931061668,Normal,0.12087885291982994,0.642185834929482,0.4572633455415544,0.565322125701608,0.685388107742986,0.48249301966049496,0.3184155871791706,0.1940183316439094,0.6183988747022424,0.37867670985434926,0.2262662273869599,0.15781038449745804,0.6215724670466679,0.2387362946359404,0.05605618567565301,2026-09-11T04:08:06Z
825036,608369,Corey Seager,TEX,AZ,0,2,projected,TBD,Chase Field,2026-09-12T01:40:00Z,4.515731614859742,2543,0,0.634480905078516,0.5868738933047141,0.7755166371489963,Normal,0.21785579081435424,0.6972934323814691,0.3828982771041714,0.600048794259466,0.7486974099071723,0.5577751955230508,0.3896274613545157,0.252771611634191,0.6689485276709499,0.4525448053760416,0.31051982288370134,0.24856280602502143,0.6727439464433271,0.2937573637100876,0.08175107756129031,2026-09-11T04:08:06Z
825036,606466,Ketel Marte,AZ,TEX,1,3,projected,TBD,Chase Field,2026-09-12T01:40:00Z,4.23125,2903,0,0.5476691356370992,0.5868738933047141,0.3512464020943647,Normal,0.17100984013123766,0.6752982313942864,0.3801606218175161,0.4836029672074268,0.7182960651712005,0.5190532944756437,0.3510467230361844,0.21948264261505593,0.6488826794015289,0.42482820213710654,0.2778552169175684,0.2092495666988782,0.6524105272625735,0.268282082491904,0.0676442889946811,2026-09-11T04:08:06Z
825036,694671,Wyatt Langford,TEX,AZ,0,3,projected,TBD,Chase Field,2026-09-12T01:40:00Z,4.408106607440311,1535,0,0.5442362447932592,0.5868738933047141,-0.5452006713280038,Normal,0.12543979303484634,0.6412483143990554,0.4477386804451678,0.6575794633998499,0.6947102070498228,0.49369811087680887,0.3291217447681172,0.20294082336372954,0.617483855660909,0.37925685991044417,0.2293321013352185,0.1619236135658128,0.6206558998831337,0.2392560461527924,0.05711328248671935,2026-09-11T04:08:06Z
825036,571448,Nolan Arenado,AZ,TEX,1,4,projected,TBD,Chase Field,2026-09-12T01:40:00Z,4.1384217335058215,2840,0,0.4577600073990809,0.5868738933047141,0.39770098781597135,Normal,0.14457693306562336,0.6524439013951128,0.2981696250227182,0.5402047423192006,0.6904503816197471,0.48673727490272634,0.3211736926922418,0.19540038567168555,0.6279262140901893,0.3854267669275426,0.23651963877610374,0.17395558795425548,0.6311961625332413,0.24581121518222734,0.05755562933783055,2026-09-11T04:08:06Z
825036,592626,Joc Pederson,TEX,AZ,0,4,projected,TBD,Chase Field,2026-09-12T01:40:00Z,4.3201830863121184,2034,0,0.5381090857324425,0.5868738933047141,-1.3994949165212986,Normal,0.20943278760534306,0.6390008071798248,0.4314312578591703,0.6585034561227467,0.7058810969326546,0.5055494825679127,0.33929747127205373,0.21058876022424322,0.6154626337533842,0.40216395966218405,0.2820794416621675,0.2318235481475075,0.6186029612900651,0.23606679143404685,0.055144759723651855,2026-09-11T04:08:06Z
825036,666971,Lourdes Gurriel Jr.,AZ,TEX,1,5,projected,TBD,Chase Field,2026-09-12T01:40:00Z,4.019583228722069,2383,0,0.40456589921362557,0.5868738933047141,-1.7418534764785756,Normal,0.09951676534041518,0.6485444935777296,0.24480720819495716,0.5216758396807494,0.6685542630013216,0.4624656485687518,0.29949487678314873,0.1784380848637187,0.6243663025436088,0.3702742980369773,0.20794047891503076,0.13624348187826135,0.6275895136105887,0.2414830864226415,0.055291581463619774,2026-09-11T04:08:06Z
825036,553869,Elias Díaz,TEX,AZ,0,5,projected,TBD,Chase Field,2026-09-12T01:40:00Z,4.19656862745098,1752,0,0.36795771213174727,0.5868738933047141,-0.8198490189484545,Normal,0.10275903191194001,0.6304409589465674,0.24861734344715863,0.6819802206651966,0.6482906589335579,0.4425923351544501,0.2834820102804514,0.1671111718026326,0.6075959899962327,0.3561819131595527,0.20066284456349673,0.13499414669344245,0.6106419518273636,0.22782230471972412,0.05142887929488432,2026-09-11T04:08:06Z
825036,672515,Gabriel Moreno,AZ,TEX,1,6,projected,TBD,Chase Field,2026-09-12T01:40:00Z,3.8880460371436043,1598,0,0.4311529128018423,0.5868738933047141,0.40671910654065313,Normal,0.0899989494102425,0.6562414212005916,0.33554021801750666,0.4862608504636354,0.6669396799120394,0.4604260319204075,0.2974769990703744,0.1767063036368952,0.6314588129325651,0.3679451830609999,0.20118429403372418,0.12713437184966453,0.6347626775587462,0.24790043862895617,0.05741358457612454,2026-09-11T04:08:06Z
825036,669394,Jake Burger,TEX,AZ,0,6,projected,TBD,Chase Field,2026-09-12T01:40:00Z,4.059180977542933,2232,0,0.45672570273656055,0.5868738933047141,0.4177347239851657,Normal,0.1662657798683824,0.6250953522848868,0.2870719354865299,0.725503907105328,0.6834341088775129,0.4797182128988509,0.31546815775950904,0.19135053487308182,0.6026706464313166,0.37746390733238966,0.24307111038646162,0.1899477523702147,0.6056595196574892,0.22290581111517802,0.04930893997676085,2026-09-11T04:08:06Z
825036,545121,Ildemaro Vargas,AZ,TEX,1,7,projected,TBD,Chase Field,2026-09-12T01:40:00Z,3.743481917577797,1393,0,0.3745971038644856,0.5868738933047141,-0.5879208085444607,Normal,0.07472260064290859,0.6175739872169006,0.21960130774536846,0.37567102589672574,0.623979267911441,0.4160352322455937,0.2599409933499095,0.1487635349932053,0.5958662240481803,0.3313857323498426,0.17643518975373632,0.10845348323975822,0.5987561285651057,0.21355433286519787,0.04417558616572058,2026-09-11T04:08:06Z
825036,681351,Logan O'Hoppe,TEX,AZ,0,7,projected,TBD,Chase Field,2026-09-12T01:40:00Z,3.911664779161948,1462,0,0.3694861372789398,0.5868738933047141,-0.6032261817184283,Normal,0.11000748465426151,0.5916253197626035,0.23164013857345994,0.7119670458378992,0.6323348857425914,0.42567690587146717,0.2688106828588601,0.15588767977988438,0.5717225331101192,0.3134419061785897,0.17965505784359193,0.12964290379754592,0.5743720632583564,0.1950599697863613,0.03905277134991871,2026-09-11T04:08:06Z
825036,672695,Geraldo Perdomo,AZ,TEX,1,8,projected,TBD,Chase Field,2026-09-12T01:40:00Z,3.5904365904365902,2715,0,0.4408496991855767,0.5868738933047141,0.2759118360438341,Normal,0.06639082351119541,0.5748546421363828,0.3804370304317595,0.41829625740739296,0.6106174765629816,0.40206699548925456,0.24804141868131507,0.1398541956369182,0.556340939211961,0.29336421788572725,0.15254660582684673,0.09350093682762886,0.5588024681631288,0.1790001067853814,0.03224410289795468,2026-09-11T04:08:06Z
825036,677649,Ezequiel Duran,TEX,AZ,0,8,projected,TBD,Chase Field,2026-09-12T01:40:00Z,3.758782201405152,1696,0,0.41731501423587697,0.5868738933047141,0.5477430664369001,Normal,0.08887852572959765,0.6197319644849708,0.25650742526211767,0.6417172190335118,0.6369377358024818,0.42974963656877885,0.27185251802822386,0.157896773632949,0.5978070530177805,0.34220823214234786,0.1876931771600419,0.12155750589870552,0.6007275837239985,0.21671991661906742,0.04622679633124518,2026-09-11T04:08:06Z
825036,543510,James McCann,AZ,TEX,1,9,projected,TBD,Chase Field,2026-09-12T01:40:00Z,3.397517408416591,935,0,0.40401821596411724,0.5868738933047141,0.29138670977644354,Normal,0.09519665858645707,0.5683673225065801,0.21558520219265084,0.6036596084778546,0.6123572426785174,0.40259561984587566,0.24773077641923036,0.13914410133465474,0.5504095507966331,0.3020133896829993,0.163762011264414,0.11445443490717612,0.5527960644898666,0.172653641790651,0.02962221660991767,2026-09-11T04:08:06Z
825036,670032,Nicky Lopez,TEX,AZ,0,9,projected,TBD,Chase Field,2026-09-12T01:40:00Z,3.592217652641569,1450,0,0.3995435188151434,0.5868738933047141,-0.8381914576211986,Normal,0.058737136256939805,0.580852550235742,0.2674800856453611,0.4508771137560858,0.5906426978778299,0.3842124141385244,0.23460992899018981,0.1309150404951437,0.561828289843554,0.2799894567917596,0.1410816328593044,0.08402333957293241,0.5643592411424488,0.18510280404505378,0.035062495263968214,2026-09-11T04:08:06Z
