game_pk,player_id,name,team,opponent,is_home,lineup_slot,lineup_status,opposing_pitcher,venue_name,start_time_utc,expected_pa,batter_pa_seen,pitcher_pa_seen,exp_runs,starter_share,form_z,form_state,prob_hr,prob_hit,prob_walk,prob_k,prob_hrr_over_0.5,prob_hrr_over_1.5,prob_hrr_over_2.5,prob_hrr_over_3.5,prob_tb_over_0.5,prob_tb_over_1.5,prob_tb_over_2.5,prob_tb_over_3.5,prob_hits_over_0.5,prob_hits_over_1.5,prob_hits_over_2.5,predicted_at_utc
822844,607043,Brandon Nimmo,TEX,TOR,1,1,projected,TBD,Globe Life Field,2026-09-20T18:35:00Z,4.426836551861437,3297,0,0.5824861499459514,0.586004877667603,-0.8294976144712211,Normal,0.1228291423743811,0.6799504062697483,0.37787504525613075,0.627369627126863,0.7097451750372394,0.5103087083408901,0.3435895344083202,0.2142405360855726,0.6526703205989949,0.4079351978973046,0.24830287540740661,0.16978314924323618,0.6564810790750861,0.27529292562900826,0.07245135946000826,2026-09-20T03:33:45Z
822844,543807,George Springer,TOR,TEX,0,1,projected,Jacob deGrom,Globe Life Field,2026-09-20T18:35:00Z,4.604683468942251,2963,1689,0.5664399771404188,0.6161586453102316,0.9654289556375103,Normal,0.13275766922710902,0.6610782468534125,0.3016635394071612,0.7093831405735982,0.7053303991861729,0.5063856773541037,0.34089957004633653,0.21279322492314467,0.6353069365839955,0.3872280009755554,0.23655910351298343,0.1684956548095397,0.6389061472610762,0.2589856408512683,0.06646208986288542,2026-09-20T03:33:45Z
822844,608369,Corey Seager,TEX,TOR,1,2,projected,TBD,Globe Life Field,2026-09-20T18:35:00Z,4.320015293442936,2579,0,0.623828065699078,0.586004877667603,1.2352033935005755,Normal,0.21232158914379187,0.6866984892765289,0.3769327901401867,0.5644655843762548,0.7426838008716243,0.5489024077530286,0.37943487206985327,0.24316038703592435,0.6588685296862827,0.4410941391189761,0.300396302413728,0.24063300420755243,0.6627557527232099,0.2809847593077627,0.07428486193121318,2026-09-20T03:33:45Z
822844,669701,Josh Smith,TOR,TEX,0,2,projected,Jacob deGrom,Globe Life Field,2026-09-20T18:35:00Z,4.513137557959815,1863,1689,0.48905034775064593,0.612304369083114,-1.165961530413876,Normal,0.11112438557542621,0.6054407479618424,0.37102331555664997,0.7505075733935425,0.6495792464756267,0.44517186026609984,0.2862396698672202,0.169885232290534,0.5840474167253309,0.33547595264899865,0.1947705326184113,0.13757796000042155,0.5870271592492847,0.209429704967812,0.04597196686951092,2026-09-20T03:33:45Z
822844,694671,Wyatt Langford,TEX,TOR,1,3,projected,TBD,Globe Life Field,2026-09-20T18:35:00Z,4.222100054975261,1568,0,0.5423074690648032,0.586004877667603,-0.6246453134963407,Normal,0.12545384152835942,0.6321409644248319,0.44305662146075636,0.6355177894212173,0.6889890900384008,0.48546752648687536,0.3199859139511433,0.19472062018168274,0.6088376781004997,0.37047765706852787,0.2231551614265832,0.1586722984971976,0.6120833767903923,0.22887323395400463,0.051590737070312156,2026-09-20T03:33:45Z
822844,664770,Nathan Lukes,TOR,TEX,0,3,projected,Jacob deGrom,Globe Life Field,2026-09-20T18:35:00Z,4.400406879970409,982,1689,0.44361458117826863,0.5961487717954075,0.5584184046941357,Normal,0.11674881184934353,0.6413899768552407,0.25084293537590097,0.6316308091541721,0.664594930110556,0.4605717402143486,0.2992363196194608,0.1795581359851113,0.617254921965245,0.3636855876064679,0.21541906496492289,0.14990019872942165,0.6206205345881758,0.2394232758131948,0.05722028020280355,2026-09-20T03:33:45Z
822844,592626,Joc Pederson,TEX,TOR,1,4,projected,TBD,Globe Life Field,2026-09-20T18:35:00Z,4.139847139020863,2045,0,0.532268007135316,0.586004877667603,-0.6355737936545056,Normal,0.2092127298652671,0.6295122027660129,0.423941023479879,0.62126648615806,0.698591703024367,0.49555696832086643,0.3285308454519922,0.2010256758099006,0.6064560624484256,0.39462021974563005,0.27728597142646394,0.2294373916163366,0.6096659914781173,0.22565590163375296,0.04978633897340023,2026-09-20T03:33:45Z
822844,665489,Vladimir Guerrero Jr.,TOR,TEX,0,4,projected,Jacob deGrom,Globe Life Field,2026-09-20T18:35:00Z,4.319891914362919,3355,1689,0.4259307334595107,0.5825867255007283,0.2460114348981316,Normal,0.11029242038616063,0.6579381558637362,0.2665854646303441,0.6031136023924251,0.6848472189005452,0.4817333671685774,0.3173158315294798,0.19314161030902485,0.6325184931256852,0.37825561903042704,0.21531002714949235,0.14503321367552294,0.6360644275532802,0.2533126772819081,0.0622778445846032,2026-09-20T03:33:45Z
822844,553869,Elias Díaz,TEX,TOR,1,5,projected,TBD,Globe Life Field,2026-09-20T18:35:00Z,4.019521717911176,1770,0,0.35904098979676347,0.586004877667603,-0.26747668173759725,Normal,0.09485358886009093,0.6208660908903779,0.2498963280018752,0.6618826917022858,0.6402086907738834,0.4328299000344147,0.27384089010718127,0.15920757916326994,0.5985076521226983,0.3444856989079771,0.18933233261740032,0.12518056892219115,0.6016188626073282,0.21772958381203436,0.04646109593526079,2026-09-20T03:33:45Z
822844,672386,Alejandro Kirk,TOR,TEX,0,5,projected,Jacob deGrom,Globe Life Field,2026-09-20T18:35:00Z,4.190453686200378,2146,1689,0.35392775165083984,0.5662593872453335,0.08548006838207187,Normal,0.10435497448394332,0.6402844483816709,0.26960265007551043,0.5504683238474163,0.6491167226266242,0.44319013677335284,0.2834671411715959,0.16701285239880642,0.6163168656191145,0.3469340151713136,0.19308598249625383,0.13092299527767554,0.619656670288497,0.236482524744577,0.05485354055213668,2026-09-20T03:33:45Z
822844,669394,Jake Burger,TEX,TOR,1,6,projected,TBD,Globe Life Field,2026-09-20T18:35:00Z,3.8890302876049887,2266,0,0.45591469035053234,0.586004877667603,0.17473807646231312,Normal,0.15898030820776102,0.6100084127580349,0.3146818797517609,0.6756360164635575,0.6802260324133712,0.4743882326170062,0.30904780718863145,0.18538726787654458,0.5885106747732209,0.3631905115235653,0.23092158615950079,0.18042440807832458,0.5915004860946469,0.20814697753147895,0.042659218912906166,2026-09-20T03:33:45Z
822844,665926,Andrés Giménez,TOR,TEX,0,6,projected,Jacob deGrom,Globe Life Field,2026-09-20T18:35:00Z,4.056710289966641,2660,1689,0.3738119377442529,0.5538216308294313,0.316953757851978,Normal,0.09464393429017624,0.5988745314461548,0.23840532018764435,0.6544172964357043,0.6304813982854095,0.4241101793840708,0.2673401143167847,0.15496832967901278,0.5780909867160121,0.3213497834277062,0.17912258750260526,0.1210695009156862,0.5809826630936314,0.20160868398436804,0.04170870178603396,2026-09-20T03:33:45Z
822844,673962,Josh Jung,TEX,TOR,1,7,projected,TBD,Globe Life Field,2026-09-20T18:35:00Z,3.7439381827871037,1739,0,0.4268914519482902,0.586004877667603,1.0142206866795573,Normal,0.09801962565987413,0.6362016787424833,0.2674017697471599,0.5843283684365754,0.6703988896260565,0.46325879473057596,0.29900866235946877,0.17750386394917042,0.6127151369681721,0.3550260448431697,0.19759894021693533,0.13034175283997676,0.6159833748566809,0.22923877965483563,0.04984391816408807,2026-09-20T03:33:45Z
822844,676391,Ernie Clement,TOR,TEX,0,7,projected,Jacob deGrom,Globe Life Field,2026-09-20T18:35:00Z,3.9121475054229937,1865,1689,0.380596595754479,0.547966239220112,-1.4464358313174424,Normal,0.06974160953021875,0.6193864334705684,0.16443994960184613,0.47955416584673716,0.6369875315448145,0.43013594108111425,0.2720111745254888,0.15816598940891435,0.5971011643447637,0.3311295997209835,0.17171530157006482,0.10331945171387283,0.6002030457394878,0.21743513589381452,0.04694079336613903,2026-09-20T03:33:45Z
822844,677649,Ezequiel Duran,TEX,TOR,1,8,projected,TBD,Globe Life Field,2026-09-20T18:35:00Z,3.5835015863859243,1729,0,0.40281202965604135,0.586004877667603,0.43796653623962656,Normal,0.08238274704149741,0.604406752639199,0.251162367385208,0.5966654183387349,0.632500283702714,0.4231252674084533,0.26451190058906304,0.15151431647520153,0.5834707352410061,0.3258731442725548,0.17404686940404898,0.11142708391344154,0.5863804413246224,0.20130764043177396,0.03921541739836848,2026-09-20T03:33:45Z
822844,676914,Davis Schneider,TOR,TEX,0,8,projected,Jacob deGrom,Globe Life Field,2026-09-20T18:35:00Z,3.7734994337485843,964,1689,0.4100785941966522,0.5421961664571163,-1.254833348343163,Normal,0.10483334861029198,0.5091361166063344,0.37884541233849023,0.8409016515479971,0.5997617869246659,0.3931880867093738,0.241587660775357,0.13601347628911575,0.4945006071586514,0.282975607112518,0.16212648230419355,0.12149414635347462,0.49653225292394976,0.13762500156226856,0.021780595168545403,2026-09-20T03:33:45Z
822844,670032,Nicky Lopez,TEX,TOR,1,9,projected,TBD,Globe Life Field,2026-09-20T18:35:00Z,3.4076134699853586,1468,0,0.384206741253648,0.586004877667603,-0.2639191720158176,Normal,0.05339159724326625,0.5654889809629454,0.26569967320796567,0.4170088860334106,0.5834155002574294,0.37522161961743256,0.225743228252599,0.12380698180331744,0.5474576189134402,0.2638549214913182,0.12891412879085187,0.0755141594057348,0.5499609228835192,0.1707267173243897,0.02911319835663435,2026-09-20T03:33:45Z
822844,664702,Myles Straw,TOR,TEX,0,9,projected,Jacob deGrom,Globe Life Field,2026-09-20T18:35:00Z,3.6080709263222257,1727,1689,0.39992728879665046,0.5380086786101015,1.2717622371389878,Normal,0.05087850277876926,0.5468226199221401,0.21808942706657639,0.5423946159896555,0.580489472781246,0.37461433887359374,0.226627628168451,0.1253309210678076,0.5298471595835614,0.26836624600034104,0.12853314886789122,0.07433264174880855,0.5322048897153177,0.1611029303455854,0.02791286881912298,2026-09-20T03:33:45Z
822922,650490,Yandy Díaz,TB,BOS,1,1,projected,Patrick Sandoval,Tropicana Field,2026-09-20T17:40:00Z,4.426836551861437,3090,1910,0.5783424714389583,0.6594724174551,-1.4340118406087674,Normal,0.11004929193763706,0.7374812721823102,0.38402631012261407,0.4924717849054666,0.7384811108005302,0.5443581107613117,0.37560588563951386,0.24042389075009427,0.7051619292912931,0.44684182811145706,0.26152651335071075,0.16664109167169164,0.7096937298385506,0.3367992380169408,0.10305340649111855,2026-09-20T03:33:45Z
822922,680776,Jarren Duran,BOS,TB,0,1,projected,Griffin Jax,Tropicana Field,2026-09-20T17:40:00Z,4.604683468942251,2600,1553,0.5604696833378862,0.5779433029402276,-0.7535792784406321,Normal,0.12380656145740127,0.6572767724145976,0.28310637893526913,0.8014355682503925,0.6923323903131329,0.4916937109507285,0.32751025047688787,0.20210339133322597,0.6318142879777808,0.41413479339564874,0.2618162685343168,0.1804426210599704,0.6353696764690535,0.255420334798083,0.06490732340244412,2026-09-20T03:33:45Z
822922,656775,Cedric Mullins,TB,BOS,1,2,projected,Patrick Sandoval,Tropicana Field,2026-09-20T17:40:00Z,4.320015293442936,2604,1910,0.48816402580414575,0.6596132762242924,-0.5737087103998465,Normal,0.08272264558922285,0.5975404942212516,0.3664070652896296,0.6149681176071231,0.6546189279961803,0.44934159014658975,0.2890105604365027,0.17138881809361317,0.5768100851088516,0.3277474755825467,0.18021865854492256,0.11586310948173892,0.5796951364485692,0.20147053530836256,0.0421723900803768,2026-09-20T03:33:45Z
822922,668939,Adley Rutschman,BOS,TB,0,2,projected,Griffin Jax,Tropicana Field,2026-09-20T17:40:00Z,4.513137557959815,2543,1553,0.4592750650574118,0.5706513732265226,-0.6696215873584693,Normal,0.09710586352329319,0.6170193812984666,0.34011205267541395,0.6618123292774283,0.657068543747049,0.4529755149036439,0.29293312538728683,0.174954226392941,0.5947552681445128,0.3519591232805482,0.1971950522947824,0.1314603147021967,0.5978576156453231,0.21895998940094122,0.04954032335147298,2026-09-20T03:33:45Z
822922,802415,Chandler Simpson,TB,BOS,1,3,projected,Patrick Sandoval,Tropicana Field,2026-09-20T17:40:00Z,4.222100054975261,1031,1910,0.43632789717668213,0.646371543436088,1.1632559371215085,Normal,0.04630340374896228,0.6990942386701863,0.23207701434391653,0.394885657739324,0.674127913004514,0.4692444931039711,0.3056712892033278,0.18365841614405118,0.6702313251447126,0.3734789901277118,0.188121972576698,0.09746869734654379,0.674263290468389,0.2922055564349602,0.07851923585713451,2026-09-20T03:33:45Z
822922,677800,Wilyer Abreu,BOS,TB,0,3,projected,Griffin Jax,Tropicana Field,2026-09-20T17:40:00Z,4.400406879970409,1602,1553,0.5055175067124593,0.5429315382396447,-1.19664212530531,Normal,0.13896508759387002,0.6422089187895856,0.34554379419448267,0.710351056512138,0.6907361923318572,0.4889811687168217,0.32433206826120065,0.19903231187905196,0.6180088552392408,0.3967246540792171,0.24470693597867216,0.17736506260971574,0.621383651770792,0.24015361464024226,0.057517138953711446,2026-09-20T03:33:45Z
822922,666018,Jonathan Aranda,TB,BOS,1,4,projected,Patrick Sandoval,Tropicana Field,2026-09-20T17:40:00Z,4.139847139020863,1399,1910,0.43258137546551234,0.6350586400393918,0.20480179600429604,Normal,0.08945421682207419,0.6431515964082587,0.3772913472283062,0.6960904411796275,0.6735448281903026,0.46800889069874624,0.30413391585835253,0.18213831342279369,0.6190144186128137,0.35552211864949174,0.19241699877662563,0.12281356937375311,0.6223764327527196,0.23752610400057825,0.05432426227891341,2026-09-20T03:33:45Z
822922,575929,Willson Contreras,BOS,TB,0,4,projected,Griffin Jax,Tropicana Field,2026-09-20T17:40:00Z,4.319891914362919,2436,1553,0.4628397516662636,0.526768916869072,-0.12591496520143644,Normal,0.1308200321171273,0.6117385592963055,0.44639115683809427,0.7886955221499329,0.6752540761018059,0.47127848027286773,0.308079992860587,0.18598423635908723,0.5899505948867172,0.36167648887923226,0.2181332551975934,0.15971194373263772,0.5929844486169581,0.21298531917979538,0.04641070563654773,2026-09-20T03:33:45Z
822922,691406,Junior Caminero,TB,BOS,1,5,projected,Patrick Sandoval,Tropicana Field,2026-09-20T17:40:00Z,4.019521717911176,1535,1910,0.524253126155721,0.6194978761044143,-0.7857428810843574,Normal,0.18505045826589966,0.6731604360498835,0.3367677250574555,0.5306953853361667,0.730556012821219,0.5322543513552507,0.3619452590277114,0.22743216317311862,0.6465708079559928,0.41492362825934676,0.27276846819423994,0.21259146351717065,0.6502776859948844,0.2645378959698031,0.06482644023413843,2026-09-20T03:33:45Z
822922,596115,Trevor Story,BOS,TB,0,5,projected,Griffin Jax,Tropicana Field,2026-09-20T17:40:00Z,4.190453686200378,1568,1553,0.41403230467216706,0.5082444098674915,0.7576374496194296,Normal,0.0947867926836929,0.6226720141241029,0.21194258180155345,0.8325878249543468,0.6634095696731339,0.4581170550427129,0.29623826000214853,0.17663422931891368,0.6000839189353617,0.35122116420600946,0.19232174979491343,0.12687407147776977,0.6032294797858359,0.2212894351025669,0.04901210921751585,2026-09-20T03:33:45Z
822922,641584,Jake Fraley,TB,BOS,1,6,projected,Patrick Sandoval,Tropicana Field,2026-09-20T17:40:00Z,3.8890302876049887,1319,1910,0.3869045651096628,0.6068208560883191,-1.7576093855966266,Normal,0.0741705103164842,0.6036302509538465,0.32040631647039586,0.6416588802416187,0.6415907200577873,0.43381452186801633,0.27435923342317803,0.1593650971637345,0.5826124129176942,0.3231196729022684,0.16690472424593225,0.10351389683666239,0.5855349876875465,0.20304319930194,0.04090942684411451,2026-09-20T03:33:45Z
822922,702332,Caleb Durbin,BOS,TB,0,6,projected,Griffin Jax,Tropicana Field,2026-09-20T17:40:00Z,4.056710289966641,1064,1553,0.4162775101752893,0.4974621430557477,0.41878667122469815,Normal,0.07641564839032355,0.58443173432179,0.3427157790246477,0.5431573114192584,0.6318045743510075,0.4254342957695579,0.26843832718106847,0.1557736234266851,0.5647001673766505,0.30887465623666194,0.1604563608954733,0.10244112740824121,0.5674443638770847,0.19042720700756688,0.037908641126146704,2026-09-20T03:33:45Z
822922,670764,Taylor Walls,TB,BOS,1,7,projected,Patrick Sandoval,Tropicana Field,2026-09-20T17:40:00Z,3.7439381827871037,1800,1910,0.43577038284771796,0.5995028458243612,0.12485607973196787,Normal,0.06237416685197671,0.5600417034512122,0.36478138751145106,0.5988625066985995,0.6089057591191044,0.40106915911635643,0.247281572937795,0.13961228678500462,0.5421882756068505,0.29003204799588894,0.148286215189481,0.08979263124078142,0.5446680235664454,0.16980682077029893,0.03008302851423685,2026-09-20T03:33:45Z
822922,643396,Isiah Kiner-Falefa,BOS,TB,0,7,projected,Griffin Jax,Tropicana Field,2026-09-20T17:40:00Z,3.9121475054229937,2009,1553,0.3614614031091133,0.4965097268257666,-0.4114166706557505,Normal,0.05580754827745452,0.5985560523779938,0.22062836791547205,0.5711488448659942,0.613847463140332,0.4072255127137589,0.2531753152436466,0.14446859522530275,0.5778398870817802,0.2972101660181312,0.14466281243850115,0.08297641898953942,0.5807215740840176,0.20058283151157097,0.040975606250847015,2026-09-20T03:33:45Z
822922,663743,Nick Fortes,TB,BOS,1,8,projected,Patrick Sandoval,Tropicana Field,2026-09-20T17:40:00Z,3.5835015863859243,1446,1910,0.39979819220833746,0.594698098020488,1.1225222417414704,Normal,0.07291786176517275,0.5949942376912873,0.2805435296304829,0.4251778698917252,0.6216427934537462,0.4124152432760256,0.2557864780169298,0.1452465442971383,0.5747568689197154,0.3091441339985564,0.15741556418214345,0.09817458069401466,0.5775688857119865,0.1939890515826968,0.03684484254083194,2026-09-20T03:33:45Z
822922,655316,Andruw Monasterio,BOS,TB,0,8,projected,Griffin Jax,Tropicana Field,2026-09-20T17:40:00Z,3.7734994337485843,921,1553,0.36578815187644287,0.4959631122961996,-1.5342864757628658,Normal,0.06224578530595822,0.5596821009100538,0.25222049951224057,0.6644430722338025,0.5943260969145494,0.38805671476866926,0.23751435457612657,0.13314159306474296,0.5417801257359929,0.29335109581766783,0.14539609189626054,0.08844289385745609,0.5442675867026834,0.1708475025399052,0.03109102754451009,2026-09-20T03:33:45Z
822922,622761,Jorge Mateo,TB,BOS,1,9,projected,Patrick Sandoval,Tropicana Field,2026-09-20T17:40:00Z,3.4076134699853586,1379,1910,0.45220891854948236,0.5948597254096433,-1.8069935895512186,Normal,0.0713723542818035,0.5522321232954479,0.2378164992376818,0.6275212331227484,0.6161007188938071,0.40596200188226406,0.24990405652825454,0.14061160323064212,0.5351026056728846,0.2954632753390701,0.156135357782985,0.09855255309681234,0.5374802022391656,0.16158435978846344,0.026569354932567107,2026-09-20T03:33:45Z
822922,657136,Connor Wong,BOS,TB,0,9,projected,Griffin Jax,Tropicana Field,2026-09-20T17:40:00Z,3.6080709263222257,1367,1553,0.3770673878040409,0.4883460300023339,-1.6445463614701763,Normal,0.06397130420702095,0.5365369135631609,0.23066576025507823,0.7279040399563131,0.5897337226184048,0.3831610497276589,0.23330402080742899,0.12996938702334215,0.5202357186267753,0.27622442611864406,0.13658933863953238,0.08581265285599589,0.5224993637815826,0.15423968850081643,0.025978974527921438,2026-09-20T03:33:45Z
823001,691026,Masyn Winn,STL,WSH,1,1,projected,Jake Irvin,Busch Stadium,2026-09-20T18:15:00Z,4.426836551861437,1824,2512,0.5595801336119529,0.6461660319572001,-0.8722021213647936,Normal,0.07898254559090005,0.6575323975945895,0.3313819009330839,0.6136024378793821,0.6827464796124825,0.47997053876994406,0.3161458326978092,0.19251820435888176,0.6321107969613992,0.3689083656609917,0.2008829486814236,0.12248225341550502,0.6356579668282624,0.2538153975561212,0.06301829883704632,2026-09-20T03:33:45Z
823001,682928,CJ Abrams,WSH,STL,0,1,projected,Quinn Mathews,Busch Stadium,2026-09-20T18:15:00Z,4.604683468942251,2774,162,0.5983479399090604,0.6456838260366842,-0.7429654014334258,Normal,0.11925735652798099,0.6727507559934097,0.3235954137965066,0.7416422897224457,0.711085103064452,0.5130043337630243,0.34700833798925235,0.21772312392235849,0.6460202209948712,0.40910077184733723,0.2507692257095927,0.17058805314161526,0.6497557393552258,0.2701621865619706,0.07144969465500968,2026-09-20T03:33:45Z
823001,802139,JJ Wetherholt,STL,WSH,1,2,projected,Jake Irvin,Busch Stadium,2026-09-20T18:15:00Z,4.320015293442936,593,2512,0.614428399870211,0.6453645552029724,-1.3247646606299017,Normal,0.14213382291775012,0.6522809243169242,0.48668570498447544,0.4824342692909492,0.7020246456861916,0.5008891950408353,0.3344779474336594,0.20657505011812016,0.6273173644111316,0.3733764524204358,0.22863761726639564,0.1687030855963025,0.6307984744149843,0.24800946224247233,0.05993192701996461,2026-09-20T03:33:45Z
823001,695578,James Wood,WSH,STL,0,2,projected,Quinn Mathews,Busch Stadium,2026-09-20T18:15:00Z,4.513137557959815,1614,162,0.5766702332215828,0.6435463524770123,0.2188876888855301,Normal,0.1477089827940177,0.6567390787822163,0.4633452700325483,0.8070031990516149,0.7106150332911935,0.511870702936344,0.3454919536991829,0.21613884757994545,0.6313536386001114,0.4049192281901342,0.2536780643001156,0.18571149498100412,0.6348969581352627,0.25398749604061094,0.06370645881729682,2026-09-20T03:33:45Z
823001,671056,Iván Herrera,STL,WSH,1,3,projected,Jake Irvin,Busch Stadium,2026-09-20T18:15:00Z,4.222100054975261,1459,2512,0.4996313561601795,0.628497636256826,-0.7461589011902083,Normal,0.1008834052807712,0.6466203151490796,0.4497964041355971,0.5610596605639588,0.6818271856313867,0.47759468878163774,0.31300464288594476,0.1893030610856826,0.622165876135806,0.355321841199128,0.1981534334655233,0.13165659384494013,0.6255737415523726,0.24161375036184388,0.05657214644953053,2026-09-20T03:33:45Z
823001,691781,Brady House,WSH,STL,0,3,projected,Quinn Mathews,Busch Stadium,2026-09-20T18:15:00Z,4.400406879970409,606,162,0.47321752692154545,0.6352804160283649,0.5562684104303314,Normal,0.10038069464765019,0.6601268004669575,0.3127892900954095,0.7054886366531107,0.679512991692281,0.4766217367386684,0.313310331111289,0.19041089914779713,0.6344825811617599,0.38000542371308327,0.21486658908461656,0.14029777950288283,0.6380616748579249,0.25654065507036317,0.06436818746345026,2026-09-20T03:33:45Z
823001,676475,Alec Burleson,STL,WSH,1,4,projected,Jake Irvin,Busch Stadium,2026-09-20T18:15:00Z,4.139847139020863,2186,2512,0.4990284716973766,0.6156301103173032,-1.0016748429641587,Normal,0.15423258105704926,0.693266031756315,0.3430400036771947,0.47561268217500297,0.7088219079012215,0.5071847963418247,0.33907318293100647,0.20934866307735148,0.6649356425187022,0.4209072354796231,0.26268986824845614,0.19081096639217066,0.6688901127618052,0.2851146228178229,0.07441524846161177,2026-09-20T03:33:45Z
823001,660688,Keibert Ruiz,WSH,STL,0,4,projected,Quinn Mathews,Busch Stadium,2026-09-20T18:15:00Z,4.319891914362919,2082,162,0.3924304802906497,0.6252341385049964,1.6505661808993297,Normal,0.08699671838943776,0.6692285908086354,0.24602805736996067,0.4560849329783709,0.6679363475733104,0.46342283999157385,0.3012152829598412,0.18071313471178177,0.6428781897581098,0.3808506558969498,0.20688868558348905,0.12827235834922746,0.6465558865538897,0.26395345827088806,0.06682996717873063,2026-09-20T03:33:45Z
823001,691023,Jordan Walker,STL,WSH,1,5,projected,Jake Irvin,Busch Stadium,2026-09-20T18:15:00Z,4.019521717911176,1673,2512,0.45479136308248425,0.5985314342829087,-1.3331566870172482,Normal,0.1190993523320396,0.6485013493755827,0.2878041857016486,0.6696104382897853,0.6768798363974642,0.4712071942157847,0.3066097402641457,0.18378677738757718,0.6239551996488927,0.37353205238877507,0.2186371937296273,0.1517762446439014,0.6273739339749181,0.24163668474708455,0.055477008618338236,2026-09-20T03:33:45Z
823001,686611,Dylan Crews,WSH,STL,0,5,projected,Quinn Mathews,Busch Stadium,2026-09-20T18:15:00Z,4.190453686200378,863,162,0.4736937943458683,0.6126521276991774,-0.007754188448058519,Normal,0.10628881387065378,0.6184090591424042,0.3372526802839179,0.6558957769318235,0.6614499025994055,0.45604851290033,0.2944549603510812,0.1752820669285529,0.5961484141757797,0.3485811079561017,0.2017052653273382,0.13816782426601412,0.5992479251336376,0.21771911196566912,0.04768387056321609,2026-09-20T03:33:45Z
823001,669357,Nolan Gorman,STL,WSH,1,6,projected,Jake Irvin,Busch Stadium,2026-09-20T18:15:00Z,3.8890302876049887,1873,2512,0.4897940554415151,0.5857983428590928,-0.501362970933054,Normal,0.17885383414437575,0.5782624086412961,0.38478182112434284,0.7380413283269723,0.6536268080718375,0.4461604532245082,0.28473754007568,0.16703946737298472,0.5590943997929001,0.3461989148401134,0.23138162817155614,0.19253326422639186,0.5617581197829916,0.18360109472862535,0.03455222264851477,2026-09-20T03:33:45Z
823001,695734,Daylen Lile,WSH,STL,0,6,projected,Quinn Mathews,Busch Stadium,2026-09-20T18:15:00Z,4.056710289966641,975,162,0.45605915339050923,0.6006922353685675,0.29070826522613935,Normal,0.10479446118948935,0.6406585945326644,0.2580310593893373,0.6090594287582485,0.6664543196998316,0.4611851633622961,0.29875082082297166,0.17842587690710746,0.6166667029665612,0.37395688271414085,0.2286936837316269,0.15212102133655409,0.6200094099445308,0.236527940457242,0.05463765086682666,2026-09-20T03:33:45Z
823001,701675,Nathan Church,STL,WSH,1,7,projected,Jake Irvin,Busch Stadium,2026-09-20T18:15:00Z,3.7439381827871037,509,2512,0.440138980812107,0.5800157255120058,2.2763877673943798,Hot,0.10749741291961945,0.6205384489964613,0.2958482962346414,0.4263963032317095,0.6466799729354211,0.4384940048747496,0.27795103705139224,0.16179280866380435,0.5982802090072105,0.3395718842881862,0.19445763266025723,0.13445376801365086,0.6013761172397327,0.21598618277899823,0.04504287177289274,2026-09-20T03:33:45Z
823001,677588,José Tena,WSH,STL,0,7,projected,Quinn Mathews,Busch Stadium,2026-09-20T18:15:00Z,3.9121475054229937,656,162,0.3975159065784262,0.5916888068675047,-2.0607546350417247,Cold,0.07152411678471134,0.597934240284658,0.30612748660813305,0.7402226787303214,0.6200413089110852,0.41327280947165523,0.25809748558571927,0.14801715189549047,0.5772639657000964,0.32352705267946874,0.170795465640271,0.10495480488228827,0.5801392191114387,0.20009424170302095,0.04080820665993488,2026-09-20T03:33:45Z
823001,686780,Pedro Pagés,STL,WSH,1,8,projected,Jake Irvin,Busch Stadium,2026-09-20T18:15:00Z,3.5835015863859243,809,2512,0.351987310357137,0.5775168064826628,-0.7850007920414491,Normal,0.08658886706884523,0.5680021281020419,0.22725360303294315,0.6416172121574866,0.603043704226368,0.39450859082705564,0.2414434542349434,0.13509096682952176,0.549694509083143,0.29004352286901564,0.15602706270115788,0.10619288952806567,0.5522370041958893,0.17402271398824967,0.030721109269511056,2026-09-20T03:33:45Z
823001,696285,Jacob Young,WSH,STL,0,8,projected,Quinn Mathews,Busch Stadium,2026-09-20T18:15:00Z,3.7734994337485843,1458,162,0.44802052755368127,0.5805651467872652,-0.24713640058787056,Normal,0.06636249348697575,0.6009306284845964,0.334471506755651,0.487669714209515,0.6266158387130509,0.41920455608044876,0.2626262273094177,0.15108689461891586,0.5800920355536325,0.3137228603918438,0.16059729440160853,0.09659724406904474,0.5829904522883369,0.2016164188414859,0.04098613158904457,2026-09-20T03:33:45Z
823001,687363,Victor Scott II,STL,WSH,1,9,projected,Jake Irvin,Busch Stadium,2026-09-20T18:15:00Z,3.4076134699853586,807,2512,0.4292026344969016,0.5766985659668146,0.6182490948715088,Normal,0.07619123762444047,0.5278894035699635,0.3439348598824432,0.5112556814544296,0.5873318112338618,0.37882102759965625,0.22852678935436013,0.1257161755583694,0.5123473781322714,0.26443385159374544,0.13650643444383434,0.092557638160551,0.5145038720571147,0.14565854246236737,0.022384156771939084,2026-09-20T03:33:45Z
823001,683083,Nasim Nuñez,WSH,STL,0,9,projected,Quinn Mathews,Busch Stadium,2026-09-20T18:15:00Z,3.6080709263222257,642,162,0.38819323904611647,0.5780441168993937,-1.4030223336525864,Normal,0.05360203366520128,0.5323410824347687,0.29781410718673845,0.5605686256487535,0.5783001066537834,0.3726079976613053,0.2250702027368572,0.1242548311790762,0.5163105819571898,0.24245118432634646,0.11699708862520634,0.07112631757184827,0.5185364694243252,0.1514961264700236,0.02522279908387147,2026-09-20T03:33:45Z
823247,665487,Fernando Tatis Jr.,SD,MIA,1,1,projected,Sandy Alcantara,Petco Park,2026-09-20T20:10:00Z,4.426836551861437,2438,3254,0.5899965155052359,0.7515755879902802,-0.1569522248723746,Normal,0.1282887876448655,0.6926927356246407,0.2975284960108471,0.5952971109217586,0.7292788218427705,0.5332442166516448,0.36500989064911155,0.23165765545140493,0.664328636091688,0.41640948562565894,0.2515919066442094,0.1728913420302668,0.6682936490884674,0.28809289737284055,0.07837673337979306,2026-09-20T03:33:45Z
823247,669364,Xavier Edwards,MIA,SD,0,1,projected,Walker Buehler,Petco Park,2026-09-20T20:10:00Z,4.604683468942251,1597,1791,0.6115687001895748,0.5981532448709895,-0.7689580211253236,Normal,0.06924244091900579,0.7354140022541928,0.393154240695375,0.4989321762999234,0.7264006252816674,0.5309754280513881,0.3638412094269982,0.23147886744256127,0.7032748265176015,0.4250189216669057,0.23836823316776273,0.13736996577191773,0.7077857519256523,0.3365806247579796,0.10472940828677123,2026-09-20T03:33:45Z
823247,664034,Ty France,SD,MIA,1,2,projected,Sandy Alcantara,Petco Park,2026-09-20T20:10:00Z,4.320015293442936,2768,3254,0.4694260886553413,0.7466647138786446,1.4409778338492392,Normal,0.0916700962116821,0.6770411282963895,0.3187565370917396,0.5969752469826367,0.6913342440730478,0.488875489861064,0.32363060573805136,0.19801491133277324,0.6500308010612352,0.3891622126485966,0.21530641014151058,0.13496072084096805,0.6538016520046601,0.27142013865918485,0.06996801979845979,2026-09-20T03:33:45Z
823247,665923,Esteury Ruiz,MIA,SD,0,2,projected,Walker Buehler,Petco Park,2026-09-20T20:10:00Z,4.513137557959815,852,1791,0.4813276183395807,0.592745398258414,-1.935471883634627,Normal,0.08710864950782778,0.6250605952062365,0.3732155426953482,0.7473522755559056,0.6603405109004373,0.4564162738590587,0.2959040023104115,0.17721689067150423,0.602181228668188,0.35120250882476484,0.19502011431273214,0.1250449534608552,0.6053703052869978,0.22575441801984186,0.05215868114887048,2026-09-20T03:33:45Z
823247,592518,Manny Machado,SD,MIA,1,3,projected,Sandy Alcantara,Petco Park,2026-09-20T20:10:00Z,4.222100054975261,3210,3254,0.47512206840814897,0.7403654858858796,0.016283484270828347,Normal,0.12640128630553848,0.6479874101302379,0.29833537456618137,0.5915838816855903,0.696142621933769,0.49343546684424977,0.327118694809057,0.20029996177093665,0.6234227900669845,0.37477132313993294,0.22023502419322488,0.15619264010573128,0.6268461925386566,0.24284258401092995,0.0570640626943922,2026-09-20T03:33:45Z
823247,805300,Jakob Marsee,MIA,SD,0,3,projected,Walker Buehler,Petco Park,2026-09-20T20:10:00Z,4.400406879970409,822,1791,0.5598665016044645,0.5712940685681095,1.973170091676398,Normal,0.09509097516281458,0.6600133562491439,0.5053554575519517,0.5812028924921753,0.6921335170576379,0.4905376512253473,0.3257315988227199,0.20013472790025216,0.6343784103793325,0.3877566525602754,0.2272142067604907,0.14604467428751225,0.6379561903750436,0.2564344066961061,0.06432258968260442,2026-09-20T03:33:45Z
823247,669720,Austin Hays,SD,MIA,1,4,projected,Sandy Alcantara,Petco Park,2026-09-20T20:10:00Z,4.139847139020863,1913,3254,0.43565154290449243,0.7335142625847022,0.8550757995700683,Normal,0.09020192161631319,0.6627134652607385,0.2054943070572349,0.6759689923076975,0.6824842524005587,0.47769603292046936,0.31262152838662305,0.18864996725479993,0.6369803302906756,0.38853519782467544,0.2183936027675425,0.1374994692909591,0.6405673271148811,0.2553343438325437,0.06148389741029079,2026-09-20T03:33:45Z
823247,672640,Otto Lopez,MIA,SD,0,4,projected,Walker Buehler,Petco Park,2026-09-20T20:10:00Z,4.319891914362919,1692,1791,0.4592012036048309,0.5562712971383864,0.1564698042241638,Normal,0.07887962850474049,0.6814971737635179,0.2866601218524682,0.4890900993916411,0.6879303824778199,0.4851321437667247,0.3203431016538644,0.19550396708823,0.6541168404631578,0.3847607197677322,0.2118628000540473,0.12752136610176362,0.6579406335163657,0.2758898614905333,0.07212074561608411,2026-09-20T03:33:45Z
823247,593428,Xander Bogaerts,SD,MIA,1,5,projected,Sandy Alcantara,Petco Park,2026-09-20T20:10:00Z,4.019521717911176,2896,3254,0.42776216501215086,0.7293276970736148,0.3637703213257764,Normal,0.07338029581296733,0.6341779530802293,0.3127165607045738,0.5437899534160168,0.6591397921849218,0.45233378001792746,0.2903075710627062,0.17144056397584956,0.6107793429956202,0.33977169547150926,0.17503224494325756,0.10568191895659619,0.6140366558855818,0.2290220476414699,0.0506258540832206,2026-09-20T03:33:45Z
823247,682663,Agustín Ramírez,MIA,SD,0,5,projected,Walker Buehler,Petco Park,2026-09-20T20:10:00Z,4.190453686200378,811,1791,0.44911481365569594,0.5386687022929261,-0.42889978478142,Normal,0.10837047565702614,0.6044905795269402,0.3141461016549925,0.6339203207491648,0.6566578712539031,0.4510198729865301,0.2901379275012247,0.1720203882638518,0.5832814362288286,0.34797548876226125,0.19995158697434806,0.13896912609544837,0.5862332123076011,0.2063436226406112,0.04356425265935104,2026-09-20T03:33:45Z
823247,630105,Jake Cronenworth,SD,MIA,1,6,projected,Sandy Alcantara,Petco Park,2026-09-20T20:10:00Z,3.8890302876049887,2771,3254,0.41493043701148874,0.7291819507743221,0.8525249160681714,Normal,0.07945092344267525,0.5748190751436443,0.37746878739447576,0.5347110663882522,0.6213686118205886,0.4136310067326604,0.2577170247419809,0.147258559169212,0.5558949082701738,0.30714145908756546,0.1660770382941282,0.10730593587769499,0.5585245403395593,0.1810646900290228,0.03375877995449557,2026-09-20T03:33:45Z
823247,669065,Kyle Stowers,MIA,SD,0,6,projected,Walker Buehler,Petco Park,2026-09-20T20:10:00Z,4.056710289966641,1289,1791,0.45730328673019566,0.5268757548139291,-1.0017557482287132,Normal,0.1309627904796412,0.6351800443839505,0.377182189364361,0.7497025169867629,0.6768924472678981,0.472383815317332,0.3085135318075222,0.18589483453361733,0.6116226604281726,0.3824375493090259,0.23620430263165132,0.1686562209658571,0.614904163507814,0.23172221888952688,0.05276227604331265,2026-09-20T03:33:45Z
823247,701538,Jackson Merrill,SD,MIA,1,7,projected,Sandy Alcantara,Petco Park,2026-09-20T20:10:00Z,3.7439381827871037,1712,3254,0.442728664688577,0.7325244176546015,1.8439500519258212,Normal,0.12698455965182265,0.6198133786373429,0.23812197625851556,0.5400884681796154,0.6657011425452409,0.4582711170860882,0.2947175338928104,0.17427070357261218,0.5976111241446204,0.3606229144143801,0.22209302241705575,0.15920318109273987,0.600699183628999,0.21538628409840074,0.04483094415744355,2026-09-20T03:33:45Z
823247,681715,Heriberto Hernández,MIA,SD,0,7,projected,Walker Buehler,Petco Park,2026-09-20T20:10:00Z,3.9121475054229937,763,1791,0.44619949794943914,0.5233993918193387,0.4058535711059843,Normal,0.14198071702729287,0.5833259394699597,0.36691017626539013,0.6847670747933874,0.6522469909910962,0.44573616696512175,0.2851328874929052,0.16789558700188606,0.5637179152459642,0.3333762087042139,0.2084674052623572,0.16135258227124394,0.5664443415645414,0.18885002595480418,0.037041803509066364,2026-09-20T03:33:45Z
823247,669134,Luis Campusano,SD,MIA,1,8,projected,Sandy Alcantara,Petco Park,2026-09-20T20:10:00Z,3.5835015863859243,782,3254,0.3854980029923068,0.7288764318444959,-1.5394876599905656,Normal,0.07849454335103004,0.5856318034424893,0.2531849693813522,0.5108286316272266,0.6267659967709845,0.41744465236101636,0.2598701210796304,0.14817156331186665,0.5660761490664096,0.30458376099512974,0.15715314129085045,0.10143071994737368,0.5687929031808776,0.18689468717310034,0.03461147382361878,2026-09-20T03:33:45Z
823247,665052,Griffin Conine,MIA,SD,0,8,projected,Walker Buehler,Petco Park,2026-09-20T20:10:00Z,3.7734994337485843,470,1791,0.5198713043109868,0.5203880591674783,-0.34399476010360913,Normal,0.13028485199644574,0.6193303586440118,0.3757261470310528,0.7082895925809425,0.6813757480168262,0.4760365397385954,0.3109036159147315,0.18716688042766175,0.597102931216161,0.35538765085692203,0.21421253952148142,0.156630231246951,0.6001961657701604,0.21649572220752664,0.04621126612221642,2026-09-20T03:33:45Z
823247,666023,Freddy Fermin,SD,MIA,1,9,projected,Sandy Alcantara,Petco Park,2026-09-20T20:10:00Z,3.4076134699853586,1214,3254,0.34876562950525847,0.7323583607360472,-0.8540472859833171,Normal,0.05909008152451688,0.5597389066354862,0.1951164938729612,0.5238208107847423,0.5959926918294952,0.386860436716392,0.23478724630022638,0.1300358355190733,0.542101966321411,0.27393867057691623,0.13052151078774765,0.07888620705564531,0.5445502827696098,0.16671965296774457,0.027985559327874727,2026-09-20T03:33:45Z
823247,691594,Javier Sanoja,MIA,SD,0,9,projected,Walker Buehler,Petco Park,2026-09-20T20:10:00Z,3.6080709263222257,834,1791,0.41356699841844713,0.5145778283367317,0.9369843835839398,Normal,0.07502809593394467,0.6064587798593536,0.21035602163831588,0.35795920208691523,0.6361780037838701,0.4280564355232159,0.2695102487722828,0.15583023790499761,0.5852725745243442,0.3420468908734986,0.18588422453789258,0.11463579085126774,0.5882191526147936,0.20497105373839727,0.0416981439763714,2026-09-20T03:33:45Z
823329,665833,Oneil Cruz,PIT,KC,1,1,projected,Michael Wacha,PNC Park,2026-09-20T17:35:00Z,4.426836551861437,1942,3229,0.5907484118778554,0.712593582122677,1.2298665549039518,Normal,0.13827685639049345,0.6479547467141037,0.3898796545718106,0.7841260399218316,0.7057965482162204,0.5057760112224263,0.33942583100684454,0.21090208967005447,0.6233075881226522,0.38802576710457937,0.2420628074752961,0.1749650474642,0.6267452116297734,0.2450268784015886,0.059340212614444034,2026-09-20T03:33:45Z
823329,672580,Maikel Garcia,KC,PIT,0,1,projected,Lake Bachar,PNC Park,2026-09-20T17:35:00Z,4.604683468942251,2151,672,0.5357389451864548,0.569543370609691,-0.8363968098712817,Normal,0.07439814618194611,0.645920321635874,0.31536021034028944,0.6016116411401338,0.6707871155445595,0.46808816329904257,0.3064798871452855,0.18563376175137655,0.6213697552683375,0.3640318103611816,0.201111401883499,0.12184782090859804,0.6247959098145859,0.24498228974131728,0.06045577562051056,2026-09-20T03:33:45Z
823329,687462,Spencer Horwitz,PIT,KC,1,2,projected,Michael Wacha,PNC Park,2026-09-20T17:35:00Z,4.320015293442936,1265,3229,0.49426844095977523,0.7116837181441372,-0.3979322906092934,Normal,0.09272762124247169,0.6458813759649636,0.3975382248845315,0.509202288545154,0.6766477247162855,0.47275064069840667,0.30931348969289646,0.18687532844283583,0.6214337100505866,0.36433644481266175,0.20068267070351317,0.12919326307553372,0.6248419641421433,0.24220854109257853,0.05756018751564442,2026-09-20T03:33:45Z
823329,668942,Josh Rojas,KC,PIT,0,2,projected,Lake Bachar,PNC Park,2026-09-20T17:35:00Z,4.513137557959815,1655,672,0.4897063432214783,0.5614428067875051,1.2203552246621563,Normal,0.0793420316293348,0.5986907526268432,0.4014738287533658,0.6584947820317797,0.6404417858043386,0.4357835813350683,0.2782682188482921,0.1639006834814904,0.5777967656578565,0.3228779368597772,0.1712612601350974,0.10923533719889834,0.580706273481237,0.20400865540931531,0.04399641071825318,2026-09-20T03:33:45Z
823329,668804,Bryan Reynolds,PIT,KC,1,3,projected,Michael Wacha,PNC Park,2026-09-20T17:35:00Z,4.222100054975261,3272,3229,0.4493211667465319,0.7071452131061118,0.05281110460131613,Normal,0.09931551597570623,0.6460052732555291,0.3735621205828037,0.5960612925462804,0.6715060267551789,0.4664271760957885,0.3032134359725302,0.18177713939165668,0.6216003198714847,0.3729864056096594,0.21372591662578588,0.1401243153362405,0.6250012080846644,0.24106238792810328,0.05635208653470644,2026-09-20T03:33:45Z
823329,677951,Bobby Witt Jr.,KC,PIT,0,3,projected,Lake Bachar,PNC Park,2026-09-20T17:35:00Z,4.400406879970409,3320,672,0.5051415122811014,0.5309931864262831,-1.5510120630754891,Normal,0.12401461231350973,0.655182981452127,0.3173046763051256,0.625895988563239,0.6937234320015865,0.492313510434707,0.32733155418112586,0.20139713773424914,0.6299413659909523,0.39668542790936206,0.24594364325382367,0.17053647599324087,0.6334634485268972,0.2519403062718105,0.062408006917084424,2026-09-20T03:33:45Z
823329,664040,Brandon Lowe,PIT,KC,1,4,projected,Michael Wacha,PNC Park,2026-09-20T17:35:00Z,4.139847139020863,2305,3229,0.47941854932272243,0.701835404343279,1.2988537706905878,Normal,0.1575863060675766,0.6319503572497471,0.3313252849369836,0.714779909162287,0.6910948494250031,0.4871775344664033,0.32102460031456787,0.19515899986607554,0.6087029036276025,0.37743491981368044,0.24033065107905768,0.18374514464407926,0.6119397292252167,0.22774577477403385,0.05057177725755183,2026-09-20T03:33:45Z
823329,686469,Vinnie Pasquantino,KC,PIT,0,4,projected,Lake Bachar,PNC Park,2026-09-20T17:35:00Z,4.319891914362919,2244,672,0.4236821671313479,0.5144709491561313,-0.5654103092091205,Normal,0.12519801346841528,0.6200970085709948,0.41687368194136926,0.5178297975855365,0.6647130755669911,0.4599946345411619,0.29823947524282407,0.1784410840134966,0.5976734419456786,0.3595919975291867,0.21396625834632796,0.15411460009486488,0.600796705746336,0.21991554695526278,0.04898292381762246,2026-09-20T03:33:45Z
823329,656811,Ryan O'Hearn,PIT,KC,1,5,projected,Michael Wacha,PNC Park,2026-09-20T17:35:00Z,4.019521717911176,1972,3229,0.4609188294679789,0.6955884591265684,-0.588325434387138,Normal,0.11000536992237411,0.6453189933543354,0.31082116277759914,0.5464516543244262,0.6802103564057536,0.4748180256769871,0.30977068130727575,0.18620767267726027,0.6210303271913802,0.36289775698528604,0.20827880767107995,0.14179197769030183,0.6244128191170811,0.23879146839684734,0.05436442670388338,2026-09-20T03:33:45Z
823329,521692,Salvador Perez,KC,PIT,0,5,projected,Lake Bachar,PNC Park,2026-09-20T17:35:00Z,4.190453686200378,2945,672,0.34525450490784243,0.49566057065105135,0.02820093164574185,Normal,0.1235268384309451,0.5973495296116768,0.24116395691931225,0.6271428294237329,0.6418837639989127,0.4357744802316078,0.2772058811631547,0.16234873062897695,0.5766693616413295,0.33684195127248245,0.1979879723128655,0.1457458331999079,0.5795468941302669,0.20067106318957958,0.04157364884310651,2026-09-20T03:33:45Z
823329,693304,Nick Gonzales,PIT,KC,1,6,projected,Michael Wacha,PNC Park,2026-09-20T17:35:00Z,3.8890302876049887,1507,3229,0.40546315668839145,0.6895152028365011,0.2751928645762362,Normal,0.05922146551694997,0.6537055173438059,0.2720118344623132,0.46913075997383297,0.6522479440132349,0.4447330450977679,0.28352982006756233,0.16614150957724752,0.6287606653724355,0.3528773818228609,0.18072712269989782,0.10115105928128135,0.6322345738740066,0.24559907000164966,0.05654028240994653,2026-09-20T03:33:45Z
823329,686681,Michael Massey,KC,PIT,0,6,projected,Lake Bachar,PNC Park,2026-09-20T17:35:00Z,4.056710289966641,1710,672,0.39506114627497263,0.48532982297208926,0.6951873505694827,Normal,0.09842327524769988,0.6133990792216049,0.2745494570685231,0.5436959032651062,0.6435873615530174,0.43735538935868723,0.2784035870760143,0.1631303055312192,0.5915279597137152,0.33862192645371453,0.18953797128809236,0.12771811211298023,0.5945723065123916,0.213303133839744,0.04585893187991643,2026-09-20T03:33:45Z
823329,663968,Jake Mangum,PIT,KC,1,7,projected,Michael Wacha,PNC Park,2026-09-20T17:35:00Z,3.7439381827871037,883,3229,0.37903357044124386,0.6837116858537933,-1.0005227304205317,Normal,0.05842346922655295,0.6392083535278921,0.2488485166845376,0.4826752760475364,0.6316107910174867,0.42328048677920677,0.2653189499646524,0.15255557900450104,0.6154819090995685,0.3313941718086186,0.1642339825971163,0.0921835273064701,0.6187838351109864,0.23184800437588846,0.0508161537935056,2026-09-20T03:33:45Z
823329,679845,Nick Loftin,KC,PIT,0,7,projected,Lake Bachar,PNC Park,2026-09-20T17:35:00Z,3.9121475054229937,836,672,0.3678893901486167,0.48534254494354395,-1.2959772605614654,Normal,0.06800742469894219,0.5370934278816579,0.34932912295983004,0.5860204911217799,0.5789226419770097,0.37422236994559693,0.22692825607492342,0.12592005279719698,0.52064666570329,0.2862677799324779,0.14796013859603388,0.09369867709472002,0.522931139617124,0.15608768224057554,0.027005895898122287,2026-09-20T03:33:45Z
823329,669707,Jared Triolo,PIT,KC,1,8,projected,Michael Wacha,PNC Park,2026-09-20T17:35:00Z,3.5835015863859243,1385,3229,0.36030889629471746,0.6737726695479258,-0.5016192510473615,Normal,0.06032016666758503,0.5670503844121596,0.2800318789591434,0.5097927415305885,0.5891140146432188,0.38144450132272495,0.23117034537137446,0.12793115702896252,0.5488088207042259,0.2787044785299661,0.13553863257547635,0.08185357288613263,0.5513420975800378,0.1733455091728671,0.03052220328246681,2026-09-20T03:33:45Z
823329,686555,Isaac Collins,KC,PIT,0,8,projected,Lake Bachar,PNC Park,2026-09-20T17:35:00Z,3.7734994337485843,959,672,0.3999954924335703,0.4856465079013175,-0.7394414246535674,Normal,0.062109480301159904,0.5201687096318662,0.41749032622370297,0.6386193313902954,0.5777332645696714,0.37265972502048,0.22544083466825973,0.12471908461375159,0.504851193180203,0.2679468945900378,0.13561672340276784,0.08484775577939746,0.5069779097100628,0.14447974714937148,0.02358444397608155,2026-09-20T03:33:45Z
823329,680779,Henry Davis,PIT,KC,1,9,projected,Michael Wacha,PNC Park,2026-09-20T17:35:00Z,3.4076134699853586,951,3229,0.35686135614608444,0.6745060709626166,0.3706604594395999,Normal,0.07863865927358768,0.4815496317074236,0.28376352849449465,0.5525368347029556,0.5574771756556456,0.35192452557301457,0.20801372879253624,0.11181413171139919,0.46878915814447747,0.23774189118587763,0.12458254878276137,0.09014192807963976,0.4705587266336893,0.11824341623451531,0.015915831885625682,2026-09-20T03:33:45Z
823329,664728,Kyle Isbel,KC,PIT,0,9,projected,Lake Bachar,PNC Park,2026-09-20T17:35:00Z,3.6080709263222257,1730,672,0.41754995582744936,0.477365709330515,-1.115281214867864,Normal,0.06369449381567266,0.5276922499472652,0.27373592545842756,0.5709306320819679,0.5895777979395643,0.38301587019581407,0.23319004211930636,0.12988985437356254,0.511958728465138,0.2687231157632671,0.14262997470175287,0.0886578187370869,0.5141432010680683,0.1484938359823815,0.024406384761259396,2026-09-20T03:33:45Z
823570,543760,Marcus Semien,NYM,PHI,1,1,projected,Cristopher Sánchez,Citi Field,2026-09-20T17:10:00Z,4.426836551861437,3247,2939,0.5933360699127855,0.7230633791577188,1.4865928009123723,Normal,0.11425127120167558,0.6749256544368597,0.31418785636674884,0.5464862745198588,0.7144584693413918,0.5157638872039136,0.34863075748669065,0.21830307195164728,0.6480676039015982,0.39468265983433587,0.23322965990826694,0.15690794000162564,0.6518184127033739,0.2703655430088752,0.07023109106994863,2026-09-20T03:33:45Z
823570,656941,Kyle Schwarber,PHI,NYM,0,1,projected,Jonah Tong,Citi Field,2026-09-20T17:10:00Z,4.604683468942251,3469,178,0.7177977419518181,0.6142074268353139,-0.3260191114166977,Normal,0.2729698725857623,0.6237882592746837,0.5304735028643376,0.8149824102917206,0.7432491093376862,0.5513750576241517,0.38339641008217995,0.24777606282741813,0.6009679083410756,0.41873224669993653,0.32002008034202156,0.2844421951174093,0.6041495284663125,0.2255257154814629,0.052554521371613774,2026-09-20T03:33:45Z
823570,596019,Francisco Lindor,NYM,PHI,1,2,projected,Cristopher Sánchez,Citi Field,2026-09-20T17:10:00Z,4.320015293442936,3244,2939,0.6207292536954205,0.7210794905142772,-1.0860703396326186,Normal,0.1613360238620451,0.6818339596270723,0.35020253174165233,0.6020271032331305,0.7349941233095899,0.5395228004840253,0.3704443489766999,0.23570065141300914,0.6544183224512188,0.4203957443150345,0.26922372815359197,0.1992840663925374,0.658246692770664,0.2761356044594239,0.07208044380711992,2026-09-20T03:33:45Z
823570,650333,Luis Arraez,PHI,NYM,0,2,projected,Jonah Tong,Citi Field,2026-09-20T17:10:00Z,4.513137557959815,3201,178,0.5254815157850483,0.6101946366450861,-0.3757923911086756,Normal,0.07298156384005115,0.7537681053202681,0.2874342083129966,0.36184517990244736,0.7297336764907784,0.5343550828655793,0.3665513057301658,0.23332661806813068,0.7199722206079645,0.4484192548815925,0.2521710352565299,0.1445467973943919,0.724720749684805,0.3571668168007489,0.11539059996435613,2026-09-20T03:33:45Z
823570,665742,Juan Soto,NYM,PHI,1,3,projected,Cristopher Sánchez,Citi Field,2026-09-20T17:10:00Z,4.222100054975261,3244,2939,0.491354002401168,0.7165717646309451,-0.22699659260456,Normal,0.13839431279744047,0.6035815273000128,0.45334763938732764,0.6046161936938245,0.6905957221386867,0.4872478900298892,0.3215737761456553,0.1959587981998646,0.5824631476842783,0.348075102528528,0.215087917516632,0.16206250156672455,0.5854017873109283,0.2051564697362465,0.042890372670494274,2026-09-20T03:33:45Z
823570,607208,Trea Turner,PHI,NYM,0,3,projected,Jonah Tong,Citi Field,2026-09-20T17:10:00Z,4.400406879970409,3240,178,0.54109688821205,0.5934775880159575,0.17401292336690138,Normal,0.11040889169552913,0.6830474024962004,0.30014455491885433,0.6625203532299272,0.7169475914089418,0.5188625139268769,0.3516599649047525,0.2208714392973145,0.6554964698838923,0.4016765560061945,0.2368000032076112,0.156852483438334,0.6593462266647694,0.2786864154342482,0.07421108283412169,2026-09-20T03:33:45Z
823570,666182,Bo Bichette,NYM,PHI,1,4,projected,Cristopher Sánchez,Citi Field,2026-09-20T17:10:00Z,4.139847139020863,2920,2939,0.4530779766595109,0.7114289772117093,-0.03991753655105754,Normal,0.10444998072072781,0.7132306489027838,0.25082467721559476,0.5587938322350208,0.7134134171836313,0.512478298409772,0.3439218167186173,0.2132093028121943,0.6831371350522792,0.42595094599583544,0.24593062360422654,0.15645323024854738,0.6873421828703977,0.30596802012803836,0.08420064411967781,2026-09-20T03:33:45Z
823570,650559,Bryan De La Cruz,PHI,NYM,0,4,projected,Jonah Tong,Citi Field,2026-09-20T17:10:00Z,4.319891914362919,1727,178,0.4074015379103702,0.5797326987090264,0.6663154036265176,Normal,0.10999431081611376,0.6480527419722601,0.2660964170197971,0.7807612679278787,0.6748729168747726,0.47086678194153075,0.30771863836854035,0.18570573119193223,0.6234342763606535,0.3716107521243045,0.21169725388776064,0.1435698850320201,0.6268669721411155,0.24425798154960018,0.05852524709364157,2026-09-20T03:33:45Z
823570,666624,Christopher Morel,NYM,PHI,1,5,projected,Cristopher Sánchez,Citi Field,2026-09-20T17:10:00Z,4.019521717911176,1870,2939,0.41863902719995766,0.7064723777589679,-0.075026669900161,Normal,0.11542174359122397,0.6101658144710601,0.29113999591133316,0.7971634554459964,0.6583290155833106,0.4514852963825199,0.2895832499120392,0.17089743336070995,0.588624981506598,0.34787656738103584,0.20667318822582248,0.14562090818411655,0.5916214843739747,0.20894357511000922,0.04333621895182249,2026-09-20T03:33:45Z
823570,547180,Bryce Harper,PHI,NYM,0,5,projected,Jonah Tong,Citi Field,2026-09-20T17:10:00Z,4.190453686200378,2840,178,0.5611778670463974,0.5632382446287331,-0.2106522001274964,Normal,0.14104861434815053,0.6562670802625055,0.49903442892441324,0.6614986398406955,0.7141638271616132,0.5143215360635182,0.34641220088123675,0.21582616540045255,0.6310109643522939,0.404409860477111,0.24731713430534133,0.17869609987563487,0.6345325914751149,0.2509075760907105,0.060685234599679796,2026-09-20T03:33:45Z
823570,668901,Mark Vientos,NYM,PHI,1,6,projected,Cristopher Sánchez,Citi Field,2026-09-20T17:10:00Z,3.8890302876049887,1468,2939,0.41164909776304726,0.7023387146055206,0.37585394030040786,Normal,0.14560765873849565,0.6255715917637966,0.23586980729922474,0.6859614050374025,0.6703749112047831,0.463777126690645,0.29981313578133434,0.1783564438228292,0.6028779307932781,0.36629417535474135,0.22683642948715083,0.17066352764017953,0.6060354553499723,0.2209787963550214,0.04720806319560234,2026-09-20T03:33:45Z
823570,664761,Alec Bohm,PHI,NYM,0,6,projected,Jonah Tong,Citi Field,2026-09-20T17:10:00Z,4.056710289966641,2948,178,0.4310545649543847,0.5508496010925716,1.5657877946230931,Normal,0.08772256716081875,0.651372085201756,0.30466854528093634,0.5273117417260753,0.6710370465238452,0.46607619445132603,0.3029987147798039,0.1816653904702532,0.6265185911551376,0.36438417696178793,0.19952297608576677,0.1257873279746817,0.6299827864520603,0.24613340718002671,0.058478760388600726,2026-09-20T03:33:45Z
823570,683146,Brett Baty,NYM,PHI,1,7,projected,Cristopher Sánchez,Citi Field,2026-09-20T17:10:00Z,3.7439381827871037,1486,2939,0.34608536364841247,0.6986458292975446,1.141304533584402,Normal,0.07466814438395503,0.5522328516399646,0.2350738138676854,0.7474256217023607,0.6027672507896668,0.39520400125963767,0.2425975909264725,0.13629907184640566,0.5349088225920904,0.27548682649969763,0.14199966570155148,0.0935363387438987,0.5373146821459788,0.1643869029298214,0.028506203960473018,2026-09-20T03:33:45Z
823570,592663,J.T. Realmuto,PHI,NYM,0,7,projected,Jonah Tong,Citi Field,2026-09-20T17:10:00Z,3.9121475054229937,2503,178,0.4376777863743458,0.5452505468212807,-0.3996911577714445,Normal,0.09919408097088923,0.5992942480242593,0.30728460002740554,0.657700087542641,0.6511977201102331,0.44465040780216053,0.28421175221227674,0.1672075846386131,0.5785235311076029,0.3334390639369947,0.1890259413445292,0.12855697452126363,0.5814128664258172,0.2011639408671447,0.04117511072576498,2026-09-20T03:33:45Z
823570,682626,Francisco Alvarez,NYM,PHI,1,8,projected,Cristopher Sánchez,Citi Field,2026-09-20T17:10:00Z,3.5835015863859243,1451,2939,0.404613953223514,0.6896418048353243,-2.322085850246968,Cold,0.12151211937389607,0.5802216618933339,0.2955488721263161,0.7247069758408926,0.6434852251513027,0.43416257609321873,0.27362066396769,0.15812920417503326,0.561053944767939,0.3206594241919077,0.18964869823398264,0.1410059850427684,0.5637165134841565,0.18287774096167703,0.033375032471381155,2026-09-20T03:33:45Z
823570,681082,Bryson Stott,PHI,NYM,0,8,projected,Jonah Tong,Citi Field,2026-09-20T17:10:00Z,3.7734994337485843,2812,178,0.4572041603365824,0.539805549677709,-0.1596627491059227,Normal,0.07710389714599042,0.5975256719496203,0.3427218644055809,0.5158467966340768,0.6451056485987988,0.43779752697044794,0.27806410907474727,0.16240034374136905,0.5769387560431133,0.31748182896839006,0.16959321851356404,0.10708775462339346,0.5798019028107682,0.1989434364198271,0.04007794720052596,2026-09-20T03:33:45Z
823570,620443,Luis Torrens,NYM,PHI,1,9,projected,Cristopher Sánchez,Citi Field,2026-09-20T17:10:00Z,3.4076134699853586,877,2939,0.394324417962569,0.6906435833284843,0.07231074828940327,Normal,0.08453235094533743,0.5748591916656651,0.2303174946567332,0.5492128576419285,0.6147958576025996,0.40470338481121865,0.24889742601817363,0.13990102673182853,0.5561743632903596,0.3055518695342459,0.16122004812523674,0.10718676264653952,0.5587688022166184,0.1773956189604924,0.031033804681926087,2026-09-20T03:33:45Z
823570,669016,Brandon Marsh,PHI,NYM,0,9,projected,Jonah Tong,Citi Field,2026-09-20T17:10:00Z,3.6080709263222257,2379,178,0.4479255511960693,0.535452486311102,-0.9868154014280018,Normal,0.08743109763282265,0.5918877989349551,0.27052011967696843,0.6633974999705842,0.6419395909309463,0.43386870193974314,0.27433983190814476,0.15936854398083464,0.5717780661751788,0.3197134834510999,0.17776524225399493,0.11690375435640818,0.5745738739856734,0.19358298193158816,0.03788257007741716,2026-09-20T03:33:45Z
823896,605141,Mookie Betts,LAD,SF,1,1,projected,TBD,UNIQLO Field at Dodger Stadium,2026-09-20T20:10:00Z,4.426836551861437,3004,0,0.6775538402103968,0.586004877667603,1.709206086454807,Normal,0.1755122895051035,0.694491127058546,0.36345526029502484,0.4519004116420108,0.7425907257046471,0.5493883501148437,0.380449272428439,0.2444642367331016,0.6659724741003278,0.4391029992302382,0.28746856164171286,0.21593725227861027,0.6699595145649144,0.2899353349533677,0.07924850300554982,2026-09-20T03:33:45Z
823896,808982,Jung Hoo Lee,SF,LAD,0,1,projected,TBD,UNIQLO Field at Dodger Stadium,2026-09-20T20:10:00Z,4.604683468942251,1347,0,0.5930878078559536,0.586004877667603,-1.3729563267903908,Normal,0.09603922528691403,0.7124397504235856,0.30194630372418624,0.43834661442072514,0.7108218841936578,0.5127000347508136,0.3467264216903588,0.21749488392602495,0.6823305074860476,0.43135853776217536,0.258891637988548,0.16367172284594922,0.6865488546691565,0.3109018664384742,0.09111176457528257,2026-09-20T03:33:45Z
823896,669242,Tommy Edman,LAD,SF,1,2,projected,TBD,UNIQLO Field at Dodger Stadium,2026-09-20T20:10:00Z,4.320015293442936,1991,0,0.5466912454037112,0.586004877667603,-1.4594222282371128,Normal,0.0993020862380334,0.6497920999334453,0.330124548483268,0.5772985364287774,0.6850380829736324,0.4819100486599194,0.31741231804717773,0.1931545120980076,0.6250298238365217,0.3711314577947359,0.21371717315542946,0.14009396758884632,0.6284824999720293,0.24574157144998854,0.05899927960273689,2026-09-20T03:33:45Z
823896,805811,Bryce Eldridge,SF,LAD,0,2,projected,TBD,UNIQLO Field at Dodger Stadium,2026-09-20T20:10:00Z,4.513137557959815,485,0,0.572064927177913,0.586004877667603,0.697581859757264,Normal,0.1498752875888642,0.6787008481422424,0.46732165864530156,0.7295353813275077,0.7106744441055683,0.5119393031713502,0.3455553445516754,0.21618999513840934,0.6515033970747098,0.4171998687421589,0.26085695762989675,0.18936171651076486,0.6553039676289896,0.2750140959653715,0.07301388603109471,2026-09-20T03:33:45Z
823896,663656,Kyle Tucker,LAD,SF,1,3,projected,TBD,UNIQLO Field at Dodger Stadium,2026-09-20T20:10:00Z,4.222100054975261,2816,0,0.5727652566261495,0.586004877667603,1.8468245847556135,Normal,0.16559340199055417,0.6523935236901561,0.44047875821726334,0.4762408246558296,0.7125700132522956,0.5121437077795338,0.3441366242112422,0.21379206361759243,0.6274720518662836,0.40150269448700254,0.26069014693246245,0.19802635130132892,0.6309457948139885,0.2468340922760047,0.05867587223197845,2026-09-20T03:33:45Z
823896,678545,Osleivis Basabe,SF,LAD,0,3,projected,TBD,UNIQLO Field at Dodger Stadium,2026-09-20T20:10:00Z,4.400406879970409,226,0,0.452482451709223,0.586004877667603,-1.43869169059744,Normal,0.11133554995095346,0.6373652113239937,0.29518571329047943,0.6557717767963476,0.6683602294536692,0.4645830829895861,0.30272879826144855,0.18223488829359422,0.6135483642731342,0.36460465596232916,0.21178149120347892,0.1452802293916277,0.6168690401750337,0.23585713930651395,0.05578110984620554,2026-09-20T03:33:45Z
823896,518692,Freddie Freeman,LAD,SF,1,4,projected,TBD,UNIQLO Field at Dodger Stadium,2026-09-20T20:10:00Z,4.139847139020863,3331,0,0.5253654061633025,0.586004877667603,-0.9674455465777382,Normal,0.12294543225934289,0.7069539738987517,0.382531740105468,0.5184909929332806,0.7232906428450319,0.52402792670654,0.3546096915055625,0.22179229363760714,0.6774201738505689,0.43822450526290607,0.26267746862184443,0.1759269655471736,0.6815455644286789,0.2992873822240564,0.08099922790209907,2026-09-20T03:33:45Z
823896,687551,Drew Gilbert,SF,LAD,0,4,projected,TBD,UNIQLO Field at Dodger Stadium,2026-09-20T20:10:00Z,4.319891914362919,487,0,0.48294613964080785,0.586004877667603,-0.7344193871295096,Normal,0.12519382890338598,0.6356794435678786,0.39007919012506115,0.5694904955776778,0.6726075887276717,0.4684257001973031,0.30557967890576687,0.18405954008509456,0.6120454717478764,0.3730492302027698,0.2273005519538186,0.1609141771320039,0.615339239907782,0.2332582398718163,0.054115132875382506,2026-09-20T03:33:45Z
823896,606192,Teoscar Hernández,LAD,SF,1,5,projected,TBD,UNIQLO Field at Dodger Stadium,2026-09-20T20:10:00Z,4.019521717911176,2871,0,0.46218773532816343,0.586004877667603,1.2360939872878574,Normal,0.13497091373083586,0.6518159184348848,0.28826331390884347,0.705395201362771,0.6911205080820597,0.486802022784346,0.32035998259958326,0.19438156738701295,0.6270000614103772,0.3884590803995662,0.23531830366853818,0.16873360459990788,0.6304567734719074,0.244626358464062,0.05665767781880922,2026-09-20T03:33:45Z
823896,687529,Grant McCray,SF,LAD,0,5,projected,TBD,UNIQLO Field at Dodger Stadium,2026-09-20T20:10:00Z,4.190453686200378,241,0,0.43485829541834803,0.586004877667603,-0.42225665605413804,Normal,0.12006300235782874,0.6053208668691226,0.30333127057139464,0.850075244966427,0.64839400084374,0.44244505568227394,0.28283556142251265,0.16654079487020923,0.584049756295247,0.3461969469268975,0.21144852707430925,0.15094105438498248,0.5870102330990296,0.20701029805256735,0.04380098149325345,2026-09-20T03:33:45Z
823896,669257,Will Smith,LAD,SF,1,6,projected,TBD,UNIQLO Field at Dodger Stadium,2026-09-20T20:10:00Z,3.8890302876049887,2366,0,0.4945806199096983,0.586004877667603,-0.03480593936496715,Normal,0.12173941817487051,0.6164497945968985,0.4193104805556023,0.5150907629004866,0.6680375920340305,0.4612870511335525,0.297662974326835,0.17673014616068644,0.5944613679949742,0.3505456730098722,0.20754957134565988,0.14880691492056763,0.5975199638390766,0.2133920834215329,0.04449268913359478,2026-09-20T03:33:45Z
823896,695391,Brett Harris,SF,LAD,0,6,projected,TBD,UNIQLO Field at Dodger Stadium,2026-09-20T20:10:00Z,4.056710289966641,233,0,0.42737973476904584,0.586004877667603,-0.3519495444384932,Normal,0.07978966917043907,0.590183602429412,0.37976985151265263,0.6455744050474973,0.6231985967254983,0.4168737705499626,0.26136865097640527,0.15060858699300994,0.5700366122607636,0.3181426932367702,0.16907041025094027,0.10851797951016137,0.5728390263887485,0.1948278290881509,0.03938463079130889,2026-09-20T03:33:45Z
823896,571970,Max Muncy,LAD,SF,1,7,projected,TBD,UNIQLO Field at Dodger Stadium,2026-09-20T20:10:00Z,3.7439381827871037,2359,0,0.5528570766125993,0.586004877667603,-0.7979598855909079,Normal,0.19340602794039144,0.5734198998425576,0.45458590901445173,0.6197997672796023,0.6713015537582182,0.4642219941090811,0.2998402925190709,0.17813232126483222,0.5546387616159761,0.35862097969940454,0.24652106028886198,0.20789592205736693,0.557248070207039,0.17936900912516493,0.032956425855077,2026-09-20T03:33:45Z
823896,694376,Shay Whitcomb,SF,LAD,0,7,projected,TBD,UNIQLO Field at Dodger Stadium,2026-09-20T20:10:00Z,3.9121475054229937,179,0,0.36467456389803765,0.586004877667603,-0.023611548924913642,Normal,0.10189114226311692,0.5855670904728763,0.2197993216319026,0.6825935067563069,0.6164744659553285,0.40978293083635,0.2552526019648964,0.14596350679664394,0.565798077373616,0.3212484714983639,0.18161314346736074,0.1266014890688363,0.5685470475910864,0.19054619100220568,0.037599401448255916,2026-09-20T03:33:45Z
823896,500743,Miguel Rojas,LAD,SF,1,8,projected,TBD,UNIQLO Field at Dodger Stadium,2026-09-20T20:10:00Z,3.5835015863859243,1822,0,0.3772744148703019,0.586004877667603,-0.4681778750248214,Normal,0.06984982203150143,0.600546996463572,0.2407760066130056,0.39236350809720244,0.6100794673575489,0.4012187032305558,0.24678246638887635,0.13884969755783405,0.5798990848782329,0.31535897485178166,0.15916315127970654,0.09716870564559138,0.5827684986736525,0.19828365905843506,0.038227700992416104,2026-09-20T03:33:45Z
823896,668800,Andrew Knizner,SF,LAD,0,8,projected,TBD,UNIQLO Field at Dodger Stadium,2026-09-20T20:10:00Z,3.7734994337485843,775,0,0.3949791707639774,0.586004877667603,0.653457467858989,Normal,0.08606457833531317,0.5721960578499047,0.2672603698686536,0.5680410755188652,0.6077050344153715,0.4007666213434718,0.24764921646059623,0.14031525283321056,0.5534290219620968,0.2981879381558548,0.15999830346393487,0.10780187491891831,0.5560374147359536,0.17981816880656368,0.03384963128508922,2026-09-20T03:33:45Z
823896,571771,Enrique Hernández,LAD,SF,1,9,projected,TBD,UNIQLO Field at Dodger Stadium,2026-09-20T20:10:00Z,3.4076134699853586,1643,0,0.4076490468078407,0.586004877667603,-1.2119681406608749,Normal,0.08834522250210956,0.5433361165117634,0.2278204123537605,0.5796543107784048,0.5974503230125081,0.3882243784445342,0.2358553304433185,0.13077634440401917,0.526796981156347,0.2850873033607716,0.15071089877378932,0.10549142360585183,0.5290923250631475,0.15563707391195025,0.024969841865457518,2026-09-20T03:33:45Z
823896,683766,Christian Koss,SF,LAD,0,9,projected,TBD,UNIQLO Field at Dodger Stadium,2026-09-20T20:10:00Z,3.6080709263222257,384,0,0.42266233961226607,0.586004877667603,0.4397355931623137,Normal,0.07798230084619362,0.587167115805623,0.21860159691653874,0.6243892034978353,0.621444872195699,0.4134459144777705,0.257515478198511,0.14713215416503891,0.567399515479477,0.3043834338310434,0.1585539242164817,0.10204789406665397,0.57014743996314,0.189989374818853,0.03671308413432705,2026-09-20T03:33:45Z
823975,687263,Zach Neto,LAA,MIN,1,1,projected,Dean Kremer,Angel Stadium,2026-09-20T20:07:00Z,4.426836551861437,2151,2827,0.570939298867697,0.6438371838003392,0.6397049334329734,Normal,0.12661524224095283,0.6571264960503539,0.3336783832432141,0.7486665311034129,0.7033266494228639,0.5029578783165336,0.33684849027107855,0.208843254616369,0.6317379570320611,0.3996168585323909,0.24110057533305146,0.1685077307108604,0.635280447205827,0.2534383379521156,0.06285833859941602,2026-09-20T03:33:45Z
823975,665019,Kody Clemens,MIN,LAA,0,1,projected,Ryan Johnson,Angel Stadium,2026-09-20T20:07:00Z,4.604683468942251,1338,460,0.6737578687960833,0.6183832358706259,0.0833535323722191,Normal,0.21471765616647895,0.6567350650111132,0.3715255076150557,0.6463960516433078,0.723678741313425,0.5277428201540383,0.36078647609044445,0.22896386087985718,0.6313164333462796,0.42929390070866974,0.3047267880213842,0.24629500107878197,0.6348656101493374,0.2549152206467681,0.06468846600810141,2026-09-20T03:33:45Z
823975,545361,Mike Trout,LAA,MIN,1,2,projected,Dean Kremer,Angel Stadium,2026-09-20T20:07:00Z,4.320015293442936,2143,2827,0.5498626691059623,0.6428465045849018,-0.5854066338381623,Normal,0.14330872381922147,0.6309880170727713,0.4428257637944032,0.7303264981690205,0.7005206669308139,0.49918454200845336,0.3329292807670657,0.20534658332846073,0.6077196513003374,0.37483943715565127,0.23282664786179288,0.17283628035648127,0.6109616007485541,0.22908861385016918,0.05236294367855179,2026-09-20T03:33:45Z
823975,807712,Luke Keaschall,MIN,LAA,0,2,projected,Ryan Johnson,Angel Stadium,2026-09-20T20:07:00Z,4.513137557959815,796,460,0.5713917750662382,0.6147055737521141,1.6642364121085187,Normal,0.08781109969329466,0.6850229725575947,0.44172623780924286,0.5104088713153552,0.6985057971833515,0.4980469587351567,0.33282340605429056,0.20598839651936313,0.6572930440432201,0.3951078327374583,0.21969357210404725,0.1357037657654895,0.6611694139931583,0.2813007803812368,0.0759155220437128,2026-09-20T03:33:45Z
823975,518595,Travis d'Arnaud,LAA,MIN,1,3,projected,Dean Kremer,Angel Stadium,2026-09-20T20:07:00Z,4.222100054975261,1370,2827,0.430000908789456,0.6253244344440462,-1.3389843587517058,Normal,0.1059754550744469,0.6191501751720093,0.28008151184870117,0.7342375962810639,0.6582397227554003,0.4523705871992602,0.2910724113064351,0.17256235672420175,0.5968549097869705,0.3581312722590438,0.20255304795413082,0.1383944420050258,0.5999588313915668,0.2178583458121418,0.047457724693567134,2026-09-20T03:33:45Z
823975,605137,Josh Bell,MIN,LAA,0,3,projected,Ryan Johnson,Angel Stadium,2026-09-20T20:07:00Z,4.400406879970409,3001,460,0.4581441053229096,0.5991860601363327,-0.23662375958843632,Normal,0.12574757605028586,0.6491171458630824,0.35912193496109746,0.5835404033151054,0.6748770616688775,0.4715886832650582,0.30886810991201497,0.18696646720873153,0.6243652134937511,0.3768834622758545,0.22493242661604812,0.15890822806570215,0.6278180138530506,0.24637858907757865,0.06007668812016647,2026-09-20T03:33:45Z
823975,666139,Josh Lowe,LAA,MIN,1,4,projected,Dean Kremer,Angel Stadium,2026-09-20T20:07:00Z,4.139847139020863,1841,2827,0.47455764311453236,0.6122146239540983,-0.3762947680949348,Normal,0.12723911825990816,0.6339023872984524,0.32315626293343147,0.7203837001664608,0.6738071568867681,0.4682909402780914,0.30437965743761,0.18232595619340372,0.6105011568941751,0.3765240497771889,0.22677030216814217,0.1614112552926725,0.6137596080569377,0.22942892881562363,0.05120854843116901,2026-09-20T03:33:45Z
823975,668904,Royce Lewis,MIN,LAA,0,4,projected,Ryan Johnson,Angel Stadium,2026-09-20T20:07:00Z,4.319891914362919,1488,460,0.4341401167325372,0.5858403176408167,-1.2283112224934196,Normal,0.12868307461710105,0.6399063340792599,0.28313518887533445,0.6791968035354178,0.6787780093875002,0.4750980505851531,0.3114409180586468,0.1885801049538443,0.6159383559019598,0.37469251684909227,0.22324537120063204,0.15977765643982905,0.6192792318735151,0.2369748705826359,0.0555870704833869,2026-09-20T03:33:45Z
823975,624428,Adam Frazier,LAA,MIN,1,5,projected,Dean Kremer,Angel Stadium,2026-09-20T20:07:00Z,4.019521717911176,1956,2827,0.4367968483535692,0.5948931305839921,-1.7130064492159154,Normal,0.08110444438369553,0.6338930635891306,0.3062440631229947,0.5458417118874364,0.6516801910980036,0.4445723324758726,0.28370903062638536,0.1665097590136608,0.6105169807251878,0.34553576067491554,0.1861515588319514,0.11607993757712301,0.6137711273433366,0.2287760823962683,0.05053335436624027,2026-09-20T03:33:45Z
823975,605170,Victor Caratini,MIN,LAA,0,5,projected,Ryan Johnson,Angel Stadium,2026-09-20T20:07:00Z,4.190453686200378,1566,460,0.43443515514825753,0.56971372569335,-0.855726705487226,Normal,0.12267499713274206,0.6244889067738546,0.40735501198125706,0.5527988937182503,0.6598173801420228,0.45433068073027794,0.29297732760936956,0.1741638033556465,0.6017604842692336,0.3423697739448186,0.20063915021629275,0.14535780797616257,0.6049257863398954,0.22282362833473854,0.04958804947804063,2026-09-20T03:33:45Z
823975,687093,Vaughn Grissom,LAA,MIN,1,6,projected,Dean Kremer,Angel Stadium,2026-09-20T20:07:00Z,3.8890302876049887,786,2827,0.37425032284853577,0.582194954471367,-0.7220899596581732,Normal,0.07596859054526937,0.6044535661586201,0.2615616865538346,0.5675260720903204,0.6267815694326018,0.4189669846858417,0.2620780327586037,0.15040710112584904,0.5833741153182018,0.32104479026408284,0.166846653855826,0.10436388765931112,0.5863053203536412,0.20369703839845443,0.04113170551219454,2026-09-20T03:33:45Z
823975,680777,Ryan Jeffers,MIN,LAA,0,6,projected,Ryan Johnson,Angel Stadium,2026-09-20T20:07:00Z,4.056710289966641,1848,460,0.4467076444151953,0.557228281836814,-1.8056638278779646,Normal,0.11668501625573569,0.6122920983331199,0.38717652283788406,0.5770218602684494,0.6595773434187383,0.4539191576654268,0.2924856303065032,0.17367704685967741,0.5905049110686322,0.35603707199297613,0.20830060734766528,0.14719898349661942,0.5935374681612705,0.21239560286853698,0.04553040809327723,2026-09-20T03:33:45Z
823975,642350,Jose Siri,LAA,MIN,1,7,projected,Dean Kremer,Angel Stadium,2026-09-20T20:07:00Z,3.7439381827871037,1400,2827,0.4147420761830517,0.5767058878392526,0.26386480331763834,Normal,0.11006483933941429,0.5532899411618847,0.2277320469394608,0.8114798107943483,0.6280383542807699,0.4197302332679147,0.2624038011388499,0.15044399237422745,0.5358947679552034,0.3084823155143777,0.17949625334515507,0.1309987874333237,0.5383105553529713,0.1651137385701594,0.028715485925796858,2026-09-20T03:33:45Z
823975,686797,Brooks Lee,MIN,LAA,0,7,projected,Ryan Johnson,Angel Stadium,2026-09-20T20:07:00Z,3.9121475054229937,1308,460,0.37784754528732734,0.5510831257740443,0.09360985485485918,Normal,0.1159831722110027,0.609800310404602,0.24047266916261525,0.5037341843847215,0.6401183564606117,0.4333038478428563,0.27465617751516086,0.16011489836570764,0.588244800797796,0.3349146511543193,0.1968378311161107,0.14078140557663643,0.5912442209497573,0.2095616088714269,0.04410747766742247,2026-09-20T03:33:45Z
823975,672724,Oswald Peraza,LAA,MIN,1,8,projected,Dean Kremer,Angel Stadium,2026-09-20T20:07:00Z,3.5835015863859243,887,2827,0.3251364533680661,0.5745915865381445,-0.4868550004619999,Normal,0.06313417583039464,0.5361421923397656,0.2385872311826474,0.7109304383911061,0.5722881642384616,0.36604050307856084,0.2192613935447716,0.11975222849448705,0.5199728210092857,0.26345358250854894,0.13022034724968182,0.08206995189544229,0.5222171461571913,0.15230129991655622,0.02462833344864197,2026-09-20T03:33:45Z
823975,668885,Austin Martin,MIN,LAA,0,8,projected,Ryan Johnson,Angel Stadium,2026-09-20T20:07:00Z,3.7734994337485843,788,460,0.45240978223807743,0.5449351925740172,-0.7086660589273422,Normal,0.0583973533865858,0.581525951583691,0.4014879768891004,0.5422696603354209,0.6194815565339643,0.4121818720250895,0.256883108309615,0.14693247635809517,0.5620993197891989,0.30600385025778787,0.15109785993447167,0.08840616553294287,0.5647999897540483,0.1867094752962329,0.03603935769912731,2026-09-20T03:33:45Z
823975,623168,Tyler Heineman,LAA,MIN,1,9,projected,Dean Kremer,Angel Stadium,2026-09-20T20:07:00Z,3.4076134699853586,602,2827,0.39062667619845676,0.5735704603912607,-1.2212092941423016,Normal,0.06385825677737186,0.5404503139805341,0.2768170656733002,0.4052426928188781,0.5848119015132411,0.37650249218056747,0.2267324071420641,0.12448463197933164,0.5241001547822425,0.26639961524618094,0.1336882586627156,0.08391989481112426,0.5263691768067577,0.15373958731847207,0.024468693237144724,2026-09-20T03:33:45Z
823975,668952,Ryan Kreidler,MIN,LAA,0,9,projected,Ryan Johnson,Angel Stadium,2026-09-20T20:07:00Z,3.6080709263222257,462,460,0.3989739581507163,0.5409312223051251,-1.0418512837740745,Normal,0.0780827522259425,0.5205429098991061,0.26040382474363394,0.6558960330793143,0.5884103765456843,0.3819300199156308,0.23233817960608377,0.12929581603043686,0.5052600873128841,0.26166485491066027,0.14137024848806967,0.09627027368334903,0.5073817259924753,0.14395270248221476,0.0231935266514635,2026-09-20T03:33:45Z
824139,665161,Jeremy Peña,HOU,ATL,1,1,projected,Martín Pérez,Daikin Park,2026-09-20T18:10:00Z,4.426836551861437,2832,2822,0.64889323284651,0.6583497923047485,-0.5470700707345157,Normal,0.14091949155228722,0.70691503398457,0.3073965761040492,0.6276825586759355,0.7350870980643627,0.5402351961269006,0.37165831660635296,0.2371463200300462,0.6773184722884203,0.4287257884562177,0.2650050856852203,0.18574170072386775,0.6814593809325262,0.30291336952053577,0.08552493760575913,2026-09-20T03:33:45Z
824139,573262,Mike Yastrzemski,ATL,HOU,0,1,projected,Hunter Brown,Daikin Park,2026-09-20T18:10:00Z,4.604683468942251,2353,2592,0.6340151326183039,0.6384769415569497,-0.6104038781969064,Normal,0.1409187877716235,0.606065439117509,0.4532406384428634,0.7693956655650757,0.6883261382575135,0.48723525168387405,0.3234930631331127,0.19892709215837356,0.5845848580938281,0.3724542766406792,0.23405023671952088,0.17398552528542033,0.5875775821576842,0.21075192819415556,0.04689708231048746,2026-09-20T03:33:45Z
824139,514888,Jose Altuve,HOU,ATL,1,2,projected,Martín Pérez,Daikin Park,2026-09-20T18:10:00Z,4.320015293442936,2887,2822,0.580153825805881,0.658422481122523,-0.4468458847456735,Normal,0.13551087138316648,0.6927066170289267,0.35418558691746305,0.5155986151274811,0.7232399778160082,0.5254630932119901,0.357159879383746,0.22480963806568746,0.6643608962973436,0.41582943979328474,0.2519672425261014,0.17603142772627536,0.6683214538851008,0.2870631680841084,0.07709430420863413,2026-09-20T03:33:45Z
824139,660670,Ronald Acuña Jr.,ATL,HOU,0,2,projected,Hunter Brown,Daikin Park,2026-09-20T18:10:00Z,4.513137557959815,2347,2592,0.6300142833138545,0.6360870029272824,0.4971683040259718,Normal,0.15798072924838114,0.6880358615416542,0.40519303871186285,0.7249438067366875,0.7346331278640484,0.5402533698519344,0.37217113197543045,0.23797984556441615,0.6600505141756848,0.41607873055191336,0.26394444261600686,0.19431701013294633,0.6639632808076751,0.284334737068379,0.07733558975160164,2026-09-20T03:33:45Z
824139,670623,Isaac Paredes,HOU,ATL,1,3,projected,Martín Pérez,Daikin Park,2026-09-20T18:10:00Z,4.222100054975261,2654,2822,0.5142321703266765,0.6448844910265434,-0.7215599472710024,Normal,0.15596777560691744,0.6407586823584547,0.49818456372843023,0.43710540631451794,0.6959251888901118,0.4931917156597871,0.3268994821120664,0.20012782574967414,0.6167737490371468,0.38298318044050517,0.24054084618070906,0.18256521929325398,0.6201154392558829,0.23639602393870657,0.05450591440370496,2026-09-20T03:33:45Z
824139,645277,Ozzie Albies,ATL,HOU,0,3,projected,Hunter Brown,Daikin Park,2026-09-20T18:10:00Z,4.400406879970409,2684,2592,0.49894518065253796,0.6260454060063422,-1.1228000412753092,Normal,0.11713889157178851,0.6506310284342971,0.2969623914720578,0.5930242686071145,0.6910930093026518,0.4893782498911595,0.3246888625192314,0.19931319596161173,0.625757328822279,0.38085539303953425,0.22492346979618305,0.1548366518350759,0.6292273510909674,0.24775819969059903,0.06065106116085593,2026-09-20T03:33:45Z
824139,670541,Yordan Alvarez,HOU,ATL,1,4,projected,Martín Pérez,Daikin Park,2026-09-20T18:10:00Z,4.139847139020863,2545,2822,0.5148484848281729,0.6334297557658782,-0.3050186709455502,Normal,0.19212551254539706,0.6750578705500658,0.36878977401494095,0.529529574822167,0.7300451850443999,0.5320575512607884,0.362129560732571,0.2278914858053713,0.6482904556540402,0.42693066575564903,0.2842442411180478,0.22252332560233895,0.6520235755781468,0.2670686725390465,0.06643473963481832,2026-09-20T03:33:45Z
824139,663586,Austin Riley,ATL,HOU,0,4,projected,Hunter Brown,Daikin Park,2026-09-20T18:10:00Z,4.319891914362919,2926,2592,0.48227579492022715,0.6150296422124515,-1.0391991012723274,Normal,0.13686268662813347,0.6439360871112486,0.30635698019943713,0.8540387689610406,0.6970703004690444,0.4953212337936021,0.3294922470665233,0.20269261908987798,0.6196474440499863,0.3844322986331675,0.23569034793266752,0.17067833777244928,0.6230335710377869,0.24055766060974254,0.05702354009143894,2026-09-20T03:33:45Z
824139,572233,Christian Walker,HOU,ATL,1,5,projected,Martín Pérez,Daikin Park,2026-09-20T18:10:00Z,4.019521717911176,3120,2822,0.48432929159412363,0.6177204893050713,-1.9001989598060531,Normal,0.16017052667078058,0.6140741748863916,0.35156258570210275,0.5723296600081232,0.6860834172009531,0.48123917487130524,0.31542562398302143,0.19056051109396116,0.5922366200718777,0.36996513200920605,0.235490780893621,0.18332154414594617,0.5952747395231618,0.2121231921811676,0.04445546513960844,2026-09-20T03:33:45Z
824139,621566,Matt Olson,ATL,HOU,0,5,projected,Hunter Brown,Daikin Park,2026-09-20T18:10:00Z,4.190453686200378,3495,2592,0.5331242222723251,0.6013011046267365,0.431053264966389,Normal,0.2055127656765639,0.60714426167864,0.3801637602968651,0.7678268102617629,0.7004913773584229,0.498657501711304,0.33208816527266793,0.20441149053858385,0.5857367234280612,0.3920241506583712,0.26919462630127605,0.22471908814683125,0.5887163607959697,0.20847963895751082,0.044324794345220714,2026-09-20T03:33:45Z
824139,662139,Daulton Varsho,HOU,ATL,1,6,projected,Martín Pérez,Daikin Park,2026-09-20T18:10:00Z,3.8890302876049887,2480,2822,0.40373209438388236,0.6050188909395944,-1.7913218262174921,Normal,0.11236830127029154,0.5820043333301704,0.23727071913893985,0.5959967209421113,0.6414916407046318,0.4337139462745275,0.27427531089598184,0.15930342822124166,0.5625693768313241,0.33391196817550584,0.19921970360130054,0.14116117293100028,0.5652704221255834,0.18638476771826273,0.035432542896468716,2026-09-20T03:33:45Z
824139,669221,Sean Murphy,ATL,HOU,0,6,projected,Hunter Brown,Daikin Park,2026-09-20T18:10:00Z,4.056710289966641,1751,2592,0.4118805930762483,0.5889500053799397,-0.3775044183124572,Normal,0.12470860824948297,0.5704856657582441,0.35307755724927137,0.7953865466001139,0.6379418690437632,0.43161423611282274,0.27358678136023523,0.15956328767369174,0.5517419248496271,0.3303946503596201,0.19659336745281122,0.1470147514079963,0.5543477956410278,0.18003903226675733,0.034525030132157866,2026-09-20T03:33:45Z
824139,673237,Yainer Diaz,HOU,ATL,1,7,projected,Martín Pérez,Daikin Park,2026-09-20T18:10:00Z,3.7439381827871037,1897,2822,0.4338779893651569,0.5978171289298628,1.076156312808955,Normal,0.13123761667814546,0.6628310746156687,0.22232875523615617,0.4442309481234968,0.6873990898872799,0.4816675312053023,0.3150698044583797,0.18974799509450266,0.6371739022612074,0.3839381001340444,0.22885841622226508,0.16232253841390906,0.64074733986112,0.2531091414273863,0.05907236822133905,2026-09-20T03:33:45Z
824139,673490,Ha-Seong Kim,ATL,HOU,0,7,projected,Hunter Brown,Daikin Park,2026-09-20T18:10:00Z,3.9121475054229937,1997,2592,0.38254534872973295,0.5804997032895302,-1.7736544407280788,Normal,0.07756271158777446,0.5714821633060045,0.3314579764916647,0.649725499655843,0.6148381524153527,0.40818868225378674,0.2539569180293691,0.1450306139578036,0.5527130117921476,0.2937457311885738,0.15451201033013381,0.10062783543574595,0.5553220277748293,0.18005653325597795,0.03421106321134606,2026-09-20T03:33:45Z
824139,543877,Christian Vázquez,HOU,ATL,1,8,projected,Martín Pérez,Daikin Park,2026-09-20T18:10:00Z,3.5835015863859243,1572,2822,0.35838932243143196,0.5932113744656773,-2.1763685022413966,Cold,0.0855592806381881,0.5663483618999783,0.2576034659470276,0.4846780938256669,0.602964049195066,0.39443305758276404,0.24138359711157023,0.13504897233639868,0.5481554352563637,0.28943001152894443,0.15184744167301523,0.10351189773235298,0.5506819249900965,0.17284713520043596,0.03037619091047206,2026-09-20T03:33:45Z
824139,671739,Michael Harris II,ATL,HOU,0,8,projected,Hunter Brown,Daikin Park,2026-09-20T18:10:00Z,3.7734994337485843,2683,2592,0.46019749542425586,0.5706927829066926,0.710961941627536,Normal,0.13414904903401734,0.6273362743941451,0.2190502667893953,0.6513771893669443,0.6756422623017404,0.4698268460221673,0.3054688176044272,0.18300273314024482,0.6044894014757155,0.36368872262814356,0.2233525229892,0.16318716740716502,0.6076696361347964,0.22320500217519257,0.04866179507798479,2026-09-20T03:33:45Z
824139,669397,Nick Allen,HOU,ATL,1,9,projected,Martín Pérez,Daikin Park,2026-09-20T18:10:00Z,3.4076134699853586,1329,2822,0.36896880051174,0.5933044197563321,2.1621399988970547,Hot,0.0633649386205224,0.5507038288856911,0.2567210260582249,0.48036372396543403,0.5811311691767354,0.37313229375716306,0.22413294702744185,0.12270575048863915,0.5336765793025546,0.25931931244396905,0.1260826533777702,0.07974658053507401,0.5360399255469289,0.16055203923544578,0.026288586564043766,2026-09-20T03:33:45Z
824139,643289,Mauricio Dubón,ATL,HOU,0,9,projected,Hunter Brown,Daikin Park,2026-09-20T18:10:00Z,3.6080709263222257,2174,2592,0.43696347415290915,0.5679538335544573,1.4602142386110768,Normal,0.06692065161266848,0.6039172418443036,0.20717419741996748,0.4500485388148171,0.6346927733558809,0.426567264803179,0.2682781828285135,0.15493089653337133,0.5829210229721031,0.3175210354839529,0.16079540490061606,0.09663807811365949,0.585840978901977,0.20295205671654043,0.041009522085075446,2026-09-20T03:33:45Z
824300,678662,Ezequiel Tovar,COL,SEA,1,1,projected,Kade Anderson,Coors Field,2026-09-20T19:10:00Z,4.426836551861437,2218,107,0.6030815674993244,0.6523181920284989,0.7277757978037479,Normal,0.13959311342073719,0.692371983406215,0.2701784316900817,0.6890020334162308,0.7188531781534134,0.5208949361618869,0.3534027466901033,0.22216934332708574,0.6640354088180518,0.43353464941612724,0.27117722280731055,0.1904717244497072,0.6679965001589381,0.28776523516735725,0.07822219565715867,2026-09-20T03:33:45Z
824300,621493,Taylor Ward,SEA,COL,0,1,projected,Tomoyuki Sugano,Coors Field,2026-09-20T19:10:00Z,4.604683468942251,2903,1289,0.6292006964577097,0.6349133309041184,-2.3693875392840655,Cold,0.13802829946403897,0.6914925241378929,0.4284103301086045,0.6060723899690106,0.7281705023798254,0.5330865998555149,0.3658426496021172,0.23313118440071104,0.6631882667279518,0.42040313782461536,0.2589767483114756,0.18209757837100585,0.6671481093027264,0.2888561152875723,0.08018068030842683,2026-09-20T03:33:45Z
824300,666160,Mickey Moniak,COL,SEA,1,2,projected,Kade Anderson,Coors Field,2026-09-20T19:10:00Z,4.320015293442936,1735,107,0.5540272828667167,0.651985715364699,-1.4123541395495058,Normal,0.1835672188290971,0.6895936375246488,0.23723443882264444,0.7489630206262011,0.7252479926216181,0.527841791457512,0.3593914454615228,0.22662820933170774,0.6615157006655488,0.4428820395571522,0.3012044981660161,0.22845014896987365,0.6654381718345221,0.2839013557665782,0.07562648220106882,2026-09-20T03:33:45Z
824300,641487,J.P. Crawford,SEA,COL,0,2,projected,Tomoyuki Sugano,Coors Field,2026-09-20T19:10:00Z,4.513137557959815,2805,1289,0.593801711058777,0.632348706207398,1.0168245867207353,Normal,0.15467552440435153,0.6930558515362248,0.45711616571272456,0.49468879433510343,0.7115499577673542,0.512951133228435,0.34649094312106565,0.2169453057831132,0.6646425951465113,0.42091344586412255,0.26450516208168195,0.19261078195393178,0.6686163895268336,0.2894450791185882,0.0797567010001557,2026-09-20T03:33:45Z
824300,696100,Hunter Goodman,COL,SEA,1,3,projected,Kade Anderson,Coors Field,2026-09-20T19:10:00Z,4.222100054975261,1420,107,0.6135632652972581,0.6368229409969635,-0.02297826255509707,Normal,0.27827079709300545,0.6743545098181323,0.2949681763722717,0.734451298380083,0.7416308661667484,0.546744991833929,0.3766482157212,0.24027738708787388,0.6476152504615417,0.45968141911424804,0.34804829108126667,0.29951849511677753,0.651345918012578,0.2674536594351618,0.06734459478272656,2026-09-20T03:33:45Z
824300,677594,Julio Rodríguez,SEA,COL,0,3,projected,Tomoyuki Sugano,Coors Field,2026-09-20T19:10:00Z,4.400406879970409,3220,1289,0.5534619174817416,0.6213820216131815,-0.6489007103123103,Normal,0.16721660329969068,0.7268749735215312,0.23481116374728284,0.6184274138554264,0.743332489962215,0.550505615785658,0.3816929157288154,0.24563527981322525,0.695506473031361,0.4536279284363425,0.2917912357956428,0.21232439111818102,0.6999021020441542,0.32507040514474844,0.09705805889588183,2026-09-20T03:33:45Z
824300,687597,Jordan Beck,COL,SEA,1,4,projected,Kade Anderson,Coors Field,2026-09-20T19:10:00Z,4.139847139020863,937,107,0.43433803482018907,0.6246388151847523,-0.964979409409941,Normal,0.11223886231611492,0.6546250140988149,0.2949846441122282,0.7419791596697463,0.6706367242894761,0.4648910315620405,0.3014229067442536,0.18007176864664706,0.6295582284544515,0.3811673744324268,0.22582663056802563,0.1527031246668169,0.633051220534797,0.2478563166693486,0.058425746813391445,2026-09-20T03:33:45Z
824300,663728,Cal Raleigh,SEA,COL,0,4,projected,Tomoyuki Sugano,Coors Field,2026-09-20T19:10:00Z,4.319891914362919,2816,1289,0.5915545160764216,0.6099071151435551,-0.6179931828158661,Normal,0.27999806982920633,0.6457964803230868,0.38366300031116773,0.7005022781637187,0.7300629837133674,0.5336004042135807,0.3648814076503195,0.23119283738371052,0.6213590443378068,0.43762883950743764,0.3309937263335897,0.2927749303570719,0.6247661938228786,0.2422248370503567,0.05769785189913529,2026-09-20T03:33:45Z
824300,681198,TJ Rumfield,COL,SEA,1,5,projected,Kade Anderson,Coors Field,2026-09-20T19:10:00Z,4.019521717911176,605,107,0.4893185037119592,0.6081924419383783,1.3326697926715865,Normal,0.1069870973326876,0.6902164672351903,0.43870402681283244,0.4643136338838748,0.7014148856158807,0.49833527060923355,0.33069593959459115,0.2024545944405789,0.6621642866288674,0.40406609110403846,0.23441736507033054,0.15265728997693043,0.6660780120561886,0.28130431202392725,0.0721217867849144,2026-09-20T03:33:45Z
824300,668227,Randy Arozarena,SEA,COL,0,5,projected,Tomoyuki Sugano,Coors Field,2026-09-20T19:10:00Z,4.190453686200378,3291,1289,0.5757133124539652,0.5956688276457923,1.7808932387456409,Normal,0.16407089695870866,0.6872051777427768,0.38482756606920127,0.5790806642144428,0.7206237283665352,0.5218669892708393,0.35340944671427604,0.22146789268321856,0.6593583078309295,0.4305212761837414,0.275206834452402,0.20362253657390125,0.6632468148409859,0.2806648126566609,0.0736070413094282,2026-09-20T03:33:45Z
824300,664983,Jake McCarthy,COL,SEA,1,6,projected,Kade Anderson,Coors Field,2026-09-20T19:10:00Z,3.8890302876049887,1946,107,0.4646254762697435,0.5954255821709321,1.4429063029516564,Normal,0.0931888159699342,0.6784865705697416,0.2627535588492964,0.49281313931365656,0.6839751411550251,0.4784768971798583,0.31263752994926425,0.18814046346473204,0.6514649497936142,0.38974620797081017,0.2321176975025832,0.14734836085541356,0.6552316450407928,0.2689047562568156,0.06611778317173768,2026-09-20T03:33:45Z
824300,647304,Josh Naylor,SEA,COL,0,6,projected,Tomoyuki Sugano,Coors Field,2026-09-20T19:10:00Z,4.056710289966641,2846,1289,0.5049576906977329,0.583201545888084,1.5192602909653692,Normal,0.16837394020411733,0.7154578263626505,0.24956512512871995,0.3759386358790778,0.7222647575638856,0.5236400865750392,0.35490597888674136,0.2225346447385951,0.6851346528477489,0.4447474214405872,0.28267956052145266,0.20738452177887876,0.6893747918501532,0.30980836737322753,0.08713468640144632,2026-09-20T03:33:45Z
824300,681393,Connor Norby,COL,SEA,1,7,projected,Kade Anderson,Coors Field,2026-09-20T19:10:00Z,3.7439381827871037,890,107,0.46551974543436325,0.588896014822522,2.19003091172941,Hot,0.11811964140722508,0.6216445157751892,0.33164984540675724,0.6645233899931995,0.6622147861848687,0.4545965266275243,0.2915723958980944,0.17191123261454405,0.5993007227622347,0.3603056030584856,0.2092311274799622,0.1475897742178022,0.6024086259964039,0.21690358976546376,0.045367868327652786,2026-09-20T03:33:45Z
824300,686527,Dominic Canzone,SEA,COL,0,7,projected,Tomoyuki Sugano,Coors Field,2026-09-20T19:10:00Z,3.9121475054229937,1136,1289,0.528517927083622,0.5750951508534475,0.7792302566815895,Normal,0.21195408659943052,0.6732030489864257,0.28180020837609254,0.5088265179548515,0.7098792581609892,0.5086068522453191,0.34055465842631794,0.2106659583698086,0.6465818435595027,0.43464172310481336,0.2994514153021338,0.24080436223836868,0.6502947450495682,0.26563430646970276,0.06607894718489223,2026-09-20T03:33:45Z
824300,691720,Kyle Karros,COL,SEA,1,8,projected,Kade Anderson,Coors Field,2026-09-20T19:10:00Z,3.5835015863859243,602,107,0.49011088808397546,0.5853494467426307,0.3627702998710918,Normal,0.10994258658157442,0.6033727175182393,0.3483185356326111,0.5262629462316009,0.6551454031593724,0.44610896420644264,0.28361500640963494,0.16547098376229238,0.582514104205102,0.3345502783818246,0.19340797554283162,0.13585250696137913,0.5854129841149855,0.20049437020469935,0.03894864248330538,2026-09-20T03:33:45Z
824300,645302,Victor Robles,SEA,COL,0,8,projected,Tomoyuki Sugano,Coors Field,2026-09-20T19:10:00Z,3.7734994337485843,1091,1289,0.440613231939714,0.5659533412697226,1.2617036876098284,Normal,0.07211572634650315,0.6605521772469527,0.2429444992219842,0.45893777940504904,0.6616623335228393,0.45495063449673845,0.2926110208637824,0.17325416925439652,0.6350380785577002,0.3602304341151765,0.19167563679820793,0.11348934997262489,0.6385937783975489,0.2526477074748084,0.060116538138560084,2026-09-20T03:33:45Z
824300,687859,Troy Johnston,COL,SEA,1,9,projected,Kade Anderson,Coors Field,2026-09-20T19:10:00Z,3.4076134699853586,558,107,0.4192083849786858,0.5850266108086324,-1.3428998849106961,Normal,0.07510594575000239,0.6104304211877453,0.27983352096069475,0.5076750209478296,0.634695051370398,0.4241976005588901,0.2646582950944728,0.1511292000875344,0.589142817499256,0.3305934431620432,0.17223588112097002,0.10630207091163758,0.5921006975095328,0.2043471812072615,0.03935590379875442,2026-09-20T03:33:45Z
824300,702284,Cole Young,SEA,COL,0,9,projected,Tomoyuki Sugano,Coors Field,2026-09-20T19:10:00Z,3.6080709263222257,867,1289,0.4826892241548675,0.5630550571237638,-0.21731876342529685,Normal,0.1336259770622297,0.6181931672483989,0.27187748046631705,0.4051984073220275,0.6570949649232802,0.4494331420401815,0.28743737848749845,0.16906783349744361,0.5961176117495038,0.347499006483318,0.21369183561770833,0.15828021077676122,0.599188887746132,0.21447568242558288,0.045010482062891495,2026-09-20T03:33:45Z
824381,680757,Steven Kwan,CLE,ATH,1,1,projected,Jack Perkins,Progressive Field,2026-09-20T17:40:00Z,4.426836551861437,3193,658,0.6491228679154878,0.6487661684406189,0.8144428322713623,Normal,0.07663869575663554,0.6971522468551058,0.49334128547245537,0.4439891471813488,0.7100997433699595,0.5107173846185125,0.3439660552702591,0.21454318441437642,0.6684042070082888,0.39266706019426484,0.2162538480568014,0.12839754536219117,0.6724239535369492,0.29267823072201654,0.08055517937785232,2026-09-20T03:33:45Z
824381,671732,Lawrence Butler,ATH,CLE,0,1,projected,Gavin Williams,Progressive Field,2026-09-20T17:40:00Z,4.604683468942251,1714,2086,0.5937770481073067,0.6544196857083237,-0.564225297300775,Normal,0.15109574774178328,0.6080425824591942,0.42689487553453875,0.8311043640719472,0.6819461276100639,0.48020114643173856,0.3171981153600215,0.19397857832468418,0.5864145884277593,0.3619613070131568,0.22947892100755637,0.17617809710336307,0.5894280732707738,0.21236567180437246,0.047500739844938286,2026-09-20T03:33:45Z
824381,682657,Angel Martínez,CLE,ATH,1,2,projected,Jack Perkins,Progressive Field,2026-09-20T17:40:00Z,4.320015293442936,1038,658,0.4756089283018928,0.6481688049498292,0.9026964752045634,Normal,0.10344709802563776,0.6322917677631978,0.28713641165035864,0.670904095488522,0.6627105780118262,0.4578355670174416,0.29631247496462293,0.17691648777140295,0.60892136712925,0.36544956150588054,0.20971110556776076,0.14061371930600308,0.6121776926345174,0.23021626094586367,0.05280058388205951,2026-09-20T03:33:45Z
824381,666126,Carlos Cortes,ATH,CLE,0,2,projected,Gavin Williams,Progressive Field,2026-09-20T17:40:00Z,4.513137557959815,461,2086,0.45213351726930395,0.6523691625383449,-0.8845720726446538,Normal,0.11277890937082027,0.624862757910627,0.3547633367668357,0.6814540630180418,0.6575130666592084,0.45344183664012594,0.29333505871732896,0.1752598849622381,0.6019986308934804,0.35834585781705625,0.21020090575793335,0.14591527643536184,0.6051855584176242,0.225585497717715,0.052092832607129366,2026-09-20T03:33:45Z
824381,608070,José Ramírez,CLE,ATH,1,3,projected,Jack Perkins,Progressive Field,2026-09-20T17:40:00Z,4.222100054975261,3242,658,0.5434735890906454,0.6320271241824713,-0.8472288120174334,Normal,0.13813367236593685,0.6631535955216307,0.3718218302548856,0.48286222971466747,0.707932023055904,0.5068023351239155,0.33923867878961433,0.20988280793084005,0.6373495731903184,0.40831471697965777,0.25200132660184044,0.17967536477544502,0.6409479449799163,0.25678376334757014,0.06278695089841534,2026-09-20T03:33:45Z
824381,703607,Henry Bolte,ATH,CLE,0,3,projected,Gavin Williams,Progressive Field,2026-09-20T17:40:00Z,4.400406879970409,436,2086,0.4744423287881929,0.6460231412202607,-0.31056264864889105,Normal,0.09527904589071137,0.6518896318418683,0.40881007437405836,0.8316235396438711,0.6750919258274745,0.47182103774010803,0.3090726056540543,0.18712464681388843,0.6269144722025655,0.3608744491890513,0.20172160279980675,0.13103449051685076,0.6303988472200092,0.24890944160660783,0.06113233659069214,2026-09-20T03:33:45Z
824381,663993,Nathaniel Lowe,CLE,ATH,1,4,projected,Jack Perkins,Progressive Field,2026-09-20T17:40:00Z,4.139847139020863,2955,658,0.461698821512576,0.6194407708030434,-0.28785512964542875,Normal,0.12602427643943573,0.6507633088613345,0.4135271873858636,0.6701179338813658,0.6823941585244729,0.4775976170476541,0.3125348049069732,0.18858311383812332,0.6260114613576168,0.3751955394877343,0.22389025626079467,0.15812242146205208,0.6294600589458988,0.24434348556157579,0.05701504506604208,2026-09-20T03:33:45Z
824381,680869,Zack Gelof,ATH,CLE,0,4,projected,Gavin Williams,Progressive Field,2026-09-20T17:40:00Z,4.319891914362919,1349,2086,0.46333192165734655,0.6371746229671369,0.06983469125071817,Normal,0.11978990752941561,0.6102392177734185,0.3109860371295231,0.842249810058832,0.6690017993232179,0.46456030431605033,0.30220531442592274,0.1814707666721745,0.5885642530806283,0.3525693490062362,0.2096386952013959,0.1496397974011211,0.5915822195200882,0.21175856050254066,0.04596201810866649,2026-09-20T03:33:45Z
824381,666176,Jo Adell,CLE,ATH,1,5,projected,Jack Perkins,Progressive Field,2026-09-20T17:40:00Z,4.019521717911176,1996,658,0.4090994168264364,0.6026061458509966,0.6039587086163253,Normal,0.13480423312681117,0.5978842364140853,0.3041482059899391,0.7086043516615632,0.6559393943875202,0.44899152644418583,0.28745862882331696,0.1693069591348062,0.5772614435986078,0.3423021073562916,0.21028768477841644,0.1578632112133063,0.5801292784925624,0.19916897160558625,0.03997788013020945,2026-09-20T03:33:45Z
824381,669127,Shea Langeliers,ATH,CLE,0,5,projected,Gavin Williams,Progressive Field,2026-09-20T17:40:00Z,4.190453686200378,2131,2086,0.4407144982159057,0.6261662394787578,-0.20760875628157444,Normal,0.15348859815467897,0.6189684496433623,0.28988966979052777,0.7742958875191752,0.6804805710880022,0.47644256287917425,0.3122293542550687,0.1888846943491036,0.5966649794307121,0.3763682173559752,0.23832263777261192,0.18149028657973784,0.5997705123407374,0.21818528061295944,0.04785633788997224,2026-09-20T03:33:45Z
824381,682177,Daniel Schneemann,CLE,ATH,1,6,projected,Jack Perkins,Progressive Field,2026-09-20T17:40:00Z,3.8890302876049887,925,658,0.3876286760369818,0.5898477760761109,-1.599250720222088,Normal,0.09526998846344326,0.5710288753938366,0.35428173246436084,0.7534855436455755,0.613760379321778,0.40621084758936754,0.2516984629338832,0.14294137242855956,0.5523711130016582,0.31335509270778006,0.17423396380036518,0.1198922632125196,0.5549635127114152,0.17830039978242399,0.03290347076287409,2026-09-20T03:33:45Z
824381,643446,Jeff McNeil,ATH,CLE,0,6,projected,Gavin Williams,Progressive Field,2026-09-20T17:40:00Z,4.056710289966641,2662,2086,0.3876091054455536,0.614990872381743,0.04340044371600292,Normal,0.08072362366651997,0.6007695943691006,0.31277819447790073,0.5015407072227849,0.6259222460438879,0.41956991787518505,0.2635875165873513,0.15222482179927566,0.5798458340516589,0.3232308221340991,0.17271188223617967,0.11041445993964821,0.5827571816729399,0.20310857078074887,0.04223093072681976,2026-09-20T03:33:45Z
824381,672275,Patrick Bailey,CLE,ATH,1,7,projected,Jack Perkins,Progressive Field,2026-09-20T17:40:00Z,3.7439381827871037,1581,658,0.39002273712006735,0.5837436455634077,-0.06748547704965753,Normal,0.0871356076088177,0.5792428679265528,0.33584224789942135,0.6885914627979799,0.6096936925995128,0.40182621574894195,0.24788855432581303,0.14004308964913614,0.5600497348405801,0.3055837605656524,0.16605666976964725,0.1110506809699017,0.5627166131869951,0.1836424861748791,0.03427835451830699,2026-09-20T03:33:45Z
824381,641680,Jonah Heim,ATH,CLE,0,7,projected,Gavin Williams,Progressive Field,2026-09-20T17:40:00Z,3.9121475054229937,2244,2086,0.3494925269267681,0.6056528077607837,-1.6346622869930392,Normal,0.08625274076177095,0.5569683112005285,0.267298920889576,0.6238798227995973,0.6035915629957691,0.39734422525019336,0.2452082210402196,0.13877146325937773,0.5391998609844149,0.2928605440174974,0.15592191050203671,0.10652941091598409,0.5416689473556218,0.16966239488827592,0.030994758553758033,2026-09-20T03:33:45Z
824381,677587,Brayan Rocchio,CLE,ATH,1,8,projected,Jack Perkins,Progressive Field,2026-09-20T17:40:00Z,3.5835015863859243,1480,658,0.40046153897694065,0.5808071099116376,0.7028567218591891,Normal,0.0805569975220262,0.5722281170865189,0.3323759326045608,0.4901152876746473,0.6064672787299427,0.3977641791172781,0.2440284977303267,0.13690766376250815,0.553625564765908,0.3015691033111066,0.15875512101602085,0.10404862446949627,0.5562092245635859,0.17705133842129017,0.03161771814916895,2026-09-20T03:33:45Z
824381,691777,Max Muncy,ATH,CLE,0,8,projected,Gavin Williams,Progressive Field,2026-09-20T17:40:00Z,3.7734994337485843,504,2086,0.3742330657412198,0.5930775661954869,0.6288721007655831,Normal,0.09543174159805969,0.559717749800048,0.264001354476157,0.8206129083370209,0.6123719584043474,0.4052643975467758,0.2512725795668305,0.1429026449493967,0.5418133421764924,0.29662360063418725,0.1663426889398738,0.11651009043535794,0.5443011430905784,0.17087262150899798,0.03109860697548476,2026-09-20T03:33:45Z
824381,595978,Austin Hedges,CLE,ATH,1,9,projected,Jack Perkins,Progressive Field,2026-09-20T17:40:00Z,3.4076134699853586,1108,658,0.3360267831909492,0.5802059780852178,-0.06840195568189894,Normal,0.06596429870559957,0.48622954139335417,0.2944198075100372,0.5781651164372373,0.5428267603306757,0.33916433966168025,0.19851175156013084,0.1055078637358894,0.4732022372746509,0.22313158705818784,0.11067216525211368,0.0765635605373096,0.47500889866573265,0.12084719299493292,0.016489842462650332,2026-09-20T03:33:45Z
824381,675961,Alika Williams,ATH,CLE,0,9,projected,Gavin Williams,Progressive Field,2026-09-20T17:40:00Z,3.6080709263222257,425,2086,0.3812826158431254,0.5906339576060897,0.0992422710642705,Normal,0.057808345338208264,0.5507061889766159,0.22897219723396575,0.6821702335807268,0.5887352698562658,0.38223201351714026,0.23257498647606703,0.12946088400914674,0.5334721908706204,0.2911829065507075,0.14492184427991056,0.08624918266640773,0.5358660103700553,0.16374581098588634,0.02867365508204679,2026-09-20T03:33:45Z
824462,680574,Matt McLain,CIN,CHC,1,1,projected,TBD,Great American Ball Park,2026-09-20T17:40:00Z,4.426836551861437,1452,0,0.6033569771801356,0.586004877667603,-2.227227552652333,Cold,0.1385592730608445,0.6323183646356851,0.3591724128195716,0.7640362408850666,0.6979528975730639,0.4968712637332875,0.33131148762479623,0.20444000556513875,0.6089097127598335,0.3729909878059013,0.2295900161462592,0.16872559887630667,0.6121724664234218,0.2311549902953771,0.053747407288370325,2026-09-20T03:33:45Z
824462,663538,Nico Hoerner,CHC,CIN,0,1,projected,Rhett Lowder,Great American Ball Park,2026-09-20T17:40:00Z,4.604683468942251,3152,691,0.6146359019201171,0.6308386232589878,0.3464613749827483,Normal,0.0775289651629246,0.7368763397051847,0.2574583121265568,0.39878845605678787,0.7331018888841755,0.5390076803688895,0.37148328514300094,0.23780708969204853,0.7046063587585695,0.4359759809812837,0.24604234220350862,0.14421482866816404,0.7091362146732265,0.3382711350089262,0.10565992588332683,2026-09-20T03:33:45Z
824462,663647,Ke'Bryan Hayes,CIN,CHC,1,2,projected,TBD,Great American Ball Park,2026-09-20T17:40:00Z,4.320015293442936,2281,0,0.4666245369669921,0.586004877667603,-2.3124699906238817,Cold,0.0905231265973641,0.6423023089571692,0.2749902205492803,0.6186441736300341,0.6597860061010079,0.45475183355170873,0.293653026472042,0.17489776494154682,0.6181407764105137,0.3527797500312283,0.19817179482239855,0.12757906336682495,0.6215086501704515,0.23900754138340136,0.05627085716633005,2026-09-20T03:33:45Z
824462,691718,Pete Crow-Armstrong,CHC,CIN,0,2,projected,Rhett Lowder,Great American Ball Park,2026-09-20T17:40:00Z,4.513137557959815,1768,691,0.7620623146262308,0.6280407102974072,-0.14146184943517515,Normal,0.2739636033148662,0.6902523704773696,0.43712890797841064,0.6639996050241572,0.7617644505460526,0.5739982545764645,0.4051150930285367,0.2658261766654043,0.662078418276903,0.4745659971473128,0.3586696612962259,0.302990676850548,0.6660180971198887,0.28658257856069475,0.07839602509163203,2026-09-20T03:33:45Z
824462,682829,Elly De La Cruz,CIN,CHC,1,3,projected,TBD,Great American Ball Park,2026-09-20T17:40:00Z,4.222100054975261,2423,0,0.6522285251252626,0.586004877667603,1.2625350351990916,Normal,0.17935886118893882,0.6944967216125693,0.37597460007044636,0.7195972967649171,0.7383221079746177,0.5427025176853812,0.3727783149245305,0.23707571479664014,0.6660343583419628,0.44480098145336455,0.301786214660414,0.22662416327752835,0.6700093876504523,0.2874782401927095,0.07631937550953098,2026-09-20T03:33:45Z
824462,621020,Dansby Swanson,CHC,CIN,0,3,projected,Rhett Lowder,Great American Ball Park,2026-09-20T17:40:00Z,4.400406879970409,3034,691,0.569078805953947,0.6159867020059571,0.1361388268317024,Normal,0.1349478111853303,0.6709633658203112,0.3166032814116604,0.640786063895703,0.7114650524108802,0.5124897266952471,0.3457494127788067,0.21609209765580853,0.644425814923548,0.3995318835953969,0.24528358130297692,0.17385321885756314,0.6481315791249787,0.2668406248415378,0.06886199592575319,2026-09-20T03:33:45Z
824462,668709,JJ Bleday,CIN,CHC,1,4,projected,TBD,Great American Ball Park,2026-09-20T17:40:00Z,4.139847139020863,2043,0,0.5049502567133743,0.586004877667603,-0.38156292001813213,Normal,0.15348847040609423,0.6072572986335584,0.42851990542000246,0.6230612526968383,0.6689058932118546,0.46304303331175234,0.29982079553486596,0.1788535498890866,0.5859083611657603,0.3754106486307205,0.23788776383801957,0.1818341864468175,0.5888785580828525,0.20720411965027677,0.043100630488427216,2026-09-20T03:33:45Z
824462,608324,Alex Bregman,CHC,CIN,0,4,projected,Rhett Lowder,Great American Ball Park,2026-09-20T17:40:00Z,4.319891914362919,3195,691,0.5470125313187982,0.604008839553048,1.4506268785932421,Normal,0.15206395322768462,0.6820571317562023,0.38117249773798106,0.4456825577588818,0.7155674483117347,0.5164823055550656,0.34885363690875504,0.21814820126378717,0.6546293365691851,0.42130547514868116,0.26436434428053357,0.19208961031113972,0.6584598705718933,0.27644417629663537,0.07237121295959634,2026-09-20T03:33:45Z
824462,553993,Eugenio Suárez,CIN,CHC,1,5,projected,TBD,Great American Ball Park,2026-09-20T17:40:00Z,4.019521717911176,3094,0,0.5206866268913997,0.586004877667603,1.1688514794810636,Normal,0.20329305303660153,0.6047498148350416,0.39279701590490756,0.7703537249754506,0.6887157830859526,0.48413981539857487,0.31799444172354463,0.19254708541092883,0.5836165117831789,0.3798026761385765,0.26155753793365527,0.21943916892012674,0.5865558823651839,0.2045928580842808,0.041826071497168105,2026-09-20T03:33:45Z
824462,683737,Michael Busch,CHC,CIN,0,5,projected,Rhett Lowder,Great American Ball Park,2026-09-20T17:40:00Z,4.190453686200378,1916,691,0.5609511597707393,0.5892343409783622,-0.7659769429203602,Normal,0.1572081983902463,0.6309808154958196,0.5219508386477737,0.6402093100598513,0.6981577802364931,0.4960242743167271,0.3297065710093648,0.20253112086738168,0.6077472608435571,0.38294235632544116,0.24568806264871917,0.18671561821872476,0.6109836583542035,0.22836716246221755,0.051695140726359924,2026-09-20T03:33:45Z
824462,663886,Tyler Stephenson,CIN,CHC,1,6,projected,TBD,Great American Ball Park,2026-09-20T17:40:00Z,3.8890302876049887,2004,0,0.4501422640790219,0.586004877667603,0.16954849354301627,Normal,0.12840453311373193,0.6233007248924367,0.3378122368341206,0.7053748097334631,0.6683939685778723,0.46166604579281806,0.2979898212097762,0.1769770988565985,0.6007837655930707,0.3601082051309381,0.21385899604731382,0.15511578891137526,0.6039164949436888,0.2190724606097367,0.04651869896193794,2026-09-20T03:33:45Z
824462,664023,Ian Happ,CHC,CIN,0,6,projected,Rhett Lowder,Great American Ball Park,2026-09-20T17:40:00Z,4.056710289966641,3258,691,0.4836856321473699,0.5766895898867812,1.0501624094903352,Normal,0.12194129403552602,0.6210583876782569,0.39019991202528154,0.6754334081295175,0.674212434150929,0.46948862777642286,0.3059770999748891,0.18394625375840826,0.5986018307690663,0.37181243653863166,0.22024764206374534,0.1561379072093321,0.6017284497893503,0.21965725785995394,0.04818959415002675,2026-09-20T03:33:45Z
824462,667472,Dane Myers,CIN,CHC,1,7,projected,TBD,Great American Ball Park,2026-09-20T17:40:00Z,3.7439381827871037,830,0,0.4136942527807337,0.586004877667603,0.049831626607091756,Normal,0.09046988898345182,0.6107449684518946,0.310069846149699,0.6082436080842257,0.645514625973295,0.4373034972452328,0.276954282424788,0.16105879910611726,0.5892363785807583,0.3236682939817013,0.17470962605347884,0.11563637241137185,0.5922272309358058,0.20798262273879425,0.04225376904570452,2026-09-20T03:33:45Z
824462,673548,Seiya Suzuki,CHC,CIN,0,7,projected,Rhett Lowder,Great American Ball Park,2026-09-20T17:40:00Z,3.9121475054229937,2867,691,0.4777008067563719,0.5690202115498179,-1.0502569168670348,Normal,0.12364354936130789,0.6437351063276052,0.36205822571439855,0.6134520300347919,0.6906481574257841,0.48688647210954383,0.32093488771041134,0.19521624671803284,0.6195379265703078,0.3831106837277996,0.23186009764248514,0.16216552902522233,0.6229087288719557,0.238375509759686,0.05487425554544099,2026-09-20T03:33:45Z
824462,624431,Jose Trevino,CIN,CHC,1,8,projected,TBD,Great American Ball Park,2026-09-20T17:40:00Z,3.5835015863859243,1209,0,0.373760130504722,0.586004877667603,-1.806809828715828,Normal,0.09569125397576994,0.5800937614750838,0.19460052884351614,0.47298032988474675,0.6237161146603448,0.4144454468640117,0.25743197599554807,0.14642339432946694,0.5609351625320086,0.30371517958894595,0.16576737404695288,0.11527001836864623,0.5635964578182155,0.18278349990233614,0.03334626839104536,2026-09-20T03:33:45Z
824462,624424,Michael Conforto,CHC,CIN,0,8,projected,Rhett Lowder,Great American Ball Park,2026-09-20T17:40:00Z,3.7734994337485843,1734,691,0.507371817198214,0.5606375934725971,1.1280496197428143,Normal,0.1427588970486531,0.5772089235842034,0.4373313368306276,0.5981303947259347,0.6601336052462647,0.4533460956420447,0.29123770207622407,0.17222152543683128,0.558089048572877,0.33762701795915767,0.20934865523652976,0.16251345527059313,0.5607467960922715,0.18349893913194565,0.035011572959354136,2026-09-20T03:33:45Z
824462,665828,Oswaldo Cabrera,CIN,CHC,1,9,projected,TBD,Great American Ball Park,2026-09-20T17:40:00Z,3.4076134699853586,960,0,0.44845095945468916,0.586004877667603,-0.8535789138211514,Normal,0.08930579814593818,0.5710605220530675,0.27302374678259833,0.514137771494265,0.6286805272382875,0.4182367398500961,0.259800344195703,0.14764504989230348,0.5526422134296126,0.2941159876985749,0.1575496244520214,0.10813313492545024,0.5551994773848106,0.1746710962606454,0.03024253011884514,2026-09-20T03:33:45Z
824462,608348,Carson Kelly,CHC,CIN,0,9,projected,Rhett Lowder,Great American Ball Park,2026-09-20T17:40:00Z,3.6080709263222257,1648,691,0.43510089144452113,0.5575184339744617,2.0826064997971043,Hot,0.08872389039767611,0.5931729872202798,0.2792144867890016,0.4750664545229601,0.6414090891984561,0.4333311634173765,0.27389178180733414,0.15903941949250022,0.5729695490949298,0.31147800426738037,0.167023889506105,0.11171235290861477,0.5757784744092355,0.19456936605766423,0.03820647043962976,2026-09-20T03:33:45Z
824546,805367,Chase Meidroth,CWS,DET,1,1,projected,Troy Melton,Rate Field,2026-09-20T18:10:00Z,4.426836551861437,1126,631,0.5419229133018325,0.6761225710284899,0.5790340490415934,Normal,0.08329141462935212,0.6441725425747246,0.3404668086831322,0.6108985906320735,0.6719098746091656,0.4682065280868158,0.3057677888749214,0.18447704507883156,0.6198279175368651,0.3488195814141759,0.18572991022538674,0.11624769027297231,0.6232227893136003,0.24161799890622787,0.05794176169600031,2026-09-20T03:33:45Z
824546,805808,Kevin McGonigle,DET,CWS,0,1,projected,Davis Martin,Rate Field,2026-09-20T18:10:00Z,4.604683468942251,674,1682,0.6866409436793124,0.6366996117193497,1.2909656780349228,Normal,0.12118971647900624,0.7007201780780734,0.49502808140779586,0.46877829756723605,0.7311004047135082,0.5365975918967888,0.36918247179468505,0.23589636474086198,0.6716265482370158,0.420340744856755,0.25579079069965044,0.17255220935254578,0.675699270141575,0.29841328089152797,0.08483439168369848,2026-09-20T03:33:45Z
824546,643217,Andrew Benintendi,CWS,DET,1,2,projected,Troy Melton,Rate Field,2026-09-20T18:10:00Z,4.320015293442936,2581,631,0.5148139872989581,0.6769128540456786,0.626416086152854,Normal,0.1302425373839029,0.648250098245681,0.344673718846019,0.5298667445573468,0.680995664090352,0.4774798093513132,0.3134840469316981,0.19010162121121776,0.6236121170154376,0.37814435876855546,0.2284821916440635,0.1630932360374978,0.6270472403813094,0.24434405471157267,0.05842802352630777,2026-09-20T03:33:45Z
824546,650402,Gleyber Torres,DET,CWS,0,2,projected,Davis Martin,Rate Field,2026-09-20T18:10:00Z,4.513137557959815,2943,1682,0.5456866548791866,0.634226244843403,0.1067321035155513,Normal,0.09648947582840346,0.675304565401858,0.3873637163193508,0.5958404529593538,0.7042011376644924,0.5045097218874859,0.33872008522750235,0.21069536019407625,0.6483911948463118,0.3822782207481442,0.21295393854309203,0.1361561184966407,0.6521513642479538,0.2716808121687935,0.07149769852967762,2026-09-20T03:33:45Z
824546,502054,Tommy Pham,CWS,DET,1,3,projected,Troy Melton,Rate Field,2026-09-20T18:10:00Z,4.222100054975261,2055,631,0.4214866232361125,0.667725346635759,-2.1829284979993235,Cold,0.09446230526400286,0.5987523976781061,0.33434389031615763,0.6500401039204863,0.6466039444220787,0.4403058645848449,0.2808119165702473,0.16487650032180556,0.5779921307330511,0.3275805391945597,0.18269455687654385,0.12283830754035001,0.5808805257489733,0.20132394785506685,0.04155388814060311,2026-09-20T03:33:45Z
824546,682985,Riley Greene,DET,CWS,0,3,projected,Davis Martin,Rate Field,2026-09-20T18:10:00Z,4.400406879970409,2635,1682,0.5501802815073152,0.6237265933397791,0.616033384989472,Normal,0.14950237921190423,0.6956043327429395,0.3820481589977187,0.700729740562183,0.7271229903990997,0.5308705741878074,0.36292124677662896,0.23006305013268288,0.6669817246374571,0.43226214746295616,0.27568374265308787,0.1974235947682829,0.6709841374948402,0.29141298363689044,0.08017565884764268,2026-09-20T03:33:45Z
824546,678246,Miguel Vargas,CWS,DET,1,4,projected,Troy Melton,Rate Field,2026-09-20T18:10:00Z,4.139847139020863,1831,631,0.47851897022110035,0.6586694564942606,0.15594831514143698,Normal,0.12279339269748069,0.5787475417066026,0.3991073767560415,0.5640782511616954,0.6578995590716674,0.45142310746512093,0.2898272001164118,0.17130558725966744,0.5594821316846039,0.34049434920415533,0.20326573315198168,0.14910024666549332,0.562160413661406,0.18513722014752482,0.035688666490609186,2026-09-20T03:33:45Z
824546,679529,Spencer Torkelson,DET,CWS,0,4,projected,Davis Martin,Rate Field,2026-09-20T18:10:00Z,4.319891914362919,2702,1682,0.470713173909321,0.6124797684339689,1.534857972893578,Normal,0.12441487243340203,0.6216353254142779,0.39744186279614724,0.7730990863398323,0.6811396942483643,0.477671397611235,0.3137138669768023,0.1903413014690038,0.5990937374422424,0.3689181045704026,0.21838011613784875,0.15625902179267073,0.6022336124469005,0.22120805490300438,0.04946970677912919,2026-09-20T03:33:45Z
824546,695657,Colson Montgomery,CWS,DET,1,5,projected,Troy Melton,Rate Field,2026-09-20T18:10:00Z,4.019521717911176,892,631,0.5274217836862236,0.645732415251728,-0.977784574621481,Normal,0.22734083146230877,0.5739150451745549,0.38178099569419827,0.7829823859293963,0.6819972231907001,0.4767643348880707,0.3114801586945839,0.1875205723215434,0.5550210519717469,0.36922776297145593,0.26987848897687255,0.23744424885372936,0.5576469331514858,0.18100970848733172,0.03406752226241503,2026-09-20T03:33:45Z
824546,690993,Colt Keith,DET,CWS,0,5,projected,Davis Martin,Rate Field,2026-09-20T18:10:00Z,4.190453686200378,1444,1682,0.47400211285528304,0.5984922020567202,-0.2590469517353729,Normal,0.10248499186394933,0.6687852665186355,0.3559108894711223,0.5615896590784821,0.687923590710278,0.4846100860506904,0.3194694722462338,0.19450527984644891,0.6424959707951303,0.3819987274012512,0.22172610703365822,0.14518422584488855,0.646163684791069,0.2626483819617969,0.06563907855557366,2026-09-20T03:33:45Z
824546,545341,Randal Grichuk,CWS,DET,1,6,projected,Troy Melton,Rate Field,2026-09-20T18:10:00Z,3.8890302876049887,1840,631,0.41405814167022803,0.6339820267554408,0.7028490437727823,Normal,0.118721908653108,0.6192543639581068,0.20577542960910303,0.5858612655140213,0.6620919346024102,0.4549994020989122,0.29226197667433373,0.17266294644479788,0.5970503991783366,0.3692389608731433,0.21841943446134351,0.15337486152898416,0.6001392214405793,0.21570467621594477,0.04531244192995621,2026-09-20T03:33:45Z
824546,656716,Zach McKinstry,DET,CWS,0,6,projected,Davis Martin,Rate Field,2026-09-20T18:10:00Z,4.056710289966641,1954,1682,0.43421327317833225,0.5860771970559016,-1.8341777061342297,Normal,0.08062239331640361,0.6069623918204423,0.3624500489173402,0.5139342451971962,0.6370991297705244,0.4307618829230814,0.27287444979729564,0.15903754068318832,0.585576900654768,0.3414341982725732,0.1971594937869303,0.12385970294505609,0.5885530502164051,0.20806394919924226,0.04397732937087698,2026-09-20T03:33:45Z
824546,671976,Tristan Peters,CWS,DET,1,7,projected,Troy Melton,Rate Field,2026-09-20T18:10:00Z,3.7439381827871037,484,631,0.46095344846540576,0.6254478272861538,-0.5729213267922367,Normal,0.11654669321851345,0.5994489850544171,0.3651767198621353,0.46706906723524005,0.6468827141470098,0.43870136730155795,0.27812479581646166,0.16192085427536468,0.5787874920860416,0.3487400683782908,0.2063524475470655,0.14642273879031636,0.581659733914113,0.19901271923018388,0.039226125152741625,2026-09-20T03:33:45Z
824546,693307,Dillon Dingler,DET,CWS,0,7,projected,Davis Martin,Rate Field,2026-09-20T18:10:00Z,3.9121475054229937,1142,1682,0.40298857669881644,0.5777934338104798,-1.8383927186987283,Normal,0.11054004183795448,0.6166459713883232,0.249053941983204,0.642324482328838,0.65080559859495,0.4442451531016627,0.28386824646136016,0.1669512103128607,0.5945706547950202,0.3507065510571607,0.20469561736333733,0.1418840343263622,0.5976430482299782,0.21516339249151953,0.04611493984785152,2026-09-20T03:33:45Z
824546,686668,Brenton Doyle,CWS,DET,1,8,projected,Troy Melton,Rate Field,2026-09-20T18:10:00Z,3.5835015863859243,1775,631,0.3855012449598904,0.6177913415918341,-0.8263141431445715,Normal,0.08013351596577463,0.5476654221919925,0.20314981295451684,0.7007125471176662,0.6036193921833558,0.39505477706301323,0.24187644544412332,0.1353948406819658,0.5307399918180329,0.2847148953522513,0.15451741542174388,0.10267190256120821,0.5330896939090399,0.15993522336520075,0.0267020550472859,2026-09-20T03:33:45Z
824546,595879,Javier Báez,DET,CWS,0,8,projected,Davis Martin,Rate Field,2026-09-20T18:10:00Z,3.7734994337485843,2047,1682,0.41373611181668685,0.5683179120889497,-1.558946757597607,Normal,0.075254422050552,0.5985272394524926,0.1925807201266864,0.6092510875541645,0.6287361667498422,0.4213076750047069,0.26435546569792817,0.15234357338719148,0.5778664658870312,0.32014058922765043,0.17122157159722484,0.10700443240494874,0.5807399620186577,0.1997271290497765,0.04034325821763314,2026-09-20T03:33:45Z
824546,668670,Jake Rogers,CWS,DET,1,9,projected,Troy Melton,Rate Field,2026-09-20T18:10:00Z,3.4076134699853586,1015,631,0.38995194289703133,0.6185947757456137,-1.1293519026748031,Normal,0.09118999009173422,0.48007421054370164,0.2848423592251152,0.6814585143435148,0.5718515006857299,0.36472055757568583,0.2176904046201572,0.11832367845626307,0.46739721194706785,0.25100823259241545,0.14092738600903573,0.1044748805517119,0.46915517733826206,0.11742996808968735,0.01573825311912308,2026-09-20T03:33:45Z
824546,701678,Hao-Yu Lee,DET,CWS,0,9,projected,Davis Martin,Rate Field,2026-09-20T18:10:00Z,3.6080709263222257,326,1682,0.44160457491721034,0.5655036064276932,0.4307569850301793,Normal,0.09052452511076543,0.597352163939215,0.26802655684768323,0.5974887702150115,0.6379436393701398,0.42983159886339795,0.2709817668396106,0.15690613060570194,0.5768423541547416,0.32714077469705993,0.18071661191332505,0.11972603290015656,0.5796941763731482,0.19780087097274762,0.03927634911612479,2026-09-20T03:33:45Z
824789,683002,Gunnar Henderson,BAL,MIL,1,1,projected,Jacob Misiorowski,Oriole Park at Camden Yards,2026-09-20T23:20:00Z,4.426836551861437,2802,908,0.6033857997532314,0.6663668892520324,0.13854396629631624,Normal,0.1457798871583935,0.5926184285314612,0.40736014696478606,0.8366465745927054,0.6872696562127295,0.4849488323164988,0.32058141145451463,0.19598403015740903,0.5722068303319672,0.3545440084511632,0.22977814214363954,0.1740146687911631,0.5750478461812598,0.19843965242090023,0.04157852251416255,2026-09-20T03:33:45Z
824789,592885,Christian Yelich,MIL,BAL,0,1,projected,Brandon Young,Oriole Park at Camden Yards,2026-09-20T23:20:00Z,4.604683468942251,2740,885,0.6971265250081634,0.665615610992429,-0.23793425456992545,Normal,0.1386832738239444,0.6893844093749707,0.41437146042626644,0.659644057396947,0.7352423945956348,0.5415957384387058,0.37396149095062686,0.23987041504336656,0.6612591711678493,0.41463461751888414,0.2562539482087419,0.1810034793391878,0.6651934490601035,0.2867059883263592,0.07915151476497022,2026-09-20T03:33:45Z
824789,624413,Pete Alonso,BAL,MIL,1,2,projected,Jacob Misiorowski,Oriole Park at Camden Yards,2026-09-20T23:20:00Z,4.320015293442936,3417,908,0.5809613549359902,0.6668662708464874,-0.016371741499548627,Normal,0.21412171305486705,0.6188322751204713,0.3943668546048946,0.7768028269566246,0.7123387130450209,0.5127109889215867,0.34530565807990027,0.21522309090566838,0.5965040796971115,0.39285380271760856,0.27391652765568686,0.23085557308073812,0.5996136704610487,0.21876281352503718,0.04843437009542558,2026-09-20T03:33:45Z
824789,668930,Brice Turang,MIL,BAL,0,2,projected,Brandon Young,Oriole Park at Camden Yards,2026-09-20T23:20:00Z,4.513137557959815,2376,885,0.6519187936255832,0.6632706981691461,1.4103979584687598,Normal,0.11733954217137148,0.684163501879756,0.4759603949271875,0.6356961433541367,0.7195299898478763,0.5222518843314288,0.35514437482107714,0.2239679573318426,0.6565062396007492,0.400196841761063,0.23880178720504405,0.16128609221281037,0.6603722595973806,0.28043981707413485,0.07551488551113168,2026-09-20T03:33:45Z
824789,694212,Samuel Basallo,BAL,MIL,1,3,projected,Jacob Misiorowski,Oriole Park at Camden Yards,2026-09-20T23:20:00Z,4.222100054975261,508,908,0.4387732702712923,0.655390532036817,-0.9346080073515313,Normal,0.16005213353325484,0.5489080441237986,0.33428349365109794,0.8818318893330734,0.6394233078918239,0.4329792080862743,0.2746520866829623,0.16030727418154953,0.5316513096338423,0.31880481296446955,0.21072212920305805,0.17346434152516538,0.534049218982534,0.16457370602771482,0.02971316128127841,2026-09-20T03:33:45Z
824789,661388,William Contreras,MIL,BAL,0,3,projected,Brandon Young,Oriole Park at Camden Yards,2026-09-20T23:20:00Z,4.400406879970409,2937,885,0.5519717662156741,0.6588676639873038,0.17721674458487366,Normal,0.12679625660618682,0.7123969458868369,0.31739545230526217,0.5675283188997238,0.728050875420543,0.5319775092837781,0.363967605233087,0.2309228127347164,0.6823128503351932,0.4348271308305667,0.26197373830687637,0.1769164918358222,0.6865241469754453,0.3091272293772371,0.08885842167389169,2026-09-20T03:33:45Z
824789,687952,Christian Encarnacion-Strand,BAL,MIL,1,4,projected,Jacob Misiorowski,Oriole Park at Camden Yards,2026-09-20T23:20:00Z,4.139847139020863,694,908,0.42044183978022626,0.6449844955452885,0.5307463445826254,Normal,0.1410789076582268,0.6054394287604608,0.25325357251397573,0.827185293875843,0.6685413247388373,0.4626545113392981,0.2994844165057519,0.17859805953940935,0.5842268195158955,0.34869183643565194,0.21401201724921168,0.16268433923728554,0.5871778946607802,0.20574546743461608,0.04259112080130221,2026-09-20T03:33:45Z
824789,694192,Jackson Chourio,MIL,BAL,0,4,projected,Brandon Young,Oriole Park at Camden Yards,2026-09-20T23:20:00Z,4.319891914362919,1707,885,0.5478854118547936,0.6514344127047285,-0.23418856618152342,Normal,0.15051779903293183,0.7241650547935519,0.22770156605512323,0.6587527899208884,0.7430984614695358,0.5494220382877028,0.379995626591744,0.2437025904887103,0.693060878889874,0.4578329599628174,0.2907304499233573,0.20486597078371685,0.6974159379542963,0.32065383032046557,0.09373594062777241,2026-09-20T03:33:45Z
824789,687637,Dylan Beavers,BAL,MIL,1,5,projected,Jacob Misiorowski,Oriole Park at Camden Yards,2026-09-20T23:20:00Z,4.019521717911176,473,908,0.41738336713510404,0.6304159159743783,-1.1047646762723198,Normal,0.10616487803791633,0.5458753461692408,0.39379687871422303,0.8714219008063808,0.619558680976451,0.4122564092010584,0.256879430530252,0.14685912982163682,0.5288983851675813,0.3020960057538375,0.1728662943683011,0.12604590473518304,0.5312564317603301,0.16122942729767298,0.028114263443991854,2026-09-20T03:33:45Z
824789,683734,Andrew Vaughn,MIL,BAL,0,5,projected,Brandon Young,Oriole Park at Camden Yards,2026-09-20T23:20:00Z,4.190453686200378,2564,885,0.43243768325651777,0.6426096283808181,-0.4201546579667076,Normal,0.10920900457941676,0.7005337680847076,0.2882322392791619,0.5716527522733956,0.7013175945308545,0.4995925724022042,0.33293569117298577,0.20508185128367673,0.6715330345863224,0.4193736371890753,0.2443836415054214,0.1589749895305746,0.6755855885956404,0.2942769921679153,0.07992526321019419,2026-09-20T03:33:45Z
824789,681297,Colton Cowser,BAL,MIL,1,6,projected,Jacob Misiorowski,Oriole Park at Camden Yards,2026-09-20T23:20:00Z,3.8890302876049887,1372,908,0.42521355929497445,0.6179875954236019,0.3780371145001013,Normal,0.1319343667935056,0.5117457414160103,0.3748148670999128,0.9192383797623277,0.6161523906891638,0.40853378502841214,0.2535769099328462,0.1442853017742597,0.49698385938248535,0.2840222961397436,0.17804072084114267,0.14375047634322574,0.49903272004463617,0.13864764597971413,0.0217155772173291,2026-09-20T03:33:45Z
824789,641343,Jake Bauers,MIL,BAL,0,6,projected,Brandon Young,Oriole Park at Camden Yards,2026-09-20T23:20:00Z,4.056710289966641,1384,885,0.6175230662076422,0.6329364838282362,-0.25432528997974807,Normal,0.16711485867133086,0.6131608357156284,0.5691018267120072,0.6656221609023211,0.7016249500886058,0.4997802659095714,0.33295424247526845,0.2049613813156338,0.5913077937559542,0.36989340134213067,0.24112284502317494,0.18992899451312517,0.5943496018249753,0.21310758667733448,0.04578805243394353,2026-09-20T03:33:45Z
824789,691723,Coby Mayo,BAL,MIL,1,7,projected,Jacob Misiorowski,Oriole Park at Camden Yards,2026-09-20T23:20:00Z,3.7439381827871037,765,908,0.4183141183833557,0.6100358773368939,1.7747760280554317,Normal,0.141855416329463,0.5416002045445233,0.29353578245493583,0.8160164737581646,0.6298915493846563,0.4215692735454032,0.263912321205865,0.15153574296533046,0.5249827210618523,0.31128873662754597,0.19771909891921113,0.15739331726721356,0.5272900162750265,0.1571939608393042,0.02647147182980257,2026-09-20T03:33:45Z
824789,686217,Sal Frelick,MIL,BAL,0,7,projected,Brandon Young,Oriole Park at Camden Yards,2026-09-20T23:20:00Z,3.9121475054229937,1710,885,0.459408313757308,0.6238544982859539,-0.6222878333386227,Normal,0.08018602321730392,0.6309249673326824,0.3283181741750504,0.3873800425759161,0.652365781498599,0.4458592120579457,0.28523735120734584,0.16797365914702123,0.6077440600824524,0.3375245871208365,0.18121805784051595,0.113275762036259,0.610971827674699,0.22718689464458455,0.05056312816520455,2026-09-20T03:33:45Z
824789,665966,Carlos Narváez,BAL,MIL,1,8,projected,Jacob Misiorowski,Oriole Park at Camden Yards,2026-09-20T23:20:00Z,3.5835015863859243,735,908,0.3467403621418819,0.6040126087061565,-1.7893467738407383,Normal,0.07680564712965879,0.5022955013941156,0.28026133632965283,0.8030955926883652,0.5735962293391041,0.36722371049437963,0.2201683657044567,0.12037051064684097,0.4882348126482658,0.2583052441857791,0.1328740315516117,0.09226542577309556,0.49018551181836034,0.13126744068322455,0.019294541419283086,2026-09-20T03:33:45Z
824789,596142,Gary Sánchez,MIL,BAL,0,8,projected,Brandon Young,Oriole Park at Camden Yards,2026-09-20T23:20:00Z,3.7734994337485843,1380,885,0.4497721425513508,0.609885357155238,-0.7468598749466062,Normal,0.14129454246416645,0.5766884435534155,0.34496117637009016,0.6488891032095705,0.6512074326532741,0.4440621237483862,0.28334265210353726,0.1663172060903587,0.5576053714941869,0.3356835102345369,0.2078463856833202,0.1609848165888897,0.5602579702633919,0.18311441552972582,0.03488936866574872,2026-09-20T03:33:45Z
824789,665750,Leody Taveras,BAL,MIL,1,9,projected,Jacob Misiorowski,Oriole Park at Camden Yards,2026-09-20T23:20:00Z,3.4076134699853586,2071,908,0.37700431158447867,0.6045276622243111,-2.019367499429633,Cold,0.07978838617676375,0.4880397491357232,0.24651233434523817,0.8004589482335975,0.5674806524894516,0.3607999636178658,0.21470972897820167,0.11630926247831631,0.47490839398334633,0.2440973080325608,0.1343000258791691,0.09460663222501041,0.4767295211490521,0.12186401546507898,0.016716316328501745,2026-09-20T03:33:45Z
824789,687401,Joey Ortiz,MIL,BAL,0,9,projected,Brandon Young,Oriole Park at Camden Yards,2026-09-20T23:20:00Z,3.6080709263222257,1447,885,0.4479519680634528,0.6073130093001572,1.9170481358826492,Normal,0.0775094912590929,0.6137354746208598,0.22504722413691594,0.513876278584105,0.6432647685270944,0.4352135748494804,0.2754620606233818,0.16019367912891672,0.5920001245917561,0.3305051466292589,0.17872822036759548,0.11148030966088733,0.5950236843787382,0.21082933602680604,0.0437259583700538,2026-09-20T03:33:45Z
825028,682998,Corbin Carroll,AZ,NYY,1,1,projected,Will Warren,Chase Field,2026-09-20T20:10:00Z,4.426836551861437,2724,1462,0.7571617259793154,0.6616471477528457,-1.5154974243824288,Normal,0.15611080122805585,0.6710108158999172,0.4454032438750174,0.628383144107387,0.7394434088532367,0.5455322206322563,0.37673371007718026,0.24136284875230823,0.6444794057509045,0.43718160771589937,0.3010338995448826,0.21724285765178292,0.648183855318697,0.2665726016419734,0.0685448460267399,2026-09-20T03:33:45Z
825028,671218,Heliot Ramos,NYY,AZ,0,1,projected,Corbin Burnes,Chase Field,2026-09-20T20:10:00Z,4.604683468942251,1704,2662,0.5176041341734415,0.6001755373408257,-0.20875105034463337,Normal,0.121561732490885,0.6512082657598568,0.31646263533811253,0.7825948311285079,0.6837875286567476,0.4822230885701986,0.3190022262935346,0.1953932151333949,0.6262350805313048,0.37814535353905976,0.2265310766624435,0.158034853617931,0.6297210969545173,0.2498032774286789,0.0624932534825998,2026-09-20T03:33:45Z
825028,663457,Lars Nootbaar,AZ,NYY,1,2,projected,Will Warren,Chase Field,2026-09-20T20:10:00Z,4.320015293442936,2143,1462,0.5603723854143525,0.6619127275892077,-0.21815608893248842,Normal,0.11733788435700727,0.6447948825379045,0.4783631829291465,0.5791357616395716,0.6858814809346294,0.4828384621665137,0.3182381662427927,0.1937980577391779,0.6204342594482226,0.37895951168168346,0.22497273716802696,0.15526824039243,0.6238302277406907,0.24123355862600407,0.05716601422743769,2026-09-20T03:33:45Z
825028,671277,Luis García Jr.,NYY,AZ,0,2,projected,Corbin Burnes,Chase Field,2026-09-20T20:10:00Z,4.513137557959815,2432,2662,0.530576873065528,0.5949501022702108,-0.44673904906908474,Normal,0.14767213165609583,0.6877843431802562,0.24474409502682576,0.6173671653352325,0.709070620524526,0.5100901078921453,0.34384839366662,0.21481396492441615,0.6598203591795204,0.42011807450758737,0.264981809975687,0.19048225797451768,0.6637300804532392,0.2840805136864719,0.07721610391257967,2026-09-20T03:33:45Z
825028,606466,Ketel Marte,AZ,NYY,1,3,projected,Will Warren,Chase Field,2026-09-20T20:10:00Z,4.222100054975261,2936,1462,0.5496630547489624,0.6492385099810238,-0.4113828789252453,Normal,0.15867463692825426,0.6725047520141559,0.4016784726899912,0.48009928327871754,0.7117670469711367,0.5112155491244216,0.34328324866133003,0.213109431147682,0.6459210994630151,0.41985986679250653,0.2694593167985704,0.19884091998102416,0.6496297310191275,0.26566917239791343,0.06657155715527101,2026-09-20T03:33:45Z
825028,642708,Amed Rosario,NYY,AZ,0,3,projected,Corbin Burnes,Chase Field,2026-09-20T20:10:00Z,4.400406879970409,1986,2662,0.4608840083968372,0.5741062179897669,-0.056838275164230546,Normal,0.09667533385060362,0.6743339434367507,0.2186303673106471,0.6840993870517804,0.6749231720205345,0.47163853962254537,0.3089119838735259,0.18700040106062008,0.6475155368465849,0.3875490868464279,0.22703596798774678,0.14601732580405594,0.6512611747692852,0.27010601540828605,0.0703171286196352,2026-09-20T03:33:45Z
825028,571448,Nolan Arenado,AZ,NYY,1,4,projected,Will Warren,Chase Field,2026-09-20T20:10:00Z,4.139847139020863,2867,1462,0.4650697045290556,0.6382053375655954,1.339666725876416,Normal,0.15487380007168816,0.6512685181164815,0.28270203919889964,0.6121397759862591,0.6852747547398237,0.4807523399255153,0.3153198092459347,0.19073331322339437,0.6264755864471843,0.3881478859425917,0.24296324152290388,0.18266148329752754,0.6299299743989335,0.2448009659078057,0.05719782836321957,2026-09-20T03:33:45Z
825028,641857,Ryan McMahon,NYY,AZ,0,4,projected,Corbin Burnes,Chase Field,2026-09-20T20:10:00Z,4.319891914362919,2803,2662,0.42241025917792435,0.5592238117874674,-0.49254691872761514,Normal,0.1149417036461131,0.5956106264617236,0.3685984873508396,0.8025722034419904,0.6425974751309106,0.43698100333491036,0.27857204000583036,0.16362236236728345,0.575021889409785,0.33786214219514193,0.19727109405546542,0.14121179170166565,0.5778872631272151,0.20004574541803366,0.04177830299460542,2026-09-20T03:33:45Z
825028,660821,Jesús Sánchez,AZ,NYY,1,5,projected,Will Warren,Chase Field,2026-09-20T20:10:00Z,4.019521717911176,2086,1462,0.45214024710600376,0.6229426112984086,-0.993266152613278,Normal,0.11879835368207593,0.6392512180121038,0.3511032668921573,0.6401858431644905,0.6686326844550193,0.46235888117182145,0.2989212370233851,0.17793490537220744,0.6154495021222476,0.37714415000894763,0.22447079334251058,0.15572307736894733,0.618763489411141,0.2334341297446781,0.052298650645830176,2026-09-20T03:33:45Z
825028,502671,Paul Goldschmidt,NYY,AZ,0,5,projected,Corbin Burnes,Chase Field,2026-09-20T20:10:00Z,4.190453686200378,2896,2662,0.44911874186672307,0.541738315398839,0.7774212123592265,Normal,0.1281132506842977,0.639043008364318,0.2771606474741067,0.6971626380981755,0.6763305612361887,0.4719361457383662,0.30826466269768543,0.18582640675061968,0.6151740576588617,0.3742713957459389,0.22198172870568247,0.15874845360333137,0.6184999605923827,0.23538785284208277,0.05442238087309972,2026-09-20T03:33:45Z
825028,656976,Pavin Smith,AZ,NYY,1,6,projected,Will Warren,Chase Field,2026-09-20T20:10:00Z,3.8890302876049887,1054,1462,0.45493959116181754,0.6103253678150098,-0.8514212375941513,Normal,0.11777741919351935,0.5935280281233641,0.4316504531435834,0.6241611373901401,0.6501179753908327,0.44253479155938197,0.28167389914009194,0.16476411396016502,0.5732581200819171,0.33584759598127933,0.19543566185010758,0.14150508973493206,0.5760759752571509,0.19513887444575273,0.038266025537471285,2026-09-20T03:33:45Z
825028,641355,Cody Bellinger,NYY,AZ,0,6,projected,Corbin Burnes,Chase Field,2026-09-20T20:10:00Z,4.056710289966641,2869,2662,0.49307896967662573,0.5298559407032252,1.8594194623023426,Normal,0.12144483151016315,0.6328190801762396,0.30943582623818894,0.5448440510796387,0.6838138091252285,0.4799258783811619,0.3151622539387712,0.19102953403641246,0.6094476680635498,0.36549042694227485,0.21891090289836784,0.15433959393502752,0.6127029877278254,0.22967299482490014,0.051971963017409056,2026-09-20T03:33:45Z
825028,672515,Gabriel Moreno,AZ,NYY,1,7,projected,Will Warren,Chase Field,2026-09-20T20:10:00Z,3.7439381827871037,1631,1462,0.4195551435544078,0.6027916874526894,0.9516605966635525,Normal,0.09251157149929011,0.6390039710985962,0.32093653413702306,0.5388830786631631,0.6587658982901239,0.4509836867293076,0.28849350029738274,0.16960985729786449,0.615293876278812,0.35334886126101617,0.19320695717208508,0.12495129779096571,0.6185935061038165,0.23166996165006323,0.05074952917293607,2026-09-20T03:33:45Z
825028,683011,Anthony Volpe,NYY,AZ,0,7,projected,Corbin Burnes,Chase Field,2026-09-20T20:10:00Z,3.9121475054229937,2109,2662,0.38106861758189936,0.5261147324493087,0.6404890860933738,Normal,0.08825480983743483,0.5700284862515353,0.2583274739263188,0.6729749003316767,0.6159958079907133,0.4093161399203663,0.2548729757975044,0.14569001838288523,0.5513609165866693,0.3150508780335568,0.17717796140304892,0.11793836391850361,0.5539557219336487,0.17899672511944387,0.03387669000485659,2026-09-20T03:33:45Z
825028,545121,Ildemaro Vargas,AZ,NYY,1,8,projected,Will Warren,Chase Field,2026-09-20T20:10:00Z,3.5835015863859243,1405,1462,0.3964132866748434,0.597601112722073,-0.4097531040322109,Normal,0.07741093737280631,0.6100933954011379,0.2502738872922672,0.3496430539258309,0.627435344730209,0.418104923109782,0.26040804099492626,0.14855796621364217,0.5887288160638767,0.32563556052437814,0.1738395994316205,0.108650647876917,0.5916984777798163,0.20582160838792482,0.04071136444984327,2026-09-20T03:33:45Z
825028,676609,José Caballero,NYY,AZ,0,8,projected,Corbin Burnes,Chase Field,2026-09-20T20:10:00Z,3.7734994337485843,1568,2662,0.3933899443978462,0.5228208725110053,-0.7069246105939367,Normal,0.08391505916345851,0.5567691983141044,0.27752739361518525,0.678805227357948,0.6038540414698865,0.39708046722062573,0.24469408867764578,0.1382138678174884,0.5390653613521398,0.29057074354510254,0.15481383288610642,0.10471575465856531,0.5415251372376323,0.16880333042503556,0.03047694607777017,2026-09-20T03:33:45Z
825028,672695,Geraldo Perdomo,AZ,NYY,1,9,projected,Will Warren,Chase Field,2026-09-20T20:10:00Z,3.4076134699853586,2746,1462,0.49487938509275825,0.5978870646455674,0.49921051628835766,Normal,0.06824745879660658,0.5678268273399006,0.44177292913416255,0.38414417346167945,0.6242352068137375,0.41386976923124874,0.2562630611194808,0.1451211278458827,0.5496336732958121,0.28711544652538534,0.1495656819451202,0.09314339349202949,0.5521595374971924,0.1723743531925385,0.029582606809845806,2026-09-20T03:33:45Z
825028,669224,Austin Wells,NYY,AZ,0,9,projected,Corbin Burnes,Chase Field,2026-09-20T20:10:00Z,3.6080709263222257,1307,2662,0.4019630899820297,0.5171986200498255,-0.5727335684125616,Normal,0.11537051617670006,0.5135533287331312,0.33043503744337965,0.6678506800591353,0.5975826334039683,0.39051510112604204,0.23910346065988425,0.13403189234481594,0.49870410247875313,0.2846420458870582,0.16804748993037308,0.12991473550697274,0.5007653113407354,0.13960096082127763,0.022056167859376533,2026-09-20T03:33:45Z
