game_pk,player_id,name,team,opponent,is_home,lineup_slot,lineup_status,opposing_pitcher,venue_name,start_time_utc,expected_pa,batter_pa_seen,pitcher_pa_seen,prob_hr,prob_hit,prob_walk,prob_k,prob_hrr_over_0.5,prob_hrr_over_1.5,prob_hrr_over_2.5,prob_hrr_over_3.5,prob_tb_over_0.5,prob_tb_over_1.5,prob_tb_over_2.5,prob_tb_over_3.5,prob_hits_over_0.5,prob_hits_over_1.5,prob_hits_over_2.5,predicted_at_utc,form_z,form_state
822688,682928,CJ Abrams,WSH,MIA,1,1,confirmed,Janson Junk,Nationals Park,2026-08-30T16:15:00Z,4.382795189053746,2981,1146,0.1326576183421625,0.7086577280118584,0.3259828414380621,0.5974348093513744,0.7224550004511869,0.5276262273286618,0.3619599228523397,0.230287945702801,0.6733025521122793,0.435635207468038,0.2754896324137814,0.1964972851651311,0.6822140391432434,0.3056009780922957,0.0877006781813287,2026-08-30T18:51:35Z,,
822688,681715,Heriberto Hernández,MIA,WSH,0,1,confirmed,Andrew Alvarez,Nationals Park,2026-08-30T16:15:00Z,4.36165673939313,758,501,0.1483609897057647,0.6289287625304361,0.444741131201848,0.7406469337884569,0.6874591787930344,0.4886593684210364,0.3269422311142531,0.2026707276920129,0.6203950158789969,0.3818286674862737,0.2337211212038087,0.1671658391621801,0.6082677247898322,0.2307944194774391,0.0552326452379706,2026-08-30T18:51:35Z,,
822688,694673,Abimelec Ortiz,WSH,MIA,1,2,confirmed,Janson Junk,Nationals Park,2026-08-30T16:15:00Z,3.50805930897079,141,1146,0.1142764954067898,0.6093300241716529,0.2632162538786745,0.566187007712254,0.6400996606219036,0.43282396495311,0.2747908903929765,0.1602201788492875,0.5836100002783715,0.3413773557764725,0.2010730458143048,0.1440308258410306,0.5904290361023551,0.2061904946369776,0.0422973334389586,2026-08-30T18:51:35Z,,
822688,672640,Otto Lopez,MIA,WSH,0,2,confirmed,Andrew Alvarez,Nationals Park,2026-08-30T16:15:00Z,4.36165673939313,1764,501,0.0796319658953087,0.6776329162758551,0.3239740214907468,0.4695583019817275,0.6866579095660887,0.4869408665304413,0.3246921006321021,0.2003261611677008,0.6008991790698004,0.3620195638313502,0.2181701287157756,0.1560994293366459,0.6535236604536784,0.2743386511628177,0.0729643952355887,2026-08-30T18:51:35Z,,
822688,665953,Andrés Chaparro,WSH,MIA,1,3,confirmed,Janson Junk,Nationals Park,2026-08-30T16:15:00Z,3.5080593089707905,529,1146,0.1177510892182573,0.5642355504322151,0.2733538431426918,0.5261481940306973,0.6091760460804059,0.4023743848070498,0.2497742811908618,0.1419160728018096,0.560363610702948,0.3206568808125132,0.1862196384582013,0.1338005297160489,0.5481887426330068,0.1722081613042677,0.0310544275279938,2026-08-30T18:51:35Z,,
822688,682663,Agustín Ramírez,MIA,WSH,0,3,confirmed,Andrew Alvarez,Nationals Park,2026-08-30T16:15:00Z,4.361656739393131,834,501,0.1010714086475516,0.6134769928868349,0.3956639327681352,0.6400208529241631,0.6494661990151845,0.446561750614844,0.2889312203562819,0.1723943342280946,0.5813734243061979,0.3433141723582352,0.2041494795492638,0.1463530360958696,0.5939446384740852,0.2156767465799969,0.0481532590096571,2026-08-30T18:51:35Z,,
822688,695734,Daylen Lile,WSH,MIA,1,4,confirmed,Janson Junk,Nationals Park,2026-08-30T16:15:00Z,3.5080593089707905,1012,1146,0.1013162302337465,0.6338267277467744,0.2317086689372108,0.4477533379349242,0.6482113310075067,0.4439802414602395,0.2856118445695523,0.168935087509962,0.6007167278788141,0.3599238048645041,0.2153723776361793,0.1536501035125756,0.6129355881401104,0.2306256655240137,0.0519660128492129,2026-08-30T18:51:35Z,,
822688,665923,Esteury Ruiz,MIA,WSH,0,4,confirmed,Andrew Alvarez,Nationals Park,2026-08-30T16:15:00Z,3.986311725605409,1013,501,0.0783442790869068,0.5786643404165356,0.4404787375236788,0.7097422380715316,0.6046111707135413,0.4008827787106302,0.2503719862326001,0.1435249926077906,0.5321302591227939,0.2993638013312587,0.1726093996095129,0.1246990198912433,0.5614715155612389,0.1869969433632418,0.0375153136843716,2026-08-30T18:51:35Z,,
822688,686611,Dylan Crews,WSH,MIA,1,5,confirmed,Janson Junk,Nationals Park,2026-08-30T16:15:00Z,3.50805930897079,941,1146,0.0777320057246325,0.5416200760305572,0.2459594687856667,0.5810349609025491,0.5735091204269329,0.3705370905642247,0.2253264041653789,0.1250250608518114,0.5019441618458241,0.2735622344635709,0.1543661197172054,0.1121000193404589,0.5267476316264502,0.1587006636879174,0.0273310153664895,2026-08-30T18:51:35Z,,
822688,669364,Xavier Edwards,MIA,WSH,0,5,confirmed,Andrew Alvarez,Nationals Park,2026-08-30T16:15:00Z,3.986311725605409,1718,501,0.051344835097081,0.6446071466011082,0.3291249045471772,0.5034642233747683,0.6312875696367675,0.4270390169653601,0.2715530903314506,0.1586553572738941,0.5495454796700735,0.3139312596364282,0.1824243920183757,0.1312160096432937,0.6229417023594513,0.2407133736049667,0.0563187298850239,2026-08-30T18:51:35Z,,
822688,678391,Jorbit Vivas,WSH,MIA,1,6,confirmed,Janson Junk,Nationals Park,2026-08-30T16:15:00Z,3.043549624140983,488,1146,0.0625269307998173,0.5423092720686922,0.3181383243199356,0.3505142526493442,0.5461169262220203,0.3404007841582736,0.1990772268340954,0.1051157245450884,0.4859985152731629,0.2558824317045373,0.1407303191347196,0.1028767671376651,0.5279967289782405,0.1499698357668881,0.0214646243332756,2026-08-30T18:51:35Z,,
822688,691594,Javier Sanoja,MIA,WSH,0,6,confirmed,Andrew Alvarez,Nationals Park,2026-08-30T16:15:00Z,3.4949487895642206,839,501,0.0654752660550489,0.5760827344871937,0.254323845052789,0.3437633481657413,0.585148910783141,0.3797081849444918,0.2317082180530478,0.1290545883273508,0.5276883003233725,0.292971700539069,0.167017640996498,0.1207214418839309,0.5592941094306081,0.1805768220665492,0.0333140351721664,2026-08-30T18:51:35Z,,
822688,695670,Harry Ford,WSH,MIA,1,7,confirmed,Janson Junk,Nationals Park,2026-08-30T16:15:00Z,3.043549624140982,152,1146,0.0734816168321501,0.5218827702483184,0.3048709557007217,0.5578401769157757,0.5579767647710699,0.349891961986499,0.2055329103319647,0.108970123110882,0.4868876499063099,0.2558056805832486,0.1403291754985413,0.1025715055990044,0.5087950695391196,0.1360550479425229,0.0176573558019393,2026-08-30T18:51:35Z,,
822688,677870,Leo Jiménez,MIA,WSH,0,7,confirmed,Andrew Alvarez,Nationals Park,2026-08-30T16:15:00Z,3.4949487895642197,544,501,0.0647179833492621,0.5073852793534753,0.4282053347978887,0.576617536913523,0.5403295954562775,0.3391474699088946,0.2004848640542293,0.1076037621600968,0.4614531038956891,0.2411479085076274,0.1327677828799503,0.0975801054694657,0.4946452925844504,0.1342764621338749,0.0202931757085135,2026-08-30T18:51:35Z,,
822688,696285,Jacob Young,WSH,MIA,1,8,confirmed,Janson Junk,Nationals Park,2026-08-30T16:15:00Z,3.0435496241409834,1549,1146,0.048220402650139,0.5225894594677022,0.20885304708911,0.4081332650449571,0.5387799160013762,0.3353868701245688,0.1962086094540726,0.1037755745868681,0.4557050302025803,0.2348571416957996,0.1279323344460409,0.0942877517813324,0.5092627541000889,0.1396972908061046,0.0200175878494744,2026-08-30T18:51:35Z,,
822688,805300,Jakob Marsee,MIA,WSH,0,8,confirmed,Andrew Alvarez,Nationals Park,2026-08-30T16:15:00Z,3.49494878956422,814,501,0.0617581595466291,0.5294807948853464,0.3947082273304663,0.5455350299152226,0.574172091183852,0.370596992421411,0.225070064457868,0.1246680857644973,0.4860592745089908,0.2607079598822908,0.145710820929778,0.1062563881706098,0.5153646588783608,0.1499277151823225,0.0246627155364438,2026-08-30T18:51:35Z,,
822688,683083,Nasim Nuñez,WSH,MIA,1,9,confirmed,Janson Junk,Nationals Park,2026-08-30T16:15:00Z,2.9755860212579623,753,1146,0.051203641444222,0.5232580572537276,0.2728129698492526,0.3916474510403492,0.5439274860774654,0.3376990404883173,0.1965653817724564,0.1031137019238071,0.4519944520479779,0.2304266731568092,0.1244441539998641,0.0919366992216531,0.5101045577841331,0.1367749432372194,0.0178186006025712,2026-08-30T18:51:35Z,,
822688,640459,Brian Navarreto,MIA,WSH,0,9,confirmed,Andrew Alvarez,Nationals Park,2026-08-30T16:15:00Z,2.7726376788232145,102,501,0.0663871180893118,0.4531146972958442,0.2631100974426283,0.5376954783934017,0.4938814973343362,0.2939040870974202,0.1638773922229685,0.0813666606403497,0.4313987417037347,0.2137088746339379,0.113242272851512,0.0844123723833484,0.4437797711173607,0.0947662684980837,0.0083328070813977,2026-08-30T18:51:35Z,,
822766,703520,Brett Bateman,TOR,SEA,1,1,confirmed,Logan Gilbert,Rogers Centre,2026-08-30T17:37:00Z,4.088009651824725,118,3887,0.0981889090260505,0.6514722633623168,0.3309228208711807,0.6507276325943686,0.6659149945722606,0.4639265373550115,0.3041128415818061,0.1841801557132324,0.5971079648861108,0.3580769089150021,0.215183142043173,0.1540743974859609,0.6293223320458585,0.2489143382736265,0.061784700957169,2026-08-30T18:51:35Z,,
822766,668227,Randy Arozarena,SEA,TOR,0,1,confirmed,Max Scherzer,Rogers Centre,2026-08-30T17:37:00Z,4.699778802188704,3485,2279,0.1504845161501188,0.664806354182932,0.390305101118146,0.7713724335893007,0.7170790730965844,0.522321002025854,0.3578346774135509,0.2275915034667958,0.648348535568275,0.4100860073252117,0.2556868065084668,0.1826704123593954,0.6416209226614483,0.2631614158388667,0.0688802164776945,2026-08-30T18:51:35Z,,
822766,665489,Vladimir Guerrero Jr.,TOR,SEA,1,2,confirmed,Logan Gilbert,Rogers Centre,2026-08-30T17:37:00Z,4.088009651824724,3579,3887,0.1281197311272164,0.6616566411825168,0.2833621265843604,0.4994638287399359,0.7007007170492082,0.5018505952232812,0.3373285302990135,0.2096033668016618,0.6243342560312212,0.3838088836373841,0.2338884402233797,0.1667059153761017,0.6387298776207541,0.2572925522084123,0.0638149644148877,2026-08-30T18:51:35Z,,
822766,686527,Dominic Canzone,SEA,TOR,0,2,confirmed,Max Scherzer,Rogers Centre,2026-08-30T17:37:00Z,4.240696123286306,1261,2279,0.1885476194250213,0.6422200746381266,0.3342773742616213,0.6363318824783107,0.7051772365296769,0.5080196013802096,0.3442339210511401,0.2163180996361679,0.6617788816411827,0.4237976883686171,0.2664600218413156,0.1903346089361198,0.6206836612488362,0.2416682574350016,0.0593962005129803,2026-08-30T18:51:35Z,,
822766,672386,Alejandro Kirk,TOR,SEA,1,3,confirmed,Logan Gilbert,Rogers Centre,2026-08-30T17:37:00Z,4.088009651824724,2360,3887,0.1064017039898955,0.642885874249444,0.3105092968323191,0.4650902385459149,0.6484446957183394,0.4443079385955176,0.2861385330584762,0.1696435915084349,0.587194931664752,0.347456570360656,0.206520219801562,0.1477960350189832,0.6213966430095638,0.2389093403814544,0.0559527406445105,2026-08-30T18:51:35Z,,
822766,677594,Julio Rodríguez,SEA,TOR,0,3,confirmed,Max Scherzer,Rogers Centre,2026-08-30T17:37:00Z,4.240696123286306,3423,2279,0.1529784669952257,0.6572759707527454,0.2391530893200009,0.7594807366775141,0.7018078110623597,0.5035010656136835,0.3391939607207421,0.2114059704966278,0.6403748772696083,0.4004571984085326,0.2470494718533064,0.1760543495880564,0.6346591301261195,0.2538936239476019,0.0629390163479326,2026-08-30T18:51:35Z,,
822766,543807,George Springer,TOR,SEA,1,4,confirmed,Logan Gilbert,Rogers Centre,2026-08-30T17:37:00Z,4.088009651824725,3213,3887,0.1398845838072601,0.6418760933166784,0.3104852622033537,0.5644171391513881,0.6858012902228666,0.4836959115961326,0.3199737612857882,0.1952090492764047,0.6207969459789527,0.3789063984581152,0.2294796508520261,0.1634647845451022,0.6204744319134315,0.2370881108933624,0.0544542880605068,2026-08-30T18:51:35Z,,
822766,663728,Cal Raleigh,SEA,TOR,0,4,confirmed,Max Scherzer,Rogers Centre,2026-08-30T17:37:00Z,4.240696123286306,3025,2279,0.2945434526634999,0.5845661985774794,0.4612921554829858,0.773842381025987,0.7029249476713445,0.5040405972745008,0.3393026366960082,0.2112818203411973,0.702833369879419,0.4679676120585182,0.301600233328832,0.2150048075410058,0.566966220711943,0.1917416877212867,0.0390116765362571,2026-08-30T18:51:35Z,,
822766,664770,Nathan Lukes,TOR,SEA,1,5,confirmed,Logan Gilbert,Rogers Centre,2026-08-30T17:37:00Z,3.755898518051725,1206,3887,0.1017374756256717,0.6069810822128813,0.2796062822510824,0.5161709134967585,0.6284194205509339,0.4223758512384963,0.2666811423542816,0.154464222497544,0.5695094290262129,0.3298201006633989,0.1930476845577332,0.1384100027717668,0.5880848911559857,0.2059925111607018,0.0423223962180161,2026-08-30T18:51:35Z,,
822766,647304,Josh Naylor,SEA,TOR,0,5,confirmed,Max Scherzer,Rogers Centre,2026-08-30T17:37:00Z,4.240696123286306,3118,2279,0.1459474686050413,0.6733174551839441,0.3132889031031906,0.4920943424998246,0.6969434877353021,0.4968810900108854,0.3325152299033288,0.2056746661108487,0.6447137699282784,0.4038570593071845,0.2492622025381934,0.1775296371086128,0.6496055545591812,0.2675242335014442,0.0682425617711755,2026-08-30T18:51:35Z,,
822766,672960,Kazuma Okamoto,TOR,SEA,1,6,confirmed,Logan Gilbert,Rogers Centre,2026-08-30T17:37:00Z,3.755898518051724,562,3887,0.1469951209135327,0.5783615272495819,0.2666216144501884,0.7341119668413356,0.6521397317847042,0.4469550631480884,0.2873812248501473,0.169751232877824,0.5887608536146526,0.3476090038490577,0.2057854361573176,0.1469674652016583,0.5612660408032406,0.1843609758853172,0.0348975965371736,2026-08-30T18:51:35Z,,
822766,621493,Taylor Ward,SEA,TOR,0,6,confirmed,Max Scherzer,Rogers Centre,2026-08-30T17:37:00Z,4.207465442567798,3129,2279,0.1196692387076492,0.6048920453943979,0.397618861531219,0.7183581071257659,0.6641626059849516,0.4606864007203137,0.3001618308113887,0.1802558328141966,0.5827278980458959,0.3432675743658278,0.203438582529961,0.1456780971648801,0.5860183365670332,0.2066865094776712,0.0437455657641416,2026-08-30T18:51:35Z,,
822766,665926,Andrés Giménez,TOR,SEA,1,7,confirmed,Logan Gilbert,Rogers Centre,2026-08-30T17:37:00Z,3.755898518051725,2946,3887,0.0899526406825602,0.5929872852380365,0.2493016361816239,0.5748028979302934,0.6231464647644176,0.4169184215181904,0.2619327577333597,0.1507686558799902,0.5468871353759555,0.3098261797038503,0.1787794144487546,0.128621750121331,0.5750146880731847,0.19455089132314,0.037970205433594,2026-08-30T18:51:35Z,,
822766,702284,Cole Young,SEA,TOR,0,7,confirmed,Max Scherzer,Rogers Centre,2026-08-30T17:37:00Z,3.89187876359228,914,2279,0.1348296688742494,0.6003838662514156,0.3123124135009768,0.5121256411826127,0.6456790652243526,0.4404975049926157,0.2822739682859541,0.1663119839068522,0.5895799554063336,0.3487032535905537,0.2069717015388563,0.1480029576182808,0.581873762785178,0.2018018501008493,0.0414114449649262,2026-08-30T18:51:35Z,,
822766,807727,Charles McAdoo,TOR,SEA,1,8,confirmed,Logan Gilbert,Rogers Centre,2026-08-30T17:37:00Z,2.945265370974823,127,3887,0.0893602548952274,0.5016565948879382,0.1956826357832663,0.5626772073495268,0.5516015739796832,0.3434184384824473,0.2001598793732374,0.105043143828064,0.486122513974435,0.2543386141088272,0.1390069519502285,0.1016605001175512,0.4897447155585067,0.122901325469873,0.0143548846145605,2026-08-30T18:51:35Z,,
822766,641487,J.P. Crawford,SEA,TOR,0,8,confirmed,Max Scherzer,Rogers Centre,2026-08-30T17:37:00Z,3.89187876359228,2986,2279,0.1004331252981109,0.5755215581660117,0.4253251920975073,0.5805137484265463,0.6225120902558124,0.4171010320048751,0.2626161771610958,0.1516395959551484,0.5422712055137726,0.3066519860821206,0.176929273856677,0.1274346748226434,0.5586026996801052,0.1826167347950129,0.0347153200176571,2026-08-30T18:51:35Z,,
822766,664702,Myles Straw,TOR,SEA,1,9,confirmed,Logan Gilbert,Rogers Centre,2026-08-30T17:37:00Z,2.945265370974823,1917,3887,0.0466784922459381,0.4911024145907003,0.1825073475722959,0.4209646826487611,0.5253455144378663,0.3221482446134938,0.185417350107948,0.0960033232117044,0.4322526173574989,0.2168163398646726,0.1161503956690086,0.0863493914156846,0.4796460761578157,0.1184337762002157,0.0141737036082853,2026-08-30T18:51:35Z,,
822766,801126,Brock Rodden,SEA,TOR,0,9,confirmed,Max Scherzer,Rogers Centre,2026-08-30T17:37:00Z,2.85448697501744,119,2279,0.0994487361500316,0.4945579874933219,0.2966295189476873,0.5629261249467613,0.5584797322364848,0.3481870476999563,0.202862859449408,0.1062517624031143,0.4940977241855944,0.2591673272655123,0.1415342657701661,0.1032930287292256,0.4831229506559114,0.117312439395286,0.0125661030243666,2026-08-30T18:51:35Z,,
822933,650490,Yandy Díaz,TB,SD,1,1,confirmed,Robbie Ray,Tropicana Field,2026-08-30T17:40:00Z,4.444819786459902,3225,2567,0.135354767127351,0.6998837719562754,0.4026017995395185,0.5354943112658648,0.7216420660036329,0.5266968588403393,0.3611253958825087,0.2296415802095013,0.6532707679232205,0.414172917336919,0.2582590972471151,0.1842259905237329,0.6741180246391527,0.2964199063375965,0.0832478330072398,2026-08-30T18:51:35Z,,
822933,665487,Fernando Tatis Jr.,SD,TB,0,1,confirmed,Drew Rasmussen,Tropicana Field,2026-08-30T17:40:00Z,4.7183418957325856,2544,2200,0.1292617053523131,0.6831591530094623,0.3257119143311376,0.6375597962289771,0.7241014730774095,0.530623543378019,0.3656865558166033,0.2340934690944499,0.6425738024546296,0.4041039301070553,0.2509683404948268,0.1793234328494037,0.6586255553153657,0.281092795851914,0.0771594024180507,2026-08-30T18:51:35Z,,
822933,666018,Jonathan Aranda,TB,SD,1,2,confirmed,Robbie Ray,Tropicana Field,2026-08-30T17:40:00Z,4.156059213468339,1503,2567,0.0929152861430717,0.6370676041709216,0.3504468215865757,0.713531448494453,0.6693509996238897,0.4669851753900532,0.3062254972369823,0.1853439992597568,0.5806059237274338,0.3420699807880124,0.2029637051394976,0.1454601551034805,0.615952534671014,0.2348881303810911,0.0550821380793467,2026-08-30T18:51:35Z,,
822933,630105,Jake Cronenworth,SD,TB,0,2,confirmed,Drew Rasmussen,Tropicana Field,2026-08-30T17:40:00Z,4.497158207518356,3012,2200,0.0876647997707298,0.6298044156228898,0.4089253013328436,0.6735728486921159,0.6595381605003238,0.4576998401202951,0.2989707691303931,0.1803779245768277,0.5798577181331029,0.3425102964890752,0.2038691694439307,0.1462434905610287,0.6091244892305279,0.230430453951453,0.0544168026308637,2026-08-30T18:51:35Z,,
822933,691406,Junior Caminero,TB,SD,1,3,confirmed,Robbie Ray,Tropicana Field,2026-08-30T17:40:00Z,4.156059213468338,1569,2567,0.223679019551158,0.6394031066401415,0.3501715630434409,0.5793927415142551,0.7196677847851728,0.5228424458741389,0.3561617303827614,0.224460536803486,0.6798535296080804,0.4411544070861017,0.2787775481809098,0.1982688545201559,0.6181516760076924,0.2357852254747182,0.0545629855283244,2026-08-30T18:51:35Z,,
822933,592518,Manny Machado,SD,TB,0,3,confirmed,Drew Rasmussen,Tropicana Field,2026-08-30T17:40:00Z,4.481099019486961,3382,2200,0.1272228790507091,0.6425234081100301,0.2911081169665638,0.6629609292707253,0.6974920629739647,0.4986878254819213,0.3351167569232322,0.2085006283668049,0.6109877515603757,0.3713932943997883,0.2250975977006429,0.1609121441808102,0.6209868780851406,0.2408931004007209,0.0582615805158769,2026-08-30T18:51:35Z,,
822933,668723,Ryan Vilade,TB,SD,1,4,confirmed,Robbie Ray,Tropicana Field,2026-08-30T17:40:00Z,3.5499386219162896,456,2567,0.1226483627939535,0.5489744302071784,0.3081070312720015,0.6345401089528911,0.6042875103340538,0.3977000309727396,0.246004077815135,0.1391993429936884,0.5448194298280847,0.3073106638718171,0.1769106328873378,0.1274662630295417,0.533839186088487,0.1616393216025552,0.0279076298096162,2026-08-30T18:51:35Z,,
822933,664034,Ty France,SD,TB,0,4,confirmed,Drew Rasmussen,Tropicana Field,2026-08-30T17:40:00Z,4.255165235900101,2989,2200,0.0838407954102433,0.6408791273988678,0.2984894380608331,0.6124287269625001,0.6549042529069764,0.4516700139102387,0.2929116382872893,0.1751212752733019,0.5759966294085549,0.3378575726922808,0.1998932124828584,0.1433435167212853,0.6194958888579456,0.2382248962079043,0.0563820506073506,2026-08-30T18:51:35Z,,
822933,802415,Chandler Simpson,TB,SD,1,5,confirmed,Robbie Ray,Tropicana Field,2026-08-30T17:40:00Z,3.5499386219162887,1022,2567,0.0448860058779738,0.624118375683408,0.1987232869568886,0.379511444593162,0.6104170661633643,0.4058924054638075,0.2537393674171229,0.1453103428635784,0.5214787130125312,0.2897773309123923,0.1654342839420345,0.1195782308970202,0.6039102439206173,0.2219463133615895,0.048353002037361,2026-08-30T18:51:35Z,,
822933,701538,Jackson Merrill,SD,TB,0,5,confirmed,Drew Rasmussen,Tropicana Field,2026-08-30T17:40:00Z,4.153449785746086,1873,2200,0.135772489185847,0.6452662099517288,0.2320542980087199,0.6602615627722287,0.6883836804572668,0.4871918661896259,0.3236861753499905,0.1986165280934489,0.6304310085865681,0.3891996373553147,0.2378331140816014,0.1694955936600113,0.6236014450568576,0.2412413803197701,0.0570235113220607,2026-08-30T18:51:35Z,,
822933,676356,Jonny DeLuca,TB,SD,1,6,confirmed,Robbie Ray,Tropicana Field,2026-08-30T17:40:00Z,3.425344428265398,893,2567,0.0852177798810731,0.5599899538467824,0.2520131054396535,0.5242889583316187,0.5842249304613781,0.3783038280836949,0.2302132509528092,0.1277167745651907,0.5239833903817721,0.2893783813856082,0.1642878113575739,0.1188039871982634,0.5442326482128608,0.1681964574664064,0.0290709353577107,2026-08-30T18:51:35Z,,
822933,593428,Xander Bogaerts,SD,TB,0,6,confirmed,Drew Rasmussen,Tropicana Field,2026-08-30T17:40:00Z,4.145677141507624,3028,2200,0.0745945884581628,0.6131756544649769,0.3156395433078671,0.5618728330783151,0.6437814315769941,0.4393156168115803,0.2817648956143885,0.1662629955115177,0.5460506883914705,0.3106668706913617,0.1801520283935511,0.1297387690442684,0.5937543868862575,0.2132250533083891,0.0459756618798054,2026-08-30T18:51:35Z,,
822933,622761,Jorge Mateo,TB,SD,1,7,confirmed,Robbie Ray,Tropicana Field,2026-08-30T17:40:00Z,3.3235522510054234,1525,2567,0.0865922226104106,0.5204082268288996,0.2510758610748533,0.6393920908760756,0.5797401012869815,0.3732770856640997,0.2257510192325403,0.1242656557308729,0.507188192359737,0.2750709826416048,0.1543872633888573,0.1121046111121189,0.507028453782327,0.140912092195872,0.0212440287617027,2026-08-30T18:51:35Z,,
822933,687957,Dustin Harris,SD,TB,0,7,confirmed,Drew Rasmussen,Tropicana Field,2026-08-30T17:40:00Z,3.1739206213623703,224,2200,0.069922456606905,0.54173371095207,0.2154514000412784,0.5489253111873686,0.5707748364966441,0.362444114507939,0.2157663575742052,0.1163719639761985,0.5004390688823083,0.2672923197435726,0.1482593015439096,0.1079460852488866,0.527411781822986,0.1503663867286375,0.0219457158822358,2026-08-30T18:51:35Z,,
822933,663743,Nick Fortes,TB,SD,1,8,confirmed,Robbie Ray,Tropicana Field,2026-08-30T17:40:00Z,3.2035612379282843,1570,2567,0.0758908129380401,0.5101829398990343,0.2633027851449445,0.4123827591745649,0.5522422790349442,0.3473661044606623,0.2052502845047379,0.1098531978241308,0.4714151611097767,0.2465748674228084,0.1354233387051034,0.0993267021199034,0.4974917652801914,0.1327704957124381,0.0185528338024358,2026-08-30T18:51:35Z,,
822933,666023,Freddy Fermin,SD,TB,0,8,confirmed,Drew Rasmussen,Tropicana Field,2026-08-30T17:40:00Z,3.1739206213623703,1344,2200,0.0587603108509631,0.5190662373147372,0.1771258860289173,0.4903526286571212,0.5487499483853734,0.3451509656688787,0.2041148259543109,0.1094381554613871,0.4627466412064369,0.2409409067769403,0.1321362622887525,0.0971152212072277,0.5058112487757077,0.139355628951539,0.0206092617570484,2026-08-30T18:51:35Z,,
822933,670764,Taylor Walls,TB,SD,1,9,confirmed,Robbie Ray,Tropicana Field,2026-08-30T17:40:00Z,3.2035612379282843,1899,2567,0.0512120111624793,0.4681225152844044,0.2866558235750825,0.6190791171230865,0.5298098771008523,0.3283829989006096,0.1914194391137731,0.1008477391053859,0.4251821489416174,0.2139661917969192,0.1151370424218637,0.0856056410969642,0.4575529253514133,0.1096347677424594,0.0136830790129494,2026-08-30T18:51:35Z,,
822933,823550,Sung-Mun Song,SD,TB,0,9,confirmed,Drew Rasmussen,Tropicana Field,2026-08-30T17:40:00Z,2.9252112317619074,155,2200,0.0640977669757926,0.4795634032022257,0.2768983409726349,0.5089653800504786,0.5200414202496806,0.3167728637756262,0.1809305696422403,0.0927016304849574,0.4429844138550157,0.223306528006465,0.1197272339608457,0.0887615043324736,0.4687837668713032,0.1107247345309351,0.0120306514992807,2026-08-30T18:51:35Z,,
823010,663494,Bryan Torres,STL,PIT,1,1,confirmed,Braxton Ashcraft,Busch Stadium,2026-08-30T18:15:00Z,3.834239405105509,167,1005,0.1075340633077185,0.5985083563533974,0.3283836339918157,0.59969545129669,0.6308609960955026,0.4267255070005457,0.2719145414166836,0.1596320056470532,0.5674122434234891,0.3300414829290411,0.1945463992778822,0.1399161692268746,0.5800781532809706,0.20261139326473,0.0436715103258786,2026-08-30T18:51:35Z,,
823010,669707,Jared Triolo,PIT,STL,0,1,confirmed,Matthew Liberatore,Busch Stadium,2026-08-30T18:15:00Z,4.442880788609069,1523,2269,0.0892923137483441,0.6708276154326731,0.3659885898854153,0.5923507571394832,0.6755896699598201,0.4756543243803329,0.3153147404335795,0.1934969273327859,0.6030855287290022,0.3650170008664607,0.2209639676274803,0.1582356266866678,0.6471943754756685,0.2692586512048794,0.0718407044182358,2026-08-30T18:51:35Z,,
823010,671056,Iván Herrera,STL,PIT,1,2,confirmed,Braxton Ashcraft,Busch Stadium,2026-08-30T18:15:00Z,3.834239405105509,1502,1005,0.0790455040985942,0.5934542376355397,0.355449842226873,0.5838231240634721,0.6278801769187335,0.4243540221695634,0.2697901948160114,0.15766711587563,0.5347340868103398,0.3019383460148746,0.1743391116406878,0.1257457775250402,0.5752259792869059,0.1990157440810508,0.0412867349231802,2026-08-30T18:51:35Z,,
823010,665833,Oneil Cruz,PIT,STL,0,2,confirmed,Matthew Liberatore,Busch Stadium,2026-08-30T18:15:00Z,4.44288078860907,2069,2269,0.1408977692484241,0.6377954938754316,0.3576053083671403,0.8557355331864226,0.6938600402532189,0.4949778068521949,0.3319780236391919,0.2061453347427595,0.6252793487756074,0.3857909163779436,0.2362155250979738,0.1687123184956079,0.6165632280024959,0.2372115396460722,0.0569617304977779,2026-08-30T18:51:35Z,,
823010,676475,Alec Burleson,STL,PIT,1,3,confirmed,Braxton Ashcraft,Busch Stadium,2026-08-30T18:15:00Z,3.834239405105509,2371,1005,0.1173704645674244,0.6460222177308012,0.2992523869189066,0.5344043631511987,0.6610064889209655,0.4572242753847618,0.2969719711708543,0.1776169426747356,0.606855924508063,0.3656868830368237,0.2197246912272766,0.156763372589499,0.6243025001069366,0.24126804210687,0.0563767097212444,2026-08-30T18:51:35Z,,
823010,668804,Bryan Reynolds,PIT,STL,0,3,confirmed,Matthew Liberatore,Busch Stadium,2026-08-30T18:15:00Z,4.442880788609068,3434,2269,0.0993674950713235,0.652821146457123,0.3749869558630786,0.7139325036787529,0.6762360089029125,0.4750177702742859,0.3137416692915743,0.1915115303175294,0.6051566592999024,0.3656410121561392,0.2206814536455111,0.1578036564649429,0.6305566039521505,0.250003394726974,0.0618830084266022,2026-08-30T18:51:35Z,,
823010,691023,Jordan Walker,STL,PIT,1,4,confirmed,Braxton Ashcraft,Busch Stadium,2026-08-30T18:15:00Z,3.834239405105509,1827,1005,0.0909104049881278,0.6156821529133758,0.2332685820224871,0.6868787808657,0.6421271878439502,0.4372437910698589,0.279619321350728,0.1643053402142225,0.5656087016257411,0.3272725346691886,0.1915291062011476,0.1373583803739193,0.5960959413265312,0.214549937364641,0.0457282547661871,2026-08-30T18:51:35Z,,
823010,804668,Rafael Flores Jr.,PIT,STL,0,4,confirmed,Matthew Liberatore,Busch Stadium,2026-08-30T18:15:00Z,3.7635933603347778,147,2269,0.126777107301012,0.5957174040467781,0.3236562517665896,0.7210322540351347,0.6410090543176102,0.4358380727560843,0.2786769022229991,0.1640009477652309,0.5846015002895727,0.3443673833169418,0.2041999692314182,0.146343748324132,0.5775372853539626,0.198603164559882,0.041107799291717,2026-08-30T18:51:35Z,,
823010,669357,Nolan Gorman,STL,PIT,1,5,confirmed,Braxton Ashcraft,Busch Stadium,2026-08-30T18:15:00Z,3.821145614675016,2064,1005,0.1454228369417166,0.5610626248445177,0.3487175425802657,0.8197481000105785,0.6322390643381587,0.426546332249299,0.2702875803368598,0.1571717621686613,0.5743221319236157,0.3344322133163783,0.1964050296356502,0.1406669359652096,0.5450586751320099,0.171860210033683,0.0312805673340528,2026-08-30T18:51:35Z,,
823010,664040,Brandon Lowe,PIT,STL,0,5,confirmed,Matthew Liberatore,Busch Stadium,2026-08-30T18:15:00Z,3.763593360334776,2447,2269,0.1293631570237561,0.5769266166043251,0.287699310371626,0.7654300963254734,0.6427117352794837,0.4392110999415772,0.2820582114011393,0.1665964550239509,0.5709762148136005,0.3332879782001985,0.1962843196657694,0.1406365675133634,0.5597656451413235,0.1859420744891317,0.0364676973499662,2026-08-30T18:51:35Z,,
823010,665877,José Fermín,STL,PIT,1,6,confirmed,Braxton Ashcraft,Busch Stadium,2026-08-30T18:15:00Z,3.200699442401191,687,1005,0.0548990719243478,0.5119127705428204,0.2393202174254283,0.3944298041536834,0.519054287279988,0.3190915051656402,0.1845374176996898,0.0963007034332364,0.4589477159061249,0.2374444111241314,0.1296487928243694,0.0954458507155332,0.4991370857684121,0.1337217492636461,0.018783936152514,2026-08-30T18:51:35Z,,
823010,699013,Esmerlyn Valdez,PIT,STL,0,6,confirmed,Matthew Liberatore,Busch Stadium,2026-08-30T18:15:00Z,3.763593360334777,282,2269,0.1533092766926145,0.6076017765031521,0.4565766800374537,0.7739316282975147,0.6852653034342974,0.4824869303778627,0.3185416942428068,0.1938709898711086,0.6161803229264764,0.3738190635814291,0.2254216973506017,0.1606263796163629,0.588612608670288,0.2073663707042621,0.043142015558577,2026-08-30T18:51:35Z,,
823010,701675,Nathan Church,STL,PIT,1,7,confirmed,Braxton Ashcraft,Busch Stadium,2026-08-30T18:15:00Z,3.200699442401191,532,1005,0.0799418583835913,0.5289694924335581,0.2562182596415542,0.4771035571369524,0.5653739372744694,0.3592414492345548,0.2143647537852197,0.1160881909533635,0.4922327847850832,0.2624804537599066,0.1457544229769171,0.1062822140368549,0.5152154000064498,0.1446984820078718,0.0215923403144962,2026-08-30T18:51:35Z,,
823010,663968,Jake Mangum,PIT,STL,0,7,confirmed,Matthew Liberatore,Busch Stadium,2026-08-30T18:15:00Z,3.6736661934201056,977,2269,0.0563133883977164,0.6286716696161914,0.2330835509368526,0.5719250013718409,0.6280853302392587,0.4218026696090883,0.2660629079329414,0.1539214067795101,0.5393702483407146,0.3035283735090958,0.1745630095065301,0.1258480949928425,0.6083208979933817,0.2234580019691869,0.048389621981049,2026-08-30T18:51:35Z,,
823010,602104,Ramón Urías,STL,PIT,1,8,confirmed,Braxton Ashcraft,Busch Stadium,2026-08-30T18:15:00Z,3.2006994424011905,1789,1005,0.0741756529147715,0.5170398011789145,0.2321282328773039,0.5429235980912549,0.574866357580412,0.3680118696359233,0.2211889030079339,0.1208054821382835,0.47982192519208,0.2533132758600339,0.1399246999211,0.1023580967287735,0.5039218405477947,0.1376996600196145,0.0200255940995279,2026-08-30T18:51:35Z,,
823010,687462,Spencer Horwitz,PIT,STL,0,8,confirmed,Matthew Liberatore,Busch Stadium,2026-08-30T18:15:00Z,3.6736661934201056,1335,2269,0.0761830106764735,0.5726622783373766,0.3459299905565373,0.5149617176959236,0.6211471752073896,0.4149344795648552,0.2603713109585494,0.1497186131936028,0.5211104863469779,0.2883610367044972,0.1641521935476578,0.1187689676753594,0.5559956744839205,0.1793974820593132,0.0333321592085796,2026-08-30T18:51:35Z,,
823010,695336,Thomas Saggese,STL,PIT,1,9,confirmed,Braxton Ashcraft,Busch Stadium,2026-08-30T18:15:00Z,3.082354022373934,540,1005,0.0526145235371547,0.5222116004378825,0.1823898117533283,0.6376981196024359,0.5575051401149698,0.3507417900559591,0.2070003792936967,0.1105087166100516,0.4625966041033367,0.2390996205841437,0.1302863458456439,0.0958654874161663,0.5089843786431588,0.1381819599461093,0.0190387361509265,2026-08-30T18:51:35Z,,
823010,694377,Nick Yorke,PIT,STL,0,9,confirmed,Matthew Liberatore,Busch Stadium,2026-08-30T18:15:00Z,3.055328794554156,353,2269,0.0695660651258813,0.5241521369828264,0.2496319264405178,0.4637822494693525,0.5589045517481093,0.3513872600932569,0.2071035948869141,0.1103263231608362,0.4795881668391009,0.251014973818114,0.1375840093703696,0.1007611421337168,0.5108746566229188,0.1384827158254202,0.018712346872184,2026-08-30T18:51:35Z,,
823502,502671,Paul Goldschmidt,NYY,BOS,1,1,confirmed,Ranger Suarez,Yankee Stadium,2026-08-30T17:35:00Z,4.358821943801994,3061,3280,0.1531568346937755,0.68705789016001,0.3362625174368265,0.6694942352450723,0.7261389133118727,0.5319968276763276,0.366081832501417,0.2336793011925914,0.6632209981995137,0.4246899394535869,0.2666129122490087,0.190138918295926,0.6622642026530297,0.2831842824527385,0.0767990063439685,2026-08-30T18:51:35Z,,
823502,701350,Roman Anthony,BOS,NYY,0,1,confirmed,Will Warren,Yankee Stadium,2026-08-30T17:35:00Z,4.599519731932818,522,1670,0.1195056079312327,0.6986014253820885,0.5520762695315363,0.7157558645017612,0.7271426425443234,0.5342454326009317,0.3690949787754883,0.2368836050267849,0.6498344205374359,0.4116255953277085,0.2568784810942718,0.1834961993247166,0.672902007499086,0.2968121713803596,0.0846684561511619,2026-08-30T18:51:35Z,,
823502,641355,Cody Bellinger,NYY,BOS,1,2,confirmed,Ranger Suarez,Yankee Stadium,2026-08-30T17:35:00Z,4.295194531126847,3056,3280,0.1108504395419581,0.6531320368415302,0.3085112043364429,0.6040519534986996,0.7086235505519866,0.510733139991874,0.345606365733118,0.2164836568624389,0.6127286607625524,0.3724019689192908,0.2254475693447203,0.1610071128243896,0.6308701418057026,0.2494082541007539,0.0610402334442234,2026-08-30T18:51:35Z,,
823502,678882,Ceddanne Rafaela,BOS,NYY,0,2,confirmed,Will Warren,Yankee Stadium,2026-08-30T17:35:00Z,4.378077250124836,2017,1670,0.120528740794145,0.6877258276788796,0.2143940308014698,0.7132014258942357,0.7142011457610323,0.5183237194168842,0.3535514930657258,0.2236403848359233,0.6476295985406991,0.4086477554967627,0.2541001151826281,0.1813555724199962,0.6628678816873175,0.2845555206832462,0.0779416100388897,2026-08-30T18:51:35Z,,
823502,671218,Heliot Ramos,NYY,BOS,1,3,confirmed,Ranger Suarez,Yankee Stadium,2026-08-30T17:35:00Z,4.160210369288547,1797,3280,0.1143948305540117,0.6513513181221546,0.3226428347644443,0.6885694689038823,0.6765866978146894,0.4741783804294153,0.3120508547231829,0.1894663342438433,0.6118231360564997,0.3707908402972032,0.2238043321900252,0.159716466655706,0.6292514349388183,0.2466047763145536,0.059081671598151,2026-08-30T18:51:35Z,,
823502,677800,Wilyer Abreu,BOS,NYY,0,3,confirmed,Will Warren,Yankee Stadium,2026-08-30T17:35:00Z,4.287926840546298,1689,1670,0.1792467520642331,0.6593011024034944,0.4024808714864371,0.6081144639728658,0.7115155875084405,0.5145695418847925,0.3495747849620113,0.2200352817904565,0.6718138493731945,0.4337557705949648,0.2738208244051857,0.1952529531254613,0.6365727343419539,0.2559317860309039,0.0643763297234815,2026-08-30T18:51:35Z,,
823502,671277,Luis García Jr.,NYY,BOS,1,4,confirmed,Ranger Suarez,Yankee Stadium,2026-08-30T17:35:00Z,3.969270391590436,2598,3280,0.113630768171992,0.6561666146450794,0.1958516876998103,0.5540252523198232,0.678163207175464,0.4751684874387948,0.312359927510591,0.1892682897112164,0.6150054531967698,0.3731161580913649,0.2250979968930982,0.1604490097245828,0.6337524411679074,0.2497844503487643,0.059543496386052,2026-08-30T18:51:35Z,,
823502,575929,Willson Contreras,BOS,NYY,0,4,confirmed,Will Warren,Yankee Stadium,2026-08-30T17:35:00Z,4.287926840546299,2607,1670,0.1550087371952961,0.6499537774844726,0.4492098981622561,0.7654514525984557,0.7018311928319874,0.5028581428718546,0.3382930570718023,0.2105393195445726,0.6448264265227498,0.4044434762712277,0.2499991845089966,0.17815130979411,0.6279246796354024,0.2463523647897306,0.0596647091100097,2026-08-30T18:51:35Z,,
823502,642708,Amed Rosario,NYY,BOS,1,5,confirmed,Ranger Suarez,Yankee Stadium,2026-08-30T17:35:00Z,3.800050393914448,2222,3280,0.0960919327516037,0.6474250624504636,0.2281774858164829,0.5798713785183316,0.6588815804835512,0.4538299936739592,0.2932811697167083,0.1742875089187043,0.595144004330295,0.3534513546018967,0.2101332578673882,0.1500374391925193,0.625686245343755,0.2406501457525273,0.0551358250662573,2026-08-30T18:51:35Z,,
823502,668939,Adley Rutschman,BOS,NYY,0,5,confirmed,Will Warren,Yankee Stadium,2026-08-30T17:35:00Z,4.287926840546298,2712,1670,0.1324036537773876,0.6603870494782337,0.4233729366303075,0.5158626883194185,0.6892970848345665,0.4884248289048496,0.3249827713622484,0.1997949644183622,0.6320607000260087,0.3910812268708659,0.2394454161595464,0.1706930998134564,0.637625354053049,0.255440646126073,0.0631895219459036,2026-08-30T18:51:35Z,,
823502,663757,Trent Grisham,NYY,BOS,1,6,confirmed,Ranger Suarez,Yankee Stadium,2026-08-30T17:35:00Z,3.785195121691289,2656,3280,0.1191017969101236,0.5356223910907671,0.3591771150594978,0.6296356167079454,0.6133154158479808,0.4075359987216173,0.2544527176301638,0.1454839168386522,0.5384310688219666,0.3028965087836363,0.1741087837603943,0.1254844957924827,0.5211519819544137,0.1540439435201417,0.025891791697842,2026-08-30T18:51:35Z,,
823502,702332,Caleb Durbin,BOS,NYY,0,6,confirmed,Will Warren,Yankee Stadium,2026-08-30T17:35:00Z,4.023346821527079,1197,1670,0.0904637721925876,0.6302663220919797,0.3177642855267711,0.5171517833958822,0.6643966847583621,0.4606360255595859,0.2999185006018229,0.1799296048916571,0.577755824405728,0.3384598883411467,0.1998285662145993,0.1431736597510912,0.6096914674452065,0.2272925717127891,0.0511233445760065,2026-08-30T18:51:35Z,,
823502,676609,José Caballero,NYY,BOS,1,7,confirmed,Ranger Suarez,Yankee Stadium,2026-08-30T17:35:00Z,3.553618790358423,1703,3280,0.0849480815281839,0.5647588517909841,0.3116750748667877,0.6135124281700673,0.6049400186767213,0.3981477049295115,0.2461123385125831,0.1390282551455738,0.5242518912539893,0.2899714650166999,0.1648376164251452,0.1191872516693164,0.548673073825053,0.1721457514505777,0.030453628090588,2026-08-30T18:51:35Z,,
823502,680776,Jarren Duran,BOS,NYY,0,7,confirmed,Will Warren,Yankee Stadium,2026-08-30T17:35:00Z,4.02334682152708,2749,1670,0.123264280728394,0.6476161495976402,0.3029065719711157,0.6462176903329019,0.6850760558045209,0.4827287728835479,0.319023566294726,0.1944174757533158,0.6382377107789428,0.3961900496383012,0.2426147691482581,0.1725790996691646,0.6258187428965273,0.2419812784590788,0.0563266848122466,2026-08-30T18:51:35Z,,
823502,665862,Jazz Chisholm Jr.,NYY,BOS,1,8,confirmed,Ranger Suarez,Yankee Stadium,2026-08-30T17:35:00Z,3.553618790358422,2580,3280,0.1228582771032112,0.5607552062069012,0.259967035233882,0.7144770057228667,0.6405980595236783,0.4337765882611406,0.2754760894932316,0.1603898485095146,0.5550367568880096,0.3162621038065611,0.1829896058505095,0.1314171546082745,0.5448601348999751,0.1699805924596892,0.0299177948148472,2026-08-30T18:51:35Z,,
823502,596115,Trevor Story,BOS,NYY,0,8,confirmed,Will Warren,Yankee Stadium,2026-08-30T17:35:00Z,3.967106563847208,1682,1670,0.1097143998979886,0.637600560234949,0.2177815273781173,0.7932911544150165,0.6785712531377417,0.4753051567214831,0.3122778702532021,0.1890702606213745,0.6008100449107892,0.3592186531609727,0.2146262334263976,0.153210071504501,0.616540662481295,0.2326943486883874,0.0525366424531223,2026-08-30T18:51:35Z,,
823502,645305,Ali Sánchez,NYY,BOS,1,9,confirmed,Ranger Suarez,Yankee Stadium,2026-08-30T17:35:00Z,2.756094581719861,278,3280,0.0577265916633999,0.4814549592307462,0.20618454353686,0.5086368270659863,0.4948860148885249,0.2947493297601247,0.1645151190051427,0.0818054330626418,0.436145372224664,0.2169729814267378,0.1152432252684177,0.0857686198239519,0.4707811646856338,0.1088907613428401,0.0105777975085459,2026-08-30T18:51:35Z,,
823502,686765,Nick Sogard,BOS,NYY,0,9,confirmed,Will Warren,Yankee Stadium,2026-08-30T17:35:00Z,3.1068953781723203,544,1670,0.0669890705752249,0.5193966919408625,0.2672948948227622,0.5817495694763247,0.5675632007842711,0.3596728385076366,0.213719581952923,0.1150107282807181,0.4791895275571037,0.2513032605343636,0.1380170991381222,0.1010651336595517,0.5063192050488747,0.136581741063219,0.0187314638810798,2026-08-30T18:51:35Z,,
823580,596019,Francisco Lindor,NYM,HOU,1,1,confirmed,Ethan Pecko,Citi Field,2026-08-30T19:10:00Z,4.514299100778439,3460,40,0.1824247846427739,0.6795601914057648,0.481399433358937,0.5500290735349742,0.7468129710803362,0.5572774830650751,0.3905596179172255,0.2543360408517808,0.679068238266639,0.4421150478262892,0.280912668915776,0.2004663081496224,0.6553302226892923,0.2759403574604518,0.0736723860562883,2026-08-30T18:51:35Z,,
823580,665161,Jeremy Peña,HOU,NYM,0,1,confirmed,Zac Thornton,Citi Field,2026-08-30T19:10:00Z,4.670654770961387,3020,250,0.1445353165594773,0.7330146040089194,0.2832543159142565,0.6549639870146079,0.7489881448797465,0.560934366376284,0.3949554298486512,0.2587429360799694,0.686441000978084,0.4513954318989596,0.2892805521857214,0.2068319281556754,0.7046566987465956,0.3344159111661975,0.1043562314329424,2026-08-30T18:51:35Z,,
823580,665742,Juan Soto,NYM,HOU,1,2,confirmed,Ethan Pecko,Citi Field,2026-08-30T19:10:00Z,4.402187214761841,3450,40,0.2317384706515592,0.6609648071752797,0.6724597088668347,0.4681681631997031,0.7525748729987053,0.5637786264200192,0.3963193841489095,0.2587270332569841,0.6990858929660082,0.463976773602702,0.2985612467224318,0.2129905986022259,0.6381333550413916,0.2569296293721875,0.0644555632499074,2026-08-30T18:51:35Z,,
823580,670541,Yordan Alvarez,HOU,NYM,0,2,confirmed,Zac Thornton,Citi Field,2026-08-30T19:10:00Z,4.590809311655763,2736,250,0.1819900836956479,0.7027202794424037,0.3975098365663503,0.5759764405476974,0.7533385746890489,0.5658537040645598,0.3993588661901062,0.262157305855643,0.6933711279448849,0.4586718899535822,0.2949883757249104,0.2108201053639132,0.6767289323030393,0.3002362830196604,0.085801730106807,2026-08-30T18:51:35Z,,
823580,666182,Bo Bichette,NYM,HOU,1,3,confirmed,Ethan Pecko,Citi Field,2026-08-30T19:10:00Z,4.279959002357634,3147,40,0.1008755814075691,0.7005189723477925,0.2999716944824292,0.5682042590846681,0.7097667028791242,0.5114896758524382,0.3458634973317199,0.2163521204350552,0.6354274785203573,0.3943462478031743,0.2418697619281017,0.1723469274761598,0.6747434489052897,0.2947483461827939,0.0807142759857902,2026-08-30T18:51:35Z,,
823580,670623,Isaac Paredes,HOU,NYM,0,3,confirmed,Zac Thornton,Citi Field,2026-08-30T19:10:00Z,4.408855070938545,2756,250,0.1479806969112883,0.6494579206505495,0.4575099011900809,0.4633576215982617,0.6865934217551667,0.4864229626725457,0.3239535581798574,0.1995666919046169,0.6329153034008521,0.3930062844652629,0.2415622197034552,0.1724061379398517,0.6274328181632272,0.2470092471399911,0.0606928169068718,2026-08-30T18:51:35Z,,
823580,701807,Carson Benge,NYM,HOU,1,4,confirmed,Ethan Pecko,Citi Field,2026-08-30T19:10:00Z,4.130470578007034,584,40,0.1235021007050926,0.6805095654987982,0.3711795345041727,0.5569347839834452,0.706807253576436,0.5074014571472292,0.3415188744965249,0.2123819824873166,0.6344641962858845,0.3926353936720357,0.2400754675986752,0.1709003320634914,0.6562811214490486,0.2733082900063522,0.0698683416594621,2026-08-30T18:51:35Z,,
823580,514888,Jose Altuve,HOU,NYM,0,4,confirmed,Zac Thornton,Citi Field,2026-08-30T19:10:00Z,4.408855070938545,3113,250,0.1343446949932883,0.6942700644240316,0.3101528087005039,0.5574204795400439,0.7242094087653914,0.5290971259053641,0.3628869096859343,0.2307087053446965,0.6518494955669853,0.4120138713269116,0.256158839765446,0.1825958297316672,0.6689590029566271,0.2895429367437257,0.0792157414161846,2026-08-30T18:51:35Z,,
823580,676724,Jared Young,NYM,HOU,1,5,confirmed,Ethan Pecko,Citi Field,2026-08-30T19:10:00Z,3.713991254944094,525,40,0.1111470016034942,0.5854553262024056,0.368428399596256,0.5003339664325349,0.637776430820657,0.4314727252452419,0.2741365840754855,0.1599351568874065,0.5687405430134691,0.3289170956665515,0.1923971053696748,0.1380239048499734,0.5679996155092167,0.1889723519397794,0.0366994955990504,2026-08-30T18:51:35Z,,
823580,572233,Christian Walker,HOU,NYM,0,5,confirmed,Zac Thornton,Citi Field,2026-08-30T19:10:00Z,4.272215896071376,3316,250,0.1625742278943807,0.6456237944107885,0.3221409295529479,0.6428771503642632,0.7044283801649597,0.505451071032118,0.3403974595464207,0.2120293797999778,0.6471732915479976,0.4064884454461084,0.251388634673478,0.1790572046579299,0.6239259879127637,0.2418930680081552,0.0575366963220096,2026-08-30T18:51:35Z,,
823580,673357,Luis Robert Jr.,NYM,HOU,1,6,confirmed,Ethan Pecko,Citi Field,2026-08-30T19:10:00Z,3.713991254944094,2259,40,0.1265855734740378,0.5909675629195569,0.2887577379228142,0.6423904200610301,0.6566594099521226,0.4516903840739349,0.2914330226967496,0.1727991560342834,0.5776710674067076,0.3374799104953774,0.1984758848475803,0.1419801683366628,0.5730606913088373,0.1939083297328706,0.0379825779536091,2026-08-30T18:51:35Z,,
823580,662139,Daulton Varsho,HOU,NYM,0,6,confirmed,Zac Thornton,Citi Field,2026-08-30T19:10:00Z,4.047574292575062,2754,250,0.1093363991602725,0.5945567700896672,0.2636979418953277,0.5887018046359757,0.653336980346807,0.4490225102566786,0.2898954933533394,0.1722811361273057,0.5793501822192789,0.3399002560225353,0.2008361391761361,0.1438413838288776,0.5763790218067707,0.1980799140510443,0.0404702509634242,2026-08-30T18:51:35Z,,
823580,805999,A.J. Ewing,NYM,HOU,1,7,confirmed,Ethan Pecko,Citi Field,2026-08-30T19:10:00Z,3.713991254944094,421,40,0.0906550335808698,0.5898820313379671,0.3710830977567605,0.6007345502967971,0.618063993577526,0.4119228648501439,0.2578299123945654,0.1477720378596864,0.5490742473486736,0.3116847276618227,0.18004503134662,0.1294629021969957,0.5721077013046303,0.1921519165294249,0.0371267211610833,2026-08-30T18:51:35Z,,
823580,673237,Yainer Diaz,HOU,NYM,0,7,confirmed,Zac Thornton,Citi Field,2026-08-30T19:10:00Z,3.905941099385829,2033,250,0.1292182375265708,0.6642712620071755,0.1951679899500791,0.4746206348366928,0.6863611107219604,0.483849041810364,0.3198599624884489,0.1949787516552104,0.6282250510033374,0.3858288517274179,0.2345753190026677,0.1669846722974045,0.6412865318401679,0.2568467451925239,0.062261806685521,2026-08-30T18:51:35Z,,
823580,543760,Marcus Semien,NYM,HOU,1,8,confirmed,Ethan Pecko,Citi Field,2026-08-30T19:10:00Z,3.713991254944093,3543,40,0.0990989959312251,0.5770317913235479,0.3112064067267884,0.5233262073011374,0.6351266964699042,0.429033428340093,0.2719634705354753,0.1580695057007978,0.5464656661494521,0.309561857797793,0.178568832494339,0.1284339131739308,0.5600592198807901,0.1826780238570325,0.0340516579992587,2026-08-30T18:51:35Z,,
823580,701358,Cam Smith,HOU,NYM,0,8,confirmed,Zac Thornton,Citi Field,2026-08-30T19:10:00Z,3.6984394833781833,1061,250,0.1047714578641836,0.575741437281672,0.2808114845156027,0.6099805844247296,0.6177417768846898,0.4116426741721236,0.2577273931197124,0.1478410183059962,0.5549483573741198,0.316837213212304,0.1837781601582713,0.1320775134988095,0.5588801095518662,0.1817289482516352,0.034124296258983,2026-08-30T18:51:35Z,,
823580,620443,Luis Torrens,NYM,HOU,1,9,confirmed,Ethan Pecko,Citi Field,2026-08-30T19:10:00Z,2.9233217710304773,1025,40,0.0724250521262129,0.5039608182884655,0.2406375695946476,0.47001557292863,0.5487753967718078,0.3411460140062267,0.1986278916624948,0.1041459651567457,0.4700874237818641,0.2427365720357169,0.1318238976017568,0.0968814375141283,0.4919150508174789,0.1244471753088338,0.0148126159814827,2026-08-30T18:51:35Z,,
823580,669397,Nick Allen,HOU,NYM,0,9,confirmed,Zac Thornton,Citi Field,2026-08-30T19:10:00Z,3.1177304693791683,1482,250,0.0550591667404413,0.5235211823464745,0.2061320854680748,0.4756364061832899,0.5332421255608114,0.3300898710995259,0.1919453936185004,0.1007314372989085,0.4590124558587525,0.2366866887181724,0.1288476705559849,0.0949039027868445,0.5102039454668333,0.1392798673822293,0.0194311930196726,2026-08-30T18:51:35Z,,
823662,807712,Luke Keaschall,MIN,CWS,1,1,confirmed,Jordan Hicks,Target Field,2026-08-30T18:10:00Z,4.266793892661069,798,1772,0.0834612481289329,0.6605452321936351,0.4315564284221319,0.5324805618746733,0.6845465607445126,0.4842441534906027,0.322029032679471,0.198051110417454,0.5955825872792819,0.3566508692200364,0.214014285883543,0.1531767054450873,0.637712407782003,0.2573478408396528,0.0650772015007343,2026-08-30T18:51:35Z,,
823662,803011,Sam Antonacci,CWS,MIN,0,1,confirmed,Zebby Matthews,Target Field,2026-08-30T18:10:00Z,4.609598913785292,492,1051,0.1226828103762819,0.7066916698018223,0.4805481552615713,0.5627773693567767,0.7260524341197204,0.5329633439980002,0.3678977985547069,0.2359091052645918,0.6575682633263166,0.4198131634862673,0.2634414744506509,0.1881905990846276,0.6803758473108066,0.3053831741419955,0.0890116937341732,2026-08-30T18:51:35Z,,
823662,686797,Brooks Lee,MIN,CWS,1,2,confirmed,Jordan Hicks,Target Field,2026-08-30T18:10:00Z,4.136265674543346,1424,1772,0.1211165149686155,0.6417017005439483,0.3680987948942722,0.5078732588818147,0.6679104540197555,0.4653714289198056,0.3047292888755528,0.1841117776375454,0.606996044571022,0.3667052460106742,0.2210632789738079,0.1579218241146853,0.6202598220486523,0.2388325267369592,0.0564995862019002,2026-08-30T18:51:35Z,,
823662,808959,Munetaka Murakami,CWS,MIN,0,2,confirmed,Zebby Matthews,Target Field,2026-08-30T18:10:00Z,4.609598913785292,469,1051,0.2716626126809454,0.6707733083786901,0.5150231601878391,0.8567264930611629,0.7564086984823015,0.5697323570873597,0.4032049566709947,0.2654682190558776,0.7290787291936647,0.5010825781116597,0.3315737648595025,0.2378733027518869,0.647177268872321,0.2680343725865218,0.0705349143742347,2026-08-30T18:51:35Z,,
823662,665019,Kody Clemens,MIN,CWS,1,3,confirmed,Jordan Hicks,Target Field,2026-08-30T18:10:00Z,3.879743581882724,1484,1772,0.1355899726551649,0.6049768493361146,0.3672938753963758,0.6001855049941573,0.6648595632365095,0.4610037366681229,0.3002123402355459,0.1801647958213784,0.6086372801280507,0.3671775043736824,0.220903370802787,0.1576956776212174,0.5861329759029087,0.2062237748165912,0.0434398528130715,2026-08-30T18:51:35Z,,
823662,678246,Miguel Vargas,CWS,MIN,0,3,confirmed,Zebby Matthews,Target Field,2026-08-30T18:10:00Z,4.30755761607084,1965,1051,0.1230593739750177,0.6222051635423794,0.3995953550208654,0.6054192493299623,0.6685290726360568,0.4666275190990144,0.3062868488114367,0.1856665484180013,0.6086023526608834,0.3688771010776684,0.2230604600546879,0.1594372851169145,0.6020844536668892,0.2229019865515522,0.0508509566980401,2026-08-30T18:51:35Z,,
823662,680777,Ryan Jeffers,MIN,CWS,1,4,confirmed,Jordan Hicks,Target Field,2026-08-30T18:10:00Z,3.879743581882723,2009,1772,0.0976701683777999,0.5974232059770961,0.3890569949849626,0.5808259027296797,0.6452286146396864,0.4402519826304107,0.2821122407215564,0.1661680855174972,0.5612898273109074,0.3233430674383191,0.1887460978772236,0.1354951340093977,0.5790785306037131,0.1996808249478367,0.0405634344876535,2026-08-30T18:51:35Z,,
823662,643217,Andrew Benintendi,CWS,MIN,0,4,confirmed,Zebby Matthews,Target Field,2026-08-30T18:10:00Z,4.245666637520535,2732,1051,0.1207503760596,0.6807647966275746,0.3278331319478537,0.6077373381740426,0.6899926595035408,0.4895221246160862,0.3262031413433348,0.2009286077314092,0.6349009433014944,0.3942854891247943,0.2421021475156692,0.17261223217134,0.6564782512882871,0.275525618508728,0.0723227086222259,2026-08-30T18:51:35Z,,
823662,605137,Josh Bell,MIN,CWS,1,5,confirmed,Jordan Hicks,Target Field,2026-08-30T18:10:00Z,3.879743581882723,3226,1772,0.1074973839947756,0.611981685242048,0.4556831952616138,0.5311981218021199,0.6525151288753652,0.4475508908666591,0.2880819430228302,0.1704473348991139,0.5764387042655608,0.3365826952128941,0.1979948785686683,0.1417265680298652,0.5926765999211926,0.2108918850347257,0.0441012841561056,2026-08-30T18:51:35Z,,
823662,695731,Braden Montgomery,CWS,MIN,0,5,confirmed,Zebby Matthews,Target Field,2026-08-30T18:10:00Z,4.031688033946118,312,1051,0.112791510459663,0.6473286269970291,0.3888364153885971,0.6190398435864723,0.6674920911611257,0.4642476473475689,0.3032867260683512,0.1826778601180128,0.6133821388919529,0.3721819386273864,0.2248228222705325,0.1604328797452186,0.6255321803591244,0.2427846840619547,0.0575135107571198,2026-08-30T18:51:35Z,,
823662,663616,Trevor Larnach,MIN,CWS,1,6,confirmed,Jordan Hicks,Target Field,2026-08-30T18:10:00Z,3.740242159406766,1955,1772,0.1101547186201738,0.6015931732765133,0.4374219633889582,0.5375358283674475,0.6558549682163805,0.4501930997927269,0.2898455384346792,0.1714669570055106,0.5733331418553556,0.3330487821187259,0.1951781587149879,0.1397778426345561,0.5830529125685104,0.2014163043270964,0.0404070815221202,2026-08-30T18:51:35Z,,
823662,695657,Colson Montgomery,CWS,MIN,0,6,confirmed,Zebby Matthews,Target Field,2026-08-30T18:10:00Z,4.031688033946117,919,1051,0.220212328888081,0.6184554139465132,0.3236276605834016,0.8345267568892775,0.6959187396479064,0.4950633839766059,0.3303059913926555,0.2034634980491369,0.6675809582736885,0.4272335319548024,0.2672261721963448,0.1899464009288314,0.5986856596544914,0.2172267483746487,0.0471650865642098,2026-08-30T18:51:35Z,,
823662,668904,Royce Lewis,MIN,CWS,1,7,confirmed,Jordan Hicks,Target Field,2026-08-30T18:10:00Z,3.740242159406766,1584,1772,0.1043420120201778,0.5857390230153392,0.2767607797028907,0.6355757491564612,0.6369104667132921,0.430637301109599,0.2732512413101553,0.1590287053982881,0.5577347492745434,0.3191515124088201,0.1852656677112742,0.1330114351033881,0.5682362218231037,0.188989666778202,0.0361381923382605,2026-08-30T18:51:35Z,,
823662,671976,Tristan Peters,CWS,MIN,0,7,confirmed,Zebby Matthews,Target Field,2026-08-30T18:10:00Z,3.436940190076932,539,1051,0.1138862165538258,0.6122548243230936,0.2802447636137454,0.5196383008925158,0.6379928576520651,0.4296173789695085,0.2711937094136086,0.1568116348258474,0.5943173904216076,0.3499547725285102,0.206410388215634,0.1473346307745237,0.5932071126298706,0.2066166944445531,0.0409294591973092,2026-08-30T18:51:35Z,,
823662,701785,Kaelen Culpepper,MIN,CWS,1,8,confirmed,Jordan Hicks,Target Field,2026-08-30T18:10:00Z,2.960756315374734,92,1772,0.075369223700795,0.5277808339000171,0.262592679566544,0.5399782539226409,0.5912365419873747,0.3794364442489687,0.2276541826362162,0.1236589276302909,0.489273235251652,0.2574500085259042,0.1413387308519745,0.1032540553924528,0.5143858533745818,0.1393895951178067,0.0183447752118297,2026-08-30T18:51:35Z,,
823662,686668,Brenton Doyle,CWS,MIN,0,8,confirmed,Zebby Matthews,Target Field,2026-08-30T18:10:00Z,3.436940190076932,1973,1051,0.078543750556588,0.5715206645599755,0.1853283340499367,0.6882533197475313,0.6059007347331057,0.3991461222564756,0.2469597139767536,0.1396607036684019,0.5279128655384902,0.2930414295981834,0.1669427973466407,0.1206096567796042,0.555010201147955,0.1770873143660599,0.0319699018472437,2026-08-30T18:51:35Z,,
823662,805805,Walker Jenkins,MIN,CWS,1,9,confirmed,Jordan Hicks,Target Field,2026-08-30T18:10:00Z,2.755600551496433,14,1772,0.0775779627669481,0.495648001639854,0.3317081276944009,0.4477844854235985,0.5081121956880211,0.3052288449738083,0.1717060908621739,0.0861940283779686,0.4724399365074651,0.242260996084686,0.1305934417727228,0.0960237464549064,0.4842655091141319,0.1163762134489037,0.0117948250078604,2026-08-30T18:51:35Z,,
823662,691011,Drew Romo,CWS,MIN,0,9,confirmed,Zebby Matthews,Target Field,2026-08-30T18:10:00Z,2.900951476050037,344,1051,0.0847229618764843,0.4860919556005724,0.2377784407395468,0.5514468359328284,0.5210981220656298,0.3173239075635073,0.1811179190208297,0.0926821019641194,0.4780441316707258,0.2479259881329041,0.1347808677573811,0.0988324081461161,0.4750210990307297,0.1137005186454195,0.012352270109575,2026-08-30T18:51:35Z,,
823740,668930,Brice Turang,MIL,TEX,1,1,confirmed,Kumar Rocker,American Family Field,2026-08-30T18:10:00Z,4.327221478009243,2534,1019,0.1088738986009058,0.6834797655788521,0.4266689306365962,0.6338624801883129,0.7079593040253717,0.5106699628318662,0.3460995502732777,0.2173065625392674,0.62706184149537,0.3872229474831756,0.2371268210680505,0.1692877612441904,0.6589545644490502,0.2795737954927925,0.0750859637222976,2026-08-30T18:51:35Z,,
823740,592626,Joc Pederson,TEX,MIL,0,1,confirmed,Dustin May,American Family Field,2026-08-30T18:10:00Z,4.397167588606756,2201,1589,0.1842987605978571,0.620809059060104,0.4875669385074181,0.6993199927999914,0.6957597648284326,0.4981387567736065,0.3357456405459638,0.209882935828483,0.6420034115341539,0.4038867447859072,0.2510617438848284,0.1795064775613414,0.6006942757263173,0.2241793899524546,0.0528621518869374,2026-08-30T18:51:35Z,,
823740,669003,Garrett Mitchell,MIL,TEX,1,2,confirmed,Kumar Rocker,American Family Field,2026-08-30T18:10:00Z,3.952969538115761,1086,1019,0.1083545599776461,0.6391194831929524,0.418573154644298,0.7512366742213454,0.6741644435308004,0.4717508241839173,0.3101379948108513,0.1881847737488214,0.6071241870453807,0.3665107233503213,0.2208039416829466,0.1577334338753424,0.6178896020949872,0.2360595636836711,0.0552421300758448,2026-08-30T18:51:35Z,,
823740,608369,Corey Seager,TEX,MIL,0,2,confirmed,Dustin May,American Family Field,2026-08-30T18:10:00Z,4.397167588606755,2781,1589,0.1883628912458981,0.6623312956069195,0.4370953264701189,0.6351515730203074,0.7286427950436203,0.5353494709489388,0.3694451367698074,0.2365572088012283,0.6696976065121202,0.4320126497969737,0.2726324881845883,0.1944411344436251,0.639340707447027,0.259504089592179,0.0661534870119105,2026-08-30T18:51:35Z,,
823740,641343,Jake Bauers,MIL,TEX,1,3,confirmed,Kumar Rocker,American Family Field,2026-08-30T18:10:00Z,3.952969538115761,1535,1019,0.1695563586576073,0.6456602164754234,0.5193195650144041,0.6516393958838408,0.709696126529696,0.5108748806967032,0.3449985564586392,0.2154848830174285,0.651204408199131,0.4100741081291295,0.2539374971306818,0.1807957756443545,0.6240052087917619,0.2411070937296267,0.0569124256274385,2026-08-30T18:51:35Z,,
823740,694671,Wyatt Langford,TEX,MIL,0,3,confirmed,Dustin May,American Family Field,2026-08-30T18:10:00Z,4.397167588606755,1650,1589,0.1209921930596317,0.6446652254419567,0.4119457684374805,0.649298773327731,0.6957322803830585,0.4965251069519994,0.3329730561751977,0.2066362385610479,0.614338485520808,0.3744462678725449,0.2272618708247865,0.1623601311431195,0.622982822202078,0.2424847528601561,0.0586457404505548,2026-08-30T18:51:35Z,,
823740,694192,Jackson Chourio,MIL,TEX,1,4,confirmed,Kumar Rocker,American Family Field,2026-08-30T18:10:00Z,3.952969538115761,1844,1019,0.1153261368022043,0.6529232212105536,0.2631053133640441,0.6272621589754002,0.693982283930253,0.4929469903155122,0.3282621172913687,0.2016523147292526,0.6177300943386941,0.3759759590088197,0.2272121025568352,0.161825832249481,0.6307027081134833,0.2471133835340789,0.0582737726646456,2026-08-30T18:51:35Z,,
823740,607043,Brandon Nimmo,TEX,MIL,0,4,confirmed,Dustin May,American Family Field,2026-08-30T18:10:00Z,4.397167588606755,3468,1589,0.1180625749010903,0.6559515800433153,0.4339417377052058,0.6456674519258233,0.69074422011631,0.4905258671893983,0.327252398549759,0.2018784511911948,0.6218878751367221,0.3814523868355237,0.2323741614172221,0.1658633128864581,0.6334871854870732,0.252132927294104,0.0623204095401449,2026-08-30T18:51:35Z,,
823740,592885,Christian Yelich,MIL,TEX,1,5,confirmed,Kumar Rocker,American Family Field,2026-08-30T18:10:00Z,3.952969538115761,2912,1019,0.1212471580571977,0.6507201274760056,0.4024464150999746,0.6153030316490127,0.693957725445962,0.4924881115574537,0.327516738192277,0.2008120499743351,0.615247607685149,0.3731173734107794,0.2248184078314471,0.1600930454892747,0.6286829673986232,0.2444195333967513,0.0567511434018738,2026-08-30T18:51:35Z,,
823740,677649,Ezequiel Duran,TEX,MIL,0,5,confirmed,Dustin May,American Family Field,2026-08-30T18:10:00Z,3.901814732884847,1899,1589,0.0778942393561976,0.6144175330753512,0.262019839438488,0.6457160404391442,0.6397051640947388,0.4349248358554361,0.2779620035221382,0.1633788085230702,0.5585426979317698,0.3213138733099081,0.1875973298972525,0.1348290669136354,0.5949368798566594,0.213937704762982,0.0462008122382545,2026-08-30T18:51:35Z,,
823740,596142,Gary Sánchez,MIL,TEX,1,6,confirmed,Kumar Rocker,American Family Field,2026-08-30T18:10:00Z,3.6527974517547257,1533,1019,0.117971696285715,0.5345909612979424,0.3854898440178346,0.6374806426007018,0.6127311381953733,0.4064367371156386,0.2532616702329121,0.1444438883088606,0.5364000751878926,0.3007238359264788,0.1724432938041024,0.1243504649937858,0.5202255435166175,0.1527219179000833,0.0253405269421414,2026-08-30T18:51:35Z,,
823740,669394,Jake Burger,TEX,MIL,0,6,confirmed,Dustin May,American Family Field,2026-08-30T18:10:00Z,3.901814732884848,2447,1589,0.1404451226490362,0.5922649080717001,0.2610519588127956,0.6998400907114125,0.660099577580328,0.4558439470549241,0.2955289836655435,0.17636763523624,0.5908340131119248,0.3501712653595471,0.2081196052825494,0.1487680001431497,0.5742510151476975,0.195874891734752,0.0394312755251605,2026-08-30T18:51:35Z,,
823740,686217,Sal Frelick,MIL,TEX,1,7,confirmed,Kumar Rocker,American Family Field,2026-08-30T18:10:00Z,3.6527974517547257,1926,1019,0.0753604270316324,0.631603807896553,0.327351660818114,0.3767676055745721,0.6442700634059824,0.4378671343639498,0.2791418471994194,0.1632726095161811,0.5610158039006403,0.321789474835639,0.1870175820097626,0.1341815369867036,0.6110402941802126,0.2254409242076277,0.0484997645451494,2026-08-30T18:51:35Z,,
823740,694497,Evan Carter,TEX,MIL,0,7,confirmed,Dustin May,American Family Field,2026-08-30T18:10:00Z,3.529205557383573,1080,1589,0.0849335015990686,0.5273523875451257,0.4148167532256231,0.6064115008359044,0.5874596318939059,0.3819854599980519,0.2335461645966491,0.1303566177518426,0.5061059386259268,0.275677596444024,0.1554190649216489,0.1128668246990988,0.5134447263895813,0.1474905450040027,0.0238429489669218,2026-08-30T18:51:35Z,,
823740,666152,David Hamilton,MIL,TEX,1,8,confirmed,Kumar Rocker,American Family Field,2026-08-30T18:10:00Z,3.1434911043453337,1083,1019,0.0753904670971593,0.548889820643479,0.2831390257619665,0.5027946989471916,0.5825153454202167,0.373764692144861,0.2248334811245749,0.1227824682956398,0.5069145071750523,0.2729813401450443,0.1522233108863116,0.1105937148638526,0.5340745435218764,0.1561329240517061,0.0238211087697973,2026-08-30T18:51:35Z,,
823740,683227,Cody Freeman,TEX,MIL,0,8,confirmed,Dustin May,American Family Field,2026-08-30T18:10:00Z,3.2121288792506726,204,1589,0.0623449368476191,0.5225869215225538,0.2096416686026463,0.4545765282647141,0.5486700771694515,0.3440620441642837,0.2026913073071232,0.10810414548377,0.4715793781735916,0.2465317557067553,0.1353509210334721,0.0992945530418779,0.5092433509434565,0.1399650181540552,0.0201667245252303,2026-08-30T18:51:35Z,,
823740,687401,Joey Ortiz,MIL,TEX,1,9,confirmed,Kumar Rocker,American Family Field,2026-08-30T18:10:00Z,3.143491104345334,1592,1019,0.0655117637823897,0.5240192050043697,0.2514770754212494,0.475458581972789,0.564989655597632,0.3581517930588605,0.2130629026879348,0.114890810833837,0.4825107964682254,0.2544472871752371,0.1402933890326794,0.1025956221984093,0.5106124991101385,0.1405064706898677,0.0200949735784709,2026-08-30T18:51:35Z,,
823740,553869,Elias Díaz,TEX,MIL,0,9,confirmed,Dustin May,American Family Field,2026-08-30T18:10:00Z,3.2121288792506726,1874,1589,0.0681768446402578,0.5164839701050001,0.1927333857217011,0.5549152006802363,0.5504711056797479,0.3462009527260739,0.2046227107543035,0.1095997892707077,0.4711880924538829,0.2467446013560167,0.1356738025788305,0.0995041379469124,0.5034157992145379,0.1371103518792697,0.0198085031323076,2026-08-30T18:51:35Z,,
823987,685133,Wade Meckler,LAA,PHI,1,1,confirmed,Zack Wheeler,Angel Stadium,2026-08-30T20:07:00Z,3.8525434625609605,428,3693,0.0754274217664713,0.6124717392220749,0.36950360456205866,0.6344151057313311,0.6283158741291891,0.42435880883479526,0.2699502647238555,0.15813556591466327,0.5472493440129552,0.3125279518044077,0.18201334170635627,0.1312655517494588,0.5931269608999877,0.2138401007552695,0.047553988500207,2026-08-30T19:33:03Z,-0.01030235211749212,Normal
823987,656941,Kyle Schwarber,PHI,LAA,0,1,confirmed,Yusei Kikuchi,Angel Stadium,2026-08-30T20:07:00Z,4.760051821660246,3752,3080,0.2517136136040967,0.62498818331515,0.5044298805991808,0.8770018633650928,0.7341017431479023,0.5427835886096396,0.3774136922134581,0.24397688588519836,0.6921781019328455,0.4580443441658806,0.2949132333708425,0.21101330661895532,0.6046285755883266,0.22725933503454926,0.053755658277506974,2026-08-30T19:33:03Z,0.29545563262183205,Normal
823987,545361,Mike Trout,LAA,PHI,1,2,confirmed,Zack Wheeler,Angel Stadium,2026-08-30T20:07:00Z,3.852543462560961,2277,3693,0.1243801056091916,0.5499030144660378,0.3762492889380508,0.7654653378910354,0.6367341772904683,0.43399337977744373,0.27820659945744197,0.16410769409756557,0.5508517837021225,0.31630347883419424,0.1845015405427757,0.13267795283049452,0.534365172264555,0.16742989060345284,0.031019551559923822,2026-08-30T19:33:03Z,0.4504101704923146,Normal
823987,607208,Trea Turner,PHI,LAA,0,2,confirmed,Yusei Kikuchi,Angel Stadium,2026-08-30T20:07:00Z,4.643626329095798,3491,3080,0.13827014971262908,0.7185650253759744,0.3179157758869522,0.6820018768862773,0.7462252539051617,0.5571442313770123,0.3909269771515425,0.2550658080395168,0.6747245912057858,0.43793498762849475,0.27784490034900156,0.19845598716728896,0.6913842990630871,0.31740040678220144,0.0946670177579674,2026-08-30T19:33:03Z,-1.5415412311269674,Normal
823987,687093,Vaughn Grissom,LAA,PHI,1,3,confirmed,Zack Wheeler,Angel Stadium,2026-08-30T20:07:00Z,3.852543462560961,837,3693,0.07080447321674015,0.5689812618758296,0.23898081468891483,0.6507813243086338,0.5873996644212408,0.3840564584788068,0.23642268956413695,0.13317969686657383,0.5114694614969395,0.2818513040359187,0.16023370659156536,0.11618472059300765,0.5524432005603113,0.17878094762476293,0.034017169389710236,2026-08-30T19:33:03Z,-0.5413720432110387,Normal
823987,547180,Bryce Harper,PHI,LAA,0,3,confirmed,Yusei Kikuchi,Angel Stadium,2026-08-30T20:07:00Z,4.510536576389396,3061,3080,0.16036711800576206,0.6664175943114826,0.49228339161669316,0.716998257223339,0.7280875892641788,0.5344274331948828,0.368493096172797,0.23578911337464634,0.6611161820462546,0.4225346308454671,0.2649336385441246,0.18902019657876945,0.6431927798802967,0.26301105048702467,0.0677453822970252,2026-08-30T19:33:03Z,1.466260373397457,Normal
823987,694208,Moisés Ballesteros,LAA,PHI,1,4,confirmed,Zack Wheeler,Angel Stadium,2026-08-30T20:07:00Z,3.543323838077788,417,3693,0.09359037773566091,0.5521949299024658,0.2959604217446113,0.6016740652069458,0.5973892925353922,0.3915505838062651,0.24127276441414383,0.13592456996951663,0.5232432495340043,0.28972382487192294,0.1649208654778096,0.11933609487500904,0.5368542540777475,0.1641592536614883,0.028618572511620116,2026-08-30T19:33:03Z,-1.9230668859156423,Normal
823987,664761,Alec Bohm,PHI,LAA,0,4,confirmed,Yusei Kikuchi,Angel Stadium,2026-08-30T20:07:00Z,4.343943305313821,3283,3080,0.11654998392689908,0.6933817309803203,0.30940694632510785,0.5362517079324305,0.7063008651566359,0.5082048692893764,0.3433817640323752,0.21478592348414863,0.6403852641746879,0.4001111060516581,0.24672254672130545,0.17593091481829967,0.6681697987984359,0.2884337821873217,0.07850951657907206,2026-08-30T19:33:03Z,1.204272053479372,Normal
823987,695681,Christian Moore,LAA,PHI,1,5,confirmed,Zack Wheeler,Angel Stadium,2026-08-30T20:07:00Z,3.5433238380777876,331,3693,0.07998786258478331,0.5031810034979961,0.2550560774292067,0.8154812501869266,0.5441183471252724,0.3432512993235309,0.2039381113571191,0.11012452905245002,0.47576531930010374,0.2524679571210808,0.14018346505914372,0.102573047496226,0.49059840166551694,0.13274133900170917,0.020065641987099092,2026-08-30T19:33:03Z,-0.7983927371271917,Normal
823987,624641,Edmundo Sosa,PHI,LAA,0,5,confirmed,Yusei Kikuchi,Angel Stadium,2026-08-30T20:07:00Z,3.842884674594225,1469,3080,0.1128797434611913,0.6256665181600943,0.25699298335627263,0.6398859265255928,0.6589611678191942,0.4546556488101903,0.2946855737440057,0.17596515976020535,0.5989458878033692,0.3578616877944165,0.21394471301519946,0.15295114099426765,0.6054768331767745,0.22295065081029536,0.04953574949513442,2026-08-30T19:33:03Z,0.6969208252815688,Normal
823987,666139,Josh Lowe,LAA,PHI,1,6,confirmed,Zack Wheeler,Angel Stadium,2026-08-30T20:07:00Z,3.5433238380777876,1970,3693,0.10287170944746037,0.5615704391922123,0.2589054635945324,0.7075390662606598,0.6130091957994781,0.40686140921990493,0.25364253808418163,0.14472095636493765,0.5438514530869124,0.3071225822237716,0.17679902240552625,0.1272883699077266,0.5456178038676266,0.171041800091528,0.030473921052595578,2026-08-30T19:33:03Z,-0.11593999355020375,Normal
823987,650559,Bryan De La Cruz,PHI,LAA,0,6,confirmed,Yusei Kikuchi,Angel Stadium,2026-08-30T20:07:00Z,3.842884674594226,1910,3080,0.1145713288679734,0.6279583581482839,0.24698330043977348,0.7061063695383408,0.6495825804461077,0.44489267580695246,0.28613406543819553,0.16925147071307198,0.5928209956141707,0.35202595589827046,0.20939890235007513,0.1496437028156129,0.6075755289622202,0.22469550629462579,0.049574812372087586,2026-08-30T19:33:03Z,1.348920777887481,Normal
823987,642350,Jose Siri,LAA,PHI,1,7,confirmed,Zack Wheeler,Angel Stadium,2026-08-30T20:07:00Z,3.337019602292587,1554,3693,0.09285017550033434,0.47642371904412517,0.19780127327253197,0.8315893290672579,0.5564865931755318,0.3526193513046471,0.21009860854749235,0.11369378459657986,0.4742319287072912,0.2500153531105679,0.13809079478010158,0.10114807905202824,0.4653552839255132,0.11551897064618019,0.015396357238745498,2026-08-30T19:33:03Z,-1.1637082056234302,Normal
823987,681082,Bryson Stott,PHI,LAA,0,7,confirmed,Yusei Kikuchi,Angel Stadium,2026-08-30T20:07:00Z,3.842884674594226,3142,3080,0.07537949841943611,0.6004405587358518,0.32255486383997367,0.5741227161894195,0.6267932578985262,0.42146748663697736,0.2663018104155971,0.15441095903422322,0.542003573246763,0.3065588761581933,0.1768869009890925,0.1274479118390537,0.5819417630207464,0.2016679440794131,0.041087446760781465,2026-08-30T19:33:03Z,-0.5423246661516837,Normal
823987,672724,Oswald Peraza,LAA,PHI,1,8,confirmed,Zack Wheeler,Angel Stadium,2026-08-30T20:07:00Z,3.1522367382913767,1038,3693,0.0536122887794033,0.45936770182969483,0.184051801104311,0.7472507352511608,0.4895896725790317,0.29501418619968844,0.16736499374443023,0.08532086195280265,0.4158830453739378,0.2073600675251731,0.11094345436995608,0.08278900657386856,0.44928083323274426,0.10439928925315908,0.012428244594495354,2026-08-30T19:33:03Z,-1.8722935354429617,Normal
823987,592663,J.T. Realmuto,PHI,LAA,0,8,confirmed,Yusei Kikuchi,Angel Stadium,2026-08-30T20:07:00Z,3.842884674594226,2786,3080,0.11805713824171143,0.6175959679177243,0.3149837744883464,0.6326653214590005,0.6624118338412355,0.45777203338403927,0.296811689652977,0.17707632054884637,0.5939859404009518,0.3525863699956912,0.2095627443758121,0.14970338600047645,0.597965792937236,0.21519643237911934,0.045699817413947755,2026-08-30T19:33:03Z,0.49974592487563996,Normal
823987,694203,Denzer Guzman,LAA,PHI,1,9,confirmed,Zack Wheeler,Angel Stadium,2026-08-30T20:07:00Z,3.031898231320852,315,3693,0.0700434970154798,0.4724935356961408,0.17801938837933604,0.7148965832626646,0.5343484556860658,0.3303754529905867,0.19172934779513892,0.10031314246791724,0.445702435829738,0.226707368757426,0.12236807704199372,0.09055523360368893,0.4619120985162299,0.10931993235411382,0.012713170322691468,2026-08-30T19:33:03Z,-0.9153178273058825,Normal
823987,656537,Derek Hill,PHI,LAA,0,9,confirmed,Yusei Kikuchi,Angel Stadium,2026-08-30T20:07:00Z,3.022613908052594,838,3080,0.0998333941882937,0.5178609708375598,0.22796454972318686,0.7237891826855182,0.5743560684059043,0.36471936861475523,0.21682172641345202,0.11661071585131082,0.5047459183349292,0.26973140622641867,0.1493459347430515,0.1086238982302947,0.5049851277286346,0.13404696157453397,0.017442801460755365,2026-08-30T19:33:03Z,0.13911998662158184,Normal
824232,650402,Gleyber Torres,DET,LAD,1,1,confirmed,Tyler Glasnow,Comerica Park,2026-08-30T17:40:00Z,4.443508441280344,3227,1841,0.1000438371628407,0.6099326962155244,0.4009253008273808,0.7297924951259286,0.6694313403321999,0.4678689708140476,0.3075844227279523,0.1868284584363016,0.5627024558184837,0.3266887741845785,0.1922376402825133,0.1381798959234925,0.590622518429411,0.2131097052219395,0.0473864609013061,2026-08-30T18:51:35Z,,
824232,660271,Shohei Ohtani,LAD,DET,0,1,confirmed,Framber Valdez,Comerica Park,2026-08-30T17:40:00Z,4.76564936521207,3583,4234,0.2061344512773176,0.6946102727023127,0.3895215090289035,0.7931718098366943,0.7684723725188131,0.5858153354965019,0.4198996120439242,0.2804619482439743,0.7119939643894799,0.481061045078876,0.3145649724546392,0.2254626583746992,0.669219214284178,0.2928033541566338,0.0828785467212248,2026-08-30T18:51:35Z,,
824232,690993,Colt Keith,DET,LAD,1,2,confirmed,Tyler Glasnow,Comerica Park,2026-08-30T17:40:00Z,3.994867271389852,1637,1841,0.0906611213629557,0.6035765708579797,0.3238450089046468,0.6732787903278559,0.6355987297417329,0.4315622558758705,0.2757276296060634,0.1621511830810482,0.5576362055744205,0.3213061701190423,0.1880031377012817,0.1352100896159891,0.5847665641231367,0.2064523956298146,0.0442808521436855,2026-08-30T18:51:35Z,,
824232,669242,Tommy Edman,LAD,DET,0,2,confirmed,Framber Valdez,Comerica Park,2026-08-30T17:40:00Z,4.51639502362726,2147,4234,0.0955534189864438,0.6552234970954772,0.3366522636967604,0.6164000959662292,0.6919522773329699,0.4929886454751256,0.3303352312793735,0.2049787110258691,0.6015952059753967,0.3628783508211797,0.2189701075191199,0.1567274634118054,0.6327549711624569,0.2532751628265703,0.0639647252521231,2026-08-30T18:51:35Z,,
824232,805808,Kevin McGonigle,DET,LAD,1,3,confirmed,Tyler Glasnow,Comerica Park,2026-08-30T17:40:00Z,3.994867271389852,662,1841,0.0973215279325576,0.6032172251463669,0.4335903337305485,0.5597105394677253,0.6455958179436337,0.4415233262426307,0.2836963981652664,0.1676685153633567,0.5634406746150142,0.3260115606382678,0.1909293227698671,0.1370090779360725,0.5844143556905729,0.2055008071059944,0.0430030571768328,2026-08-30T18:51:35Z,,
824232,605141,Mookie Betts,LAD,DET,0,3,confirmed,Framber Valdez,Comerica Park,2026-08-30T17:40:00Z,4.516395023627261,3277,4234,0.1306730609838136,0.6720198945379061,0.3714747153287991,0.4821465848466016,0.7187408934266457,0.523200162475873,0.3578059564632999,0.2269047896386906,0.6402527638268496,0.4005932361718199,0.2475482673835372,0.176656840178553,0.6483563196444319,0.2683569245854348,0.070102586201004,2026-08-30T18:51:35Z,,
824232,693307,Dillon Dingler,DET,LAD,1,4,confirmed,Tyler Glasnow,Comerica Park,2026-08-30T17:40:00Z,3.9075612160847952,1238,1841,0.1087533033577483,0.567099811029827,0.272611037790673,0.7438153472956978,0.6308021089961365,0.4256151225368465,0.2698702345757467,0.1571225052694254,0.5508423596519276,0.3142602198952903,0.1823863461940716,0.1311864524355426,0.5506876798742434,0.1768998351269606,0.0331908614839357,2026-08-30T18:51:35Z,,
824232,518692,Freddie Freeman,LAD,DET,0,4,confirmed,Framber Valdez,Comerica Park,2026-08-30T17:40:00Z,4.429153287095842,3635,4234,0.0933859681803898,0.6999696021553554,0.3378502298958727,0.6182162383744275,0.7251731373197683,0.53030699224499,0.3640924376685434,0.2317567229803536,0.6393725575776478,0.3991761820293804,0.2461377049111535,0.1755516181148878,0.6742219207753839,0.2955479754723054,0.0822042455203129,2026-08-30T18:51:35Z,,
824232,814430,Brett Callahan,DET,LAD,1,5,confirmed,Tyler Glasnow,Comerica Park,2026-08-30T17:40:00Z,3.1291408208497717,37,1841,0.1049719908063128,0.5172399208779631,0.2547851482637758,0.6493913966211672,0.6475625102221144,0.4348901143003878,0.2723441691230228,0.1553644813121681,0.5147682452252534,0.2780184796344486,0.1550199610057277,0.1124289187571027,0.5043301807398213,0.1345547586511284,0.0179797816015149,2026-08-30T18:51:35Z,,
824232,606192,Teoscar Hernández,LAD,DET,0,5,confirmed,Framber Valdez,Comerica Park,2026-08-30T17:40:00Z,4.245050271878774,3163,4234,0.123783775055854,0.6558454436850985,0.294623342574366,0.7327754553471337,0.7052085087874315,0.5062956684070296,0.3411269737926913,0.2125764779528392,0.6228381919387416,0.3817991569205249,0.2322860383053488,0.1656754469834136,0.6334158036741169,0.251098192851375,0.0612566741430027,2026-08-30T18:51:35Z,,
824232,656716,Zach McKinstry,DET,LAD,1,6,confirmed,Tyler Glasnow,Comerica Park,2026-08-30T17:40:00Z,3.129140820849771,2157,1841,0.0585498145699776,0.4755068188353424,0.2882818339976065,0.5456052910962073,0.5224104427960597,0.3226781030991816,0.1876085475111233,0.0985951596135299,0.4454550615145461,0.2285149416018508,0.1243262257949501,0.0918375273883816,0.4645268921456805,0.114294741436516,0.0149493711200725,2026-08-30T18:51:35Z,,
824232,500743,Miguel Rojas,LAD,DET,0,6,confirmed,Framber Valdez,Comerica Park,2026-08-30T17:40:00Z,3.825907027475661,2016,4234,0.0646749365114617,0.611537631220513,0.271228273203453,0.4154723465810795,0.6219457883396028,0.4165751031447273,0.2623819542008069,0.151694371799842,0.53695170761789,0.3023043840131236,0.174132732130552,0.1256500445722388,0.5923031586659354,0.2107153251466175,0.0447205475610592,2026-08-30T18:51:35Z,,
824232,701678,Hao-Yu Lee,DET,LAD,1,7,confirmed,Tyler Glasnow,Comerica Park,2026-08-30T17:40:00Z,3.1291408208497717,316,1841,0.0668028541811182,0.4890844596743636,0.2089859785106904,0.6501519774051729,0.5366850003633186,0.3328603140996947,0.1938674038708818,0.1019150313191479,0.4549797585148519,0.233673360899028,0.126910802969671,0.093596335931544,0.4776082722275295,0.1190677378839879,0.0149499850860418,2026-08-30T18:51:35Z,,
824232,663656,Kyle Tucker,LAD,DET,0,7,confirmed,Framber Valdez,Comerica Park,2026-08-30T17:40:00Z,3.825907027475662,3058,4234,0.0965313421044665,0.5670741563986772,0.3603862190378772,0.5580147211384155,0.6413089965272014,0.4364665260455421,0.2789518184413657,0.163776690027909,0.539589437962782,0.3047394915399572,0.1756937108405691,0.1265709129290176,0.550636288550317,0.1770092617678157,0.0330203438309906,2026-08-30T18:51:35Z,,
824232,703601,Max Clark,DET,LAD,1,8,confirmed,Tyler Glasnow,Comerica Park,2026-08-30T17:40:00Z,3.1291408208497717,135,1841,0.0724411470199775,0.5012855168467459,0.259364544203332,0.6025664523444711,0.5411261834417408,0.3369911267294135,0.1971045408050837,0.104168559965699,0.4728129242238338,0.2469007632073406,0.1353478287110733,0.0992716855355804,0.4891443047090178,0.1264382484835861,0.0166973995651697,2026-08-30T18:51:35Z,,
824232,571771,Enrique Hernández,LAD,DET,0,8,confirmed,Framber Valdez,Comerica Park,2026-08-30T17:40:00Z,3.546526963811369,1864,4234,0.0759316465038629,0.5515857506887276,0.2518915375827544,0.6038808385991621,0.597642825808845,0.3914930623996464,0.2410153768250168,0.1355737884096897,0.506244929731741,0.2757546148249308,0.1554453191904988,0.112875724199903,0.5362755132719179,0.1634263465563327,0.0281797401284237,2026-08-30T18:51:35Z,,
824232,595879,Javier Báez,DET,LAD,1,9,confirmed,Tyler Glasnow,Comerica Park,2026-08-30T17:40:00Z,3.129140820849771,2264,1841,0.0571808925533527,0.4828151827174016,0.1628496360309134,0.6384967876109992,0.5365555242709812,0.3341477877978225,0.1956743320219666,0.1036584654121803,0.4414937219734774,0.2253118630936579,0.1221628977957058,0.0903716452142825,0.4715168593903933,0.1175916654412036,0.0153768302499585,2026-08-30T18:51:35Z,,
824232,666163,Ben Rortvedt,LAD,DET,0,9,confirmed,Framber Valdez,Comerica Park,2026-08-30T17:40:00Z,3.0017615047057045,672,4234,0.0434871414888753,0.4457697925844147,0.2538713160033913,0.6159921751900316,0.4733126204179925,0.2804856069456083,0.1563283119871888,0.0778340500340302,0.3919773750668725,0.1901567449200551,0.100142289645086,0.0754565823767986,0.4364846310798819,0.0951531625456952,0.0098785217294205,2026-08-30T18:51:35Z,,
824393,680757,Steven Kwan,CLE,KC,1,1,confirmed,Seth Lugo,Progressive Field,2026-08-30T17:40:00Z,4.478861288270734,3481,3305,0.0779647164491384,0.7117976097635255,0.4365095452718615,0.417007468774062,0.7146126070034937,0.5184675857047553,0.3534399167702408,0.2233690407437402,0.6231749675570504,0.3834594782199045,0.2343256435346335,0.1673684047631957,0.6851142698277192,0.3091003107970268,0.0896224586609236,2026-08-30T18:51:35Z,,
824393,695600,Carter Jensen,KC,CLE,0,1,confirmed,Parker Messick,Progressive Field,2026-08-30T17:40:00Z,4.506875957983967,664,860,0.1149547807878812,0.6189996039414579,0.3678793638308245,0.7783720809431633,0.6685691220883138,0.4680220453159325,0.308516147620337,0.1881432551196894,0.5941029449142867,0.3564351364144642,0.2145056312530023,0.1537208285162319,0.5990134093787827,0.2222941569256993,0.0518234947775111,2026-08-30T18:51:35Z,,
824393,800050,Chase DeLauter,CLE,KC,1,2,confirmed,Seth Lugo,Progressive Field,2026-08-30T17:40:00Z,4.236977751567611,556,3305,0.1256079668472844,0.7052480819866146,0.396308143501452,0.4963853962079309,0.7277121543887755,0.5331270126610331,0.3665434287498485,0.2335784688133353,0.6582692099819571,0.4186040607510124,0.2612429893465846,0.1861181036430063,0.6790891818273768,0.3006578075564642,0.0842739981038954,2026-08-30T18:51:35Z,,
824393,677951,Bobby Witt Jr.,KC,CLE,0,2,confirmed,Parker Messick,Progressive Field,2026-08-30T17:40:00Z,4.506875957983966,3477,860,0.1360610419498501,0.711600261981732,0.2830717270841366,0.6151974621275983,0.739950168521859,0.549047008801291,0.3827007770859669,0.2477826294968167,0.6802497833057237,0.4436626312298112,0.2822934354112123,0.2014895011591627,0.6849186110599155,0.3093249852778145,0.089977597801622,2026-08-30T18:51:35Z,,
824393,608070,José Ramírez,CLE,KC,1,3,confirmed,Seth Lugo,Progressive Field,2026-08-30T17:40:00Z,4.236977751567611,3507,3305,0.1360241128323215,0.6750854349880391,0.3327877098666166,0.4527886419879552,0.7140979677040855,0.516404715371807,0.3502919516805707,0.2198220535178805,0.6525075614553687,0.4118081802413907,0.2553804959636495,0.1817718283514907,0.6512426882497045,0.2689904771982792,0.0686634450744658,2026-08-30T18:51:35Z,,
824393,695506,Jac Caglianone,KC,CLE,0,3,confirmed,Parker Messick,Progressive Field,2026-08-30T17:40:00Z,4.2769185029445325,772,860,0.1264010444108344,0.6531229052076662,0.2472275357032507,0.6961491934382839,0.6845407439824411,0.4840657441826079,0.3217736786735712,0.1977958973262641,0.623654295282232,0.3836388949083896,0.2342967789461395,0.167292914120212,0.6308403503186067,0.2502150366979019,0.0619502813297571,2026-08-30T18:51:35Z,,
824393,666176,Jo Adell,CLE,KC,1,4,confirmed,Seth Lugo,Progressive Field,2026-08-30T17:40:00Z,3.94523959164012,2194,3305,0.133837755808934,0.5918618224299975,0.2456554733988743,0.7197956989755824,0.6453965989951924,0.4404848394689008,0.2824168237855132,0.1665067088090522,0.5877585622137249,0.3472830970050799,0.206033430847229,0.1473627794869348,0.5738827218642039,0.1955210670831469,0.0393742210706711,2026-08-30T18:51:35Z,,
824393,521692,Salvador Perez,KC,CLE,0,4,confirmed,Parker Messick,Progressive Field,2026-08-30T17:40:00Z,4.2769185029445325,3080,860,0.1475725183245629,0.6417724109644674,0.2296677875085915,0.6334551440158339,0.672768254745931,0.4706230298402848,0.3093600667340335,0.1877158711880463,0.626646404285964,0.3859640279287059,0.235666000467245,0.1680917671237851,0.6203253550357227,0.2389499759370391,0.056594203490177,2026-08-30T18:51:35Z,,
824393,663993,Nathaniel Lowe,CLE,KC,1,5,confirmed,Seth Lugo,Progressive Field,2026-08-30T17:40:00Z,3.94523959164012,3199,3305,0.1138041291763089,0.6405330894017239,0.3313503303236611,0.6119450291145505,0.6616769238354124,0.4571349805864861,0.2963227839391761,0.1767115943871653,0.6011121860500436,0.3593965137295271,0.2146243794393815,0.15312916238366,0.6192556181901078,0.2350817084595604,0.0531591637253569,2026-08-30T18:51:35Z,,
824393,686469,Vinnie Pasquantino,KC,CLE,0,5,confirmed,Parker Messick,Progressive Field,2026-08-30T17:40:00Z,4.269346570570739,2390,860,0.0998595675388885,0.6439735565554988,0.2927434778297707,0.5280779125436906,0.6644947069248149,0.4614375383795934,0.3011143355848615,0.1812111744507721,0.5966646628821081,0.356605327542806,0.2134280493993426,0.1526192303147063,0.6223931871471323,0.2404078064558818,0.0569291712248549,2026-08-30T18:51:35Z,,
824393,683953,Travis Bazzana,CLE,KC,1,6,confirmed,Seth Lugo,Progressive Field,2026-08-30T17:40:00Z,3.94523959164012,470,3305,0.1019090706488687,0.623959019940015,0.3927810610370972,0.5691380473583135,0.6474990559934264,0.4420544951074883,0.283242366342932,0.1667203082849651,0.583518795443118,0.3427425127278322,0.2023258232475105,0.1446746458193966,0.6038631068091027,0.2203637644868814,0.0473612144681386,2026-08-30T18:51:35Z,,
824393,679845,Nick Loftin,KC,CLE,0,6,confirmed,Parker Messick,Progressive Field,2026-08-30T17:40:00Z,3.506386606883892,961,860,0.0711474703282474,0.5397702669843425,0.2988543637974818,0.5071842359120854,0.5580772539410163,0.3553184321055865,0.2129815318929833,0.1162081885193577,0.5033678963639391,0.2735404122275126,0.1540275472700039,0.1119396858890658,0.5251541009222631,0.1555899019060629,0.0260993057421937,2026-08-30T18:51:35Z,,
824393,694197,Angel Genao,CLE,KC,1,7,confirmed,Seth Lugo,Progressive Field,2026-08-30T17:40:00Z,3.2647226110083105,106,3305,0.0792320089862249,0.5712648711463714,0.2722434061839695,0.421029617727684,0.5825938431978877,0.3753588095776466,0.2270353451207575,0.1249387227936661,0.5262822713134695,0.2898505547387506,0.1640108667793163,0.1185591868417717,0.5549542174513854,0.1738314804204362,0.0296875295203319,2026-08-30T18:51:35Z,,
824393,670231,John Rave,KC,CLE,0,7,confirmed,Parker Messick,Progressive Field,2026-08-30T17:40:00Z,3.0874533677829183,399,860,0.0575377066094884,0.4864600401515108,0.2285594215336149,0.5802715085503899,0.514238394307616,0.3141544917414675,0.1804263695508799,0.0932940138431484,0.4460589496636297,0.2273862025212215,0.1230294629244196,0.0909868560425063,0.4751166758517564,0.1176665374452254,0.0147179051990952,2026-08-30T18:51:35Z,,
824393,595978,Austin Hedges,CLE,KC,1,8,confirmed,Seth Lugo,Progressive Field,2026-08-30T17:40:00Z,3.1247390408782483,1287,3305,0.0593341119960431,0.4577870032393951,0.2320141824307385,0.5332400512175209,0.4856138493453782,0.2913062892589243,0.1644762871200965,0.0833134273008602,0.4138407098928006,0.2054840497398482,0.1096781799889801,0.0819230842740228,0.4478142508988084,0.1028986361119495,0.0119025447677803,2026-08-30T18:51:35Z,,
824393,686475,Tyler Tolbert,KC,CLE,0,8,confirmed,Parker Messick,Progressive Field,2026-08-30T17:40:00Z,3.0066674940843217,330,860,0.07363719054653,0.523185345613694,0.209901500737584,0.5346655663767845,0.5755632538894521,0.3645770453772622,0.2158813416782177,0.1153898462138581,0.4841123026995919,0.2529722789244797,0.1381864001408935,0.1011128288566038,0.5101032862095977,0.1355789680806609,0.0169241712981792,2026-08-30T18:51:35Z,,
824393,677587,Brayan Rocchio,CLE,KC,1,9,confirmed,Seth Lugo,Progressive Field,2026-08-30T17:40:00Z,3.1247390408782483,1660,3305,0.06631826706416,0.5345928366885356,0.2376806015421576,0.4190714590687582,0.5643797575259442,0.3575737813758918,0.2126094702924823,0.1145761911520315,0.4866769042643704,0.2575479801700002,0.1422714342703095,0.1039242789394763,0.5205955335675025,0.1470507825882331,0.0216452451053078,2026-08-30T18:51:35Z,,
824393,664728,Kyle Isbel,KC,CLE,0,9,confirmed,Parker Messick,Progressive Field,2026-08-30T17:40:00Z,3.0066674940843217,1914,860,0.0482295426880358,0.4975444098897867,0.1740943910201818,0.514544532264167,0.5373059317041547,0.3329370071207368,0.1936548858974415,0.101602318463481,0.450539695655309,0.2301423687429354,0.12457209796988,0.0920245461060909,0.4856795873012629,0.1231361962740701,0.0155489325056109,2026-08-30T18:51:35Z,,
824636,663538,Nico Hoerner,CHC,CIN,1,1,projected,Chase Burns,Wrigley Field,2026-08-30T23:20:00Z,4.430327565091494,3300,836,0.06984601749307008,0.6795882423099927,0.26742801224774226,0.5140090094271157,0.6775836740073281,0.47679547867260463,0.3155170975066938,0.19304754639574973,0.5947945908940933,0.3560936820662413,0.21365289297216497,0.15297985016190216,0.6553850251661286,0.27580802955949874,0.07345273787914872,2026-08-30T19:33:03Z,-0.18655617763288443,Normal
824636,667472,Dane Myers,CIN,CHC,0,1,confirmed,Shota Imanaga,Wrigley Field,2026-08-30T23:20:00Z,4.245934394331724,923,2065,0.12191628241202059,0.6468368618703075,0.3353467102354966,0.6831118999452508,0.6531450470840224,0.4518862799315712,0.294676754514612,0.17767984671108503,0.6061491830738409,0.3681821493023979,0.2235203374824573,0.1601568434307288,0.6249709604482384,0.24696040727788296,0.062395836006028285,2026-08-30T19:33:03Z,0.2535846908759722,Normal
824636,608324,Alex Bregman,CHC,CIN,1,2,projected,Chase Burns,Wrigley Field,2026-08-30T23:20:00Z,4.399615497715122,3457,836,0.12245268829813713,0.6430392138254752,0.37570714809436473,0.6076968826568975,0.6824883532208582,0.4815769493468928,0.3193458486150821,0.1957356272249435,0.6150882069623373,0.37494777890442865,0.22746883342809862,0.1624858942970233,0.6215189375553459,0.24052104529205892,0.057576184761946106,2026-08-30T19:33:03Z,-0.34076317695697245,Normal
824636,682829,Elly De La Cruz,CIN,CHC,0,2,confirmed,Shota Imanaga,Wrigley Field,2026-08-30T23:20:00Z,4.245934394331724,2561,2065,0.16875115873563679,0.6577714075077172,0.31382264090606593,0.7556495283369665,0.700086597215016,0.5025285726453752,0.3389614223154772,0.2116888720342648,0.6675514823913287,0.43016480601760576,0.2711617686433369,0.19333159193812116,0.6350916672152556,0.25565796485498676,0.06436228708237653,2026-08-30T19:33:03Z,0.4457080181666316,Normal
824636,683737,Michael Busch,CHC,CIN,1,3,projected,Chase Burns,Wrigley Field,2026-08-30T23:20:00Z,4.1390140175568115,2064,836,0.15322251370971143,0.6270440646767252,0.4508972311431802,0.7208916353650543,0.6799218367356649,0.4779289762240078,0.31543977983840144,0.19216498360136522,0.6292623879703073,0.38805259712917656,0.23690009352454516,0.168852409438284,0.6066839922177583,0.22521554539518118,0.05066265489796381,2026-08-30T19:33:03Z,-0.12092754097603443,Normal
824636,701398,Sal Stewart,CIN,CHC,0,3,confirmed,Shota Imanaga,Wrigley Field,2026-08-30T23:20:00Z,4.245934394331723,753,2065,0.2444147929461621,0.6641833440267826,0.2947647683752289,0.6502727727059802,0.722056253764765,0.5269342471830629,0.3610260662840575,0.2292651399090109,0.706666485642026,0.4731554302486926,0.3064107335325606,0.218728148978379,0.6411219596926886,0.26022964611822924,0.06588363192685245,2026-08-30T19:33:03Z,0.7821845348250815,Normal
824636,664023,Ian Happ,CHC,CIN,1,4,projected,Chase Burns,Wrigley Field,2026-08-30T23:20:00Z,4.139014017556811,3436,836,0.10378732165847529,0.5840892740943721,0.38869435669256625,0.808806951788257,0.6440457046698737,0.43943716157677903,0.28170056875829486,0.16608071816018002,0.5649385397737491,0.3269562969204253,0.19146347893853133,0.137426398108504,0.5666109165968015,0.18986010998820405,0.03755321752427671,2026-08-30T19:33:03Z,0.4588562702919285,Normal
824636,663886,Tyler Stephenson,CIN,CHC,0,4,confirmed,Shota Imanaga,Wrigley Field,2026-08-30T23:20:00Z,4.206947398309773,2173,2065,0.1631398027787532,0.6430163932875224,0.3106480180011067,0.7534786792111571,0.6790172501414176,0.47751572668830544,0.3155289370386487,0.19258953497357215,0.6411921760533841,0.4007663401020636,0.2471236667226377,0.17616759589222797,0.6215112587600359,0.24007290005915544,0.05711382598246272,2026-08-30T19:33:03Z,0.17190441137303944,Normal
824636,673548,Seiya Suzuki,CHC,CIN,1,5,projected,Chase Burns,Wrigley Field,2026-08-30T23:20:00Z,4.132673504324568,2930,836,0.12039519262716884,0.6334498777221719,0.35171574717123416,0.7705974602374913,0.6873602310978829,0.4852334363842135,0.321244416779975,0.19616352462712458,0.6114408592129126,0.36962401522851673,0.22241038298635873,0.15861011611830597,0.6126944751682541,0.2293289120792034,0.05135692014635244,2026-08-30T19:33:03Z,1.7015212810983114,Normal
824636,553993,Eugenio Suárez,CIN,CHC,0,5,confirmed,Shota Imanaga,Wrigley Field,2026-08-30T23:20:00Z,4.206947398309774,3313,2065,0.24736629945959693,0.609289129677539,0.3385111139383883,0.8260212690293814,0.6905126355776904,0.489717473567528,0.3260331379335191,0.20052451378633632,0.6831015996792715,0.44502712672775185,0.28213553736359687,0.2008249472078437,0.5901272402021289,0.2105894487672181,0.0453094498282295,2026-08-30T19:33:03Z,0.60579676682469,Normal
824636,624424,Michael Conforto,CHC,CIN,1,6,projected,Chase Burns,Wrigley Field,2026-08-30T23:20:00Z,3.618407861403383,1870,836,0.12925052557871555,0.552962390279605,0.3730193640775217,0.7114325769998133,0.6143212104650531,0.4079742882959921,0.2544797356816657,0.14530460187059713,0.5611794519681924,0.3219065723783218,0.18707592162545655,0.13427266127071882,0.5375473204938536,0.1648725597340628,0.02868368400346262,2026-08-30T19:33:03Z,-0.02844933834943237,Normal
824636,668709,JJ Bleday,CIN,CHC,0,6,confirmed,Shota Imanaga,Wrigley Field,2026-08-30T23:20:00Z,4.013374439798441,2177,2065,0.12622985080054872,0.5652875282136256,0.34691199235252046,0.7017336143213907,0.630024640882778,0.4252547478751887,0.26985517176258833,0.15733150087519282,0.5711067723739799,0.3324917933621079,0.19545963678197248,0.14017879532823313,0.548985295380487,0.17605601744898283,0.033196381122283077,2026-08-30T19:33:03Z,-0.828012844688839,Normal
824636,608348,Carson Kelly,CHC,CIN,1,7,projected,Chase Burns,Wrigley Field,2026-08-30T23:20:00Z,3.6184078614033828,1799,836,0.07981066977992966,0.5543325199747936,0.28584166478230016,0.6142102359840953,0.5949912544558461,0.38933203561440943,0.23943019865667936,0.13450987653609126,0.5076446297920686,0.27712775997156797,0.1563540484923553,0.11347804756767065,0.5388476276553349,0.1655737005071066,0.028753026858185638,2026-08-30T19:33:03Z,0.22036230024769413,Normal
824636,680574,Matt McLain,CIN,CHC,0,7,confirmed,Shota Imanaga,Wrigley Field,2026-08-30T23:20:00Z,3.99802365502283,1574,2065,0.15534035649299,0.6050962145144715,0.3098084333197148,0.7481296713719588,0.660904370649815,0.45672814742380907,0.2963168864726213,0.1770042108659015,0.613141325257136,0.37134960351412905,0.22376130544347805,0.15956877028514319,0.5862708013841578,0.20588280081533725,0.04288560985774395,2026-08-30T19:33:03Z,-1.2856208117899781,Normal
824636,691718,Pete Crow-Armstrong,CHC,CIN,1,8,projected,Chase Burns,Wrigley Field,2026-08-30T23:20:00Z,3.6184078614033837,1836,836,0.16751193228346867,0.589920201946977,0.3431887302655466,0.7123681526394529,0.6714261137546689,0.46607648716786676,0.303055591409146,0.18112330389284217,0.6215630824356498,0.37759463754298195,0.22732439902779453,0.16163956788269265,0.5722124249991843,0.19136204744078478,0.036538256949322986,2026-08-30T19:33:03Z,0.39891423948847754,Normal
824636,699302,Héctor Rodríguez,CIN,CHC,0,8,confirmed,Shota Imanaga,Wrigley Field,2026-08-30T23:20:00Z,2.842096304958655,72,2065,0.06665201357097905,0.47383367983079466,0.17266425646541053,0.5118471746951148,0.4702550858638193,0.2761650978829204,0.15218318114729787,0.07451903841183483,0.4449989398055527,0.22347370771008596,0.11923861377451797,0.08844449757203421,0.46349235097655656,0.10558044304195212,0.01018360515485112,2026-08-30T19:33:03Z,-1.8015660342095294,Normal
824636,621438,Tyrone Taylor,CHC,CIN,1,9,projected,Chase Burns,Wrigley Field,2026-08-30T23:20:00Z,3.07581453834789,1760,836,0.07618672970864944,0.49868899768464364,0.20179768608144064,0.5917089030226234,0.5572417358262891,0.35054314437237066,0.20685089462831474,0.11041450546118893,0.48366367541060823,0.2546189945515511,0.14005400984920577,0.10244357043107426,0.48674317159306346,0.124274759413935,0.01596421868491526,2026-08-30T19:33:03Z,1.4539863582540973,Normal
824636,695490,Edwin Arroyo,CIN,CHC,0,9,confirmed,Shota Imanaga,Wrigley Field,2026-08-30T23:20:00Z,2.8420963049586545,211,2065,0.0527006688251708,0.48438310678858604,0.15864273622369757,0.546824772565334,0.48436783059131766,0.2877303081774372,0.16044340042262098,0.0798094226947088,0.43408382244993604,0.21674263240924704,0.11550702887183294,0.08594980597475849,0.47344844783674483,0.1122647241000257,0.011913463794342619,2026-08-30T19:33:03Z,-0.6461731279166434,Normal
824876,686948,Drake Baldwin,ATL,COL,1,1,confirmed,Mason Adams,Truist Park,2026-08-30T17:35:00Z,4.3058333358371685,1081,54,0.1574949569576126,0.6873234339120655,0.4063747195509792,0.5841895082156026,0.7324564462589258,0.5396624346578053,0.3734992273031231,0.2399543930104805,0.6613479710012794,0.4227990814939178,0.2652054210468772,0.1891981215369637,0.6625131674790942,0.2836460842517113,0.0772374295842114,2026-08-30T18:51:35Z,,
824876,664983,Jake McCarthy,COL,ATL,0,1,confirmed,Tyler Mahle,Truist Park,2026-08-30T17:35:00Z,4.410191916337029,2122,1742,0.0874682561884268,0.6630253572784309,0.2875751572627403,0.587870287307743,0.6836717222846915,0.4843965320631621,0.3230093812457187,0.1994606248828787,0.6068814581097339,0.3685291452420249,0.223506905063938,0.1599651529503112,0.6399582176309364,0.2615533558398504,0.0681247581766752,2026-08-30T18:51:35Z,,
824876,660670,Ronald Acuña Jr.,ATL,COL,1,2,confirmed,Mason Adams,Truist Park,2026-08-30T17:35:00Z,4.305833335837169,2392,54,0.1328339455878256,0.6704291455659261,0.4280840560861379,0.6774654773700503,0.7246745339321202,0.5294467480119173,0.3629453863623851,0.2304897831166226,0.6343159986221504,0.3936750382274807,0.2415685611847864,0.1721928415791233,0.6469025549658609,0.2654278335795643,0.0676651059437561,2026-08-30T18:51:35Z,,
824876,681393,Connor Norby,COL,ATL,0,2,confirmed,Tyler Mahle,Truist Park,2026-08-30T17:35:00Z,4.257370706044996,982,1742,0.0973351635579542,0.6469080320193402,0.332115729319876,0.7508751469620847,0.6751425032983276,0.4743235084248476,0.3134843838325296,0.1915700755548824,0.5987099609252089,0.3599850768373456,0.2167097036601719,0.1551167078829166,0.6250360324483734,0.2454134130880741,0.0604240537223684,2026-08-30T18:51:35Z,,
824876,621566,Matt Olson,ATL,COL,1,3,confirmed,Mason Adams,Truist Park,2026-08-30T17:35:00Z,4.282268423892192,3718,54,0.2479142663640849,0.6604309767902629,0.4349295671859738,0.6923846678092539,0.7364561197066277,0.5431251619406617,0.3756142038112877,0.2407351185704846,0.7143126503973499,0.4810277594315178,0.3124353519165682,0.2227894418829194,0.6376695530702557,0.2552764637022043,0.0629580723885758,2026-08-30T18:51:35Z,,
824876,696100,Hunter Goodman,COL,ATL,0,3,confirmed,Tyler Mahle,Truist Park,2026-08-30T17:35:00Z,4.225331535909605,1525,1742,0.2037545115096273,0.663365371505836,0.2831831302966485,0.767601978194526,0.7230609745552095,0.5280099250982274,0.3620501193728734,0.2301475476845182,0.6874681924639665,0.4510066818761302,0.2878851275920492,0.2053123799311893,0.64034340521603,0.2595629147553084,0.0657860706656819,2026-08-30T18:51:35Z,,
824876,671739,Michael Harris II,ATL,COL,1,4,confirmed,Mason Adams,Truist Park,2026-08-30T17:35:00Z,4.032123613575353,2874,54,0.1413096389365606,0.6861802714691839,0.2616741518794697,0.5468903531015737,0.7078666738744015,0.5084897734682144,0.3423996253020921,0.2129850032160179,0.6574975043913357,0.4162834550891485,0.2583964105078267,0.1836665944615256,0.6615226011413389,0.2786822979940608,0.0720596690070956,2026-08-30T18:51:35Z,,
824876,681198,TJ Rumfield,COL,ATL,0,4,confirmed,Tyler Mahle,Truist Park,2026-08-30T17:35:00Z,4.020753919929398,664,1742,0.0976839272658287,0.6158067923765917,0.4236572877615746,0.4998585214588811,0.6452743518225167,0.441332759603724,0.283864398881832,0.1681402097922285,0.569984022537685,0.332122237393548,0.195626086454434,0.1403933251912586,0.5961815517115303,0.2162100969173428,0.0476370921388125,2026-08-30T18:51:35Z,,
824876,643289,Mauricio Dubón,ATL,COL,1,5,confirmed,Mason Adams,Truist Park,2026-08-30T17:35:00Z,3.869863189846944,2340,54,0.0670664531661485,0.6412080433481867,0.2262892360695937,0.4280383741190082,0.6491795159906909,0.4438553294054132,0.2849121618517106,0.1681195103535875,0.5652606157888871,0.3264548384426969,0.1908193723443096,0.1369095003175975,0.6199160892332685,0.235389415820341,0.0533689156900774,2026-08-30T18:51:35Z,,
824876,650489,Willi Castro,COL,ATL,0,5,confirmed,Tyler Mahle,Truist Park,2026-08-30T17:35:00Z,4.020753919929397,2578,1742,0.0941140268506472,0.632604575408176,0.3243307544687405,0.6734636282057218,0.6624599711595021,0.4588838424818521,0.298556062481027,0.1789724852222696,0.5881851212763758,0.3482644198778625,0.2070236032192977,0.1481041342334017,0.6118386474676953,0.2297205766446311,0.0521581796541739,2026-08-30T18:51:35Z,,
824876,645277,Ozzie Albies,ATL,COL,1,6,confirmed,Mason Adams,Truist Park,2026-08-30T17:35:00Z,3.869863189846945,2867,54,0.1303707833707541,0.6228397973358087,0.3337318354399849,0.4680378896443981,0.6760999706848823,0.4723950633744689,0.3093806051615483,0.1864894300538238,0.6050104470879607,0.362868769325051,0.2169844454163107,0.1546451036561685,0.6028013031484464,0.2195108662461971,0.0469092079397236,2026-08-30T18:51:35Z,,
824876,666160,Mickey Moniak,COL,ATL,0,6,confirmed,Tyler Mahle,Truist Park,2026-08-30T17:35:00Z,3.7671350920671887,1922,1742,0.141702205884459,0.5900288593361596,0.2229764306312767,0.7078681947022665,0.6567538873537938,0.4517601397615782,0.2917017975383642,0.1732803466541761,0.6008311776973183,0.3589977867124437,0.2143934229591093,0.1530577342921899,0.5722074750324054,0.1934414005041324,0.0384091256821513,2026-08-30T18:51:35Z,,
824876,669221,Sean Murphy,ATL,COL,1,7,confirmed,Mason Adams,Truist Park,2026-08-30T17:35:00Z,3.8102357056205975,1824,54,0.1057114087467778,0.5676922396719948,0.3569094333972292,0.7179965312367034,0.6297706699637131,0.4235987122809121,0.2675095743838656,0.154892525593335,0.5512628958523816,0.3136807467505301,0.1815151040956146,0.1304907340164015,0.5513175541501874,0.1759039819042505,0.0321673718162045,2026-08-30T18:51:35Z,,
824876,687859,Troy Johnston,COL,ATL,0,7,confirmed,Tyler Mahle,Truist Park,2026-08-30T17:35:00Z,3.2843997541464174,637,1742,0.0653385984250897,0.5517961076217138,0.3100926149943701,0.4842458819323489,0.5757556255433586,0.3692484685922839,0.2224347917372214,0.121876722789157,0.5034055287984539,0.2717554429685092,0.1520960375586308,0.1105834970032474,0.5366617812630305,0.1605935740576593,0.0262022049474613,2026-08-30T18:51:35Z,,
824876,663586,Austin Riley,ATL,COL,1,8,confirmed,Mason Adams,Truist Park,2026-08-30T17:35:00Z,3.8102357056205975,3130,54,0.1305517993098305,0.6133758262984123,0.2961102428327197,0.764787468685292,0.6817976851994247,0.4778692431309227,0.3137460024251156,0.1895651910922057,0.6009966324101086,0.3583947630265843,0.213406381932358,0.1521484034611578,0.5940416002930037,0.2107178036604899,0.0433948976566309,2026-08-30T18:51:35Z,,
824876,664954,Brett Sullivan,COL,ATL,0,8,confirmed,Tyler Mahle,Truist Park,2026-08-30T17:35:00Z,2.9843090479542176,439,1742,0.0848335352880974,0.4916422751706883,0.2083764672704258,0.4424024037776368,0.5521455283445891,0.3445677576295852,0.2014546494214316,0.1062009969008679,0.4806902112970476,0.250960281540148,0.1371723332763044,0.1004638416043725,0.4801824288834588,0.1183301581469471,0.013927681743386,2026-08-30T18:51:35Z,,
824876,673490,Ha-Seong Kim,ATL,COL,1,9,confirmed,Mason Adams,Truist Park,2026-08-30T17:35:00Z,3.5571013390620223,2116,54,0.0706426166369852,0.5547095844227196,0.3269131647441346,0.5512369748207195,0.6043212774966964,0.3976024120935105,0.2456609973406306,0.1386721039030333,0.5018430962261228,0.2720361903329496,0.1528191710945363,0.1110528119605343,0.5392237278422426,0.1651584193217343,0.0283343883523047,2026-08-30T18:51:35Z,,
824876,690022,Ryan Ritter,COL,ATL,0,9,confirmed,Tyler Mahle,Truist Park,2026-08-30T17:35:00Z,2.9843090479542176,310,1742,0.0596891240612175,0.5324938371527256,0.2269641528918972,0.6420795798478863,0.5620126454141212,0.3532689913600582,0.2079498956599468,0.110507927664733,0.4815385335885797,0.2516989482167492,0.1376866223371883,0.1008095435675165,0.518830327598925,0.1423030414108692,0.0189421152380799,2026-08-30T18:51:35Z,,
824959,703607,Henry Bolte,ATH,BAL,1,1,confirmed,Chris Bassitt,Sutter Health Park,2026-08-30T20:05:00Z,4.039036234538278,437,3818,0.07393418175320353,0.6319997814787925,0.3085011146225328,0.7214439112996051,0.6531126851589658,0.45036701236372384,0.2922543891778643,0.17499616172620988,0.5598206527555386,0.3239880566452263,0.19021921906485822,0.13682429399239038,0.611246418494536,0.23126468512018006,0.05428442875524436,2026-08-30T19:33:03Z,0.6803594944679372,Normal
824959,677942,Blaze Alexander,BAL,ATH,0,1,confirmed,Jeffrey Springs,Sutter Health Park,2026-08-30T20:05:00Z,4.398326215594789,830,2215,0.10328708408705531,0.6747112074442284,0.33869362668024877,0.693390885500992,0.6843690932375464,0.48552573590324,0.3243446798430611,0.2007975287847853,0.620351474792654,0.3820833052115082,0.2340566286566399,0.16749568413801336,0.6508243729454581,0.27329900375286986,0.0739684199799861,2026-08-30T19:33:03Z,1.9500329957585136,Normal
824959,643446,Jeff McNeil,ATH,BAL,1,2,confirmed,Chris Bassitt,Sutter Health Park,2026-08-30T20:05:00Z,4.039036234538279,2772,3818,0.08581028375961051,0.665623169048732,0.3222085477027865,0.3887591705599192,0.6672184389623343,0.4646631714214624,0.3040588741543653,0.18353598258888498,0.5998217324770659,0.3598498400206886,0.21584007594175783,0.15428014263108522,0.6424792893793573,0.26059623999504594,0.06533472590475672,2026-08-30T19:33:03Z,1.3180569627385232,Normal
824959,624413,Pete Alonso,BAL,ATH,0,2,confirmed,Jeffrey Springs,Sutter Health Park,2026-08-30T20:05:00Z,4.39832621559479,3670,2215,0.2398014985807211,0.661635021277635,0.3674966453790697,0.6709670444123015,0.7305787144903587,0.5377803932644346,0.3718273577399201,0.23859454610314723,0.7048496349529109,0.4717832230521007,0.30573601092072206,0.21846407529348355,0.6387247558151469,0.25883027312898305,0.06586609503151017,2026-08-30T19:33:03Z,0.8221412450711386,Normal
824959,680869,Zack Gelof,ATH,BAL,1,3,confirmed,Chris Bassitt,Sutter Health Park,2026-08-30T20:05:00Z,4.039036234538279,1432,3818,0.10302021961863665,0.5994455843155252,0.28519021513912723,0.7590093114137159,0.6504285999390614,0.4463831996405127,0.2878447055739455,0.17086304750174489,0.5673512740064249,0.3294375625475279,0.1933904174668312,0.13877365728338484,0.5809463054833838,0.20226407709276342,0.04201356096567282,2026-08-30T19:33:03Z,-0.49340808086738386,Normal
824959,683002,Gunnar Henderson,BAL,ATH,0,3,confirmed,Jeffrey Springs,Sutter Health Park,2026-08-30T20:05:00Z,4.39832621559479,2876,2215,0.12271833195359072,0.6410873889608477,0.3702513362678579,0.6436269127365125,0.6926174103180127,0.4930997277006913,0.32987653781907794,0.20417265545564756,0.6207955848313326,0.3808198820004778,0.23205081811642564,0.1657073167950838,0.6196840226679868,0.23919291324045344,0.05721106183945594,2026-08-30T19:33:03Z,0.3202694007236095,Normal
824959,671732,Lawrence Butler,ATH,BAL,1,4,confirmed,Chris Bassitt,Sutter Health Park,2026-08-30T20:05:00Z,3.920774297575954,1797,3818,0.12801426386355383,0.6287485968047646,0.3891203244328213,0.637626442466454,0.6738166285536284,0.4704757133954772,0.3082247767409546,0.18607045362036212,0.6114808662779537,0.36970123531151106,0.22248094430110008,0.1586543324119357,0.6083161191074533,0.22534973532484315,0.04986318313037109,2026-08-30T19:33:03Z,1.4604158938251834,Normal
824959,691723,Coby Mayo,BAL,ATH,0,4,confirmed,Jeffrey Springs,Sutter Health Park,2026-08-30T20:05:00Z,3.866955521199605,867,2215,0.1397858879555066,0.5849622007816719,0.29769518828779373,0.7478323479683986,0.6381696449787025,0.4336743987625913,0.2771546985775289,0.16298247481512748,0.5904430338725014,0.3503905355427749,0.2086754842160357,0.14936729682921465,0.5674257679838669,0.19103557170115015,0.03849652513861437,2026-08-30T19:33:03Z,1.0396907119849867,Normal
824959,622268,Donovan Walton,ATH,BAL,1,5,confirmed,Chris Bassitt,Sutter Health Park,2026-08-30T20:05:00Z,3.2644900227112466,433,3818,0.07680964431674747,0.5445377056009046,0.37534248697823475,0.4324970046965639,0.5706255501607578,0.36434477909608687,0.21849760483254915,0.11907878035350576,0.5088233520641586,0.27575667257984965,0.1545658045907366,0.11225710861331234,0.5298842955299206,0.15517778407453953,0.02452040135639227,2026-08-30T19:33:03Z,1.0548818273887623,Normal
824959,687952,Christian Encarnacion-Strand,BAL,ATH,0,5,confirmed,Jeffrey Springs,Sutter Health Park,2026-08-30T20:05:00Z,3.866955521199605,784,2215,0.17191390109689617,0.6262658070293252,0.2257080508310442,0.6569181013473934,0.6833569828139492,0.4812500859411345,0.31801874108220674,0.1938775570806555,0.6397129721152208,0.3981164954191929,0.24431843483489807,0.17388521238072344,0.6059816729303625,0.22382848182986123,0.04963814953791418,2026-08-30T19:33:03Z,0.7682302773311219,Normal
824959,695720,Tommy White,ATH,BAL,1,6,confirmed,Chris Bassitt,Sutter Health Park,2026-08-30T20:05:00Z,3.2644900227112457,198,3818,0.06832305962226395,0.5585239614844607,0.19183887151962026,0.4584568433507624,0.5979184232755727,0.39038729039160514,0.2392636862795135,0.13375835211811815,0.5009645424848452,0.2704534121326354,0.15140179765690237,0.1101252111768268,0.542945397849589,0.16602331984596275,0.02799069702087749,2026-08-30T19:33:03Z,-0.4002663997321942,Normal
824959,665750,Leody Taveras,BAL,ATH,0,6,confirmed,Jeffrey Springs,Sutter Health Park,2026-08-30T20:05:00Z,3.866955521199605,2272,2215,0.07890697917043428,0.5799287644916582,0.24820857037959876,0.6550409274071076,0.6056092359342382,0.4009647500986338,0.2497397485776723,0.14254505565988115,0.5331584109297965,0.2993374830717818,0.1720373865264581,0.12419673521504256,0.5627420380984428,0.18629990051126336,0.036245222884716564,2026-08-30T19:33:03Z,0.14246343777923612,Normal
824959,666126,Carlos Cortes,ATH,BAL,1,7,confirmed,Chris Bassitt,Sutter Health Park,2026-08-30T20:05:00Z,2.9826144767059963,483,3818,0.07799102524698678,0.5387690031404505,0.2641546008614942,0.4411020268171351,0.5578167485498192,0.3500499235866997,0.2058638268080141,0.10935343006295738,0.5049846489412442,0.2698676717578725,0.14943677502914446,0.10869388408552352,0.5247338484233989,0.14678400396859287,0.020283721380247883,2026-08-30T19:33:03Z,-1.4778173360730802,Normal
824959,681047,Christian Franklin,BAL,ATH,0,7,confirmed,Jeffrey Springs,Sutter Health Park,2026-08-30T20:05:00Z,3.17899290991267,116,2215,0.0852479513377876,0.5217629340098245,0.2887152344402185,0.6052825850313157,0.5387388513356463,0.3345962480228146,0.19512990035609612,0.10276031085181982,0.4951489354374423,0.26329927388977725,0.1456477373554698,0.10622180127408014,0.5085892631223785,0.13782095432915328,0.018993023291277146,2026-08-30T19:33:03Z,-0.7520782797106046,Normal
824959,661531,Brian Serven,ATH,BAL,1,8,confirmed,Chris Bassitt,Sutter Health Park,2026-08-30T20:05:00Z,2.9826144767059963,492,3818,0.06767159446080831,0.4538372549410323,0.21341600926200063,0.5856650145754376,0.504358553029444,0.3052139616576428,0.17353661159102554,0.08856526864760139,0.4311631729098668,0.21628687060493496,0.11584399696389082,0.08615658572629323,0.4441804445521929,0.09928517500913724,0.01069009404661529,2026-08-30T19:33:03Z,-0.8567967546341082,Normal
824959,665966,Carlos Narváez,BAL,ATH,0,8,confirmed,Jeffrey Springs,Sutter Health Park,2026-08-30T20:05:00Z,3.17899290991267,853,2215,0.08010557182254505,0.48474709976256003,0.26644350714334725,0.685661572272393,0.5260949475504787,0.32550680430437223,0.18947341954785898,0.09969172498698019,0.465984502260657,0.24307359748010196,0.13334285438695184,0.0979545391411299,0.4733552179212135,0.11881465286473714,0.015711771149129812,2026-08-30T19:33:03Z,-2.3399197335705995,Cold
824959,675961,Alika Williams,ATH,BAL,1,9,confirmed,Chris Bassitt,Sutter Health Park,2026-08-30T20:05:00Z,2.8120241616556543,497,3818,0.040985970137467305,0.46952689146055165,0.183067618435671,0.5329027195870154,0.4918978494849959,0.2931696496149746,0.16388509430316336,0.08172655553249386,0.41758187123354323,0.20529905421653094,0.10849889875543356,0.08122510173068695,0.4593646188054609,0.10388767968567718,0.010223357001166715,2026-08-30T19:33:03Z,0.7826464385830381,Normal
824959,681297,Colton Cowser,BAL,ATH,0,9,confirmed,Jeffrey Springs,Sutter Health Park,2026-08-30T20:05:00Z,3.17899290991267,1549,2215,0.10165899975923305,0.49255048645950955,0.29691658180772695,0.7016713567683954,0.5756163635782956,0.36835893406766596,0.22122567472370142,0.12069317359181696,0.4888491491143431,0.25985987202400823,0.1439799801636838,0.10511151479750486,0.48078722110706834,0.12279000374298461,0.016425895653364796,2026-08-30T19:33:03Z,1.806520705695533,Normal
