game_pk,player_id,name,team,opponent,is_home,lineup_slot,lineup_status,opposing_pitcher,venue_name,start_time_utc,expected_pa,batter_pa_seen,pitcher_pa_seen,exp_runs,starter_share,form_z,form_state,prob_hr,prob_hit,prob_walk,prob_k,prob_hrr_over_0.5,prob_hrr_over_1.5,prob_hrr_over_2.5,prob_hrr_over_3.5,prob_tb_over_0.5,prob_tb_over_1.5,prob_tb_over_2.5,prob_tb_over_3.5,prob_hits_over_0.5,prob_hits_over_1.5,prob_hits_over_2.5,predicted_at_utc
822685,682928,CJ Abrams,WSH,LAA,1,1,projected,Walbert Ureña,Nationals Park,2026-09-12T20:05:00Z,4.427642617449664,2757,552,0.6155658109913329,0.6557380552514958,-2.744914400757205,Cold,0.12043958303322251,0.627016562466105,0.4335183122097927,0.6808378748213033,0.6865836757494589,0.4846702066318434,0.320972038629796,0.1964583376976223,0.6044717392578662,0.3703403255130683,0.2255005487204021,0.1581434811953715,0.607277261914633,0.2265911954088454,0.05195816562380289,2026-09-12T16:06:11Z
822685,687263,Zach Neto,LAA,WSH,0,1,projected,Andrew Alvarez,Nationals Park,2026-09-12T20:05:00Z,4.604050423641248,2119,499,0.5975284446793713,0.6006515348225028,2.0397245139372386,Hot,0.13260386613104108,0.653192740125908,0.398876391557763,0.771393472990397,0.7001256178825185,0.5009257838794076,0.3365288824236341,0.20946147326652703,0.6285560628163251,0.39948302436189914,0.2434155486903384,0.17304146749937377,0.6316274074721644,0.25162529847877163,0.06326191877501454,2026-09-12T16:06:11Z
822685,695578,James Wood,WSH,LAA,1,2,projected,Walbert Ureña,Nationals Park,2026-09-12T20:05:00Z,4.3216952573158425,1595,552,0.622926160756916,0.6565046283854119,0.5464331594689306,Normal,0.15056880641850356,0.6147442069599105,0.5936464044346642,0.7215035062775065,0.6982005766906729,0.49690476035941755,0.33141449636499787,0.20426368753071888,0.5931702716249319,0.37262147088711917,0.23434872813668473,0.1781276574479636,0.5958528365198429,0.21518785995500098,0.047025718794791234,2026-09-12T16:06:11Z
822685,545361,Mike Trout,LAA,WSH,0,2,projected,Andrew Alvarez,Nationals Park,2026-09-12T20:05:00Z,4.519689859212406,2112,499,0.5981470734921062,0.5940622786706425,0.3536310608328899,Normal,0.15497139639887667,0.6306385320547501,0.5317647034445563,0.7547919326958892,0.7099059879383176,0.5114624874515326,0.34571512160887224,0.2164810727315387,0.6077912405800016,0.37948211014555716,0.24135826596060328,0.18340108028508997,0.6106356905163038,0.23047351453574627,0.05398023198264125,2026-09-12T16:06:11Z
822685,691781,Brady House,WSH,LAA,1,3,projected,Walbert Ureña,Nationals Park,2026-09-12T20:05:00Z,4.226740840207174,591,552,0.4185716474340758,0.6517569573602752,0.9857532943573156,Normal,0.08696669084302021,0.5960810153925341,0.3157476020311654,0.7538211911996725,0.6380647018024673,0.432058901055744,0.2745109323883308,0.1603396599816029,0.5759215451850966,0.32079913181773184,0.17208452339821234,0.11338765728976065,0.5784260704838784,0.19923040312149232,0.04084553520908469,2026-09-12T16:06:11Z
822685,518595,Travis d'Arnaud,LAA,WSH,0,3,projected,Andrew Alvarez,Nationals Park,2026-09-12T20:05:00Z,4.40822235089751,1363,499,0.4731630180878764,0.5866109070504559,-1.4077054867369339,Normal,0.11345198228342503,0.6157383415326797,0.38373272453889307,0.745775434228616,0.6703258186035194,0.46714805962041134,0.30559290280058193,0.18458298717204566,0.5940295160369513,0.3594652573951898,0.20735274359680383,0.14511887458856543,0.5967301014185896,0.21732644549744837,0.04855744726905657,2026-09-12T16:06:11Z
822685,660688,Keibert Ruiz,WSH,LAA,1,4,projected,Walbert Ureña,Nationals Park,2026-09-12T20:05:00Z,4.1391498881431765,2072,552,0.39487166001349694,0.636970882660346,1.0634592158957945,Normal,0.08982900933498689,0.628229127203609,0.3281424927286543,0.3876051526680161,0.647976198479249,0.44162617708862817,0.2821578475687876,0.1657263017448073,0.6057220770607934,0.3460513629092607,0.18554990226866797,0.1200254827485596,0.6085201955286385,0.2246094027935938,0.04942071782937848,2026-09-12T16:06:11Z
822685,666139,Josh Lowe,LAA,WSH,0,4,projected,Andrew Alvarez,Nationals Park,2026-09-12T20:05:00Z,4.331213084961381,1825,499,0.44185227171705826,0.5657503336972262,-0.8288165984842875,Normal,0.09738004348202202,0.6224047121256381,0.3203387271173495,0.7633082510912137,0.6605455851022247,0.45609865357611257,0.295536205481924,0.1765567706371406,0.6002453927298993,0.3581439242081226,0.2029144888135226,0.13445249669075546,0.6030019037079168,0.22193024338714612,0.04978565002403622,2026-09-12T16:06:11Z
822685,686611,Dylan Crews,WSH,LAA,1,5,projected,Walbert Ureña,Nationals Park,2026-09-12T20:05:00Z,4.01951476793249,845,552,0.4096316036861371,0.6295617550312993,0.8004777768555978,Normal,0.08616752240111834,0.5518435904905198,0.34166781297369875,0.6981075506136221,0.6161376183788425,0.40927930838829385,0.2550214534010607,0.14560234253885107,0.5348159129082509,0.2921349557926685,0.15972151089376369,0.10850800520100057,0.5369281504819927,0.16519521421303401,0.02922292695519682,2026-09-12T16:06:11Z
822685,624428,Adam Frazier,LAA,WSH,0,5,projected,Andrew Alvarez,Nationals Park,2026-09-12T20:05:00Z,4.1982194291699395,1950,499,0.409483694469035,0.5569238563164328,-1.2558456558082485,Normal,0.06545157959818454,0.6238311834301188,0.30437331804527595,0.6029346313291342,0.6356006433271058,0.42986018565473044,0.27287373571657586,0.1592712717881699,0.6015993950144081,0.33333552702839303,0.17235039194802873,0.1015062410790002,0.6043641868860895,0.22226958888665785,0.04938072780662192,2026-09-12T16:06:11Z
822685,695734,Daylen Lile,WSH,LAA,1,6,projected,Walbert Ureña,Nationals Park,2026-09-12T20:05:00Z,3.8872840555083545,956,552,0.4510439965704577,0.6100309672872575,-0.7841701884445972,Normal,0.10440239144095707,0.6009060762616544,0.3443154156845661,0.5351317374742832,0.6463330617185641,0.43914460478661393,0.27947221150728285,0.16328547756810186,0.5804963676215769,0.34175101666817087,0.20725994663241507,0.1407516884711253,0.5830305601807109,0.2009358890848485,0.040213516759435124,2026-09-12T16:06:11Z
822685,687093,Vaughn Grissom,LAA,WSH,0,6,projected,Andrew Alvarez,Nationals Park,2026-09-12T20:05:00Z,4.07008547008547,759,499,0.40606984007338687,0.5384302357542899,-0.5443931933848303,Normal,0.08175168771979643,0.6071507941804221,0.3373795099061387,0.5726265783121607,0.6293090287331079,0.42328312208913266,0.26720945024092035,0.15495556027861138,0.5861816616743456,0.3259436489225392,0.1730543064974537,0.11068018070235341,0.5887875587964005,0.20805067024406032,0.04390595059190249,2026-09-12T16:06:11Z
822685,677588,José Tena,WSH,LAA,1,7,projected,Walbert Ureña,Nationals Park,2026-09-12T20:05:00Z,3.7473781616286246,648,552,0.414585703574317,0.5926045952530705,-1.6814721037714861,Normal,0.0754611310486763,0.563526946492153,0.3943606572572785,0.657172610995709,0.6069966502661398,0.3996896307264239,0.24679392099221714,0.13937816729908495,0.5457878438336649,0.2983998852175238,0.15752390029878263,0.10121704183748513,0.5479882308928022,0.1722690139153224,0.03081590460307654,2026-09-12T16:06:11Z
822685,642350,Jose Siri,LAA,WSH,0,7,projected,Andrew Alvarez,Nationals Park,2026-09-12T20:05:00Z,3.9228855721393034,1380,499,0.46130626250923307,0.525544757301886,-1.7382262030258706,Normal,0.1208305606627241,0.5490955784232162,0.30551915859280915,0.8151989620399986,0.6333026896776593,0.4268263690068212,0.26984840358660106,0.1566846916599099,0.5321999499544993,0.3107624376097537,0.18674339533728287,0.14059644850840347,0.5342961651271381,0.1641255707571183,0.029319699249081593,2026-09-12T16:06:11Z
822685,678391,Jorbit Vivas,WSH,LAA,1,8,projected,Walbert Ureña,Nationals Park,2026-09-12T20:05:00Z,3.59082094376212,394,552,0.4132787352090714,0.5876495233649458,0.7739902497333887,Normal,0.06502812411355269,0.5280951563786944,0.46459084257374744,0.42118489040402907,0.583003796554204,0.376323603341367,0.2278479515816982,0.12577440128587156,0.5127408330458454,0.26425727753833855,0.131832256272792,0.08418364676264511,0.514643849398764,0.1472375446314355,0.0233616124920134,2026-09-12T16:06:11Z
822685,672724,Oswald Peraza,LAA,WSH,0,8,projected,Andrew Alvarez,Nationals Park,2026-09-12T20:05:00Z,3.753411615360203,876,499,0.35603330518346,0.525777401503869,-0.32759562898296,Normal,0.07089998728090453,0.5359763860886558,0.3122661525859718,0.7268119556725083,0.5735445736522394,0.3691324011694683,0.2232257718539961,0.12323240650392549,0.5199851656246459,0.2684333979459513,0.13749643439582412,0.08999904736627114,0.5219683861983814,0.15449408332799794,0.026276744470217155,2026-09-12T16:06:11Z
822685,696285,Jacob Young,WSH,LAA,1,9,projected,Walbert Ureña,Nationals Park,2026-09-12T20:05:00Z,3.390352269120914,1443,552,0.39666692574897316,0.5961083158730468,0.1292955231256718,Normal,0.0547360828884195,0.5147478348937184,0.31784378519963247,0.5067423782615281,0.5630436487518916,0.3571906237521877,0.2125227263043039,0.11489032496922283,0.5003228729501626,0.24445606267673514,0.11684255871855753,0.07178170581209707,0.5021098927641975,0.1373905897416177,0.020303096877527235,2026-09-12T16:06:11Z
822685,623168,Tyler Heineman,LAA,WSH,0,9,projected,Andrew Alvarez,Nationals Park,2026-09-12T20:05:00Z,3.582010582010582,594,499,0.3959939757149776,0.5281718695519736,-0.452633517838277,Normal,0.05841936494581979,0.5316966098835435,0.3110066432658109,0.4356365062393807,0.5707132100031964,0.3659823044865753,0.22044811731274563,0.12109544570707442,0.5160353297844084,0.25984449943845106,0.12831301760516084,0.07885269391708637,0.517977153243885,0.15084880494528433,0.024952328348194025,2026-09-12T16:06:11Z
822768,703520,Brett Bateman,TOR,BAL,1,1,confirmed,Kyle Bradish,Rogers Centre,2026-09-12T19:07:00Z,4.427642617449664,134,2121,0.5896138382248993,0.6667554747343011,1.0124514918815075,Normal,0.09903363035381083,0.6950438449866168,0.39663459452598226,0.6281442467051179,0.7077454986941064,0.5084955163044,0.34256697815761544,0.21360712250780964,0.667040806784624,0.40585959528145393,0.2337795610620913,0.14891057547844314,0.6705369424802137,0.29052408774963306,0.07951824429018124,2026-09-12T16:06:11Z
822768,683002,Gunnar Henderson,BAL,TOR,0,1,projected,Spencer Miles,Rogers Centre,2026-09-12T19:07:00Z,4.604050423641248,2775,350,0.6450379355502389,0.5687807476320724,0.23522801174586436,Normal,0.1481241273402373,0.6744628980054245,0.37509214901247806,0.6498951495552352,0.7215649074570749,0.5257147648878623,0.35951232035881614,0.228112114751101,0.6481214456865545,0.4204472311191252,0.2723929075067519,0.19645090928460032,0.6514089983815732,0.27182809671542696,0.07219609295144785,2026-09-12T16:06:11Z
822768,543807,George Springer,TOR,BAL,1,2,confirmed,Kyle Bradish,Rogers Centre,2026-09-12T19:07:00Z,4.3216952573158425,2936,2121,0.5222781378091297,0.6686064012841325,0.8991873259666983,Normal,0.12247313057119252,0.6578210618329966,0.33556879620926156,0.6113251179944983,0.6952600469245888,0.4936000928399606,0.328429626577467,0.2019040796995421,0.6329166707318583,0.37964512621450147,0.22616322110668827,0.15752724540310126,0.6360185044123904,0.2529133506266314,0.0618652296622699,2026-09-12T16:06:11Z
822768,702616,Jackson Holliday,BAL,TOR,0,2,projected,Spencer Miles,Rogers Centre,2026-09-12T19:07:00Z,4.519689859212406,1199,350,0.4912340137042595,0.5578158729758792,-1.441886398346201,Normal,0.10859425851722475,0.6478712479681384,0.29991546229660243,0.6857441603313065,0.6707278736631781,0.4678748796259936,0.30648119932393014,0.18546857898595304,0.6236915929629925,0.36459186506169367,0.21287566675113598,0.14432564933138448,0.626704164944268,0.24575767729503015,0.06019042941248271,2026-09-12T16:06:11Z
822768,665489,Vladimir Guerrero Jr.,TOR,BAL,1,3,confirmed,Kyle Bradish,Rogers Centre,2026-09-12T19:07:00Z,4.226740840207174,3328,2121,0.44398932156506454,0.6658620232205119,-0.8204228998587506,Normal,0.10064844317098107,0.6685750825076376,0.30057195693545247,0.5171862128808344,0.6862021719306315,0.4828624947308261,0.31831610629240153,0.19359932657522805,0.6428393726466114,0.38319955651995896,0.21333335014096194,0.13831353095267424,0.6460450138250124,0.2619144301202389,0.06497483085337563,2026-09-12T16:06:11Z
822768,624413,Pete Alonso,BAL,TOR,0,3,projected,Spencer Miles,Rogers Centre,2026-09-12T19:07:00Z,4.40822235089751,3389,350,0.5038683465672015,0.5470958862990418,-0.4994958476111871,Normal,0.17463109482977007,0.6330732058620773,0.3701604595570112,0.7197129562475489,0.7003072678528385,0.5001948023000348,0.33510412328638967,0.2077323732625894,0.6100548490328862,0.3893745273007402,0.25303421767561535,0.1992565545362766,0.6129202484374057,0.23208532695886536,0.05425457631711287,2026-09-12T16:06:11Z
822768,672386,Alejandro Kirk,TOR,BAL,1,4,confirmed,Kyle Bradish,Rogers Centre,2026-09-12T19:07:00Z,4.1391498881431765,2129,2121,0.36081741369590403,0.6532433081951019,-0.34803149152372054,Normal,0.09892694293355586,0.6533923175739673,0.32181330320813895,0.48244935231979513,0.6531683608108501,0.4469889785008612,0.2867024937993366,0.16912170826625716,0.6289154468604017,0.3552517771873665,0.1944818490635724,0.12791993433172028,0.6319611825995507,0.2467837969108779,0.05802216448632214,2026-09-12T16:06:11Z
822768,694212,Samuel Basallo,BAL,TOR,0,4,projected,Spencer Miles,Rogers Centre,2026-09-12T19:07:00Z,4.331213084961381,493,350,0.45430756880768297,0.5224555989877738,-0.38292945850253357,Normal,0.15834274545593033,0.6276020643579547,0.3012926298867358,0.7261291961549853,0.6750581074536008,0.47158099857754493,0.30901647740991867,0.18689333665783836,0.6050491648810599,0.3732974800093074,0.23872511368442903,0.18364091456061685,0.6078551721851525,0.22634721619174233,0.051471231823470104,2026-09-12T16:06:11Z
822768,664770,Nathan Lukes,TOR,BAL,1,5,confirmed,Kyle Bradish,Rogers Centre,2026-09-12T19:07:00Z,4.01951476793249,964,2121,0.4372779635531002,0.6474963122416089,1.5871065813582124,Normal,0.10215806483513708,0.6430824927588323,0.30702344231900247,0.4942232737144551,0.6608649038361198,0.45451496114791073,0.292745418743537,0.1733788074519105,0.6194553812947937,0.35740857088616984,0.2033591957825985,0.13554327705281694,0.6223933357594698,0.23665522468960543,0.05345398605145759,2026-09-12T16:06:11Z
822768,687952,Christian Encarnacion-Strand,BAL,TOR,0,5,projected,Spencer Miles,Rogers Centre,2026-09-12T19:07:00Z,4.1982194291699395,668,350,0.401771749182095,0.5117743871332069,-0.2512247529643481,Normal,0.1211686570883048,0.6146409046533944,0.23786251209672973,0.7729687920374633,0.6564485686859902,0.45126383121863745,0.2909780780625775,0.1727996511513867,0.5930993042215498,0.346613908103515,0.20332479323777253,0.14647618808103322,0.5957774316170494,0.21459883402549013,0.04653809040065382,2026-09-12T16:06:11Z
822768,672960,Kazuma Okamoto,TOR,BAL,1,6,confirmed,Kyle Bradish,Rogers Centre,2026-09-12T19:07:00Z,3.8872840555083545,580,2121,0.44007749100303856,0.6284562160764943,1.4242678370256001,Normal,0.14696432563922282,0.5977199374145149,0.2945694476409221,0.7580841907906468,0.6607076703647133,0.45404861414491954,0.2921073996404968,0.17271132317474158,0.5775417820521133,0.3490083986876892,0.21696048755462635,0.167562743730145,0.5800470213376241,0.198437333914062,0.039375729690408694,2026-09-12T16:06:11Z
822768,681297,Colton Cowser,BAL,TOR,0,6,projected,Spencer Miles,Rogers Centre,2026-09-12T19:07:00Z,4.07008547008547,1353,350,0.459593160130845,0.49627057009289127,-1.0567481747366634,Normal,0.13892397687977837,0.5864844253812497,0.3474156496903582,0.811840570165553,0.6495272452792938,0.44380032923333684,0.284407624628889,0.1676997604043316,0.5670052301728766,0.3374940080892395,0.2087649995018547,0.1598035769911956,0.569424529205819,0.19183493494924128,0.038320443728950215,2026-09-12T16:06:11Z
822768,669701,Josh Smith,TOR,BAL,1,7,confirmed,Kyle Bradish,Rogers Centre,2026-09-12T19:07:00Z,3.7473781616286246,1847,2121,0.4127170085824898,0.6099254586470493,-0.5581205936794416,Normal,0.08850442704093918,0.5748158876424524,0.3968141936959064,0.5816387264222073,0.6102193155930866,0.40278408991382786,0.24927620150072702,0.1411433255374432,0.5563054864571515,0.30093954491238445,0.16282935943353047,0.11030132974078273,0.5586020774634459,0.1803929411651031,0.03327562129784552,2026-09-12T16:06:11Z
822768,691723,Coby Mayo,BAL,TOR,0,7,projected,Spencer Miles,Rogers Centre,2026-09-12T19:07:00Z,3.9228855721393034,738,350,0.4208137914525865,0.4863113640957027,1.0189153478625563,Normal,0.13412301040889874,0.5628125965123016,0.27790247616529185,0.7946040912253148,0.6316440835157837,0.42516474517515834,0.2684698890973159,0.15567300587445948,0.545005918796687,0.3215815124727453,0.19956622017886488,0.15350361106128582,0.5472158316127221,0.17372454742502164,0.03221369226137417,2026-09-12T16:06:11Z
822768,665926,Andrés Giménez,TOR,BAL,1,8,confirmed,Kyle Bradish,Rogers Centre,2026-09-12T19:07:00Z,3.59082094376212,2645,2121,0.3810283442999119,0.6029551712850024,1.2069945750574829,Normal,0.07977268142437294,0.5876604398992789,0.27689644557455223,0.5211549729717242,0.6109633043798894,0.402605534574658,0.2485746199889564,0.14028006716449512,0.5683375038849651,0.3041554156094117,0.1608344760188943,0.10409542954755276,0.5707349457820391,0.1885614648957472,0.03522469321716592,2026-09-12T16:06:11Z
822768,665966,Carlos Narváez,BAL,TOR,0,8,projected,Spencer Miles,Rogers Centre,2026-09-12T19:07:00Z,3.753411615360203,731,350,0.34122902428413354,0.488746038870192,-1.1727757186945742,Normal,0.07299879108982436,0.5250521340841469,0.2700832560996369,0.7603364565730277,0.5734358127444521,0.3690334115273663,0.2231491605197893,0.12317951142283305,0.5097465966761396,0.2727937666087861,0.13851084245528408,0.09215446758676994,0.5116444001963264,0.14740383231325194,0.024324031953488676,2026-09-12T16:06:11Z
822768,665750,Leody Taveras,BAL,TOR,0,9,projected,Spencer Miles,Rogers Centre,2026-09-12T19:07:00Z,3.582010582010582,2057,350,0.4117891427514192,0.4897135354586686,-1.8037588804198679,Normal,0.0849080049081569,0.5665079806610044,0.22312908319086971,0.6397618241248606,0.6049330805643074,0.3977615782694708,0.2453684458078946,0.13848664238826455,0.5485735177755182,0.299216951173496,0.1654307931753331,0.11016394926604949,0.5507986764116037,0.1745418819761486,0.031756625525483195,2026-09-12T16:06:11Z
822927,650490,Yandy Díaz,TB,HOU,1,1,projected,Peter Lambert,Tropicana Field,2026-09-12T22:10:00Z,4.427642617449664,3063,1250,0.5575505827039677,0.6798782427629517,-0.6564555986276407,Normal,0.1247208400159502,0.7318754761189384,0.3139624248503926,0.5225169066042987,0.7254316755032354,0.529149962277407,0.3617921713191636,0.22922063931499626,0.7006918962750648,0.44554239858605826,0.266140119218934,0.17646692662444202,0.7045948137237075,0.3303965388943069,0.09960001887090553,2026-09-12T16:06:11Z
822927,665161,Jeremy Peña,HOU,TB,0,1,projected,Ian Seymour,Tropicana Field,2026-09-12T22:10:00Z,4.604050423641248,2809,728,0.6166820106516798,0.6107073518415256,-1.6209480478977278,Normal,0.13211034041970626,0.6799120995848295,0.2846551431267731,0.7590921970395205,0.7090684961898605,0.5111445859396786,0.34592122428880406,0.21702663190802393,0.6531253907737415,0.40322076156495223,0.245307281603945,0.17200139089069463,0.6564695574647791,0.27719173123979957,0.07466299855619762,2026-09-12T16:06:11Z
822927,656775,Cedric Mullins,TB,HOU,1,2,projected,Peter Lambert,Tropicana Field,2026-09-12T22:10:00Z,4.3216952573158425,2599,1250,0.552525960799048,0.6824109428025577,-0.2162825652451047,Normal,0.10805897648717606,0.5955553967988755,0.4455035197413566,0.5781691967792499,0.660405711952023,0.4557442810058943,0.2950596276795681,0.1760587400651965,0.5753848562861413,0.3354746057693287,0.19637628897977252,0.13725322806163728,0.5778913812066733,0.1997405571599986,0.04149567652634311,2026-09-12T16:06:11Z
822927,514888,Jose Altuve,HOU,TB,0,2,projected,Ian Seymour,Tropicana Field,2026-09-12T22:10:00Z,4.519689859212406,2863,728,0.5651907665138526,0.6054401084851913,0.5127672214676879,Normal,0.13693711537330266,0.6764139774318186,0.32534958889755794,0.6597738014684547,0.7086990315453008,0.5100722870993706,0.3444322047729392,0.21544548449163115,0.64994621950712,0.4027570432747534,0.24473309839255122,0.17379578971229218,0.6532485730911263,0.27267624733938506,0.07190160311070413,2026-09-12T16:06:11Z
822927,802415,Chandler Simpson,TB,HOU,1,3,projected,Peter Lambert,Tropicana Field,2026-09-12T22:10:00Z,4.226740840207174,1005,1250,0.46371261017286075,0.6819337367976496,0.31594040323431943,Normal,0.0597332101731926,0.693159021964908,0.2958424647742585,0.36976911144399627,0.6737992825429518,0.46935812593836473,0.3064139892981337,0.18439494721553962,0.6653742452068978,0.371324637141874,0.1925516980908329,0.10686580670115625,0.6688392408735293,0.2861214049630971,0.07570926302590907,2026-09-12T16:06:11Z
822927,670623,Isaac Paredes,HOU,TB,0,3,projected,Ian Seymour,Tropicana Field,2026-09-12T22:10:00Z,4.40822235089751,2630,728,0.4812800925122662,0.5993546480582276,-0.19551638889031211,Normal,0.14663738554140945,0.6217264446496846,0.4573268891880923,0.5745280499073735,0.6761706534484532,0.47345164894074654,0.311133416062626,0.1888704207435601,0.5995697092759664,0.366767532796052,0.22733653224000255,0.1719585889399214,0.6023266277425535,0.22234741742313907,0.05046285576223827,2026-09-12T16:06:11Z
822927,666018,Jonathan Aranda,TB,HOU,1,4,projected,Peter Lambert,Tropicana Field,2026-09-12T22:10:00Z,4.1391498881431765,1376,1250,0.4736317313900464,0.6718824452075096,-0.32975369037512153,Normal,0.11014613457611812,0.6361884798903824,0.44237597742920753,0.6549455188834065,0.6807242573037483,0.4762806534166338,0.3120408819554706,0.18838658467078281,0.6130677792839122,0.35628772385938634,0.2023532953228256,0.13900052260691376,0.6159429594354243,0.23146078286251973,0.052008786934627724,2026-09-12T16:06:11Z
822927,670541,Yordan Alvarez,HOU,TB,0,4,projected,Ian Seymour,Tropicana Field,2026-09-12T22:10:00Z,4.331213084961381,2527,728,0.523962062735465,0.579881452069758,-1.9351401641405652,Normal,0.21628605611724513,0.6664296910398009,0.3522114900900888,0.6649679695905049,0.7288665249236512,0.5327017713848291,0.3647219314387079,0.2313062840174657,0.6408243314727635,0.4290242755936064,0.2969529862296254,0.24194221164521015,0.6440153411533924,0.2613705225171465,0.0657628802751409,2026-09-12T16:06:11Z
822927,691406,Junior Caminero,TB,HOU,1,5,projected,Peter Lambert,Tropicana Field,2026-09-12T22:10:00Z,4.01951476793249,1509,1250,0.507630899614281,0.668635233821723,0.3497671253757414,Normal,0.21187822256782485,0.6601042851305784,0.2771628121094173,0.5792353931017366,0.7262535970144756,0.5275017331510494,0.3580617837307074,0.224433612855225,0.6351161671431824,0.4129418434733436,0.2840531931708114,0.23277947069590182,0.6382252723995714,0.2520636398795447,0.05955484573665174,2026-09-12T16:06:11Z
822927,572233,Christian Walker,HOU,TB,0,5,projected,Ian Seymour,Tropicana Field,2026-09-12T22:10:00Z,4.1982194291699395,3103,728,0.46156136631891415,0.5718109991455554,-0.13756595329814542,Normal,0.16624459204456993,0.6021442325641709,0.3182458381773384,0.7002144376837051,0.6836465334590193,0.4803753007864733,0.3163479699029349,0.1922457151044386,0.581522654303934,0.36468568913509974,0.2359298230197677,0.1873452864621003,0.5840853872261632,0.20446871201893047,0.042903069154230214,2026-09-12T16:06:11Z
822927,689414,Liam Hicks,TB,HOU,1,6,projected,Peter Lambert,Tropicana Field,2026-09-12T22:10:00Z,3.8872840555083545,905,1250,0.43435224646612014,0.6515284404714533,-0.4801342234566107,Normal,0.0980878498879823,0.6041243487403338,0.4682800602820372,0.38898207526013845,0.6544692032700864,0.4475346076773052,0.28655753627197905,0.16855377808158242,0.5834792766802549,0.3157462864228691,0.17474532835235712,0.12020227703687053,0.5860429065675545,0.2034817823880403,0.04107548400617516,2026-09-12T16:06:11Z
822927,662139,Daulton Varsho,HOU,TB,0,6,projected,Ian Seymour,Tropicana Field,2026-09-12T22:10:00Z,4.07008547008547,2459,728,0.41443819595872183,0.5525000663190651,0.04732752342840801,Normal,0.13045282824426377,0.5805888436614536,0.24445311079210302,0.7179178553229658,0.6506216253027445,0.44493102439871324,0.2853675702138891,0.16841887063776448,0.5615238528334852,0.34098183486928946,0.21230381454152158,0.15740848580635283,0.5638913360783915,0.18737330129986352,0.03684404575853891,2026-09-12T16:06:11Z
822927,680700,Richie Palacios,TB,HOU,1,7,projected,Peter Lambert,Tropicana Field,2026-09-12T22:10:00Z,3.7473781616286246,952,1250,0.45228201786678346,0.6325425249569362,0.5208722754214612,Normal,0.08860744355621673,0.5532084183396259,0.46567783891609854,0.49341139531856315,0.6233585019900957,0.41556969180643966,0.25962942492778956,0.14856547118813979,0.5361583308103364,0.28668894959008884,0.1562644757406559,0.10801653786546335,0.5382728309918124,0.16506212236624743,0.02870439594941608,2026-09-12T16:06:11Z
822927,673237,Yainer Diaz,HOU,TB,0,7,projected,Ian Seymour,Tropicana Field,2026-09-12T22:10:00Z,3.9228855721393034,1877,728,0.41808043334411754,0.5384265458429253,1.2947663701306147,Normal,0.13308969952925495,0.6455308539443365,0.19686849105809728,0.5659314970498203,0.6758136223443061,0.4710594006050474,0.30755749134711935,0.18501384860095127,0.6216739394211945,0.3726174982854413,0.22382899323880184,0.16174069936184743,0.6246418864531207,0.2398807194594637,0.055426664318449184,2026-09-12T16:06:11Z
822927,663743,Nick Fortes,TB,HOU,1,8,projected,Peter Lambert,Tropicana Field,2026-09-12T22:10:00Z,3.59082094376212,1437,1250,0.3644958457999325,0.6232837248413832,-0.1569603236699052,Normal,0.07443611805239313,0.5794113935189823,0.2286219509442287,0.4743466557186064,0.6017888241346034,0.39385221528590747,0.24159968124381384,0.13535508818746975,0.5606688286600634,0.29703429333765113,0.15156183760357056,0.09679382104001776,0.562993867696983,0.182423115735836,0.03332671430667874,2026-09-12T16:06:11Z
822927,543877,Christian Vázquez,HOU,TB,0,8,projected,Ian Seymour,Tropicana Field,2026-09-12T22:10:00Z,3.753411615360203,1567,728,0.33475661239692917,0.5375241028143217,-1.4983552057057086,Normal,0.08642248571076025,0.5521688401003244,0.2334477406058718,0.602126026460028,0.5821203532379083,0.37698975907019655,0.22933579967560147,0.12746866267419152,0.5351305943541463,0.28140720863266006,0.14896836089072382,0.10337183259979273,0.5372443403065804,0.16540960413676725,0.029409780438642653,2026-09-12T16:06:11Z
822927,622761,Jorge Mateo,TB,HOU,1,9,projected,Peter Lambert,Tropicana Field,2026-09-12T22:10:00Z,3.390352269120914,1369,1250,0.42677797511104504,0.6292172171293081,-2.031308559110843,Cold,0.07532671706728124,0.5356647817980723,0.1994326498150622,0.6608838447544538,0.5936339316216818,0.38501015685557277,0.23389821507338987,0.12948891603460155,0.5199481607020788,0.2862083830463208,0.15295837698311496,0.099571523010418,0.5218957337494605,0.15050025186898655,0.023585897182157072,2026-09-12T16:06:11Z
822927,669397,Nick Allen,HOU,TB,0,9,projected,Ian Seymour,Tropicana Field,2026-09-12T22:10:00Z,3.582010582010582,1326,728,0.3497660279822255,0.5400899797864928,1.264897527457969,Normal,0.062401394191983414,0.5367239390777953,0.22972634357111568,0.6137131005817112,0.5596058563732162,0.3560209039113719,0.2128289250022543,0.11589360532051382,0.5207449457738582,0.2511345687855041,0.12249736099683012,0.07822438083374153,0.5227263379531232,0.15413015981262065,0.025851916708726125,2026-09-12T16:06:11Z
823009,691026,Masyn Winn,STL,CWS,1,1,projected,Sean Newcomb,Busch Stadium,2026-09-12T23:15:00Z,4.427642617449664,1809,970,0.584976290193453,0.6568656924573035,-1.4464910144181427,Normal,0.08070437754767622,0.6591371321455783,0.38449891757946764,0.6371963828690699,0.6816174097949153,0.4792113155032204,0.316109597578259,0.1926537931323356,0.6340870296310201,0.37086514934997505,0.20273325923004332,0.12424066024956794,0.6372085748400561,0.2553241309572675,0.0636528041597159,2026-09-12T16:06:11Z
823009,805367,Chase Meidroth,CWS,STL,0,1,projected,Kyle Leahy,Busch Stadium,2026-09-12T23:15:00Z,4.604050423641248,1096,1128,0.5391833130915674,0.6010359279060299,-0.09080858328459221,Normal,0.07949667222480629,0.6666831704187667,0.32828654256037576,0.6483124186937749,0.6775326254206947,0.4758407131929332,0.3139486955754926,0.19159366179351403,0.6409714617874105,0.36743203267751395,0.19585926904044065,0.11879921323917501,0.6441790466473998,0.26430510532445256,0.06880338812307468,2026-09-12T16:06:11Z
823009,671056,Iván Herrera,STL,CWS,1,2,projected,Sean Newcomb,Busch Stadium,2026-09-12T23:15:00Z,4.3216952573158425,1438,970,0.5785565387715763,0.6577579659879209,0.7315913333004619,Normal,0.10250098715626137,0.666995779060415,0.48972614182939034,0.5828055796943648,0.7001261687056732,0.4990786331139467,0.33338442725487005,0.2058252580071317,0.6413506238121646,0.37370405015575636,0.21006297801204518,0.13785205636241038,0.6445460451024765,0.2615292751724448,0.06552308993232933,2026-09-12T16:06:11Z
823009,643217,Andrew Benintendi,CWS,STL,0,2,projected,Kyle Leahy,Busch Stadium,2026-09-12T23:15:00Z,4.519689859212406,2570,1128,0.5392832160348973,0.5944978220810387,-0.28930052156883995,Normal,0.11338376864011253,0.7025550853577635,0.35195479838520777,0.6093724072628283,0.7065372446650645,0.5075901705999799,0.3421469176625962,0.2136043714823465,0.6739075199328982,0.4213505026052079,0.2496853023972014,0.16452979956960342,0.6774874186586312,0.2992126397116094,0.084429382133367,2026-09-12T16:06:11Z
823009,676475,Alec Burleson,STL,CWS,1,3,projected,Sean Newcomb,Busch Stadium,2026-09-12T23:15:00Z,4.226740840207174,2163,970,0.44540773239474485,0.6532116066911441,0.8383112325727223,Normal,0.09514244581211097,0.6610998794750076,0.3414751879786784,0.5534547388967892,0.681320874282597,0.47751153484392567,0.3135771904680192,0.18991961534885618,0.6359718161956889,0.3742664463154888,0.20752681540027984,0.13313689600598158,0.6391007491279818,0.2548687508311173,0.06200087654671302,2026-09-12T16:06:11Z
823009,678246,Miguel Vargas,CWS,STL,0,3,projected,Kyle Leahy,Busch Stadium,2026-09-12T23:15:00Z,4.40822235089751,1799,1128,0.5006308043239371,0.5870952259010812,-0.7783058481282435,Normal,0.10587562470462429,0.6046015907860118,0.39495770402427793,0.5987177971638029,0.663107137413234,0.45945148402792385,0.29888362990534734,0.1794275445570137,0.5837131988899446,0.35600587702427894,0.20556471191314465,0.14119244649131948,0.5863107013799341,0.2082000865826885,0.04518028941171941,2026-09-12T16:06:11Z
823009,691023,Jordan Walker,STL,CWS,1,4,projected,Sean Newcomb,Busch Stadium,2026-09-12T23:15:00Z,4.1391498881431765,1654,970,0.47510590011724413,0.6386399058398338,-1.408902497115582,Normal,0.12161749018903549,0.6686066974388736,0.32157222054287865,0.6848240943315752,0.6923036077769734,0.4890294132863264,0.3233474122051729,0.19716497972721223,0.6428969746655843,0.39182625474662364,0.23111144863798422,0.15886994374824598,0.6460980823520115,0.2609432594282589,0.0638580909353179,2026-09-12T16:06:11Z
823009,695657,Colson Montgomery,CWS,STL,0,4,projected,Kyle Leahy,Busch Stadium,2026-09-12T23:15:00Z,4.331213084961381,871,1128,0.5312513047832514,0.5662850896974164,-2.540277394248482,Cold,0.19051373441986091,0.6438551572766558,0.3651804263261184,0.8527301612272232,0.711071533093743,0.5117978689200481,0.34521009225664184,0.21543874484132094,0.6200483857998844,0.4031216597045996,0.2700711866139085,0.21577405096134392,0.6230122886128552,0.2405644757100743,0.05707363669983153,2026-09-12T16:06:11Z
823009,669357,Nolan Gorman,STL,CWS,1,5,projected,Sean Newcomb,Busch Stadium,2026-09-12T23:15:00Z,4.01951476793249,1857,970,0.40414763891699607,0.6313818339030701,-1.389403903095591,Normal,0.10198853917564278,0.5566929683842923,0.3667086573744197,0.8312855887045691,0.6307266685338196,0.4236618493479889,0.266797628604957,0.15413710765400196,0.5393441987167434,0.30069105811579483,0.16778026072938915,0.12083116000098068,0.5414964796100238,0.1685608429818044,0.030215917435169017,2026-09-12T16:06:11Z
823009,700337,Edgar Quero,CWS,STL,0,5,projected,Kyle Leahy,Busch Stadium,2026-09-12T23:15:00Z,4.1982194291699395,620,1128,0.34338649272481553,0.5574850260114287,0.8538888508734522,Normal,0.06577436731141134,0.6157161487636543,0.2851521623879152,0.5850682302651395,0.617588764594414,0.4119584834306805,0.25807842880110293,0.1484334745111214,0.594094391320796,0.31528850004592096,0.1578782290922581,0.0939949173783226,0.5967825792164257,0.21548651458739426,0.04686306788868921,2026-09-12T16:06:11Z
823009,701675,Nathan Church,STL,CWS,1,6,projected,Sean Newcomb,Busch Stadium,2026-09-12T23:15:00Z,3.8872840555083545,487,970,0.39154695924504596,0.611863198524567,1.546430761794936,Normal,0.06978172188155757,0.5925201485581009,0.29887291643138036,0.5308676865234415,0.6250153012248407,0.41770517253841555,0.2616832580637204,0.1502548273393501,0.5727167696555356,0.3026131379647006,0.15568251307504932,0.09614367001605187,0.5751751614957481,0.19440607134158447,0.0380410195989206,2026-09-12T16:06:11Z
823009,545341,Randal Grichuk,CWS,STL,0,6,projected,Kyle Leahy,Busch Stadium,2026-09-12T23:15:00Z,4.07008547008547,1815,1128,0.4167415166807726,0.5389576726261808,1.2172585884411822,Normal,0.10541960088612762,0.6448944204278181,0.19995904725632424,0.6309882952927748,0.670243323769507,0.4655715461743598,0.3031183726128017,0.18186340725853722,0.6210527645260883,0.3871758673635531,0.2241873350971302,0.14935873294730062,0.624019473410104,0.24010765523575922,0.05596807124182409,2026-09-12T16:06:11Z
823009,602104,Ramón Urías,STL,CWS,1,7,projected,Sean Newcomb,Busch Stadium,2026-09-12T23:15:00Z,3.7473781616286246,1630,970,0.4159053239345381,0.5943066158282336,-0.8049776462373768,Normal,0.09915745822873981,0.5940304686874686,0.33429914629829877,0.5724827549553747,0.6331433681751029,0.42527280950928453,0.2675918037183625,0.15433898681602848,0.5741651005076582,0.32287219113771476,0.18098275363967195,0.12430519459142614,0.576630861550387,0.1948139879612275,0.037849843688444414,2026-09-12T16:06:11Z
823009,686668,Brenton Doyle,CWS,STL,0,7,projected,Kyle Leahy,Busch Stadium,2026-09-12T23:15:00Z,3.9228855721393034,1758,1128,0.3834818949438939,0.5260288054041407,-1.2443467785218763,Normal,0.07675544878405192,0.5850094836739813,0.20656753762616017,0.7440176506351699,0.6222774739408513,0.4158662002107905,0.26080535291420326,0.15007912725807235,0.565672873150121,0.3116199236638758,0.16790388123955266,0.10662624266527129,0.5680739529671609,0.19004420058490237,0.0374086481856858,2026-09-12T16:06:11Z
823009,686780,Pedro Pagés,STL,CWS,1,8,projected,Sean Newcomb,Busch Stadium,2026-09-12T23:15:00Z,3.59082094376212,805,970,0.35855369547860555,0.5891515844811573,-0.34992111649091795,Normal,0.08652823027742965,0.5748465413916436,0.2561940364927151,0.6609573349289443,0.6063834105988869,0.398219702533445,0.24507081226697358,0.13780055956566742,0.5564208630563638,0.2947221629194418,0.15824741290824698,0.10696667161120343,0.558706384864011,0.1790858006000628,0.03231472239161057,2026-09-12T16:06:11Z
823009,668670,Jake Rogers,CWS,STL,0,8,projected,Kyle Leahy,Busch Stadium,2026-09-12T23:15:00Z,3.753411615360203,1009,1128,0.3749421775155009,0.5262225579434894,-0.154126529214626,Normal,0.08484926023884874,0.523877455915046,0.2846400514199595,0.7242617333303476,0.5945966041276834,0.38860824158381324,0.23847591431440052,0.13387049864747555,0.5086446601951053,0.2774328272029612,0.15118094752407363,0.10461963195164674,0.5105334049120621,0.14665430142317104,0.024121404348175297,2026-09-12T16:06:11Z
823009,687363,Victor Scott II,STL,CWS,1,9,projected,Sean Newcomb,Busch Stadium,2026-09-12T23:15:00Z,3.390352269120914,804,970,0.38300213048586135,0.5975474680888913,0.6492839348003486,Normal,0.04970695149637841,0.4939743659474127,0.3286366035311313,0.5977644735555013,0.5513938596360686,0.3469334338684915,0.20481880813906522,0.10973285755775533,0.4807701236117749,0.23097294512782732,0.1057305921793466,0.06453967625782311,0.48240551523814673,0.12512803098772698,0.01742504172299462,2026-09-12T16:06:11Z
823009,682668,Luisangel Acuña,CWS,STL,0,9,projected,Kyle Leahy,Busch Stadium,2026-09-12T23:15:00Z,3.582010582010582,442,1128,0.358663739835968,0.5286274088598247,-0.7045215508313876,Normal,0.05329833422605786,0.5659102865146484,0.1842019417675177,0.539248457509356,0.5848576031272577,0.37891336096989686,0.23047489647734207,0.12802395348603682,0.5480163019257269,0.2744383798750497,0.1307270906767917,0.07592123233384349,0.5502364103785202,0.1741155024940382,0.031627847278739726,2026-09-12T16:06:11Z
823170,808982,Jung Hoo Lee,SF,SD,1,1,projected,Michael King,Oracle Park,2026-09-12T20:05:00Z,4.427642617449664,1322,2350,0.5319467699830345,0.6684352752657235,-0.7594780716561708,Normal,0.07849037329113183,0.6506171988743114,0.31948789468436,0.4517830176965129,0.6762585881131473,0.4733752203126076,0.31094577464068224,0.18863630899821007,0.6262445042911404,0.3689868503055145,0.20856256952009972,0.12786876494489186,0.6292804547784715,0.2474599968548869,0.06034098184719014,2026-09-12T16:06:11Z
823170,665487,Fernando Tatis Jr.,SD,SF,0,1,projected,Cesar Perdomo,Oracle Park,2026-09-12T20:05:00Z,4.604050423641248,2403,35,0.6212075527293438,0.6230860559844316,0.5005071588507302,Normal,0.14461387414129448,0.6859073902547206,0.349553676288371,0.5848124102342882,0.7284224509155842,0.533859877509546,0.3672140886260792,0.23446680143706825,0.6586269174448593,0.41683103588943143,0.2592955378608252,0.1856279428807911,0.6620339433199198,0.28318436748651926,0.07746672676050288,2026-09-12T16:06:11Z
823170,646240,Rafael Devers,SF,SD,1,2,projected,Michael King,Oracle Park,2026-09-12T20:05:00Z,4.3216952573158425,3229,2350,0.5680883748337265,0.6704170284401333,1.5081332806409475,Normal,0.18100178872960487,0.6284450385189176,0.4119022355931176,0.6923528174325353,0.7073827648714422,0.5073418682017017,0.3409193399323207,0.2118297285116756,0.6058386108798012,0.39839195224998825,0.2617192323720196,0.20754531508298432,0.6086509156440162,0.22671605800297542,0.05135863843220627,2026-09-12T16:06:11Z
823170,592518,Manny Machado,SD,SF,0,2,projected,Cesar Perdomo,Oracle Park,2026-09-12T20:05:00Z,4.519689859212406,3178,35,0.5681221492491353,0.6193661730623105,1.0176606824885153,Normal,0.14292784924236612,0.6557047570711613,0.3745425860425903,0.615606385820155,0.7160854288247543,0.518630123614687,0.3523635338347128,0.22187106928132827,0.6309070766375214,0.3885118802434132,0.236986982265774,0.17341935105612408,0.6339977808910537,0.252941644781346,0.06321884358663821,2026-09-12T16:06:11Z
823170,805811,Bryce Eldridge,SF,SD,1,3,projected,Michael King,Oracle Park,2026-09-12T20:05:00Z,4.226740840207174,462,2350,0.463640114454842,0.6679787131347554,1.4554958668552282,Normal,0.11145376313547818,0.60831365857004,0.45090194969806696,0.7429950989367154,0.6654710506179605,0.4604570581587158,0.2986725050830714,0.17847506030479293,0.5872635049936876,0.34655014725960387,0.19899629551995957,0.13963430243078326,0.589879638078203,0.20896619548858503,0.044252089376473555,2026-09-12T16:06:11Z
823170,669720,Austin Hays,SD,SF,0,3,projected,Cesar Perdomo,Oracle Park,2026-09-12T20:05:00Z,4.40822235089751,1906,35,0.4862501915816665,0.6152285616233767,-0.407503258885038,Normal,0.10463898367387628,0.6617106041555798,0.25717298948206757,0.6899841685424486,0.6898004522449168,0.48840902621793253,0.3244464629746404,0.19928347843076852,0.6364439696676641,0.39419556596440286,0.2293870909487642,0.15119818802544566,0.639593222201734,0.25801974746325584,0.06497718226406643,2026-09-12T16:06:11Z
823170,678545,Osleivis Basabe,SF,SD,1,4,projected,Michael King,Oracle Park,2026-09-12T20:05:00Z,4.1391498881431765,219,2350,0.3897941545511287,0.6556988735975317,-1.3210838110076655,Normal,0.08495373336514658,0.5816685839948197,0.28122735010749006,0.7325476597486106,0.6308214452477444,0.42424027418479193,0.26762070713570946,0.1549885362460486,0.5625743457945356,0.3092650809792319,0.16605233513341175,0.10988743382422667,0.5649450005054777,0.18735967540454052,0.03642641258657855,2026-09-12T16:06:11Z
823170,593428,Xander Bogaerts,SD,SF,0,4,projected,Cesar Perdomo,Oracle Park,2026-09-12T20:05:00Z,4.331213084961381,2866,35,0.46033733485207495,0.5976998739896745,-0.6629527552946722,Normal,0.08690807700834877,0.6356224580655894,0.38974228214280077,0.5540734350125924,0.6668503356642143,0.4627763569974258,0.301320218192009,0.18097222605067095,0.6124551655307748,0.34669045282923167,0.1860548606436207,0.11867935304060966,0.615338498052082,0.2332854590938859,0.054171501066677105,2026-09-12T16:06:11Z
823170,687551,Drew Gilbert,SF,SD,1,5,projected,Michael King,Oracle Park,2026-09-12T20:05:00Z,4.01951476793249,471,2350,0.42193756648397607,0.6502424417666866,-1.3870810216281102,Normal,0.08840477523792316,0.5637907107716309,0.3788615315399731,0.573417530798202,0.6244280440103124,0.41740994859587643,0.26165406324649754,0.1503940013990456,0.5459659871249503,0.30492883616896466,0.16965568720746604,0.11424339937495066,0.5481776453666574,0.17356902057434048,0.03172054051212398,2026-09-12T16:06:11Z
823170,630105,Jake Cronenworth,SD,SF,0,5,projected,Cesar Perdomo,Oracle Park,2026-09-12T20:05:00Z,4.1982194291699395,2740,35,0.41749431516109886,0.5908175593562879,-1.5616179499759677,Normal,0.07316065562503304,0.6002931387848714,0.35838668086337083,0.642559067948917,0.6354448091492236,0.4297030124058451,0.27274247232021104,0.1591742538418712,0.5798060247701803,0.32638899782824093,0.17458579029024626,0.1078581031867097,0.582351903060129,0.20299702042208959,0.042386217443303266,2026-09-12T16:06:11Z
823170,687529,Grant McCray,SF,SD,1,6,projected,Michael King,Oracle Park,2026-09-12T20:05:00Z,3.8872840555083545,233,2350,0.3747686231582647,0.6313599691441361,-0.26242505028868707,Normal,0.09228362658649926,0.5328132321081709,0.31114798393577137,0.854010154946617,0.6027565231876763,0.39611183385934007,0.24421737735587862,0.13773694154112162,0.5170367397360123,0.282577738428506,0.16256055436671446,0.11362671706537171,0.518992819225172,0.15202393015541013,0.025274757607263432,2026-09-12T16:06:11Z
823170,701538,Jackson Merrill,SD,SF,0,6,projected,Cesar Perdomo,Oracle Park,2026-09-12T20:05:00Z,4.07008547008547,1681,35,0.446564157946168,0.570813211456239,1.9272643666052183,Normal,0.11496423282161108,0.6497599230769265,0.228689957497616,0.6297780777885044,0.6831488632801803,0.4795424493288101,0.3153818846592304,0.19131428722533098,0.6255339186212912,0.3823593500245839,0.23056445775752962,0.15719969443346926,0.6285490246769305,0.24448275161315733,0.05772033798223597,2026-09-12T16:06:11Z
823170,695391,Brett Harris,SF,SD,1,7,projected,Michael King,Oracle Park,2026-09-12T20:05:00Z,3.7473781616286246,218,2350,0.3945949335180202,0.6127056660343987,-0.5185078181177545,Normal,0.061249707533071386,0.5303911762819539,0.380141907054946,0.6857516225439112,0.5964488157163212,0.38967245442983633,0.23882065397659935,0.13374622241550907,0.5148107916192076,0.26633683999071767,0.130665220845143,0.08152822343285208,0.5167422491527802,0.14984288255177913,0.024463395126185575,2026-09-12T16:06:11Z
823170,669134,Luis Campusano,SD,SF,0,7,projected,Cesar Perdomo,Oracle Park,2026-09-12T20:05:00Z,3.9228855721393034,760,35,0.4350274345973003,0.5551864046075393,0.2641379082321279,Normal,0.09501521478257617,0.6062927506296606,0.3468022568425069,0.5176478198735641,0.6517983062014615,0.4456731099436565,0.28567473950398786,0.1684209880700071,0.5854245131467416,0.3289148404406009,0.17981580204459327,0.1209759515290213,0.5880172962425122,0.20664694463715763,0.04304939595577055,2026-09-12T16:06:11Z
823170,668800,Andrew Knizner,SF,SD,1,8,projected,Michael King,Oracle Park,2026-09-12T20:05:00Z,3.59082094376212,763,2350,0.3390450876005577,0.6054242787477548,-0.5427831397063324,Normal,0.063882380308111,0.5174641394161985,0.25578967629423593,0.6414488910659955,0.5740405341605828,0.36813943051875075,0.2215247168624937,0.12142736649073922,0.5027644154213381,0.2513215940368347,0.12376095401929398,0.08013648401648733,0.50458601628017,0.14056131307189756,0.021646671371558793,2026-09-12T16:06:11Z
823170,666023,Freddy Fermin,SD,SF,0,8,projected,Cesar Perdomo,Oracle Park,2026-09-12T20:05:00Z,3.753411615360203,1207,35,0.36563081572025186,0.5525340894606235,0.003855636264532915,Normal,0.07389919200752974,0.5773397102746375,0.2547304852034027,0.5395835808242533,0.6087674155399802,0.40208394730864483,0.2492360205949608,0.14150531212742395,0.5586007710535615,0.29508388779695116,0.15046363201672303,0.09621154795076806,0.5609267966327675,0.18337797042903597,0.034901330410557097,2026-09-12T16:06:11Z
823170,683766,Christian Koss,SF,SD,1,9,projected,Michael King,Oracle Park,2026-09-12T20:05:00Z,3.390352269120914,361,2350,0.3678773589210265,0.6128489356290076,1.3114810994344286,Normal,0.06102565231334496,0.5271979303015392,0.22194266336262877,0.6733775009397507,0.582804480156485,0.3750101614398134,0.2261331027289835,0.12413716565121498,0.5120117701063065,0.2558271728220361,0.12360908085669156,0.0780280181017331,0.5138933920963152,0.14509932570776782,0.02220775280099115,2026-09-12T16:06:11Z
823170,669392,Samad Taylor,SD,SF,0,9,projected,Cesar Perdomo,Oracle Park,2026-09-12T20:05:00Z,3.582010582010582,213,35,0.4300746091835822,0.5549323548435029,-0.4642419056277048,Normal,0.06434109701763438,0.573395729072273,0.2961252515473502,0.6620367566998886,0.6157694734716539,0.40818819722937266,0.2537511181672163,0.1444642087954842,0.554991131117766,0.2888497066945327,0.1489038743655209,0.09082040699429081,0.5572749585934195,0.179506362949479,0.03327309954559766,2026-09-12T16:06:11Z
823496,502671,Paul Goldschmidt,NYY,NYM,1,1,confirmed,Zac Thornton,Yankee Stadium,2026-09-12T17:35:00Z,4.427642617449664,2885,267,0.6535024892625234,0.6540328591446204,0.35415473639914535,Normal,0.17848981843011721,0.708785339333492,0.3251908407598859,0.6598256176322205,0.7425456025519617,0.5498298319906535,0.3815283056394441,0.24559020799672548,0.6796124346983738,0.4497740735171769,0.29220748184754375,0.21875686452859186,0.6832577388996457,0.30492931851842275,0.08651041786656546,2026-09-12T16:06:11Z
823496,596019,Francisco Lindor,NYM,NYY,0,1,confirmed,Gerrit Cole,Yankee Stadium,2026-09-12T17:35:00Z,4.604050423641248,3211,2457,0.7010593846699121,0.6534314521229679,-1.3573326698299764,Normal,0.20642493508817603,0.6456025337829523,0.3950400279083834,0.711780482337409,0.7287456219185704,0.5342464121604462,0.36758146230140903,0.23477123775952125,0.6215610267482756,0.4080462448081144,0.28249543648721404,0.23041379580573304,0.62455708732607,0.24468936538610508,0.060324039671373154,2026-09-12T16:06:11Z
823496,592450,Aaron Judge,NYY,NYM,1,2,confirmed,Zac Thornton,Yankee Stadium,2026-09-12T17:35:00Z,4.3216952573158425,2809,267,0.8604314477876749,0.6546044039417892,-1.1211834862314838,Normal,0.3937228457618053,0.7042509142294215,0.5055051193896783,0.6841027898216099,0.8013575604989128,0.6261362779999282,0.4581660130579915,0.3118103780891748,0.6754900342641,0.5206921356828187,0.4313655140886436,0.3994578121217546,0.6790807986346623,0.29880353255112607,0.08252478994272888,2026-09-12T16:06:11Z
823496,665742,Juan Soto,NYM,NYY,0,2,confirmed,Gerrit Cole,Yankee Stadium,2026-09-12T17:35:00Z,4.519689859212406,3212,2457,0.6913828513361041,0.652114218164848,-0.7956325179601821,Normal,0.2417222623537576,0.6205489985597442,0.5760147266453018,0.6386945511118384,0.727364571083046,0.5319342273273627,0.364856349640749,0.2321050694607372,0.5984641258689355,0.40127887212004154,0.29556672167881975,0.2560497548733742,0.601212563473381,0.2218460715299608,0.050613851761803656,2026-09-12T16:06:11Z
823496,641355,Cody Bellinger,NYY,NYM,1,3,confirmed,Zac Thornton,Yankee Stadium,2026-09-12T17:35:00Z,4.226740840207174,2841,267,0.5296282450702373,0.6495551805454299,0.7277792798611559,Normal,0.13086100105667967,0.666240678063586,0.2814221273841344,0.5399746433763168,0.7129873358811741,0.513103259166117,0.3456741991377421,0.21522810400503586,0.6406955124960021,0.3966634312953178,0.2421439448297359,0.1702086379633708,0.6438770905459289,0.2596988198419565,0.06403237813478842,2026-09-12T16:06:11Z
823496,666182,Bo Bichette,NYM,NYY,0,3,confirmed,Gerrit Cole,Yankee Stadium,2026-09-12T17:35:00Z,4.40822235089751,2888,2457,0.4585711211262283,0.6533940779723372,0.37935665459504964,Normal,0.11491748334506115,0.6940224103807061,0.24355811775779548,0.6637350014495706,0.7070187072897531,0.5078442741865065,0.3421018411714727,0.21333436592165353,0.666097420362126,0.4142459187951065,0.24378448897116414,0.1618999194182005,0.6695840502368297,0.28978332912120947,0.07936606493534144,2026-09-12T16:06:11Z
823496,671218,Heliot Ramos,NYY,NYM,1,4,confirmed,Zac Thornton,Yankee Stadium,2026-09-12T17:35:00Z,4.1391498881431765,1686,267,0.4694861085835974,0.6344491195781219,-0.7292813930407543,Normal,0.14724852311412162,0.6665807269743922,0.3191755211140831,0.6750582370048495,0.6982644548404385,0.495699653620991,0.32933203037413955,0.2018567935795757,0.6410369661355464,0.39661088034685954,0.2474227775619987,0.18076897149591079,0.6442171391682128,0.25902382262771956,0.06305115165212952,2026-09-12T16:06:11Z
823496,701807,Carson Benge,NYM,NYY,0,4,confirmed,Gerrit Cole,Yankee Stadium,2026-09-12T17:35:00Z,4.331213084961381,586,2457,0.4760964920456589,0.6415532966331574,-0.8771661016015814,Normal,0.13359512385763375,0.6412990695309759,0.32353021522339287,0.7394152299018515,0.6862960640006681,0.48384689183043883,0.3198726314913495,0.19533434687119466,0.6176917965533281,0.3653774640634539,0.22329249071868748,0.1624460168590475,0.6206305529550582,0.2382872373173175,0.05615806546733628,2026-09-12T16:06:11Z
823496,642708,Amed Rosario,NYY,NYM,1,5,confirmed,Zac Thornton,Yankee Stadium,2026-09-12T17:35:00Z,4.01951476793249,1979,267,0.48440478125033626,0.6268193673726091,-0.11968343627840697,Normal,0.11899476380818944,0.6939568384596623,0.23238180657356922,0.5863080610770334,0.701995904535677,0.4993699029484636,0.3322055064298496,0.20377609516717873,0.6661446171104365,0.40940513564395214,0.24860970571665683,0.16726803413712946,0.669610105013875,0.2849178508137118,0.07363103811599434,2026-09-12T16:06:11Z
823496,676724,Jared Young,NYM,NYY,0,5,confirmed,Gerrit Cole,Yankee Stadium,2026-09-12T17:35:00Z,4.1982194291699395,435,2457,0.4719582791897884,0.6395557601160128,0.48031054044336363,Normal,0.13136750166382638,0.6102407573828728,0.30383338323490033,0.7187940303527605,0.673211705622028,0.4690400815432442,0.30636561905911813,0.18452648284449602,0.5890255360934373,0.3575220725255346,0.22303535737105207,0.1625579336215717,0.5916627105838685,0.2109929364092525,0.0452286737544098,2026-09-12T16:06:11Z
823496,682987,Spencer Jones,NYY,NYM,1,6,confirmed,Zac Thornton,Yankee Stadium,2026-09-12T17:35:00Z,3.8872840555083545,239,267,0.4432152443375771,0.6072841793400171,1.886733921956372,Normal,0.1307406475996925,0.6203499351344217,0.2905807224725177,0.7844989629344614,0.6649036616355548,0.45847030758225404,0.2958991597325568,0.1755674180668842,0.5984956763304594,0.36054817440865905,0.2179963998659345,0.15876007409893633,0.6012106650252418,0.21666288618291474,0.045672698384635724,2026-09-12T16:06:11Z
823496,543760,Marcus Semien,NYM,NYY,0,6,confirmed,Gerrit Cole,Yankee Stadium,2026-09-12T17:35:00Z,4.07008547008547,3225,2457,0.42839974937407604,0.6215673605192394,1.2862639861138652,Normal,0.10672959675856244,0.5987358017618932,0.2777648929713648,0.6138721583020678,0.6503420540122115,0.44464197468265715,0.28512204881710224,0.1682348688013629,0.5783804716330653,0.3298766261441146,0.1901396021172243,0.13302135734413265,0.5809094553228356,0.20133813719548957,0.04155199515239587,2026-09-12T16:06:11Z
823496,806146,George Lombard Jr.,NYY,NYM,1,7,confirmed,Zac Thornton,Yankee Stadium,2026-09-12T17:35:00Z,3.7473781616286246,115,267,0.4577993026344807,0.590059522020844,-1.2990076365270766,Normal,0.13069306436443365,0.6224074922061598,0.2893271306732039,0.6388825726795437,0.6607774439349259,0.4535622377446513,0.2913347888578268,0.17188876217938617,0.6004436508756905,0.35534682791001276,0.2157874022478071,0.157460676017378,0.6031718720677247,0.21754672294147717,0.045603073190011535,2026-09-12T16:06:11Z
823496,805999,A.J. Ewing,NYM,NYY,0,7,confirmed,Gerrit Cole,Yankee Stadium,2026-09-12T17:35:00Z,3.9228855721393034,434,2457,0.4113480697805217,0.6035379020812067,2.296665974443598,Hot,0.10513090303535243,0.5804996927183554,0.3095326815843868,0.7408669445159012,0.6264530291891487,0.41999368306825036,0.2641971393893212,0.15254807517915372,0.5614794976569791,0.31685596354801854,0.18052559026045598,0.12793586528148826,0.563841015634108,0.18664788259138462,0.03629899214089621,2026-09-12T16:06:11Z
823496,683011,Anthony Volpe,NYY,NYM,1,8,confirmed,Zac Thornton,Yankee Stadium,2026-09-12T17:35:00Z,3.59082094376212,2088,267,0.4361006576404184,0.5854025601448146,0.34213882314822025,Normal,0.10842382882434116,0.5868402564035975,0.27042618562701926,0.5849453827287416,0.6319713665720826,0.4231506866505174,0.2652319072170124,0.15221790219763542,0.5675754715798801,0.3325727201530072,0.19570089340841434,0.136972401842736,0.5699656573572881,0.1879448828477428,0.035031901154667436,2026-09-12T16:06:11Z
823496,620443,Luis Torrens,NYM,NYY,0,8,confirmed,Gerrit Cole,Yankee Stadium,2026-09-12T17:35:00Z,3.753411615360203,866,2457,0.3688258462282395,0.5956390140003883,0.01568964131151654,Normal,0.09232704812371374,0.5674836118961835,0.23188739313371165,0.6499153793805102,0.6053971672269977,0.3988514585592952,0.2466392724151975,0.13965312891417325,0.549421235570409,0.3052104673512682,0.16620928361957796,0.11445731478519551,0.5516627715280653,0.17619365392767403,0.032655773889541356,2026-09-12T16:06:11Z
823496,669224,Austin Wells,NYY,NYM,1,9,confirmed,Zac Thornton,Yankee Stadium,2026-09-12T17:35:00Z,3.390352269120914,1292,267,0.39039292995774855,0.5939461441686309,-0.9564748602864966,Normal,0.11492350754008539,0.5120305411571391,0.28554079106874947,0.6038025242613948,0.5916529074310289,0.38316809018956655,0.23246090680761314,0.1284941847975737,0.49776875299698287,0.2825680426124425,0.16587465920824138,0.12858078539430726,0.49953549885940624,0.13574438830136262,0.01990588102049188,2026-09-12T16:06:11Z
823496,703492,Nick Morabito,NYM,NYY,0,9,confirmed,Gerrit Cole,Yankee Stadium,2026-09-12T17:35:00Z,3.582010582010582,27,2457,0.4159864045312448,0.5949692169045468,-1.26719339669102,Normal,0.0918901418392094,0.5573391961514623,0.26800210973300903,0.7337062234884759,0.6145450328027235,0.407000900736374,0.2527913576768241,0.143776603589124,0.5400200967168776,0.2972837134727695,0.1637049261692085,0.11333235903738549,0.542168500954089,0.16807780476690298,0.02982918187925373,2026-09-12T16:06:11Z
823657,663616,Trevor Larnach,MIN,CLE,1,1,projected,Daniel Espino,Target Field,2026-09-12T20:10:00Z,4.427642617449664,1788,43,0.5993799851452045,0.6568656924573035,-0.6611440796639755,Normal,0.12796107919059013,0.6610995754367589,0.392201470472027,0.6906698365338473,0.6970774273986985,0.49636822397861496,0.33149848258435266,0.20476609659643985,0.6358921462408317,0.39426080177390255,0.23739881159471832,0.16645192950675652,0.6390335874715767,0.2571611602108454,0.06443857103044298,2026-09-12T16:06:11Z
823657,680757,Steven Kwan,CLE,MIN,0,1,projected,Connor Prielipp,Target Field,2026-09-12T20:10:00Z,4.604050423641248,3167,467,0.6249893901419056,0.63472705070769,0.940885580467923,Normal,0.06939622557842319,0.715271345540438,0.4308205621636795,0.4903107399551515,0.7092343239559549,0.5113356865857759,0.3460979585314252,0.21716973316272875,0.6855167270390062,0.4094805599647056,0.22546106463553517,0.1298162743624385,0.6892400737339033,0.3139814027165097,0.09267673470664542,2026-09-12T16:06:11Z
823657,665019,Kody Clemens,MIN,CLE,1,2,projected,Daniel Espino,Target Field,2026-09-12T20:10:00Z,4.3216952573158425,1307,43,0.5551993751524488,0.6577579659879209,0.6622641917590129,Normal,0.17315237034050146,0.6292090240037967,0.3349200245861701,0.7202169398018922,0.6923343732959624,0.49032994044440614,0.3254874806436198,0.1995859194114584,0.6065442809832067,0.3929360010998689,0.2630014798848658,0.20407722772224718,0.6093639193317242,0.22737148358678405,0.05161029150186901,2026-09-12T16:06:11Z
823657,682657,Angel Martínez,CLE,MIN,0,2,projected,Connor Prielipp,Target Field,2026-09-12T20:10:00Z,4.519689859212406,1026,467,0.519370594284059,0.6322767794348116,0.17601927911018728,Normal,0.11262300110026756,0.6727596765936156,0.2914624192109711,0.7211328159685615,0.691381547530331,0.49046601503946125,0.3265631089672135,0.20117243644449442,0.6465903676504086,0.4022474697446219,0.23783912278529587,0.1591990633331214,0.6498548397449105,0.269113711416187,0.07029451036552824,2026-09-12T16:06:11Z
823657,807712,Luke Keaschall,MIN,CLE,1,3,projected,Daniel Espino,Target Field,2026-09-12T20:10:00Z,4.226740840207174,764,43,0.492407927079048,0.6532116066911441,0.3495865061726859,Normal,0.08492030430312993,0.6623062800214651,0.41338038725104964,0.5851402331824819,0.6728183285442665,0.4683028512838505,0.30549192355302285,0.18368707708578258,0.6370806460753599,0.37483205404004283,0.20393992279429843,0.1261743264798066,0.6402218903417737,0.2559962022173141,0.06247225241848466,2026-09-12T16:06:11Z
823657,608070,José Ramírez,CLE,MIN,0,3,projected,Connor Prielipp,Target Field,2026-09-12T20:10:00Z,4.40822235089751,3221,467,0.5411789739182483,0.630207693308174,-1.4244550712072555,Normal,0.13344786488250904,0.6750042989529121,0.3461671955820808,0.5066396336692263,0.7090238926327823,0.5101484876820901,0.3442222855278657,0.2150404150330308,0.6486591006989693,0.4180572252400657,0.25735091557064393,0.18034674167577117,0.6519449850306634,0.27075331434504557,0.07057769533240849,2026-09-12T16:06:11Z
823657,605137,Josh Bell,MIN,CLE,1,4,projected,Daniel Espino,Target Field,2026-09-12T20:10:00Z,4.1391498881431765,2975,43,0.4361287892371565,0.6386399058398338,0.028449098432291473,Normal,0.12740590447266134,0.6384609680762479,0.3748876693636778,0.6069776672746805,0.6692580538276268,0.46391810467558137,0.301239445426186,0.1801051136358875,0.6151634568574645,0.36760788989798204,0.21888610786484017,0.15664351676339025,0.6180608534231586,0.23344416044036825,0.052769574827785645,2026-09-12T16:06:11Z
823657,663993,Nathaniel Lowe,CLE,MIN,0,4,projected,Connor Prielipp,Target Field,2026-09-12T20:10:00Z,4.331213084961381,2938,467,0.4472394729295611,0.6147778582305486,-0.581905694824179,Normal,0.11199487805459461,0.6691096105958979,0.3774417360076707,0.7125550084603538,0.6864030770087686,0.48396489223129174,0.31997783743381913,0.19541665588449372,0.6432864230535902,0.3877426442988449,0.22613077600494488,0.15181008624573455,0.6465049871290754,0.26392555483806907,0.06687047075185061,2026-09-12T16:06:11Z
823657,668904,Royce Lewis,MIN,CLE,1,5,projected,Daniel Espino,Target Field,2026-09-12T20:10:00Z,4.01951476793249,1464,43,0.4120348162576371,0.6313818339030701,-0.9329872406262173,Normal,0.12232734910865009,0.6291954903213769,0.2550689195412488,0.7393653071564734,0.6657391906541729,0.45965782450282355,0.297163511502382,0.1767143219942815,0.6066488053351661,0.36317274556507206,0.21220531540065538,0.15086581817313663,0.6094511344502349,0.22460145293444006,0.04890050620252095,2026-09-12T16:06:11Z
823657,666176,Jo Adell,CLE,MIN,0,5,projected,Connor Prielipp,Target Field,2026-09-12T20:10:00Z,4.1982194291699395,1971,467,0.43258783625231884,0.6093976245741903,-1.168835631307295,Normal,0.14528745607115015,0.6267177668440493,0.31501977979179835,0.7563037232486248,0.6722399249075376,0.46799518542483,0.3054521615888365,0.18382450065734351,0.6042668306240359,0.3686619534658276,0.23066922431009845,0.1727939598525265,0.6070591588567319,0.22471836181699414,0.05030460216284691,2026-09-12T16:06:11Z
823657,605170,Victor Caratini,MIN,CLE,1,6,projected,Daniel Espino,Target Field,2026-09-12T20:10:00Z,3.8872840555083545,1548,43,0.3730626981070741,0.611863198524567,-0.77685390918154,Normal,0.10136202585853799,0.5922952107591056,0.3752685512632052,0.6079630348383952,0.6249114241182372,0.41760256491721426,0.26159920227966116,0.15019392571685788,0.572507956951924,0.30894913424117326,0.17111439828233482,0.12053320535815124,0.5749643336015869,0.19423297173188553,0.03798417788641972,2026-09-12T16:06:11Z
823657,682177,Daniel Schneemann,CLE,MIN,0,6,projected,Connor Prielipp,Target Field,2026-09-12T20:10:00Z,4.07008547008547,924,467,0.37465292321454297,0.5893348197072237,-1.6792081819243145,Normal,0.08516011444621446,0.5901883907677977,0.31998541061714625,0.7892901204664421,0.6215099525247757,0.4155513082243522,0.2608356769289327,0.1502998154288145,0.5704465044051784,0.3248638650314372,0.17637348807070571,0.11518212533346506,0.5728986778828113,0.1946748009159992,0.039273745679078445,2026-09-12T16:06:11Z
823657,680777,Ryan Jeffers,MIN,CLE,1,7,projected,Daniel Espino,Target Field,2026-09-12T20:10:00Z,3.7473781616286246,1830,43,0.42160734082186213,0.5943066158282336,-0.2996044398214077,Normal,0.10559714348850874,0.5964799888691374,0.35730744445880774,0.6228070010509289,0.641735165911903,0.4339251825015416,0.274769431384056,0.1595918351910043,0.5764380612230354,0.338965412242871,0.19194889873979942,0.13332504756748453,0.5789258824474016,0.19670759122096335,0.03847027158897398,2026-09-12T16:06:11Z
823657,672275,Patrick Bailey,CLE,MIN,0,7,projected,Connor Prielipp,Target Field,2026-09-12T20:10:00Z,3.9228855721393034,1564,467,0.38873433495721016,0.5723394885736843,0.6953237793045859,Normal,0.07962589463321461,0.5983454112591216,0.3031467063423133,0.716749226825235,0.6179940807395536,0.41166132288227403,0.25736693098424623,0.14758681628195083,0.5780564944399128,0.3185879424843697,0.17014476065685785,0.1085865920382783,0.5805767273478746,0.20033484957127665,0.04086251728731827,2026-09-12T16:06:11Z
823657,686797,Brooks Lee,MIN,CLE,1,8,projected,Daniel Espino,Target Field,2026-09-12T20:10:00Z,3.59082094376212,1280,43,0.37019877769874093,0.5891515844811573,-0.4045684958770278,Normal,0.11696890055784807,0.5803371287262579,0.2397010120488016,0.5202381085879069,0.6124556082584761,0.40404165436215317,0.24972587988955636,0.14109717695511612,0.5615299288453861,0.3135507093281404,0.18506725993186635,0.13638595474937046,0.5638630295543238,0.18310505259744997,0.03353522630518965,2026-09-12T16:06:11Z
823657,677587,Brayan Rocchio,CLE,MIN,0,8,projected,Connor Prielipp,Target Field,2026-09-12T20:10:00Z,3.753411615360203,1457,467,0.3751611041821989,0.5677151190727534,-0.07515463730499626,Normal,0.07364120493347649,0.5850871365121953,0.28831051044333994,0.5329868560815841,0.6003698949624924,0.3940618284177462,0.24280983757316646,0.13693290864626867,0.5658067642538036,0.3094318903713685,0.16046996566058566,0.10094439427348241,0.5682004460079181,0.1891628398651381,0.03675778084397344,2026-09-12T16:06:11Z
823657,668885,Austin Martin,MIN,CLE,1,9,projected,Daniel Espino,Target Field,2026-09-12T20:10:00Z,3.390352269120914,776,43,0.44314359651548624,0.5975474680888913,0.36982702232443937,Normal,0.05401141938138415,0.5542557664264555,0.3620837386515061,0.5738284602037305,0.5955689539443957,0.38681504526682686,0.23530955700993592,0.13046749529101515,0.5373377060465503,0.28212685608395205,0.13388448202165829,0.07809548448930578,0.5394347319723469,0.16282265368997492,0.02686464119417368,2026-09-12T16:06:11Z
823657,595978,Austin Hedges,CLE,MIN,0,9,projected,Connor Prielipp,Target Field,2026-09-12T20:10:00Z,3.582010582010582,1100,467,0.35820378731222213,0.569421876288117,-0.5189846871885994,Normal,0.08109687158745411,0.522143028764941,0.2854887836432546,0.6144380664532352,0.5627425657717542,0.3588171468991994,0.21495851902497973,0.11734201412243074,0.5070757336175783,0.25255928857569726,0.1329817586404649,0.0941481292708284,0.5089436067930043,0.14473955508092531,0.02331419837110672,2026-09-12T16:06:11Z
823737,592885,Christian Yelich,MIL,CIN,1,1,projected,Brady Singer,American Family Field,2026-09-12T23:10:00Z,4.427642617449664,2717,3459,0.6730927693589897,0.6706135614973988,-0.31343710897323446,Normal,0.1359440220005141,0.6876183682963548,0.41693997350045475,0.6954780051057321,0.7291064595392546,0.5335312046027437,0.3659321427491529,0.23262570263616308,0.6602386049837253,0.41179891186425066,0.2524335394505756,0.17732635125495555,0.6636554588208472,0.28296168574942243,0.07596463155426016,2026-09-12T16:06:11Z
823737,670770,TJ Friedl,CIN,MIL,0,1,projected,TBD,American Family Field,2026-09-12T23:10:00Z,4.604050423641248,2107,0,0.5502899932572551,0.586885699186321,-1.565679240082867,Normal,0.11882060681603578,0.6478143228982324,0.42430542757994655,0.610332731288671,0.68473861867526,0.4837311381370436,0.3209792741416604,0.19710856838463478,0.6236001171542358,0.36964746918123403,0.22508949846869977,0.1566197232719851,0.6266180081109182,0.2466960252641662,0.061167247765637874,2026-09-12T16:06:11Z
823737,668930,Brice Turang,MIL,CIN,1,2,projected,Brady Singer,American Family Field,2026-09-12T23:10:00Z,4.3216952573158425,2347,3459,0.6174994396675353,0.6727479609692394,1.5465530669137106,Normal,0.11221515993113698,0.6788042415428279,0.4488031686704897,0.670837010321257,0.7073926234420503,0.5073531716107629,0.34092969820776403,0.21183801728994475,0.6521899462294741,0.39292668392973296,0.23103683963023283,0.15437181824188245,0.6555080190430411,0.27293770527971706,0.07052247116653074,2026-09-12T16:06:11Z
823737,680574,Matt McLain,CIN,MIL,0,2,projected,TBD,American Family Field,2026-09-12T23:10:00Z,4.519689859212406,1438,0,0.5421519946840173,0.586885699186321,-1.0350338231866367,Normal,0.1256416910692562,0.6278254027038025,0.35596822652601307,0.7879836556657722,0.6798512848853989,0.4777516153362032,0.3151951105141086,0.19223896251228334,0.6051920124596016,0.36488326739708504,0.2189557200982338,0.15682819033368417,0.6080095083681464,0.2280446100056372,0.05302236643443144,2026-09-12T16:06:11Z
823737,661388,William Contreras,MIL,CIN,1,3,projected,Brady Singer,American Family Field,2026-09-12T23:10:00Z,4.226740840207174,2917,3459,0.49981071833953683,0.6707027649830645,-0.605597979707139,Normal,0.1019382118626787,0.6706684656950104,0.3308570886440147,0.5312498775249507,0.6923650318347576,0.48968694262940726,0.32440390344664166,0.19835537198911854,0.6447612816509003,0.3877327932557401,0.21893156791676177,0.1423090628212051,0.6479885853019426,0.2639132463849685,0.06583078937328937,2026-09-12T16:06:11Z
823737,663647,Ke'Bryan Hayes,CIN,MIL,0,3,projected,TBD,American Family Field,2026-09-12T23:10:00Z,4.40822235089751,2271,0,0.4176342304825421,0.586885699186321,-1.6021057351504546,Normal,0.08354257075124161,0.637359867348737,0.2687224170840261,0.646256203262067,0.6412621757581954,0.43673381006710577,0.2794310039206423,0.16470645793685806,0.6140116458950402,0.3469993180034444,0.19185768184435426,0.12102820116310059,0.6169186161047632,0.23584187912230328,0.055751355365523954,2026-09-12T16:06:11Z
823737,694192,Jackson Chourio,MIL,CIN,1,4,projected,Brady Singer,American Family Field,2026-09-12T23:10:00Z,4.1391498881431765,1677,3459,0.4993427512034187,0.6588616367966321,2.5826750985648097,Hot,0.12230910021889647,0.6879249874883235,0.23725702733301476,0.6082876377177558,0.7087442358909578,0.5076101976336367,0.3401381776909218,0.21040811245752053,0.6606055763158524,0.41602759464732186,0.24961548463397018,0.16911877710354453,0.6640100721638862,0.27978810552883115,0.07204684000309097,2026-09-12T16:06:11Z
823737,682829,Elly De La Cruz,CIN,MIL,0,4,projected,TBD,American Family Field,2026-09-12T23:10:00Z,4.331213084961381,2393,0,0.6037893113826818,0.586885699186321,1.609164816785132,Normal,0.160877180545533,0.6824996225540625,0.37000140342358345,0.7410270625378976,0.7215473618117508,0.5240160619449362,0.356554817186129,0.2246236597834169,0.6555746633055334,0.4295619996480891,0.284922153926103,0.20902337029418158,0.658932817216365,0.2769725249976498,0.0726658269266411,2026-09-12T16:06:11Z
823737,683734,Andrew Vaughn,MIL,CIN,1,5,projected,Brady Singer,American Family Field,2026-09-12T23:10:00Z,4.01951476793249,2555,3459,0.39358691222835546,0.6537962179110802,1.1036550399835605,Normal,0.09101837323620188,0.660475808672201,0.2981090566548002,0.5255469417197209,0.665939538960874,0.459870161831815,0.2973465045447451,0.17685284587662445,0.6354575403942543,0.3770345492225289,0.20761149586700683,0.13112591515478395,0.6385704393501229,0.2524079665060949,0.05969479634728944,2026-09-12T16:06:11Z
823737,668709,JJ Bleday,CIN,MIL,0,5,projected,TBD,American Family Field,2026-09-12T23:10:00Z,4.1982194291699395,2020,0,0.49103952863668515,0.586885699186321,-1.8447533542621943,Normal,0.1419099213475999,0.59747137577966,0.42475646727613103,0.6529151429745788,0.6587818991356078,0.4537071232520324,0.29307395042839,0.1743845969317625,0.5771883294242841,0.3654331309476986,0.2269479605910158,0.17074417972262082,0.5797086361277793,0.20076772989358857,0.04160872283390298,2026-09-12T16:06:11Z
823737,641343,Jake Bauers,MIL,CIN,1,6,projected,Brady Singer,American Family Field,2026-09-12T23:10:00Z,3.8872840555083545,1363,3459,0.598737957770477,0.6351554841439466,-0.11566893408908177,Normal,0.1609712441126157,0.6121152342159295,0.5621870683269793,0.6761397817602672,0.6915345389561176,0.48732611887199684,0.3211406013019046,0.1949016469484077,0.5908793547020373,0.3657688640449303,0.23512498864469356,0.18353576070675248,0.593516912394484,0.2099005550933163,0.043285982356669674,2026-09-12T16:06:11Z
823737,553993,Eugenio Suárez,CIN,MIL,0,6,projected,TBD,American Family Field,2026-09-12T23:10:00Z,4.07008547008547,3070,0,0.4716685209180393,0.586885699186321,0.30772396962745213,Normal,0.17108894099380895,0.5907924342325775,0.38644189346809593,0.806972123379912,0.6674196530162249,0.46255744266707977,0.30049915652988346,0.17986208321147681,0.5710075269268104,0.3588530780800233,0.23439517144373628,0.18955261820986213,0.5734650861338272,0.1951406416995994,0.03943112950657131,2026-09-12T16:06:11Z
823737,686217,Sal Frelick,MIL,CIN,1,7,projected,Brady Singer,American Family Field,2026-09-12T23:10:00Z,3.7473781616286246,1695,3459,0.46031952877121857,0.6163652554706177,-1.8375467070668983,Normal,0.07930222923765971,0.6293955095885265,0.3338341678781818,0.4153759614648017,0.6489963985296506,0.44133696319228943,0.2809766187494711,0.164171266294848,0.6068970940749665,0.3348038637167401,0.17821624560720442,0.11102585019926065,0.609692274601221,0.22341981448343867,0.0477147978075847,2026-09-12T16:06:11Z
823737,663886,Tyler Stephenson,CIN,MIL,0,7,projected,TBD,American Family Field,2026-09-12T23:10:00Z,3.9228855721393034,1980,0,0.4339145685150275,0.586885699186321,0.05637529121827521,Normal,0.11486271214214547,0.6099767267705528,0.3385308320291799,0.7349503715042032,0.6535842943517272,0.4475246298968993,0.2872486149016502,0.16960028707061536,0.5888369597274422,0.3454945483673368,0.19939957139272024,0.14137159424967224,0.5914637651807367,0.2096193367214581,0.044097243212090985,2026-09-12T16:06:11Z
823737,596142,Gary Sánchez,MIL,CIN,1,8,projected,Brady Singer,American Family Field,2026-09-12T23:10:00Z,3.59082094376212,1373,3459,0.400244362527233,0.6086841247230579,-0.9467273292882654,Normal,0.11398780498254386,0.5373648931811236,0.37135725371839745,0.6022376089056275,0.6184784301593845,0.4098733956970851,0.25442100150999625,0.14444184634411308,0.5214266316165628,0.2975556926594068,0.1731410475677444,0.13064150535016428,0.5234023052928279,0.15322533644770436,0.024947520747054183,2026-09-12T16:06:11Z
823737,667472,Dane Myers,CIN,MIL,0,8,projected,TBD,American Family Field,2026-09-12T23:10:00Z,3.753411615360203,808,0,0.40113790884373773,0.586885699186321,1.9533661015528205,Normal,0.0791173958397078,0.6008724567750073,0.2934122785955693,0.6346785686739156,0.6287168041588094,0.4215830111286429,0.26511212709536147,0.15296173521674142,0.580462703180385,0.31289312802167185,0.16348497192517067,0.10452817214726594,0.5829976359566418,0.20133437151228362,0.040804757653298794,2026-09-12T16:06:11Z
823737,687401,Joey Ortiz,MIL,CIN,1,9,projected,Brady Singer,American Family Field,2026-09-12T23:10:00Z,3.390352269120914,1426,3459,0.38944794607853706,0.6158605610541219,0.7907698450596758,Normal,0.06521834589780452,0.565886761013843,0.22991047430372494,0.4572437303221621,0.6042118299571866,0.394945109253469,0.24170437706679848,0.13492395009624703,0.5481911946249375,0.28825822003561724,0.147929014168409,0.09069298010735319,0.5503850014046995,0.17086521832975685,0.029105335078653795,2026-09-12T16:06:11Z
823737,624431,Jose Trevino,CIN,MIL,0,9,projected,TBD,American Family Field,2026-09-12T23:10:00Z,3.582010582010582,1196,0,0.37431100234018483,0.586885699186321,-1.8771362361968507,Normal,0.08750497274008262,0.5647583790586477,0.18588581400224036,0.4976382169699641,0.6090396206555228,0.4016914533831023,0.24851583295235305,0.140723556657602,0.5469422629950041,0.29082183079634155,0.15529360647383716,0.10648868429946597,0.5491526569337267,0.1732957396523839,0.031380907843575966,2026-09-12T16:06:11Z
823819,665923,Esteury Ruiz,MIA,LAD,1,1,projected,Tyler Glasnow,loanDepot park,2026-09-12T20:10:00Z,4.427642617449664,838,1618,0.4659343810326957,0.6686764126789361,-1.5897164982500809,Normal,0.07652993866867279,0.5663285245665202,0.356211266592065,0.8697684142000185,0.6221163126719764,0.417343845734927,0.2631349623979829,0.1525653965352666,0.5481459326088812,0.3016739046557746,0.16061913298005967,0.10364408485248869,0.55040416600665,0.1786254738150103,0.03489651820431051,2026-09-12T16:06:11Z
823819,605141,Mookie Betts,LAD,MIA,0,1,projected,Tyler Phillips,loanDepot park,2026-09-12T20:10:00Z,4.604050423641248,2977,964,0.6664130621203029,0.5953826795134362,1.0873884988408056,Normal,0.15192545132992272,0.6969632142415122,0.33442751564432993,0.46391417050380745,0.7441453967841527,0.5529546962245602,0.3855692126749845,0.24982467090940502,0.6687618060635545,0.43557289972883384,0.2760851409700785,0.19855129251172113,0.6722862995308638,0.2944926378059467,0.08289495652685083,2026-09-12T16:06:11Z
823819,805300,Jakob Marsee,MIA,LAD,1,2,projected,Tyler Glasnow,loanDepot park,2026-09-12T20:10:00Z,4.3216952573158425,798,1618,0.5366555754353389,0.6706760339665554,2.1061136079515514,Hot,0.08834595335893299,0.5875024569188028,0.4609542447882251,0.710165049442137,0.6500941995727705,0.4449831546525635,0.2858430163066898,0.16909389484022,0.5679059477084645,0.32612071215418137,0.18431155113625214,0.12127387520492819,0.5703405608969966,0.19349246615368404,0.039348290785177535,2026-09-12T16:06:11Z
823819,669242,Tommy Edman,LAD,MIA,0,2,projected,Tyler Phillips,loanDepot park,2026-09-12T20:10:00Z,4.519689859212406,1965,964,0.5744195168478287,0.5880885301008454,-0.1241824084377726,Normal,0.09802209313793481,0.663961849425898,0.3039558810881554,0.5916348676112344,0.6988820093592625,0.4988807557989714,0.33418134571138247,0.20722306815319905,0.6385045136493287,0.3840075853098217,0.22195380011171348,0.14374788063957197,0.6416787222151118,0.26067895689851905,0.06655931416856443,2026-09-12T16:06:11Z
823819,672640,Otto Lopez,MIA,LAD,1,3,projected,Tyler Glasnow,loanDepot park,2026-09-12T20:10:00Z,4.226740840207174,1665,1618,0.4210204953002442,0.6682814801586742,1.3380822786082733,Normal,0.06844393033945553,0.6152353498465913,0.2570199283529332,0.6158569763455904,0.6413709551624169,0.4354148264780942,0.2773242155667923,0.1624245954063041,0.5936720786649304,0.3244703178040062,0.1694680703833371,0.1019451869367454,0.5963525667359327,0.21461938741163397,0.04628723836762011,2026-09-12T16:06:11Z
823819,663656,Kyle Tucker,LAD,MIA,0,3,projected,Tyler Phillips,loanDepot park,2026-09-12T20:10:00Z,4.40822235089751,2786,964,0.5644775664552232,0.5799945475879229,0.6779447392621671,Normal,0.13376740762075764,0.6356610905545873,0.457704581597071,0.4936821538261266,0.7007367561513953,0.5006814521000528,0.3355474109178002,0.2080859627296591,0.6124438770498352,0.3785252197723588,0.23321963346409424,0.16839160390200875,0.6153343339923112,0.2343480210150967,0.055153859113026386,2026-09-12T16:06:11Z
823819,682663,Agustín Ramírez,MIA,LAD,1,4,projected,Tyler Glasnow,loanDepot park,2026-09-12T20:10:00Z,4.1391498881431765,797,1618,0.39016171765063284,0.6560502833479297,-1.1395404381344583,Normal,0.08559103031211156,0.5431499228879832,0.30473348649085547,0.771401280934378,0.617912797591846,0.41148138790984634,0.25714070851959087,0.14736483904730588,0.5266494598222965,0.295727551177302,0.1588103953590961,0.10829845509494347,0.5286963073496667,0.1599278812408164,0.028010473974197217,2026-09-12T16:06:11Z
823819,518692,Freddie Freeman,LAD,MIA,0,4,projected,Tyler Phillips,loanDepot park,2026-09-12T20:10:00Z,4.331213084961381,3303,964,0.5414104420070179,0.5584599347741502,-1.2933771038447404,Normal,0.10910581035323191,0.6968845196365958,0.402686689313219,0.5212945331505653,0.7249145701393589,0.5279964179068324,0.36028685900636526,0.22767003024009033,0.6687516939717426,0.42727411989981057,0.2505060222302698,0.1634475958286702,0.6722632835895032,0.29152728461114213,0.0794088940995753,2026-09-12T16:06:11Z
823819,669065,Kyle Stowers,MIA,LAD,1,5,projected,Tyler Glasnow,loanDepot park,2026-09-12T20:10:00Z,4.01951476793249,1260,1618,0.429705033367438,0.6506363553282026,-0.36013368848620686,Normal,0.1339637358519901,0.5814680609759513,0.37202571612338065,0.8528145953497245,0.6555957290787544,0.4490047601913392,0.28804154049441383,0.1698464211460152,0.5624269362934378,0.342727496569791,0.21342910548991625,0.1596669984096928,0.5647904676689236,0.18647596433884894,0.0357472107193972,2026-09-12T16:06:11Z
823819,606192,Teoscar Hernández,LAD,MIA,0,5,projected,Tyler Phillips,loanDepot park,2026-09-12T20:10:00Z,4.1982194291699395,2844,964,0.46347237978022565,0.5492868443797655,1.6084649715270167,Normal,0.12693255023525749,0.6612431540367324,0.25659766706924575,0.7159540555866978,0.7029283766745187,0.5018977129509741,0.33567587722711945,0.20744089512039277,0.6360845686176155,0.39517792141375657,0.23663089608158216,0.16533423834370456,0.6392179100832717,0.2555320846051111,0.0626139422392976,2026-09-12T16:06:11Z
823819,681715,Heriberto Hernández,MIA,LAD,1,6,projected,Tyler Glasnow,loanDepot park,2026-09-12T20:10:00Z,3.8872840555083545,735,1618,0.3841885054404065,0.6317785382014856,-0.41834105455855797,Normal,0.11853219895474586,0.5225227000735164,0.3474021537245263,0.8213055105449368,0.6233126344914217,0.4160255344920016,0.2603085885526637,0.1492596224383284,0.5073891890629136,0.28549598452980646,0.17165228607769492,0.13292200947038818,0.5092652206586309,0.14540514311447664,0.023489647503102628,2026-09-12T16:06:11Z
823819,669257,Will Smith,LAD,MIA,0,6,projected,Tyler Phillips,loanDepot park,2026-09-12T20:10:00Z,4.07008547008547,2346,964,0.4876931912622222,0.5312686863323749,-0.03269212299495208,Normal,0.11371096192289407,0.6227844791461056,0.39006897264734386,0.537402634371622,0.6835296880324813,0.479959668879283,0.3157512532478876,0.1916009949824066,0.6006491212852378,0.3530301688136576,0.20581639875669042,0.14372340220212013,0.6034013255531039,0.22093405029180352,0.04859002081153233,2026-09-12T16:06:11Z
823819,665052,Griffin Conine,MIA,LAD,1,7,projected,Tyler Glasnow,loanDepot park,2026-09-12T20:10:00Z,3.7473781616286246,447,1618,0.4532286288621181,0.6131077883280541,0.3288922815920034,Normal,0.12743582607322768,0.5602477366920726,0.3680790246919778,0.7972495111901635,0.6511270096174031,0.44352938238640005,0.2828231781027513,0.16554015314760087,0.5427292537505395,0.31184767524323576,0.18895345168809843,0.14471997809555912,0.5449021349077122,0.16995628672123306,0.030131084538117102,2026-09-12T16:06:11Z
823819,571970,Max Muncy,LAD,MIA,0,7,projected,Tyler Phillips,loanDepot park,2026-09-12T20:10:00Z,3.9228855721393034,2333,964,0.5408226058111592,0.5189594291641799,1.614486734730698,Normal,0.1616328976732404,0.5634502599913673,0.4764846713673973,0.6372366918933843,0.6778993967750077,0.47331567557034004,0.30953441706994733,0.18653364548805676,0.5456005910925589,0.33988419603560743,0.22084657611636027,0.17880685890944778,0.5478158720581633,0.17417965949380906,0.032353875785724046,2026-09-12T16:06:11Z
823819,688363,Graham Pauley,MIA,LAD,1,8,projected,Tyler Glasnow,loanDepot park,2026-09-12T20:10:00Z,3.59082094376212,356,1618,0.35278297096897,0.6057819006517077,0.31477909199100595,Normal,0.08653025184566077,0.5155260720569539,0.27468098868237156,0.682776961997771,0.586404657280997,0.3794587444167426,0.23028659048404668,0.12746075720209654,0.500943953391578,0.27504144213246,0.14994884494487873,0.10509897781903142,0.5027509308346284,0.13936585536970775,0.021345534728556784,2026-09-12T16:06:11Z
823819,500743,Miguel Rojas,LAD,MIA,0,8,projected,Tyler Phillips,loanDepot park,2026-09-12T20:10:00Z,3.753411615360203,1807,964,0.3668239405212896,0.5196912733993683,-0.2879962620362765,Normal,0.06503686355943322,0.6055576343454527,0.2334294885776284,0.41393281579676694,0.6220427431669531,0.414988824046528,0.2597022308439042,0.14903241081878335,0.5848059065197009,0.31948144296215675,0.16010639224148585,0.09518664074053135,0.5873836451730989,0.2050486386911757,0.04207786221869894,2026-09-12T16:06:11Z
823819,691594,Javier Sanoja,MIA,LAD,1,9,projected,Tyler Glasnow,loanDepot park,2026-09-12T20:10:00Z,3.390352269120914,809,1618,0.3441447508382367,0.613180044411175,1.8797890844100196,Normal,0.06197499874593612,0.5310598530638303,0.19584568959769005,0.4515249038657016,0.5817821710156164,0.374074892832257,0.2254115545043215,0.12364266269511046,0.5156330277518671,0.2791682081484194,0.1412950991444381,0.08688781757746311,0.5175445685055411,0.14754670685248164,0.02282779090928645,2026-09-12T16:06:11Z
823819,571771,Enrique Hernández,LAD,MIA,0,9,projected,Tyler Phillips,loanDepot park,2026-09-12T20:10:00Z,3.582010582010582,1631,964,0.40981963736971033,0.5219187659760943,-1.5317235486955465,Normal,0.08436578336775272,0.5495961255555438,0.21446199863877152,0.6020562949608448,0.6116305919950894,0.40418432415673305,0.2505199248412611,0.14215257603761008,0.5327874140378149,0.28986645890905344,0.15179779330619866,0.10375995333479775,0.5348721887014353,0.16274510386371188,0.028279206036728118,2026-09-12T16:06:11Z
824224,805808,Kevin McGonigle,DET,COL,1,1,confirmed,Tanner Gordon,Comerica Park,2026-09-12T17:10:00Z,4.427642617449664,639,903,0.6682047442240571,0.6641065898012032,-0.6719912886248134,Normal,0.13954088685238417,0.7259790096568493,0.39807565543434476,0.4300431665069558,0.7374000747348065,0.543537413325378,0.3754703115102144,0.24052867637712816,0.6953139429946316,0.4486107673886785,0.27945837022914255,0.19284884865213547,0.6991502631488763,0.3237370916059204,0.09608627738124056,2026-09-12T16:06:11Z
824224,664983,Jake McCarthy,COL,DET,0,1,confirmed,Andrew Sears,Comerica Park,2026-09-12T17:10:00Z,4.604050423641248,1916,51,0.5973451906364176,0.6336402173703687,1.7201733662130034,Normal,0.09008499169847148,0.7113749330959821,0.28160859055465237,0.5358488265330761,0.7134081584332899,0.5161653146907588,0.35057789391165234,0.22080636703952083,0.6819536936580032,0.4225278409520155,0.2542989682454601,0.15913040135738094,0.685634274598119,0.3097517880413942,0.09050752445826828,2026-09-12T16:06:11Z
824224,701678,Hao-Yu Lee,DET,COL,1,2,confirmed,Tanner Gordon,Comerica Park,2026-09-12T17:10:00Z,4.3216952573158425,297,903,0.5439240755712427,0.6657300965797984,-1.4600243437422762,Normal,0.11072913263861908,0.7340371096355972,0.26254816723231744,0.6244927684861913,0.7255803232077052,0.528575740153373,0.3606284111036473,0.22777227061880012,0.7026703933425466,0.4504599675245229,0.268625730701631,0.1725480416730519,0.7065941657891609,0.3314747520771078,0.09904154850311464,2026-09-12T16:06:11Z
824224,681393,Connor Norby,COL,DET,0,2,confirmed,Andrew Sears,Comerica Park,2026-09-12T17:10:00Z,4.519689859212406,867,51,0.5571782407630952,0.631083710399866,0.5379025774340991,Normal,0.10507579505740156,0.6508270421486461,0.3928691472535374,0.7534712038902597,0.6881395916867498,0.48686437063274296,0.32332550818484157,0.198616556810026,0.626415088280457,0.38138059946957287,0.2184802977135144,0.14543321805157094,0.6294570163910929,0.24845071195031676,0.061317451496913644,2026-09-12T16:06:11Z
824224,690993,Colt Keith,DET,COL,1,3,confirmed,Tanner Gordon,Comerica Park,2026-09-12T17:10:00Z,4.226740840207174,1431,903,0.5262117705825465,0.6625006006822725,-1.5352407146885623,Normal,0.12903150954922418,0.7160808734449717,0.29036589659293044,0.5394994337979848,0.7127329918328654,0.5128088208117878,0.3454030145782364,0.21501048434568254,0.6863185940979343,0.4309050615213623,0.26416037832958333,0.17958390800545967,0.6900350395487483,0.3102088598901156,0.0871999850201089,2026-09-12T16:06:11Z
824224,696100,Hunter Goodman,COL,DET,0,3,confirmed,Andrew Sears,Comerica Park,2026-09-12T17:10:00Z,4.40822235089751,1406,51,0.5493272238052733,0.6288146867372694,-1.0675146581328678,Normal,0.209570764878109,0.6523935808151052,0.30283407090376435,0.7665841807651338,0.7156369078382379,0.5178101379766371,0.3513151028571521,0.2207759660386947,0.6278698272611773,0.4195279461549142,0.29329559069203376,0.23749986851730273,0.6309251576185311,0.24936264624937354,0.06129640323240053,2026-09-12T16:06:11Z
824224,682985,Riley Greene,DET,COL,1,4,confirmed,Tanner Gordon,Comerica Park,2026-09-12T17:10:00Z,4.1391498881431765,2604,903,0.5404393071289986,0.6493493454669989,1.65948492991517,Normal,0.1661230716481539,0.7119576093626367,0.3241433805334977,0.6468359608007305,0.7247366888454038,0.5262573170586547,0.35737164888247624,0.22425775468228526,0.6825691917451976,0.45096319160949655,0.2935965627414375,0.2141834491359342,0.6862361237805524,0.3046700691855645,0.0836109561478105,2026-09-12T16:06:11Z
824224,681198,TJ Rumfield,COL,DET,0,4,confirmed,Andrew Sears,Comerica Park,2026-09-12T17:10:00Z,4.331213084961381,578,51,0.47585364970948696,0.6131788378731899,1.3911499836120083,Normal,0.09251243914192177,0.6823466200983441,0.4376852645661608,0.47168451937208244,0.6921555254420373,0.4903419647524778,0.3256854207913109,0.19989664963455817,0.6554343760750132,0.3962750692791096,0.22482150393632933,0.14132129749732164,0.6587909159716956,0.2768207547166172,0.07259706383720671,2026-09-12T16:06:11Z
824224,680664,Eduardo Valencia,DET,COL,1,5,confirmed,Tanner Gordon,Comerica Park,2026-09-12T17:10:00Z,4.01951476793249,95,903,0.4983922179659818,0.643164116240224,-0.6011028097348536,Normal,0.14691397592256414,0.7239002982663235,0.19657017923059586,0.6299475002626814,0.7303011498693375,0.5323286882954922,0.3625881420989105,0.22811032075290047,0.6934662055907267,0.45538693721797346,0.2847448071943846,0.19875241781896166,0.6972644064393105,0.3166483059228914,0.08864430053910237,2026-09-12T16:06:11Z
824224,694249,Cole Carrigg,COL,DET,0,5,confirmed,Andrew Sears,Comerica Park,2026-09-12T17:10:00Z,4.1982194291699395,308,51,0.4587164573590649,0.6076392464487553,-1.1043625920006488,Normal,0.08804036527498557,0.646844708400488,0.31303712730498523,0.6402143698510243,0.6740100074307667,0.4698997990549752,0.30711803924966286,0.18510526206868347,0.6228345787059708,0.3782811842827827,0.21490742735737994,0.1357969429176841,0.6258230890861848,0.24233216039281663,0.05718508056032245,2026-09-12T16:06:11Z
824224,703601,Max Clark,DET,COL,1,6,confirmed,Tanner Gordon,Comerica Park,2026-09-12T17:10:00Z,3.8872840555083545,145,903,0.4657197556996411,0.6239237807779907,0.02165062749878181,Normal,0.12038262230934571,0.6741236382462725,0.28454944154484696,0.5226549897599754,0.6886834347085301,0.4841690356267442,0.3183363603269138,0.19272612748678294,0.6479953404061097,0.40241716721741166,0.24330692184368,0.1654599332207794,0.6512472583169137,0.264750311067581,0.06438114697928682,2026-09-12T16:06:11Z
824224,691720,Kyle Karros,COL,DET,0,6,confirmed,Andrew Sears,Comerica Park,2026-09-12T17:10:00Z,4.07008547008547,574,51,0.4813999508117473,0.5875475175178524,-0.638006504060064,Normal,0.0925987047440683,0.6175833213794792,0.4013914410722422,0.5815694727785465,0.6622756601692374,0.45710491667818703,0.29578465587560887,0.17627502973122103,0.5958396789923568,0.34218709295462796,0.19102658861407634,0.12551308585724377,0.5985427151645293,0.2165873837837836,0.046985213667791965,2026-09-12T16:06:11Z
824224,679529,Spencer Torkelson,DET,COL,1,7,confirmed,Tanner Gordon,Comerica Park,2026-09-12T17:10:00Z,3.7473781616286246,2671,903,0.4384625598144961,0.6056168605284263,-1.4377343025345937,Normal,0.1160712857977301,0.6334849132223367,0.2951662880076189,0.664394189052056,0.6732965123462441,0.4668349861330102,0.30275188063471603,0.18050432912772332,0.6106704070461956,0.3735479203437929,0.21578404630121206,0.14962007966962718,0.6135052007999234,0.22690894646814833,0.048990604647701844,2026-09-12T16:06:11Z
824224,687597,Jordan Beck,COL,DET,0,7,confirmed,Andrew Sears,Comerica Park,2026-09-12T17:10:00Z,3.9228855721393034,926,51,0.37040131768760104,0.5706678383679539,-0.7442654344680618,Normal,0.07886358838589698,0.5987818412585252,0.2774921687809404,0.714691285421322,0.6304652254678061,0.42398652374933327,0.2674940514387372,0.15495787164457678,0.5784613395737884,0.32596020116055036,0.17741704155345087,0.11219230021647193,0.5809855266519486,0.2006779608564597,0.04098005404925972,2026-09-12T16:06:11Z
824224,814430,Brett Callahan,DET,COL,1,8,confirmed,Tanner Gordon,Comerica Park,2026-09-12T17:10:00Z,3.59082094376212,49,903,0.4311723626235353,0.5991386862896887,-1.4284871646907593,Normal,0.11966496442318734,0.6375136883235564,0.24477511232954463,0.6424457220804795,0.6606566188739221,0.45240905425654937,0.28966211928791247,0.1701694793868998,0.6144703616091699,0.3675740125374539,0.2177658334134971,0.1521592893280689,0.617332892363224,0.22876576004646632,0.04883600355605953,2026-09-12T16:06:11Z
824224,691182,Adael Amador,COL,DET,0,8,confirmed,Andrew Sears,Comerica Park,2026-09-12T17:10:00Z,3.753411615360203,209,51,0.38062351262762445,0.5662376827275956,1.3432450461139838,Normal,0.08682331092958401,0.5739465284883932,0.29892553137411204,0.5040632316870173,0.6143210890268457,0.4074489132418878,0.253567799528707,0.14460864952760413,0.5554420569913351,0.3097954630440774,0.16700388679634423,0.11170805331466192,0.5577387956735381,0.18088267457199853,0.03411385978524515,2026-09-12T16:06:11Z
824224,807726,John Peck,DET,COL,1,9,confirmed,Tanner Gordon,Comerica Park,2026-09-12T17:10:00Z,3.390352269120914,33,903,0.43733491604563873,0.6069965437045949,-0.07202178676916339,Normal,0.0843354447094745,0.6276405268106213,0.2702374637223529,0.48782347578948093,0.6509336832922269,0.44095962462497995,0.2790764317414923,0.16169278724091535,0.6054777794026454,0.34334834909007894,0.18419874106742332,0.11647029864075589,0.608228763101541,0.21819375447126413,0.04390867089839495,2026-09-12T16:06:11Z
824224,678662,Ezequiel Tovar,COL,DET,0,9,confirmed,Andrew Sears,Comerica Park,2026-09-12T17:10:00Z,3.582010582010582,2202,51,0.41006142706425625,0.5680346621664254,0.055090300835611096,Normal,0.08228243210438957,0.5713749273346894,0.22944763535853274,0.6110685648410189,0.6190038767583743,0.4113358745397717,0.2563020802013097,0.1462958296134527,0.553108962838443,0.3153682125575848,0.17001023954618766,0.11106827467541792,0.5553754873965214,0.17804007170474404,0.03282192827504833,2026-09-12T16:06:11Z
824630,691718,Pete Crow-Armstrong,CHC,PIT,1,1,confirmed,Paul Skenes,Wrigley Field,2026-09-12T18:20:00Z,4.427642617449664,1740,1887,0.6606610013670086,0.6567424746998047,0.3961139775506874,Normal,0.19102598613842445,0.641949885236193,0.38458149135032976,0.7809641592328338,0.7194790605462947,0.5221195373063574,0.355194549373594,0.22382560153910827,0.6182568336803005,0.40923351101105815,0.2821335040804323,0.2228263280788336,0.6212070210260954,0.2396421593094972,0.05713182588118748,2026-09-12T16:06:11Z
824630,665833,Oneil Cruz,PIT,CHC,0,1,confirmed,Clay Holmes,Wrigley Field,2026-09-12T18:20:00Z,4.604050423641248,1914,1850,0.6255782128084749,0.6358009870068646,1.35611885759281,Normal,0.14250674661814564,0.6427543391796863,0.455845844148602,0.811902171199322,0.7068621544359043,0.5086076271600717,0.3435787915564668,0.2151325836724952,0.6189343512051165,0.3867013660058448,0.24364364439103886,0.17828364222890256,0.6219024063077415,0.24212268869699458,0.05925351720688199,2026-09-12T16:06:11Z
824630,608324,Alex Bregman,CHC,PIT,1,2,confirmed,Paul Skenes,Wrigley Field,2026-09-12T18:20:00Z,4.3216952573158425,3170,1887,0.5328592753621944,0.65762114668402,1.3556150727648824,Normal,0.12649819981196567,0.6361703309336673,0.3603959796780145,0.5838832929246859,0.6837399497054973,0.4808245035450385,0.3170001508589036,0.19294132101690833,0.6129706385457417,0.37446604494186553,0.2230170964486899,0.15885518587530775,0.615857582743211,0.23340605101975961,0.053954210644274025,2026-09-12T16:06:11Z
824630,664040,Brandon Lowe,PIT,CHC,0,2,confirmed,Clay Holmes,Wrigley Field,2026-09-12T18:20:00Z,4.519689859212406,2280,1850,0.5824750166886252,0.6334525004074215,0.8020240829575794,Normal,0.1551365679391985,0.6440956762181086,0.3972046200486743,0.7634237632446615,0.7069644278990312,0.5080798543822634,0.3425972348923261,0.21396679892796278,0.6202111517369567,0.38785572477091534,0.24640044865877336,0.1855747967051933,0.6231864477791899,0.2423485518027741,0.058777853585687746,2026-09-12T16:06:11Z
824630,683737,Michael Busch,CHC,PIT,1,3,confirmed,Paul Skenes,Wrigley Field,2026-09-12T18:20:00Z,4.226740840207174,1892,1887,0.4724359103979973,0.6530527219461169,-0.18280162932983815,Normal,0.11936308981679052,0.6000457507982524,0.4383144187404623,0.7522615932836698,0.6588010130550184,0.4534217090106437,0.29261106385467284,0.17387679929887107,0.5795998626597458,0.3466609725440284,0.20668438649494947,0.14818773542670402,0.5821402642449487,0.20235065172698866,0.04192378298830559,2026-09-12T16:06:11Z
824630,668804,Bryan Reynolds,PIT,CHC,0,3,confirmed,Clay Holmes,Wrigley Field,2026-09-12T18:20:00Z,4.40822235089751,3244,1850,0.4981967592019008,0.6315817726263454,1.1001315148324975,Normal,0.10457740393754215,0.642475743059226,0.44670966892380154,0.6340208303919525,0.6783978543800584,0.4758708793015578,0.3132707594320277,0.19053162950948774,0.618730742076313,0.37267372084238615,0.2166232709478298,0.14472869550422562,0.6216877507683259,0.24038191263696618,0.057585701565826604,2026-09-12T16:06:11Z
824630,664023,Ian Happ,CHC,PIT,1,4,confirmed,Paul Skenes,Wrigley Field,2026-09-12T18:20:00Z,4.1391498881431765,3240,1887,0.47403648547119537,0.6384574925837881,-0.09483194001778933,Normal,0.11312381747687116,0.5844516788071696,0.4369649375087428,0.7987241179708018,0.6537420074557908,0.4475844239608416,0.2872088759152828,0.16950116985174898,0.565161976307409,0.340274049786642,0.1969329777622947,0.14066536548357605,0.5675570673447181,0.18945626259031348,0.03710977882797216,2026-09-12T16:06:11Z
824630,804606,Konnor Griffin,PIT,CHC,0,4,confirmed,Clay Holmes,Wrigley Field,2026-09-12T18:20:00Z,4.331213084961381,276,1850,0.4443529516073533,0.6163571353927044,-0.23273536148868562,Normal,0.07584830499299995,0.6391884662868964,0.29901869610051,0.7683625399610505,0.6647709815147026,0.4605658871885091,0.29940053732359434,0.1795034783547496,0.6157452758314749,0.3535200526090669,0.19267325764439863,0.11752590240340156,0.6186633578176911,0.23641863221669204,0.05541198541189934,2026-09-12T16:06:11Z
824630,663538,Nico Hoerner,CHC,PIT,1,5,confirmed,Paul Skenes,Wrigley Field,2026-09-12T18:20:00Z,4.01951476793249,3128,1887,0.4114169399114826,0.6311827115126337,0.10992578765256357,Normal,0.06122745595311912,0.6399289252065885,0.22660502541392172,0.47641537576220355,0.6483769995192076,0.4415372940188104,0.2817155795329736,0.1651267103841638,0.6165495374011887,0.3367449537507922,0.17079301353327062,0.0974246490036592,0.6194563772175326,0.23387796090383364,0.052387857887171325,2026-09-12T16:06:11Z
824630,656811,Ryan O'Hearn,PIT,CHC,0,5,confirmed,Clay Holmes,Wrigley Field,2026-09-12T18:20:00Z,4.1982194291699395,1951,1850,0.4899151275687981,0.6111385107416684,-0.8272411866052958,Normal,0.11294550325694348,0.6430584501827599,0.35907625904353363,0.5926210627294379,0.6853811271148728,0.48228034789227786,0.3180388615270369,0.1935619473702455,0.6193457738851152,0.36370539521177236,0.21080453982160488,0.1449764780806487,0.622296819747214,0.2389453408000935,0.055829917733822024,2026-09-12T16:06:11Z
824630,624424,Michael Conforto,CHC,PIT,1,6,confirmed,Paul Skenes,Wrigley Field,2026-09-12T18:20:00Z,3.8872840555083545,1714,1887,0.43191424405078865,0.6116623766854965,1.687844010919904,Normal,0.12036345330273214,0.5551416918885916,0.39749958114073547,0.715263004631931,0.6332256391516379,0.42587146346007776,0.26840590241819084,0.15514611462259015,0.5379186425664038,0.31383237950988635,0.18504277645459571,0.1393097202637467,0.5400549597314849,0.1670595381531277,0.029539458044696976,2026-09-12T16:06:11Z
824630,687462,Spencer Horwitz,PIT,CHC,0,6,confirmed,Clay Holmes,Wrigley Field,2026-09-12T18:20:00Z,4.07008547008547,1254,1850,0.43088266737341,0.5911125275092131,-1.3267120037227167,Normal,0.09120765460903152,0.6037882321019947,0.4318628773553678,0.5032741997597888,0.6496871598980288,0.44396541837579034,0.2845477033085933,0.16780464450713364,0.5830655423587034,0.33027600200779483,0.17911465871720023,0.11886727456015421,0.5856405513870749,0.20535005058681036,0.04295178134221136,2026-09-12T16:06:11Z
824630,608348,Carson Kelly,CHC,PIT,1,7,confirmed,Paul Skenes,Wrigley Field,2026-09-12T18:20:00Z,3.7473781616286246,1631,1887,0.35836724902038114,0.5941198860450604,-0.17041914140827452,Normal,0.08014527569883075,0.5622918131937247,0.2748632720990014,0.6181653435886759,0.6112701578848531,0.4037966140505259,0.25009039608022904,0.14172351645013279,0.5446359891472703,0.2864240290237164,0.14920213599405813,0.09954761365910167,0.5468259927456246,0.17139544608148252,0.030556430341811484,2026-09-12T16:06:11Z
824630,663968,Jake Mangum,PIT,CHC,0,7,confirmed,Clay Holmes,Wrigley Field,2026-09-12T18:20:00Z,3.9228855721393034,867,1850,0.4043318947186951,0.5740066490267048,-0.2432989932941781,Normal,0.06520236465727343,0.6366251354457692,0.3025698905997077,0.5280767865053471,0.6455063174022898,0.43919524967966594,0.2801952709369947,0.16433237504492362,0.6134651647057595,0.3326809465019525,0.16900573122590912,0.09859857369888929,0.6163454829109231,0.23202559445664692,0.052369508419303906,2026-09-12T16:06:11Z
824630,699393,Pedro Ramírez,CHC,PIT,1,8,confirmed,Paul Skenes,Wrigley Field,2026-09-12T18:20:00Z,3.59082094376212,221,1887,0.3957048613654966,0.5889868071007844,-1.3458634524516253,Normal,0.08484187039396528,0.564727242186558,0.27520345627956416,0.5911778571987395,0.6216459458024574,0.4129636330753369,0.2569220864114398,0.14623158590186822,0.5469931936846401,0.3010029801299076,0.16348779776713956,0.10904987779246733,0.5491925019024293,0.17183615447559264,0.030164636099201697,2026-09-12T16:06:11Z
824630,694378,Jacob Gonzalez,PIT,CHC,0,8,confirmed,Clay Holmes,Wrigley Field,2026-09-12T18:20:00Z,3.753411615360203,214,1850,0.381979292828302,0.569189034390882,-0.07827611901823693,Normal,0.09257597040928339,0.5671454540130059,0.2797671762591827,0.5124817636628167,0.6222121975788792,0.41515535707176054,0.2598383380873363,0.14913094664780435,0.5491060473089601,0.30409144421393847,0.1668050589934761,0.11490118022992188,0.5513447157897884,0.17595059350333003,0.03258096397398145,2026-09-12T16:06:11Z
824630,621438,Tyrone Taylor,CHC,PIT,1,9,confirmed,Paul Skenes,Wrigley Field,2026-09-12T18:20:00Z,3.390352269120914,1557,1887,0.3899069371251608,0.5973898329032218,2.091760871214518,Hot,0.07821351376796948,0.538491089851533,0.2037828101362203,0.6269240775555879,0.6044701208880541,0.3951898160886474,0.24189780866818225,0.13505932194219716,0.5225950768709896,0.2973005846469683,0.15733970461494423,0.10350122698947527,0.524564958137386,0.15233218730432085,0.02406151251810201,2026-09-12T16:06:11Z
824630,680779,Henry Davis,PIT,CHC,0,9,confirmed,Clay Holmes,Wrigley Field,2026-09-12T18:20:00Z,3.582010582010582,936,1850,0.3569324680856429,0.5708011806016042,0.048778449646042596,Normal,0.0704873748333015,0.4761619100775907,0.30292315159444144,0.6880349150404973,0.5601974911422678,0.35654731648518007,0.21322929030464977,0.1161655786951532,0.46377605710747966,0.23112772188324257,0.11746891484082636,0.08252044692495004,0.46531048157803634,0.11755917959004697,0.016609245918247115,2026-09-12T16:06:11Z
824712,680776,Jarren Duran,BOS,KC,1,1,projected,Randy Dobnak,Fenway Park,2026-09-12T20:10:00Z,4.427642617449664,2589,332,0.5731198447199392,0.6604923581210972,0.26652775481823665,Normal,0.1265487110749608,0.6796279374844063,0.2939472591787282,0.6103087663336959,0.7034501598085132,0.5035835357017826,0.3380645482580933,0.20999773417927886,0.6529116652360892,0.4335831652917499,0.2758524184364083,0.18913071714728577,0.6562442557105822,0.274992289903003,0.07230618128978475,2026-09-12T16:06:11Z
824712,668942,Josh Rojas,KC,BOS,0,1,projected,Ranger Suarez,Fenway Park,2026-09-12T20:10:00Z,4.604050423641248,1650,3022,0.49089429344477303,0.6210049759302497,1.0257997991887113,Normal,0.0724616580619179,0.6384475173971342,0.27849278455094306,0.6849052259827069,0.6558588687146297,0.45269951883253584,0.2937016230634964,0.17595685880065498,0.6149605751579382,0.3531677263464845,0.18653650162924376,0.11223591759116366,0.6178865564298622,0.23827837228199017,0.057666895752605696,2026-09-12T16:06:11Z
824712,701350,Roman Anthony,BOS,KC,1,2,projected,Randy Dobnak,Fenway Park,2026-09-12T20:10:00Z,4.3216952573158425,491,332,0.5740612874685228,0.6617687994171678,-1.2273572770103085,Normal,0.11172296983932475,0.6786336713889115,0.4643926223114543,0.6270194351461578,0.7010005900748175,0.5000683869536666,0.3342830230458589,0.20653871207972707,0.652033499280267,0.40470195623634175,0.239398864053046,0.15914050168547383,0.6553497829007003,0.2727703024151727,0.07044782010036846,2026-09-12T16:06:11Z
824712,677951,Bobby Witt Jr.,KC,BOS,0,2,projected,Ranger Suarez,Fenway Park,2026-09-12T20:10:00Z,4.519689859212406,3294,3022,0.6059058922105414,0.6170347958785638,-0.7815162870359459,Normal,0.12118012204656696,0.7248339471966545,0.3171135715512049,0.559055060272905,0.7395608120765185,0.5466550981740608,0.3789153464154344,0.24378780266490355,0.6942706018270929,0.4591782095695691,0.28878674558591866,0.19261716840210397,0.6980958872170576,0.3233700997361947,0.09670296019263619,2026-09-12T16:06:11Z
824712,668939,Adley Rutschman,BOS,KC,1,3,projected,Randy Dobnak,Fenway Park,2026-09-12T20:10:00Z,4.226740840207174,2523,332,0.43248434967773974,0.6578781359120561,-1.4535688274719365,Normal,0.08674751774389279,0.6188579017392786,0.40809464565176456,0.48108518405732315,0.6526060663390307,0.44696008429907197,0.2870881109596328,0.16971533038942102,0.5970234600855919,0.347920229619984,0.18885122696412446,0.12130986142424291,0.5997379763639962,0.21762043978293336,0.04738470532798339,2026-09-12T16:06:11Z
824712,686469,Vinnie Pasquantino,KC,BOS,0,3,projected,Ranger Suarez,Fenway Park,2026-09-12T20:10:00Z,4.40822235089751,2227,3022,0.39720960190425864,0.6125494390628067,0.011313489125377068,Normal,0.1037962421638258,0.657743888717051,0.300216271974279,0.5515490560787198,0.6726078024784595,0.46960142068575633,0.3077443775658063,0.1862446420660079,0.6327948661575112,0.38318103863193853,0.21909080971869818,0.14461952394491187,0.6359039436503384,0.2543075107573329,0.06338631512142315,2026-09-12T16:06:11Z
824712,677800,Wilyer Abreu,BOS,KC,1,4,projected,Randy Dobnak,Fenway Park,2026-09-12T20:10:00Z,4.1391498881431765,1577,332,0.5109381903788612,0.6440094692383208,0.4891135830759094,Normal,0.14183257601974758,0.6608682624599639,0.3734182633644782,0.502820364177886,0.7010874241441634,0.49888473324017885,0.332206639535187,0.20412158662464816,0.6357894941816222,0.41145877261732394,0.2541615821860701,0.1827583160697163,0.6389110443158452,0.25366830963515347,0.06082597370033039,2026-09-12T16:06:11Z
824712,521692,Salvador Perez,KC,BOS,0,4,projected,Ranger Suarez,Fenway Park,2026-09-12T20:10:00Z,4.331213084961381,2924,3022,0.37337470914408866,0.5946731290780423,1.3834875735932377,Normal,0.12294233060985152,0.6670633162991684,0.24151562917388883,0.5797946027704811,0.680790325874781,0.47780659303661016,0.31450686284835255,0.191149307062307,0.6414065400930986,0.39209168349674894,0.2303470030996246,0.15920184569894716,0.6446040492976434,0.2619729534665779,0.06602322713790329,2026-09-12T16:06:11Z
824712,596115,Trevor Story,BOS,KC,1,5,projected,Randy Dobnak,Fenway Park,2026-09-12T20:10:00Z,4.01951476793249,1545,332,0.42955110810416036,0.6372660771875993,-0.3869470066477001,Normal,0.08468471811726816,0.6298689981133282,0.2669345977823771,0.6802487330585847,0.6610211455181896,0.45467912735430455,0.2928860336343323,0.17348470248605607,0.6072705383572942,0.3530085005750267,0.18770855220786625,0.11863159225652443,0.6100793620848286,0.22517563023439968,0.04911307451964265,2026-09-12T16:06:11Z
824712,686681,Michael Massey,KC,BOS,0,5,projected,Ranger Suarez,Fenway Park,2026-09-12T20:10:00Z,4.1982194291699395,1687,3022,0.3833077919588617,0.5875655590408965,1.1512606430196324,Normal,0.08228178017556038,0.6562750672749819,0.19308255668426927,0.5754424870961099,0.6611892662830338,0.4562383191985835,0.2952516097688034,0.17603551239707924,0.6315158257120687,0.3688235386259437,0.20043787207028133,0.12349702073684844,0.6345987723432579,0.25091947179147467,0.060690159926947373,2026-09-12T16:06:11Z
824712,702332,Caleb Durbin,BOS,KC,1,6,projected,Randy Dobnak,Fenway Park,2026-09-12T20:10:00Z,3.8872840555083545,1041,332,0.438110920014725,0.6178409363107247,-0.9706938033151054,Normal,0.06956474145638812,0.6004406111127397,0.38922816880564237,0.3963378599205269,0.6348592046845569,0.4275096735141206,0.26976235114329833,0.15613793794016131,0.5800648209694208,0.3180321843972931,0.16126873763447644,0.09828953940163007,0.5825947718284548,0.20056951742644114,0.04009016408661399,2026-09-12T16:06:11Z
824712,679845,Nick Loftin,KC,BOS,0,6,projected,Ranger Suarez,Fenway Park,2026-09-12T20:10:00Z,4.07008547008547,820,3022,0.41314094887671826,0.5676425285824528,-0.7097677891690961,Normal,0.07504351739335582,0.6089044914427473,0.35035243062334376,0.5281303823956712,0.6259536548030845,0.41994454642652673,0.26445013312346355,0.1529355140846456,0.5878062117246126,0.34222003059219586,0.18410652638681016,0.11368352511628954,0.5904282995473008,0.2094689124355055,0.044410876261874226,2026-09-12T16:06:11Z
824712,643396,Isiah Kiner-Falefa,BOS,KC,1,7,projected,Randy Dobnak,Fenway Park,2026-09-12T20:10:00Z,3.7473781616286246,2001,332,0.3867840879604633,0.5998872127755072,0.46251958764432016,Normal,0.052855841480431466,0.6139734906087033,0.27036309009523896,0.4104741631395517,0.6160729368848581,0.40844630692989065,0.25384188885089715,0.14440454186006538,0.5926454732316455,0.30645759115694393,0.14717292131571416,0.08172575528853024,0.595294106990582,0.21060560525491165,0.043165013861204866,2026-09-12T16:06:11Z
824712,686555,Isaac Collins,KC,BOS,0,7,projected,Ranger Suarez,Fenway Park,2026-09-12T20:10:00Z,3.9228855721393034,943,3022,0.4192980394104186,0.5522774828984179,-0.8852962297715375,Normal,0.06960672568721181,0.5894580157454645,0.4097307583803142,0.5924860112264733,0.6164584287902162,0.4101609449465406,0.2561441687228394,0.14670308214116984,0.5698065020189627,0.32128627847648067,0.16921951622080847,0.10356198107542294,0.5722469683811013,0.19343551218217273,0.03853164274892291,2026-09-12T16:06:11Z
824712,655316,Andruw Monasterio,BOS,KC,1,8,projected,Randy Dobnak,Fenway Park,2026-09-12T20:10:00Z,3.59082094376212,919,332,0.3806863419983572,0.5940762583561201,-1.0498123887352553,Normal,0.05762715986911494,0.5715318703444313,0.3074387851117191,0.48685754150049204,0.6031362126400803,0.39512966929864657,0.24261310228693975,0.13606793556961805,0.5533343855443944,0.2988607468353174,0.14503432616030748,0.08505798437908134,0.555591457001083,0.17668871534854708,0.03159648714461346,2026-09-12T16:06:11Z
824712,664728,Kyle Isbel,KC,BOS,0,8,projected,Ranger Suarez,Fenway Park,2026-09-12T20:10:00Z,3.753411615360203,1718,3022,0.3743692492871447,0.5499466541017852,-0.8979422248534974,Normal,0.05877752732023108,0.5723097725379891,0.19431771223905375,0.6055616861610099,0.6006875792719386,0.3943633656868494,0.2430502847424594,0.13710331538218978,0.553917819894754,0.29895733313529194,0.1571377345406733,0.09228161057389843,0.5562005064745742,0.17968729376128295,0.03373945922427412,2026-09-12T16:06:11Z
824712,657136,Connor Wong,BOS,KC,1,9,projected,Randy Dobnak,Fenway Park,2026-09-12T20:10:00Z,3.390352269120914,1363,332,0.3934700193775225,0.6022319724605277,-1.4542514466835947,Normal,0.058581050937696985,0.5423570248646087,0.2795506663956401,0.5499285919028237,0.5922926195109179,0.3837622985615061,0.23292420698233932,0.1288146208764584,0.5262137459867887,0.276509630731956,0.1326633028297052,0.08047503612133157,0.5282143799913577,0.154861798943786,0.024725053970041048,2026-09-12T16:06:11Z
824712,571912,Luke Maile,KC,BOS,0,9,projected,Ranger Suarez,Fenway Park,2026-09-12T20:10:00Z,3.582010582010582,651,3022,0.3609731144812057,0.5524093587011533,-1.7227610793427015,Normal,0.07260310580686499,0.5484400761943058,0.30237865281457993,0.6879641738843999,0.5876988703562335,0.3815450583001449,0.23253448553320955,0.12945868265067018,0.5317068379152842,0.2831662915654275,0.14378738493542212,0.09347343256886075,0.5337822057300177,0.16195870949870342,0.02805370637355676,2026-09-12T16:06:11Z
824870,573262,Mike Yastrzemski,ATL,PHI,1,1,projected,TBD,Truist Park,2026-09-12T23:15:00Z,4.427642617449664,2338,0,0.6343883265076081,0.586885699186321,0.4508073685933966,Normal,0.13784832022898927,0.6401678378470815,0.4267163567277021,0.625801231711583,0.7045100861493568,0.5047919438090106,0.3391697536106351,0.2108820686385143,0.616613331678496,0.3974278035832296,0.24782900911475866,0.1787376821981787,0.6195460463966357,0.23805715979411302,0.056491269245836015,2026-09-12T16:06:11Z
824870,656941,Kyle Schwarber,PHI,ATL,0,1,projected,Tyler Mahle,Truist Park,2026-09-12T23:15:00Z,4.604050423641248,3442,1552,0.6658864851065724,0.6314088135895068,-0.7487661281137975,Normal,0.26992528900412094,0.5978750797954329,0.4747110635121495,0.8404426156256937,0.7256629819130044,0.5305692616425935,0.3640935042908056,0.23188566901991628,0.5774102628313644,0.4015062409963408,0.3097562681394713,0.2787280558181896,0.5799556566883499,0.20414933861761192,0.044458150443860756,2026-09-12T16:06:11Z
824870,660670,Ronald Acuña Jr.,ATL,PHI,1,2,projected,TBD,Truist Park,2026-09-12T23:15:00Z,4.3216952573158425,2319,0,0.6087562862197424,0.586885699186321,0.7213307260300572,Normal,0.14628504361840058,0.6798381713646874,0.397860860161811,0.6250743713148107,0.7310296990880404,0.5350829002540093,0.3667703864968614,0.2328106351091806,0.6531381891324596,0.4043468034115103,0.25059217262571126,0.18135583798406293,0.6564671186649166,0.2739540959773492,0.07097654621211666,2026-09-12T16:06:11Z
824870,650333,Luis Arraez,PHI,ATL,0,2,projected,Tyler Mahle,Truist Park,2026-09-12T23:15:00Z,4.519689859212406,3175,1552,0.4871387004341689,0.6286248501375067,0.5859346042951712,Normal,0.0784167177557008,0.7281751344065184,0.23595589742506165,0.38092041545935074,0.7091254282276077,0.5105630593367937,0.34488486055389556,0.21581070846076053,0.697320271312147,0.42216583385932704,0.23492685139140732,0.138004387938412,0.7011830343891311,0.32712275376771893,0.09868529333853421,2026-09-12T16:06:11Z
824870,645277,Ozzie Albies,ATL,PHI,1,3,projected,TBD,Truist Park,2026-09-12T23:15:00Z,4.226740840207174,2658,0,0.5201346329241886,0.586885699186321,-1.416627662300283,Normal,0.13083332718088894,0.6579497040211787,0.31955332887682614,0.4754935176571067,0.7005130013410603,0.4988300783749554,0.33263816121814027,0.20484009124157235,0.6330755147338241,0.3895729769455211,0.23534494360854186,0.16658848975457313,0.6361724244723574,0.2519420216293112,0.06078525153923854,2026-09-12T16:06:11Z
824870,607208,Trea Turner,PHI,ATL,0,3,projected,Tyler Mahle,Truist Park,2026-09-12T23:15:00Z,4.40822235089751,3214,1552,0.5371801341548931,0.6259486214061378,-0.3777555486280443,Normal,0.10949191812865967,0.6958599766989505,0.26189072449219714,0.6412421589484993,0.7213942472829991,0.5245599850339199,0.35761810532629856,0.22591018046152903,0.6677801253885315,0.4134965447577054,0.2441794977813012,0.16002378935732592,0.6712864767932145,0.2916745912469561,0.08026715420356931,2026-09-12T16:06:11Z
824870,663586,Austin Riley,ATL,PHI,1,4,projected,TBD,Truist Park,2026-09-12T23:15:00Z,4.1391498881431765,2902,0,0.479748564787264,0.586885699186321,-0.4350844045040874,Normal,0.13402007874381594,0.6427889814620052,0.2998157765562466,0.7753406738784689,0.6971208960733252,0.4944142215141561,0.328175004159119,0.20094726183526343,0.619152763529719,0.38192791420694117,0.23199115436939766,0.16703618016926305,0.622092735030875,0.23725545632534126,0.05424615315004269,2026-09-12T16:06:11Z
824870,650559,Bryan De La Cruz,PHI,ATL,0,4,projected,Tyler Mahle,Truist Park,2026-09-12T23:15:00Z,4.331213084961381,1719,1552,0.4094460872316338,0.6098955864675187,1.0800080496510396,Normal,0.10918384654745056,0.662671140404966,0.24383740618101649,0.758632804878542,0.6818510605223824,0.47896565345077063,0.31553351580138694,0.1919480844689289,0.6373697679082058,0.383838681991123,0.21873896305817517,0.14620970374443323,0.6405223339357274,0.2578180959956023,0.06423772317499384,2026-09-12T16:06:11Z
824870,621566,Matt Olson,ATL,PHI,1,5,projected,TBD,Truist Park,2026-09-12T23:15:00Z,4.01951476793249,3468,0,0.5373988071256012,0.586885699186321,-0.8618609600956763,Normal,0.20514249640023416,0.6333445619313345,0.3563528288285648,0.6400059635951181,0.7063904887053188,0.5043683530277876,0.33673546052057735,0.20735288543596397,0.61047790711272,0.41079311491262943,0.2789768499768615,0.22842644988093175,0.613320382611886,0.2281553448694348,0.05022315740309664,2026-09-12T16:06:11Z
824870,547180,Bryce Harper,PHI,ATL,0,5,projected,Tyler Mahle,Truist Park,2026-09-12T23:15:00Z,4.1982194291699395,2814,1552,0.5329198743203428,0.6040417945196124,-0.2645411012296137,Normal,0.14000330061238841,0.6265102883573525,0.4859332332370329,0.6699923899545945,0.6959127263395767,0.4939776957866396,0.32850566632614714,0.20176551546586688,0.6040751414797374,0.380558905163316,0.23176193842390888,0.1710216303752866,0.6068654853842539,0.22454171604355228,0.05023769099425221,2026-09-12T16:06:11Z
824870,669221,Sean Murphy,ATL,PHI,1,6,projected,TBD,Truist Park,2026-09-12T23:15:00Z,3.8872840555083545,1735,0,0.40421898971675146,0.586885699186321,-0.3983253422172071,Normal,0.12038548217218437,0.5698116639146934,0.3488404955241063,0.7152105029204805,0.6361596496037771,0.42881703715107844,0.2708467455692019,0.1569320166918594,0.5515996827914723,0.32697625676034675,0.191829173549075,0.1421850506429831,0.5538593458903764,0.17745815820494282,0.03265888056738783,2026-09-12T16:06:11Z
824870,664761,Alec Bohm,PHI,ATL,0,6,projected,Tyler Mahle,Truist Park,2026-09-12T23:15:00Z,4.07008547008547,2922,1552,0.42707872041281614,0.5839155241935641,-1.2981493034721108,Normal,0.08797877364898989,0.6656491625390099,0.26540440863035203,0.5140593853088833,0.6765582421107129,0.47236733992509583,0.309058258272092,0.18642444326387417,0.6401460726016334,0.3769857650683392,0.20736738145184566,0.12946710016705112,0.6433222188834402,0.2591778503492441,0.06379447612696354,2026-09-12T16:06:11Z
824870,673490,Ha-Seong Kim,ATL,PHI,1,7,projected,TBD,Truist Park,2026-09-12T23:15:00Z,3.7473781616286246,1984,0,0.38875779577619196,0.586885699186321,-1.0529172322672098,Normal,0.07672443931388429,0.5711941441524988,0.3242012979043666,0.5454705940643005,0.6146347264042906,0.4070501264823838,0.25271324315468424,0.14359661429000875,0.5529331867251323,0.2918938512618497,0.15227484672504574,0.09890681760790246,0.5551986574691535,0.17775898842239643,0.032468891015278285,2026-09-12T16:06:11Z
824870,592663,J.T. Realmuto,PHI,ATL,0,7,projected,Tyler Mahle,Truist Park,2026-09-12T23:15:00Z,3.9228855721393034,2483,1552,0.43612371991087096,0.5672836560256662,-1.578689578583998,Normal,0.09436629148472019,0.6121765554776468,0.28254749374901333,0.6412648472024816,0.6559421575607219,0.4499777630608475,0.2893391981658553,0.17117014402641725,0.5908737480448044,0.3415589609752309,0.19138492219982273,0.1267976805787223,0.5935209877689583,0.21140844337246026,0.044733526970534815,2026-09-12T16:06:11Z
824870,671739,Michael Harris II,ATL,PHI,1,8,projected,TBD,Truist Park,2026-09-12T23:15:00Z,3.59082094376212,2656,0,0.45525769911252606,0.586885699186321,-1.5146281603126752,Normal,0.12937548619834044,0.6473995958005913,0.19996570009089076,0.5073300125904441,0.6823498657957586,0.47554147856918993,0.3095855361771177,0.18519472595093742,0.6235750458538797,0.3772599996663472,0.2280879290884084,0.16211661580585815,0.6265354776195471,0.23741055862684662,0.052032864793030556,2026-09-12T16:06:11Z
824870,681082,Bryson Stott,PHI,ATL,0,8,projected,Tyler Mahle,Truist Park,2026-09-12T23:15:00Z,3.753411615360203,2787,1552,0.4233074639040261,0.5632470505244236,-1.8307693717231959,Normal,0.08044407641687859,0.5679907827916455,0.32244868513429836,0.5296642103299404,0.6229647074694292,0.4158954525335215,0.26044354070063463,0.14956928888867904,0.5498939263351753,0.29621169351996923,0.1594270733063715,0.10477400181799522,0.5521397668189294,0.17655862067779002,0.03276824733314143,2026-09-12T16:06:11Z
824870,643289,Mauricio Dubón,ATL,PHI,1,9,projected,TBD,Truist Park,2026-09-12T23:15:00Z,3.390352269120914,2147,0,0.4173130270374941,0.586885699186321,0.5949128936361862,Normal,0.06431688040118437,0.5863015048473059,0.19364621257312342,0.358557249850707,0.6201715694824176,0.4102604550061121,0.25391886204921643,0.14353763041791479,0.5671926440505625,0.3006319781211001,0.14806166424973305,0.08918136704891555,0.569562509427969,0.1856268378872369,0.033425109382287925,2026-09-12T16:06:11Z
824870,669016,Brandon Marsh,PHI,ATL,0,9,projected,Tyler Mahle,Truist Park,2026-09-12T23:15:00Z,3.582010582010582,2365,1552,0.4117458201177104,0.5652120501736166,-0.6791672208148435,Normal,0.08975625688452658,0.563953479544326,0.23997716581914547,0.6861657259736611,0.6193965490451923,0.4117191488029056,0.25661334286961135,0.14651971972826308,0.5461916624373923,0.3005048389083441,0.16819660933023403,0.11418771431985794,0.5483952826883148,0.1727244702114596,0.031209329426894476,2026-09-12T16:06:11Z
824955,671732,Lawrence Butler,ATH,SEA,1,1,projected,Bryan Woo,Sutter Health Park,2026-09-13T01:40:00Z,4.427642617449664,1689,2207,0.5943495439990949,0.6696402415113444,-0.6995927744917563,Normal,0.16607250772204749,0.6433044689296769,0.3563673961832519,0.7279685276973598,0.7010953243388007,0.500907377851391,0.3356226079851061,0.20804762834455184,0.6195058351482079,0.3935844303415199,0.2542777575326597,0.1952309696439336,0.6224693375421254,0.24085203592383378,0.05762306368358787,2026-09-12T16:06:11Z
824955,621493,Taylor Ward,SEA,ATH,0,1,projected,Gage Jump,Sutter Health Park,2026-09-13T01:40:00Z,4.604050423641248,2896,425,0.6548506151930301,0.6305527918962819,-2.006498844091596,Cold,0.12197396633175096,0.6635245291663021,0.5412961802851562,0.7092917884048556,0.7202006069046388,0.5241071334654813,0.35800107105814644,0.22687137738974555,0.6380664750563484,0.39130241593229637,0.2330935236935319,0.16112614845471798,0.6412418843827893,0.2612951457213121,0.06746789994604217,2026-09-12T16:06:11Z
824955,666126,Carlos Cortes,ATH,SEA,1,2,projected,Bryan Woo,Sutter Health Park,2026-09-13T01:40:00Z,4.3216952573158425,447,2207,0.47280262884734175,0.6717089012485993,-0.22287769379622369,Normal,0.13623779698583782,0.6630645222689066,0.29603272430078087,0.5868887564426707,0.6858172207606991,0.483108330611103,0.31903062469511556,0.19452517578563402,0.6377380967897631,0.3965247660516761,0.24321787347497298,0.17353536288205287,0.6408932337212848,0.2578113160283425,0.06393226215794727,2026-09-12T16:06:11Z
824955,641487,J.P. Crawford,SEA,ATH,0,2,projected,Gage Jump,Sutter Health Park,2026-09-13T01:40:00Z,4.519689859212406,2774,425,0.5314837871846927,0.6276785073715524,-0.4079479876068017,Normal,0.08451387136038037,0.6483217969125902,0.5133655499236791,0.6575491390647793,0.6786110207604045,0.47639956088151747,0.3139962389482544,0.19130349620330853,0.6241068036402733,0.3603143168604755,0.195447991995278,0.12232921893946923,0.6271238403616023,0.24616680025056947,0.06036101037356806,2026-09-12T16:06:11Z
824955,680869,Zack Gelof,ATH,SEA,1,3,projected,Bryan Woo,Sutter Health Park,2026-09-13T01:40:00Z,4.226740840207174,1326,2207,0.4508720462290004,0.6694887019076324,-0.391344030743534,Normal,0.130015953115577,0.5982534038985204,0.2324088953127402,0.8431942419987067,0.6607967578060295,0.4555181772951522,0.2944120509818694,0.17523965421403234,0.5779372661822156,0.34742105193662126,0.2109868656386492,0.15590727661895415,0.5804614140099151,0.2009359239637626,0.04143332319997793,2026-09-12T16:06:11Z
824955,677594,Julio Rodríguez,SEA,ATH,0,3,projected,Gage Jump,Sutter Health Park,2026-09-13T01:40:00Z,4.40822235089751,3192,425,0.5545363956026569,0.6248474714109344,-1.401306516794635,Normal,0.15393429111756307,0.696964917300459,0.3202831245316005,0.7350215954161292,0.7300268611882746,0.5348235559774346,0.36730110649572845,0.23386621901729024,0.6687917625406049,0.4220202230582255,0.2652600725577194,0.19246032358222992,0.6723100007699229,0.29281638301079926,0.08081359853714194,2026-09-12T16:06:11Z
824955,643446,Jeff McNeil,ATH,SEA,1,4,projected,Bryan Woo,Sutter Health Park,2026-09-13T01:40:00Z,4.1391498881431765,2640,2207,0.4406308445392872,0.6574517873208862,0.11894490887344636,Normal,0.10646498401161994,0.6613874006745114,0.2814373045869681,0.4316472356380177,0.6734024778569216,0.46835716928604754,0.30509972702817617,0.18305302587098066,0.6362665559812434,0.3803805266468685,0.21821648560859414,0.14479623727731825,0.6393934086422101,0.2541515834647364,0.06102518413561314,2026-09-12T16:06:11Z
824955,663728,Cal Raleigh,SEA,ATH,0,4,projected,Gage Jump,Sutter Health Park,2026-09-13T01:40:00Z,4.331213084961381,2788,425,0.5350991384356799,0.6086366254712232,1.0977662275835325,Normal,0.19982678271100116,0.6064344096710492,0.48217615201721575,0.7935464303755156,0.7052727881334492,0.5051393548542032,0.33909729226030044,0.21053672924065267,0.5854618589418261,0.3797533998267308,0.2599758929108889,0.21691134831751951,0.5880693070112997,0.20873747902396228,0.04490540470530356,2026-09-12T16:06:11Z
824955,641680,Jonah Heim,ATH,SEA,1,5,projected,Bryan Woo,Sutter Health Park,2026-09-13T01:40:00Z,4.01951476793249,2230,2207,0.3578599841319484,0.6522097039549036,-1.0534052050794653,Normal,0.10703811339053555,0.5652903157480651,0.2152416361027105,0.63448901139601,0.6163410478735398,0.4094775010114147,0.25518237254016124,0.14571812775368545,0.5473641210263395,0.3066801290285581,0.17345640915707844,0.12597014293511458,0.5495884416415846,0.17463975524517342,0.03204641783580027,2026-09-12T16:06:11Z
824955,668227,Randy Arozarena,SEA,ATH,0,5,projected,Gage Jump,Sutter Health Park,2026-09-13T01:40:00Z,4.1982194291699395,3263,425,0.573193972111374,0.6026668346066669,-0.4593912641320385,Normal,0.1403938041873236,0.6532140756612832,0.47496079249046963,0.6960412643436561,0.7043882809875517,0.5035589742231187,0.3371885025785986,0.20864394475182876,0.6286992723403394,0.3951089828600028,0.242266668992682,0.17546191611754788,0.6317513907544455,0.24810814563562456,0.05953173347897931,2026-09-12T16:06:11Z
824955,691777,Max Muncy,ATH,SEA,1,6,projected,Bryan Woo,Sutter Health Park,2026-09-13T01:40:00Z,3.8872840555083545,498,2207,0.3606309779489431,0.6334556334662572,1.8091371394306401,Normal,0.11496443175345522,0.5686968451285453,0.21572027330324448,0.8302398830443868,0.6213361402404358,0.4140816804818337,0.25872108546123535,0.14811244516778485,0.5505610928430037,0.3107568052895692,0.18339653417529173,0.1349786663474888,0.5528112442748323,0.1766530580666144,0.032412400508082646,2026-09-12T16:06:11Z
824955,647304,Josh Naylor,SEA,ATH,0,6,projected,Gage Jump,Sutter Health Park,2026-09-13T01:40:00Z,4.07008547008547,2819,425,0.4274298231255449,0.5825356930039024,-0.1432933267704615,Normal,0.09584858874712673,0.668715663111039,0.2942227549953935,0.5065146159766206,0.6855318232652698,0.48215790869761754,0.3177004067484707,0.19311593569919797,0.6429622840682901,0.3808635480022866,0.2099100294272537,0.13402944347125384,0.6461700355015949,0.2620873724651755,0.06503178688064172,2026-09-12T16:06:11Z
824955,687231,Darell Hernaiz,ATH,SEA,1,7,projected,Bryan Woo,Sutter Health Park,2026-09-13T01:40:00Z,3.7473781616286246,489,2207,0.3185839373587093,0.6147225625542385,-1.2846122468999381,Normal,0.06707495267507836,0.5471429838349615,0.241662230315473,0.5872971427963559,0.5764225256575897,0.3711057083276939,0.2242911719177013,0.12363330914510588,0.5304908118062444,0.26530503723269394,0.13335942988294,0.08547174330443014,0.5325557332705199,0.16092121489059635,0.027521176158307594,2026-09-12T16:06:11Z
824955,686527,Dominic Canzone,SEA,ATH,0,7,projected,Gage Jump,Sutter Health Park,2026-09-13T01:40:00Z,3.9228855721393034,1109,425,0.431623603599221,0.5660020943600919,-0.4039311321851919,Normal,0.11627969692436294,0.6294655911585333,0.3120809226206727,0.6510645885281524,0.6710752772181324,0.4659649837213862,0.30311323446361443,0.18160979034555613,0.6068580244363031,0.36679012986363124,0.21429352250149417,0.14928787254691486,0.609668951878957,0.22584633573996615,0.050022084620933306,2026-09-12T16:06:11Z
824955,675961,Alika Williams,ATH,SEA,1,8,projected,Bryan Woo,Sutter Health Park,2026-09-13T01:40:00Z,3.59082094376212,408,2207,0.3392611420916925,0.6072193667939537,0.3186357851548106,Normal,0.06998399666506497,0.5478312896017923,0.17254780567522274,0.6880914620005304,0.5846535872097433,0.3778424155049338,0.22902820906895047,0.12658988411406197,0.5312188880875456,0.2905826629475305,0.15017377660366307,0.09517161335326056,0.5332784794087608,0.16017660706957876,0.026845211432841878,2026-09-12T16:06:11Z
824955,645302,Victor Robles,SEA,ATH,0,8,projected,Gage Jump,Sutter Health Park,2026-09-13T01:40:00Z,3.753411615360203,1089,425,0.4370085095169386,0.5621143288681292,0.9204647352208778,Normal,0.0697593938844695,0.6325349790374557,0.3105447748104971,0.5562323143294317,0.6458957705717238,0.43889736946187147,0.27951864985029756,0.16355281879552586,0.6097540497379581,0.3355651151876259,0.17549205226752593,0.10485410754117426,0.612586159233421,0.2273781472639208,0.05010924431449052,2026-09-12T16:06:11Z
824955,661531,Brian Serven,ATH,SEA,1,9,projected,Bryan Woo,Sutter Health Park,2026-09-13T01:40:00Z,3.390352269120914,368,2207,0.32994339594326144,0.6145091169701237,-0.8901576128520757,Normal,0.09207297668488909,0.4986803295472949,0.17693205448449661,0.7071591860800566,0.5662737684112177,0.36006667506716133,0.21469989963902325,0.11635795091643987,0.48520491900935864,0.25423811777112304,0.14210542916336483,0.10505898485935167,0.48687398447868285,0.1278415390198195,0.01804579775314416,2026-09-12T16:06:11Z
824955,702284,Cole Young,SEA,ATH,0,9,projected,Gage Jump,Sutter Health Park,2026-09-13T01:40:00Z,3.582010582010582,844,425,0.4256292040084672,0.5641377318039564,-0.35550848084375386,Normal,0.07870884114429236,0.5738022381209184,0.30723635315466535,0.5274897301430824,0.6221041209910497,0.4143686304809226,0.25876887533828635,0.1480725691017538,0.5553696820460238,0.29323842062236727,0.15702354909646646,0.10245637601170939,0.5576569992728984,0.1798023099940339,0.033364493749817856,2026-09-12T16:06:11Z
825035,682998,Corbin Carroll,AZ,TEX,1,1,projected,Kumar Rocker,Chase Field,2026-09-13T00:10:00Z,4.427642617449664,2698,935,0.7994509762975284,0.6454807046507918,-1.6066381854416039,Normal,0.16459761761608196,0.6862063544571634,0.45169316588937825,0.6078900575169014,0.7508298612905467,0.5601006376004195,0.39151757820241767,0.25400810631439846,0.6589443856663231,0.45308937357135953,0.31553416625468866,0.22947337725792066,0.6623462709577831,0.2815408107021799,0.07530588378041322,2026-09-12T16:06:11Z
825035,607043,Brandon Nimmo,TEX,AZ,0,1,projected,Brandon Pfaadt,Chase Field,2026-09-13T00:10:00Z,4.604050423641248,3271,2430,0.6114188958331911,0.6545450049208849,-0.9917284828218838,Normal,0.13933540785333431,0.7171861441061055,0.34673863573969643,0.6042163001180085,0.7285900547817841,0.5340603127502254,0.3674045667055868,0.23462463238791242,0.6872671569326124,0.4470844598299708,0.2821899024057064,0.19587550051160021,0.6910116075645067,0.31607656052531685,0.09376083684105413,2026-09-12T16:06:11Z
825035,663457,Lars Nootbaar,AZ,TEX,1,2,projected,Kumar Rocker,Chase Field,2026-09-13T00:10:00Z,4.3216952573158425,2118,935,0.5790559756856332,0.645002967090732,0.5291799999795505,Normal,0.12415685187440448,0.6598244551181667,0.484065329457603,0.5562613016019098,0.6985448330431572,0.49729283086878834,0.33176578530404915,0.20454190517123252,0.6347592332384235,0.39428149757034686,0.23745243992903717,0.16481885605583393,0.6378813748715266,0.2547765658127961,0.06264770352838958,2026-09-12T16:06:11Z
825035,608369,Corey Seager,TEX,AZ,0,2,projected,Brandon Pfaadt,Chase Field,2026-09-13T00:10:00Z,4.519689859212406,2551,2430,0.6436584096644815,0.6532410189007226,-0.30489353347524595,Normal,0.22756413518326282,0.7190254540295336,0.34577348568296556,0.5661371794318072,0.7579702507763956,0.5695750505682029,0.4013139903616496,0.2627656673536623,0.6889663713164746,0.4739923852785703,0.3283555032432338,0.2620520375468898,0.6927269253365633,0.3169284093613571,0.09334794878379789,2026-09-12T16:06:11Z
825035,606466,Ketel Marte,AZ,TEX,1,3,projected,Kumar Rocker,Chase Field,2026-09-13T00:10:00Z,4.226740840207174,2908,935,0.4977865316584762,0.638506166597779,0.7030357086039287,Normal,0.14127543350990807,0.6544527421478793,0.3454291146967236,0.5220192966879367,0.6995697663075433,0.49776449615948587,0.33167386465176135,0.20407760225288274,0.6298588374716864,0.39897901934251745,0.24863534042866794,0.17959106334086516,0.6329204092655167,0.2487221702294137,0.05946121265868139,2026-09-12T16:06:11Z
825035,694671,Wyatt Langford,TEX,AZ,0,3,projected,Brandon Pfaadt,Chase Field,2026-09-13T00:10:00Z,4.40822235089751,1543,2430,0.521530828546837,0.6546960145769787,-1.2772224582453,Normal,0.12085631854865861,0.6548449140729543,0.3887352103079938,0.6760140725159987,0.6959487685243473,0.4952780779518447,0.330639867381631,0.20418111750395965,0.6301267660525313,0.3887530360717869,0.23322948377661765,0.16126967381756535,0.6332066564636973,0.25161940968713625,0.06224607748708384,2026-09-12T16:06:11Z
825035,571448,Nolan Arenado,AZ,TEX,1,4,projected,Kumar Rocker,Chase Field,2026-09-13T00:10:00Z,4.1391498881431765,2844,935,0.45073756514129326,0.6218775805007566,0.9696157037515196,Normal,0.14236558229171567,0.6430196256126601,0.2996660292796766,0.5534271613836798,0.6847397154879052,0.4806709755289391,0.31591515794694996,0.19138195043317255,0.61936528534798,0.37755552404815107,0.23079317530708623,0.17026709754709696,0.6223075354717547,0.23745981974379668,0.05432587247413528,2026-09-12T16:06:11Z
825035,592626,Joc Pederson,TEX,AZ,0,4,projected,Brandon Pfaadt,Chase Field,2026-09-13T00:10:00Z,4.331213084961381,2042,2430,0.5528682536390988,0.6430501086820449,-0.2883039426911113,Normal,0.22362115499107263,0.6662974125403226,0.393376988798284,0.622414950783233,0.7200659203229544,0.5222731438947875,0.35492627249807207,0.2232981768139622,0.6407027803639186,0.4279888447731063,0.3034873174793833,0.2491805410867546,0.6438924342661537,0.26124488615030006,0.06570864761024849,2026-09-12T16:06:11Z
825035,666971,Lourdes Gurriel Jr.,AZ,TEX,1,5,projected,Kumar Rocker,Chase Field,2026-09-13T00:10:00Z,4.01951476793249,2385,935,0.3945482088565957,0.613271525673702,-1.5395398779147387,Normal,0.09577931483666927,0.6387253206731368,0.2438681441483131,0.5387003469508385,0.6614261575863489,0.4551048914775013,0.2932508450595369,0.17375951782542975,0.615440113344038,0.360844318983537,0.20037835531147777,0.13075265251867998,0.6183351267925932,0.23282423006415517,0.0519860200700413,2026-09-12T16:06:11Z
825035,553869,Elias Díaz,TEX,AZ,0,5,projected,Brandon Pfaadt,Chase Field,2026-09-13T00:10:00Z,4.1982194291699395,1752,2430,0.360368034864457,0.6412851435438829,-0.8298879819580531,Normal,0.0994627084623392,0.6442483151877322,0.2077978067114437,0.6970907375959723,0.6533199106709148,0.44800312852130075,0.28819041921749,0.17069759494011597,0.6204423670598544,0.36626505204269627,0.20517218541313892,0.13507978118462916,0.62340515854996,0.2400059578100765,0.05625264814618846,2026-09-12T16:06:11Z
825035,672515,Gabriel Moreno,AZ,TEX,1,6,projected,Kumar Rocker,Chase Field,2026-09-13T00:10:00Z,3.8872840555083545,1603,935,0.4227452377863637,0.5939301202667202,0.3886435829083889,Normal,0.0865458256230666,0.6485247454595107,0.32996515768359774,0.4986088951266226,0.660966336230576,0.45432024713142394,0.2923397610764464,0.17288598271818437,0.6244817584561642,0.3599495495111052,0.19458556561422038,0.12221720487331734,0.6274712964792764,0.24097965927542028,0.05474972338421871,2026-09-12T16:06:11Z
825035,669394,Jake Burger,TEX,AZ,0,6,projected,Brandon Pfaadt,Chase Field,2026-09-13T00:10:00Z,4.07008547008547,2240,2430,0.44176105805175014,0.6235278635042715,-0.27660111050683833,Normal,0.154143195651873,0.6364957429599483,0.25123019651128864,0.7393275806743784,0.6850941346614425,0.4816766641155792,0.3172732568623535,0.19278365607658388,0.6133100470478118,0.38167884449171885,0.23965777210904182,0.18145903074951242,0.6161942272060716,0.23268936783463817,0.05305548028969502,2026-09-12T16:06:11Z
825035,545121,Ildemaro Vargas,AZ,TEX,1,7,projected,Kumar Rocker,Chase Field,2026-09-13T00:10:00Z,3.7473781616286246,1398,935,0.3689159291688129,0.5777711137389631,-0.264929712789444,Normal,0.07218294037578124,0.6088185520900494,0.2187949710045291,0.3921645924087997,0.6182754340887182,0.4105908038386888,0.2555790970922647,0.14565034215709072,0.5878741053673169,0.3239121602060352,0.17081971758873837,0.10455941422429783,0.5904747543217771,0.20644101505988233,0.04173210476171316,2026-09-12T16:06:11Z
825035,681351,Logan O'Hoppe,TEX,AZ,0,7,projected,Brandon Pfaadt,Chase Field,2026-09-13T00:10:00Z,3.9228855721393034,1463,2430,0.36507350613855316,0.6055200512333051,-0.4380948042758962,Normal,0.10627564539631525,0.607829608216313,0.19691506925129112,0.7241618154373608,0.6390506642181958,0.43262054066325406,0.27467656428588577,0.16024145307140558,0.5868483255444862,0.32333752642270336,0.18270052637764736,0.12841437666697852,0.589455271679489,0.20788334401001712,0.043483855384693126,2026-09-12T16:06:11Z
825035,672695,Geraldo Perdomo,AZ,TEX,1,8,projected,Kumar Rocker,Chase Field,2026-09-13T00:10:00Z,3.59082094376212,2720,935,0.4298152801089806,0.5745170208989352,0.07786544262471469,Normal,0.06416433814511145,0.5650710505933016,0.3788624860505506,0.4322684845762042,0.6032493550079958,0.3952370647453183,0.24269837037250558,0.1361279560906929,0.5473137483377596,0.28540788232000536,0.14716919719739946,0.08996898072748627,0.5495159544048932,0.1720791445813952,0.030235631557333362,2026-09-12T16:06:11Z
825035,677649,Ezequiel Duran,TEX,AZ,0,8,projected,Brandon Pfaadt,Chase Field,2026-09-13T00:10:00Z,3.753411615360203,1704,2430,0.4058427709012326,0.597455237483615,-0.41497662040809247,Normal,0.08558928490640448,0.630501979081771,0.22126152487209194,0.6510842454041151,0.6388605187384784,0.4317461642255997,0.2735327932503324,0.1591298621730231,0.6078775269926229,0.3495246315153634,0.19039891427545896,0.1208315710737808,0.6106899974354163,0.22563798118518094,0.049459984923511426,2026-09-12T16:06:11Z
825035,543510,James McCann,AZ,TEX,1,9,projected,Kumar Rocker,Chase Field,2026-09-13T00:10:00Z,3.390352269120914,935,935,0.39575657411641185,0.5833100266443975,0.28697788610512415,Normal,0.09120071136227018,0.5590216724749354,0.21469944916187214,0.6200132852624198,0.6055711268052051,0.396234063406269,0.24272387553154695,0.1356378164765707,0.5417874403374057,0.2938466572146239,0.15730313354999317,0.1095356864971532,0.5439238158850942,0.16608658351175246,0.027764396018612407,2026-09-12T16:06:11Z
825035,670032,Nicky Lopez,TEX,AZ,0,9,projected,Brandon Pfaadt,Chase Field,2026-09-13T00:10:00Z,3.582010582010582,1456,2430,0.40805242036175704,0.5966049678374702,-0.5419556471303383,Normal,0.060137942004354676,0.6029884160918311,0.24618031502484852,0.41844963720612266,0.604278823730428,0.3971378480310303,0.24487025032686413,0.13813338747932316,0.5824869093531697,0.2964022235834521,0.15019866160231798,0.08852162622617103,0.5850327416989608,0.2019343004415478,0.040516281332027844,2026-09-12T16:06:11Z
