game_pk,player_id,name,team,opponent,is_home,lineup_slot,lineup_status,opposing_pitcher,venue_name,start_time_utc,expected_pa,batter_pa_seen,pitcher_pa_seen,prob_hr,prob_hit,prob_walk,prob_k,prob_hrr_over_0.5,prob_hrr_over_1.5,prob_hrr_over_2.5,prob_hrr_over_3.5,prob_tb_over_0.5,prob_tb_over_1.5,prob_tb_over_2.5,prob_tb_over_3.5,prob_hits_over_0.5,prob_hits_over_1.5,prob_hits_over_2.5,predicted_at_utc
822860,592626,Joc Pederson,TEX,WSH,1,1,confirmed,Cade Cavalli,Globe Life Field,2026-08-20T00:05:00Z,4.15501422443507,2177,935,0.1910306451827656,0.6198170342957551,0.42384407699703286,0.671727129191915,0.6924895316219906,0.49189398793741623,0.3282072618542612,0.20263343726639815,0.6490276364501792,0.40864111129297387,0.2531724694354965,0.1799793162868551,0.59962475445164,0.2214183323787285,0.05080417386848787,2026-08-19T22:34:10Z
822860,682928,CJ Abrams,WSH,TEX,0,1,confirmed,Kumar Rocker,Globe Life Field,2026-08-20T00:05:00Z,4.636718176001744,2949,972,0.1580764265100619,0.7165228894515961,0.38905686743379664,0.666963254351769,0.7454783751183331,0.5552994486305068,0.38850365074867144,0.2526746798231039,0.696174498378231,0.4612721101935023,0.2966771696101441,0.21142502755212603,0.6891368992462913,0.3159715708724793,0.09457868115544339,2026-08-19T22:34:10Z
822860,608369,Corey Seager,TEX,WSH,1,2,confirmed,Cade Cavalli,Globe Life Field,2026-08-20T00:05:00Z,4.155014224435071,2737,935,0.19309660890971866,0.6554851420597199,0.3870872097394398,0.6120090400996031,0.723079946982363,0.5263618537505724,0.35906322150437997,0.22664802890095587,0.6710646968640842,0.4311240107456999,0.27019368056925874,0.1915201819607209,0.6327754529050089,0.251338503963844,0.06142402257632517,2026-08-19T22:34:10Z
822860,694673,Abimelec Ortiz,WSH,TEX,0,2,confirmed,Kumar Rocker,Globe Life Field,2026-08-20T00:05:00Z,3.5739213823605733,100,972,0.14480789453573026,0.606333521986927,0.3117731419445543,0.6450710813409184,0.6727686288503819,0.46635018848743703,0.3031315412663613,0.18162491063603192,0.6072023827209838,0.3632116702241471,0.21685512557643535,0.15445617378537968,0.5873797807687757,0.2052635885299381,0.04311290310905708,2026-08-19T22:34:10Z
822860,694671,Wyatt Langford,TEX,WSH,1,3,confirmed,Cade Cavalli,Globe Life Field,2026-08-20T00:05:00Z,4.15501422443507,1605,935,0.12993736926172003,0.6511657058810656,0.381296813523045,0.6777877656785928,0.6940262661844417,0.4921975471128834,0.3272018282301104,0.20077715724624967,0.6281203034320504,0.385767011675338,0.23431248302523278,0.16627114194003376,0.6288187189174593,0.24641991819004233,0.05894719772461006,2026-08-19T22:34:10Z
822860,677588,José Tena,WSH,TEX,0,3,confirmed,Kumar Rocker,Globe Life Field,2026-08-20T00:05:00Z,3.5739213823605738,786,972,0.07863885570305412,0.5864869807507458,0.3263546898208296,0.6498451944132525,0.5870476550619611,0.3816371142020869,0.23335185316516502,0.13046273565502411,0.5395173606484862,0.3032878727995989,0.1740824956681648,0.12508078685483895,0.5687485083373429,0.1904194057296319,0.03770647140151159,2026-08-19T22:34:10Z
822860,607043,Brandon Nimmo,TEX,WSH,1,4,confirmed,Cade Cavalli,Globe Life Field,2026-08-20T00:05:00Z,4.15501422443507,3423,935,0.12156163456210342,0.6611876151950108,0.3725911997891852,0.6251644735646632,0.678507480242487,0.4745781457846034,0.3111456284308124,0.18796868772764955,0.6304848201753455,0.38760291246145634,0.23540453872252645,0.1669179036834599,0.6381289716023332,0.2548382574119925,0.06189986030626303,2026-08-19T22:34:10Z
822860,695734,Daylen Lile,WSH,TEX,0,4,confirmed,Kumar Rocker,Globe Life Field,2026-08-20T00:05:00Z,3.5739213823605738,962,972,0.109325423386901,0.6188065093576436,0.26322650540036313,0.5054909316661153,0.6344508273392581,0.4301733126183957,0.27405239160683176,0.16049492644682942,0.5981273884895343,0.35801423411060623,0.21394152226018523,0.15218483748017458,0.5986216244992859,0.22009268657397493,0.04911186343283867,2026-08-19T22:34:10Z
822860,677649,Ezequiel Duran,TEX,WSH,1,5,confirmed,Cade Cavalli,Globe Life Field,2026-08-20T00:05:00Z,3.5867653710268836,1857,935,0.0813966066314451,0.6034385353445021,0.2505986139572044,0.6375981282765715,0.6197832789719946,0.4122679822607017,0.25728367594610335,0.14698925802505045,0.5549967490199849,0.3157992998952701,0.18225457750740232,0.1304103677114462,0.5845956123035368,0.20244651409522585,0.040669109715623646,2026-08-19T22:34:10Z
822860,665953,Andrés Chaparro,WSH,TEX,0,5,confirmed,Kumar Rocker,Globe Life Field,2026-08-20T00:05:00Z,3.573921382360574,498,972,0.11590767367858695,0.5441986122588156,0.32746122163778313,0.6089968424953431,0.6059962861237244,0.3985954913738782,0.24622746110964902,0.1391731395465331,0.5477314855698355,0.3093486486186367,0.17786588109009277,0.1275811507810999,0.5291474564676096,0.15900501077473955,0.027476330965364018,2026-08-19T22:34:10Z
822860,694497,Evan Carter,TEX,WSH,1,6,confirmed,Cade Cavalli,Globe Life Field,2026-08-20T00:05:00Z,3.470676503078557,1057,935,0.08931689140760211,0.5357315838237199,0.37887727568264523,0.6018085239992793,0.5881721981749184,0.38130147193315844,0.23206002527478936,0.12878658537848056,0.5191188208015403,0.28507396062043366,0.16092488888266002,0.11599478728348728,0.5212040572874186,0.15249394625712126,0.024926886613641192,2026-08-19T22:34:10Z
822860,660688,Keibert Ruiz,WSH,TEX,0,6,confirmed,Kumar Rocker,Globe Life Field,2026-08-20T00:05:00Z,3.5739213823605733,2244,972,0.0888226872243062,0.6199991387791985,0.25086209997440756,0.35402507894784013,0.6236589840869079,0.41746769310405035,0.26233222113701665,0.1511285309276292,0.5664658785644652,0.3271215455095693,0.19071184830108412,0.13617349552955393,0.5998940407212043,0.21806119909428653,0.04700261403880696,2026-08-19T22:34:10Z
822860,672284,Jarred Kelenic,TEX,WSH,1,7,confirmed,Cade Cavalli,Globe Life Field,2026-08-20T00:05:00Z,3.427841892379078,1453,935,0.10332627255580008,0.5402941343418072,0.27540188755243444,0.7215529068418357,0.5887579877204095,0.38142164990114746,0.23188569874672332,0.12848589563913584,0.5320696089989849,0.29522357327184057,0.16757676623787748,0.12044057651289712,0.5255377102086574,0.15487960312230753,0.02531660426156133,2026-08-19T22:34:10Z
822860,696285,Jacob Young,WSH,TEX,0,7,confirmed,Kumar Rocker,Globe Life Field,2026-08-20T00:05:00Z,3.5739213823605733,1515,972,0.05721052820957115,0.5614561832546785,0.27666156248374035,0.5274567939635253,0.577270664687772,0.3719748012074289,0.22525856654460416,0.12438721742571285,0.49356808404791724,0.26553582802081244,0.1482547611316191,0.10750562445958137,0.545326737711904,0.17099888682374134,0.03067525677024428,2026-08-19T22:34:10Z
822860,553869,Elias Díaz,TEX,WSH,1,8,confirmed,Cade Cavalli,Globe Life Field,2026-08-20T00:05:00Z,3.3251231008685616,1854,935,0.07530854781709306,0.5536239625647702,0.20545519019968062,0.6099033778450381,0.5780104789071442,0.37064641817374694,0.22298645387752908,0.12199900289505221,0.5061952837222281,0.27357514209246,0.15278650301186528,0.11048866782510118,0.5381596514601981,0.1624482069991199,0.02683354800288425,2026-08-19T22:34:10Z
822860,678391,Jorbit Vivas,WSH,TEX,0,8,confirmed,Kumar Rocker,Globe Life Field,2026-08-20T00:05:00Z,3.0055578413266506,453,972,0.06848919101319004,0.5292297818647739,0.3465982857788507,0.4078518459555839,0.5520260478741692,0.34356232279591525,0.20008666933277022,0.10501926499649931,0.4820404602380173,0.25141062858899843,0.13692614332268238,0.09980090793300823,0.5155963852683598,0.14033061939533867,0.018480923815540035,2026-08-19T22:34:10Z
822860,670032,Nicky Lopez,TEX,WSH,1,9,confirmed,Cade Cavalli,Globe Life Field,2026-08-20T00:05:00Z,3.124909878217511,1606,935,0.04718924073495043,0.53114736029964,0.2569019478188404,0.4087967928896506,0.5429472667212467,0.3376983316089283,0.19702844316977702,0.10385091937272611,0.4577522499578619,0.2354834692963169,0.12766926264593167,0.09363507297961904,0.5172085139702978,0.14460107747085968,0.020899190979079486,2026-08-19T22:34:10Z
822860,683083,Nasim Nuñez,WSH,TEX,0,9,confirmed,Kumar Rocker,Globe Life Field,2026-08-20T00:05:00Z,3.005557841326651,717,972,0.047273251993401336,0.48470320456519933,0.2893804264097436,0.5071914513391664,0.516548652565351,0.31429797628972056,0.1793801081684951,0.09199618897892793,0.41752940495750723,0.2066364983118012,0.10959680163996012,0.08148217014958246,0.47340431549681555,0.11552315836579262,0.013772419462033543,2026-08-19T22:34:10Z
822937,802415,Chandler Simpson,TB,TOR,1,1,confirmed,Max Scherzer,Tropicana Field,2026-08-19T22:40:00Z,4.328737211858635,982,2235,0.07272908783043103,0.7200522510958626,0.25026569294632856,0.3829633488314734,0.7013029937694853,0.5018277485369261,0.33709567585712363,0.20955098857925492,0.6198432460709014,0.3790747177166413,0.23012980019982468,0.16370356918245388,0.692399628800354,0.31790694943526365,0.09402086742906736,2026-08-19T22:34:10Z
822937,703520,Brett Bateman,TOR,TB,0,1,confirmed,Drew Rasmussen,Tropicana Field,2026-08-19T22:40:00Z,4.097810741010368,84,2156,0.08705890754892749,0.6362432964998902,0.33674591894538564,0.6090804205693877,0.6449833930674437,0.44168303685603,0.2847530280837538,0.16944412091953656,0.5773136802337427,0.3397139300363123,0.2014684673307237,0.14410693186948278,0.6148839607356988,0.2367192631211276,0.05778250618608855,2026-08-19T22:34:10Z
822937,691406,Junior Caminero,TB,TOR,1,2,confirmed,Max Scherzer,Tropicana Field,2026-08-19T22:40:00Z,4.328737211858634,1528,2235,0.2077667259411024,0.6580930852221284,0.27573234332887514,0.6681671631383229,0.7314681836382088,0.5364391924689994,0.36882887423225047,0.23496708233574115,0.6810394840995336,0.4422361388283882,0.27951915566851876,0.19838753685472144,0.635209472249893,0.25411074904091974,0.06315461380014037,2026-08-19T22:34:10Z
822937,664770,Nathan Lukes,TOR,TB,0,2,confirmed,Drew Rasmussen,Tropicana Field,2026-08-19T22:40:00Z,4.097810741010368,1174,2156,0.080476022702398,0.6338053049947217,0.283903348676095,0.5100786837248571,0.6504198084587233,0.44669640870782135,0.2885086174410801,0.17186099268604454,0.5732921373967057,0.3354177903029155,0.1979327386186205,0.14152168052203531,0.6126353483778875,0.23349634450967946,0.0555726071928243,2026-08-19T22:34:10Z
822937,666018,Jonathan Aranda,TB,TOR,1,3,confirmed,Max Scherzer,Tropicana Field,2026-08-19T22:40:00Z,4.093227605218889,1465,2235,0.12458245396037036,0.6566953204587919,0.37029183076174393,0.6425747908499281,0.6882447546535005,0.4857691446750366,0.32151546382829826,0.19640009857183993,0.6203419246742077,0.3781324055457624,0.22860908375133931,0.16237647700065777,0.633952899377666,0.25157286442161164,0.061275207497734754,2026-08-19T22:34:10Z
822937,672386,Alejandro Kirk,TOR,TB,0,3,confirmed,Drew Rasmussen,Tropicana Field,2026-08-19T22:40:00Z,4.097810741010368,2323,2156,0.08375329345330863,0.6215365102683486,0.29466103626705986,0.46772370036443384,0.6345593837064379,0.4299307124118047,0.2738174239935881,0.16043161792839364,0.5533512124910921,0.31718576878666555,0.1845311621848797,0.132211511668172,0.6012333146598878,0.22200480539806747,0.050199467833769336,2026-08-19T22:34:10Z
822937,650490,Yandy Díaz,TB,TOR,1,4,confirmed,Max Scherzer,Tropicana Field,2026-08-19T22:40:00Z,4.093227605218888,3182,2235,0.1041926978733682,0.6809981404592638,0.2809198494203014,0.5637351753531743,0.6992516338319624,0.4975412807933951,0.33157406575224063,0.20386550013372903,0.6194096538371687,0.3766025200523378,0.22701803948586782,0.1610890612739275,0.656439828753811,0.27371591107489496,0.06989339622570291,2026-08-19T22:34:10Z
822937,672960,Kazuma Okamoto,TOR,TB,0,4,confirmed,Drew Rasmussen,Tropicana Field,2026-08-19T22:40:00Z,4.097810741010369,521,2156,0.12070000297426912,0.588816778177577,0.26807420493079137,0.7832254764154991,0.6668476735292505,0.46298368836089826,0.30165271678253786,0.18112318995156002,0.573277578651688,0.33431895856022753,0.19644340025399024,0.1402545762945713,0.5707371306563775,0.1948240818355858,0.03981977180896921,2026-08-19T22:34:10Z
822937,689414,Liam Hicks,TB,TOR,1,5,confirmed,Max Scherzer,Tropicana Field,2026-08-19T22:40:00Z,3.814344743460935,922,2235,0.10770617697370155,0.6016232937251957,0.4252672694562108,0.38637060980996224,0.6402353345946104,0.43347805755377555,0.27529071656858306,0.16046533504795682,0.5613535127419109,0.32209287358266414,0.18699524636119905,0.1336720145822073,0.5828329568555269,0.2022726553122835,0.041180272515731614,2026-08-19T22:34:10Z
822937,665926,Andrés Giménez,TOR,TB,0,5,confirmed,Drew Rasmussen,Tropicana Field,2026-08-19T22:40:00Z,4.097810741010369,2929,2156,0.08167121302353945,0.6238523945504791,0.2538788681604966,0.5961713897278818,0.6418210526383455,0.4364049545266127,0.278661479524088,0.16362388983166753,0.5634280119498742,0.32517152814003175,0.18979464375015226,0.13572313776703737,0.6034552440899563,0.2225122313262434,0.04963803054120373,2026-08-19T22:34:10Z
822937,656775,Cedric Mullins,TB,TOR,1,6,confirmed,Max Scherzer,Tropicana Field,2026-08-19T22:40:00Z,3.814344743460936,2739,2235,0.13170327950336377,0.563238248183442,0.3337963343810032,0.5788638513492657,0.6242810500659622,0.4174023376627853,0.261839805241057,0.15048282186679263,0.5695130085829715,0.3291496654075886,0.19184165369875142,0.13688828313383417,0.5469200945260257,0.17325538723129733,0.03153697976047259,2026-08-19T22:34:10Z
822937,660821,Jesús Sánchez,TOR,TB,0,6,confirmed,Drew Rasmussen,Tropicana Field,2026-08-19T22:40:00Z,3.759177353938647,2259,2156,0.09507343197570925,0.5881367291123787,0.25748136109890324,0.6599073910767352,0.6208539072033875,0.4142508694923486,0.2595330111286677,0.14906251653830116,0.5592671366812383,0.3204241750376124,0.18594352362761904,0.1330113155199093,0.5702334711730964,0.19205515334141657,0.03798640993444683,2026-08-19T22:34:10Z
822937,668723,Ryan Vilade,TB,TOR,1,7,confirmed,Max Scherzer,Tropicana Field,2026-08-19T22:40:00Z,3.1042461581562595,443,2235,0.09502094779825074,0.5068767526076927,0.20908874315820092,0.6500902239519115,0.559400789711194,0.351335827047331,0.2067079382255739,0.10995750012458771,0.4922378692098237,0.26031853339170485,0.14314280161974285,0.10398098008316306,0.4943435547745479,0.12905999186169453,0.016993766582711088,2026-08-19T22:34:10Z
822937,669701,Josh Smith,TOR,TB,0,7,confirmed,Drew Rasmussen,Tropicana Field,2026-08-19T22:40:00Z,3.743493266054609,2058,2156,0.0761331537983917,0.565581092943623,0.3244565378713079,0.5823724443387666,0.5954903080393069,0.3895731422070998,0.2394713333517911,0.13457965254689208,0.5171935248564492,0.28483384437623693,0.1613299435620466,0.11633776533327594,0.5491324118604034,0.17497829149648617,0.03231002748488366,2026-08-19T22:34:10Z
822937,680700,Richie Palacios,TB,TOR,1,8,confirmed,Max Scherzer,Tropicana Field,2026-08-19T22:40:00Z,3.10424615815626,1065,2235,0.08062073385410691,0.5058758634827164,0.3534515637573758,0.4399948721115818,0.5651862731633546,0.356872628273448,0.21112930129141405,0.11308293656827524,0.4777162501184635,0.24986894805245258,0.13666534619106627,0.0996645181239209,0.4933536235461174,0.12911168424673988,0.01727439356013231,2026-08-19T22:34:10Z
822937,678218,Brandon Valenzuela,TOR,TB,0,8,confirmed,Drew Rasmussen,Tropicana Field,2026-08-19T22:40:00Z,3.3320480952640374,257,2156,0.09174168409561113,0.5392678157462295,0.25505851926536766,0.6461564956577486,0.5935680605209152,0.38494523319537943,0.2340893155863054,0.12968406945973193,0.5118293176131841,0.2780279567828881,0.15576377831163482,0.11251509065892092,0.5246633269236362,0.15292659388944432,0.024385129111586974,2026-08-19T22:34:10Z
822937,670764,Taylor Walls,TB,TOR,1,9,confirmed,Max Scherzer,Tropicana Field,2026-08-19T22:40:00Z,3.1042461581562595,1869,2235,0.06796200763829953,0.47461152188824823,0.3020818338279466,0.5426488693711212,0.5414514227139351,0.3367974638551555,0.1966140826333857,0.1037440121153723,0.4498971822959974,0.23021816803234266,0.12452408495061641,0.09152189647311451,0.4636506143668677,0.1124653007950858,0.014059603598166341,2026-08-19T22:34:10Z
822937,807727,Charles McAdoo,TOR,TB,0,9,confirmed,Drew Rasmussen,Tropicana Field,2026-08-19T22:40:00Z,2.8231109401340158,99,2156,0.07187920546108743,0.4656829016592203,0.19122941824432788,0.5214632316614608,0.5365654936778766,0.3281176314909642,0.18742505793937062,0.09587567977930522,0.4439792121775125,0.2222432382285792,0.11807022374053039,0.08720165146054151,0.45559043338930855,0.10178233716368704,0.009718364678071715,2026-08-19T22:34:10Z
823342,687462,Spencer Horwitz,PIT,DET,1,1,confirmed,Jackson Jobe,PNC Park,2026-08-19T16:35:00Z,4.227096317736804,1301,352,0.11333574907958303,0.6314278823998231,0.4767906972256675,0.47217861828738844,0.6785472384673726,0.4764752240980488,0.3142833532250963,0.19153021976346726,0.5958375296902806,0.3559924389770248,0.2128292045398023,0.15171604621669654,0.6104225874901712,0.23114570059985984,0.0543154357649319,2026-08-19T22:34:10Z
823342,690993,Colt Keith,DET,PIT,0,1,confirmed,Paul Skenes,PNC Park,2026-08-19T16:35:00Z,4.393783183397756,1615,1925,0.0906915854969711,0.640720299539989,0.3314661411737275,0.6949773968817609,0.6674250993398776,0.46575291681413317,0.30582611451770697,0.18571226536792665,0.5859335206283307,0.3480534806530695,0.2076927408880797,0.1483900460763669,0.6189928706805727,0.24142800303961362,0.05987549113073535,2026-08-19T22:34:10Z
823342,664040,Brandon Lowe,PIT,DET,1,2,confirmed,Jackson Jobe,PNC Park,2026-08-19T16:35:00Z,4.2270963177368035,2414,352,0.18429765802037315,0.6296130977792065,0.3650301894871857,0.7252859405206651,0.7023148282747824,0.5022187038108266,0.33683777907595547,0.20886286087445333,0.6493167339413112,0.4080539345473982,0.2520135730924275,0.17881927126134514,0.6087734375784298,0.22843300194836133,0.05249968005739458,2026-08-19T22:34:10Z
823342,650402,Gleyber Torres,DET,PIT,0,2,confirmed,Paul Skenes,PNC Park,2026-08-19T16:35:00Z,4.393783183397755,3193,1925,0.0925459351529746,0.6310418844157556,0.35715090508966846,0.7301650355788307,0.6719714431697162,0.469604215910894,0.30834065855297443,0.18697393895844858,0.572471998748684,0.33469565338491297,0.19732756689906022,0.1410426987005268,0.6100406375447714,0.23114169958434722,0.0543808194244097,2026-08-19T22:34:10Z
823342,668804,Bryan Reynolds,PIT,DET,1,3,confirmed,Jackson Jobe,PNC Park,2026-08-19T16:35:00Z,4.227096317736804,3394,352,0.10355334336395286,0.6396010343660579,0.42788040414598527,0.6673115909331104,0.679346114429707,0.4760616711545108,0.31291788992572145,0.18970571418832785,0.6009202231244924,0.3594875898853637,0.21468501013165658,0.1527634542632285,0.6180888587485268,0.2362373327822259,0.05502518181120446,2026-08-19T22:34:10Z
823342,805808,Kevin McGonigle,DET,PIT,0,3,confirmed,Paul Skenes,PNC Park,2026-08-19T16:35:00Z,4.393783183397755,623,1925,0.09687131769665662,0.6431918461091262,0.47101722155293396,0.5934323618648126,0.682990521395978,0.4811369306355155,0.31826568329994637,0.19452267127616416,0.5922956352295378,0.3524761472228336,0.2101234172960133,0.1498165304851141,0.6213655832418506,0.2411811872382103,0.05816278981818426,2026-08-19T22:34:10Z
823342,699013,Esmerlyn Valdez,PIT,DET,1,4,confirmed,Jackson Jobe,PNC Park,2026-08-19T16:35:00Z,3.9313505227602223,258,352,0.14258007547632384,0.6028491446616987,0.5050488802590175,0.7742886625768073,0.6999135108066711,0.4980184279536266,0.3319084457161625,0.20410694988931574,0.6076495919103183,0.36504755810674144,0.21836825075917238,0.1551689544661698,0.5839348579681324,0.20420855998906207,0.04241172186964663,2026-08-19T22:34:10Z
823342,693307,Dillon Dingler,DET,PIT,0,4,confirmed,Paul Skenes,PNC Park,2026-08-19T16:35:00Z,4.118548536984724,1206,1925,0.10368795178810655,0.6127833126626386,0.2532679098133166,0.7626007014773319,0.6647647890478291,0.4607463639556969,0.29981637092747127,0.17985261482391687,0.5818401222906622,0.34214565077571296,0.20221607692670976,0.14427923196310952,0.5931197724647964,0.21402087823621946,0.046929496590974354,2026-08-19T22:34:10Z
823342,665833,Oneil Cruz,PIT,DET,1,5,confirmed,Jackson Jobe,PNC Park,2026-08-19T16:35:00Z,3.9313505227602223,2032,352,0.15599788290841624,0.5918217499804879,0.39229499049659433,0.7491762661021901,0.6723621785145156,0.4674540448637476,0.30447311824683065,0.182472915871056,0.6094231211826747,0.36645102440212335,0.219113440004779,0.15552084286983983,0.5736411963378338,0.19509205988791822,0.03878624721326364,2026-08-19T22:34:10Z
823342,814430,Brett Callahan,DET,PIT,0,5,confirmed,Paul Skenes,PNC Park,2026-08-19T16:35:00Z,3.4760928384234595,19,1925,0.10198581642059427,0.5515030646701944,0.2809141479155945,0.642483571466202,0.7626877335326392,0.5689584079898611,0.39533390083392117,0.25365074780453156,0.5367710966043234,0.29903989335263287,0.17044986354892822,0.12263016440129391,0.5361463501812869,0.16234128759823824,0.028101769226474227,2026-08-19T22:34:10Z
823342,693304,Nick Gonzales,PIT,DET,1,6,confirmed,Jackson Jobe,PNC Park,2026-08-19T16:35:00Z,3.866289699611001,1572,352,0.06307633135682399,0.6544408772093678,0.2909424562473264,0.49077683386873716,0.6717018762776736,0.46623923070966095,0.3031099465871848,0.18123559931091046,0.5734100744166872,0.33265610901246856,0.19437362297158717,0.13862929341863092,0.6319311715660865,0.2469649937683259,0.05756220413062807,2026-08-19T22:34:10Z
823342,656716,Zach McKinstry,DET,PIT,0,6,confirmed,Paul Skenes,PNC Park,2026-08-19T16:35:00Z,3.4760928384234595,2132,1925,0.05945893062432899,0.5130067404426814,0.2987277856038357,0.5658152674992107,0.5640630088164855,0.3598432397594418,0.2158289231947431,0.11785891780974464,0.47742309266216293,0.2530586824668641,0.1400716606660042,0.10199390868803,0.49972369873533407,0.13886778370869277,0.021705539190211058,2026-08-19T22:34:10Z
823342,694378,Jacob Gonzalez,PIT,DET,1,7,confirmed,Jackson Jobe,PNC Park,2026-08-19T16:35:00Z,3.1672109954041807,209,352,0.09508709236471966,0.5252776995487317,0.2710168652686229,0.401020393411536,0.5812049398164656,0.37097368323138946,0.2216022486565779,0.11998440711829013,0.510295245872408,0.2744038321960069,0.15231614571237687,0.11010061357561936,0.5117115955845585,0.14036243981596583,0.019639950197575893,2026-08-19T22:34:10Z
823342,679529,Spencer Torkelson,DET,PIT,0,7,confirmed,Paul Skenes,PNC Park,2026-08-19T16:35:00Z,3.4760928384234586,2934,1925,0.08401694298195689,0.502242768515457,0.26398857192719344,0.7753397246252337,0.5730357412418947,0.3692210519418379,0.223689531041871,0.12360823160441982,0.48760755135223627,0.2618192086278825,0.14607522819225496,0.10599051851799132,0.48942332213094264,0.13389227398985773,0.020746614184036984,2026-08-19T22:34:10Z
823342,669707,Jared Triolo,PIT,DET,1,8,confirmed,Jackson Jobe,PNC Park,2026-08-19T16:35:00Z,3.1672109954041803,1494,352,0.05358971373456035,0.5132005678788918,0.3163575971709113,0.486807359474515,0.5594947228538193,0.35343093109534307,0.2095438791181821,0.11267769756292766,0.4555233483180792,0.23501686170673206,0.1278198519510389,0.09373043457429944,0.5001292365706282,0.13566498122718237,0.019651520297791464,2026-08-19T22:34:10Z
823342,703601,Max Clark,DET,PIT,0,8,confirmed,Paul Skenes,PNC Park,2026-08-19T16:35:00Z,3.130367794446215,104,1925,0.063098811252676,0.5066797096367502,0.24980058007232897,0.6240466196715396,0.5427509125768571,0.3374990129299555,0.19687541512998602,0.10375694377322471,0.4672019179243266,0.24228165629369144,0.13193407526957843,0.09650717436660694,0.49410335714799175,0.12977567624291728,0.01752234339355764,2026-08-19T22:34:10Z
823342,680779,Henry Davis,PIT,DET,1,9,confirmed,Jackson Jobe,PNC Park,2026-08-19T16:35:00Z,3.167210995404181,1057,352,0.07750914271840195,0.4576001704814891,0.31020425889228165,0.5512546758402496,0.5297000819749438,0.32707449928284915,0.18966120000316136,0.09930333189978467,0.43918680387450576,0.22288854955107706,0.12005073430422177,0.0885030399535501,0.44744263820658886,0.10392259968040506,0.012450961151964045,2026-08-19T22:34:10Z
823342,701678,Hao-Yu Lee,DET,PIT,0,9,confirmed,Paul Skenes,PNC Park,2026-08-19T16:35:00Z,2.8860625680239753,281,1925,0.05538940158087606,0.48801939954362367,0.16753753486892117,0.6383712534489983,0.5277975842535705,0.3217080248558882,0.1834472745972404,0.09376295873895814,0.44509014159352733,0.22376077788533202,0.11930251607549262,0.08802671207890167,0.4767419514343938,0.11452864805194368,0.012375145231766879,2026-08-19T22:34:10Z
823424,656941,Kyle Schwarber,PHI,MIA,1,1,confirmed,Sandy Alcantara,Citizens Bank Park,2026-08-19T22:05:00Z,4.529269207023183,3710,3268,0.2707158898846103,0.61304235068576,0.5380862697415355,0.8005136780060292,0.7295818666409026,0.5349979694255949,0.3681821058054599,0.235027426675925,0.7012952815020803,0.4661317784983281,0.30007258858985636,0.2135710654624056,0.5932943440943265,0.21589313512728037,0.048611889937933674,2026-08-19T22:34:10Z
823424,805300,Jakob Marsee,MIA,PHI,0,1,confirmed,Aaron Nola,Citizens Bank Park,2026-08-19T22:05:00Z,4.571040890839696,782,3907,0.11298912168004902,0.6420943107423304,0.45504359647896364,0.6500188423863033,0.6715892804724053,0.4699688159785261,0.3092965399306009,0.18821250201894715,0.6137528507896691,0.3741803932951994,0.22702482944620458,0.16174968461709865,0.62027706990721,0.2421894765770361,0.059804939334928656,2026-08-19T22:34:10Z
823424,607208,Trea Turner,PHI,MIA,1,2,confirmed,Sandy Alcantara,Citizens Bank Park,2026-08-19T22:05:00Z,4.415014033459463,3450,3268,0.11571513665415507,0.6988049159167925,0.2719412871740285,0.6224826683317781,0.7263576468105166,0.5304557269151333,0.3633039146283583,0.23054190019668136,0.6479987686964981,0.4069874909666343,0.2514183068221231,0.17852201273682228,0.672844820127852,0.29433052929510195,0.08164782357962885,2026-08-19T22:34:10Z
823424,672640,Otto Lopez,MIA,PHI,0,2,confirmed,Aaron Nola,Citizens Bank Park,2026-08-19T22:05:00Z,4.457386325940465,1724,3907,0.08852787959199265,0.7111436565934528,0.21950712354048044,0.5710401946746342,0.7082384132457897,0.5102048167751083,0.3451603390005574,0.21633649794763107,0.6349113951109053,0.39457720449850975,0.2423224744612033,0.17234187297251202,0.6841908707688291,0.30903360561966253,0.09014407232408299,2026-08-19T22:34:10Z
823424,547180,Bryce Harper,PHI,MIA,1,3,confirmed,Sandy Alcantara,Citizens Bank Park,2026-08-19T22:05:00Z,4.289752012570435,3022,3268,0.17414919711395688,0.6553458435571874,0.5058777866019095,0.5815181692858381,0.7252494912723617,0.528426167344304,0.3607796481324461,0.2279727330780423,0.6661343039902071,0.4253448171897822,0.2654501022868901,0.1882039073223374,0.6326922583362594,0.25068454200639406,0.0611447163801025,2026-08-19T22:34:10Z
823424,669364,Xavier Edwards,MIA,PHI,0,3,confirmed,Aaron Nola,Citizens Bank Park,2026-08-19T22:05:00Z,4.456439177557454,1679,3907,0.07967043523555321,0.7018636224097887,0.35114273084454034,0.539066682083257,0.685375106240498,0.48394197437019165,0.32093425736542,0.1967538902135816,0.6176174081193752,0.376866093458933,0.22847428799772673,0.1625757462915083,0.6756535301852086,0.29831676759360853,0.08419076913911891,2026-08-19T22:34:10Z
823424,650333,Luis Arraez,PHI,MIA,1,4,confirmed,Sandy Alcantara,Citizens Bank Park,2026-08-19T22:05:00Z,4.201530638532022,3327,3268,0.07612657858524234,0.7342987752346943,0.25175414395050505,0.2962465903567331,0.7126031693117291,0.5129935449909139,0.34590655469091125,0.21550294695917988,0.6388357234869533,0.39619432815857225,0.2421443922144311,0.17167692435828805,0.7055192815790443,0.3305279896293325,0.09793857768136667,2026-08-19T22:34:10Z
823424,665052,Griffin Conine,MIA,PHI,0,4,confirmed,Aaron Nola,Citizens Bank Park,2026-08-19T22:05:00Z,3.716638978276347,498,3907,0.1855134807617899,0.6060775214584654,0.32283510098474194,0.7322881496991422,0.6782701251421269,0.4736828004776317,0.31014654289665244,0.18717467221138143,0.6365253043101018,0.39309195882166753,0.23954080504885222,0.16990689581169555,0.5869890220050561,0.20652292914477122,0.04343610760041012,2026-08-19T22:34:10Z
823424,664761,Alec Bohm,PHI,MIA,1,5,confirmed,Sandy Alcantara,Citizens Bank Park,2026-08-19T22:05:00Z,4.061068065811897,3250,3268,0.0906443676083071,0.6631012911490468,0.2495245160898514,0.4892671277276644,0.6795201866961991,0.4752643994340094,0.31144565277880054,0.18797375606648267,0.6009798853247768,0.35854272307741153,0.21341682427953668,0.15170455450637818,0.6399224540689382,0.25593663276738604,0.06191788700986119,2026-08-19T22:34:10Z
823424,681715,Heriberto Hernández,MIA,PHI,0,5,confirmed,Aaron Nola,Citizens Bank Park,2026-08-19T22:05:00Z,3.7166389782763467,719,3907,0.14421998151844584,0.5898919700743018,0.2712545087293742,0.7782153986733118,0.646110062591351,0.43986460879693806,0.2809698721247812,0.164923426363677,0.5948823235202017,0.35277647560009556,0.20923965613622858,0.14889536077925083,0.5718528091356915,0.19377719093142576,0.038727638330651466,2026-08-19T22:34:10Z
823424,681082,Bryson Stott,PHI,MIA,1,6,confirmed,Sandy Alcantara,Citizens Bank Park,2026-08-19T22:05:00Z,3.853854892962342,3109,3268,0.08979056201753022,0.6171227351682503,0.3567718636660396,0.45797293377127557,0.6536045532981731,0.44711049945639014,0.28665883165199735,0.16880073957219185,0.5681345165691689,0.32793759401116473,0.1910143988057734,0.13634939584141997,0.5972792022980127,0.2145762517285127,0.04526111182883816,2026-08-19T22:34:10Z
823424,683357,Owen Caissie,MIA,PHI,0,6,confirmed,Aaron Nola,Citizens Bank Park,2026-08-19T22:05:00Z,3.3498445116038438,394,3907,0.14105760678080873,0.5480923141682713,0.2677445580053556,0.8133063640893491,0.6170935168923628,0.4076859039819553,0.2523990279217579,0.14275831536301348,0.5677168429371333,0.3249547016402404,0.18785737729669968,0.13411558539976803,0.532935263812531,0.15935658565609923,0.02643697965010864,2026-08-19T22:34:10Z
823424,669016,Brandon Marsh,PHI,MIA,1,7,confirmed,Sandy Alcantara,Citizens Bank Park,2026-08-19T22:05:00Z,3.507886550706235,2649,3268,0.09393502029269503,0.5773632427912323,0.26757441372942264,0.6050912289163346,0.6192733928453555,0.4109705754560297,0.2556957919922389,0.14547629443874224,0.5473055905333171,0.3084503246793663,0.17680078785221667,0.12666044528029363,0.5602897741265741,0.18136977065619625,0.033233099428987986,2026-08-19T22:34:10Z
823424,665923,Esteury Ruiz,MIA,PHI,0,7,confirmed,Aaron Nola,Citizens Bank Park,2026-08-19T22:05:00Z,3.3498445116038433,992,3907,0.0710984559455187,0.5417936202916008,0.2651488583435665,0.713127921074622,0.565758968153722,0.3599567497100856,0.21508126576663625,0.11682038496236852,0.500902447313181,0.26978793606338997,0.15048758832421835,0.1089907498526579,0.5270083729192491,0.15511808162709312,0.025210865483142334,2026-08-19T22:34:10Z
823424,702222,Justin Crawford,PHI,MIA,1,8,confirmed,Sandy Alcantara,Citizens Bank Park,2026-08-19T22:05:00Z,3.116834955192636,440,3268,0.05919104667115007,0.5480646635649418,0.2215086763918453,0.4097732372985606,0.5631188441009056,0.35525791138005025,0.21005577164743655,0.11245853656231694,0.49364031696599203,0.261997466383863,0.14448684881706406,0.10489484099979199,0.5331371167011602,0.15552096249792302,0.023621361353779596,2026-08-19T22:34:10Z
823424,691788,Joe Mack,MIA,PHI,0,8,confirmed,Aaron Nola,Citizens Bank Park,2026-08-19T22:05:00Z,3.2286829982405822,293,3907,0.1465774800772633,0.5373616375359562,0.24082338428264452,0.5902108635809588,0.6116205425660495,0.4008628217441536,0.24588990512643039,0.1374240182384931,0.5610541334551663,0.31757212213679864,0.18193827811516386,0.12997255573987943,0.5229651752564404,0.15017783931035456,0.02303450771709569,2026-08-19T22:34:10Z
823424,596117,Garrett Stubbs,PHI,MIA,1,9,confirmed,Sandy Alcantara,Citizens Bank Park,2026-08-19T22:05:00Z,2.9546522060818012,610,3268,0.061394414799923636,0.47692017865104325,0.30176335691439354,0.5011089880943733,0.5228720295291913,0.3188659530332316,0.18222984276382348,0.09353853400330721,0.43835046213148177,0.22019571245785638,0.11758782861382451,0.08687792844246003,0.4660755266706975,0.11045941922176937,0.012446964623076373,2026-08-19T22:34:10Z
823424,691594,Javier Sanoja,MIA,PHI,0,9,confirmed,Aaron Nola,Citizens Bank Park,2026-08-19T22:05:00Z,3.0931054177390633,804,3907,0.06149142136230301,0.5508761094887336,0.15465176709706252,0.36720137455626267,0.5650711659623837,0.3563114053718955,0.21040940735723107,0.11240635184288479,0.5102153707444066,0.27411784938418265,0.15203666995504728,0.10990666467648115,0.5358474979377925,0.1562924093840771,0.02328861126750589,2026-08-19T22:34:10Z
823587,805999,A.J. Ewing,NYM,SD,1,1,confirmed,Michael King,Citi Field,2026-08-19T17:10:00Z,4.345068072189095,383,2550,0.10394249128972675,0.638825956521384,0.3828746087768616,0.7188183622621687,0.673975390414747,0.47161543948583645,0.31006711906558065,0.18830907080144169,0.5974699505438679,0.3576330021621163,0.21410245495426328,0.15261492110974953,0.617294042716885,0.23779247318877625,0.05709773490788469,2026-08-19T22:34:10Z
823587,665487,Fernando Tatis Jr.,SD,NYM,0,1,confirmed,Robert Stock,Citi Field,2026-08-19T17:10:00Z,4.718886934304554,2504,125,0.14147347397587376,0.7017629521090326,0.4427006054607679,0.6243827121545915,0.7494311448534908,0.5602473485989354,0.39340026476920226,0.2568960277294064,0.6653884605552958,0.42711182892651783,0.2685395214903626,0.19111923465733383,0.6755275057728527,0.3002349387238186,0.08662577857028651,2026-08-19T22:34:10Z
823587,596019,Francisco Lindor,NYM,SD,1,2,confirmed,Michael King,Citi Field,2026-08-19T17:10:00Z,4.345068072189095,3422,2550,0.14365237909527956,0.6525030780360559,0.3922136886619066,0.6687058301446681,0.718133107392519,0.5205371494825278,0.35378825566099437,0.22257277964427152,0.6370152282328307,0.3954865320163011,0.24228183538807657,0.17202966902652758,0.6300289941016278,0.24884094277948562,0.060829539441163843,2026-08-19T22:34:10Z
823587,630105,Jake Cronenworth,SD,NYM,0,2,confirmed,Robert Stock,Citi Field,2026-08-19T17:10:00Z,4.493682103887882,2974,125,0.09357528231192751,0.6384434451297241,0.5374163818162239,0.6102271759475624,0.6848548377484543,0.48387014097462816,0.3212364019654245,0.19726030295154448,0.5922829500438015,0.35313279367460293,0.21097443395301232,0.15051554599902245,0.6169184292848896,0.23804759166040698,0.057573682242406124,2026-08-19T22:34:10Z
823587,666182,Bo Bichette,NYM,SD,1,3,confirmed,Michael King,Citi Field,2026-08-19T17:10:00Z,4.2824915817913425,3115,2550,0.09529204732794852,0.6962053636555681,0.27076214899312606,0.6439898779670032,0.7068538732874459,0.5069414510894357,0.34082505858643874,0.21181242187146557,0.6298424356553806,0.38774592235659205,0.23603885812147066,0.16757718341738018,0.6704654255087812,0.29038210483952576,0.07877425969180346,2026-08-19T22:34:10Z
823587,592518,Manny Machado,SD,NYM,0,3,confirmed,Robert Stock,Citi Field,2026-08-19T17:10:00Z,4.478269692346014,3342,125,0.14753199097631428,0.6675759659084318,0.37531119082060105,0.6337813257811002,0.7212058716451574,0.5248442470565811,0.35843892382431375,0.22688506484519858,0.644771161889359,0.4041773605560384,0.24954554934536757,0.17733636751572093,0.6439689441129621,0.2640964170832299,0.0682604022872648,2026-08-19T22:34:10Z
823587,701807,Carson Benge,NYM,SD,1,4,confirmed,Michael King,Citi Field,2026-08-19T17:10:00Z,4.125319664533006,546,2550,0.11003744547077764,0.6508122262762762,0.36092953523123844,0.6146678699564733,0.680865424408789,0.47718472203134,0.3134973344031976,0.1898393861444095,0.6040598470759457,0.3619215261131337,0.2161789357271673,0.15369028008925495,0.6285194118713519,0.24538913455903485,0.0581259335234301,2026-08-19T22:34:10Z
823587,664034,Ty France,SD,NYM,0,4,confirmed,Robert Stock,Citi Field,2026-08-19T17:10:00Z,4.2469281353795925,2950,125,0.09560712952571408,0.6687390059668757,0.36485418728039565,0.5857120049593113,0.6793787664758396,0.4766498442417518,0.31388540848107055,0.19080790859735902,0.6071981645372418,0.3660361067432997,0.2198915060799962,0.15647248066835534,0.6450756588931043,0.2639163189841451,0.06725283215438636,2026-08-19T22:34:10Z
823587,676724,Jared Young,NYM,SD,1,5,confirmed,Michael King,Citi Field,2026-08-19T17:10:00Z,3.5235305477951173,489,2550,0.10572591052556697,0.5451002933736336,0.33976391304927905,0.5623556875189589,0.6010830048539046,0.39325647389556234,0.24146011457024727,0.13540415076564738,0.5374975935706792,0.30004680018854146,0.17108076464494842,0.12288528080851881,0.5300445872419001,0.15857278762238014,0.026730604801878055,2026-08-19T22:34:10Z
823587,701538,Jackson Merrill,SD,NYM,0,5,confirmed,Robert Stock,Citi Field,2026-08-19T17:10:00Z,4.141212211372141,1834,125,0.13656329879671583,0.6580723350203777,0.3603818418123734,0.6014807262331966,0.7049522073166202,0.5046239943588675,0.33858517430977875,0.20992429119578232,0.6419205272979017,0.39980064455613146,0.24522002984782537,0.17393466236969787,0.6352249619966981,0.25294227526540525,0.06189903127781632,2026-08-19T22:34:10Z
823587,682626,Francisco Alvarez,NYM,SD,1,6,confirmed,Michael King,Citi Field,2026-08-19T17:10:00Z,3.5235305477951173,1572,2550,0.11194609460712546,0.5442991632238063,0.3266786102961761,0.7657249819077464,0.6066036424558375,0.39923547127656955,0.24656465428495963,0.13916856415328546,0.5343789510717222,0.29807046707143703,0.16989046951249098,0.1220294360109672,0.5292152169669881,0.15890322318590683,0.0269201669192901,2026-08-19T22:34:10Z
823587,650859,Luis Rengifo,SD,NYM,0,6,confirmed,Robert Stock,Citi Field,2026-08-19T17:10:00Z,3.9608733445131272,2304,125,0.08397933492023371,0.629538604966205,0.34410180824128167,0.5100873001997146,0.6544709059728683,0.4488916371577096,0.2888639373982572,0.17098856379101862,0.5668128498525031,0.32764141068736596,0.19129421235459168,0.1366859535293118,0.6087821308722496,0.2264537236156938,0.050631015231463704,2026-08-19T22:34:10Z
823587,683146,Brett Baty,NYM,SD,1,7,confirmed,Michael King,Citi Field,2026-08-19T17:10:00Z,3.5235305477951178,1639,2550,0.10283926560424303,0.5432991630622925,0.32783834434196324,0.6472024613269232,0.6065209890616828,0.3985363187548492,0.24563828255558867,0.1382842530214488,0.5202876050075236,0.2859811406001912,0.1615118810646586,0.1163851877387117,0.528330662213668,0.1574218829620593,0.026234641482218827,2026-08-19T22:34:10Z
823587,669134,Luis Campusano,SD,NYM,0,7,confirmed,Robert Stock,Citi Field,2026-08-19T17:10:00Z,3.6495279629973125,865,125,0.09141149425421422,0.5938107890827248,0.3486473921314049,0.5240446285687882,0.6394474330041124,0.43173526127665957,0.2733511497011323,0.1587860113551072,0.5492736958859625,0.3108919820580205,0.17895088330829598,0.12826224557113838,0.5756323887831742,0.19493722306535313,0.03843716303346865,2026-08-19T22:34:10Z
823587,543760,Marcus Semien,NYM,SD,1,8,confirmed,Michael King,Citi Field,2026-08-19T17:10:00Z,3.5235305477951178,3508,2550,0.09566311528615051,0.5373399785617121,0.2690044247477859,0.6027267913433065,0.6060880207256685,0.39960617524472536,0.24728933308048165,0.13990086174190677,0.517052501055445,0.2845674490993523,0.16094772213283332,0.11596923789269863,0.5225830442917481,0.15529086147162693,0.026079345603999007,2026-08-19T22:34:10Z
823587,593428,Xander Bogaerts,SD,NYM,0,8,confirmed,Robert Stock,Citi Field,2026-08-19T17:10:00Z,3.649527962997313,2997,125,0.07187478235143316,0.5869761568415952,0.37111624823202527,0.5160212375604278,0.6318682875935256,0.4249299066718383,0.26803663365902813,0.15499549342377827,0.5248106608067928,0.29098804875856343,0.16539060667700894,0.11901905639422079,0.5691513828089448,0.19068428193980524,0.03702505210770229,2026-08-19T22:34:10Z
823587,620443,Luis Torrens,NYM,SD,1,9,confirmed,Michael King,Citi Field,2026-08-19T17:10:00Z,2.934217240492508,1011,2550,0.06900318465443755,0.49085446829486334,0.2220968702941731,0.5594596889467909,0.544399155620786,0.33661773035167725,0.19478355671395262,0.10142764235241045,0.4581556534947446,0.23377249369677713,0.12580167191866695,0.09238172652560855,0.4793344557278227,0.11752549536111656,0.013605531554814344,2026-08-19T22:34:10Z
823587,823550,Sung-Mun Song,SD,NYM,0,9,confirmed,Robert Stock,Citi Field,2026-08-19T17:10:00Z,2.928230661704128,152,125,0.06672741856056545,0.4923775123959549,0.4047897098709035,0.466633667481968,0.5495524406261474,0.3405926793573429,0.19736969596005458,0.10288332746042199,0.4554950645458017,0.23151995418581137,0.12424783789643647,0.0913354034795159,0.4808190888968208,0.11774201835605214,0.013342426882717752,2026-08-19T22:34:10Z
823664,807712,Luke Keaschall,MIN,ATL,1,1,confirmed,AJ Smith-Shawver,Target Field,2026-08-19T17:40:00Z,4.274406577983766,756,511,0.09656030645684924,0.6741343649408138,0.4536803114755861,0.5174829752914412,0.7019745282523026,0.50257693196613,0.3377721584487997,0.21008688194646055,0.6168922262364295,0.3761695905173209,0.22792008907212988,0.16216427084096943,0.6500303851707729,0.2703741662899904,0.07094217349201976,2026-08-19T22:34:10Z
823664,660670,Ronald Acuña Jr.,ATL,MIN,0,1,confirmed,Taj Bradley,Target Field,2026-08-19T17:40:00Z,4.766828048744799,2352,2374,0.1739393309832605,0.699818543006731,0.45592524620869046,0.7340370075944289,0.7557224504761226,0.5682035415572869,0.40131095322222626,0.26372948535907165,0.6827694545861963,0.4462218243386494,0.28421987889940603,0.2024347843082741,0.6737331352369097,0.29829915606462354,0.08575438961906723,2026-08-19T22:34:10Z
823664,621439,Byron Buxton,MIN,ATL,1,2,confirmed,AJ Smith-Shawver,Target Field,2026-08-19T17:40:00Z,4.274406577983766,2201,511,0.22407789924538385,0.6547084290315114,0.33870564001223624,0.7220519784621422,0.7399721911793414,0.5466926087827524,0.37855192730135556,0.24296310600894075,0.7048361170291917,0.4691964241939157,0.3018475061294995,0.21442774944158924,0.632073318150938,0.25083395660964175,0.06163067355092568,2026-08-19T22:34:10Z
823664,686948,Drake Baldwin,ATL,MIN,0,2,confirmed,Taj Bradley,Target Field,2026-08-19T17:40:00Z,4.425593525963123,1038,2374,0.15697364789984586,0.6846708717951325,0.39953048151234544,0.6180699081109016,0.7277888197761779,0.5332194141027264,0.36678967921684114,0.23410635123268614,0.659240597601395,0.4199020829626518,0.2623341380763058,0.1865166412914326,0.6597581060572538,0.28170348070924217,0.07688663006858473,2026-08-19T22:34:10Z
823664,605137,Josh Bell,MIN,ATL,1,3,confirmed,AJ Smith-Shawver,Target Field,2026-08-19T17:40:00Z,4.16583143998954,3192,511,0.1362418439120984,0.6486618158931003,0.3969962700298577,0.5692115964802881,0.6789423045106643,0.47559576372363727,0.3124877514720964,0.18935714835943693,0.6252862302878296,0.38303062434078344,0.232308961409313,0.1649246573398778,0.6264990556282088,0.24427883965701983,0.05823007674107937,2026-08-19T22:34:10Z
823664,621566,Matt Olson,ATL,MIN,0,3,confirmed,Taj Bradley,Target Field,2026-08-19T17:40:00Z,4.425593525963123,3676,2374,0.2510552844887893,0.6642888395043808,0.4236176302283886,0.7619672876589699,0.7411054386505079,0.5486103681609814,0.38088776430804516,0.24533412479172073,0.7200481274944078,0.4878572723668017,0.31832012918701963,0.22676337827691556,0.6409291723936495,0.26064655560083616,0.06646816647810938,2026-08-19T22:34:10Z
823664,665019,Kody Clemens,MIN,ATL,1,4,confirmed,AJ Smith-Shawver,Target Field,2026-08-19T17:40:00Z,3.7694087290856237,1449,511,0.15824775711174155,0.5952950162474829,0.29536315553685794,0.6036382847954515,0.666424152435649,0.4607103656626537,0.2985385398203579,0.17799123825960755,0.6232619906655787,0.37956026951845834,0.22893579285657292,0.16238043859903545,0.576929383450649,0.19747920765180227,0.03978573919943219,2026-08-19T22:34:10Z
823664,671739,Michael Harris II,ATL,MIN,0,4,confirmed,Taj Bradley,Target Field,2026-08-19T17:40:00Z,4.239831610199868,2832,2374,0.13864988211280763,0.6919437497326569,0.24425300238449407,0.6280043369816254,0.7227120155651432,0.5258385568658556,0.3586941665066354,0.2265401358058852,0.6606425241239055,0.41993347537434894,0.26142220226439156,0.18547659904247452,0.666519844637768,0.2867653252987513,0.07761034335558202,2026-08-19T22:34:10Z
823664,668904,Royce Lewis,MIN,ATL,1,5,confirmed,AJ Smith-Shawver,Target Field,2026-08-19T17:40:00Z,3.7694087290856233,1549,511,0.13019030870707016,0.6023559134238234,0.2947637849897733,0.6413632936613417,0.6581188274583004,0.45220057378246903,0.29120911846808734,0.17233398174605916,0.5926760870440799,0.35052238785138257,0.20733694086059729,0.14744167061766944,0.5834827605316388,0.20314375340332427,0.04140021210576316,2026-08-19T22:34:10Z
823664,642086,Dominic Smith,ATL,MIN,0,5,confirmed,Taj Bradley,Target Field,2026-08-19T17:40:00Z,4.011964035783064,1752,2374,0.10069554150644591,0.6257491106708875,0.33962723403816875,0.5721251227929449,0.6522217446110505,0.4470428891314517,0.28770838285873523,0.1704597828321108,0.5807447424865844,0.34066734080051947,0.2009498353227631,0.14338549444821747,0.605237465873727,0.2240825270573268,0.05040148991219485,2026-08-19T22:34:10Z
823664,663616,Trevor Larnach,MIN,ATL,1,6,confirmed,AJ Smith-Shawver,Target Field,2026-08-19T17:40:00Z,3.7233664811551823,1933,511,0.1251704314682351,0.6098573282744362,0.3697908412461625,0.5392151795650184,0.658722901278849,0.4520739674202994,0.2906530610352834,0.1716395728437796,0.5927712930959514,0.34990263084843126,0.20660119093079996,0.14690533024760535,0.5905412173695,0.2081185635744629,0.042752400538977955,2026-08-19T22:34:10Z
823664,645277,Ozzie Albies,ATL,MIN,0,6,confirmed,Taj Bradley,Target Field,2026-08-19T17:40:00Z,4.0119640357830635,2825,2374,0.1308304453876558,0.6202251904605081,0.3167596538888883,0.5352458442274046,0.6710716832356721,0.4666140608426446,0.30415891786633936,0.18255474083719875,0.6053964548926808,0.36317261491545394,0.21701498232202238,0.15419862318330024,0.6000930767519176,0.21872418145735076,0.0475858900327699,2026-08-19T22:34:10Z
823664,686797,Brooks Lee,MIN,ATL,1,7,confirmed,AJ Smith-Shawver,Target Field,2026-08-19T17:40:00Z,3.7233664811551823,1388,511,0.11167797332005518,0.6041594103146933,0.28936246881957023,0.486725868818343,0.6361305073128508,0.4287046399756219,0.2708486312191744,0.15684696202312942,0.5747574314523911,0.3333229849455571,0.1945888774113577,0.13871521466846973,0.5852393468892889,0.20328012888360295,0.0408998505980444,2026-08-19T22:34:10Z
823664,573262,Mike Yastrzemski,ATL,MIN,0,7,confirmed,Taj Bradley,Target Field,2026-08-19T17:40:00Z,3.852833153173407,2467,2374,0.13160341827071642,0.5654202878451376,0.40067516813849413,0.6587737225439486,0.6397866420757308,0.43322905799371886,0.2752951701754815,0.16065807978247823,0.5832454336118621,0.3418806187093801,0.20127215931744744,0.14345704504023096,0.5489558135951967,0.17540646101491986,0.032751630127763304,2026-08-19T22:34:10Z
823664,605170,Victor Caratini,MIN,ATL,1,8,confirmed,AJ Smith-Shawver,Target Field,2026-08-19T17:40:00Z,3.309999527484665,1724,511,0.0962014308956026,0.5461195992418898,0.3483793382505977,0.48320932166930974,0.5915232646353891,0.3829260829307101,0.2324040350807738,0.12841856473907426,0.5116460271175186,0.27775149631106394,0.15549032737914503,0.11229760247934334,0.5311170602105497,0.1572211132128709,0.025342996306140952,2026-08-19T22:34:10Z
823664,663586,Austin Riley,ATL,MIN,0,8,confirmed,Taj Bradley,Target Field,2026-08-19T17:40:00Z,3.8528331531734072,3096,2374,0.1478813961932442,0.607220107631395,0.28540563385100276,0.7785600648091451,0.6794477501203124,0.4748901305684496,0.31086262798597697,0.18731327174053305,0.6119614446010819,0.36868342685238176,0.22070455411587656,0.1566129862275061,0.5880318796414454,0.20695460040974717,0.04278617881050428,2026-08-19T22:34:10Z
823664,701785,Kaelen Culpepper,MIN,ATL,1,9,confirmed,AJ Smith-Shawver,Target Field,2026-08-19T17:40:00Z,2.7940013981733296,57,511,0.0745757864264138,0.5036816691443524,0.2601370390894928,0.5613890108042171,0.5582463375957766,0.3464215362838382,0.2005467388806549,0.10420891910716976,0.4739357166266318,0.24323185269390327,0.13085479306159314,0.09571627103804936,0.4916926644440819,0.12166526213673624,0.01305746277690667,2026-08-19T22:34:10Z
823664,805347,Jim Jarvis,ATL,MIN,0,9,confirmed,Taj Bradley,Target Field,2026-08-19T17:40:00Z,2.932099416740216,139,2374,0.07122264959360326,0.4957671374973269,0.2358678739723537,0.5102947537565645,0.5224331914733095,0.31790443474136343,0.18115434902217278,0.09259159172393706,0.466557808601421,0.23942456935887418,0.129135528238281,0.09459593507021963,0.4840281572524213,0.11967950981559246,0.0137394352431646,2026-08-19T22:34:10Z
823748,668930,Brice Turang,MIL,SEA,1,1,confirmed,Logan Gilbert,American Family Field,2026-08-19T23:40:00Z,4.324671624825504,2492,3842,0.10555000844780653,0.6490054375833704,0.3525216114911081,0.714147798068193,0.6922712278823882,0.4916425681981752,0.3278414339846771,0.2021758362757935,0.6009303137135134,0.3608050226047217,0.21638661406575502,0.15416462461073624,0.6267476846391593,0.24675974242696735,0.060658226498672516,2026-08-19T22:34:10Z
823748,680977,Brendan Donovan,SEA,MIL,0,1,confirmed,Dustin May,American Family Field,2026-08-19T23:40:00Z,4.601823500257502,2411,1572,0.09873051581767033,0.6908735100867206,0.47250100619368673,0.5243393416630765,0.7204599240779056,0.5250634797494952,0.3595063317569503,0.2284224749409556,0.6240446652125292,0.3843038698029375,0.2347557591808904,0.16716073355476652,0.6654677833238033,0.28886562825833945,0.08089550013773764,2026-08-19T22:34:10Z
823748,694192,Jackson Chourio,MIL,SEA,1,2,confirmed,Logan Gilbert,American Family Field,2026-08-19T23:40:00Z,4.321897965697655,1803,3842,0.12930467286799846,0.6832948157380097,0.24506401206100378,0.7024307421920746,0.7307880800128652,0.5356194363132181,0.3680479898931965,0.23431986267533703,0.6521442356215441,0.4111359924194021,0.25455130320106145,0.1806649588077125,0.6585273726057109,0.2783196482109724,0.07385372517607061,2026-08-19T22:34:10Z
823748,668227,Randy Arozarena,SEA,MIL,0,2,confirmed,Dustin May,American Family Field,2026-08-19T23:40:00Z,4.597123476025883,3439,1572,0.12139610073246561,0.6467086062115914,0.43159829621173,0.6917364055062437,0.7125688402018291,0.5153253864222032,0.350022850137828,0.22038565171128816,0.6176647856640851,0.37753124522089276,0.22933211575571277,0.16329311070280453,0.6245927493226517,0.2456205945134704,0.060865131399690305,2026-08-19T22:34:10Z
823748,641343,Jake Bauers,MIL,SEA,1,3,confirmed,Logan Gilbert,American Family Field,2026-08-19T23:40:00Z,3.983621943983206,1502,3842,0.1611019875474556,0.6097328280600931,0.4282149015167428,0.730650523516707,0.6939890946844739,0.49196442087118386,0.3270227526294461,0.2007459517998188,0.6243170213560382,0.3819061922601087,0.2314827195252594,0.16441989664626405,0.5903248378760857,0.21073998712943515,0.045460577827356984,2026-08-19T22:34:10Z
823748,686527,Dominic Canzone,SEA,MIL,0,3,confirmed,Dustin May,American Family Field,2026-08-19T23:40:00Z,4.146156416337889,1221,1572,0.14961516588221305,0.6313552461093038,0.36010680388639943,0.6301895598745348,0.6974494892903503,0.49725714370508484,0.33292914061088846,0.20629885321613942,0.630786350283448,0.3898230990934265,0.2384218762598291,0.16958246597642837,0.6103797274306205,0.23099297733591923,0.054447728046246216,2026-08-19T22:34:10Z
823748,661388,William Contreras,MIL,SEA,1,4,confirmed,Logan Gilbert,American Family Field,2026-08-19T23:40:00Z,3.9836219439832057,3097,3842,0.10978926572149018,0.6280746762133677,0.2995789187828207,0.5595007320372187,0.6684548959031815,0.4637752974973258,0.30160866497889866,0.1805183680362534,0.589243738393435,0.3479493674949394,0.2057631676203216,0.14644968168683292,0.6073894715444735,0.2252368134675484,0.04983247247423324,2026-08-19T22:34:10Z
823748,677594,Julio Rodríguez,SEA,MIL,0,4,confirmed,Dustin May,American Family Field,2026-08-19T23:40:00Z,4.14615641633789,3379,1572,0.12525765144265893,0.6468267199608048,0.29506352170176275,0.6563867689692622,0.6962611603507433,0.4953071143848527,0.3303420459415423,0.20345474054715015,0.614855641229589,0.37324769955774584,0.22503737862064194,0.15987391365256082,0.624747086299675,0.24329132579801968,0.05793059087264412,2026-08-19T22:34:10Z
823748,592885,Christian Yelich,MIL,SEA,1,5,confirmed,Logan Gilbert,American Family Field,2026-08-19T23:40:00Z,3.9836219439832052,2882,3842,0.12088736158105515,0.6087141643670716,0.3385071468784729,0.7191318837665518,0.6632632955780908,0.45781116228034624,0.29614114246464707,0.17614144988278319,0.5866597720222756,0.3451457576158529,0.203519013038679,0.14486546962840496,0.5893985440689793,0.2085000399078884,0.04338610436593719,2026-08-19T22:34:10Z
823748,647304,Josh Naylor,SEA,MIL,0,5,confirmed,Dustin May,American Family Field,2026-08-19T23:40:00Z,4.14615641633789,3080,1572,0.11550434316107033,0.6607419535773535,0.35226630727782443,0.4835458804642931,0.689932896998055,0.4876477065282077,0.32314460696244535,0.19761531356682424,0.6157495940340814,0.3736226588997718,0.22515250236816262,0.15994780128730612,0.637693080290662,0.2552794989650342,0.0626849617080792,2026-08-19T22:34:10Z
823748,683734,Andrew Vaughn,MIL,SEA,1,6,confirmed,Logan Gilbert,American Family Field,2026-08-19T23:40:00Z,3.8903563112028836,2763,3842,0.10263997948156856,0.6329795349624203,0.2843919169270659,0.5460154241547411,0.6578312924818092,0.4515874985534919,0.2905178430274422,0.17172604980485115,0.5909943956639567,0.3486854187469051,0.20591021665887102,0.1464753175805545,0.612020901815927,0.22803235949299597,0.050250596837850964,2026-08-19T22:34:10Z
823748,702284,Cole Young,SEA,MIL,0,6,confirmed,Dustin May,American Family Field,2026-08-19T23:40:00Z,3.9667044773589715,877,1572,0.11341964825755661,0.6111897602665564,0.3445280262632616,0.5203827619271839,0.6528327413250921,0.447218405830718,0.2874982998650214,0.17002516215681557,0.5797980865431639,0.33933534558621736,0.1997170079568858,0.1424568009728278,0.5917046317993983,0.21123317402835556,0.04514131393761657,2026-08-19T22:34:10Z
823748,800325,Luis Lara,MIL,SEA,1,7,confirmed,Logan Gilbert,American Family Field,2026-08-19T23:40:00Z,3.1572003832231648,205,3842,0.07420429337064624,0.5263956783291007,0.272793301401535,0.5636575780669126,0.5574143541859524,0.35025230530021434,0.20632075586826737,0.10998107967733414,0.4902815372973944,0.2594526822356284,0.14285264149027038,0.10380579265837327,0.5127237652812475,0.14171535073247457,0.020260022010197828,2026-08-19T22:34:10Z
823748,663728,Cal Raleigh,SEA,MIL,0,7,confirmed,Dustin May,American Family Field,2026-08-19T23:40:00Z,3.9667044773589715,2988,1572,0.1672252875732016,0.5408336475767408,0.37049159341048016,0.76867589331108,0.6548797752702699,0.4490813236185311,0.28882145885365923,0.17079128955776388,0.5856968187766812,0.344404464425613,0.2031508320862402,0.14470688016583544,0.5258282637406106,0.1586662894730357,0.027733842756391604,2026-08-19T22:34:10Z
823748,687401,Joey Ortiz,MIL,SEA,1,8,confirmed,Logan Gilbert,American Family Field,2026-08-19T23:40:00Z,3.1572003832231657,1560,3842,0.06833278108051451,0.5205575974318967,0.2097738601427068,0.48826579694466354,0.5592519875902547,0.35283672384051584,0.20886401197411408,0.11207226469445798,0.4839265070181367,0.25555644129450933,0.14072583252064608,0.10239670043515124,0.5071166827312019,0.13958145284570608,0.020371370799582032,2026-08-19T22:34:10Z
823748,621493,Taylor Ward,SEA,MIL,0,8,confirmed,Dustin May,American Family Field,2026-08-19T23:40:00Z,3.966704477358972,3093,1572,0.09866784525074053,0.5796223688115298,0.4206857264682162,0.6038218224823326,0.6546798654937532,0.4486796580521078,0.2883464831863423,0.17034115260115812,0.5492651444843888,0.31193385162235326,0.18002550391170324,0.12897701161385405,0.5622450324436236,0.1858762157943047,0.03594567728774191,2026-08-19T22:34:10Z
823748,806198,Cooper Pratt,MIL,SEA,1,9,confirmed,Logan Gilbert,American Family Field,2026-08-19T23:40:00Z,2.9898919701394786,225,3842,0.06318710858454696,0.5235431019704304,0.25843736960524444,0.5157554191071766,0.5636117256795372,0.3539688363550354,0.20798595386386332,0.1103439535232246,0.47332381201595347,0.24532720289102405,0.13325269970510797,0.09736308491120832,0.5101977149498376,0.13739871029643524,0.018130067284925645,2026-08-19T22:34:10Z
823748,801126,Brock Rodden,SEA,MIL,0,9,confirmed,Dustin May,American Family Field,2026-08-19T23:40:00Z,2.822679358504947,92,1572,0.0701612338973447,0.48803635428340386,0.2709028901595061,0.5557985389436199,0.5615282156316715,0.3493471018584707,0.2026914741524022,0.10558115942606083,0.4593793719665055,0.23292664525889833,0.12453879641665022,0.09151160055528373,0.4768463125605921,0.11324451522200517,0.011570480541381087,2026-08-19T22:34:10Z
824076,679845,Nick Loftin,KC,ATH,1,1,confirmed,Jeffrey Springs,Kauffman Stadium,2026-08-19T23:40:00Z,4.02382201391118,923,2167,0.08637371327711871,0.6031573830379576,0.3685430441576413,0.50636211292856,0.6210708800534059,0.4165770363248852,0.26297220122705933,0.15268970118031885,0.5657199631890846,0.3282706278786593,0.19267007924466628,0.13791197133230926,0.5841214349710596,0.20722650123280864,0.04530917542190969,2026-08-19T22:34:10Z
824076,703607,Henry Bolte,ATH,KC,0,1,confirmed,Seth Lugo,Kauffman Stadium,2026-08-19T23:40:00Z,4.26770709481016,390,3258,0.08479883108048607,0.6490614984901937,0.2872226800626371,0.741711710854192,0.6658030130411541,0.4638331062661804,0.3040230500834414,0.1842337989399672,0.5795064076949724,0.3419707570449957,0.2031544969528513,0.1452360796028667,0.6267537561975871,0.24867273554910133,0.06281365963983496,2026-08-19T22:34:10Z
824076,677951,Bobby Witt Jr.,KC,ATH,1,2,confirmed,Jeffrey Springs,Kauffman Stadium,2026-08-19T23:40:00Z,4.02382201391118,3430,2167,0.14072241636791596,0.6813346801785407,0.2926019830714086,0.5315491192970999,0.7196911587789663,0.522893169527121,0.35603321519744374,0.22423389820637774,0.6649421442259553,0.4249780314268341,0.26534193949583185,0.18801447392123455,0.6566329329864159,0.27666240111246637,0.0724630481941667,2026-08-19T22:34:10Z
824076,643446,Jeff McNeil,ATH,KC,0,2,confirmed,Seth Lugo,Kauffman Stadium,2026-08-19T23:40:00Z,4.267707094810159,2733,3258,0.08487974464364377,0.6725703986501453,0.3031435137906492,0.4299701686008644,0.6738096691290827,0.47164843725939903,0.31019315505532613,0.18845175225973287,0.6058762753586073,0.36579917364738873,0.22023294006245586,0.1568498319974043,0.6485604652962025,0.26935106234384903,0.0707008761564772,2026-08-19T22:34:10Z
824076,695506,Jac Caglianone,KC,ATH,1,3,confirmed,Jeffrey Springs,Kauffman Stadium,2026-08-19T23:40:00Z,4.023822013911179,743,2167,0.133845950731713,0.6234645467702687,0.2646846024439627,0.6399339223191834,0.6711503076615055,0.4669945529644556,0.3048260942363615,0.1833686675058436,0.6117067561861335,0.3695885848131993,0.22209652989584913,0.1578408022922066,0.6031022421802857,0.22202790992849455,0.04938570684404141,2026-08-19T22:34:10Z
824076,680869,Zack Gelof,ATH,KC,0,3,confirmed,Seth Lugo,Kauffman Stadium,2026-08-19T23:40:00Z,4.267707094810159,1387,3258,0.11575367461842036,0.6314124004311793,0.2689199986915207,0.7916860400061537,0.6755175527628102,0.4729134545514912,0.3109082014339015,0.18872522470153444,0.60215969673012,0.36168224734350163,0.2168771629788342,0.15445267500069898,0.6104215106252092,0.2306868221597417,0.053821442415279114,2026-08-19T22:34:10Z
824076,672580,Maikel Garcia,KC,ATH,1,4,confirmed,Jeffrey Springs,Kauffman Stadium,2026-08-19T23:40:00Z,4.02382201391118,2322,2167,0.07428974455887508,0.6500330205158638,0.29547881039274365,0.4833382795809153,0.6550805896497729,0.449543772792727,0.28935613830998436,0.17127590476046642,0.5834824078154619,0.3426046089497414,0.20193245831536438,0.1438810410745466,0.6277936145874117,0.24443871487770985,0.057453421250697634,2026-08-19T22:34:10Z
824076,671732,Lawrence Butler,ATH,KC,0,4,confirmed,Seth Lugo,Kauffman Stadium,2026-08-19T23:40:00Z,4.12486857879115,1753,3258,0.12216970282271043,0.6241722193701009,0.3423698523205164,0.6786076313889079,0.6685234875524441,0.4647624080848914,0.30331678698142767,0.18254053652458266,0.6064937650441306,0.36519081256043817,0.2191612561654587,0.1559331722739726,0.6037259829469419,0.22353679444351587,0.05051294774984035,2026-08-19T22:34:10Z
824076,686469,Vinnie Pasquantino,KC,ATH,1,5,confirmed,Jeffrey Springs,Kauffman Stadium,2026-08-19T23:40:00Z,4.02382201391118,2350,2167,0.09976590334589208,0.6220275526931223,0.3014267244715909,0.49463241473809527,0.6499203050124016,0.44381374743950325,0.28422277397595397,0.16724142417158724,0.5826012590289519,0.3414352653592596,0.2009037400274338,0.14313203931684781,0.6018088110890373,0.2194618733971007,0.047486339022032774,2026-08-19T22:34:10Z
824076,695720,Tommy White,ATH,KC,0,5,confirmed,Seth Lugo,Kauffman Stadium,2026-08-19T23:40:00Z,3.581058546475952,160,3258,0.08950984671174966,0.5921136206187377,0.21424645085328065,0.4957069890917867,0.6375762497167998,0.43015976788177884,0.2722378013270675,0.15809250121701598,0.5437449729404854,0.3064667407380339,0.17600071710406837,0.12627528431238963,0.5740192266455361,0.19407878662734337,0.03833421470157947,2026-08-19T22:34:10Z
824076,521692,Salvador Perez,KC,ATH,1,6,confirmed,Jeffrey Springs,Kauffman Stadium,2026-08-19T23:40:00Z,3.9787601202969567,3036,2167,0.15413894567648603,0.6227392726491604,0.24492347545717086,0.5781973783299325,0.6663963773008923,0.46075260038231863,0.29848548439342487,0.1778158765561812,0.6211744610281841,0.3775290239604199,0.22727015975923276,0.1611146321795757,0.6024934544263716,0.21955069213999656,0.04723830611179155,2026-08-19T22:34:10Z
824076,666126,Carlos Cortes,ATH,KC,0,6,confirmed,Seth Lugo,Kauffman Stadium,2026-08-19T23:40:00Z,3.467876006708553,447,3258,0.08271001009136174,0.5801024351161782,0.27305064506776394,0.4753690653692905,0.6003135925287242,0.3921503248049874,0.24039248568523067,0.13455754199153475,0.543099017234511,0.3043845989719586,0.173940440114852,0.12483224599365628,0.562937193263783,0.1825641253690618,0.03363323895736657,2026-08-19T22:34:10Z
824076,695600,Carter Jensen,KC,ATH,1,7,confirmed,Jeffrey Springs,Kauffman Stadium,2026-08-19T23:40:00Z,3.591906922482968,625,2167,0.09532531002524487,0.5416748258344528,0.3232186009467739,0.6883269124880701,0.6074165651635115,0.3999646361651135,0.2471074471262707,0.13952415359851392,0.5280151874962462,0.29276445476320145,0.16625941034101271,0.1195797642392438,0.5267502678865664,0.15707424236660666,0.026365170174992656,2026-08-19T22:34:10Z
824076,641680,Jonah Heim,ATH,KC,0,7,confirmed,Seth Lugo,Kauffman Stadium,2026-08-19T23:40:00Z,3.467876006708553,2423,3258,0.09112018443739085,0.5429385569317083,0.2534840848366418,0.49518521008840927,0.5873257494536134,0.38137043691913164,0.23262144425803463,0.12949912895129953,0.5105570119950897,0.278975083259087,0.15715020922579426,0.11347229386682076,0.5279085277400493,0.15844434657791373,0.026995797561847727,2026-08-19T22:34:10Z
824076,686475,Tyler Tolbert,KC,ATH,1,8,confirmed,Jeffrey Springs,Kauffman Stadium,2026-08-19T23:40:00Z,2.913069063426184,308,2167,0.07930031655273947,0.5228709047026591,0.21730715777024978,0.4997456039715854,0.5804766927466564,0.366921424833172,0.21621962849932236,0.11476704479036587,0.49156790603319134,0.25696773423016334,0.13971482463338997,0.10157780044430875,0.50974655994702,0.13401192839479414,0.01587888375550972,2026-08-19T22:34:10Z
824076,622268,Donovan Walton,ATH,KC,0,8,confirmed,Seth Lugo,Kauffman Stadium,2026-08-19T23:40:00Z,3.0414846676747174,401,3258,0.06388769491008629,0.5103105183500121,0.2944447709235664,0.4334986417368459,0.5441660439142553,0.33738037167773055,0.19594171261896043,0.10258206100414219,0.47537236151184364,0.24702673588049667,0.13440120128032942,0.09813520527968203,0.4976705054911745,0.12989060993905008,0.016667521477973075,2026-08-19T22:34:10Z
824076,664728,Kyle Isbel,KC,ATH,1,9,confirmed,Jeffrey Springs,Kauffman Stadium,2026-08-19T23:40:00Z,2.9130690634261835,1883,2167,0.048905765899693365,0.4917142632452986,0.19831248111774433,0.4710664497581166,0.5347549699717452,0.3288977284767535,0.1895196695653502,0.0982693837952351,0.449226835630774,0.22787816502345945,0.12235942617809675,0.09008996254325109,0.48011016465456546,0.11863598487322875,0.01415423382519211,2026-08-19T22:34:10Z
824076,691777,Max Muncy,ATH,KC,0,9,confirmed,Seth Lugo,Kauffman Stadium,2026-08-19T23:40:00Z,3.0414846676747165,588,3258,0.07418535117413058,0.4889065818908579,0.21590492553896787,0.7033495602136984,0.5530112432795052,0.3453716531456264,0.2020461292129544,0.10672708994559908,0.46607709506675626,0.24062365337902347,0.13054347589222354,0.09556377938097887,0.4773554816464468,0.11835807236521934,0.014551346789074234,2026-08-19T22:34:10Z
824155,665161,Jeremy Peña,HOU,LAA,1,1,confirmed,Walbert Ureña,Daikin Park,2026-08-20T00:10:00Z,4.424121144284148,2988,558,0.11139960350779358,0.6791863908268985,0.3350437825690643,0.663455631254809,0.7116271176735606,0.5137213238201412,0.34809154107219376,0.21845694284626807,0.6273071542456147,0.38652369219206006,0.23586577860599373,0.16772808254311194,0.6547029872691934,0.27543723311502294,0.07336215471601386,2026-08-19T22:34:10Z
824155,685133,Wade Meckler,LAA,HOU,0,1,confirmed,Ethan Pecko,Daikin Park,2026-08-20T00:10:00Z,4.211935966510704,413,0,0.08950008398944097,0.6712390618874247,0.37772542311201845,0.62528008868418,0.6665435492048143,0.4647933271496339,0.30513186968028916,0.18535918998367285,0.6028332687465231,0.3640180193798743,0.21974787809780924,0.15688806932025676,0.6473435296472966,0.2699236269680839,0.07291177701672695,2026-08-19T22:34:10Z
824155,670541,Yordan Alvarez,HOU,LAA,1,2,confirmed,Walbert Ureña,Daikin Park,2026-08-20T00:10:00Z,4.357335920851944,2695,558,0.21397271109308863,0.6904682579346202,0.5198767822778624,0.5331156224262542,0.7583891368162753,0.5697855338869067,0.40123859203528217,0.26227925769617194,0.7076502038930552,0.4726293421584854,0.30490186246663004,0.21674440327947755,0.6651521416851357,0.2856044784418143,0.07732043120044986,2026-08-19T22:34:10Z
824155,545361,Mike Trout,LAA,HOU,0,2,confirmed,Ethan Pecko,Daikin Park,2026-08-20T00:10:00Z,4.211935966510705,2233,0,0.18322414928723527,0.6212657005525805,0.4391900674427917,0.7458113475863554,0.6950811134257459,0.4953810104328477,0.33143711485868094,0.20508346047542272,0.6453549634749179,0.40528939040674705,0.2504412086429284,0.17784879772876896,0.6009085471815655,0.22301445477781912,0.051025593682239974,2026-08-19T22:34:10Z
824155,670623,Isaac Paredes,HOU,LAA,1,3,confirmed,Walbert Ureña,Daikin Park,2026-08-20T00:10:00Z,4.190046282984385,2712,558,0.1187846719252527,0.593303950468116,0.48632456909419186,0.5299627239825736,0.6545850845502236,0.4496915957202802,0.2900324868918901,0.17222248088562023,0.5737438907393765,0.33447500399585417,0.1965000086195765,0.14031603224782144,0.5749632471255017,0.19792346100546168,0.04086788852202218,2026-08-19T22:34:10Z
824155,694384,Nolan Schanuel,LAA,HOU,0,3,confirmed,Ethan Pecko,Daikin Park,2026-08-20T00:10:00Z,4.211935966510705,1912,0,0.09684430892953616,0.6578189011768857,0.4233203393767674,0.4513012439309384,0.6641773315395952,0.46068678049104894,0.3000773727871977,0.18023945176918488,0.592867898660771,0.35282421313415085,0.21019621642363134,0.14977447271222824,0.634921932653827,0.25422116483016527,0.06318270393792062,2026-08-19T22:34:10Z
824155,514888,Jose Altuve,HOU,LAA,1,4,confirmed,Walbert Ureña,Daikin Park,2026-08-20T00:10:00Z,4.190046282984384,3073,558,0.11196950266212442,0.6377430638534715,0.35724671784224454,0.6020665620443011,0.6944745124186614,0.4922910067417483,0.32700712107695856,0.20042945350901004,0.5968196652805847,0.35515665297763194,0.21123833733944536,0.1503186268854955,0.6163910461884112,0.23385206162871716,0.053620657425798204,2026-08-19T22:34:10Z
824155,687263,Zach Neto,LAA,HOU,0,4,confirmed,Ethan Pecko,Daikin Park,2026-08-20T00:10:00Z,4.211935966510704,2175,0,0.12679645407202464,0.622499212011797,0.3279471951477715,0.775005155991698,0.6774631195552826,0.47444055535476587,0.31179809548415743,0.18906568789905395,0.613482622494215,0.3719385369450278,0.22418891834253557,0.15938684777322,0.6021625575104691,0.22214296037851736,0.049925495855026356,2026-08-19T22:34:10Z
824155,664774,LaMonte Wade Jr.,HOU,LAA,1,5,confirmed,Walbert Ureña,Daikin Park,2026-08-20T00:10:00Z,3.782849502175395,1720,558,0.09730361417843615,0.5483723025018429,0.5477599768687137,0.557620897066952,0.6145792192376079,0.4078682433742976,0.2541396247485673,0.14501609131407464,0.5255307042083072,0.29163322187949986,0.16591439123888174,0.11942066601212512,0.53296973000849,0.1629665182081355,0.02868129764167646,2026-08-19T22:34:10Z
824155,694208,Moisés Ballesteros,LAA,HOU,0,5,confirmed,Ethan Pecko,Daikin Park,2026-08-20T00:10:00Z,3.7000304005004416,378,0,0.11324532406299022,0.5925934284853036,0.31357796740358435,0.5372610713146864,0.6331369444406943,0.42614378831579536,0.2692577100429822,0.1561807098575694,0.5687774595140249,0.3285703827981664,0.19171810046160875,0.1370102194371296,0.5744410973898715,0.19516448254988675,0.03917685231331481,2026-08-19T22:34:10Z
824155,701358,Cam Smith,HOU,LAA,1,6,confirmed,Walbert Ureña,Daikin Park,2026-08-20T00:10:00Z,3.782849502175395,1033,558,0.09419855465386273,0.5525851703132955,0.3475098687008485,0.6720035130979194,0.6099046642478152,0.40318826681328884,0.2502099689012766,0.1420741522662054,0.5302643108835648,0.29536394854575615,0.1683373029468026,0.12101700968070901,0.536937277145674,0.16559146586422438,0.02923829681274135,2026-08-19T22:34:10Z
824155,687093,Vaughn Grissom,LAA,HOU,0,6,confirmed,Ethan Pecko,Daikin Park,2026-08-20T00:10:00Z,3.7000304005004407,794,0,0.07707750987618414,0.5948154471344468,0.2578817566543581,0.555554787901297,0.6074297461591044,0.40124090184699596,0.24895356023309045,0.14140318261236348,0.5363879884348673,0.300885063678278,0.1723280938432343,0.12375884540114426,0.5764630731267704,0.19721071941952356,0.03959104980931156,2026-08-19T22:34:10Z
824155,572233,Christian Walker,HOU,LAA,1,7,confirmed,Walbert Ureña,Daikin Park,2026-08-20T00:10:00Z,3.782849502175395,3279,558,0.12540921053834433,0.5603946472006406,0.3698242646408472,0.6679706514223361,0.6428912126791297,0.43594300310765954,0.2770743404685953,0.16152390804235003,0.5643058341371301,0.324382190676804,0.1883613895074767,0.1344891331919113,0.5442610788117149,0.17099531896192768,0.0306773348131442,2026-08-19T22:34:10Z
824155,666139,Josh Lowe,LAA,HOU,0,7,confirmed,Ethan Pecko,Daikin Park,2026-08-20T00:10:00Z,3.700030400500441,1940,0,0.11949857310230866,0.5965765563874605,0.2612598580997559,0.6768101762647788,0.6367963917287841,0.42980280337829385,0.27210504858055135,0.15803987093951816,0.5850206890593153,0.3430596718490524,0.20183942580611855,0.14373681937537858,0.5781383917139369,0.19803115210108693,0.03962092401131896,2026-08-19T22:34:10Z
824155,666211,Taylor Trammell,HOU,LAA,1,8,confirmed,Walbert Ureña,Daikin Park,2026-08-20T00:10:00Z,3.076591533140925,615,558,0.0963921332614626,0.47576468368601293,0.4024910629212146,0.6408973926501675,0.5620551107735052,0.35330404670126264,0.20793354990608456,0.1106037653412143,0.48367496233073687,0.2535623779446785,0.13869228501526132,0.10100025574303718,0.4648704641753342,0.11134014311654873,0.013176307065887407,2026-08-19T22:34:10Z
824155,694203,Denzer Guzman,LAA,HOU,0,8,confirmed,Ethan Pecko,Daikin Park,2026-08-20T00:10:00Z,3.25823078017345,281,0,0.0949076212558935,0.5384846924843987,0.23115025806763634,0.6496865837634339,0.5835984256388458,0.3750060178520271,0.22591259141166536,0.12374308272193181,0.5167137889207178,0.28122362910059523,0.157584688435017,0.11370831061606931,0.5239936195125543,0.1513620612422594,0.02353489957474288,2026-08-19T22:34:10Z
824155,543877,Christian Vázquez,HOU,LAA,1,9,confirmed,Walbert Ureña,Daikin Park,2026-08-20T00:10:00Z,3.076591533140925,1711,558,0.056071134473756876,0.4767566229658682,0.2398769158935964,0.48954487521237744,0.518529551527038,0.31712432605371366,0.18212595159829267,0.09422007904745494,0.42493457576403976,0.21257548816938157,0.11354778258955485,0.08412684553490796,0.46573111353018637,0.1130296908604023,0.013968498867935313,2026-08-19T22:34:10Z
824155,672724,Oswald Peraza,LAA,HOU,0,9,confirmed,Ethan Pecko,Daikin Park,2026-08-20T00:10:00Z,3.174525567603196,1025,0,0.06559756893176644,0.4978007432876674,0.21010524986818002,0.6700412836806586,0.5291999004290578,0.32636373435028937,0.18898012294380565,0.09876426583956534,0.457295192147206,0.23543840326586937,0.1277625749092211,0.09370642140059056,0.48566106467309156,0.12516803545714397,0.016707334808327923,2026-08-19T22:34:10Z
824318,664983,Jake McCarthy,COL,LAD,1,1,confirmed,Roki Sasaki,Coors Field,2026-08-20T00:40:00Z,4.101384537602854,2075,755,0.1135599273233335,0.6648670232938357,0.3450183584607436,0.5126121367522053,0.6887959945627711,0.4875835711137239,0.3240559437328221,0.19908594107541097,0.6301357960831746,0.3890917996134908,0.23767845800908705,0.16893087468306245,0.6414613897879972,0.26118456840315496,0.06666723996298526,2026-08-19T22:34:10Z
824318,660271,Shohei Ohtani,LAD,COL,0,1,confirmed,Kyle Freeland,Coors Field,2026-08-20T00:40:00Z,4.767624311159052,3541,3476,0.3024995770788874,0.7514819488217526,0.33784977301853897,0.7081789507601439,0.8033742922872975,0.6316804433312858,0.4668602181775381,0.3221383458857187,0.7962743212586195,0.5900822823525406,0.41476369225179877,0.30209614528498374,0.7213196603686032,0.3562907024478207,0.11714349321302621,2026-08-19T22:34:10Z
824318,666160,Mickey Moniak,COL,LAD,1,2,confirmed,Roki Sasaki,Coors Field,2026-08-20T00:40:00Z,3.89384466128838,1883,755,0.2062555665535371,0.6349596325006571,0.3053073369369936,0.6627086601737138,0.6962712721933076,0.4947745985525312,0.3296874820520478,0.20291371911201023,0.678221949838716,0.43830603349750663,0.27583060141070803,0.19555721182255054,0.6137856775691658,0.23223591203824795,0.05362115771593729,2026-08-19T22:34:10Z
824318,681624,Andy Pages,LAD,COL,0,2,confirmed,Kyle Freeland,Coors Field,2026-08-20T00:40:00Z,4.446205650656379,1843,3476,0.17557935316685644,0.7264271129608357,0.3074600194234754,0.562384844976139,0.7477753025504872,0.5575177904948165,0.39011626565502194,0.25358540074055197,0.7044905017507681,0.4701694810579929,0.3036920798531547,0.21629774909091273,0.6982664369858742,0.32580887112544676,0.09888410763074641,2026-08-19T22:34:10Z
824318,694249,Cole Carrigg,COL,LAD,1,3,confirmed,Roki Sasaki,Coors Field,2026-08-20T00:40:00Z,3.8938446612883797,284,755,0.11053281063105684,0.6178536530483822,0.39142532338233926,0.6047852532101015,0.659112608473238,0.4539788917520721,0.2933657982477278,0.1744798067938666,0.6028443900603415,0.36086745574261503,0.21545676014234433,0.15320943361622139,0.5978907952454211,0.21695346519374073,0.04722922603380182,2026-08-19T22:34:10Z
824318,606192,Teoscar Hernández,LAD,COL,0,3,confirmed,Kyle Freeland,Coors Field,2026-08-20T00:40:00Z,4.423884252132341,3129,3476,0.2038666820013808,0.7240370383319994,0.27602465289571054,0.6773208618577072,0.7506602091322804,0.56055166858224,0.39261646748366,0.2553347563972461,0.7223502348213602,0.4907627908691566,0.3209623558220679,0.22878940526751756,0.6960795623703377,0.32216057626273736,0.09622876061974707,2026-08-19T22:34:10Z
824318,681198,TJ Rumfield,COL,LAD,1,4,confirmed,Roki Sasaki,Coors Field,2026-08-20T00:40:00Z,3.6739991383604873,621,755,0.12837859246500158,0.6130338662778382,0.4356531738606893,0.436825185461967,0.6582000156106612,0.45182378779248566,0.2907204957222074,0.17192934186934222,0.5947763602717001,0.35210126400481995,0.20844119021843932,0.14826032847418874,0.5934893244841294,0.2112179075451545,0.04427728834492161,2026-08-19T22:34:10Z
824318,518692,Freddie Freeman,LAD,COL,0,4,confirmed,Kyle Freeland,Coors Field,2026-08-20T00:40:00Z,4.42388425213234,3594,3476,0.13214515893606318,0.7491069427976706,0.31310928894795925,0.5334729566760488,0.7565908955004196,0.5675964238039962,0.39920109922165176,0.2606693490518547,0.7030230501296099,0.4673605801065222,0.3005800433470964,0.21369128574503932,0.7191279062868934,0.3502742820816918,0.11099753394173843,2026-08-19T22:34:10Z
824318,691728,Zac Veen,COL,LAD,1,5,confirmed,Roki Sasaki,Coors Field,2026-08-20T00:40:00Z,3.311286875961402,226,755,0.13910375082361717,0.5507349272956759,0.35224741234313084,0.6665744373878231,0.618395660642345,0.4077035508170876,0.251581764338631,0.1416167593016457,0.5673984456285601,0.32340998287815226,0.18616813407843671,0.13286670158169797,0.5355259629131875,0.15942669447292393,0.025709698021323973,2026-08-19T22:34:10Z
824318,605141,Mookie Betts,LAD,COL,0,5,confirmed,Kyle Freeland,Coors Field,2026-08-20T00:40:00Z,4.363130813373825,3236,3476,0.19306088296527266,0.7142676128339642,0.32425193696101895,0.407292777023919,0.7507981660468714,0.5598377435751812,0.3911634502142831,0.25349342962803884,0.7117275666640835,0.47702878677891913,0.3084010178919274,0.21919672467937606,0.68710896462981,0.30992881364077546,0.08879969674782147,2026-08-19T22:34:10Z
824318,681393,Connor Norby,COL,LAD,1,6,confirmed,Roki Sasaki,Coors Field,2026-08-20T00:40:00Z,3.311286875961402,942,755,0.09473681603526725,0.527861079339405,0.3482539248500749,0.6651022430245241,0.5934660269781523,0.3863420824937414,0.236076789819773,0.13161564628528788,0.5129391778425578,0.28020823656709704,0.1577019443889032,0.1138165609618223,0.5137748748168885,0.1475558094399538,0.02363376269379213,2026-08-19T22:34:10Z
824318,500743,Miguel Rojas,LAD,COL,0,6,confirmed,Kyle Freeland,Coors Field,2026-08-20T00:40:00Z,3.8193040214570053,2004,3476,0.09523409771929738,0.6662090046863736,0.24651958020498682,0.3577298641925126,0.6618721781230769,0.45609459792112794,0.29477629990684373,0.17533678650219947,0.6040819018263573,0.3613122715537092,0.21554935845619277,0.15328732888679444,0.6428557178566637,0.25854656250301306,0.06332948033647316,2026-08-19T22:34:10Z
824318,691182,Adael Amador,COL,LAD,1,7,confirmed,Roki Sasaki,Coors Field,2026-08-20T00:40:00Z,3.177933493894974,277,755,0.09861265732347946,0.5146470154186361,0.37509382976915623,0.44551933090393414,0.5598967068413172,0.35287631287296883,0.20856099901977854,0.11165531378795021,0.5056006085901406,0.2716272513156085,0.15090448424384725,0.10919622364223625,0.5015855554948864,0.13523065612247065,0.019036253445867606,2026-08-19T22:34:10Z
824318,663656,Kyle Tucker,LAD,COL,0,7,confirmed,Kyle Freeland,Coors Field,2026-08-20T00:40:00Z,3.8193040214570058,3022,3476,0.13473534004597187,0.6185339082281037,0.34141823766520074,0.4750732454955801,0.6798743983303147,0.4758662287790514,0.3120016075715373,0.1883464336406697,0.6091803039978466,0.3664688948583474,0.21922050590265285,0.1555994588706775,0.598527680919967,0.21681788799441368,0.04646382550770887,2026-08-19T22:34:10Z
824318,664954,Brett Sullivan,COL,LAD,1,8,confirmed,Roki Sasaki,Coors Field,2026-08-20T00:40:00Z,3.1779334938949737,420,755,0.12671969297015107,0.5444602426772658,0.29051271897597775,0.40871344837130585,0.615789611808009,0.40311109838705367,0.2464394575880841,0.13694326656079583,0.559723915164519,0.3146475193351813,0.1790184493959692,0.12783341590060948,0.5297952377933148,0.15234312084062054,0.022399789799150697,2026-08-19T22:34:10Z
824318,571771,Enrique Hernández,LAD,COL,0,8,confirmed,Kyle Freeland,Coors Field,2026-08-20T00:40:00Z,3.545508096172594,1850,3476,0.10996915483839925,0.6015302288310705,0.22620656540621584,0.5440990466962282,0.6367407844270074,0.42848515295895434,0.2702310337829355,0.15616357515591114,0.5737904376788554,0.3317060056152413,0.1931976652120894,0.13779167589250502,0.5828707766141252,0.200058848293244,0.039526852105052565,2026-08-19T22:34:10Z
824318,678662,Ezequiel Tovar,COL,LAD,1,9,confirmed,Roki Sasaki,Coors Field,2026-08-20T00:40:00Z,3.177933493894974,2384,755,0.10239291806409133,0.5259285368760465,0.24811547850892496,0.5748080309269304,0.5962224336615062,0.38750451855359846,0.23613179602077758,0.13110099135015657,0.524959210626594,0.2886043999635151,0.16279415022929794,0.11719556638124583,0.512078155866893,0.1444816547750155,0.022174034439958135,2026-08-19T22:34:10Z
824318,666163,Ben Rortvedt,LAD,COL,0,9,confirmed,Kyle Freeland,Coors Field,2026-08-20T00:40:00Z,3.0067926780184773,661,3476,0.059248497242851944,0.4900845873946067,0.23680311704110443,0.5376133775016837,0.5073474656116401,0.3065417048499391,0.17374480124943803,0.08833832648989565,0.44224535574514157,0.22317695603554447,0.11951758200285434,0.08817091756763164,0.47854031414830134,0.11801774871046666,0.014064314739269541,2026-08-19T22:34:10Z
824394,680757,Steven Kwan,CLE,SF,1,1,confirmed,Matt Wilkinson,Progressive Field,2026-08-19T22:40:00Z,4.477814737999527,3432,0,0.08048536378391934,0.7115855370821387,0.43958618975637104,0.39448494885751123,0.7252154561804444,0.529717459517211,0.36310854545219523,0.23077384583988428,0.6264339700056257,0.38571134058767653,0.2352871020362336,0.1673442723772196,0.6846080531564936,0.3088905587863479,0.08962510770300045,2026-08-19T22:34:10Z
824394,813841,Jonah Cox,SF,CLE,0,1,confirmed,Parker Messick,Progressive Field,2026-08-19T22:40:00Z,4.037028563055357,51,813,0.10703269106645043,0.6258306005852295,0.25089523282134335,0.7843600501708342,0.6600044779689676,0.4575337623171472,0.2988698378056537,0.18074102299941938,0.5920431872807081,0.35369550460792537,0.21225932111961568,0.15189095325886173,0.6052363222953676,0.22836054633888195,0.05553889047109416,2026-08-19T22:34:10Z
824394,608070,José Ramírez,CLE,SF,1,2,confirmed,Matt Wilkinson,Progressive Field,2026-08-19T22:40:00Z,4.36533489313861,3467,0,0.13592987503513634,0.6746818885874868,0.34193523695928785,0.4520828119358135,0.7259246309197263,0.5298569481200059,0.36265343766188796,0.2299311094634627,0.6540101073260327,0.41315731988029486,0.25619988996642307,0.18185403975058162,0.6505659118259604,0.2699677200461007,0.07017020444449476,2026-08-19T22:34:10Z
824394,646240,Rafael Devers,SF,CLE,0,2,confirmed,Parker Messick,Progressive Field,2026-08-19T22:40:00Z,4.037028563055356,3302,813,0.13312364934901294,0.6142059365494689,0.3025977693427435,0.6886265489377846,0.673784380827252,0.47307970492233764,0.3120499786213249,0.1901058872498252,0.6084391016491926,0.36947006554643796,0.22322283290691447,0.15879824784620206,0.5942231820345591,0.21854055566207348,0.04953048642733969,2026-08-19T22:34:10Z
824394,663993,Nathaniel Lowe,CLE,SF,1,3,confirmed,Matt Wilkinson,Progressive Field,2026-08-19T22:40:00Z,4.1610885860100435,3157,0,0.1253793280726267,0.6602707626522984,0.36927979850947296,0.631333513224485,0.683145285830034,0.48018497462315635,0.3165428397435056,0.19250264594320504,0.6250398727780035,0.38278069313852614,0.23211471525462624,0.16478797997596817,0.6372584197307848,0.2549162842555771,0.0626305458041815,2026-08-19T22:34:10Z
824394,642715,Willy Adames,SF,CLE,0,3,confirmed,Parker Messick,Progressive Field,2026-08-19T22:40:00Z,4.037028563055356,3376,813,0.14317929233593027,0.5851590902271753,0.30746387123561925,0.7425622119950432,0.6489985201747991,0.4453634827457975,0.28708844486445817,0.1704125861368658,0.5929991637076062,0.35345795650732725,0.21072715152903532,0.15006085595928464,0.5672195770725531,0.19342878188897575,0.039717236554295716,2026-08-19T22:34:10Z
824394,682657,Angel Martínez,CLE,SF,1,4,confirmed,Matt Wilkinson,Progressive Field,2026-08-19T22:40:00Z,3.898329258277165,1117,0,0.09756938307144561,0.6096148260998488,0.23051562397793765,0.6186542194001513,0.633353751039422,0.42705415582545964,0.2703257226589919,0.15709879279962466,0.579018821399033,0.3383450153198195,0.19884184152868564,0.14180716494465292,0.5902527901823851,0.20950843407497427,0.04423440733853768,2026-08-19T22:34:10Z
824394,805811,Bryce Eldridge,SF,CLE,0,4,confirmed,Parker Messick,Progressive Field,2026-08-19T22:40:00Z,4.037028563055357,434,813,0.09913125104295388,0.5876640544982933,0.36536333458607956,0.7759140693689307,0.6317461399276266,0.42651183464148584,0.2705880333824359,0.15778891967130282,0.560324536159088,0.32273648667850735,0.1882149789292195,0.13468051321275032,0.5696763600437892,0.19384459556250705,0.03959614096417393,2026-08-19T22:34:10Z
824394,683953,Travis Bazzana,CLE,SF,1,5,confirmed,Matt Wilkinson,Progressive Field,2026-08-19T22:40:00Z,3.898329258277166,435,0,0.10800010650591448,0.6118826842869607,0.4028487660777162,0.5849975633744476,0.6484715427056955,0.44229961058052786,0.2828680006544954,0.16614574771378768,0.5818936050502784,0.3407370506469197,0.2003177024698439,0.1426810853198833,0.5923552227283694,0.21099358012138333,0.04423735387171639,2026-08-19T22:34:10Z
824394,682674,Victor Bericoto,SF,CLE,0,5,confirmed,Parker Messick,Progressive Field,2026-08-19T22:40:00Z,3.554604314192898,146,813,0.12019353573763239,0.6009256629985246,0.19311466930969087,0.6372923241657571,0.6604971475989495,0.45257781355162374,0.2905329704439632,0.17141869153010084,0.5828140628306085,0.3397371538752499,0.19914421447078756,0.14204991793941754,0.5823650051974126,0.19955915233795637,0.039978232977430805,2026-08-19T22:34:10Z
824394,694197,Angel Genao,CLE,SF,1,6,confirmed,Matt Wilkinson,Progressive Field,2026-08-19T22:40:00Z,3.1720020924614603,71,0,0.07582093100274033,0.5506383980599626,0.271613321304805,0.4388452883972952,0.5822484994240928,0.3732574111765434,0.22424314685382646,0.12238296785563914,0.5105899278469828,0.2758985119745265,0.15386794824119812,0.1111968369494889,0.5354771364263192,0.15856876676832893,0.02505777066300707,2026-08-19T22:34:10Z
824394,808982,Jung Hoo Lee,SF,CLE,0,6,confirmed,Parker Messick,Progressive Field,2026-08-19T22:40:00Z,3.5546043141928987,1346,813,0.0596678740316989,0.5995961264112796,0.20511955816020935,0.3993575615950555,0.6115979978598889,0.4068167389216508,0.2542572680946477,0.1456348975755805,0.5384358211860235,0.3039267355527268,0.17482915225668064,0.1254052816061095,0.5807592207590379,0.20329214238247714,0.04228190455046401,2026-08-19T22:34:10Z
824394,690984,Petey Halpin,CLE,SF,1,7,confirmed,Matt Wilkinson,Progressive Field,2026-08-19T22:40:00Z,3.031016108048846,228,0,0.0765341909258234,0.5247970000761335,0.242457641334127,0.516005854694284,0.5583950363794111,0.3491738591721704,0.2042599510203906,0.10776973259530111,0.4937902333925646,0.2602650250942151,0.14255492370338113,0.10353899557900872,0.5114026666065069,0.13777689950057986,0.017978525257476737,2026-08-19T22:34:10Z
824394,678545,Osleivis Basabe,SF,CLE,0,7,confirmed,Parker Messick,Progressive Field,2026-08-19T22:40:00Z,3.107415785338389,249,813,0.07425153926410102,0.5459288361178736,0.18353451237037466,0.5125496593753507,0.5765951968611983,0.3667577956337986,0.21839217955438214,0.1178288907182305,0.5068164502579923,0.27165726808145696,0.15053620206541263,0.10892761406623494,0.5311794413195464,0.15335173967543494,0.022748145112253867,2026-08-19T22:34:10Z
824394,595978,Austin Hedges,CLE,SF,1,8,confirmed,Matt Wilkinson,Progressive Field,2026-08-19T22:40:00Z,3.0310161080488456,1270,0,0.0607376550624289,0.4546722789734009,0.25720275954255345,0.5251135450236798,0.4915502688915494,0.29459053058781937,0.16584714384344706,0.0837029829622758,0.412695009301849,0.2037765331109064,0.10801338701246496,0.08039905334383343,0.44479032617019076,0.10062512641123877,0.011233902293506834,2026-08-19T22:34:10Z
824394,701852,Drew Cavanaugh,SF,CLE,0,8,confirmed,Parker Messick,Progressive Field,2026-08-19T22:40:00Z,3.1074157853383886,91,813,0.055906663761346787,0.5150799597119738,0.26854760499834973,0.5409774058630136,0.5227083236976163,0.3205842620761857,0.18460412759242323,0.09581155630545272,0.45848766070572794,0.23596837688450034,0.1279688750665932,0.09384683022532904,0.5020500992546205,0.13469029999792315,0.018603743144104158,2026-08-19T22:34:10Z
824394,677587,Brayan Rocchio,CLE,SF,1,9,confirmed,Matt Wilkinson,Progressive Field,2026-08-19T22:40:00Z,3.0310161080488456,1630,0,0.05991797233490658,0.5159169643979916,0.2284756546007336,0.4196924310354969,0.5550885385871,0.34782744647112657,0.2042982089180491,0.10850264522740286,0.467780214011407,0.24243557335751406,0.13192705992108913,0.09649716127035035,0.5028687345924149,0.13477507291297167,0.01846513144881909,2026-08-19T22:34:10Z
824394,683766,Christian Koss,SF,CLE,0,9,confirmed,Parker Messick,Progressive Field,2026-08-19T22:40:00Z,2.8930143837890934,419,813,0.06081361931176599,0.5113175408413848,0.2004890280901272,0.5352787220635393,0.556144965457928,0.34574384945613545,0.20077452195880546,0.1048404973459238,0.46026131818855115,0.23444315083256678,0.12585202354678784,0.09239940547670052,0.4988091473121367,0.1276031712795026,0.014854181718351067,2026-08-19T22:34:10Z
824476,682829,Elly De La Cruz,CIN,STL,1,1,confirmed,Matthew Liberatore,Great American Ball Park,2026-08-19T22:40:00Z,4.452507451694292,2514,2225,0.13865994988459496,0.6685480615706278,0.38449956133892566,0.7682497666587552,0.721491371389548,0.5252804816151443,0.3589017022099163,0.22729169806156757,0.6594979209713949,0.41967585504839394,0.261827658768013,0.18601768979159708,0.644860580344413,0.2651485053751255,0.06875552833362784,2026-08-19T22:34:10Z
824476,802139,JJ Wetherholt,STL,CIN,0,1,confirmed,Chase Burns,Great American Ball Park,2026-08-19T22:40:00Z,4.71488445652562,618,795,0.1514765448581449,0.6492300323356942,0.5409588592273766,0.6565975886801473,0.7042375249526719,0.5062599336906954,0.34205430432513445,0.21424618515163546,0.6273985301066848,0.38769963890920917,0.2374191651930563,0.1690561172896843,0.6269055427187822,0.24873480598189177,0.06268877457714297,2026-08-19T22:34:10Z
824476,701398,Sal Stewart,CIN,STL,1,2,confirmed,Matthew Liberatore,Great American Ball Park,2026-08-19T22:40:00Z,4.181324502104799,707,2225,0.20322606519431963,0.6822514227960256,0.35038709114199923,0.5732598978063985,0.7258996845191288,0.5296411585651282,0.36225313377302093,0.2294210575145683,0.6937209231151055,0.45631963943395687,0.29099275709769507,0.20654065026767285,0.6575633576647277,0.2770293453961693,0.07302164464985438,2026-08-19T22:34:10Z
824476,671056,Iván Herrera,STL,CIN,0,2,confirmed,Chase Burns,Great American Ball Park,2026-08-19T22:40:00Z,4.473480379391125,1458,795,0.10449972467946722,0.6417984973045563,0.39488056256476606,0.7031118930648779,0.6712686113207599,0.469050803089733,0.308074337961287,0.1869607782767013,0.5921660342286944,0.3530101662813654,0.21087438485103846,0.1504425004193871,0.6200358564301408,0.2410094690006363,0.058774797539470965,2026-08-19T22:34:10Z
824476,667472,Dane Myers,CIN,STL,1,3,confirmed,Matthew Liberatore,Great American Ball Park,2026-08-19T22:40:00Z,3.787711527046064,886,2225,0.10581509017817656,0.636437195194798,0.356656157215845,0.5894523659334852,0.6471628668103478,0.4409152499902001,0.28197115025172986,0.16582512109364964,0.5875879228710044,0.3460718700239953,0.2045175224056532,0.14578401998725732,0.6152532834692019,0.23186604405071323,0.05282434022465021,2026-08-19T22:34:10Z
824476,676475,Alec Burleson,STL,CIN,0,3,confirmed,Chase Burns,Great American Ball Park,2026-08-19T22:40:00Z,4.263969788101368,2332,795,0.15150913028984597,0.6771525732941179,0.34590406871392443,0.6113666625403759,0.6981639189834238,0.4980112318800271,0.3334300119962796,0.20648696912875253,0.654735286714165,0.41427527504440526,0.25729529447575145,0.1827071133788724,0.65283487688362,0.27291879979013195,0.07184960287644394,2026-08-19T22:34:10Z
824476,553993,Eugenio Suárez,CIN,STL,1,4,confirmed,Matthew Liberatore,Great American Ball Park,2026-08-19T22:40:00Z,3.787711527046064,3274,2225,0.20895574464667663,0.5971183626433098,0.35118909404075177,0.7577518524132687,0.6726927837415467,0.46874956847206806,0.30614355320055264,0.1840660553167267,0.6515168932478149,0.40952190998135374,0.2523267776143159,0.17852536932061014,0.5785103064014039,0.2003400343246924,0.04088775702212214,2026-08-19T22:34:10Z
824476,691023,Jordan Walker,STL,CIN,0,4,confirmed,Chase Burns,Great American Ball Park,2026-08-19T22:40:00Z,4.243293399831498,1784,795,0.10453180742241712,0.6346790431164441,0.26885173431712234,0.7875970380085555,0.6674495738334529,0.4637735151980875,0.3025759952970813,0.182064527376394,0.5917264726941864,0.35142658586506753,0.2090781624655617,0.14901843157574327,0.6134887303475913,0.23282122854880544,0.05428679785885232,2026-08-19T22:34:10Z
824476,663886,Tyler Stephenson,CIN,STL,1,5,confirmed,Matthew Liberatore,Great American Ball Park,2026-08-19T22:40:00Z,3.7877115270460644,2135,2225,0.13785475266353678,0.6297269748360705,0.34316208626480416,0.6385752438461086,0.666208096298102,0.460553605210161,0.2983118774969402,0.1776747252987738,0.6162973791180942,0.3727752189501702,0.22370406583688152,0.15865323459985764,0.6089888686467864,0.22545153767130535,0.04939641095549329,2026-08-19T22:34:10Z
824476,701675,Nathan Church,STL,CIN,0,5,confirmed,Chase Burns,Great American Ball Park,2026-08-19T22:40:00Z,3.859030515102456,502,795,0.11231798565816903,0.5784324282071982,0.3166366509983444,0.6159476127488324,0.614374948960547,0.40848457915512915,0.2552906952336375,0.14635305991057107,0.5548447687094435,0.3171875409946948,0.18403922703297498,0.13183848263615802,0.5611194235064204,0.18569725595122624,0.03655480851793964,2026-08-19T22:34:10Z
824476,669911,Michael Toglia,CIN,STL,1,6,confirmed,Matthew Liberatore,Great American Ball Park,2026-08-19T22:40:00Z,3.687618715354314,1340,2225,0.1250928164102187,0.5492289317425656,0.297411836158133,0.8307473330039686,0.6118166644530648,0.4047258392151622,0.2512697066413426,0.14271809468024693,0.5616208504234123,0.3217320668962242,0.18644816529936248,0.13323318584698068,0.5338106114898109,0.16288084969314132,0.028310693806196736,2026-08-19T22:34:10Z
824476,691026,Masyn Winn,STL,CIN,0,6,confirmed,Chase Burns,Great American Ball Park,2026-08-19T22:40:00Z,3.8590305151024564,2008,795,0.0681455949591242,0.5695206215680434,0.2776758372732647,0.696931770642365,0.5919631161316319,0.38718226653879095,0.23804197495177046,0.13382787357721496,0.5135352553179539,0.2826474889206887,0.16009073193875487,0.11547662587137156,0.5527274360081845,0.17915439482808276,0.03392373726983609,2026-08-19T22:34:10Z
824476,668709,JJ Bleday,CIN,STL,1,7,confirmed,Matthew Liberatore,Great American Ball Park,2026-08-19T22:40:00Z,3.687618715354314,2133,2225,0.1205987361390439,0.5521584449057174,0.37251402926835125,0.6271054853555599,0.6174969510366475,0.4101512839386307,0.2555693081879885,0.14572312824250294,0.5606422313398883,0.32077109164801004,0.1856942456354976,0.13269028517225526,0.5365685129298479,0.16472560860410435,0.028714121100880056,2026-08-19T22:34:10Z
824476,663494,Bryan Torres,STL,CIN,0,7,confirmed,Chase Burns,Great American Ball Park,2026-08-19T22:40:00Z,3.026706290333768,152,795,0.10040723420851547,0.5033351068272761,0.28676172660756805,0.5917630246981703,0.5424541465288253,0.33587070922292445,0.19481780795402195,0.10184070550837956,0.49986183277109825,0.2652827278407955,0.14596175842116738,0.10583341317722351,0.4910749630960062,0.12579834547308996,0.015800990096923505,2026-08-19T22:34:10Z
824476,624431,Jose Trevino,CIN,STL,1,8,confirmed,Matthew Liberatore,Great American Ball Park,2026-08-19T22:40:00Z,3.3719804559287043,1341,2225,0.11141279339945571,0.5811620900927206,0.20471728392480507,0.4035529308286311,0.6079875257742842,0.3984479170043211,0.24463330125107616,0.13696519789261963,0.5556187985408673,0.31395725058733687,0.1799115185468156,0.12866976845517597,0.5639945224520679,0.18171557074585448,0.0322937576270097,2026-08-19T22:34:10Z
824476,691458,Blaze Jordan,STL,CIN,0,8,confirmed,Chase Burns,Great American Ball Park,2026-08-19T22:40:00Z,3.026706290333768,228,795,0.06102632820076882,0.5015853258892599,0.17886597095703438,0.5238404548248922,0.519851937975945,0.31730273429488615,0.18169607586442865,0.09358616809950716,0.46507264459452885,0.23983302199923184,0.13002708112152292,0.0952205196788682,0.48938195536331575,0.1253377488420305,0.01594263837866336,2026-08-19T22:34:10Z
824476,680574,Matt McLain,CIN,STL,1,9,confirmed,Matthew Liberatore,Great American Ball Park,2026-08-19T22:40:00Z,3.371980455928704,1532,2225,0.12387019163795489,0.5725309474208832,0.3277331151381127,0.6337244452532155,0.6390884815057742,0.42993252379745855,0.2707607204293137,0.15604670965196354,0.5690821260397098,0.3266152823905336,0.18910915406316703,0.13488246662231812,0.5558175241773566,0.17689508503149057,0.03142223003299684,2026-08-19T22:34:10Z
824476,699625,Jimmy Crooks,STL,CIN,0,9,confirmed,Chase Burns,Great American Ball Park,2026-08-19T22:40:00Z,2.9419682535641125,212,795,0.10001064657900977,0.4808773838850884,0.25780990681628146,0.7398622853042013,0.5296618885507652,0.32400989689126025,0.18556948714616048,0.09543409020146655,0.48420140465394046,0.25239470824656196,0.13727270236957367,0.10000973642171984,0.469883530849524,0.11184179677908189,0.012382291247046286,2026-08-19T22:34:10Z
824640,691718,Pete Crow-Armstrong,CHC,CWS,1,1,confirmed,Sean Newcomb,Wrigley Field,2026-08-19T18:20:00Z,4.313919819421908,1794,1085,0.14043853303360182,0.64049041158506,0.41016952133105095,0.7440901040972314,0.7116593720948718,0.5137384594528414,0.3480867629599705,0.21843327865526782,0.6366079816404984,0.3958565816332464,0.24304468507807697,0.17274378681777655,0.6188419385696095,0.23917720431890296,0.05758781314856206,2026-08-19T22:34:10Z
824640,803011,Sam Antonacci,CWS,CHC,0,1,confirmed,Clay Holmes,Wrigley Field,2026-08-19T18:20:00Z,4.607087372975832,453,2011,0.10194112164834421,0.6641158255205637,0.47230786204609837,0.5203838223299827,0.7078943050423658,0.5104396096692962,0.3458773961302598,0.21730393980369972,0.6123448052007953,0.372832518569459,0.22602214943764543,0.1610594944293486,0.6407097213689942,0.2625504717425711,0.06866728150271773,2026-08-19T22:34:10Z
824640,673548,Seiya Suzuki,CHC,CWS,1,2,confirmed,Sean Newcomb,Wrigley Field,2026-08-19T18:20:00Z,4.313919819421908,2887,1085,0.16616857948335095,0.6787010916600268,0.4368016956681882,0.6965818768582864,0.7318555499257515,0.5368466886942234,0.3691464371914049,0.23516366297124952,0.6761309891427091,0.436746845302086,0.27497421693415863,0.19510080212260256,0.6542820220381554,0.2736638139390594,0.07161325325026964,2026-08-19T22:34:10Z
824640,808959,Munetaka Murakami,CWS,CHC,0,2,confirmed,Clay Holmes,Wrigley Field,2026-08-19T18:20:00Z,4.607087372975833,424,2011,0.20821229356368115,0.6351456110485851,0.5422806529275335,0.8226977990474001,0.7478833479876259,0.5577541932834839,0.39047449187406236,0.25401365816038973,0.6706854478031051,0.432241183807316,0.27231554578335265,0.19366433727629606,0.6138501230834698,0.23530335026966773,0.056586223276479664,2026-08-19T22:34:10Z
824640,608324,Alex Bregman,CHC,CWS,1,3,confirmed,Sean Newcomb,Wrigley Field,2026-08-19T18:20:00Z,4.313755828320797,3414,1085,0.14792128590225778,0.672645444258964,0.44432377300395964,0.5029703406050261,0.7174988649389099,0.5193324208365502,0.3523225913058184,0.22112693782504794,0.6559696120689835,0.414597439481967,0.25695353212014044,0.18223134473717953,0.648707693324115,0.2670574133972254,0.06823912468896667,2026-08-19T22:34:10Z
824640,678246,Miguel Vargas,CWS,CHC,0,3,confirmed,Clay Holmes,Wrigley Field,2026-08-19T18:20:00Z,4.295016631193321,1920,2011,0.10215963964700465,0.5800476080606346,0.4002452634112459,0.6530478058344484,0.6458574648001201,0.4416545731720801,0.28391256781903207,0.1681497833002874,0.5661088633634671,0.3286302869611227,0.19282265399636908,0.13793695101593406,0.5624952464244987,0.18923961268919468,0.03868817583207476,2026-08-19T22:34:10Z
824640,683737,Michael Busch,CHC,CWS,1,4,confirmed,Sean Newcomb,Wrigley Field,2026-08-19T18:20:00Z,4.058885011703278,2022,1085,0.1161382616608404,0.6103324669038444,0.409923132532992,0.660750404910672,0.6709427630073729,0.46638529790798355,0.30398840731389454,0.18249011640466203,0.5918122382976273,0.3503710955576501,0.20767110581921736,0.14785356176122982,0.5908945206539247,0.21054937831004675,0.04477870517484411,2026-08-19T22:34:10Z
824640,643217,Andrew Benintendi,CWS,CHC,0,4,confirmed,Clay Holmes,Wrigley Field,2026-08-19T18:20:00Z,4.2402252300839605,2705,2011,0.0986943581498962,0.6315731102768838,0.3497663881897832,0.5679158482283101,0.6612849882490701,0.45722330823562135,0.29688734611747786,0.17770852324664377,0.5837649968473622,0.3440689983586391,0.20370145280566704,0.1453246087583955,0.6106016484905279,0.2301181404334771,0.05321757999852955,2026-08-19T22:34:10Z
824640,663538,Nico Hoerner,CHC,CWS,1,5,confirmed,Sean Newcomb,Wrigley Field,2026-08-19T18:20:00Z,4.058885011703278,3262,1085,0.07812943773356093,0.6860057728874643,0.30377145424276353,0.3915139756367691,0.6892640711927569,0.48594559547591926,0.3208598373060433,0.19523078676533204,0.6075859565745295,0.36477115184752745,0.21797159082458387,0.15480300055726193,0.6610814608116157,0.2779728919608355,0.07132922036815298,2026-08-19T22:34:10Z
824640,695731,Braden Montgomery,CWS,CHC,0,5,confirmed,Clay Holmes,Wrigley Field,2026-08-19T18:20:00Z,4.000212439712744,273,2011,0.08637837276949774,0.6002452072964373,0.4057926682897366,0.6013884294599482,0.6351109939946787,0.42946617185453717,0.27280082212794954,0.1592671066489623,0.561472794949536,0.3233546958044468,0.18849973810564166,0.1348590260528197,0.5814688595553595,0.20304087398584578,0.042561603665216795,2026-08-19T22:34:10Z
824640,699393,Pedro Ramírez,CHC,CWS,1,6,confirmed,Sean Newcomb,Wrigley Field,2026-08-19T18:20:00Z,3.517823472535888,188,1085,0.07573701310547978,0.5858870053201998,0.30263838736887894,0.4981606811401287,0.6233451640433755,0.4144343772912405,0.2582607012240549,0.14721411650177985,0.5380248303272273,0.30024204492315243,0.17109034948482466,0.12286566334908221,0.5683255817908522,0.18700314868617895,0.034900136355868104,2026-08-19T22:34:10Z
824640,695657,Colson Montgomery,CWS,CHC,0,6,confirmed,Clay Holmes,Wrigley Field,2026-08-19T18:20:00Z,4.000212439712744,882,2011,0.16015236526924795,0.569399894997614,0.33994883352260963,0.7785089740987964,0.6638267173635821,0.4588031013381085,0.29739599677866446,0.17744104509398528,0.5938487540929962,0.3522563121916803,0.2090292603006857,0.14877101976760584,0.5526329017845543,0.17904532450436073,0.03409947008845283,2026-08-19T22:34:10Z
824640,608348,Carson Kelly,CHC,CWS,1,7,confirmed,Sean Newcomb,Wrigley Field,2026-08-19T18:20:00Z,3.5178234725358877,1770,1085,0.09778655886382977,0.5765899058773628,0.3460728584996896,0.5125249372025268,0.6191576173464286,0.41106788902037034,0.2558955425832074,0.1456915824059376,0.5407148589323397,0.3030771352658389,0.17318229369947308,0.12422616002570235,0.5595456961746104,0.1810965754258753,0.033246748971663055,2026-08-19T22:34:10Z
824640,805367,Chase Meidroth,CWS,CHC,0,7,confirmed,Clay Holmes,Wrigley Field,2026-08-19T18:20:00Z,4.000212439712744,1152,2011,0.06664422114363795,0.6039716326360128,0.3573243442991064,0.6351476268587416,0.6285174463984623,0.4222810533221006,0.2663797041400555,0.15419631238863987,0.5307328227101565,0.2965300204032223,0.16951132978119351,0.12188761195559697,0.584980534379695,0.2050472969585554,0.04261993810469644,2026-08-19T22:34:10Z
824640,664023,Ian Happ,CHC,CWS,1,8,confirmed,Sean Newcomb,Wrigley Field,2026-08-19T18:20:00Z,3.5178234725358877,3402,1085,0.08560931050479582,0.5267387079724085,0.4149646326696223,0.6704391973958179,0.6088781811305535,0.40205332904240265,0.24912791226595954,0.1411366845856505,0.509986956581161,0.2787005152327229,0.15695599511768948,0.11328671830655253,0.5126181959473086,0.1480975856514259,0.024041810270332014,2026-08-19T22:34:10Z
824640,671976,Tristan Peters,CWS,CHC,0,8,confirmed,Clay Holmes,Wrigley Field,2026-08-19T18:20:00Z,3.1469209452353177,501,2011,0.06756071833661233,0.5277963246396691,0.2745608516212715,0.45351047533483974,0.5735054939455173,0.36437969093060807,0.21684560020475827,0.1169577141148014,0.4966815892198238,0.26421809284738973,0.14588312927909908,0.10583557877829952,0.5140579293822245,0.14242410835099864,0.02038296056350639,2026-08-19T22:34:10Z
824640,621438,Tyrone Taylor,CHC,CWS,1,9,confirmed,Sean Newcomb,Wrigley Field,2026-08-19T18:20:00Z,3.0827852800785664,1742,1085,0.09693326906707166,0.5238022227419636,0.24324019964229338,0.5027884104983392,0.5933723423029582,0.381996048227009,0.22998270047089306,0.12562300793781994,0.5253033561887083,0.28618161214463494,0.15998611399892806,0.11519286274646212,0.5103270457412687,0.13932466133298493,0.019350134647314474,2026-08-19T22:34:10Z
824640,668670,Jake Rogers,CWS,CHC,0,9,confirmed,Clay Holmes,Wrigley Field,2026-08-19T18:20:00Z,3.1469209452353173,1162,2011,0.07442408452554904,0.4592197454555634,0.27402545623238694,0.7129378848379,0.5499614892366934,0.34396593555590665,0.20179040738116896,0.10707970854022675,0.4472040634482106,0.22819446314224978,0.12322381283711557,0.0906537053760891,0.44902240059682386,0.10427179295486792,0.012384844559783234,2026-08-19T22:34:10Z
824722,686765,Nick Sogard,BOS,AZ,1,1,confirmed,Brandon Pfaadt,Fenway Park,2026-08-19T20:10:00Z,3.92510568463255,498,2619,0.07953310688455123,0.6221204505461432,0.35322846434603095,0.534629834762754,0.6438740954055978,0.43910908595158793,0.28158597168002625,0.1663728389514032,0.5676977677025462,0.32967509621408414,0.1935429217668827,0.13850174934906295,0.6018389265686879,0.2222288027104613,0.05073205751145629,2026-08-19T22:34:10Z
824722,545121,Ildemaro Vargas,AZ,BOS,0,1,confirmed,Payton Tolle,Fenway Park,2026-08-19T20:10:00Z,4.369522857514421,1564,580,0.08684277744449596,0.6632233798863918,0.26927570755372576,0.4798351421780366,0.6723958482925264,0.47104351852991455,0.3104432911794793,0.18927196610686034,0.6010482140486767,0.36218396929430613,0.21815335631452823,0.15563878732628697,0.6398807452692041,0.26205429143659187,0.06876928030047916,2026-08-19T22:34:10Z
824722,678882,Ceddanne Rafaela,BOS,AZ,1,2,confirmed,Brandon Pfaadt,Fenway Park,2026-08-19T20:10:00Z,3.92510568463255,1971,2619,0.10046109956348336,0.6588876959745293,0.19341215592882702,0.6300102264089876,0.6785491087190723,0.4755780066733026,0.3127062811191653,0.18965902900394238,0.6164610637873291,0.37474997288594064,0.2261927772696319,0.16069911275207008,0.6359408572927713,0.25424668459839295,0.06256879376157148,2026-08-19T22:34:10Z
824722,682998,Corbin Carroll,AZ,BOS,0,2,confirmed,Payton Tolle,Fenway Park,2026-08-19T20:10:00Z,4.36952285751442,2907,580,0.12572720969732154,0.6433773701064723,0.3743437593701913,0.6792309318441339,0.7043306157351044,0.5055497851676176,0.34062404984445765,0.212434304220235,0.6475508267330523,0.40729135765710023,0.25200354359856153,0.17901637036141194,0.6214999263449253,0.24199993170314366,0.05872315147931663,2026-08-19T22:34:10Z
824722,677800,Wilyer Abreu,BOS,AZ,1,3,confirmed,Brandon Pfaadt,Fenway Park,2026-08-19T20:10:00Z,3.92510568463255,1643,2619,0.16067386342107315,0.6275509581393849,0.3309760372694806,0.5494531968271411,0.6777801976423645,0.4740209835479594,0.310841230577211,0.18787069647510138,0.6411696421128308,0.3986490851285379,0.2440420859922934,0.1729715677011699,0.606905970581407,0.22523409470524805,0.05035255503752468,2026-08-19T22:34:10Z
824722,672515,Gabriel Moreno,AZ,BOS,0,3,confirmed,Payton Tolle,Fenway Park,2026-08-19T20:10:00Z,4.248458876794448,1744,580,0.10482012252537377,0.6654105692464677,0.3548777491982742,0.599520741410878,0.684582495074714,0.4828479700375322,0.31976341448735196,0.19567534491482402,0.6102619496785177,0.36947934091923856,0.22274274276258466,0.1585314268166886,0.6419701471241699,0.2615792251510881,0.06677503303181866,2026-08-19T22:34:10Z
824722,575929,Willson Contreras,BOS,AZ,1,4,confirmed,Brandon Pfaadt,Fenway Park,2026-08-19T20:10:00Z,3.9251056846325505,2567,2619,0.13148600394102863,0.6284338061049214,0.4155696733260561,0.6881431855643036,0.6790679240538005,0.47521431146632914,0.3116054746060607,0.18818310979440045,0.6158568809444827,0.37315346868938926,0.22434818003262477,0.1591756964231699,0.6077239592042729,0.2255152735049661,0.04991980875768813,2026-08-19T22:34:10Z
824722,672695,Geraldo Perdomo,AZ,BOS,0,4,confirmed,Payton Tolle,Fenway Park,2026-08-19T20:10:00Z,4.233935929515229,2909,580,0.08244491558721005,0.6081406303401045,0.4415749135491837,0.5569323318183705,0.6447114330863095,0.4399572914494702,0.28210327558903486,0.166524261778149,0.5553507979139546,0.31866882766468796,0.1854962218354222,0.13287342524269066,0.5887816550574789,0.2104673914053656,0.045765799511787914,2026-08-19T22:34:10Z
824722,702332,Caleb Durbin,BOS,AZ,1,5,confirmed,Brandon Pfaadt,Fenway Park,2026-08-19T20:10:00Z,3.826354893520727,1159,2619,0.07833071854330648,0.6239893231374094,0.2983812923935542,0.45469412922059704,0.6534000225912083,0.44709312818198793,0.2868030078581862,0.16903306516040711,0.5659282285682387,0.32618430269669374,0.18988843879667058,0.13562087975035872,0.6036588333644852,0.22061460534349747,0.04768135349965084,2026-08-19T22:34:10Z
824722,571448,Nolan Arenado,AZ,BOS,0,5,confirmed,Payton Tolle,Fenway Park,2026-08-19T20:10:00Z,4.218760136590954,2942,580,0.14796951325314756,0.6392238874788853,0.3131430054078612,0.6163695624976919,0.6910607922396119,0.48908070921783653,0.3246233685492911,0.198952537899199,0.6288479821170847,0.3867364376117888,0.2352602924473231,0.16703528198216575,0.6177364930735684,0.23612529346585015,0.055184061910164735,2026-08-19T22:34:10Z
824722,681508,Mickey Gasper,BOS,AZ,1,6,confirmed,Brandon Pfaadt,Fenway Park,2026-08-19T20:10:00Z,3.346999581622453,359,2619,0.08466502633099283,0.5656915738962852,0.31764552387633443,0.4049953510816269,0.5988974430357523,0.3895766941860599,0.23749363097197393,0.13190468600664698,0.5233089062063203,0.28688479226195573,0.16151037260368614,0.11635712896467523,0.5495303242106917,0.17025909586245022,0.028892448644230413,2026-08-19T22:34:10Z
824722,694374,Tim Tawa,AZ,BOS,0,6,confirmed,Payton Tolle,Fenway Park,2026-08-19T20:10:00Z,3.3449219982676115,570,580,0.09698357456017069,0.52802157353758,0.25876387348552593,0.6671545516151082,0.5865509975899158,0.37885864292997284,0.22964031011419633,0.1268149100084682,0.5118249783867386,0.2784172100838817,0.15621291201022305,0.11284970470765701,0.5140308867669494,0.14631464245055112,0.022975553585794537,2026-08-19T22:34:10Z
824722,655316,Andruw Monasterio,BOS,AZ,1,7,confirmed,Brandon Pfaadt,Fenway Park,2026-08-19T20:10:00Z,3.3469995816224527,1056,2619,0.06264622079087309,0.5733835914915169,0.25000413176263214,0.5465222278128081,0.591989679734645,0.3832766870473871,0.23264065486717272,0.12857147335444888,0.517192763827867,0.28209635834421415,0.15835569301503064,0.11423048556618401,0.5567240589330924,0.17590299865097667,0.030535353050859748,2026-08-19T22:34:10Z
824722,691783,Jordan Lawlar,AZ,BOS,0,7,confirmed,Payton Tolle,Fenway Park,2026-08-19T20:10:00Z,3.254154446517396,303,580,0.08751905440365546,0.5220927341551788,0.3178436091411643,0.7053183498333061,0.5727742249011604,0.36528462128547384,0.21854187370464107,0.11878003841433278,0.5020740760936658,0.26981177956885194,0.15013779145316333,0.10873369969100459,0.5085301473307743,0.14115423484484088,0.021065180616569302,2026-08-19T22:34:10Z
824722,680776,Jarren Duran,BOS,AZ,1,8,confirmed,Brandon Pfaadt,Fenway Park,2026-08-19T20:10:00Z,3.3469995816224536,2720,2619,0.0869297971984649,0.5715434411370128,0.23661971549521887,0.564675903672572,0.6112618973028335,0.40417296872134967,0.25077777630527537,0.14229073911090442,0.5588487178032937,0.3192782110519643,0.18465858619038283,0.1319575199253674,0.5547427373350432,0.1785043246538829,0.03280736569450087,2026-08-19T22:34:10Z
824722,699912,Jose Fernandez,AZ,BOS,0,8,confirmed,Payton Tolle,Fenway Park,2026-08-19T20:10:00Z,3.2234029208048054,233,580,0.08064879024761251,0.5291690942606521,0.20209242375424816,0.6271790093198242,0.5774090089103914,0.36881878321814104,0.22081614558905444,0.1200393145965253,0.49826697677197507,0.26627712098144235,0.14757954897149794,0.10699855236764287,0.5152665887638079,0.14462630481951097,0.02150843453552838,2026-08-19T22:34:10Z
824722,657136,Connor Wong,BOS,AZ,1,9,confirmed,Brandon Pfaadt,Fenway Park,2026-08-19T20:10:00Z,3.189284494033061,1458,2619,0.06566685321372749,0.5302436913497395,0.21973747102071464,0.6334689116264934,0.5711606502682095,0.36306364262693125,0.21633421969367495,0.11692085090003997,0.48760437534945866,0.2580147710403926,0.142164958300358,0.10335035580144505,0.5162881843678704,0.1450763014036455,0.02145443369876785,2026-08-19T22:34:10Z
824722,814439,Ryan Waldschmidt,AZ,BOS,0,9,confirmed,Payton Tolle,Fenway Park,2026-08-19T20:10:00Z,3.223402920804806,286,580,0.0704056174903109,0.5335146799793637,0.25752503067484017,0.7110954830090079,0.5728281227398638,0.3649220145043316,0.21798755703227443,0.11820941215382513,0.49631157320011066,0.2649766047304933,0.14681116922187365,0.10648149419462986,0.5193401528057887,0.1476939009096886,0.02237746421190318,2026-08-19T22:34:10Z
824801,702616,Jackson Holliday,BAL,NYY,1,1,confirmed,Will Warren,Oriole Park at Camden Yards,2026-08-19T22:35:00Z,4.2791930981891,1233,1628,0.12138384159685704,0.6570833008183083,0.4133382657082622,0.6011962420721857,0.6886015003022453,0.4875933057347804,0.32424900359751296,0.19938575034018274,0.6197012850563369,0.3789807315779999,0.23010192980021119,0.16370643184450792,0.6342409198503006,0.25426858439478195,0.06394824442803315,2026-08-19T22:34:10Z
824801,663757,Trent Grisham,NYY,BAL,0,1,confirmed,Chris Bassitt,Oriole Park at Camden Yards,2026-08-19T22:35:00Z,4.449417360377457,2608,3768,0.17167293745453077,0.6082719868479266,0.4610872758427302,0.6565873174119423,0.6790414501958627,0.4780902797078064,0.31650489705015944,0.19384877803022596,0.6294471620604869,0.38972544513135354,0.23893062809406454,0.17008106467128095,0.5887868344599362,0.21322142573131378,0.04823114524199494,2026-08-19T22:34:10Z
824801,624413,Pete Alonso,BAL,NYY,1,2,confirmed,Will Warren,Oriole Park at Camden Yards,2026-08-19T22:35:00Z,4.2791930981891,3627,1628,0.21166940504740184,0.6507755920554151,0.3767432178585847,0.718332058583561,0.7207007456072216,0.5235065978512706,0.3564952977755463,0.22471060243871724,0.6833895351905281,0.44470607740997603,0.28140006864432887,0.19964764885704112,0.6284266133605123,0.2471519246263251,0.060007904466767466,2026-08-19T22:34:10Z
824801,700250,Ben Rice,NYY,BAL,0,2,confirmed,Chris Bassitt,Oriole Park at Camden Yards,2026-08-19T22:35:00Z,4.4475805971412825,1389,3768,0.22989301286343666,0.6604386408415266,0.4394813089094242,0.7034234655735218,0.7318004746708425,0.5379555377611663,0.3712145335948993,0.23770301556236673,0.7063895351899528,0.47239014508503874,0.30558300049295367,0.21768293524002633,0.6373313170368015,0.2580541242947932,0.06600868906595667,2026-08-19T22:34:10Z
824801,683002,Gunnar Henderson,BAL,NYY,1,3,confirmed,Will Warren,Oriole Park at Camden Yards,2026-08-19T22:35:00Z,4.2791930981891,2837,1628,0.16625159559653235,0.6677024586485169,0.4091689689668159,0.5907730002908368,0.7152797310465153,0.5166644853697341,0.3497680673391619,0.21899050136441178,0.6721576451095862,0.43181658446333465,0.2706158420580261,0.1918473184760109,0.644136166871662,0.2621834887850527,0.06598411091978376,2026-08-19T22:34:10Z
824801,671277,Luis García Jr.,NYY,BAL,0,3,confirmed,Chris Bassitt,Oriole Park at Camden Yards,2026-08-19T22:35:00Z,4.289992243729466,2560,3768,0.14644903721609392,0.7008882698850091,0.261830374547612,0.542133218809163,0.7101128069071019,0.5116933718474515,0.34599912005392586,0.21659787241126868,0.6711000127744474,0.43180928061185025,0.2713629585424706,0.19270917206525598,0.6747535128606528,0.29697822260529927,0.08324011200249606,2026-08-19T22:34:10Z
824801,694212,Samuel Basallo,BAL,NYY,1,4,confirmed,Will Warren,Oriole Park at Camden Yards,2026-08-19T22:35:00Z,3.6986423026275563,514,1628,0.1777081595448067,0.6014868566499356,0.3136681499803002,0.6223325334181063,0.6597918079986137,0.45360939946429224,0.2923201393219659,0.17318045276178065,0.6311147981863612,0.3872039316218978,0.23459451816151572,0.16621346314805363,0.5827126654829416,0.2021266277266997,0.04117610927241256,2026-08-19T22:34:10Z
824801,671218,Heliot Ramos,NYY,BAL,0,4,confirmed,Chris Bassitt,Oriole Park at Camden Yards,2026-08-19T22:35:00Z,4.289992243729467,1773,3768,0.1002471448083978,0.6383291329061396,0.2748537980950575,0.7352212152522655,0.6578086449570335,0.453611767714269,0.2938103115743733,0.17539604467501696,0.5925842892294257,0.35227309109722277,0.2097278764811863,0.14947508676021137,0.6168782293303056,0.2360962609990676,0.05564471523206467,2026-08-19T22:34:10Z
824801,691723,Coby Mayo,BAL,NYY,1,5,confirmed,Will Warren,Oriole Park at Camden Yards,2026-08-19T22:35:00Z,3.460036369992287,836,1628,0.1179769353597195,0.5485474476701262,0.25283212179688663,0.7680510656111648,0.60013273341723,0.39246585243577464,0.24085310782890193,0.13495746297545166,0.5519126246277102,0.31227854783282943,0.1794553324930931,0.1284859586597171,0.5332707959655644,0.16098176983542595,0.027325635341923508,2026-08-19T22:34:10Z
824801,665862,Jazz Chisholm Jr.,NYY,BAL,0,5,confirmed,Chris Bassitt,Oriole Park at Camden Yards,2026-08-19T22:35:00Z,4.1866488250284775,2542,3768,0.1822742830075039,0.6340492952741436,0.3536405808164152,0.7768497383335243,0.6966533776751738,0.4952879042670996,0.3301656939968668,0.20328556956660687,0.6498535506444504,0.40805662253866093,0.2517055796518669,0.17849673880171404,0.6129312396339507,0.23151454644939998,0.0533038625805016,2026-08-19T22:34:10Z
824801,687637,Dylan Beavers,BAL,NYY,1,6,confirmed,Will Warren,Oriole Park at Camden Yards,2026-08-19T22:35:00Z,3.4600363699922867,438,1628,0.09456209766423253,0.576486027399475,0.36371418692125035,0.6062449836899215,0.6017257120164453,0.39378809795218883,0.24176440536834828,0.13549696037632517,0.5497824211662834,0.3102683974054698,0.17796044839440323,0.1274495721898521,0.5595014136820756,0.1802891968141299,0.032793191512174524,2026-08-19T22:34:10Z
824801,682987,Spencer Jones,NYY,BAL,0,6,confirmed,Chris Bassitt,Oriole Park at Camden Yards,2026-08-19T22:35:00Z,3.5347867811683673,268,3768,0.15402062997123886,0.5924273485665369,0.3617060206561879,0.7439092077730517,0.6663930107199864,0.45858122028925047,0.2954071326623435,0.1748248381234063,0.6091575257031927,0.3638536462729103,0.2163492508712355,0.15362462690509307,0.5744245875927821,0.1926075794379965,0.037241324849373994,2026-08-19T22:34:10Z
824801,665750,Leody Taveras,BAL,NYY,1,7,confirmed,Will Warren,Oriole Park at Camden Yards,2026-08-19T22:35:00Z,3.4600363699922863,2232,1628,0.09510521174193802,0.5703341077767617,0.27898413198566996,0.5761477833483787,0.6073497982610357,0.3994584060508215,0.24643418678618226,0.13887017351383749,0.5421226675009334,0.3040782033157036,0.17379212428770888,0.12462682029045279,0.5537026145186379,0.17627657633536847,0.03166765519815674,2026-08-19T22:34:10Z
824801,641857,Ryan McMahon,NYY,BAL,0,7,confirmed,Chris Bassitt,Oriole Park at Camden Yards,2026-08-19T22:35:00Z,3.5347867811683678,3047,3768,0.11792529265691934,0.5634293884635717,0.3347572526764831,0.6959964913361447,0.6137882614177314,0.4073118258463136,0.2537433044914263,0.14471746359402451,0.5572952302044525,0.3186102295895377,0.18450525789120142,0.13193001833869616,0.5470815502539962,0.17366810863509546,0.031775631918482886,2026-08-19T22:34:10Z
824801,681297,Colton Cowser,BAL,NYY,1,8,confirmed,Will Warren,Oriole Park at Camden Yards,2026-08-19T22:35:00Z,3.3131865367349396,1521,1628,0.13845051727406396,0.5313276636802992,0.3700857676382704,0.6907722269047513,0.618725279697787,0.4087592929402724,0.2528527750510224,0.14275324552860724,0.5505228742874432,0.3096063688914902,0.17691317776982599,0.12664828476570358,0.5171859216703905,0.14764574631225635,0.022860039160404147,2026-08-19T22:34:10Z
824801,806146,George Lombard Jr.,NYY,BAL,0,8,confirmed,Chris Bassitt,Oriole Park at Camden Yards,2026-08-19T22:35:00Z,3.187945324472532,121,3768,0.09462744693483978,0.5200951620907809,0.2848614707041709,0.6773158109740596,0.6011202761492862,0.38953297512851875,0.2360463028653247,0.12994855831487973,0.5053103002628476,0.2707471454305995,0.1500604756234173,0.10862512939027029,0.5068011827230364,0.13753995461575708,0.01919052570974047,2026-08-19T22:34:10Z
824801,665966,Carlos Narváez,BAL,NYY,1,9,confirmed,Will Warren,Oriole Park at Camden Yards,2026-08-19T22:35:00Z,3.1119576961513977,836,1628,0.07530538008840368,0.4892762701203124,0.2539839207544315,0.7234654896526984,0.5464810794895709,0.3405891696293307,0.19906259492450884,0.10512395895746494,0.46612951901595523,0.24139900264243846,0.131324390705536,0.0960864115648345,0.47762392350817606,0.1197181852081279,0.01526875818833284,2026-08-19T22:34:10Z
824801,669224,Austin Wells,NYY,BAL,0,9,confirmed,Chris Bassitt,Oriole Park at Camden Yards,2026-08-19T22:35:00Z,3.187945324472532,1427,3768,0.12225846253730333,0.5088686178090873,0.2939391531365683,0.5849501387507933,0.587122638420161,0.37815155365657416,0.22827292625517065,0.1253049407232266,0.5272775692604067,0.28961775754288827,0.16310558682098095,0.1173824143628155,0.49604843910496166,0.13288176899335088,0.018929955900628393,2026-08-19T22:34:10Z
