game_pk,player_id,name,team,opponent,is_home,lineup_slot,lineup_status,opposing_pitcher,venue_name,start_time_utc,expected_pa,batter_pa_seen,pitcher_pa_seen,exp_runs,starter_share,form_z,form_state,prob_hr,prob_hit,prob_walk,prob_k,prob_hrr_over_0.5,prob_hrr_over_1.5,prob_hrr_over_2.5,prob_hrr_over_3.5,prob_tb_over_0.5,prob_tb_over_1.5,prob_tb_over_2.5,prob_tb_over_3.5,prob_hits_over_0.5,prob_hits_over_1.5,prob_hits_over_2.5,predicted_at_utc
823090,621493,Taylor Ward,SEA,TEX,1,1,projected,Cody Bradford,T-Mobile Park,2026-09-09T20:10:00Z,4.424217631417468,2890,676,0.5710968597881171,0.6633865685534279,-2.7155874397347217,Cold,0.12839994020033815,0.6353867983841005,0.41719911441454693,0.6439440120262185,0.6887608157676796,0.4872540336687097,0.3234219293524453,0.19838587765152169,0.6118760242607252,0.3695389153408457,0.22202849226083893,0.15935430047018415,0.6150865901824868,0.2338038828538367,0.054771386573213274,2026-09-09T15:23:47Z
823090,607043,Brandon Nimmo,TEX,SEA,0,1,projected,Kade Anderson,T-Mobile Park,2026-09-09T20:10:00Z,4.607851072440307,3259,63,0.5586416093860911,0.6279762360823335,-1.5674851998498953,Normal,0.10615048744857339,0.6730755530814423,0.363886390517512,0.6724294139178016,0.6996400086527007,0.5005988025377542,0.3364012695683673,0.2093878182448723,0.6464742208620013,0.39752005296921583,0.2353780137112988,0.15516226181957515,0.6501160128527192,0.2704981834567362,0.07160733105445144,2026-09-09T15:23:47Z
823090,641487,J.P. Crawford,SEA,TEX,1,2,projected,Cody Bradford,T-Mobile Park,2026-09-09T20:10:00Z,4.316072113540468,2761,676,0.4644515189803804,0.6592600263056728,1.0698330502586448,Normal,0.07463984727414558,0.6420077902956038,0.4005361848076002,0.5638333569714553,0.6592232919678604,0.45471978835964655,0.2943446911949717,0.1755368030106272,0.6180165896718908,0.3507268090850282,0.18446946051046803,0.1114996440717127,0.6212924278974382,0.2386181638116282,0.05604755907487198,2026-09-09T15:23:47Z
823090,608369,Corey Seager,TEX,SEA,0,2,projected,Kade Anderson,T-Mobile Park,2026-09-09T20:10:00Z,4.516972298088178,2539,63,0.5752059252222564,0.619741942607259,0.40214639493997567,Normal,0.17238827407820528,0.6736039828395722,0.37423010181239436,0.6354450819397431,0.7288346901502307,0.5339347678288461,0.3669388144378146,0.233868654741779,0.6469940565824956,0.41833201625734756,0.26917689970342856,0.20485150366168858,0.6506357095521522,0.26995254171191957,0.07069335488161482,2026-09-09T15:23:47Z
823090,677594,Julio Rodríguez,SEA,TEX,1,3,projected,Cody Bradford,T-Mobile Park,2026-09-09T20:10:00Z,4.230253353204173,3180,676,0.4969262253332943,0.6505878189401856,-2.099110473843978,Cold,0.15799645172273677,0.6683187363607397,0.24360856453987423,0.6621734246202072,0.7057659682779481,0.5049778960443525,0.3383595093837554,0.2093799442418516,0.642242434311516,0.39772912035830615,0.2513143388345715,0.1880051467882516,0.6458054589287668,0.2616066542682884,0.06480602819104953,2026-09-09T15:23:47Z
823090,694671,Wyatt Langford,TEX,SEA,0,3,projected,Kade Anderson,T-Mobile Park,2026-09-09T20:10:00Z,4.409670164917541,1531,63,0.5673263342025486,0.6118803588245462,-0.10735904857552109,Normal,0.13356121742085938,0.6388106721536595,0.485402885600698,0.6119209569546236,0.6975421540359023,0.49728694013904173,0.3326337220457457,0.20579775909590733,0.6150188078178023,0.38003238213428375,0.23346528493286423,0.16826912989055387,0.6182686161757381,0.2371440978289604,0.05630233006804218,2026-09-09T15:23:47Z
823090,663728,Cal Raleigh,SEA,TEX,1,4,projected,Cody Bradford,T-Mobile Park,2026-09-09T20:10:00Z,4.136711072286525,2775,676,0.5286228246907035,0.6367683715804525,2.0796640672109037,Hot,0.25802282113185465,0.5926880710538414,0.3811194415037578,0.7332424323536897,0.6971603322971988,0.4946573527278267,0.32853911897355353,0.2012387584144694,0.5725341285545088,0.3939630378314361,0.2971120087395059,0.2665083342441105,0.5752798459726145,0.19573298290587612,0.039174758752286765,2026-09-09T15:23:47Z
823090,592626,Joc Pederson,TEX,SEA,0,4,projected,Kade Anderson,T-Mobile Park,2026-09-09T20:10:00Z,4.320291777188329,2032,63,0.4793594081392649,0.5965745954954075,-1.3367281450753037,Normal,0.16558805455616915,0.6156870553771802,0.4104797818111021,0.6964222780112997,0.684634729021343,0.4821793706983636,0.3185045909422867,0.1942470508709829,0.5937269371892356,0.36875411398221425,0.24253980944210682,0.1898855535787752,0.5967228490501135,0.21624645293239347,0.04760445297378989,2026-09-09T15:23:47Z
823090,668227,Randy Arozarena,SEA,TEX,1,5,projected,Cody Bradford,T-Mobile Park,2026-09-09T20:10:00Z,4.020486555697824,3250,676,0.504584594136807,0.620508610724751,0.17102586688631613,Normal,0.14427677884766055,0.6259234476513965,0.3829883577823241,0.6198081178008805,0.6812343130296123,0.47654671129925985,0.3120380608299471,0.18809358098251963,0.6033087235600703,0.37370625756925546,0.23045937686275517,0.1720525977052797,0.606391864928111,0.22187961839746695,0.047914171011843185,2026-09-09T15:23:47Z
823090,553869,Elias Díaz,TEX,SEA,0,5,projected,Kade Anderson,T-Mobile Park,2026-09-09T20:10:00Z,4.197546319479219,1749,63,0.3777746489904415,0.5797925374565175,-0.3113862336520698,Normal,0.10709626945310066,0.6260096480374386,0.275526722792521,0.6475092447523326,0.6480303924794814,0.4426732285704716,0.2837794072934216,0.16737724222870204,0.6032988671468299,0.3540923087561009,0.2014427843446578,0.13782616927128138,0.6063974260522279,0.22407598437564566,0.050048458271339004,2026-09-09T15:23:47Z
823090,647304,Josh Naylor,SEA,TEX,1,6,projected,Cody Bradford,T-Mobile Park,2026-09-09T20:10:00Z,3.8901128425577647,2807,676,0.3785136227647518,0.6113909312060981,-0.28817721700754484,Normal,0.0840859092488861,0.6619539504034979,0.2174034955854278,0.41593702969272633,0.6703921488470528,0.46452272908587944,0.3012883618801437,0.17966794530243477,0.6364707871200512,0.3700044612109516,0.1969706135490345,0.12111528234887178,0.6399484633517419,0.2532899233986093,0.05966916712548818,2026-09-09T15:23:47Z
823090,669394,Jake Burger,TEX,SEA,0,6,projected,Kade Anderson,T-Mobile Park,2026-09-09T20:10:00Z,4.055449330783938,2228,63,0.4654981714982602,0.5716935012515897,0.04176165361595965,Normal,0.16837142619054857,0.6195719944243002,0.3153608134632154,0.6916494425638204,0.681852744617293,0.47842906896482396,0.3146024029865396,0.19074896776912337,0.597359682775787,0.37416536581444554,0.2422476928336027,0.19084684294372242,0.600389057112337,0.21836974518618602,0.04766611597939921,2026-09-09T15:23:47Z
823090,686527,Dominic Canzone,SEA,TEX,1,7,projected,Cody Bradford,T-Mobile Park,2026-09-09T20:10:00Z,3.7429320897697465,1096,676,0.3827155229887379,0.5988209618964708,-0.44558503477450867,Normal,0.10236890577489442,0.6187251134370932,0.23931696389600826,0.5504679398960944,0.6501289411881637,0.44272871600956243,0.282322583814323,0.16519390583590174,0.5967298913299308,0.35210544831539214,0.19756180769888831,0.13354276636362247,0.5997268052704021,0.21457997833230152,0.044597140324693266,2026-09-09T15:23:47Z
823090,681351,Logan O'Hoppe,TEX,SEA,0,7,projected,Kade Anderson,T-Mobile Park,2026-09-09T20:10:00Z,3.910714285714286,1460,63,0.37756983564828284,0.5592948924696243,-0.11751204796811884,Normal,0.11418505879884171,0.5870674095570565,0.25659559344964145,0.6766913530847284,0.6316816279826085,0.42534595345154586,0.26874357953932093,0.15586423079350722,0.5673121315107537,0.31149839857551836,0.18082063269513302,0.13267676445974116,0.570003290614548,0.1915876979227709,0.03791172122126177,2026-09-09T15:23:47Z
823090,645302,Victor Robles,SEA,TEX,1,8,projected,Cody Bradford,T-Mobile Park,2026-09-09T20:10:00Z,3.587150322778973,1089,676,0.3832653714945997,0.5999592812455651,0.9191683746208711,Normal,0.0675320308429476,0.6040181167293012,0.23405026816878224,0.4926090153188603,0.6087059167294604,0.4004953230791738,0.246953528778429,0.1390816696179759,0.5832339822313234,0.3102231997950336,0.15902448349614418,0.09609329073189322,0.5860637770108865,0.2010073494749916,0.039146754335591206,2026-09-09T15:23:47Z
823090,677649,Ezequiel Duran,TEX,SEA,0,8,projected,Kade Anderson,T-Mobile Park,2026-09-09T20:10:00Z,3.7547339945897202,1692,63,0.42719041043589356,0.560713844631309,1.4201056879045892,Normal,0.0924436748619733,0.6168203960721353,0.28308733945336845,0.6100874236803407,0.6375143817398683,0.43059712836685027,0.2727273493301347,0.15853980678129861,0.5949229528995922,0.3410483470271987,0.18868276019919075,0.12402278768892144,0.5979078065183535,0.2142358139868168,0.04530455682012937,2026-09-09T15:23:47Z
823090,702284,Cole Young,SEA,TEX,1,9,projected,Cody Bradford,T-Mobile Park,2026-09-09T20:10:00Z,3.397856049004594,834,676,0.3780291716641152,0.6011504462247993,-1.0089882327439563,Normal,0.06823757959549985,0.5616773838231046,0.23345095470463528,0.432891618605319,0.597881488343885,0.3891536021067178,0.23727690403742754,0.1318254370608528,0.5440154336436219,0.27683630364050366,0.14114685555987605,0.08921321189644194,0.5464172898340998,0.1679724004943203,0.028291175521145434,2026-09-09T15:23:47Z
823090,670032,Nicky Lopez,TEX,SEA,0,9,projected,Kade Anderson,T-Mobile Park,2026-09-09T20:10:00Z,3.596277278562259,1449,63,0.37195249769302746,0.5557588048809011,-0.7662015921745449,Normal,0.04516132269384328,0.5589554283727061,0.2571425199614478,0.48341705789495776,0.5723761317392551,0.3676812403281738,0.22190601705088958,0.12210083716644146,0.5412744291076763,0.2581476456125901,0.12292714312566932,0.06856269565023329,0.5436805897971553,0.16931744326508835,0.03022543449003397,2026-09-09T15:23:47Z
823172,808982,Jung Hoo Lee,SF,STL,1,1,projected,Andre Pallante,Oracle Park,2026-09-09T19:45:00Z,4.424217631417468,1314,2567,0.5647915285758927,0.6729113596444359,-1.4160544943055031,Normal,0.07756538935913548,0.6909602482532244,0.30411968445852455,0.3589050986286256,0.6941856304752859,0.4933016405166506,0.3288644042681534,0.20268258030348166,0.6629100114779233,0.4041772522880681,0.23198253648286765,0.13965952244405794,0.666750780759697,0.2863010872559351,0.07749946583130722,2026-09-09T15:23:47Z
823172,691026,Masyn Winn,STL,SF,0,1,projected,Blade Tidwell,Oracle Park,2026-09-09T19:45:00Z,4.607851072440307,1805,254,0.5640464552504227,0.6279111817693741,-1.1712950826476163,Normal,0.06876472271626921,0.6504407186303119,0.34529774149059594,0.6615409683246174,0.6743575799759676,0.4725975017743867,0.3112365383144317,0.18949597920489886,0.6256739582127367,0.36056735586345146,0.19191996656806515,0.11313590750863568,0.6290606014039709,0.24911640125537451,0.062206429237333896,2026-09-09T15:23:47Z
823172,646240,Rafael Devers,SF,STL,1,2,projected,Andre Pallante,Oracle Park,2026-09-09T19:45:00Z,4.316072113540468,3224,2567,0.5744572331731668,0.6695599719891151,1.4504914500662531,Normal,0.1737113312816799,0.6679307636262783,0.3865992635170419,0.5723267867839349,0.7157763648816451,0.5173179749498273,0.35031650717533114,0.2194362975519001,0.6418419529969892,0.42664896139017905,0.2762181089323473,0.21018876733567718,0.6454082085113467,0.2624885415762557,0.06597130213651294,2026-09-09T15:23:47Z
823172,671056,Iván Herrera,STL,SF,0,2,projected,Blade Tidwell,Oracle Park,2026-09-09T19:45:00Z,4.516972298088178,1428,254,0.5416334926492046,0.6196662761592063,0.7406729085243969,Normal,0.09082505673627811,0.6607946029610282,0.4406036624955629,0.6149082896654597,0.6869922762334253,0.4858032520890711,0.32253910635611993,0.1980213572307807,0.6352342808951468,0.3657579408937869,0.20092175411294025,0.1276845406446972,0.6387299808153983,0.2577096424265988,0.06528837529654113,2026-09-09T15:23:47Z
823172,805811,Bryce Eldridge,SF,STL,1,3,projected,Andre Pallante,Oracle Park,2026-09-09T19:45:00Z,4.230253353204173,453,2567,0.4668587172821412,0.6629368935199319,1.0401727279738755,Normal,0.10930793169675802,0.6432465878017583,0.4387711419698572,0.6242531751518756,0.6772410381756745,0.47323094641822216,0.3099310554835145,0.18709246550652764,0.6192074071412643,0.37312686749670854,0.21415639972993103,0.1450368585786196,0.622488699811311,0.2385470528531785,0.0553358320229999,2026-09-09T15:23:47Z
823172,676475,Alec Burleson,STL,SF,0,3,projected,Blade Tidwell,Oracle Park,2026-09-09T19:45:00Z,4.409670164917541,2155,254,0.5131944374065915,0.611789791865138,-0.2562443855264571,Normal,0.13084528937855663,0.6964526803157899,0.38805864022577946,0.49970782312835804,0.7108860935255592,0.5125231632483745,0.3465934462272373,0.2169920037879476,0.6679250881814606,0.41765795713294973,0.2519431533885458,0.17380760716869018,0.6718331370114056,0.29230565446431334,0.08060472330154046,2026-09-09T15:23:47Z
823172,678545,Osleivis Basabe,SF,STL,1,4,projected,Andre Pallante,Oracle Park,2026-09-09T19:45:00Z,4.136711072286525,215,2567,0.4158206955054057,0.6504327082327347,-0.7453484003102535,Normal,0.08515448354630548,0.626655352282965,0.2937409878107757,0.5809749444479032,0.6582480028784461,0.452447739420823,0.29148772269599715,0.17271005698326705,0.6039531710404755,0.3435415753379722,0.18582726178204098,0.11826417487327283,0.6070491424846486,0.223248434657454,0.04889573548505518,2026-09-09T15:23:47Z
823172,691023,Jordan Walker,STL,SF,0,4,projected,Blade Tidwell,Oracle Park,2026-09-09T19:45:00Z,4.320291777188329,1649,254,0.44332922567671934,0.5964787193800386,-1.519049925295399,Normal,0.1064995025037077,0.659782874503901,0.2884672212813686,0.7136761080084154,0.684619292620556,0.4821623890836907,0.31848947603447764,0.19423524073233733,0.634359624829033,0.38029497011004965,0.21828175533363023,0.1451646976158584,0.6378340598149217,0.25504239765502623,0.06299549492984896,2026-09-09T15:23:47Z
823172,687551,Drew Gilbert,SF,STL,1,5,projected,Andre Pallante,Oracle Park,2026-09-09T19:45:00Z,4.020486555697824,468,2567,0.4281895285106978,0.6361270133902749,-1.3821153953178733,Normal,0.08652084235612885,0.6013352572879208,0.36139648584812184,0.4622412563748533,0.6447483525256544,0.43802314856086183,0.278913122204236,0.16305633060916225,0.5805817923636367,0.3306069446114299,0.1835504528206662,0.11911960583028505,0.5834091848606394,0.2017949223714044,0.0408180298339651,2026-09-09T15:23:47Z
823172,669357,Nolan Gorman,STL,SF,0,5,projected,Blade Tidwell,Oracle Park,2026-09-09T19:45:00Z,4.197546319479219,1853,254,0.48117713294690384,0.5796878694876957,-2.312426225233847,Cold,0.14294777575301043,0.5893169307068329,0.41988930728366114,0.7820866135440634,0.6687428618339041,0.46440728174873736,0.30245361842976204,0.1815224423769941,0.5693421124608933,0.3408182918537645,0.21055686214052485,0.16273695396394997,0.5720642330341871,0.1943857447715072,0.03940921456836167,2026-09-09T15:23:47Z
823172,687529,Grant McCray,SF,STL,1,6,projected,Andre Pallante,Oracle Park,2026-09-09T19:45:00Z,3.8901128425577647,230,2567,0.3798018794149329,0.6275137091769297,-0.05965003045062727,Normal,0.09041933514452034,0.5718407355085786,0.294903583922496,0.7478905319645769,0.6172385693663213,0.4102461468745628,0.25574097128695095,0.14596598425700943,0.5532284325460554,0.30844902663423057,0.1756716840368661,0.11804781785864807,0.5557619019022912,0.17896553607693944,0.03313597610927636,2026-09-09T15:23:47Z
823172,701675,Nathan Church,STL,SF,0,6,projected,Blade Tidwell,Oracle Park,2026-09-09T19:45:00Z,4.055449330783938,479,254,0.44844315733504836,0.5715879607954142,1.2292766961048196,Normal,0.09338526414932105,0.6264503946668692,0.32417934781194524,0.48326037344927303,0.6544174904755993,0.4491397566838421,0.28913822266800504,0.17127747781240915,0.6037097731430279,0.33942466797552984,0.18881391424032942,0.12428877512880016,0.606811916568534,0.22416593392066697,0.049826911279146034,2026-09-09T15:23:47Z
823172,695391,Brett Harris,SF,STL,1,7,projected,Andre Pallante,Oracle Park,2026-09-09T19:45:00Z,3.7429320897697465,216,2567,0.40678762939592544,0.6142374929514354,-0.7410156208877446,Normal,0.06110332044316451,0.5701560048733216,0.3952017056551177,0.5386476086807516,0.6096900498605367,0.40246723360233655,0.24917588066428267,0.14108235865957494,0.5517055065349945,0.29410345522879494,0.14551449580176018,0.08723360777395905,0.5542165266146539,0.17708092831831226,0.03229558488212477,2026-09-09T15:23:47Z
823172,602104,Ramón Urías,STL,SF,0,7,projected,Blade Tidwell,Oracle Park,2026-09-09T19:45:00Z,3.910714285714286,1629,254,0.3827128787574444,0.5591966892367677,-0.7935874609551969,Normal,0.08557221978801043,0.5860394071043478,0.2995790753788841,0.603206995250578,0.6198834488796794,0.41364850249279655,0.2591093748563886,0.14883625981483734,0.5663578327322624,0.31290535233864175,0.1696087131075495,0.11191592053523892,0.5690388796864633,0.1908055434361246,0.03765330834967485,2026-09-09T15:23:47Z
823172,668800,Andrew Knizner,SF,STL,1,8,projected,Andre Pallante,Oracle Park,2026-09-09T19:45:00Z,3.587150322778973,760,2567,0.36275229149131927,0.6139396104632451,-0.6280373052390108,Normal,0.06386005210144119,0.5564343858083094,0.27495708617355163,0.4978987978040219,0.5915139549781105,0.3842490838308807,0.23409530963549133,0.13005492817491643,0.5390223194961969,0.2763931072524186,0.13625390234583448,0.08456514509000458,0.5413907365421479,0.1659195707933406,0.02840419076738576,2026-09-09T15:23:47Z
823172,686780,Pedro Pagés,STL,SF,0,8,projected,Blade Tidwell,Oracle Park,2026-09-09T19:45:00Z,3.7547339945897202,805,254,0.33645344994385024,0.560625330589719,-0.3475299765390934,Normal,0.07443831193335736,0.5668922077206474,0.22665647735622318,0.6862596493101257,0.5960232746621146,0.3901233375927845,0.23980968187411525,0.13480214189355041,0.5486108699939198,0.28551018919105087,0.1481254167614426,0.09594881639655753,0.5510995987200156,0.17581708698015344,0.03253757384092708,2026-09-09T15:23:47Z
823172,683766,Christian Koss,SF,STL,1,9,projected,Andre Pallante,Oracle Park,2026-09-09T19:45:00Z,3.397856049004594,355,2567,0.3970299398852187,0.6147488622798283,0.6914195413049302,Normal,0.061381136920637715,0.5657153235021628,0.22806731856045298,0.5338390200507278,0.6037862426275866,0.3947214249876608,0.24166440834966524,0.1348883131878997,0.5477773487865134,0.28292006011521986,0.13756729826418154,0.08334306824991541,0.5502169019252591,0.17079386451150758,0.029086348366608263,2026-09-09T15:23:47Z
823172,687363,Victor Scott II,STL,SF,0,9,projected,Blade Tidwell,Oracle Park,2026-09-09T19:45:00Z,3.596277278562259,804,254,0.44389710610692285,0.5556712496645505,0.6528155029198907,Normal,0.0649219535473712,0.5315762823695126,0.37739058237376305,0.5476587440845396,0.5866092798294258,0.3807403550831903,0.23206049334167575,0.1291361835801271,0.515693978397907,0.2635532755398134,0.1308264159190756,0.08362967891335656,0.5178542445970611,0.15087093773280977,0.024983198854011703,2026-09-09T15:23:47Z
823251,665487,Fernando Tatis Jr.,SD,WSH,1,1,projected,Jackson Kent,Petco Park,2026-09-09T20:10:00Z,4.424217631417468,2393,112,0.684171122033183,0.6643718880802335,0.3876607542847503,Normal,0.1502755661098509,0.6824075952028043,0.47338331906917397,0.5166666079373116,0.7347894916595422,0.5405849716723043,0.37280149447648975,0.23832951414661324,0.6550810186606555,0.41443853597290325,0.2591108328595747,0.18810481148933247,0.658820911214875,0.2777010095537384,0.07351642171323465,2026-09-09T15:23:47Z
823251,682928,CJ Abrams,WSH,SD,0,1,projected,Walker Buehler,Petco Park,2026-09-09T20:10:00Z,4.607851072440307,2749,1758,0.6520874228181889,0.6058752158656607,-2.7047147393424753,Cold,0.13368593149219418,0.692567059111073,0.37450814252239906,0.6900175014461397,0.7278832630446411,0.5334646803404908,0.36702512115226277,0.23435275448521453,0.664337573092178,0.43004337305589185,0.27091577406675593,0.18822768961822686,0.6682067537209806,0.28997959873780377,0.08072545167841211,2026-09-09T15:23:47Z
823251,664034,Ty France,SD,WSH,1,2,projected,Jackson Kent,Petco Park,2026-09-09T20:10:00Z,4.316072113540468,2740,112,0.5477585741279725,0.6603541035516952,0.7954286821074079,Normal,0.10936848935895689,0.66370881183649,0.5190924051836591,0.5261029537282232,0.6917105167183314,0.48988490461095674,0.32527332920609575,0.19945283396153335,0.6379676349456398,0.38240795189116233,0.21855824625975742,0.14614142707706643,0.6414856809363743,0.2584862686341591,0.06425350397111261,2026-09-09T15:23:47Z
823251,695578,James Wood,WSH,SD,0,2,projected,Walker Buehler,Petco Park,2026-09-09T20:10:00Z,4.516972298088178,1587,1758,0.6511784481406936,0.5928432957813474,0.22611936693971635,Normal,0.1728819526674115,0.6829455994754291,0.5233214817693085,0.7430757454127014,0.7335869712939328,0.5396494231922249,0.3723826377103976,0.23838418180482454,0.6555577008382008,0.4351261262868922,0.2838987451387254,0.21357674496169576,0.6593077606106061,0.2791506574367528,0.07489032043478179,2026-09-09T15:23:47Z
823251,592518,Manny Machado,SD,WSH,1,3,projected,Jackson Kent,Petco Park,2026-09-09T20:10:00Z,4.230253353204173,3168,112,0.5728985260618612,0.6518988139438998,1.9406204800243734,Normal,0.1447726103245438,0.6481085200870208,0.49706109726437,0.5373285953649375,0.7130297977557587,0.5133374390859862,0.34602670362339977,0.21551260181818427,0.6236809506710967,0.38140025652305537,0.23265995493868127,0.17213360666083719,0.6270158825419238,0.24289745431006476,0.057067813266243446,2026-09-09T15:23:47Z
823251,691781,Brady House,WSH,SD,0,3,projected,Walker Buehler,Petco Park,2026-09-09T20:10:00Z,4.409670164917541,586,1758,0.4438035728828041,0.5799399875366593,0.6191165086165162,Normal,0.10067335450856252,0.6410845813954876,0.2697312359366115,0.7338437908216326,0.6645043297845731,0.46112423188468904,0.3004942937680694,0.1806804702035379,0.6171138528685814,0.3624913569904525,0.20393560633615662,0.1353407907326751,0.6203884068523144,0.23916216873362647,0.05711812189186034,2026-09-09T15:23:47Z
823251,669720,Austin Hays,SD,WSH,1,4,projected,Jackson Kent,Petco Park,2026-09-09T20:10:00Z,4.136711072286525,1904,112,0.501931505607182,0.6382006463264212,-0.8783500881388593,Normal,0.1088839339603014,0.6519472566766834,0.3544682260607808,0.6131314721118551,0.6847083950625055,0.48082416471013617,0.31619070876258587,0.1915967063591029,0.6272419536006895,0.38564138575817847,0.22441149593791404,0.15035958653470322,0.6306140967402949,0.24544430693700278,0.057463037195889355,2026-09-09T15:23:47Z
823251,660688,Keibert Ruiz,WSH,SD,0,4,projected,Walker Buehler,Petco Park,2026-09-09T20:10:00Z,4.320291777188329,2068,1758,0.42510816719231304,0.5637689044429266,1.4702909503371124,Normal,0.09472490188878571,0.691737641657688,0.27385078696648496,0.41599505661797354,0.6840010620333395,0.48148266269244205,0.3178847185226061,0.1937628745668623,0.6636464527175023,0.4033484802486332,0.22485816361574745,0.14082394999673445,0.6674916665120344,0.28618109449031476,0.07682562249173484,2026-09-09T15:23:47Z
823251,593428,Xander Bogaerts,SD,WSH,1,5,projected,Jackson Kent,Petco Park,2026-09-09T20:10:00Z,4.020486555697824,2856,112,0.5079040846411867,0.6221202511350291,-0.30280128390633254,Normal,0.0881757157450142,0.6226173970087489,0.5058662767263656,0.47387919712762866,0.6664602571894472,0.4606472692454378,0.2981829115538414,0.17750364426311938,0.6002579811201468,0.33457129739464797,0.17853725656285302,0.11572684904478206,0.6033060071353559,0.2191004297772527,0.04690087296952799,2026-09-09T15:23:47Z
823251,686611,Dylan Crews,WSH,SD,0,5,projected,Walker Buehler,Petco Park,2026-09-09T20:10:00Z,4.197546319479219,837,1758,0.43929519033487163,0.5449022071047425,0.22582016270307223,Normal,0.0994412191750404,0.5927904783284867,0.3008292991940361,0.6849756439345802,0.641047776247845,0.43551863609931085,0.27773608857266113,0.1628659902287372,0.5725646812439543,0.32802595332044965,0.1867197220328276,0.12784054498272737,0.5753212781811188,0.1970719507031568,0.04032408986557274,2026-09-09T15:23:47Z
823251,630105,Jake Cronenworth,SD,WSH,1,6,projected,Jackson Kent,Petco Park,2026-09-09T20:10:00Z,3.8901128425577647,2735,112,0.4183594597021522,0.6130402218126859,-2.039090221024503,Cold,0.07063665524483784,0.5732007673415743,0.4190825446328811,0.5839270454677283,0.6112589336910078,0.40443790614417474,0.2510381287889251,0.14259181696450277,0.5544935022815665,0.3037530289158429,0.15956340567426303,0.09944001674093743,0.557039973033605,0.17995676947296374,0.0334426480178318,2026-09-09T15:23:47Z
823251,695734,Daylen Lile,WSH,SD,0,6,projected,Walker Buehler,Petco Park,2026-09-09T20:10:00Z,4.055449330783938,950,1758,0.4919314965888601,0.5369523182120595,-0.39717586070174127,Normal,0.11615735691075177,0.6648735089411495,0.2900548554869411,0.562727736909393,0.6837585699053066,0.4805174910425444,0.3164521231145422,0.19218569487812165,0.6390623340412118,0.39795052209332743,0.2483717129398603,0.167941886110665,0.6425885882451554,0.2585997872811698,0.06358840093965105,2026-09-09T15:23:47Z
823251,701538,Jackson Merrill,SD,WSH,1,7,projected,Jackson Kent,Petco Park,2026-09-09T20:10:00Z,3.7429320897697465,1671,112,0.4306981435081921,0.6003825298355604,-0.2216418167677518,Normal,0.10485951058078961,0.6111956930834304,0.28402519626152617,0.5813073335909018,0.653013986959894,0.4457078939918119,0.2848386457102171,0.16706402297397543,0.5897725849941331,0.3462126538609354,0.2026171068313432,0.13804949809742642,0.5926909564985448,0.20843585520557878,0.0424576017237501,2026-09-09T15:23:47Z
823251,677588,José Tena,WSH,SD,0,7,projected,Walker Buehler,Petco Park,2026-09-09T20:10:00Z,3.910714285714286,647,1758,0.43359453300796963,0.5272065255468309,-1.3208972004652424,Normal,0.08073326901799902,0.6247362238212726,0.3385713214951827,0.6799550833337672,0.6407672695715875,0.43451152757319866,0.2763860345550074,0.16149850626946996,0.6021770343226065,0.3478253987356843,0.1895617541361975,0.11852423155414558,0.605253539181166,0.22180612614628484,0.04850693628145925,2026-09-09T15:23:47Z
823251,669134,Luis Campusano,SD,WSH,1,8,projected,Jackson Kent,Petco Park,2026-09-09T20:10:00Z,3.587150322778973,750,112,0.47391248537041775,0.6013706910384611,-0.14139774686107393,Normal,0.0965229590790086,0.5884431042943326,0.4425557345957376,0.4456249299423955,0.6459312906985857,0.4372816111790858,0.2769974781943404,0.16075059267346362,0.5687997828141398,0.3134364606704528,0.1710546061753714,0.11793192855101768,0.571473339593321,0.1890122010785876,0.035299941935557216,2026-09-09T15:23:47Z
823251,696285,Jacob Young,WSH,SD,0,8,projected,Walker Buehler,Petco Park,2026-09-09T20:10:00Z,3.7547339945897202,1438,1758,0.40849030661956715,0.5316037893990652,0.6812024889537378,Normal,0.06400826789665741,0.5766637906483028,0.30419910705053316,0.5036916504408298,0.6045630372430922,0.39823340598663104,0.24628010180037196,0.1393905610200241,0.5577028287260613,0.2935294489604335,0.1481854515791528,0.09001844742539337,0.5602846568490785,0.1829300523892427,0.034757495204701665,2026-09-09T15:23:47Z
823251,666023,Freddy Fermin,SD,WSH,1,9,projected,Jackson Kent,Petco Park,2026-09-09T20:10:00Z,3.397856049004594,1203,112,0.4065418881003703,0.6025354955399141,-0.23737782288438608,Normal,0.07342677561700572,0.5527769359522935,0.33982145898061006,0.45291763412787156,0.6024481646238273,0.3934550621270432,0.24066396151798158,0.1341883856027928,0.535714763003099,0.27373722423882474,0.13805281633720534,0.09075713855413937,0.5380347311571096,0.16186461697038496,0.026603398591679872,2026-09-09T15:23:47Z
823251,683083,Nasim Nuñez,WSH,SD,0,9,projected,Walker Buehler,Petco Park,2026-09-09T20:10:00Z,3.596277278562259,634,1758,0.4104884977631145,0.5265125743231641,-1.9859013525974705,Normal,0.060742127052519745,0.5549364805412473,0.3150823877661918,0.5137795777459321,0.5941134918428906,0.38774242212682847,0.23757044289153562,0.13299365573790398,0.5375262400262086,0.2603723757267714,0.1294328035928955,0.08018910861419773,0.5398953626764211,0.16652100708851716,0.029402753632172724,2026-09-09T15:23:47Z
823416,656941,Kyle Schwarber,PHI,HOU,1,1,projected,Hunter Brown,Citizens Bank Park,2026-09-09T22:40:00Z,4.424217631417468,3428,2551,0.7321946789141823,0.6716914639459278,0.7557690082263345,Normal,0.2819909452320268,0.5948004842957478,0.5542179785445638,0.8368556658170954,0.7256504255325046,0.5296164854094529,0.3623851575928896,0.2297237751447012,0.574349982181945,0.4043487954926919,0.3173901900149854,0.2888970447237997,0.5771385995970142,0.20012104977948728,0.042150814005332805,2026-09-09T15:23:47Z
823416,665161,Jeremy Peña,HOU,PHI,0,1,projected,Cristopher Sánchez,Citizens Bank Park,2026-09-09T22:40:00Z,4.607851072440307,2796,2886,0.6553868050164721,0.6922650772508291,-2.09769805046051,Cold,0.12964132352252572,0.7243079047144088,0.2667431933580152,0.7045433779589235,0.7357418049896624,0.5429315764843353,0.37607255333618306,0.24188800698065258,0.693339517292519,0.44291232974671774,0.2709747460742136,0.18341972173100973,0.697593657916812,0.32399195039977047,0.09793575836935307,2026-09-09T15:23:47Z
823416,650333,Luis Arraez,PHI,HOU,1,2,projected,Hunter Brown,Citizens Bank Park,2026-09-09T22:40:00Z,4.316072113540468,3162,2551,0.5065957322932654,0.6682765081554911,0.1413615992506427,Normal,0.08315270780942118,0.7190187076215966,0.28303768153453274,0.38435571088706605,0.6978001382237935,0.4967097922424834,0.33142705176830073,0.20431200376316336,0.6885481934159101,0.4127895052533755,0.2294801376534364,0.1371298532497022,0.6927253234092833,0.31474381349677105,0.0904379282494034,2026-09-09T15:23:47Z
823416,514888,Jose Altuve,HOU,PHI,0,2,projected,Cristopher Sánchez,Citizens Bank Park,2026-09-09T22:40:00Z,4.516972298088178,2851,2886,0.5914210263786138,0.6802676355220602,-0.4672877487549706,Normal,0.13215801771970842,0.7186619500021676,0.3068186374345049,0.6154520433827263,0.7324063198241741,0.5382246602688209,0.37102187068486625,0.23725298276372841,0.6882080513804666,0.4387432589945194,0.2666198641654602,0.18170681025977423,0.6923875335468102,0.3165470496481797,0.0931781477359731,2026-09-09T15:23:47Z
823416,607208,Trea Turner,PHI,HOU,1,3,projected,Hunter Brown,Citizens Bank Park,2026-09-09T22:40:00Z,4.230253353204173,3200,2551,0.5210554673983917,0.6613984132749743,-0.17948913142600129,Normal,0.10731058178864888,0.6775585228372417,0.2733601823378858,0.6578808526332,0.7033106887453753,0.5021783829462035,0.33580903742943624,0.20735139648206705,0.6507103386483906,0.3948328181270535,0.23002310237947213,0.151398283046755,0.6543803842198973,0.27050745965605977,0.0686538906480923,2026-09-09T15:23:47Z
823416,670623,Isaac Paredes,HOU,PHI,0,3,projected,Cristopher Sánchez,Citizens Bank Park,2026-09-09T22:40:00Z,4.409670164917541,2618,2886,0.4957076546782091,0.6817208033855799,0.5577598564186262,Normal,0.13886836811884376,0.6640508266174289,0.4535490318101318,0.5173215731447325,0.6967000026918054,0.4963380237837624,0.3317726650085808,0.20511292172923246,0.6382361906079822,0.39731619959973424,0.2422481577432896,0.1740723958564691,0.6417663371743342,0.26024890795972555,0.06597266422389528,2026-09-09T15:23:47Z
823416,650559,Bryan De La Cruz,PHI,HOU,1,4,projected,Hunter Brown,Citizens Bank Park,2026-09-09T22:40:00Z,4.136711072286525,1712,2551,0.3812737347674189,0.6487092745097538,0.6380015948324341,Normal,0.10982197876314809,0.6386806332041625,0.24170157017034008,0.7811448991094111,0.6624037499204701,0.45681654989611714,0.29523703506044113,0.17554197848858133,0.6150372043886414,0.36312655247948256,0.20555819777264656,0.140401711574476,0.6182628458423501,0.2336123289557118,0.05281480281712497,2026-09-09T15:23:47Z
823416,670541,Yordan Alvarez,HOU,PHI,0,4,projected,Cristopher Sánchez,Citizens Bank Park,2026-09-09T22:40:00Z,4.320291777188329,2518,2886,0.4470266792702924,0.6741936137073673,-1.1324285130200602,Normal,0.14195181706566634,0.6559724937253225,0.33943868272952354,0.6673809427628296,0.7115080657455138,0.5124884219250971,0.3459747313646771,0.21604385695057546,0.6308586867111424,0.3952807622105487,0.24321647564587737,0.17662428924334056,0.6342902477391974,0.2515055130056262,0.06150849911017818,2026-09-09T15:23:47Z
823416,547180,Bryce Harper,PHI,HOU,1,5,projected,Hunter Brown,Citizens Bank Park,2026-09-09T22:40:00Z,4.020486555697824,2801,2551,0.5671892351592959,0.6341252202918347,0.3442733462668024,Normal,0.15662237735821788,0.6196027622374742,0.558677761696382,0.6696196006965051,0.7077874460731216,0.5062339250570046,0.33862397245029713,0.20888569342166283,0.5974747845228052,0.38000971626778407,0.23852107597193606,0.18306275988224413,0.6004909886529116,0.21658785933771876,0.045993482467934506,2026-09-09T15:23:47Z
823416,572233,Christian Walker,HOU,PHI,0,5,projected,Cristopher Sánchez,Citizens Bank Park,2026-09-09T22:40:00Z,4.197546319479219,3091,2886,0.4818976916891912,0.6754310398657668,-0.26189934888854616,Normal,0.16121453462225263,0.6491979756467775,0.3079921252527726,0.6737589385485997,0.706431594667182,0.506078317962805,0.3396316746996364,0.21060037146973282,0.6246625735410785,0.3979769517350923,0.25295064593540445,0.1916949897480548,0.6280130050406046,0.24441111405662272,0.058009025745081065,2026-09-09T15:23:47Z
823416,664761,Alec Bohm,PHI,HOU,1,6,projected,Hunter Brown,Citizens Bank Park,2026-09-09T22:40:00Z,3.8901128425577647,2914,2551,0.40347417402446767,0.6254288488168197,-0.4274969023532273,Normal,0.08963075891838733,0.6448902666477887,0.2699748371430494,0.5325799847220207,0.6662523366859443,0.46011352139231276,0.29747782986959387,0.1767780130455397,0.6207979010929886,0.3581359488668504,0.19556422724736272,0.12458415931514401,0.6240837936080771,0.2377822756574281,0.05353482316258479,2026-09-09T15:23:47Z
823416,662139,Daulton Varsho,HOU,PHI,0,6,projected,Cristopher Sánchez,Citizens Bank Park,2026-09-09T22:40:00Z,4.055449330783938,2447,2886,0.3726249534974348,0.6746263382089775,0.013536679116901023,Normal,0.09291348918173609,0.5701246581290182,0.2286903673826142,0.737891225701401,0.6357702711129964,0.43001352328688536,0.27297986996151546,0.15922038335007047,0.5515155901606956,0.31980547931394987,0.18271262288702345,0.12326108318560529,0.5540499573461785,0.17973144393252002,0.03439242081678862,2026-09-09T15:23:47Z
823416,592663,J.T. Realmuto,PHI,HOU,1,7,projected,Hunter Brown,Citizens Bank Park,2026-09-09T22:40:00Z,3.7429320897697465,2475,2551,0.40581813354139046,0.6122228822262245,-1.2301076334210117,Normal,0.09480890364733316,0.5898141885692346,0.2867342189637584,0.6569353553111412,0.6385074820015233,0.43087685302880474,0.27240054430541244,0.1578737044554518,0.5699705156945021,0.32376424721286073,0.1807612271427596,0.122178273264909,0.5726723025143221,0.19166080270701533,0.03686396108644251,2026-09-09T15:23:47Z
823416,673237,Yainer Diaz,HOU,PHI,0,7,projected,Cristopher Sánchez,Citizens Bank Park,2026-09-09T22:40:00Z,3.910714285714286,1867,2886,0.43353406153509805,0.665411539894323,0.3158576057472217,Normal,0.13050732045074173,0.6834987279293885,0.17691934990761846,0.5302289659348464,0.6966567301418145,0.4941886001853701,0.32822551119615456,0.20108247305034474,0.6561707485974783,0.4030724726972402,0.24123153596783342,0.16787540313746768,0.6599062180594828,0.2755507531544548,0.07034121238325051,2026-09-09T15:23:47Z
823416,681082,Bryson Stott,PHI,HOU,1,8,projected,Hunter Brown,Citizens Bank Park,2026-09-09T22:40:00Z,3.587150322778973,2778,2551,0.43749684299715075,0.6121050963219131,-1.3841049917328017,Normal,0.08589176484216848,0.5634500664569397,0.3782725197423227,0.5282598093111934,0.614662672824468,0.4062301464566568,0.25155177658261074,0.1423460045158669,0.54556192813344,0.2937292635490459,0.16017145912034825,0.1080278843672858,0.5479954059849199,0.17080730164742206,0.029807842021812723,2026-09-09T15:23:47Z
823416,543877,Christian Vázquez,HOU,PHI,0,8,projected,Cristopher Sánchez,Citizens Bank Park,2026-09-09T22:40:00Z,3.7547339945897202,1565,2886,0.3505516783025377,0.6619443062552751,-1.2311474742574058,Normal,0.0852419184184845,0.5948128066420821,0.21484896333094708,0.5646597614615864,0.606750759437174,0.4003288278125314,0.24796201024050404,0.1405895320486882,0.5745532834697832,0.31113863717516754,0.16376622549771092,0.10805015599377794,0.577313175109717,0.19665617816536798,0.03922579799472716,2026-09-09T15:23:47Z
823416,669016,Brandon Marsh,PHI,HOU,1,9,projected,Hunter Brown,Citizens Bank Park,2026-09-09T22:40:00Z,3.397856049004594,2359,2551,0.4258386392412599,0.6129792784224385,-0.6312561560204907,Normal,0.09616843493889612,0.5564000823597077,0.28297748107325205,0.692857217543272,0.6110530335958441,0.4016468822995976,0.24716218586418193,0.13875065424042402,0.5390951867332374,0.29629489644773066,0.16839253287733147,0.1177171223562239,0.5414482900834497,0.16433259308825635,0.02727984927923663,2026-09-09T15:23:47Z
823416,669397,Nick Allen,HOU,PHI,0,9,projected,Cristopher Sánchez,Citizens Bank Park,2026-09-09T22:40:00Z,3.596277278562259,1323,2886,0.36800810352439783,0.652135565036872,1.0964463337076193,Normal,0.06265864745775909,0.5784902030539408,0.21332926046971457,0.5773259555297804,0.5850451002337256,0.37929113223119015,0.23092580670300575,0.12834527812011293,0.5594599794058946,0.2803658073037507,0.137015032916878,0.08355771919465349,0.5620508383052037,0.18336023996764608,0.0345076939382909,2026-09-09T15:23:47Z
823497,671218,Heliot Ramos,NYY,COL,1,1,projected,Tomoyuki Sugano,Yankee Stadium,2026-09-09T23:05:00Z,4.424217631417468,1685,1241,0.5416481121598877,0.6587918297895295,-0.6167764126281441,Normal,0.13122272311263636,0.7058606557836411,0.28508309826684847,0.6342456670477231,0.7194380158750779,0.5222723369469133,0.3554876683753386,0.22407828563858886,0.6765292418255172,0.42733268486738935,0.2615889170050164,0.17958254618682873,0.6805490623260212,0.3017705884321826,0.08492535790741483,2026-09-09T15:23:47Z
823497,678662,Ezequiel Tovar,COL,NYY,0,1,projected,Will Warren,Yankee Stadium,2026-09-09T23:05:00Z,4.607851072440307,2196,1415,0.5346508546541868,0.6372705936548427,-0.6412525425370645,Normal,0.11249655602984897,0.6686229666289888,0.24440349594584726,0.820902104028774,0.6975357819251714,0.49821910020951127,0.3342300995810648,0.20764944526800191,0.6423873932849263,0.4063607518313203,0.24260071203328748,0.1627110447665665,0.6459782313963464,0.26618920877090935,0.06966204100155272,2026-09-09T15:23:47Z
823497,592450,Aaron Judge,NYY,COL,1,2,projected,Tomoyuki Sugano,Yankee Stadium,2026-09-09T23:05:00Z,4.316072113540468,2801,1241,0.7837872971491359,0.6540777634112699,-1.0109438281498984,Normal,0.33744074716726696,0.7146675652116427,0.4488940967221531,0.6149822983483357,0.7938435860307741,0.6160792190396458,0.4478005851210876,0.3025686114536997,0.6845821633496233,0.5076862198504203,0.3975487783437231,0.3532752451014505,0.688705357051529,0.3100023682271434,0.08805898390054122,2026-09-09T15:23:47Z
823497,666160,Mickey Moniak,COL,NYY,0,2,projected,Will Warren,Yankee Stadium,2026-09-09T23:05:00Z,4.516972298088178,1707,1415,0.5949092408858148,0.6302942336137342,-1.1745501057384713,Normal,0.19895661664986228,0.6961292968567633,0.2864602359216685,0.742029884526886,0.7324271086280114,0.5382497185141477,0.37104578309696046,0.23727284679506283,0.6676260840219088,0.45306960682061814,0.31366401130767535,0.2426425013974003,0.6715319282984618,0.29253306569417975,0.08120724943084469,2026-09-09T15:23:47Z
823497,671277,Luis García Jr.,NYY,COL,1,3,projected,Tomoyuki Sugano,Yankee Stadium,2026-09-09T23:05:00Z,4.230253353204173,2403,1241,0.5811898349791419,0.644385133255119,0.12451194586501295,Normal,0.2122533207505154,0.7390568409964977,0.21904094234838364,0.4439685288483304,0.7391580574815988,0.5444110888202636,0.37521815495164873,0.23933643522031445,0.7068016587986252,0.48351772744786875,0.3323358624618412,0.2563971373891972,0.7112267556880607,0.3358683480694385,0.10029973766072797,2026-09-09T15:23:47Z
823497,696100,Hunter Goodman,COL,NYY,0,3,projected,Will Warren,Yankee Stadium,2026-09-09T23:05:00Z,4.409670164917541,1393,1415,0.5643325062337727,0.6245454275658927,-0.8481394678392035,Normal,0.23469768882358613,0.6627967061697215,0.2747722524782242,0.8685621868204723,0.7216687138335156,0.5251197014802168,0.35832851723218995,0.22653572235473748,0.63708448401646,0.43598079713868254,0.3144736393165242,0.26081602506696827,0.6406004187649799,0.2590635740152923,0.06545885479949043,2026-09-09T15:23:47Z
823497,642708,Amed Rosario,NYY,COL,1,4,projected,Tomoyuki Sugano,Yankee Stadium,2026-09-09T23:05:00Z,4.136711072286525,1979,1241,0.4856767408960674,0.6300493828190901,-0.12003175105158051,Normal,0.10298917353899918,0.7191379732021728,0.19785012428625884,0.5362506643007131,0.6984863184403627,0.4961494488803151,0.3298833201593385,0.20229643354128404,0.6886912825013929,0.4285115248406247,0.2554189094880061,0.16293440135446013,0.6928604454605054,0.3124043578597439,0.08735379396206042,2026-09-09T15:23:47Z
823497,687597,Jordan Beck,COL,NYY,0,4,projected,Will Warren,Yankee Stadium,2026-09-09T23:05:00Z,4.320291777188329,920,1415,0.4072422563087079,0.6101768108512223,-0.660382688610853,Normal,0.09256220207046374,0.6397545004475446,0.2648130789513635,0.8588822843915681,0.6437130547528012,0.43875060424056245,0.2808245290962498,0.16543335410460877,0.6159364130802426,0.3645164217892424,0.20785335155767892,0.13416886645558926,0.6191887080790135,0.23685060395118865,0.05552724618129501,2026-09-09T15:23:47Z
823497,641857,Ryan McMahon,NYY,COL,1,5,projected,Tomoyuki Sugano,Yankee Stadium,2026-09-09T23:05:00Z,4.020486555697824,2777,1241,0.49248442974011825,0.6130181693645615,0.029919750535776203,Normal,0.1696962384833313,0.6428108745311346,0.34136857374199614,0.6441618653917184,0.6736005027937639,0.46827857212352153,0.3048002959091747,0.18254048298637032,0.6188676875687411,0.39214950521370096,0.25350138027882546,0.19626629011350474,0.6221337362916245,0.23647132869601112,0.053400839945734926,2026-09-09T15:23:47Z
823497,681198,TJ Rumfield,COL,NYY,0,5,projected,Will Warren,Yankee Stadium,2026-09-09T23:05:00Z,4.197546319479219,569,1415,0.5349554767794372,0.594858899651463,1.7189188440545995,Normal,0.11857105510388583,0.6908096298636833,0.48957407544790477,0.46792333128386254,0.7028323802295561,0.5019721453942247,0.3358856213110489,0.20761535313269197,0.6628204841362881,0.41100929638158684,0.24514077817384272,0.16472461944733535,0.6666499152052326,0.2842544633832527,0.07522512236270378,2026-09-09T15:23:47Z
823497,502671,Paul Goldschmidt,NYY,COL,1,6,projected,Tomoyuki Sugano,Yankee Stadium,2026-09-09T23:05:00Z,3.8901128425577647,2885,1241,0.4633818901148039,0.6037639355087229,0.3549245970273224,Normal,0.13132875158095006,0.673222058309407,0.2530414466372025,0.5524136481793805,0.695777453234408,0.49229847170173585,0.32575957275819384,0.19853088795283574,0.6467979581596299,0.4017744889709735,0.23927196528565142,0.16755211275835744,0.65040561640382,0.2639333589605689,0.064065782332904,2026-09-09T15:23:47Z
823497,687859,Troy Johnston,COL,NYY,0,6,projected,Will Warren,Yankee Stadium,2026-09-09T23:05:00Z,4.055449330783938,538,1415,0.4557190290170695,0.5870022818677798,-0.6843979781953428,Normal,0.09379606426176575,0.6650682044264131,0.37975827444855487,0.5398939794876596,0.6732765961612805,0.4691197190783121,0.3064127447385899,0.18442410750996358,0.6392409632450616,0.38449452570302034,0.2163534362602114,0.13770247822212894,0.6427694422474459,0.2587835338339099,0.06366612164517568,2026-09-09T15:23:47Z
823497,641355,Cody Bellinger,NYY,COL,1,7,projected,Tomoyuki Sugano,Yankee Stadium,2026-09-09T23:05:00Z,3.7429320897697465,2829,1241,0.5265015418761674,0.5916362311028683,0.41640388555915414,Normal,0.15344085115490497,0.660645299910325,0.27149050735119346,0.41015902996528314,0.7021578818630095,0.4988947876556783,0.33129210896701594,0.20258978237795508,0.635313958448324,0.3972969198323606,0.2515663635929224,0.18631002153801773,0.6387699646438998,0.2511891593126476,0.05836624268874276,2026-09-09T15:23:47Z
823497,664983,Jake McCarthy,COL,NYY,0,7,projected,Will Warren,Yankee Stadium,2026-09-09T23:05:00Z,3.910714285714286,1902,1415,0.4820857208665141,0.5736367213404562,0.857436151308257,Normal,0.10462309098013142,0.6624818040648766,0.30067507072121674,0.4797346208197958,0.6807513340887714,0.4765935552343739,0.3125576099602833,0.1888689265414351,0.636913518083175,0.3796490059225529,0.22935509237577129,0.15167666013276754,0.6404052171927892,0.2553380917001671,0.06167392361166094,2026-09-09T15:23:47Z
823497,665862,Jazz Chisholm Jr.,NYY,COL,1,8,projected,Tomoyuki Sugano,Yankee Stadium,2026-09-09T23:05:00Z,3.587150322778973,2296,1241,0.5127195237342398,0.5934716086842347,1.8405494048491085,Normal,0.19805976781519283,0.6215889960043438,0.28811888638217004,0.5731112584793525,0.6903076298897579,0.4843603288349205,0.3174060451505603,0.19114394388100678,0.5994742965423197,0.3773610669750732,0.26293540307825414,0.21657026779189667,0.6024865314459432,0.21516874436188138,0.04392277159710982,2026-09-09T15:23:47Z
823497,681393,Connor Norby,COL,NYY,0,8,projected,Will Warren,Yankee Stadium,2026-09-09T23:05:00Z,3.7547339945897202,855,1415,0.4201235256615055,0.5736389565898675,0.020582834431935707,Normal,0.09104413191479871,0.5805769080960366,0.30687759145165844,0.7882804540642734,0.6359878752089846,0.42905864116462283,0.2714471169352231,0.1575983919882393,0.5613399525273939,0.3185667373994902,0.17292370213975738,0.11669631393251886,0.5639596059305247,0.1858323176844762,0.035682010068814746,2026-09-09T15:23:47Z
823497,676609,José Caballero,NYY,COL,1,9,projected,Tomoyuki Sugano,Yankee Stadium,2026-09-09T23:05:00Z,3.397856049004594,1552,1241,0.40935049874016755,0.5947479399164755,-0.803376059056507,Normal,0.0856524539144404,0.5800147751492715,0.24683515287535374,0.5282435417425184,0.6166731500118631,0.4070596439348957,0.25149051629974306,0.14181041169706418,0.5610795488371781,0.30544958322783905,0.16205658665845102,0.10795108829386066,0.5636553585722606,0.18104435327928273,0.03205779147773747,2026-09-09T15:23:47Z
823497,691720,Kyle Karros,COL,NYY,0,9,projected,Will Warren,Yankee Stadium,2026-09-09T23:05:00Z,3.596277278562259,562,1415,0.46480849317633016,0.5684267731242406,-0.13915795927748809,Normal,0.08589212440840845,0.5732363562641811,0.3379142279557282,0.6479513793069238,0.6311934755394372,0.42359971162733995,0.2665131730276326,0.15370994690048054,0.5545744197817674,0.30391906129779606,0.16430053333246591,0.10981011750961239,0.5571148404287134,0.17950899531165296,0.03330821113476458,2026-09-09T15:23:47Z
823739,592885,Christian Yelich,MIL,CHC,1,1,projected,Kevin Gausman,American Family Field,2026-09-09T23:40:00Z,4.424217631417468,2709,3702,0.6181200110026176,0.6864068369439112,0.9080665523959827,Normal,0.11744285119573208,0.6648525873244596,0.347494283353431,0.7046061739616726,0.7088029485851728,0.5099025906693776,0.3440072204215214,0.21477519051254007,0.638983460006554,0.3861378321123866,0.228258753015145,0.15601169831872866,0.6425206935847352,0.2606596356686181,0.06592668067782292,2026-09-09T15:23:47Z
823739,663538,Nico Hoerner,CHC,MIL,0,1,projected,Logan Henderson,American Family Field,2026-09-09T23:40:00Z,4.607851072440307,3119,409,0.5472406551377335,0.6236848245070024,0.30014054822043956,Normal,0.07734246136979127,0.6801951451685534,0.2281170678694286,0.5539123805223604,0.6877704849195272,0.48729419657167095,0.3243406613972602,0.199784222128881,0.6530041404364312,0.3809198439046543,0.2081309908030521,0.12485052558386386,0.656728175346925,0.2774959587203161,0.07482147264207951,2026-09-09T15:23:47Z
823739,668930,Brice Turang,MIL,CHC,1,2,projected,Kevin Gausman,American Family Field,2026-09-09T23:40:00Z,4.316072113540468,2339,3702,0.5568812848500062,0.6829983335169039,0.4750328225505841,Normal,0.09883219017403005,0.6532486404933752,0.3706066326221661,0.6966106672146921,0.6849582214798072,0.48240620816695,0.3185872624736512,0.19421115428776262,0.6283587393495726,0.3662943611934153,0.20872774352933904,0.1367355472544365,0.6317588682428377,0.24876456804616703,0.060171587830961666,2026-09-09T15:23:47Z
823739,608324,Alex Bregman,CHC,MIL,0,2,projected,Logan Henderson,American Family Field,2026-09-09T23:40:00Z,4.516972298088178,3162,409,0.5475333895583775,0.6147012100674856,0.9874026993476495,Normal,0.1448030146547553,0.6419959505891417,0.33728570318830686,0.6145466690327256,0.6946200713781421,0.4942998629654838,0.3301931643819422,0.2040766309687142,0.6179389250259019,0.3856647639977431,0.23887141668113926,0.17647820577380502,0.6212261435386026,0.24048611843249787,0.058031671745166574,2026-09-09T15:23:47Z
823739,661388,William Contreras,MIL,CHC,1,3,projected,Kevin Gausman,American Family Field,2026-09-09T23:40:00Z,4.230253353204173,2907,3702,0.4957083058290277,0.6789405831188229,-1.0642619473433177,Normal,0.1013490787627522,0.6683337840166109,0.316350898708513,0.6358383772046126,0.6955051278552465,0.49336416318610055,0.32783458397311177,0.20104572102667606,0.6422562346083642,0.3856214357283105,0.2174593673165332,0.1413547129612148,0.6458194315543094,0.2616209691491526,0.06481212996952714,2026-09-09T15:23:47Z
823739,683737,Michael Busch,CHC,MIL,0,3,projected,Logan Henderson,American Family Field,2026-09-09T23:40:00Z,4.409670164917541,1883,409,0.48298597840482077,0.6058558044224596,-1.110714634427571,Normal,0.15567700699813178,0.6000378764114052,0.39849995759217494,0.7786575917132791,0.6689096731288661,0.46582435478609013,0.30459427373265446,0.1838337211241652,0.5791904849834398,0.36069650821118376,0.23264985457903717,0.18039796512698328,0.5820339697048049,0.20455950241659968,0.043886853813999004,2026-09-09T15:23:47Z
823739,694192,Jackson Chourio,MIL,CHC,1,4,projected,Kevin Gausman,American Family Field,2026-09-09T23:40:00Z,4.136711072286525,1666,3702,0.49544922705317157,0.6686739666195497,1.0177995989859103,Normal,0.13106272322750112,0.6810282336058061,0.22129825947546283,0.7072337982192852,0.7123353580431393,0.5119603367473696,0.34427628855220593,0.21372089175693076,0.6539106872110755,0.4122798174947768,0.2509854680141729,0.17441301750040067,0.6576165866261523,0.27292010727045535,0.06898178372596532,2026-09-09T15:23:47Z
823739,664023,Ian Happ,CHC,MIL,0,4,projected,Logan Henderson,American Family Field,2026-09-09T23:40:00Z,4.320291777188329,3233,409,0.47644604108522076,0.5902368077215601,0.10551376944219659,Normal,0.14510152644368496,0.5864175915366315,0.39035003601296736,0.8225313215219382,0.6604098073848986,0.4560972597414589,0.29564384903214014,0.1766153440744599,0.5666106019805067,0.35434894808315825,0.22090621828360862,0.16960063824608626,0.5693102580972379,0.19292161367825036,0.03931514510355628,2026-09-09T15:23:47Z
823739,683734,Andrew Vaughn,MIL,CHC,1,5,projected,Kevin Gausman,American Family Field,2026-09-09T23:40:00Z,4.020486555697824,2549,3702,0.3880781306751108,0.6579977365691984,0.48822329963787453,Normal,0.095927554873539,0.6581270652327461,0.27966502797123594,0.6191021656989737,0.6725382629168869,0.46713708747408456,0.30380664961035464,0.18178171006838587,0.632944072345573,0.3764577466454828,0.20957356006417216,0.13478117903797454,0.6363811312862985,0.2502965395108979,0.05885924827416227,2026-09-09T15:23:47Z
823739,673548,Seiya Suzuki,CHC,MIL,0,5,projected,Logan Henderson,American Family Field,2026-09-09T23:40:00Z,4.197546319479219,2834,409,0.452960022959272,0.5729137804194071,0.7479088231731428,Normal,0.12913569364810046,0.6182419028731959,0.33552027863344963,0.7656700949704024,0.6772247150307903,0.47353781399946676,0.3104429125213004,0.18766835547140634,0.5961258862438689,0.365919377781691,0.22370689119112058,0.16154142840107455,0.5991424940435809,0.21754310588552359,0.047607715532868744,2026-09-09T15:23:47Z
823739,641343,Jake Bauers,MIL,CHC,1,6,projected,Kevin Gausman,American Family Field,2026-09-09T23:40:00Z,3.8901128425577647,1358,3702,0.5278017477893276,0.6507012655218656,-0.34013856509353635,Normal,0.13577820109394928,0.590412309029212,0.4934741844593141,0.7021062052396717,0.6754258025010876,0.4699282835288723,0.30598734559515867,0.1832492599217915,0.5704801099209561,0.3407686854403143,0.20914650733858103,0.15805927651962512,0.5731943938296088,0.19282616860800236,0.03753908035607263,2026-09-09T15:23:47Z
823739,624424,Michael Conforto,CHC,MIL,0,6,projected,Logan Henderson,American Family Field,2026-09-09T23:40:00Z,4.055449330783938,1706,409,0.4483223089487197,0.5647779138019468,0.8599830392392503,Normal,0.15390404961415852,0.5551951259956185,0.36187833137576164,0.7477902418806924,0.640093724804084,0.4343944200683514,0.2766487993421515,0.16193760991652587,0.5376064578261814,0.3280145451229365,0.2104326738323213,0.16987607206527533,0.5400010092727419,0.1690521698785513,0.031068706483486475,2026-09-09T15:23:47Z
823739,686217,Sal Frelick,MIL,CHC,1,7,projected,Kevin Gausman,American Family Field,2026-09-09T23:40:00Z,3.7429320897697465,1691,3702,0.41464939162027825,0.6372071694991321,-1.3106556326576515,Normal,0.07211758704119992,0.6073433639309952,0.2736703712811396,0.4325853218754382,0.6322137146098333,0.4245554478461208,0.26716508503635383,0.15404634547509838,0.5862097643342519,0.3149264318257486,0.1636965989054479,0.10079661824662553,0.5890884094891121,0.20534071404730728,0.041398270473714506,2026-09-09T15:23:47Z
823739,691718,Pete Crow-Armstrong,CHC,MIL,0,7,projected,Logan Henderson,American Family Field,2026-09-09T23:40:00Z,3.910714285714286,1731,409,0.5168580370643101,0.5528743973329957,0.45951745140222655,Normal,0.21581392456341733,0.5833879982099123,0.29737721854235594,0.7421748297740178,0.6766151111292039,0.47210119907631054,0.3086096515098925,0.1858254257309071,0.5638958231343362,0.37678154192249697,0.27460939082104613,0.23277756117652593,0.5665508916615926,0.1887983009441528,0.0369937858566848,2026-09-09T15:23:47Z
823739,596142,Gary Sánchez,MIL,CHC,1,8,projected,Kevin Gausman,American Family Field,2026-09-09T23:40:00Z,3.587150322778973,1373,3702,0.4029473546076518,0.6351387937851559,-0.9460786115556091,Normal,0.11989016630053055,0.5376734564336696,0.35034005797458834,0.6971432729966185,0.6207198956092823,0.4121192847954117,0.2563063056503994,0.1457412142526897,0.5214989655363875,0.30010727266193876,0.17763531570993418,0.13601133560584605,0.5236983597209117,0.15330981763295723,0.024921453803936577,2026-09-09T15:23:47Z
823739,608348,Carson Kelly,CHC,MIL,0,8,projected,Logan Henderson,American Family Field,2026-09-09T23:40:00Z,3.7547339945897202,1624,409,0.36612577922712847,0.5549227201036078,-0.5596563677365038,Normal,0.08966907411386214,0.5515145947012227,0.24467833379972873,0.6383067565170678,0.6039706723307783,0.3976672909080322,0.24582641988300372,0.13906758954133377,0.5342751578303196,0.28331468009754973,0.15322326587907759,0.10726618149986362,0.5366212757112939,0.16500343930878444,0.029287568562916425,2026-09-09T15:23:47Z
823739,687401,Joey Ortiz,MIL,CHC,1,9,projected,Kevin Gausman,American Family Field,2026-09-09T23:40:00Z,3.397856049004594,1417,3702,0.39340292026248674,0.6349478461199229,-0.08946794427081474,Normal,0.06966063972574163,0.5619913151308992,0.21746278742449496,0.549855700137086,0.6008428292470154,0.3919393628481612,0.23946850241737497,0.13335320479357343,0.5443079931595145,0.2882100691540628,0.15038524928485164,0.09442883618110619,0.5467127678640313,0.1681906183635077,0.028352326039831694,2026-09-09T15:23:47Z
823739,621438,Tyrone Taylor,CHC,MIL,0,9,projected,Logan Henderson,American Family Field,2026-09-09T23:40:00Z,3.596277278562259,1555,409,0.41106854306102447,0.5500092326940007,2.75618819160134,Hot,0.09172554512209484,0.552778417783079,0.19247937516145572,0.6655728004363644,0.6140807144881374,0.40678352328073647,0.2527870966269894,0.14379094549685584,0.5355126089958762,0.31390823389059314,0.1743380402611622,0.11901736790240923,0.537861977851969,0.1650321907007451,0.028968835279087283,2026-09-09T15:23:47Z
823818,665923,Esteury Ruiz,MIA,NYM,1,1,projected,Robert Stock,loanDepot park,2026-09-09T22:40:00Z,4.424217631417468,834,142,0.5781022030900128,0.6464041086704284,-1.2428758606244934,Normal,0.0799291044688073,0.6489681579358155,0.4396774692442218,0.7406200229865364,0.6799229561538936,0.47752827889769167,0.3147507900954958,0.19159431314272615,0.624384343540792,0.36761938994203186,0.20190884081118182,0.12418838617841588,0.6277433629703061,0.24591876352630737,0.059682567561220694,2026-09-09T15:23:47Z
823818,543760,Marcus Semien,NYM,MIA,0,1,projected,Janson Junk,loanDepot park,2026-09-09T22:40:00Z,4.607851072440307,3216,1018,0.5611698577013764,0.6237456661987726,1.2915816630970254,Normal,0.09882479682196559,0.6565268791415876,0.27495309888117647,0.5637738913177935,0.6945604868503528,0.4948699172264629,0.3311847558903939,0.20521819639099134,0.6312729508278756,0.3752813063626426,0.2150063226266416,0.14039589090559945,0.6347272476368216,0.2547391360723339,0.06461758537732412,2026-09-09T15:23:47Z
823818,805300,Jakob Marsee,MIA,NYM,1,2,projected,Robert Stock,loanDepot park,2026-09-09T22:40:00Z,4.316072113540468,787,142,0.6390754476228306,0.6395143969880138,2.203591931043749,Hot,0.09024950242829795,0.6410468430605022,0.5646685721185014,0.5534447085648003,0.6910607768352854,0.4891612374686635,0.32462375775797625,0.1989418602417369,0.6171316874646713,0.37010573659596774,0.2125074328333224,0.1358095128271172,0.6203970174381273,0.23776493187810557,0.05570707167670654,2026-09-09T15:23:47Z
823818,596019,Francisco Lindor,NYM,MIA,0,2,projected,Janson Junk,loanDepot park,2026-09-09T22:40:00Z,4.516972298088178,3200,1018,0.5770491175708544,0.6147733561729323,-1.2465979611324378,Normal,0.1313789280686758,0.6703372133352057,0.3061284348694897,0.5959107432818417,0.7162626119425324,0.5190703382402583,0.35295334544485013,0.2223887706038889,0.6439968744098789,0.4019286671478092,0.24531466344334474,0.17232526184091917,0.6476010063156906,0.26679013619321174,0.06927745453712705,2026-09-09T15:23:47Z
823818,672640,Otto Lopez,MIA,NYM,1,3,projected,Robert Stock,loanDepot park,2026-09-09T22:40:00Z,4.230253353204173,1654,142,0.4843287984341765,0.6270407544443987,-0.25097445933584606,Normal,0.07220257010998926,0.6929841675335485,0.30705222645036034,0.47328831326308957,0.6917632918988943,0.48918418507576095,0.32408212808679715,0.19809786690609188,0.6648227031594012,0.39283127317837335,0.21327319170034278,0.12419518462778582,0.6686752199655722,0.2858753417090677,0.07555337031914972,2026-09-09T15:23:47Z
823818,665742,Juan Soto,NYM,MIA,0,3,projected,Janson Junk,loanDepot park,2026-09-09T22:40:00Z,4.409670164917541,3201,1018,0.6296493943924812,0.6059419032766901,-0.007975318444065956,Normal,0.18931629938624545,0.6830844022490035,0.5611349683839129,0.47522809419430173,0.7396832948866497,0.5467661610765809,0.37891655066089924,0.2435747727855042,0.6556913988850573,0.42850535602142986,0.28660829091059176,0.22245418465060243,0.6594411116136975,0.2787386382946766,0.07423784793197491,2026-09-09T15:23:47Z
823818,682663,Agustín Ramírez,MIA,NYM,1,4,projected,Robert Stock,loanDepot park,2026-09-09T22:40:00Z,4.136711072286525,794,142,0.4515717614608203,0.6117258687847863,-0.7875216857213457,Normal,0.0897586473922242,0.6188074053245882,0.36679370018576696,0.6228756094315818,0.6677851112140545,0.4625214588714439,0.3001622841713095,0.17928096017702805,0.5967085149688638,0.35220942716200765,0.19354064891571582,0.12541303392407793,0.5997214621002839,0.21666435098012818,0.046479474014808286,2026-09-09T15:23:47Z
823818,666182,Bo Bichette,NYM,MIA,0,4,projected,Janson Junk,loanDepot park,2026-09-09T22:40:00Z,4.320291777188329,2878,1018,0.4121543005393236,0.5903268269188419,0.2905182038554745,Normal,0.09015530797758387,0.6984128202831467,0.2160731990876138,0.555338512096983,0.7006654580958798,0.5000765299725154,0.3346051665728341,0.20694172899259822,0.6697484069779733,0.41037296900144316,0.2307277682208024,0.14229861222560883,0.6736735777156678,0.2930340302422728,0.0800496319833183,2026-09-09T15:23:47Z
823818,669065,Kyle Stowers,MIA,NYM,1,5,projected,Robert Stock,loanDepot park,2026-09-09T22:40:00Z,4.020486555697824,1250,142,0.4837034659662906,0.5930881582904083,-0.11528156125305851,Normal,0.1392359754773886,0.63507113530413,0.45065190934158694,0.7465432745546772,0.6916290283308674,0.48799266929672797,0.32217625900348107,0.1959492836321985,0.6117418439662377,0.3839410662745721,0.24034891028742278,0.17471569008760177,0.6149233285456391,0.229700702878938,0.05082013398015319,2026-09-09T15:23:47Z
823818,666624,Christopher Morel,NYM,MIA,0,5,projected,Janson Junk,loanDepot park,2026-09-09T22:40:00Z,4.197546319479219,1861,1018,0.3750409606922174,0.5730109348639991,-0.8637538718339342,Normal,0.09425062976284439,0.5918791462769429,0.26086806307943367,0.8011882314326556,0.6494855317216558,0.444174912180553,0.2850543302450933,0.16833311368005405,0.5717193599604847,0.3271006317111444,0.18545543549575336,0.12461746673313588,0.5744668880186213,0.1963647403560789,0.04008230850854019,2026-09-09T15:23:47Z
823818,681715,Heriberto Hernández,MIA,NYM,1,6,projected,Robert Stock,loanDepot park,2026-09-09T22:40:00Z,3.8901128425577647,724,142,0.4544905745512376,0.5837299479753737,-0.5339729966608511,Normal,0.12846518466459528,0.5990892517563291,0.41841953418328537,0.6956592964630677,0.6694518061433639,0.4635183265417431,0.30041857584912407,0.17900716913889006,0.5785232250751489,0.3411825263962885,0.20557236432092135,0.1520340223471833,0.5813244221825026,0.19954759846133832,0.03976349228291453,2026-09-09T15:23:47Z
823818,668901,Mark Vientos,NYM,MIA,0,6,projected,Janson Junk,loanDepot park,2026-09-09T22:40:00Z,4.055449330783938,1457,1018,0.3661857352370381,0.564875311879723,-0.6065240575542626,Normal,0.12145067637714149,0.6093899341519629,0.19940674065511554,0.6774491072451044,0.6570242115893089,0.45186234365423616,0.29146817605189046,0.17303523825982267,0.5879475967487064,0.346820224188199,0.20490009077206706,0.14775657751383173,0.5908710077761112,0.20998485566327085,0.04461887391217569,2026-09-09T15:23:47Z
823818,665052,Griffin Conine,MIA,NYM,1,7,projected,Robert Stock,loanDepot park,2026-09-09T22:40:00Z,3.7429320897697465,437,142,0.5215350940149847,0.5729720986936784,-0.2418168266015781,Normal,0.13489139967366492,0.6073374670466694,0.46175220064044065,0.6774595201399586,0.6742026498536712,0.4680576150971638,0.30400043958093625,0.18148918042116688,0.5862043087770905,0.3473927876462498,0.2116933713754577,0.1581102027626615,0.5890828935279068,0.20533600109377026,0.041396666859833155,2026-09-09T15:23:47Z
823818,683146,Brett Baty,NYM,MIA,0,7,projected,Janson Junk,loanDepot park,2026-09-09T22:40:00Z,3.910714285714286,1465,1018,0.4237657674481449,0.5529646404211045,0.33814158616952755,Normal,0.10142798547778703,0.626920786778434,0.2713982985242404,0.6371359476328766,0.649529511530828,0.44348502301138987,0.2839488876310536,0.16712539649942967,0.6041928459103717,0.3418241688553892,0.19165299456833504,0.12958860010722423,0.6072925863642428,0.2236549338037597,0.04919403675868769,2026-09-09T15:23:47Z
823818,688363,Graham Pauley,MIA,NYM,1,8,projected,Robert Stock,loanDepot park,2026-09-09T22:40:00Z,3.587150322778973,350,142,0.4073702669407637,0.5766061947888236,-0.2422923134766798,Normal,0.08898734169294784,0.5625743346993363,0.34494904214346034,0.5518631159318377,0.6088370302788234,0.4006209550083747,0.24705392818513294,0.13915274096648458,0.5447460184414421,0.3089387195274542,0.1692253012421637,0.11428789537103949,0.5471713196182764,0.17019197101589711,0.02962948218362091,2026-09-09T15:23:47Z
823818,682626,Francisco Alvarez,NYM,MIA,0,8,projected,Janson Junk,loanDepot park,2026-09-09T22:40:00Z,3.7547339945897202,1432,1018,0.3654720919084064,0.5550041888094059,-2.1704642623766865,Cold,0.10538144272200407,0.5672282920862491,0.2751743219901537,0.7220716340040171,0.6174281819608699,0.41066218635126883,0.2563173946172497,0.1465838765922704,0.5489238060426594,0.3068238477686009,0.17489149234643947,0.1257551122288659,0.5514157048299999,0.17605857675414185,0.03261187253444713,2026-09-09T15:23:47Z
823818,691594,Javier Sanoja,MIA,NYM,1,9,projected,Robert Stock,loanDepot park,2026-09-09T22:40:00Z,3.397856049004594,799,142,0.4091820063511333,0.5778443641261193,1.8249787298892757,Normal,0.06504024825421717,0.6008193216682737,0.2479076131959269,0.34168073126935117,0.6223801582591321,0.41260769409595605,0.2559558108092029,0.14498442949705467,0.5803777187903427,0.33125017877348895,0.17176211339796263,0.10168693524704916,0.5831595410357509,0.19670230954394,0.0368472152736843,2026-09-09T15:23:47Z
823818,620443,Luis Torrens,NYM,MIA,0,9,projected,Janson Junk,loanDepot park,2026-09-09T22:40:00Z,3.596277278562259,861,1018,0.3607313670205886,0.5500904048771876,-0.07304804262364151,Normal,0.071422361634198,0.5588070189203629,0.20756665672368316,0.5450805790455094,0.5914884843353487,0.38528371558764013,0.23563046043403912,0.13163229967935458,0.5411360593885273,0.2899993131230238,0.14736104408976625,0.09418489754023618,0.5435408465605756,0.16921362432813916,0.030194713560496994,2026-09-09T15:23:47Z
823900,660271,Shohei Ohtani,LAD,CIN,1,1,projected,Rhett Lowder,UNIQLO Field at Dodger Stadium,2026-09-10T02:10:00Z,4.424217631417468,3319,650,0.7587262234520561,0.6606652110491702,-1.7647552745522508,Normal,0.2584168183120585,0.6941162864112829,0.48559577849947755,0.6401547227121351,0.7730985370352569,0.588867409026827,0.42036360406590795,0.2788623707320122,0.6657968078784643,0.47184977535777245,0.3514794641006631,0.2915369671114239,0.6696751663284365,0.28952541193544296,0.07901943355400017,2026-09-09T15:23:47Z
823900,670770,TJ Friedl,CIN,LAD,0,1,projected,Yoshinobu Yamamoto,UNIQLO Field at Dodger Stadium,2026-09-10T02:10:00Z,4.607851072440307,2103,1686,0.48373590937965694,0.6823951894170116,-1.1218952437568146,Normal,0.10288569732541936,0.5921930604368112,0.38967262320098306,0.692603712476054,0.6460821332548979,0.44271807599099305,0.28528325215797856,0.16957108147086752,0.5718502704269086,0.3206273329534175,0.18942157013523606,0.131546546884915,0.5746253641874837,0.19967749509155283,0.042854285539722065,2026-09-09T15:23:47Z
823900,605141,Mookie Betts,LAD,CIN,1,2,projected,Rhett Lowder,UNIQLO Field at Dodger Stadium,2026-09-10T02:10:00Z,4.316072113540468,2967,650,0.5799727601441236,0.6562063186098391,0.7622049875265366,Normal,0.13134270105499157,0.6905950173043301,0.32813639704035297,0.40280930307373375,0.7271706547124286,0.5307548196787647,0.36288774631356874,0.22967648131928617,0.6626012999542806,0.42231634501315607,0.2577984267470404,0.1782381446972684,0.6664323393785062,0.2847735351273681,0.0759384158849881,2026-09-09T15:23:47Z
823900,680574,Matt McLain,CIN,LAD,0,2,projected,Yoshinobu Yamamoto,UNIQLO Field at Dodger Stadium,2026-09-10T02:10:00Z,4.516972298088178,1434,1686,0.498779984504772,0.6726022299077423,-0.9264185457913221,Normal,0.11790575690097127,0.5896721646422759,0.33249278798547005,0.8604341707819784,0.6540468354100352,0.45040054641666805,0.2914601432593017,0.17396765281065707,0.5695573973556546,0.3332565857508445,0.1971776902870751,0.14303680036457972,0.5723004984949459,0.19686323431892688,0.041442131003139294,2026-09-09T15:23:47Z
823900,669242,Tommy Edman,LAD,CIN,1,3,projected,Rhett Lowder,UNIQLO Field at Dodger Stadium,2026-09-10T02:10:00Z,4.230253353204173,1956,650,0.5615225297285228,0.6469312375074563,0.2695196636001111,Normal,0.11498650190998513,0.6517495902050918,0.3930226222966253,0.5149332649468411,0.6893167913944599,0.48646683474317687,0.3216527220495775,0.19619597556480184,0.6270290515046562,0.37735329791654165,0.22402367995756992,0.15318373604528507,0.630404466490946,0.24619304463551475,0.05839670859131953,2026-09-09T15:23:47Z
823900,663647,Ke'Bryan Hayes,CIN,LAD,0,3,projected,Yoshinobu Yamamoto,UNIQLO Field at Dodger Stadium,2026-09-10T02:10:00Z,4.409670164917541,2265,1686,0.3814468837773701,0.6738739446042485,-0.9940222435695785,Normal,0.07942920311708244,0.5983071017484848,0.24648218441594397,0.7266843382866459,0.6135093798479887,0.40919528429187774,0.25667415571694624,0.14791844463899828,0.577586450722498,0.31463473243864204,0.17128130727609528,0.10959199534657472,0.5804124851969045,0.2031824803759481,0.043393398060398165,2026-09-09T15:23:47Z
823900,663656,Kyle Tucker,LAD,CIN,1,4,projected,Rhett Lowder,UNIQLO Field at Dodger Stadium,2026-09-10T02:10:00Z,4.136711072286525,2777,650,0.5553453139287989,0.6327960787514537,-0.6599949408454735,Normal,0.1383410001417405,0.6272224856795662,0.5029201891939039,0.4526352360886177,0.6934955860058679,0.4905527750484364,0.3248537628004453,0.19834709689378607,0.6044763703015934,0.3713956194989861,0.22963345703290738,0.16870026283706147,0.6075783907866216,0.22372967447138037,0.04907457814800255,2026-09-09T15:23:47Z
823900,682829,Elly De La Cruz,CIN,LAD,0,4,projected,Yoshinobu Yamamoto,UNIQLO Field at Dodger Stadium,2026-09-10T02:10:00Z,4.320291777188329,2386,1686,0.5263798359666895,0.6659384373880574,2.810010657936789,Hot,0.13509980124448237,0.6254378552226864,0.3408158588824035,0.8178778911975386,0.6826168969665232,0.47996356817667224,0.3165349293333517,0.19270974006641545,0.602734425942792,0.37490998069660114,0.23934825957898223,0.17289273252197218,0.6058328191111756,0.2244339442453204,0.050685001018604514,2026-09-09T15:23:47Z
823900,518692,Freddie Freeman,LAD,CIN,1,5,projected,Rhett Lowder,UNIQLO Field at Dodger Stadium,2026-09-10T02:10:00Z,4.020486555697824,3303,650,0.5548288773401749,0.6160667639584912,-1.2967052015458294,Normal,0.11869206500251885,0.689047964034229,0.4301730531312346,0.471329911699626,0.7167151926421519,0.5165579920642667,0.3480948717047742,0.2164424337952942,0.6612627960596703,0.4209863506131143,0.24863952142437593,0.16658574761097356,0.6650599060130029,0.2800291996755063,0.07146903415060572,2026-09-09T15:23:47Z
823900,668709,JJ Bleday,CIN,LAD,0,5,projected,Yoshinobu Yamamoto,UNIQLO Field at Dodger Stadium,2026-09-10T02:10:00Z,4.197546319479219,2014,1686,0.4347223854557859,0.6638129552593711,-0.9405112840586453,Normal,0.12424543392321803,0.5457899465696466,0.3906820569547338,0.733535267495393,0.6231440322971163,0.4175512108817873,0.26278227466218473,0.15184383668923204,0.5288171716467791,0.32246469370397995,0.19417512294602077,0.14654120940735668,0.5311276533219592,0.16279431922324727,0.02935876563926288,2026-09-09T15:23:47Z
823900,606192,Teoscar Hernández,LAD,CIN,1,6,projected,Rhett Lowder,UNIQLO Field at Dodger Stadium,2026-09-10T02:10:00Z,3.8901128425577647,2837,650,0.43023896041416393,0.6068607349078725,2.427654571929896,Hot,0.11349695475133818,0.649161948625688,0.25322587644972394,0.6417261742788015,0.6793962944234485,0.47422701991216637,0.3097458727118128,0.18612776661685246,0.6247252983382432,0.3794825083512198,0.21994503049709335,0.14976271285043807,0.6280586299614573,0.24159707638151037,0.05501416223792966,2026-09-09T15:23:47Z
823900,553993,Eugenio Suárez,CIN,LAD,0,6,projected,Yoshinobu Yamamoto,UNIQLO Field at Dodger Stadium,2026-09-10T02:10:00Z,4.055449330783938,3067,1686,0.42873144258536233,0.6614230931396317,0.24592146219266806,Normal,0.1580004801546553,0.5521664391757246,0.35571746458061443,0.8694267852752604,0.6412046167523543,0.43552522107350927,0.2775989133533998,0.16264323372645312,0.534780951888292,0.3278760212145182,0.21169169274557922,0.1728580771072823,0.5371476803639891,0.16693868583833468,0.030428605841214373,2026-09-09T15:23:47Z
823900,669257,Will Smith,LAD,CIN,1,7,projected,Rhett Lowder,UNIQLO Field at Dodger Stadium,2026-09-10T02:10:00Z,3.7429320897697465,2338,650,0.4636215086131379,0.5945466526925829,-0.5115248780674244,Normal,0.1027680571442147,0.6072720258192962,0.37915384500540034,0.47126536414705067,0.6610542982745773,0.45409014826614236,0.2919657321205806,0.17239166864715752,0.5861437668783794,0.3352408762828539,0.18956641379598038,0.13002961525111864,0.5890216793378746,0.20528370373731566,0.04137887425762439,2026-09-09T15:23:47Z
823900,663886,Tyler Stephenson,CIN,LAD,0,7,projected,Yoshinobu Yamamoto,UNIQLO Field at Dodger Stadium,2026-09-10T02:10:00Z,3.910714285714286,1977,1686,0.39421108273276906,0.6498811211845265,-0.497526858108517,Normal,0.10747049708746756,0.5702534433799145,0.3132319988901183,0.8107465282374989,0.6262412603805229,0.41992377788369134,0.26426123647880123,0.15258405092046193,0.5516848257578139,0.31390242421767,0.17843346373448557,0.12856486919838378,0.5542132729432516,0.17906621132379114,0.033870364771341636,2026-09-09T15:23:47Z
823900,571970,Max Muncy,LAD,CIN,1,8,projected,Rhett Lowder,UNIQLO Field at Dodger Stadium,2026-09-10T02:10:00Z,3.587150322778973,2323,650,0.5592749020196801,0.5960987974410764,0.5888653534628498,Normal,0.17798376351502498,0.5489087712348463,0.49437998577144604,0.5762246839558645,0.6642421504475072,0.45625346023117275,0.29301015557297894,0.17262454699213506,0.5319993290045253,0.3365514892254185,0.2270780517620209,0.19101324403207132,0.5342990822292516,0.16078171465279648,0.026961040355679266,2026-09-09T15:23:47Z
823900,667472,Dane Myers,CIN,LAD,0,8,projected,Yoshinobu Yamamoto,UNIQLO Field at Dodger Stadium,2026-09-10T02:10:00Z,3.7547339945897202,808,1686,0.36787517904120987,0.645776107770223,1.954998155213234,Normal,0.07469751482329073,0.5628786719354298,0.27063840494386515,0.7209526047645639,0.602391625331071,0.39616082425901883,0.2446206248895841,0.13821011003264974,0.5448725243096965,0.28335201212576944,0.14573659672992068,0.0950030034970909,0.5473235729222864,0.17295038421598335,0.031661320469890786,2026-09-09T15:23:47Z
823900,500743,Miguel Rojas,LAD,CIN,1,9,projected,Rhett Lowder,UNIQLO Field at Dodger Stadium,2026-09-10T02:10:00Z,3.397856049004594,1805,650,0.3708945214524162,0.5973477359091236,-0.5815181013205434,Normal,0.060136177458595196,0.5872567979756738,0.22181153303429504,0.3460940495658241,0.6072240346524366,0.3979875521495081,0.2442516218040472,0.13670253174187974,0.5678046898616798,0.30098741509543847,0.14571950508259904,0.08569415285153598,0.5704511613859545,0.18639298414358038,0.03365972788167437,2026-09-09T15:23:47Z
823900,624431,Jose Trevino,CIN,LAD,0,9,projected,Yoshinobu Yamamoto,UNIQLO Field at Dodger Stadium,2026-09-10T02:10:00Z,3.596277278562259,1195,1686,0.3427355768822515,0.6364994935884007,-1.7779918011915221,Normal,0.082624565912731,0.5300841962324666,0.16910631453539934,0.5754832620347539,0.5847488622220394,0.37901706175839195,0.23071143961006463,0.128195992686132,0.5142968376152857,0.26545558014686965,0.14029602506328193,0.09802555256843654,0.5164441339052835,0.1499056247187088,0.02472086177898412,2026-09-09T15:23:47Z
824064,668942,Josh Rojas,KC,AZ,1,1,projected,Zac Gallen,Kauffman Stadium,2026-09-09T23:40:00Z,4.424217631417468,1650,3434,0.5239497747766697,0.6807083739680712,1.0295588686486385,Normal,0.08565837848980125,0.6277427134926769,0.33076549802194055,0.6070136680514673,0.6585599367841871,0.45464019831712543,0.29473355499137704,0.17617039950610172,0.6048251988696661,0.34762452673699307,0.18846917224755652,0.12014826512001571,0.6079538057199488,0.22717663616985653,0.052168427201969354,2026-09-09T15:23:47Z
824064,682998,Corbin Carroll,AZ,KC,0,1,projected,Daniel Lynch IV,Kauffman Stadium,2026-09-09T23:40:00Z,4.607851072440307,2694,1561,0.7058187679934529,0.558953828975142,-1.6284263471127978,Normal,0.10384563843426335,0.6473654960355905,0.4242140412028552,0.6361192781126005,0.7232804283558447,0.5279870197150192,0.3618371359288296,0.23006481311371668,0.622843148192428,0.40366653618024917,0.2596844069022432,0.17049993703675087,0.6261958758529047,0.24630986447530687,0.06101911688297638,2026-09-09T15:23:47Z
824064,677951,Bobby Witt Jr.,KC,AZ,1,2,projected,Zac Gallen,Kauffman Stadium,2026-09-09T23:40:00Z,4.316072113540468,3285,3434,0.5583746793560791,0.6774973360980763,-0.675369005400478,Normal,0.1067885965733792,0.6902165779599705,0.2847811212164858,0.569801782630116,0.7229326151313261,0.5257219732090684,0.35815512901862073,0.2258049989813984,0.6622551934730593,0.42179324258768564,0.2557771357959193,0.16702425601939683,0.6660817291088091,0.28439004894534015,0.075761086137717,2026-09-09T15:23:47Z
824064,663457,Lars Nootbaar,AZ,KC,0,2,projected,Daniel Lynch IV,Kauffman Stadium,2026-09-09T23:40:00Z,4.516972298088178,2112,1561,0.5103865186557662,0.5297879579913792,0.620609886842642,Normal,0.08230841852624222,0.6257146278161689,0.4463305553248491,0.593315727532629,0.6724836612603963,0.4699601514206157,0.30847064246395844,0.18702677595299075,0.6029229727862406,0.35353187863359836,0.19443199569477332,0.1224307645917102,0.6060351606735417,0.22625252467076523,0.052338074776377586,2026-09-09T15:23:47Z
824064,686469,Vinnie Pasquantino,KC,AZ,1,3,projected,Zac Gallen,Kauffman Stadium,2026-09-09T23:40:00Z,4.230253353204173,2218,3434,0.4363110903512541,0.6724242620554315,0.8341424948988685,Normal,0.1246820376944507,0.6489120449180535,0.3581544778134052,0.46839784872739654,0.678263171304064,0.47434008119916876,0.3109062421678155,0.18784522278998964,0.6244199770241371,0.38133197783570116,0.2262957543743759,0.1589696917932044,0.6277638196228952,0.24362195336652387,0.05735870865997367,2026-09-09T15:23:47Z
824064,606466,Ketel Marte,AZ,KC,0,3,projected,Daniel Lynch IV,Kauffman Stadium,2026-09-09T23:40:00Z,4.409670164917541,2898,1561,0.5498719798206458,0.506538361975806,0.2655741145480574,Normal,0.15277923146092812,0.6795535327571474,0.3921006125406529,0.4829452063259653,0.7191842837629843,0.5221940955847849,0.35558712216095517,0.22429531885344717,0.6524566711828493,0.42410988240574704,0.2708000931680504,0.19686219661383195,0.6561651264301048,0.27523655615066844,0.07263607586701967,2026-09-09T15:23:47Z
824064,521692,Salvador Perez,KC,AZ,1,4,projected,Zac Gallen,Kauffman Stadium,2026-09-09T23:40:00Z,4.136711072286525,2916,3434,0.33703465781989084,0.6611851447746274,1.8216438954905696,Normal,0.11084543218882541,0.6312719219747498,0.2117449569553937,0.6038541620093818,0.6600145519236567,0.4543009765974114,0.29307580286926393,0.17390804580783184,0.6082107943914363,0.35758149721756316,0.2030924559847997,0.14003607697457113,0.6113561956517665,0.2271873603418447,0.05036852414151118,2026-09-09T15:23:47Z
824064,571448,Nolan Arenado,AZ,KC,0,4,projected,Daniel Lynch IV,Kauffman Stadium,2026-09-09T23:40:00Z,4.320291777188329,2836,1561,0.49078568825644864,0.49301848631761,-0.49550144098151183,Normal,0.14474153820162294,0.6669243533116902,0.3302850575174576,0.5084052874818072,0.703930754393427,0.503787706182178,0.3379870013758188,0.2096372125032886,0.6409160697442517,0.3984880406159568,0.24536152024140812,0.1783538448192171,0.6444716334195244,0.2617698957864025,0.0658708242840151,2026-09-09T15:23:47Z
824064,686681,Michael Massey,KC,AZ,1,5,projected,Zac Gallen,Kauffman Stadium,2026-09-09T23:40:00Z,4.020486555697824,1679,3434,0.40852570912610126,0.6488568028175196,1.3461735119721165,Normal,0.09769040755820908,0.6444914780347528,0.23392996018273352,0.49907178233342975,0.6650615118124921,0.45916367671115893,0.2969033850503582,0.17653417437353133,0.620413867486644,0.3631072865462805,0.2030482464022313,0.1328675999822951,0.6236984421088808,0.23796038861479057,0.053976541102986435,2026-09-09T15:23:47Z
824064,666971,Lourdes Gurriel Jr.,AZ,KC,0,5,projected,Daniel Lynch IV,Kauffman Stadium,2026-09-09T23:40:00Z,4.197546319479219,2379,1561,0.44675909052926793,0.47315681829930445,-1.2631710251640138,Normal,0.10280431483768847,0.6653266149315439,0.2879425424508248,0.4843121094953697,0.6848684400455836,0.4818859558572382,0.3178236591574653,0.19339614943112618,0.6394793705774752,0.386867362843158,0.22133368337893766,0.1448334536818042,0.6430113644101552,0.25932382181249775,0.064199428691583,2026-09-09T15:23:47Z
824064,679845,Nick Loftin,KC,AZ,1,6,projected,Zac Gallen,Kauffman Stadium,2026-09-09T23:40:00Z,3.8901128425577647,813,3434,0.3727125016889596,0.640914449322158,-0.6661152777563529,Normal,0.06681329304592439,0.5752577718344689,0.3113097021922528,0.532215709985589,0.6063362469196668,0.3996983806700306,0.24722454110734787,0.13987039488669611,0.5564063706475117,0.31149178289266505,0.16138332585903736,0.09843269045989494,0.5589725774984307,0.18146304141479763,0.03391108488841451,2026-09-09T15:23:47Z
824064,672515,Gabriel Moreno,AZ,KC,0,6,projected,Daniel Lynch IV,Kauffman Stadium,2026-09-09T23:40:00Z,4.055449330783938,1597,1561,0.46702119265266195,0.46680237580056644,0.513008825319042,Normal,0.09274825470155992,0.6743723174035038,0.3755587360040063,0.45129912661009247,0.6837124333747483,0.48046684863410694,0.316407214581263,0.1921507774861093,0.6477714643358139,0.3859251877005818,0.2148308337578632,0.1354358052709586,0.6514071543981584,0.2676784757397958,0.06748354175177837,2026-09-09T15:23:47Z
824064,686555,Isaac Collins,KC,AZ,1,7,projected,Zac Gallen,Kauffman Stadium,2026-09-09T23:40:00Z,3.7429320897697465,936,3434,0.37913041457567953,0.6273733178554609,-1.5651356823863922,Normal,0.06053067864800516,0.5547926450404282,0.36770616190987937,0.6003154553576475,0.5988964934713402,0.39216588246010453,0.24094583901957817,0.13524882828778867,0.5373917627711688,0.2906441015541413,0.14684663318667088,0.08832227369341965,0.5397592145849964,0.16622386773890227,0.02907027227456008,2026-09-09T15:23:47Z
824064,545121,Ildemaro Vargas,AZ,KC,0,7,projected,Daniel Lynch IV,Kauffman Stadium,2026-09-09T23:40:00Z,3.910714285714286,1389,1561,0.36848537255986796,0.46220691580196277,-1.1105315859182063,Normal,0.060600218466836976,0.6109178819969139,0.23037519987461522,0.3805879916505718,0.6246941343040752,0.41839070248714383,0.262999087628088,0.1516636702727642,0.5894105655376931,0.3224750235830833,0.16557470232343177,0.09609303085735968,0.5923423539323193,0.21036122307050228,0.04435352921544359,2026-09-09T15:23:47Z
824064,664728,Kyle Isbel,KC,AZ,1,8,projected,Zac Gallen,Kauffman Stadium,2026-09-09T23:40:00Z,3.587150322778973,1711,3434,0.39356814835042886,0.6259885941865173,-1.1456235016619143,Normal,0.06870728592404156,0.5609296924933267,0.23410869758353178,0.5237889310604662,0.601448487494148,0.3935826090756051,0.24145214085541866,0.13520122092247727,0.5432134175084291,0.29332399698744005,0.15802875583971074,0.09790922370725881,0.5456234055087529,0.16904040550376048,0.029296966372896256,2026-09-09T15:23:47Z
824064,672695,Geraldo Perdomo,AZ,KC,0,8,projected,Daniel Lynch IV,Kauffman Stadium,2026-09-09T23:40:00Z,3.7547339945897202,2711,1561,0.4387848384634994,0.4707233053270918,0.1762600537942237,Normal,0.05477284553949123,0.5702388978693187,0.40042517790489524,0.4186762162090524,0.6156882268162146,0.408966109067412,0.2549389657383083,0.14559060438512553,0.5517263321836228,0.2865428712517994,0.14405448841658658,0.0835115798917569,0.5542467291451947,0.17823178622724387,0.03328388017309801,2026-09-09T15:23:47Z
824064,571912,Luke Maile,KC,AZ,1,9,projected,Zac Gallen,Kauffman Stadium,2026-09-09T23:40:00Z,3.397856049004594,651,3434,0.32348820591952465,0.6262768049811069,-1.7215708730321613,Normal,0.06310135013914918,0.5134288656845353,0.267149363103248,0.6930586641183262,0.5659989384316856,0.359970247339833,0.21474807692397296,0.11637437861515622,0.49887745327318356,0.25403725467556065,0.12323587162729041,0.07955351347207802,0.5008549580935435,0.13662700691171303,0.020116995554260084,2026-09-09T15:23:47Z
824064,543510,James McCann,AZ,KC,0,9,projected,Daniel Lynch IV,Kauffman Stadium,2026-09-09T23:40:00Z,3.596277278562259,932,1561,0.44027217788480166,0.4645778387045944,0.807949400648101,Normal,0.0995950126302423,0.5932304216557484,0.24610480013277197,0.568489622577577,0.6426418704844425,0.4351197698071459,0.2760745892552197,0.16071875152496115,0.5731456085002814,0.3231770426776851,0.1783019767374012,0.12316001105520805,0.5758809969712562,0.1944657542824259,0.03807275454154276,2026-09-09T15:23:47Z
824226,805808,Kevin McGonigle,DET,MIN,1,1,confirmed,Zebby Matthews,Comerica Park,2026-09-09T17:10:00Z,4.424217631417468,630,1018,0.6608714610961324,0.6947521569352963,0.12292376075072788,Normal,0.1337662712588501,0.7032428343765401,0.4582717917415183,0.4828110876666293,0.7311060048454392,0.5361401895326126,0.3685637263227955,0.2348167160238597,0.6741383386986679,0.42461828620915304,0.2609173657325156,0.18052678557137686,0.678126401321487,0.29900699763938327,0.08357391888227189,2026-09-09T15:23:47Z
824226,807712,Luke Keaschall,MIN,DET,0,1,confirmed,Keider Montero,Comerica Park,2026-09-09T17:10:00Z,4.607851072440307,756,1378,0.5826072816397218,0.6278023985964462,0.5807016338116003,Normal,0.08494685070381439,0.6862142371489537,0.3887724286536574,0.5259158983623801,0.7042237257389614,0.5058146796366265,0.34118157698893986,0.21322995811626694,0.6585201523767209,0.3985937183440208,0.22157416698820817,0.13565112488771247,0.6623144507827342,0.2835174222777567,0.07764192596942715,2026-09-09T15:23:47Z
824226,701678,Hao-Yu Lee,DET,MIN,1,2,confirmed,Zebby Matthews,Comerica Park,2026-09-09T17:10:00Z,4.316072113540468,292,1018,0.4734138888482108,0.690603521043048,-1.0614235651771833,Normal,0.10427260937745987,0.6750192205482798,0.24825935673505378,0.6896268449210666,0.692554550970717,0.49082626645653427,0.32611914377376794,0.2001187363702849,0.6483415965261194,0.3933289634948159,0.22708970185768082,0.14842204891191052,0.6519895819699115,0.2693117543309075,0.068950354371614,2026-09-09T15:23:47Z
824226,686797,Brooks Lee,MIN,DET,0,2,confirmed,Keider Montero,Comerica Park,2026-09-09T17:10:00Z,4.516972298088178,1272,1378,0.4463410066991029,0.6195396947316726,1.022458071110415,Normal,0.1219483744500651,0.6615007902329553,0.22174423942787608,0.5405667819325071,0.6848329441092235,0.4834192154543416,0.320405263087701,0.19634247072317018,0.6358831289327526,0.3811348535485999,0.2278050973358098,0.15829148353251132,0.6393867937627753,0.25837369871369537,0.06557626087774597,2026-09-09T15:23:47Z
824226,690993,Colt Keith,DET,MIN,1,3,confirmed,Zebby Matthews,Comerica Park,2026-09-09T17:10:00Z,4.230253353204173,1426,1018,0.5157198357930072,0.6877866795071074,-1.5217028533816115,Normal,0.1197970149421767,0.6933426826163959,0.3441711038422596,0.6052003239186422,0.7032807606962359,0.5021443393397855,0.3357780750132721,0.2073268053085183,0.6651503360099603,0.4070679891328335,0.24480755108067714,0.16526855682298053,0.669007150027086,0.286240273411888,0.07572117864296428,2026-09-09T15:23:47Z
824226,665019,Kody Clemens,MIN,DET,0,3,confirmed,Keider Montero,Comerica Park,2026-09-09T17:10:00Z,4.409670164917541,1299,1378,0.5226762254459316,0.6116382923926064,0.8551047090234618,Normal,0.17703751701504486,0.6327991563151106,0.3120122791653447,0.5920185724312099,0.6926236413271993,0.4917656272709943,0.32763721087700926,0.20183294046498498,0.6094768921300203,0.39793251588585704,0.26827341855278947,0.20886218326725556,0.6126617697167466,0.23186773941155628,0.054195342184741084,2026-09-09T15:23:47Z
824226,682985,Riley Greene,DET,MIN,1,4,confirmed,Zebby Matthews,Comerica Park,2026-09-09T17:10:00Z,4.136711072286525,2596,1018,0.5308131106361869,0.6788977831527409,0.5044156771866097,Normal,0.15846679894679955,0.6864404198467072,0.36251708021676576,0.7217228363269508,0.7110417143565583,0.5104655677339469,0.34290378933791643,0.21262361534050697,0.6588614009815872,0.42564958552288823,0.27333605785855764,0.2000749518317096,0.6626313176050668,0.27827829714509367,0.07134773079384915,2026-09-09T15:23:47Z
824226,605137,Josh Bell,MIN,DET,0,4,confirmed,Keider Montero,Comerica Park,2026-09-09T17:10:00Z,4.320291777188329,2967,1378,0.4521515857618444,0.5963183808246346,0.38102951336463636,Normal,0.13105962165117552,0.6505067041650918,0.3587952324592156,0.4963906874772333,0.6752087465789384,0.4718972484676462,0.309408153476063,0.18717593635736238,0.6258334611091719,0.37972078726058844,0.22867480288259642,0.16340149486001085,0.6292040227198457,0.24649495566559027,0.05943092190721199,2026-09-09T15:23:47Z
824226,693307,Dillon Dingler,DET,MIN,1,5,confirmed,Zebby Matthews,Comerica Park,2026-09-09T17:10:00Z,4.020486555697824,1115,1018,0.40928703910363834,0.6709007770958098,-1.6519383251135564,Normal,0.11291167906130196,0.6398381292550916,0.22524639368271634,0.6633585986241184,0.6607892575447397,0.4546549346653221,0.2930286123474243,0.17360713879294923,0.6161317395649536,0.36924331710514213,0.2165654572806881,0.1483228964244487,0.6193651605468614,0.2338539741173567,0.05239602681691417,2026-09-09T15:23:47Z
824226,701785,Kaelen Culpepper,MIN,DET,0,5,confirmed,Keider Montero,Comerica Park,2026-09-09T17:10:00Z,4.197546319479219,107,1378,0.4359023317698594,0.5795128713402884,0.47412941231449,Normal,0.09890819004076203,0.6496038205284613,0.2581345390036956,0.6012104294640503,0.6676663890563099,0.4632582773738844,0.3014543307927343,0.18075768733437728,0.6250358353544545,0.36853094354490895,0.20810822516688218,0.1363137860777235,0.6283907706693165,0.24477845634729684,0.058157911961985526,2026-09-09T15:23:47Z
824226,814430,Brett Callahan,DET,MIN,1,6,confirmed,Zebby Matthews,Comerica Park,2026-09-09T17:10:00Z,3.8901128425577647,45,1018,0.4548199023567084,0.6647647371676547,-1.4339172621682563,Normal,0.12653176788596582,0.64735666145088,0.30309003662197004,0.7269868601045489,0.6711395305925267,0.4653222349383545,0.3019814568461459,0.18019496546004363,0.6230658295890396,0.37734441751802006,0.22777096710830017,0.16075093577305927,0.6263790661175589,0.23997946405126278,0.05438451337575845,2026-09-09T15:23:47Z
824226,663616,Trevor Larnach,MIN,DET,0,6,confirmed,Keider Montero,Comerica Park,2026-09-09T17:10:00Z,4.055449330783938,1783,1378,0.4564296592829316,0.5714115264514936,-1.3082686612675043,Normal,0.11920186043487063,0.623025771652594,0.3311654625895284,0.5300571294544449,0.6613470397999914,0.4564045459133513,0.2953720725149565,0.17599121098552303,0.6005490063030611,0.35990373393489766,0.21183610675226014,0.14973173736795994,0.6036147993249877,0.22126667557461097,0.04874051650947684,2026-09-09T15:23:47Z
824226,703601,Max Clark,DET,MIN,1,7,confirmed,Zebby Matthews,Comerica Park,2026-09-09T17:10:00Z,3.7429320897697465,137,1018,0.44180563941763445,0.651775445709542,0.038015947486339366,Normal,0.10353363901059685,0.6358048154115881,0.2930115396460109,0.5824834356683425,0.660841090568001,0.4538663413428952,0.29177451598098586,0.17224814700853702,0.6124811289594897,0.3649985231773267,0.21248939231299774,0.1417364087974399,0.6156606213633713,0.2289931983200848,0.049808470275174724,2026-09-09T15:23:47Z
824226,668904,Royce Lewis,MIN,DET,0,7,confirmed,Keider Montero,Comerica Park,2026-09-09T17:10:00Z,3.910714285714286,1457,1378,0.38693607240959993,0.5590325373219215,-0.9041033684800466,Normal,0.10931853874331972,0.6052298702177141,0.21818552585837966,0.624341655318906,0.6505018981395932,0.4444891490328551,0.28480016136333913,0.16776194333426858,0.5841477055752915,0.33999490497540724,0.1931100606077369,0.13544578676238014,0.5870210566687749,0.20577311035827894,0.042736706930087735,2026-09-09T15:23:47Z
824226,701162,Ben Malgeri,DET,MIN,1,8,confirmed,Zebby Matthews,Comerica Park,2026-09-09T17:10:00Z,3.587150322778973,111,1018,0.4042906875547206,0.6489665588092595,-0.15540125851728162,Normal,0.08807339485420852,0.5904431786571629,0.30566749465695353,0.6598978127426739,0.6327968722486532,0.42403915268064296,0.2660314837420404,0.15274869153923962,0.5706553855289949,0.3143284371081206,0.16992469699290752,0.11289612458230014,0.5733487193028597,0.19052400238655945,0.03577477459455417,2026-09-09T15:23:47Z
824226,605170,Victor Caratini,MIN,DET,0,8,confirmed,Keider Montero,Comerica Park,2026-09-09T17:10:00Z,3.7547339945897202,1545,1378,0.37275588944655474,0.5604773714007312,-0.9406411348515187,Normal,0.09870504030112191,0.5751645575412327,0.33598973872939564,0.4704722828597144,0.6150496470605459,0.4083448340066694,0.2544347363087636,0.14522769431776905,0.5563087561606974,0.2960300573089862,0.1635365438882192,0.11624781356696526,0.5588761746940188,0.18182631432900107,0.03440875025272063,2026-09-09T15:23:47Z
824226,807726,John Peck,DET,MIN,1,9,confirmed,Zebby Matthews,Comerica Park,2026-09-09T17:10:00Z,3.397856049004594,25,1018,0.38791415070732216,0.6479942838448055,-0.11259146037818167,Normal,0.08034733221072281,0.5745614075026046,0.24293625787672485,0.5649729175841985,0.6171017904185478,0.4074745270317271,0.2518234209052082,0.1420464367568539,0.556010148609061,0.3022626857708658,0.1595681851685692,0.10416078484696352,0.5585334845306117,0.17708701275264707,0.03089527585485223,2026-09-09T15:23:47Z
824226,805805,Walker Jenkins,MIN,DET,0,9,confirmed,Keider Montero,Comerica Park,2026-09-09T17:10:00Z,3.596277278562259,38,1378,0.4441910028371685,0.5555248700821515,-1.3604845246453203,Normal,0.10577435511755573,0.5649438707391881,0.3271243248971805,0.5081109176688666,0.628946841949107,0.42136484800286156,0.2646732665066692,0.15237056986566896,0.5468551137466866,0.31061676638939834,0.17797334460911418,0.1275656270106759,0.5493170695752712,0.17354231560145333,0.031487290066820495,2026-09-09T15:23:47Z
824549,805367,Chase Meidroth,CWS,PIT,1,1,projected,Lake Bachar,Rate Field,2026-09-09T23:40:00Z,4.424217631417468,1084,653,0.5740503095292958,0.6256017572792075,-0.4508078944740133,Normal,0.0987266325827156,0.640554257257639,0.3874242918351376,0.6524054964551486,0.6770317912177866,0.4743800304217771,0.3119652395727422,0.1894266801428335,0.6166380601905002,0.3506313612848505,0.1939349379370344,0.12867150549549092,0.6199046824483768,0.23836147175383612,0.05659572245722251,2026-09-09T15:23:47Z
824549,665833,Oneil Cruz,PIT,CWS,0,1,projected,Davis Martin,Rate Field,2026-09-09T23:40:00Z,4.607851072440307,1903,1643,0.6696594831166998,0.6418149659346791,0.4193415575147532,Normal,0.16408482157209553,0.6757814945921754,0.44092912788076616,0.8079001902600572,0.7288054804997699,0.5345680897812981,0.3680743244351068,0.2352228506083679,0.6489567388455239,0.4212342768577554,0.27492062255739086,0.2048118326946575,0.6526296801033636,0.2731420842332275,0.07281368358017584,2026-09-09T15:23:47Z
824549,643217,Andrew Benintendi,CWS,PIT,1,2,projected,Lake Bachar,Rate Field,2026-09-09T23:40:00Z,4.316072113540468,2564,653,0.5214686841618016,0.6134948112358544,-0.1178525830187433,Normal,0.12106682603140376,0.6328747368022725,0.4002356142932085,0.6050720706234816,0.6694034757398996,0.46552136689621554,0.3037083590389059,0.18268812808278856,0.6096012673610337,0.36271843739905935,0.21504151596006918,0.15197804679281673,0.6127779781247862,0.23059727817144912,0.05288528184937496,2026-09-09T15:23:47Z
824549,687462,Spencer Horwitz,PIT,CWS,0,2,projected,Davis Martin,Rate Field,2026-09-09T23:40:00Z,4.516972298088178,1247,1643,0.5701947478362674,0.6352496919911804,-1.4720718173978624,Normal,0.1166538125588304,0.6813283387329553,0.4610495944251755,0.5196960806735114,0.703347675072262,0.5041684278048559,0.33918045482692405,0.21125278027744765,0.6540758702288224,0.404339790105413,0.23734897847841963,0.15974084687714424,0.6578070419827006,0.2775416219775498,0.07414766281870087,2026-09-09T15:23:47Z
824549,678246,Miguel Vargas,CWS,PIT,1,3,projected,Lake Bachar,Rate Field,2026-09-09T23:40:00Z,4.230253353204173,1787,653,0.5574414391626215,0.5964005744518469,0.4122186853426844,Normal,0.14683009639356542,0.5846080145777548,0.46228141004748646,0.6118472663860104,0.6638811256497237,0.45891839496272185,0.2974613041477378,0.17754082501722163,0.5649951795116939,0.3548850779648005,0.22315065472707638,0.17158347090050952,0.5676672673476704,0.1903379304386161,0.03781907002225828,2026-09-09T15:23:47Z
824549,668804,Bryan Reynolds,PIT,CWS,0,3,projected,Davis Martin,Rate Field,2026-09-09T23:40:00Z,4.409670164917541,3232,1643,0.5260525684356834,0.6305100721203943,1.5907299688795278,Normal,0.11920855462986756,0.6852807315380183,0.42971414795279833,0.6181113812375829,0.7055468548955545,0.5063809674579133,0.3409352814759693,0.21243397896283545,0.6577027680657234,0.41372805328568024,0.24966157078626822,0.1685951364737191,0.6614782600425883,0.2809339933829466,0.0752506525770575,2026-09-09T15:23:47Z
824549,695657,Colson Montgomery,CWS,PIT,1,4,projected,Lake Bachar,Rate Field,2026-09-09T23:40:00Z,4.136711072286525,859,653,0.5329737759561433,0.5806776878268319,-2.2271327340087437,Cold,0.20705045677217823,0.5813191049989728,0.40777323291143236,0.8480892419323369,0.6887299571614809,0.48525696733481416,0.3201255122665231,0.19465460208201518,0.5619814280620304,0.36431652402606307,0.25684904283134785,0.21998326443533506,0.5646151633791027,0.18707612134639007,0.03632041771918661,2026-09-09T15:23:47Z
824549,664040,Brandon Lowe,PIT,CWS,0,4,projected,Davis Martin,Rate Field,2026-09-09T23:40:00Z,4.320291777188329,2271,1643,0.553717825397273,0.6167246418259144,1.3182387760516985,Normal,0.18133375513934924,0.6660118170262097,0.3608753720822305,0.7340244860809864,0.7210134706723743,0.5235832545605477,0.35628229831011743,0.22439439082225154,0.6400786537206322,0.41354065470822793,0.27333009530326324,0.2119641043007193,0.6436237962856063,0.26090302054385234,0.06549686184614116,2026-09-09T15:23:47Z
824549,700337,Edgar Quero,CWS,PIT,1,5,projected,Lake Bachar,Rate Field,2026-09-09T23:40:00Z,4.020486555697824,614,653,0.3723132606364435,0.5604938414213283,1.4580465839293868,Normal,0.08395219493013775,0.5946790146789511,0.3306416116486471,0.5954257014826593,0.6212078101541919,0.41442298806882316,0.2593543292518363,0.14872974263224462,0.5744144550525406,0.30463334899905553,0.16063760003921157,0.10591285808008655,0.5771747597035474,0.19658483861864132,0.03906292769862194,2026-09-09T15:23:47Z
824549,693304,Nick Gonzales,PIT,CWS,0,5,projected,Davis Martin,Rate Field,2026-09-09T23:40:00Z,4.197546319479219,1479,1643,0.4580508264587342,0.6022874087980491,0.8200657752302107,Normal,0.06762694903860335,0.6868034636216878,0.2952470192916441,0.5306558920302065,0.6848412433685728,0.48185604741510674,0.31779708576490945,0.19337544119512715,0.6591565213422574,0.3866937884119156,0.20747973940764036,0.11910261763267257,0.662938341632394,0.2802197626810976,0.07338270286614136,2026-09-09T15:23:47Z
824549,545341,Randal Grichuk,CWS,PIT,1,6,projected,Lake Bachar,Rate Field,2026-09-09T23:40:00Z,3.8901128425577647,1806,653,0.4499095964273561,0.5515101151822052,0.24853919821216264,Normal,0.14632334438176536,0.6152074337175789,0.23983757046611956,0.6374624009175098,0.667679514348955,0.4616298896511171,0.2987860526895743,0.17776873798024864,0.5934350196838365,0.376514154232271,0.2347676486986558,0.17608783028601013,0.5964018056127607,0.21246331552341632,0.04420207839399423,2026-09-09T15:23:47Z
824549,699013,Esmerlyn Valdez,PIT,CWS,0,6,projected,Davis Martin,Rate Field,2026-09-09T23:40:00Z,4.055449330783938,281,1643,0.49175091808130705,0.5946486155293096,-1.4130866307171241,Normal,0.13534372163202923,0.610061892124014,0.43145601706489695,0.847404325161542,0.6808750706661109,0.47736052506958726,0.3136577679384263,0.19001640832662303,0.5885691864258369,0.36187342532156574,0.22183556542090102,0.16390478250588056,0.5914995258788776,0.21053113128826337,0.04481457703068143,2026-09-09T15:23:47Z
824549,686668,Brenton Doyle,CWS,PIT,1,7,projected,Lake Bachar,Rate Field,2026-09-09T23:40:00Z,3.7429320897697465,1756,653,0.39514553556671284,0.543212722653599,-1.4473365837074057,Normal,0.0998169962990295,0.5589843505453987,0.24540142837393206,0.7511611077427751,0.6166264399940696,0.4091826433350507,0.2545953925560888,0.1449573141316763,0.5413004938133568,0.3010618528739658,0.17302638524191394,0.12205623981056102,0.5437066389341033,0.1691404153142537,0.02992189733303405,2026-09-09T15:23:47Z
824549,663968,Jake Mangum,PIT,CWS,0,7,projected,Davis Martin,Rate Field,2026-09-09T23:40:00Z,3.910714285714286,860,1643,0.42844516250164166,0.5808945681178485,-0.3554563981323567,Normal,0.0733275275313946,0.6738558101995606,0.2876905145966998,0.5186787905880865,0.6663842431362323,0.4611315931576699,0.2990573978841603,0.17851831792878717,0.6473425207235872,0.36752354722490715,0.1938517221540132,0.11413817954564444,0.6509650321230127,0.2661332127670874,0.06623371497898242,2026-09-09T15:23:47Z
824549,668670,Jake Rogers,CWS,PIT,1,8,projected,Lake Bachar,Rate Field,2026-09-09T23:40:00Z,3.587150322778973,1005,653,0.39995826328103173,0.5494257012412284,-0.7166956763248472,Normal,0.11316900770154813,0.5026910634828798,0.3251374027181421,0.7327018717086987,0.5986334879125192,0.39092291619983743,0.23934742854901495,0.1337238909653451,0.4886876832493286,0.2751192759654848,0.16471399348529994,0.12716230818622024,0.49059089514648535,0.13151066739818085,0.019372779738713708,2026-09-09T15:23:47Z
824549,669707,Jared Triolo,PIT,CWS,0,8,projected,Davis Martin,Rate Field,2026-09-09T23:40:00Z,3.7547339945897202,1367,1643,0.38519701775603493,0.5801961041206198,0.16578928163880408,Normal,0.06654271513829753,0.5894971462717018,0.307868428884822,0.5625316517995969,0.6165262680841044,0.40978241811622923,0.2556020483493559,0.1460681960577877,0.5696228447895005,0.2995841002726434,0.15071680131188356,0.09197629811107204,0.572329888060968,0.19256535095006141,0.03786865717270401,2026-09-09T15:23:47Z
824549,682668,Luisangel Acuña,CWS,PIT,1,9,projected,Lake Bachar,Rate Field,2026-09-09T23:40:00Z,3.397856049004594,440,653,0.36508588760415267,0.5500430414493033,-0.48528917153449747,Normal,0.06660715135875982,0.5401265447091489,0.21754683604625363,0.5480789229004105,0.5846594720273705,0.3768743541025192,0.2277023508989005,0.12520202609049247,0.5238965079799051,0.26008960774952466,0.12980670378786238,0.08366311424962211,0.5261029166304284,0.1534418898927309,0.024351288264547695,2026-09-09T15:23:47Z
824549,680779,Henry Davis,PIT,CWS,0,9,projected,Davis Martin,Rate Field,2026-09-09T23:40:00Z,3.596277278562259,934,1643,0.3841037526033292,0.5747613931681125,-0.17108692395303235,Normal,0.08341737768367072,0.5063616103590604,0.3022363624481706,0.6362155793081873,0.5807170863703948,0.37529944953411437,0.2278105632710616,0.1261800118975346,0.492041366317942,0.25534820493282345,0.13601092292421843,0.09732628117639917,0.4939883641640751,0.13509280992557487,0.020845439726426586,2026-09-09T15:23:47Z
824713,680776,Jarren Duran,BOS,LAA,1,1,projected,Ryan Johnson,Fenway Park,2026-09-09T22:45:00Z,4.424217631417468,2581,411,0.6002211195561578,0.6394797536311988,-0.41823635081146804,Normal,0.1446614589369958,0.6655494590026604,0.3478331089569149,0.654722817940002,0.6945961008973449,0.4937616872846424,0.3292800206356286,0.20301177508742352,0.6396232066617159,0.42702795577805636,0.2781015327052578,0.19880637401950244,0.6431683720440484,0.26132085896203533,0.06621371856217681,2026-09-09T15:23:47Z
824713,687263,Zach Neto,LAA,BOS,0,1,projected,Jake Bennett,Fenway Park,2026-09-09T22:45:00Z,4.607851072440307,2111,395,0.5714231023098023,0.649163499614793,1.4242746594055113,Normal,0.14608385152453057,0.6792981024152055,0.27590260939860584,0.7502283956938801,0.7061723279187592,0.5080454898428062,0.3432351555962609,0.21488672975923678,0.6521817169211033,0.42564695007759284,0.2664957389344242,0.19143038264427437,0.6558953389022235,0.2766068807158009,0.07440932593014933,2026-09-09T15:23:47Z
824713,668939,Adley Rutschman,BOS,LAA,1,2,projected,Ryan Johnson,Fenway Park,2026-09-09T22:45:00Z,4.316072113540468,2519,411,0.4958550977225909,0.6310486119207249,-0.9868999832165437,Normal,0.11170176431956656,0.6361136240532259,0.4054184842428504,0.5274410231632216,0.6672664639720479,0.4632379142346214,0.3017189104001893,0.18116222433974574,0.6125869086711796,0.3706678969708558,0.21452613361683961,0.14698742157825254,0.6157985826230943,0.23341923928759115,0.053988037493636426,2026-09-09T15:23:47Z
824713,545361,Mike Trout,LAA,BOS,0,2,projected,Jake Bennett,Fenway Park,2026-09-09T22:45:00Z,4.516972298088178,2104,395,0.5620615628713435,0.6429434222355054,-0.02287152616231178,Normal,0.1731409836774962,0.6561263911380176,0.3940837904473505,0.7384352362718763,0.7130160798463762,0.51528998143966,0.3494361593633265,0.2195290058691034,0.6309435379099763,0.4049845799152495,0.26501159617706377,0.20405961133872455,0.6343868323312016,0.2533513905279077,0.06341393335236889,2026-09-09T15:23:47Z
824713,677800,Wilyer Abreu,BOS,LAA,1,3,projected,Ryan Johnson,Fenway Park,2026-09-09T22:45:00Z,4.230253353204173,1569,411,0.5711782542382168,0.6170245441205395,-0.5121491958227099,Normal,0.16927166987942097,0.6554071265529731,0.44701260840175305,0.5553158271474515,0.7083108414732958,0.5078934110371095,0.3410247990619645,0.21150592788081143,0.6303904833524736,0.41575812444203947,0.2690515898765838,0.20458647348582362,0.6338068357883619,0.2495363365882657,0.05975972563201043,2026-09-09T15:23:47Z
824713,518595,Travis d'Arnaud,LAA,BOS,0,3,projected,Jake Bennett,Fenway Park,2026-09-09T22:45:00Z,4.409670164917541,1363,395,0.45448676628677936,0.6397669814358722,-1.4060825215717967,Normal,0.1278012687915323,0.6424895228473313,0.26750010014845776,0.718665350136603,0.6778262888082692,0.47544968040307123,0.31306184185768976,0.19039324519667228,0.6184079449308005,0.38533732139589605,0.22986873244488404,0.16324573054202565,0.6216978393233517,0.24041519525485436,0.05762741716524193,2026-09-09T15:23:47Z
824713,596115,Trevor Story,BOS,LAA,1,4,projected,Ryan Johnson,Fenway Park,2026-09-09T22:45:00Z,4.136711072286525,1537,411,0.45446586032791647,0.6014148738252142,-0.40094896187314416,Normal,0.11111136638689154,0.6503403833406298,0.2712503444023598,0.7331097133431094,0.6774282922035564,0.4728820940855715,0.3091926605258959,0.18619183780728657,0.6257649977980575,0.37856741475572186,0.21586161615304814,0.14617113045498234,0.6291192040537066,0.24398846935280863,0.05688104796973251,2026-09-09T15:23:47Z
824713,666139,Josh Lowe,LAA,BOS,0,4,projected,Jake Bennett,Fenway Park,2026-09-09T22:45:00Z,4.320291777188329,1822,395,0.3984591870762526,0.627072050765389,-0.44079878605531936,Normal,0.09048468008064912,0.6045741058158143,0.24946580147300476,0.7785295136859569,0.642475110693441,0.43748396727431993,0.2797542496802235,0.16463335505890309,0.583445332203123,0.3417033318259232,0.18988252881573894,0.12471195895143394,0.5863267538708417,0.2071732158222696,0.044294514540697286,2026-09-09T15:23:47Z
824713,702332,Caleb Durbin,BOS,LAA,1,5,projected,Ryan Johnson,Fenway Park,2026-09-09T22:45:00Z,4.020486555697824,1033,411,0.4672159406920301,0.5821285134256406,-0.801655718020721,Normal,0.08851583152270381,0.6199501663937832,0.4002721290758678,0.43846124911767614,0.6552627911749276,0.44887253669180843,0.28808949623145313,0.16989528879626567,0.5977955847611277,0.3407308530055718,0.18381128232416863,0.11901655942549859,0.6008154460056954,0.21687635903947342,0.04609725199060645,2026-09-09T15:23:47Z
824713,624428,Adam Frazier,LAA,BOS,0,5,projected,Jake Bennett,Fenway Park,2026-09-09T22:45:00Z,4.197546319479219,1947,395,0.3730265632715016,0.614310377530949,-1.2353653262033213,Normal,0.06148589626479229,0.6055837148286702,0.2415710545220896,0.6198223543005897,0.6175526305245378,0.412047504404525,0.25826473307045733,0.14855370431983259,0.584419044347934,0.31739555053795043,0.1612357790088164,0.09441309990286571,0.5873047085104421,0.20718599553892186,0.04385373288092165,2026-09-09T15:23:47Z
824713,643396,Isiah Kiner-Falefa,BOS,LAA,1,6,projected,Ryan Johnson,Fenway Park,2026-09-09T22:45:00Z,3.8901128425577647,1993,411,0.4049782064263614,0.5728374633215324,0.8082049400011878,Normal,0.06624561592878496,0.6356595587691346,0.28276654349934277,0.462861178464037,0.632828754804607,0.42566068470924995,0.26837995618204197,0.1551328665790544,0.6123022408578457,0.3295331510516075,0.16712502128036424,0.09804810613637892,0.6154869258382442,0.22968866167740395,0.05045992650183659,2026-09-09T15:23:47Z
824713,687093,Vaughn Grissom,LAA,BOS,0,6,projected,Jake Bennett,Fenway Park,2026-09-09T22:45:00Z,4.055449330783938,751,395,0.38767530933309646,0.6071897007716125,0.14528233221405618,Normal,0.08860110175032931,0.6342414817776468,0.23462103910905296,0.5588815344288895,0.6380953279742018,0.4323655222900872,0.2749472703166353,0.16067594978052396,0.6108945394725106,0.34979124918306737,0.19038544328042148,0.12204634681313885,0.6140802660474631,0.23086245260611052,0.05237885689550541,2026-09-09T15:23:47Z
824713,655316,Andruw Monasterio,BOS,LAA,1,7,projected,Ryan Johnson,Fenway Park,2026-09-09T22:45:00Z,3.7429320897697465,919,411,0.39123569291555255,0.562897558157188,-1.0498947565605983,Normal,0.0722220096366199,0.5927521733019633,0.31579056919371606,0.5455228312049428,0.6133180562818735,0.4059702107953367,0.25199749497931456,0.14309650298873058,0.5726954372001813,0.3208880891775391,0.16527310235524478,0.10229368849094932,0.5754264207167504,0.19390814764772163,0.03759235399769203,2026-09-09T15:23:47Z
824713,642350,Jose Siri,LAA,BOS,0,7,projected,Jake Bennett,Fenway Park,2026-09-09T22:45:00Z,3.910714285714286,1375,395,0.4376306358680288,0.5929890456403668,-2.109894580099848,Cold,0.12897551725107542,0.5678447382827229,0.21376238974612824,0.8042674742337287,0.6345552163840578,0.4282297645632253,0.27113925280872603,0.15762477863862784,0.549442832297943,0.32684728592611195,0.19950636318493573,0.15061400957368354,0.5519484365540951,0.17731910570150283,0.033322676788643035,2026-09-09T15:23:47Z
824713,657136,Connor Wong,BOS,LAA,1,8,projected,Ryan Johnson,Fenway Park,2026-09-09T22:45:00Z,3.587150322778973,1363,411,0.3974790918505179,0.5674575198284814,-1.4535616988599676,Normal,0.07516464533481708,0.5692811966544071,0.29104921793574506,0.6172600109395399,0.6026882108337296,0.394757740150616,0.24238417940734097,0.13585671652766598,0.550991839358518,0.30289843565927377,0.1558935491781997,0.09992528678248658,0.5534801669611064,0.1749428755159888,0.031018914384526326,2026-09-09T15:23:47Z
824713,672724,Oswald Peraza,LAA,BOS,0,8,projected,Jake Bennett,Fenway Park,2026-09-09T22:45:00Z,3.7547339945897202,871,395,0.3338025529373246,0.5911923066843628,-1.0924482778570646,Normal,0.07660082725866774,0.5556466860864616,0.21613576201542897,0.7096639260684534,0.576631452740052,0.37210521297150034,0.22565544220146677,0.12489947473548077,0.5381305965907722,0.2846620349333428,0.1489313819111636,0.0979227482598778,0.5405145682866584,0.1678642110775029,0.030132706615372186,2026-09-09T15:23:47Z
824713,642201,Eli White,BOS,LAA,1,9,projected,Ryan Johnson,Fenway Park,2026-09-09T22:45:00Z,3.397856049004594,651,411,0.42356321570765226,0.5685443533918144,1.0629585793396605,Normal,0.09304796042746565,0.5542708700340752,0.23669955625352956,0.6054859826324996,0.608616870409231,0.399316029640152,0.24530681449797365,0.13744418073356526,0.5371088528632028,0.28797865426532665,0.16218164078997724,0.11315098303219773,0.5394424505798048,0.16287920402893574,0.02688058018831377,2026-09-09T15:23:47Z
824713,623168,Tyler Heineman,LAA,BOS,0,9,projected,Jake Bennett,Fenway Park,2026-09-09T22:45:00Z,3.596277278562259,590,395,0.3426033611001912,0.5852522591680605,-0.8746342714512747,Normal,0.049705607637470846,0.5191361177119922,0.2172908301485841,0.4814277401357247,0.5493422462638904,0.34713587480378805,0.20624804187798226,0.11144281426376693,0.5040357366324816,0.24828345837593802,0.11809315363030135,0.06958970358641745,0.5060892165090122,0.14294551851793671,0.02286475434208797,2026-09-09T15:23:47Z
824791,683002,Gunnar Henderson,BAL,CLE,1,1,projected,Foster Griffin,Oriole Park at Camden Yards,2026-09-09T22:35:00Z,4.424217631417468,2771,689,0.6023797634663187,0.6808961665229306,-0.5527465784766123,Normal,0.13870815919083088,0.6278621994340349,0.37904607430195697,0.6828096599702212,0.6907847460449927,0.4895033056809976,0.32544157298397514,0.19997728317584737,0.6049354705241554,0.3789318924361734,0.24135970670017357,0.17573356799079548,0.6080653502770705,0.22727918685838933,0.05220825674886441,2026-09-09T15:23:47Z
824791,680757,Steven Kwan,CLE,BAL,0,1,projected,Shane Baz,Oriole Park at Camden Yards,2026-09-09T22:35:00Z,4.607851072440307,3157,1842,0.6350617450598257,0.6630414119478045,0.2618451480221509,Normal,0.0833231906299584,0.7079573668330658,0.4417991537592333,0.46310712959734296,0.7076878225713624,0.5097860795274898,0.3448412486901395,0.21618508852121845,0.6784126680151314,0.4064328514767352,0.22921411604877315,0.13888324412567152,0.6824662843205287,0.3061035201090824,0.0886771598054252,2026-09-09T15:23:47Z
824791,702616,Jackson Holliday,BAL,CLE,1,2,projected,Foster Griffin,Oriole Park at Camden Yards,2026-09-09T22:35:00Z,4.316072113540468,1190,689,0.45486769740366356,0.6776826951830771,-1.3855098072634806,Normal,0.09994425612350097,0.6022254523184793,0.30133003336891534,0.715469654556533,0.639852862925984,0.43468313182619395,0.2772881273488066,0.16271052388408247,0.5812776958695348,0.3246590504583679,0.1853028969874731,0.12707086966038875,0.5841339377230373,0.20507598500798946,0.04339332497526706,2026-09-09T15:23:47Z
824791,682657,Angel Martínez,CLE,BAL,0,2,projected,Shane Baz,Oriole Park at Camden Yards,2026-09-09T22:35:00Z,4.516972298088178,1022,1842,0.5259843888657224,0.6563010299954222,0.012396788975117106,Normal,0.12758197921326836,0.6645213497647979,0.296617320917426,0.7037743747098659,0.6875261501498802,0.48639411482381356,0.3230688912380225,0.19843881100660993,0.63865773631663,0.39899445169360276,0.24211493530872136,0.16909240343385432,0.6421955758366191,0.26122828085393685,0.06682067989501142,2026-09-09T15:23:47Z
824791,624413,Pete Alonso,BAL,CLE,1,3,projected,Foster Griffin,Oriole Park at Camden Yards,2026-09-09T22:35:00Z,4.230253353204173,3379,689,0.5876188549847039,0.6726448867435727,-0.05171449170876215,Normal,0.2412402871083049,0.6658782051336141,0.38276962858440056,0.6071574918320369,0.7252705052248243,0.5276940052220656,0.3593763358444205,0.2263140186147023,0.6400038984447366,0.4366792100575077,0.3111297978559164,0.2618068573414383,0.6435389465342386,0.25929268020552054,0.06382334326285752,2026-09-09T15:23:47Z
824791,608070,José Ramírez,CLE,BAL,0,3,projected,Shane Baz,Oriole Park at Camden Yards,2026-09-09T22:35:00Z,4.409670164917541,3211,1842,0.5452372471720378,0.6556429367953894,-0.7830147252404736,Normal,0.1349126690396128,0.6761601785512604,0.35034024471280684,0.482690888043786,0.710544002828722,0.5121277626874989,0.3462279512895883,0.2166967178833445,0.6493465042847746,0.41939955763022707,0.2589997373222781,0.18196691035511503,0.6530155347162215,0.2719021992581777,0.07112682977966832,2026-09-09T15:23:47Z
824791,687952,Christian Encarnacion-Strand,BAL,CLE,1,4,projected,Foster Griffin,Oriole Park at Camden Yards,2026-09-09T22:35:00Z,4.136711072286525,660,689,0.4600251874604912,0.6614375221332696,0.31376474361447626,Normal,0.17154146534970172,0.6524731082804148,0.25481931141048775,0.6801615711590221,0.6883511617341479,0.48483803404715875,0.31975275223702654,0.1943643322399865,0.6277252111820931,0.39382803207366684,0.25409950593620956,0.19694231340562343,0.631103236448985,0.24592211035231745,0.05765466215121395,2026-09-09T15:23:47Z
824791,663993,Nathaniel Lowe,CLE,BAL,0,4,projected,Shane Baz,Oriole Park at Camden Yards,2026-09-09T22:35:00Z,4.320291777188329,2932,1842,0.45881327843689657,0.6452503504126004,-0.6887207292856202,Normal,0.1272693091032257,0.6624407779317532,0.3864997312888467,0.6870479490909177,0.6849089049371861,0.4824810713560852,0.3187731778534731,0.19445694673294295,0.6368005609297074,0.38697276610619136,0.23247217008269375,0.16312310727381937,0.6403050727451792,0.2575311065818065,0.06405198906545378,2026-09-09T15:23:47Z
824791,681297,Colton Cowser,BAL,CLE,1,5,projected,Foster Griffin,Oriole Park at Camden Yards,2026-09-09T22:35:00Z,4.020486555697824,1349,689,0.43647139882585273,0.649160955248075,-1.0032697399382116,Normal,0.13135206115914863,0.5540645950720614,0.3471554804581325,0.8403214088009469,0.6327555705465538,0.4258837665978504,0.2687843510116705,0.15559442501717832,0.5366450307421095,0.3110253271792216,0.19086655044472778,0.14806137536720249,0.5390156034977573,0.16677047816186252,0.029694205341950428,2026-09-09T15:23:47Z
824791,666176,Jo Adell,CLE,BAL,0,5,projected,Shane Baz,Oriole Park at Camden Yards,2026-09-09T22:35:00Z,4.197546319479219,1962,1842,0.40836259536731667,0.6364798717308507,-0.1960730473837159,Normal,0.13284230477542233,0.6207479398702213,0.281422187038437,0.7369473142574425,0.6644104324937067,0.45979616115635485,0.2984515261629063,0.1784649524010024,0.5984409486337694,0.359664314003412,0.2197430113759834,0.16099353836036617,0.6014838628542994,0.21963582942582877,0.0483834276449574,2026-09-09T15:23:47Z
824791,691723,Coby Mayo,BAL,CLE,1,6,projected,Foster Griffin,Oriole Park at Camden Yards,2026-09-09T22:35:00Z,3.8901128425577647,729,689,0.4737187222235116,0.6412378092081727,1.4018317207556104,Normal,0.17766444795771744,0.6034767060452729,0.3017576796672781,0.717322691480492,0.6651458494971423,0.4589405342396318,0.29646747110767785,0.17601389314587648,0.5825860269334314,0.3659896642872387,0.244796843151723,0.1974819520610352,0.5854317648377244,0.2030073314960061,0.04093124357618557,2026-09-09T15:23:47Z
824791,682177,Daniel Schneemann,CLE,BAL,0,6,projected,Shane Baz,Oriole Park at Camden Yards,2026-09-09T22:35:00Z,4.055449330783938,924,1842,0.3845763232694221,0.6309462369229915,-1.6768983076068096,Normal,0.10017708811202901,0.5841467915360266,0.3261289428274185,0.7689863450254614,0.6198445662003745,0.414144912040133,0.25984800267617514,0.14959405617792673,0.5645507898524397,0.3258849005016793,0.18428332372821368,0.12727309456187968,0.5672205307952692,0.1901667436099758,0.03778429591593641,2026-09-09T15:23:47Z
824791,665966,Carlos Narváez,BAL,CLE,1,7,projected,Foster Griffin,Oriole Park at Camden Yards,2026-09-09T22:35:00Z,3.7429320897697465,727,689,0.3809010326061245,0.6276947183355582,-1.5513654308346565,Normal,0.0998139097948963,0.5659268835229407,0.29866655813501486,0.6823715079090243,0.6059348704117379,0.39886304102862147,0.24628494206342774,0.13902621223298467,0.547768738251472,0.311528402285226,0.17243062698475434,0.121595795399208,0.550239756958057,0.1740461038037401,0.03137886092149487,2026-09-09T15:23:47Z
824791,672275,Patrick Bailey,CLE,BAL,0,7,projected,Shane Baz,Oriole Park at Camden Yards,2026-09-09T22:35:00Z,3.910714285714286,1560,1842,0.3968842192410707,0.6168028346329466,0.9647320804164454,Normal,0.09455057388716177,0.5918733972357603,0.30891678747582196,0.6947695280141256,0.616009676502024,0.4098568524825978,0.2560149812544235,0.14659672993843223,0.5717715606506505,0.31869166042082836,0.17760395114045965,0.12047597953941053,0.5745102781962613,0.19527349297261862,0.03914017430313452,2026-09-09T15:23:47Z
824791,665750,Leody Taveras,BAL,CLE,1,8,projected,Foster Griffin,Oriole Park at Camden Yards,2026-09-09T22:35:00Z,3.587150322778973,2052,689,0.3582260569070912,0.626285671843444,-2.2320617713436386,Cold,0.07989089140828001,0.539046481443539,0.22917504211274842,0.6863979642683432,0.5761666393479105,0.3701138128618194,0.22310783319629868,0.12246127184038808,0.5227831639017604,0.2776964576477407,0.15121552109249412,0.10121376831785026,0.5249946846736173,0.15421033318495603,0.025163547601967113,2026-09-09T15:23:47Z
824791,677587,Brayan Rocchio,CLE,BAL,0,8,projected,Shane Baz,Oriole Park at Camden Yards,2026-09-09T22:35:00Z,3.7547339945897202,1449,1842,0.38745303680865045,0.6133175236604385,0.28975087512511105,Normal,0.08792858643195316,0.5821962367362246,0.2916342838619909,0.507980494896841,0.6017594742014759,0.3955587894786931,0.24413934989750524,0.13786823092219452,0.5628444278480829,0.31209269883379337,0.16912648813893003,0.11298911130809712,0.5654798251422332,0.1870424464352115,0.03607070455627372,2026-09-09T15:23:47Z
824791,677942,Blaze Alexander,BAL,CLE,1,9,projected,Foster Griffin,Oriole Park at Camden Yards,2026-09-09T22:35:00Z,3.397856049004594,740,689,0.4248503250823134,0.6265592458918512,0.5220968922253374,Normal,0.08548830162094377,0.5911310913017058,0.27925333099337885,0.5672783658283443,0.6197339541898114,0.410028666413799,0.25387647030942523,0.1435041957238303,0.5713991877749113,0.3118497091545071,0.1672644238441701,0.11006001710128065,0.5740839211534822,0.18929867197035566,0.03454480934149227,2026-09-09T15:23:47Z
824791,595978,Austin Hedges,CLE,BAL,0,9,projected,Shane Baz,Oriole Park at Camden Yards,2026-09-09T22:35:00Z,3.596277278562259,1097,1842,0.33752934095834225,0.6060076904484117,-0.5711476189973991,Normal,0.07431890063702357,0.5150674777868628,0.2572431464872797,0.6037512536310304,0.5525908710062597,0.3499908782391877,0.20840081831660015,0.11289428816766417,0.5002180684143113,0.2440957547718881,0.12537565356899255,0.08708241595945729,0.5022372863796009,0.14041339322152244,0.02220493986413315,2026-09-09T15:23:47Z
824871,573262,Mike Yastrzemski,ATL,TB,1,1,projected,Griffin Jax,Truist Park,2026-09-09T23:15:00Z,4.424217631417468,2330,1519,0.5990288981071383,0.6100067899060203,-1.0517001698884354,Normal,0.13435764684114093,0.6230457190745454,0.3872316618717579,0.7250930484075728,0.682033591839524,0.47983689841355787,0.31680004391198874,0.19319336576143317,0.6004888837609649,0.38284704285099386,0.237201577042273,0.17177374807901644,0.6035677020957126,0.2231712739944934,0.050623808139536326,2026-09-09T15:23:47Z
824871,650490,Yandy Díaz,TB,ATL,0,1,projected,TBD,Truist Park,2026-09-09T23:15:00Z,4.607851072440307,3050,0,0.5562286170698375,0.5871556703971258,0.8590767057889094,Normal,0.1232735571609007,0.7331513246215139,0.3368550217010908,0.5306649307411144,0.7281720320934733,0.5338099713705087,0.36735329943720824,0.2346248047156102,0.7014025247011653,0.4476948071882153,0.2682518541105434,0.17744661175669707,0.705767020660349,0.3340085268512643,0.10332385959790837,2026-09-09T15:23:47Z
824871,660670,Ronald Acuña Jr.,ATL,TB,1,2,projected,Griffin Jax,Truist Park,2026-09-09T23:15:00Z,4.316072113540468,2306,1519,0.5635290741811365,0.5929651381687999,1.640648797039593,Normal,0.1353141031753762,0.6464387601534475,0.3708751281032361,0.7211244421578152,0.704330068345229,0.5041147364003605,0.33816075454005484,0.2096673978248027,0.6220953137873048,0.37227720145850923,0.2264447876740064,0.16451118104898338,0.6254198450138981,0.24258111126134874,0.05764181322464276,2026-09-09T15:23:47Z
824871,656775,Cedric Mullins,TB,ATL,0,2,projected,TBD,Truist Park,2026-09-09T23:15:00Z,4.516972298088178,2589,0,0.5636619527472686,0.5871556703971258,0.9485881260344722,Normal,0.12710289471399208,0.6394037728103945,0.3855313849067624,0.5998794776771192,0.6871503548558564,0.4859781455797028,0.3226958824407951,0.19814486596984027,0.6155505083106632,0.37696296626300924,0.2304684055658493,0.16358481290295732,0.6188095147392951,0.23817832533788577,0.05708995119516154,2026-09-09T15:23:47Z
824871,645277,Ozzie Albies,ATL,TB,1,3,projected,Griffin Jax,Truist Park,2026-09-09T23:15:00Z,4.230253353204173,2649,1519,0.5006959854668469,0.572483841412392,-0.9443561059257626,Normal,0.12595525947563943,0.6465774325030428,0.2963120768092589,0.5517749464336604,0.6846212866582462,0.4812856113085316,0.3170422619322571,0.19260088798057015,0.6222725198735659,0.378194876365571,0.22579541553856616,0.1594751229108329,0.6255905082777621,0.24152129079880313,0.05651720037979876,2026-09-09T15:23:47Z
824871,802415,Chandler Simpson,TB,ATL,0,3,projected,TBD,Truist Park,2026-09-09T23:15:00Z,4.409670164917541,994,0,0.48532697967852584,0.5871556703971258,0.07420238447788725,Normal,0.06760726316437418,0.7379802211364599,0.22908779201455862,0.39067518035380194,0.7015964020384966,0.50187595423619,0.33681159511344355,0.20912991275359932,0.7058034594451931,0.420577190852189,0.2299788308254042,0.13017903017085472,0.7102243077724789,0.3377657500088695,0.10385197027389412,2026-09-09T15:23:47Z
824871,657041,Lane Thomas,ATL,TB,1,4,projected,Griffin Jax,Truist Park,2026-09-09T23:15:00Z,4.136711072286525,2274,1519,0.40348044689865176,0.5572616752333249,-1.0000001178837976,Normal,0.10857548584137068,0.5898425656763452,0.29043076784000066,0.7936947633931556,0.6432131638776512,0.43690228829188593,0.27830263623776563,0.1628499782929086,0.5698946579612024,0.33505230438422823,0.19287085437377482,0.13578943716433842,0.572612094726706,0.19354106140313274,0.03844283465396338,2026-09-09T15:23:47Z
824871,666018,Jonathan Aranda,TB,ATL,0,4,projected,TBD,Truist Park,2026-09-09T23:15:00Z,4.320291777188329,1366,0,0.5001554489105753,0.5871556703971258,-0.45842432384589954,Normal,0.12963883216743963,0.6831921831499733,0.36900994388382613,0.6652511782948204,0.7062360889803353,0.506421607290937,0.34039628341165046,0.21156367577380483,0.6558269703529432,0.4025915170408712,0.24028621870767003,0.16704896533671787,0.6595710778809984,0.2775880390093564,0.07287552778511669,2026-09-09T15:23:47Z
824871,663586,Austin Riley,ATL,TB,1,5,projected,Griffin Jax,Truist Park,2026-09-09T23:15:00Z,4.020486555697824,2891,1519,0.42614630071950216,0.5365362785105965,-0.5542189751650871,Normal,0.11637951306638411,0.6000344542467956,0.2647418356781379,0.8384266179333786,0.6623334737572709,0.45628070863690906,0.29442339917962645,0.17465924809781222,0.5793770356143503,0.3425978015590849,0.20050276704634626,0.14322523274618368,0.5821912458320374,0.2007692974009325,0.04046974964661415,2026-09-09T15:23:47Z
824871,691406,Junior Caminero,TB,ATL,0,5,projected,TBD,Truist Park,2026-09-09T23:15:00Z,4.197546319479219,1496,0,0.5232355207029448,0.5871556703971258,0.3201358115375034,Normal,0.20807913979252995,0.6659887647387246,0.2879621170528202,0.586888131521725,0.7244784492496855,0.5271007656865451,0.35910332354057306,0.22631549626114517,0.6400869241378042,0.4170225621278319,0.2852971010836433,0.23138888146996656,0.6436264862959307,0.25995004809930117,0.06446596488752189,2026-09-09T15:23:47Z
824871,621566,Matt Olson,ATL,TB,1,6,projected,Griffin Jax,Truist Park,2026-09-09T23:15:00Z,3.8901128425577647,3456,1519,0.4896242506139784,0.5280644773750323,-2.1820229102036905,Cold,0.19658312419893403,0.6094083499830227,0.3170342886738115,0.7165757515505651,0.6879014976620899,0.48354122950420936,0.31795615966130825,0.19245880736128607,0.588074314786867,0.3904526055688519,0.2632435234015822,0.21685585569166593,0.5909809040876853,0.2077509997283342,0.042557570611463,2026-09-09T15:23:47Z
824871,689414,Liam Hicks,TB,ATL,0,6,projected,TBD,Truist Park,2026-09-09T23:15:00Z,4.055449330783938,897,0,0.45179494092328076,0.5871556703971258,0.4774313176340721,Normal,0.114859224933864,0.6477815812975207,0.41043095530408086,0.4026443046382727,0.6742195767036323,0.4701363164050006,0.3073026706825979,0.18510852886605958,0.6233610763817113,0.35737382298092446,0.20677243646897567,0.14349720978463174,0.6266949861700801,0.24284050347148112,0.057092681022780874,2026-09-09T15:23:47Z
824871,673490,Ha-Seong Kim,ATL,TB,1,7,projected,Griffin Jax,Truist Park,2026-09-09T23:15:00Z,3.7429320897697465,1980,1519,0.3495252911931329,0.5215294705685041,-2.0526289849689277,Cold,0.07289676230618779,0.5386833527479639,0.2968241278013116,0.6315467577923021,0.5933181902004412,0.38691103582413355,0.23678621047228088,0.13232397656156555,0.5223463199704329,0.26825637293806526,0.13839028022337566,0.09135404157642121,0.5245683817577381,0.15532666425602878,0.025984500278718434,2026-09-09T15:23:47Z
824871,680700,Richie Palacios,TB,ATL,0,7,projected,TBD,Truist Park,2026-09-09T23:15:00Z,3.910714285714286,945,0,0.45988996540923915,0.5871556703971258,-0.10006969490274935,Normal,0.10283527944961525,0.5959212803230224,0.3913742568677505,0.5091461057677868,0.6476219340032556,0.4415200331882002,0.28228593546621167,0.16588376751451617,0.5755250102251295,0.32406475612941404,0.18402902282296643,0.12789317408617976,0.5783041477318904,0.1984154628832435,0.04020134532426891,2026-09-09T15:23:47Z
824871,671739,Michael Harris II,ATL,TB,1,8,projected,Griffin Jax,Truist Park,2026-09-09T23:15:00Z,3.587150322778973,2644,1519,0.42933860429074727,0.5292833897315918,-0.9231088788793026,Normal,0.1250138605976712,0.6370794496747583,0.17617040641894843,0.5861841906083315,0.672322355830169,0.4648236136674463,0.30036245969411407,0.17815143677529263,0.6137533659553328,0.367432773995464,0.220336019163742,0.1562477470409733,0.6169319176680139,0.22823060422813848,0.04855464774417669,2026-09-09T15:23:47Z
824871,663743,Nick Fortes,TB,ATL,0,8,projected,TBD,Truist Park,2026-09-09T23:15:00Z,3.7547339945897202,1434,0,0.3755776705694473,0.5871556703971258,-0.1932376148243307,Normal,0.07400988374827586,0.5878519187048077,0.23634316602562835,0.4792008346889835,0.6173991182585817,0.4106338161512926,0.2562943149914139,0.14656723168150312,0.5680960251434055,0.30453150957096237,0.15637790545945868,0.09880608944185484,0.5707868284786508,0.19131117273424675,0.03745691072063767,2026-09-09T15:23:47Z
824871,643289,Mauricio Dubón,ATL,TB,1,9,projected,Griffin Jax,Truist Park,2026-09-09T23:15:00Z,3.397856049004594,2135,1519,0.3829075646636307,0.5292649450259492,0.1274363043684634,Normal,0.06060365608074512,0.558851270461722,0.1701272195964435,0.42924812929012685,0.5990053110995048,0.3902092362633153,0.23810653700955728,0.13240326641498262,0.5413810502725553,0.27958841112497224,0.13514923337379567,0.08202335050840412,0.5437567258640317,0.16601652350852084,0.027745704265886628,2026-09-09T15:23:47Z
824871,622761,Jorge Mateo,TB,ATL,0,9,projected,TBD,Truist Park,2026-09-09T23:15:00Z,3.596277278562259,1359,0,0.44679097773324156,0.5871556703971258,-1.9294891186166347,Normal,0.07725249311482438,0.5492704490827656,0.21105865871559498,0.669311149920713,0.6136916700026405,0.40640666774907813,0.25248259972829284,0.14357282337656957,0.5322379896175763,0.298208300789264,0.1615992483145882,0.10480490736622039,0.5345554485038573,0.16263102958242573,0.02827497973101557,2026-09-09T15:23:47Z
824956,671732,Lawrence Butler,ATH,TOR,1,1,projected,Braydon Fisher,Sutter Health Park,2026-09-09T19:05:00Z,4.424217631417468,1680,488,0.6247706691121195,0.6670394780293313,-0.945737132205492,Normal,0.14741308614434356,0.6188219493644223,0.46328908347593445,0.7823451269317615,0.6924465738311929,0.4913563872219653,0.3271095294611116,0.2012942897943399,0.5965869360289967,0.36788538632603596,0.23067282982371945,0.1743576574874373,0.5996213535441846,0.21961226468661832,0.04926932730183116,2026-09-09T15:23:47Z
824956,543807,George Springer,TOR,ATH,0,1,projected,Brady Basso,Sutter Health Park,2026-09-09T19:05:00Z,4.607851072440307,2930,294,0.676912310772738,0.5698884173041269,-0.16990567101555915,Normal,0.16132015478235148,0.727851162359727,0.35648916739754677,0.5371225959481343,0.7501674478724571,0.5607007509570595,0.3933377459102407,0.25647092182543135,0.6965709201279022,0.4554578076072882,0.2930370189498812,0.21094790168430355,0.7008691207874641,0.32797578486467166,0.10006107179793336,2026-09-09T15:23:47Z
824956,666126,Carlos Cortes,ATH,TOR,1,2,projected,Braydon Fisher,Sutter Health Park,2026-09-09T19:05:00Z,4.316072113540468,440,488,0.4919737414073216,0.6632840878413595,-0.06824369506322574,Normal,0.12629294715206107,0.6408040534709941,0.38692187108299747,0.6351628003510641,0.6761752816205092,0.4728145165335206,0.3100985853135482,0.18761310514041468,0.6169080913434571,0.3752933147158227,0.22592055040342193,0.1602196012265931,0.620170769467929,0.2375497059976508,0.0556213387219667,2026-09-09T15:23:47Z
824956,669701,Josh Smith,TOR,ATH,0,2,projected,Brady Basso,Sutter Health Park,2026-09-09T19:05:00Z,4.516972298088178,1844,294,0.5068195981331348,0.5451002865369443,0.02190360387084991,Normal,0.0919455849749902,0.6556145308726247,0.36996241717779543,0.6225733228597776,0.6728100062933247,0.47031204994942866,0.30878027861452956,0.1872668703906574,0.6304729033352796,0.36840551335359306,0.20539385063384263,0.13133916142278082,0.6339104742044015,0.2528768223081636,0.06321139303252214,2026-09-09T15:23:47Z
824956,680869,Zack Gelof,ATH,TOR,1,3,projected,Braydon Fisher,Sutter Health Park,2026-09-09T19:05:00Z,4.230253353204173,1317,488,0.49144705184133447,0.6554114279886788,-0.11162195017120445,Normal,0.12953495249314897,0.6004050502676395,0.31877070828686904,0.8071159773462075,0.6663364744376914,0.46152348146702693,0.29971527739314396,0.17925717452630924,0.5796470514177504,0.3489146802907342,0.21171883049025575,0.15596346124219615,0.5824764131806761,0.2025826447797469,0.04197877687751356,2026-09-09T15:23:47Z
824956,664770,Nathan Lukes,TOR,ATH,0,3,projected,Brady Basso,Sutter Health Park,2026-09-09T19:05:00Z,4.409670164917541,959,294,0.4648897695464397,0.5242339624612334,1.4294422230802213,Normal,0.09833875397525377,0.6861786270657413,0.26008414256015916,0.5035920709411689,0.68948501477394,0.4882682754046075,0.32448918904065677,0.19934626156023053,0.6585248826031496,0.39605727242175376,0.22766471223132673,0.14568324502572982,0.662310940914561,0.2818352565417184,0.07566838611909,2026-09-09T15:23:47Z
824956,643446,Jeff McNeil,ATH,TOR,1,4,projected,Braydon Fisher,Sutter Health Park,2026-09-09T19:05:00Z,4.136711072286525,2635,488,0.4496679539469838,0.642059595456808,0.4066111872813744,Normal,0.09973773902996325,0.639284888634013,0.3666404415520378,0.47180004244537327,0.6620598570643753,0.45645381712686955,0.29492499914374865,0.1753058186407306,0.615593627953932,0.3594966938434395,0.20251767760584746,0.13401055461226863,0.6188258635130766,0.23414205356058804,0.053018930035828006,2026-09-09T15:23:47Z
824956,665489,Vladimir Guerrero Jr.,TOR,ATH,0,4,projected,Brady Basso,Sutter Health Park,2026-09-09T19:05:00Z,4.320291777188329,3319,294,0.4995184021466401,0.5097108877954827,-0.02022340071884002,Normal,0.12494103015191418,0.7208146592776303,0.30221931081451214,0.4339842760842934,0.7262157793127639,0.5297429582461499,0.362064825817624,0.22912016897237894,0.6901888912772061,0.4388193838936903,0.26117431393509133,0.1742966584519652,0.6943885635767915,0.3169721493353671,0.09183262114315234,2026-09-09T15:23:47Z
824956,641680,Jonah Heim,ATH,TOR,1,5,projected,Braydon Fisher,Sutter Health Park,2026-09-09T19:05:00Z,4.020486555697824,2226,488,0.4267444285786925,0.6264905895311527,-1.0184316157710334,Normal,0.12217903257758016,0.5666777814515455,0.3758124797929609,0.5927063550683499,0.6344158931946191,0.42754977461340077,0.27016582851617094,0.15660677715011442,0.5484000631229903,0.3138922086681169,0.18518224784233211,0.13985553265906434,0.5508880815676325,0.17567595983126372,0.032372505291943784,2026-09-09T15:23:47Z
824956,672386,Alejandro Kirk,TOR,ATH,0,5,projected,Brady Basso,Sutter Health Park,2026-09-09T19:05:00Z,4.197546319479219,2120,294,0.41584156537910855,0.4898312649597309,-0.20222319538982228,Normal,0.12239482210862838,0.7019502531009785,0.3235865547479879,0.40347268981304263,0.6911298954621066,0.48881147205040903,0.3240024404036054,0.19822805708617985,0.6729990780850529,0.40632216804186405,0.23683814065592781,0.15990828148220498,0.6769625576302245,0.2957096648344528,0.08057971684504416,2026-09-09T15:23:47Z
824956,691777,Max Muncy,ATH,TOR,1,6,projected,Braydon Fisher,Sutter Health Park,2026-09-09T19:05:00Z,3.8901128425577647,490,488,0.3846953315589543,0.6175285232904071,0.602305246272596,Normal,0.1198310109604675,0.5655984709427238,0.28389991915716223,0.8030136048249653,0.6292522996455123,0.422089183391636,0.2654309700286278,0.15298118772838312,0.5474185903701244,0.3114730334052307,0.18649466273505852,0.13923231825283633,0.5498928703600067,0.17446331083165895,0.03175896546241719,2026-09-09T15:23:47Z
824956,660821,Jesús Sánchez,TOR,ATH,0,6,projected,Brady Basso,Sutter Health Park,2026-09-09T19:05:00Z,4.055449330783938,2079,294,0.40053551762088785,0.4830425631619256,-0.9285598941222493,Normal,0.09720043349097816,0.6340735390244322,0.2760423084310688,0.6593578578386861,0.6619430720145859,0.45703351403551995,0.29591430899454824,0.17640285333522376,0.6107397546825301,0.367201278186858,0.20945094780287038,0.13736524683887552,0.6139236666196872,0.23071661490210774,0.052322644846682795,2026-09-09T15:23:47Z
824956,687231,Darell Hernaiz,ATH,TOR,1,7,projected,Braydon Fisher,Sutter Health Park,2026-09-09T19:05:00Z,3.7429320897697465,489,488,0.3373411265081534,0.6046483987573669,-1.283944718851116,Normal,0.06685246705572562,0.5458600430297154,0.31591567518933195,0.5477551698310227,0.5817851266800474,0.37619174127356425,0.22838127673954597,0.1264626607540109,0.5290536951988211,0.2642080974062346,0.13284561595231256,0.085167294301468,0.531339880573732,0.16012090343796673,0.027323388730665712,2026-09-09T15:23:47Z
824956,665926,Andrés Giménez,TOR,ATH,0,7,projected,Brady Basso,Sutter Health Park,2026-09-09T19:05:00Z,3.910714285714286,2637,294,0.3802366511687268,0.4773577929778855,0.961693965995345,Normal,0.07568026570578197,0.6297710042581336,0.23409640395545914,0.534440850166969,0.6433498457636002,0.4371424958793466,0.27859511404421566,0.16313683365958637,0.6068218859924818,0.3374167725557838,0.17888129535877018,0.1097466386524656,0.6099520887211171,0.22608355864940632,0.050103473373637034,2026-09-09T15:23:47Z
824956,675961,Alika Williams,ATH,TOR,1,8,projected,Braydon Fisher,Sutter Health Park,2026-09-09T19:05:00Z,3.587150322778973,405,488,0.35882438287422525,0.6052304576678651,0.7686714440354206,Normal,0.06989261529808555,0.5481795640466307,0.23111557284438797,0.6573677212499098,0.5868012367416039,0.37987247231132354,0.2306735606668004,0.12767817003389242,0.5313183834427636,0.2906352204142214,0.1502821805313588,0.09515939501772426,0.5336115443059809,0.1602895901813055,0.026824548932346676,2026-09-09T15:23:47Z
824956,676391,Ernie Clement,TOR,ATH,0,8,projected,Brady Basso,Sutter Health Park,2026-09-09T19:05:00Z,3.7547339945897202,1837,294,0.44757424269207247,0.4851476588333791,-0.7393219438109849,Normal,0.08237049086935253,0.6665632952820457,0.19210618263851462,0.33953621459322836,0.6685727230277866,0.46278810855772884,0.3000548039553064,0.17898133645531206,0.6407103039895929,0.37380981234630867,0.20305349033719955,0.12419456640792204,0.6442404390530071,0.2580542737962164,0.0622175597462543,2026-09-09T15:23:47Z
824956,661531,Brian Serven,ATH,TOR,1,9,projected,Braydon Fisher,Sutter Health Park,2026-09-09T19:05:00Z,3.397856049004594,365,488,0.3504836052375037,0.6063089036815945,-0.6833602975759588,Normal,0.09245159384390929,0.5002176009059535,0.2374925250332778,0.6689999397985684,0.5682587422530697,0.36199161311420397,0.21628342179123708,0.11741251207729811,0.48645841751449487,0.2552065830607031,0.14289833265507498,0.10558125651448817,0.4883279657794337,0.12877044311903488,0.01825859378133319,2026-09-09T15:23:47Z
824956,664702,Myles Straw,TOR,ATH,0,9,projected,Brady Basso,Sutter Health Park,2026-09-09T19:05:00Z,3.596277278562259,1710,294,0.47048996281941613,0.4791776088796983,1.3669849407795247,Normal,0.06527627612103716,0.6045758240073262,0.25779020052149926,0.39991629543253626,0.6237322051251571,0.416209512294051,0.2604474482284466,0.14930579317809511,0.583657867355664,0.3162764303267839,0.1618875248075341,0.09651454956692888,0.5865075469094759,0.20332300231856593,0.04102935900481724,2026-09-09T15:23:47Z
