game_pk,player_id,name,team,opponent,is_home,lineup_slot,lineup_status,opposing_pitcher,venue_name,start_time_utc,expected_pa,batter_pa_seen,pitcher_pa_seen,exp_runs,form_z,form_state,prob_hr,prob_hit,prob_walk,prob_k,prob_hrr_over_0.5,prob_hrr_over_1.5,prob_hrr_over_2.5,prob_hrr_over_3.5,prob_tb_over_0.5,prob_tb_over_1.5,prob_tb_over_2.5,prob_tb_over_3.5,prob_hits_over_0.5,prob_hits_over_1.5,prob_hits_over_2.5,predicted_at_utc
822687,682928,CJ Abrams,WSH,ATL,1,1,projected,AJ Smith-Shawver,Nationals Park,2026-09-01T22:45:00Z,4.485691233458192,2730,378,0.6465318026237554,-2.857645139855153,Cold,0.15058589924040264,0.6636575932112951,0.3733983017586781,0.6750639503393662,0.7263825734255027,0.5307592842204004,0.36361004825339716,0.23097439048347684,0.6574867317719366,0.4162172205398386,0.25854655086730344,0.18346637708898342,0.6417362253435247,0.26011796602839693,0.06603171343475474,2026-09-01T19:49:56Z
822687,686948,Drake Baldwin,ATL,WSH,0,1,confirmed,Jake Irvin,Nationals Park,2026-09-01T22:45:00Z,4.676286764424013,955,2449,0.6960610535541022,0.9951760812468857,Normal,0.18764453048563895,0.7223138494506924,0.397415295590919,0.5775700134624923,0.771741096205999,0.5881552803545109,0.42063742661106235,0.28010810384585566,0.7043230175360802,0.46920080531249264,0.30271089689181213,0.21551381338946837,0.696157387575893,0.32200441636970084,0.09690788690473996,2026-09-01T19:49:56Z
822687,691781,Brady House,WSH,ATL,1,2,projected,AJ Smith-Shawver,Nationals Park,2026-09-01T22:45:00Z,4.221884269006414,561,378,0.4819366115655939,0.8942509923484177,Normal,0.09483066214661645,0.6340581503371531,0.2877303874293098,0.7268923290718472,0.6734130782433,0.4696500684753909,0.30702280910746604,0.18511435841942717,0.5829581800998068,0.341769132237587,0.20141025540408164,0.14354030508116544,0.614198253525517,0.23122492240489914,0.0528120917825077,2026-09-01T19:49:56Z
822687,660670,Ronald Acuña Jr.,ATL,WSH,0,2,confirmed,Jake Irvin,Nationals Park,2026-09-01T22:45:00Z,4.676286764424012,2276,2449,0.6603870010731655,0.3302841967344927,Normal,0.1538271232531641,0.6976152380492633,0.44818559977530403,0.6677391776335623,0.7587332990791659,0.5713233147943894,0.4036490072166656,0.2652907244915661,0.6687578304766795,0.4291794504425782,0.2695133344636229,0.1915090689055861,0.6732680157305899,0.2952511040315215,0.08323352073331913,2026-09-01T19:49:56Z
822687,665953,Andrés Chaparro,WSH,ATL,1,3,projected,AJ Smith-Shawver,Nationals Park,2026-09-01T22:45:00Z,3.989651008802165,378,378,0.4701611163931395,0.7831306808209476,Normal,0.11694498125247932,0.5959904388464012,0.3926162067062142,0.6061503979397832,0.6587893292062469,0.45299678307862246,0.2917828013851612,0.1728986113767578,0.5859173720542488,0.34336313513192823,0.20198363010932227,0.14377047711643356,0.5786452644866377,0.19810463100666595,0.03982866768349671,2026-09-01T19:49:56Z
822687,621566,Matt Olson,ATL,WSH,0,3,confirmed,Jake Irvin,Nationals Park,2026-09-01T22:45:00Z,4.575602203673189,3433,2449,0.6758128209201241,-0.9040563501358116,Normal,0.2807582308779524,0.6879865503512268,0.42201654579858605,0.6741206795016563,0.7634897128377149,0.576791098903328,0.4086055901940151,0.2691717644045703,0.7518184419054729,0.5267138093000133,0.35273011426912537,0.25251477536871614,0.6643512779589587,0.2844270784946602,0.07744200014090141,2026-09-01T19:49:56Z
822687,695734,Daylen Lile,WSH,ATL,1,4,projected,AJ Smith-Shawver,Nationals Park,2026-09-01T22:45:00Z,3.9896510088021646,927,378,0.4848819556999377,1.020564267263999,Normal,0.12754296654811548,0.6387284432902778,0.2930838124030287,0.5349030527599702,0.6897614567608149,0.48645373731007746,0.32094814029095736,0.19514574200372567,0.6275406208129651,0.38303451194158156,0.2311571370884266,0.16364426265627047,0.6185961592804413,0.23351490622257925,0.05234490880565277,2026-09-01T19:49:56Z
822687,671739,Michael Harris II,ATL,WSH,0,4,confirmed,Jake Irvin,Nationals Park,2026-09-01T22:45:00Z,4.333894859521629,2625,2449,0.5355398759874818,0.483717783704552,Normal,0.162824248180309,0.7217069454884878,0.24956971036170242,0.547025968161943,0.7465659601239477,0.5543517659439527,0.385471202352745,0.2485790032142606,0.6987920469081543,0.4607345151963522,0.2941446619858656,0.20860225850581118,0.6956214903581758,0.31809032518990404,0.09239371181631213,2026-09-01T19:49:56Z
822687,660688,Keibert Ruiz,WSH,ATL,1,5,projected,AJ Smith-Shawver,Nationals Park,2026-09-01T22:45:00Z,3.9896510088021646,2063,378,0.41109104210947034,1.3858647620560005,Normal,0.10227212288359755,0.6361831043823508,0.27168214893513587,0.38491561926377493,0.6609859424294418,0.454778006598998,0.2928963275928002,0.17342482829346825,0.5899618168939552,0.34653480597604264,0.20396232519314972,0.1450216947998992,0.6162714142282568,0.23035619967337354,0.05078750405729495,2026-09-01T19:49:56Z
822687,643289,Mauricio Dubón,ATL,WSH,0,5,confirmed,Jake Irvin,Nationals Park,2026-09-01T22:45:00Z,4.167339345477815,2112,2449,0.46100445608905577,0.640115524229617,Normal,0.07395895240746457,0.6619191782584466,0.22747044217450715,0.4227347503398065,0.6775647972605043,0.47368238082101255,0.3102768008422331,0.1874344885775875,0.5884721688256784,0.3464268286290284,0.2046122469641486,0.14569784026971874,0.640196327294279,0.25568115380171436,0.06235267681048997,2026-09-01T19:49:56Z
822687,686611,Dylan Crews,WSH,ATL,1,6,projected,AJ Smith-Shawver,Nationals Park,2026-09-01T22:45:00Z,3.989651008802165,808,378,0.4604682185295651,0.034060593950915145,Normal,0.0929335711678824,0.5908133188179154,0.3377652297912484,0.6523658706574486,0.6412820091923331,0.43426190519841257,0.27542808050619083,0.16033885169104606,0.5541003532774612,0.31444066155122125,0.18116113145404314,0.12958004387284247,0.5738349871702336,0.19304336481489723,0.03757343891424858,2026-09-01T19:49:56Z
822687,645277,Ozzie Albies,ATL,WSH,0,6,confirmed,Jake Irvin,Nationals Park,2026-09-01T22:45:00Z,4.167339345477815,2621,2449,0.5385643396501869,-0.5763628440184358,Normal,0.14839785841016803,0.6583368027188486,0.3320276030195139,0.44384759128312623,0.7013222701576679,0.5000404932935456,0.3338044268331746,0.2058119398112643,0.6446184203918314,0.40101971255319324,0.24549831546169443,0.17385463787866542,0.6368524863717004,0.25241105296239424,0.060927671860697835,2026-09-01T19:49:56Z
822687,677588,José Tena,WSH,ATL,1,7,projected,AJ Smith-Shawver,Nationals Park,2026-09-01T22:45:00Z,3.510606830736317,643,378,0.40425379387793403,-1.4736761115583465,Normal,0.0837521661768078,0.5634558627370913,0.32264931644172967,0.6382236242970099,0.5949861791297449,0.38720446501765043,0.23603384254549267,0.13123353208264588,0.5303799457370614,0.29266041061330955,0.16545031469090632,0.11889315195117767,0.5482713519554606,0.1700083094212654,0.029178414443408685,2026-09-01T19:49:56Z
822687,663586,Austin Riley,ATL,WSH,0,7,confirmed,Jake Irvin,Nationals Park,2026-09-01T22:45:00Z,4.167339345477815,2867,2449,0.4996661368274569,-0.8400952952222623,Normal,0.14286217745523966,0.638710228028961,0.29860181411355685,0.7736823285389103,0.6966434434872416,0.4945654437632434,0.3287659176348833,0.20179518228120025,0.6303359906728164,0.38640067304387704,0.23424514454164203,0.16605915034817964,0.6185809969089272,0.23445485167775013,0.053702418299530326,2026-09-01T19:49:56Z
822687,696285,Jacob Young,WSH,ATL,1,8,projected,AJ Smith-Shawver,Nationals Park,2026-09-01T22:45:00Z,3.5106068307363167,1427,378,0.4099080010627822,1.3451265186649803,Normal,0.05601777983267778,0.5644881056296417,0.30864438299687236,0.4738537383200904,0.5941778944983308,0.3863140228208244,0.2352342590772481,0.13060495469777095,0.4985128481199021,0.26714629211188706,0.14848338447093262,0.10752248655654367,0.5492537206513495,0.17051275633481516,0.0291930406640627,2026-09-01T19:49:56Z
822687,676551,Brewer Hicklen,ATL,WSH,0,8,confirmed,Jake Irvin,Nationals Park,2026-09-01T22:45:00Z,3.4917661121522072,36,2449,0.4118360372934803,0.23493397382005324,Normal,0.0845534114961768,0.5777276363456902,0.2798703089545245,0.7409335287774328,0.5925954412736344,0.3851738545912315,0.2346368558866244,0.13042772900005672,0.5404917273549225,0.3012495392326444,0.1714274835433886,0.12296323482129357,0.5616952456404999,0.18059336471587548,0.03263161806611746,2026-09-01T19:49:56Z
822687,683083,Nasim Nuñez,WSH,ATL,1,9,projected,AJ Smith-Shawver,Nationals Park,2026-09-01T22:45:00Z,3.3370319463374525,629,378,0.38949486179416326,-1.5186195384473402,Normal,0.05131742864090533,0.5151611237560701,0.30465835682245673,0.4904439721425175,0.5621468730705675,0.3558412976982179,0.21100276897806672,0.1135378413449866,0.4474038581746916,0.228235376263037,0.12330196214263818,0.0906389384125162,0.5027702960558517,0.13628613653257024,0.019515068242649803,2026-09-01T19:49:56Z
822687,673490,Ha-Seong Kim,ATL,WSH,0,9,confirmed,Jake Irvin,Nationals Park,2026-09-01T22:45:00Z,3.491766112152208,1967,2449,0.4112434202890918,-2.483625052913448,Cold,0.07240986641456129,0.5385887641111022,0.307489428800234,0.5097967506289769,0.6012314030595799,0.39355518749062923,0.24135515118512033,0.1351748661855688,0.492478991401632,0.26302364210890433,0.14603250356202463,0.1059078216768191,0.5247738607888373,0.15384308661808574,0.025029096520722546,2026-09-01T19:49:56Z
822854,607043,Brandon Nimmo,TEX,ATH,1,1,projected,Brady Basso,Globe Life Field,2026-09-02T00:05:00Z,4.553010374338149,3235,272,0.5485335910927548,-1.2683446738148343,Normal,0.1059739738983859,0.68365937630882,0.34308482977504934,0.6310624474088107,0.6986102911771694,0.4988473475472853,0.33423200406332815,0.2073328228549636,0.6357895710384592,0.39404480880608167,0.24135722501791387,0.17144887238584916,0.6603293903806613,0.2799853114597839,0.07525611927135402,2026-09-01T19:49:56Z
822854,671732,Lawrence Butler,ATH,TEX,0,1,projected,MacKenzie Gore,Globe Life Field,2026-09-02T00:05:00Z,4.5358266267643605,1650,2946,0.6007763562306678,1.5341284547517091,Normal,0.12421901940369647,0.6540309442699702,0.4097906205706261,0.7750659158431981,0.6938232623189787,0.4939394318195816,0.33007510618245123,0.20421604017268988,0.6260455906175889,0.3847218412828628,0.23438888460515356,0.1666197474967346,0.6327309754275136,0.2521867486741576,0.06319574254985098,2026-09-01T19:49:56Z
822854,608369,Corey Seager,TEX,ATH,1,2,projected,Brady Basso,Globe Life Field,2026-09-02T00:05:00Z,4.451623202226689,2508,272,0.5503442585019899,-0.0625133372350318,Normal,0.1592659243616786,0.681596820964569,0.34891569654903004,0.6059385730481306,0.724581969329599,0.5281899247307748,0.36086249504547896,0.22847563929538206,0.6662590895845547,0.4251054300754295,0.2653719529295623,0.1882050352499086,0.6584382388866934,0.27683715306010603,0.07308316145815752,2026-09-01T19:49:56Z
822854,666126,Carlos Cortes,ATH,TEX,0,2,projected,MacKenzie Gore,Globe Life Field,2026-09-02T00:05:00Z,4.236952857110552,426,2946,0.43845817475965077,-2.106100607498207,Cold,0.09617545559138942,0.6537045485201901,0.3202165182203249,0.6309141049271789,0.6587862204079308,0.45492946512482285,0.29484653681098755,0.17624638203442264,0.6053808238568408,0.36352330338059397,0.21780790871966707,0.15492160375763347,0.632477991288445,0.2501787956017342,0.06131216166365068,2026-09-01T19:49:56Z
822854,694671,Wyatt Langford,TEX,ATH,1,3,projected,Brady Basso,Globe Life Field,2026-09-02T00:05:00Z,4.310797911824278,1503,272,0.5685034689004445,0.9665314930752889,Normal,0.13599693509973235,0.6802641357288063,0.44562006417867117,0.5746832039565706,0.7116212788594989,0.5121732584805835,0.345236696761769,0.21522441674806134,0.6544517060651945,0.41163332013693865,0.25408058553900864,0.17999102581484616,0.6572299901850029,0.2740414502972969,0.0707793501434893,2026-09-01T19:49:56Z
822854,680869,Zack Gelof,ATH,TEX,0,3,projected,MacKenzie Gore,Globe Life Field,2026-09-02T00:05:00Z,4.236952857110553,1282,2946,0.5104555426449524,-0.38763386948433737,Normal,0.1413981209321825,0.6298091873434372,0.3348395142199164,0.8053326319839536,0.673502128544294,0.47070616811973154,0.3085337599848312,0.18666040379635263,0.6223291655000619,0.3800190106364451,0.23010478737385748,0.16334907651013014,0.6101622115265971,0.22892147035711216,0.05248343775210426,2026-09-01T19:49:56Z
822854,592626,Joc Pederson,TEX,ATH,1,4,projected,Brady Basso,Globe Life Field,2026-09-02T00:05:00Z,3.8881193463549883,2021,272,0.4301040755989728,-1.4687477674055516,Normal,0.14467377919398686,0.5906596219354626,0.3592037146199141,0.6188505678004673,0.6508893426098032,0.444235751292577,0.2838978636260407,0.16666174853701762,0.5990445307371854,0.35492304580755124,0.21002016558677175,0.14912632081327581,0.5736774182816289,0.193123784488351,0.03765611142547588,2026-09-01T19:49:56Z
822854,643446,Jeff McNeil,ATH,TEX,0,4,projected,MacKenzie Gore,Globe Life Field,2026-09-02T00:05:00Z,4.236952857110552,2599,2946,0.41965572282204655,0.7299019195232181,Normal,0.07684336758087686,0.670479153841025,0.307445902567848,0.4911709881125334,0.6659956813339646,0.46185642041234515,0.30033369826629547,0.18006517217951484,0.5996388428437897,0.35737030614714976,0.21286755526926354,0.15141060010334137,0.6481231109843949,0.2647560010154904,0.06674150460299684,2026-09-01T19:49:56Z
822854,553869,Elias Díaz,TEX,ATH,1,5,projected,Brady Basso,Globe Life Field,2026-09-02T00:05:00Z,3.8881193463549883,1730,272,0.3653327059386725,-0.3712110700703287,Normal,0.10370528862392614,0.6426647242016894,0.24692302048558712,0.5562768578574908,0.6444307770503127,0.4373096135482134,0.2778557358804492,0.16203153584366783,0.5994459934190904,0.3549793768897099,0.20989491170602842,0.14899660505635942,0.6223354785445036,0.23544976115809496,0.05236608068390968,2026-09-01T19:49:56Z
822854,641680,Jonah Heim,ATH,TEX,0,5,projected,MacKenzie Gore,Globe Life Field,2026-09-02T00:05:00Z,4.1090575190354315,2199,2946,0.3879146380702106,-0.350674962633039,Normal,0.09726920676790841,0.597808942150129,0.3092953075156517,0.6165705903512247,0.633214313140211,0.427365527679375,0.27056031456455226,0.15739100240154363,0.5595911429057657,0.3203943874909095,0.18591983097889275,0.13293756650923624,0.5803149917904639,0.20038890973080423,0.04108004848489242,2026-09-01T19:49:56Z
822854,669394,Jake Burger,TEX,ATH,1,6,projected,Brady Basso,Globe Life Field,2026-09-02T00:05:00Z,3.8881193463549883,2201,272,0.4624694822223269,0.8814679186645228,Normal,0.17724927219373177,0.6531886666039181,0.27499141140266614,0.6110454722735452,0.6955805324073361,0.4917335120016045,0.32484499711700654,0.1976071363998294,0.6635808702863307,0.4187561481033897,0.2579984064440128,0.18199235106594353,0.6321418349445872,0.2446460276833018,0.055738428608186376,2026-09-01T19:49:56Z
822854,691777,Max Muncy,ATH,TEX,0,6,projected,MacKenzie Gore,Globe Life Field,2026-09-02T00:05:00Z,3.953741243509112,467,2946,0.40443836156646706,-0.374499269928903,Normal,0.1250926393177919,0.5966142646902349,0.30690067752434175,0.8030296690029317,0.6316097473028963,0.42512722513121187,0.26826043413270084,0.1553834760061327,0.585448524319694,0.3428448317974192,0.20156413191495842,0.1434755189494151,0.5792367554864181,0.19845912792192186,0.03988046332919499,2026-09-01T19:49:56Z
822854,681351,Logan O'Hoppe,TEX,ATH,1,7,projected,Brady Basso,Globe Life Field,2026-09-02T00:05:00Z,3.791938962623975,1457,272,0.3811571603071449,-1.3190165673072083,Normal,0.1260562707092768,0.6167055795382697,0.24312592311838704,0.6130873209419748,0.644566987132257,0.4367680559422847,0.27694217745230904,0.16103711433309162,0.5905695706075619,0.3460472092103184,0.20308076325414667,0.14428547795146102,0.5981465655045216,0.21227021737526008,0.04334005922363567,2026-09-01T19:49:56Z
822854,687231,Darell Hernaiz,ATH,TEX,0,7,projected,MacKenzie Gore,Globe Life Field,2026-09-02T00:05:00Z,3.794689067819524,487,2946,0.35424882663156865,-1.0458844692310965,Normal,0.07405310221310187,0.5817569166806752,0.3309375187960642,0.5414891750693219,0.5743171022020206,0.3698870111563948,0.22363633398676155,0.12337714227003914,0.5223373437298924,0.2877986363466107,0.16292670973456,0.11730200996738019,0.565339487507597,0.1860949804177249,0.03534592066388973,2026-09-01T19:49:56Z
822854,677649,Ezequiel Duran,TEX,ATH,1,8,projected,Brady Basso,Globe Life Field,2026-09-02T00:05:00Z,3.562324644628799,1666,272,0.42446035543672933,0.5604969197603049,Normal,0.09157489966542352,0.6409786142727588,0.2538292772838516,0.5316103969714463,0.6469757144812739,0.4379696502116437,0.27712433509599826,0.16061391707998082,0.5915891081979141,0.34572062410393867,0.2022453201550686,0.14359101057384524,0.6208980710782428,0.2307388918373498,0.0488537827879957,2026-09-01T19:49:56Z
822854,661531,Brian Serven,ATH,TEX,0,8,projected,MacKenzie Gore,Globe Life Field,2026-09-02T00:05:00Z,3.558216348201086,353,2946,0.365724972567259,-0.4441641831900213,Normal,0.10833943844478662,0.546940156341844,0.24786349296201482,0.6863219205964688,0.5794157135042022,0.3734760764899125,0.22578302690743812,0.12445167975454072,0.5350345398302031,0.2971636541969864,0.16882164506838582,0.12122075044420325,0.5326471333942856,0.1596999798546334,0.026810635062782837,2026-09-01T19:49:56Z
822854,670032,Nicky Lopez,TEX,ATH,1,9,projected,Brady Basso,Globe Life Field,2026-09-02T00:05:00Z,3.3572003859871353,1444,272,0.34440366675068573,-1.9764430774080284,Normal,0.042404098606711724,0.548004753747908,0.2245347066108209,0.4332383363620627,0.5415431333964308,0.33803933381809426,0.1978352507401004,0.10485651737464102,0.4653052755753271,0.24117885931593416,0.13143883617531527,0.09610286804372228,0.5338286519156686,0.157308455722839,0.024808088249250355,2026-09-01T19:49:56Z
822854,675961,Alika Williams,ATH,TEX,0,9,projected,MacKenzie Gore,Globe Life Field,2026-09-02T00:05:00Z,3.163240078005241,377,2946,0.35786487436523196,-0.22872365248741175,Normal,0.06293817910161387,0.5299965575452779,0.21276922495854214,0.616389715307331,0.5349978042473369,0.33169399164446595,0.19279160531874484,0.10133424624114548,0.4902903814056236,0.25902216699307545,0.1425705095371512,0.10358431745992223,0.5168970122944867,0.14442211723333953,0.021231768431990795,2026-09-01T19:49:56Z
822929,650490,Yandy Díaz,TB,NYM,1,1,confirmed,Sean Manaea,Tropicana Field,2026-09-01T22:40:00Z,4.526741602324248,3019,2708,0.5964661479984066,-0.5217819844062832,Normal,0.1411768127966044,0.726873601767405,0.38709564674880315,0.5350770888117313,0.7399788793502108,0.5472729250247385,0.3794927615139571,0.24426902738282724,0.6793957974355069,0.4400299694519102,0.27782142386789815,0.197228765681014,0.7003886966590395,0.3256749217752525,0.09775334092323316,2026-09-01T19:49:56Z
822929,543760,Marcus Semien,NYM,TB,0,1,projected,Freddy Peralta,Tropicana Field,2026-09-01T22:40:00Z,4.787487472322435,3195,3068,0.5990550689275607,0.6195072521893703,Normal,0.13393225738709924,0.6404728821257968,0.3353486118645343,0.721615630388065,0.6978176964818102,0.4989602471773356,0.3351133411088241,0.208630739809161,0.618936128534496,0.3782849576952182,0.2298663061018287,0.16362370247926442,0.6200671433269324,0.24077755308694196,0.059084500811715436,2026-09-01T19:49:56Z
822929,668723,Ryan Vilade,TB,NYM,1,2,confirmed,Sean Manaea,Tropicana Field,2026-09-01T22:40:00Z,4.046503440740908,289,2708,0.5152527778333225,-0.032305926023496974,Normal,0.16017402415121962,0.6214768730574033,0.3127191708919999,0.6654820201295287,0.674924475173975,0.4707524329875824,0.30761893154517733,0.18529949958271602,0.6272494890203854,0.38335974122572103,0.23190230728383276,0.16439018500317534,0.6024736518731959,0.21967560666551347,0.04799351058887617,2026-09-01T19:49:56Z
822929,596019,Francisco Lindor,NYM,TB,0,2,projected,Freddy Peralta,Tropicana Field,2026-09-01T22:40:00Z,4.70337716439211,3167,3068,0.6450413818261467,-0.8506251555851857,Normal,0.16995765656326667,0.6585769965792166,0.3969419240836259,0.7221344356124804,0.728635471839631,0.534311857728213,0.36772634863195974,0.23498748544124023,0.660059107528375,0.4198971032310606,0.26210263515106647,0.18625605143104154,0.6369722816307992,0.25675873363770974,0.06554729164148312,2026-09-01T19:49:56Z
822929,691406,Junior Caminero,TB,NYM,1,3,confirmed,Sean Manaea,Tropicana Field,2026-09-01T22:40:00Z,4.046503440740907,1467,2708,0.558455313877016,1.2951458340205417,Normal,0.23991799781447581,0.6502223917040026,0.33212864240371714,0.5640436991956044,0.724467702359805,0.5276004215382859,0.3594790787181862,0.2264606216646768,0.6998482805979324,0.46179684676627825,0.2944027766702933,0.2082425406115495,0.6292229548482199,0.2456585315156724,0.057970842796631485,2026-09-01T19:49:56Z
822929,665742,Juan Soto,NYM,TB,0,3,projected,Freddy Peralta,Tropicana Field,2026-09-01T22:40:00Z,4.591212883422011,3172,3068,0.6706432039244966,-0.23749154922178112,Normal,0.2197645839771524,0.6445956316105779,0.6316593597148208,0.5882707057805695,0.7369569473981668,0.5437819434167499,0.3763294966695983,0.24179947801693355,0.6841412733725062,0.445523318427499,0.28251154474709844,0.20069598563334662,0.6239623428521481,0.24309030787005226,0.05925125654454786,2026-09-01T19:49:56Z
822929,676356,Jonny DeLuca,TB,NYM,1,4,confirmed,Sean Manaea,Tropicana Field,2026-09-01T22:40:00Z,3.909883095869831,765,2708,0.39318129572862776,-0.2773345746876088,Normal,0.10568253745805332,0.6309905096776781,0.2491397493805129,0.5926423273110388,0.6490698795265111,0.44244451900249004,0.2824342361008385,0.16560555942755348,0.5977961629256161,0.35383789065068905,0.20926575973093936,0.14862073841365336,0.6114201509635626,0.22594184280244964,0.049148896841825676,2026-09-01T19:49:56Z
822929,666182,Bo Bichette,NYM,TB,0,4,projected,Freddy Peralta,Tropicana Field,2026-09-01T22:40:00Z,4.484528489600528,2851,3068,0.43263576198623627,-0.02264950756889026,Normal,0.10915006290729554,0.6815416567922638,0.26297319588222584,0.6989479481324563,0.7038938616675123,0.5043819937208587,0.33895900701681747,0.21088010619775424,0.6310070323134993,0.3887775573856584,0.2370644723549297,0.16837718777321337,0.658383821000362,0.2771360586451301,0.07350826227487788,2026-09-01T19:49:56Z
822929,622761,Jorge Mateo,TB,NYM,1,5,confirmed,Sean Manaea,Tropicana Field,2026-09-01T22:40:00Z,3.9098830958698314,1345,2708,0.46512300170895227,-1.014452634192731,Normal,0.10272650079215155,0.58596529194758,0.26833441215706777,0.7079183300541175,0.641896551461827,0.4347419362064091,0.2757342427626963,0.16049547232468356,0.5698986068199553,0.32810161705980895,0.19066148643961914,0.13597884063046461,0.5692935255047687,0.1891448800967304,0.036207276138817954,2026-09-01T19:49:56Z
822929,666624,Christopher Morel,NYM,TB,0,5,projected,Freddy Peralta,Tropicana Field,2026-09-01T22:40:00Z,4.121886051117686,1864,3068,0.39367046331518074,-0.7560376215522006,Normal,0.12176639750609895,0.5588526199612537,0.3064646254687499,0.8808872588268746,0.6343381906875172,0.42852988078202925,0.2715566992442459,0.15814556303538838,0.5594500032596313,0.32030763383233357,0.18587886406357462,0.13291548225724595,0.5436906740501729,0.17137565791543974,0.031683014344831804,2026-09-01T19:49:56Z
822929,802415,Chandler Simpson,TB,NYM,1,6,confirmed,Sean Manaea,Tropicana Field,2026-09-01T22:40:00Z,3.909883095869831,966,2708,0.3813050579515405,1.1587128981123922,Normal,0.04961991969816091,0.6675293339958964,0.20523330981203322,0.4104288061345288,0.6521770085535373,0.44533500172019,0.2846234562023143,0.1670409083206611,0.5635504934032476,0.32253482772433684,0.1867102836144105,0.13328067514828915,0.6454602558035115,0.25826145060943584,0.061335598624603485,2026-09-01T19:49:56Z
822929,668901,Mark Vientos,NYM,TB,0,6,projected,Freddy Peralta,Tropicana Field,2026-09-01T22:40:00Z,4.036262205928563,1450,3068,0.38649909943503774,-1.512247474649462,Normal,0.1502487357090604,0.579397188670637,0.24198582024280071,0.7899024933864306,0.6496903925344548,0.44370803820463106,0.28399470707449587,0.16715198848150328,0.5936275428360429,0.35063116205678646,0.20734256405485446,0.14745747781613108,0.5630570051255624,0.18568256821654844,0.035878583377441986,2026-09-01T19:49:56Z
822929,663743,Nick Fortes,TB,NYM,1,7,confirmed,Sean Manaea,Tropicana Field,2026-09-01T22:40:00Z,3.5342267208903393,1431,2708,0.3609048374852526,-0.8518387760099325,Normal,0.08496057043561225,0.5634994614151875,0.26216339970533314,0.45169931796379537,0.5852772386675577,0.3783589519062325,0.22921584069885134,0.12656071926382859,0.5219668163679052,0.2859662628818902,0.16101959918431943,0.11592690652195438,0.5482971429945341,0.17027978285327458,0.029336024544512087,2026-09-01T19:49:56Z
822929,683146,Brett Baty,NYM,TB,0,7,projected,Freddy Peralta,Tropicana Field,2026-09-01T22:40:00Z,3.794707820290375,1447,3068,0.3917765268626494,-0.04566721486950213,Normal,0.10168419649812821,0.5597589751045304,0.2978674466704822,0.7214244303425041,0.6046146153995936,0.39812115507584517,0.24585443869788587,0.1389317254646719,0.5317869394997252,0.2955511879991349,0.16817282101727318,0.1208336651637999,0.5446408447106664,0.1701506297696228,0.030446793074462675,2026-09-01T19:49:56Z
822929,683748,Victor Mesa Jr.,TB,NYM,1,8,confirmed,Sean Manaea,Tropicana Field,2026-09-01T22:40:00Z,3.4835690715318024,217,2708,0.3936287914504927,-0.6216344748727565,Normal,0.11830891839007271,0.5343920258674929,0.28250348115029433,0.5935261891397777,0.6102097853750922,0.4012297446963513,0.2468887958618313,0.13868182591793532,0.5394065847907707,0.2997569030376642,0.17008252057728745,0.12197520397595339,0.5208743548004516,0.14993467373740574,0.023492825268283588,2026-09-01T19:49:56Z
822929,682626,Francisco Alvarez,NYM,TB,0,8,projected,Freddy Peralta,Tropicana Field,2026-09-01T22:40:00Z,3.748779125237634,1411,3068,0.3889542541874118,-3.065549859392991,Cold,0.12614295957280247,0.5426352681994342,0.3287410888001206,0.8123975344444754,0.6126743781257092,0.4055340445887078,0.2516162195610037,0.14291556773837,0.5479284439764247,0.3087877513575704,0.1771152966009737,0.1268473033691397,0.5285144441689633,0.15796992758720646,0.026780609409726753,2026-09-01T19:49:56Z
822929,670764,Taylor Walls,TB,NYM,1,9,confirmed,Sean Manaea,Tropicana Field,2026-09-01T22:40:00Z,3.456666907021122,1781,2708,0.4229521549860733,-0.32497401642706775,Normal,0.05592113142252893,0.49286226293122465,0.2956049072613779,0.6699670905955252,0.55093035547263,0.3467346299014837,0.20462339568808685,0.10956405194884812,0.4507063364185378,0.2311478051785984,0.12532335058209212,0.09198884421027233,0.4815326058859554,0.12421717388366325,0.017101265375874367,2026-09-01T19:49:56Z
822929,620443,Luis Torrens,NYM,TB,0,9,projected,Freddy Peralta,Tropicana Field,2026-09-01T22:40:00Z,3.274965239275846,854,3068,0.3386893823448089,0.6462338199368481,Normal,0.08029021683862171,0.5031857244765127,0.22942196368307763,0.6233549625199176,0.5478973211085505,0.343534453065814,0.20196174485906912,0.10764430413185973,0.4788677476735777,0.25121709804030823,0.13786906367408328,0.10043979259360371,0.491398153036271,0.12943974643830541,0.018145584823056102,2026-09-01T19:49:56Z
823340,687462,Spencer Horwitz,PIT,SF,1,1,confirmed,Logan Webb,PNC Park,2026-09-01T22:40:00Z,4.348509842595876,1218,3945,0.5438568855895882,-2.2564502814343075,Cold,0.09241209881286964,0.6725574470478162,0.4013256664399323,0.5189505866422763,0.6799306158422885,0.4775136433057733,0.31455600869625866,0.1914032456096719,0.6126836764891145,0.37050303565827125,0.22300013213351205,0.15850654364325298,0.6500264311850049,0.26792695406975914,0.06890909228222603,2026-09-01T19:49:56Z
823340,808982,Jung Hoo Lee,SF,PIT,0,1,projected,Paul Skenes,PNC Park,2026-09-01T22:40:00Z,4.687799412348086,1286,1844,0.5585165955233768,0.4679216530799641,Normal,0.07918324765166654,0.6836112026439964,0.3254942889358927,0.5338106209645824,0.679850609212443,0.4787778752682389,0.31671496453550085,0.19387669133594898,0.6194937320586528,0.3785584510806885,0.22990105551530343,0.16358016439824474,0.6602542514598626,0.28121085465722345,0.07664527254513852,2026-09-01T19:49:56Z
823340,664040,Brandon Lowe,PIT,SF,1,2,confirmed,Logan Webb,PNC Park,2026-09-01T22:40:00Z,4.348509842595876,2248,3945,0.5444045573844003,-1.5304497916874995,Normal,0.14493183057202977,0.6640116009783497,0.3220234709930836,0.7678482828067315,0.7112008701015614,0.5121551727797743,0.3455718620706179,0.2157571971744532,0.6470381542538024,0.4044171077969529,0.24871659157870768,0.176333429556594,0.6421002581619996,0.25910847515645313,0.06471095695377457,2026-09-01T19:49:56Z
823340,646240,Rafael Devers,SF,PIT,0,2,projected,Paul Skenes,PNC Park,2026-09-01T22:40:00Z,4.667778139928343,3191,1844,0.5674596964749178,1.8202657451214945,Normal,0.15997642342934282,0.656025052688154,0.41262575386928707,0.7744367502342165,0.7179663265718961,0.5215828199078159,0.3556178658677467,0.22492979138583521,0.6573856319773935,0.41692866775029597,0.2596450132463704,0.1844707413568774,0.6345987445076428,0.2541752409906424,0.06428864702898189,2026-09-01T19:49:56Z
823340,668804,Bryan Reynolds,PIT,SF,1,3,confirmed,Logan Webb,PNC Park,2026-09-01T22:40:00Z,4.341009871742434,3202,3945,0.41252168617170476,-0.2333052108042522,Normal,0.08523772162495852,0.6600667681873985,0.32947653118769554,0.6736126781746342,0.6772833527868193,0.4739458844538917,0.3109375424255291,0.18827042623082055,0.6033943558518033,0.3609339114623943,0.21554784138420965,0.1532878715703384,0.6384473764392612,0.25491567173798935,0.06267314848749993,2026-09-01T19:49:56Z
823340,805811,Bryce Eldridge,SF,PIT,0,3,projected,Paul Skenes,PNC Park,2026-09-01T22:40:00Z,4.453960149244305,416,1844,0.44680965124140287,1.4183447039360544,Normal,0.11039068542565585,0.6217852429734494,0.4380129844590681,0.8297812277305248,0.6657122460047167,0.4624414462733831,0.30152872300367006,0.18150370658517756,0.5899814118036717,0.3492615015191977,0.20743617774441747,0.14784717105619233,0.6026776260382031,0.22236574477215354,0.05046760045414983,2026-09-01T19:49:56Z
823340,693304,Nick Gonzales,PIT,SF,1,4,confirmed,Logan Webb,PNC Park,2026-09-01T22:40:00Z,4.183841825723722,1456,3945,0.3845325090726223,0.14585513437584074,Normal,0.05920521970681575,0.6823976743063421,0.23247733600414833,0.5414599845245178,0.6704905599848382,0.4657326176681098,0.30305042675794097,0.1816699919199321,0.5936149248696546,0.35083112007395917,0.20761020773085856,0.14768111350613372,0.6592362883658056,0.2747578482330769,0.07008162772646956,2026-09-01T19:49:56Z
823340,678545,Osleivis Basabe,SF,PIT,0,4,projected,Paul Skenes,PNC Park,2026-09-01T22:40:00Z,4.096239906183291,192,1844,0.33892684428617925,-0.9119846365103824,Normal,0.07486149982331201,0.5798591412938195,0.23520383006241846,0.7238768483361672,0.6059865871022306,0.4008921250911556,0.2490269341791162,0.14184373350658253,0.5290108131821886,0.2946184936114158,0.16814861643042694,0.1209138204530486,0.5634433698540802,0.18697181287517772,0.036730018056524094,2026-09-01T19:49:56Z
823340,665833,Oneil Cruz,PIT,SF,1,5,confirmed,Logan Webb,PNC Park,2026-09-01T22:40:00Z,4.118685091569911,1873,3945,0.4326053445450741,0.8571311476991497,Normal,0.12054147292749805,0.6320372433394623,0.34136055133394066,0.7907927936324012,0.6726576371257346,0.4675944113553499,0.3043253261754718,0.1823849542733232,0.6121224468373645,0.3678406782347741,0.2198463409400928,0.15596663828125015,0.612384157714039,0.22752417796467478,0.0502768268778026,2026-09-01T19:49:56Z
823340,687551,Drew Gilbert,SF,PIT,0,5,projected,Paul Skenes,PNC Park,2026-09-01T22:40:00Z,3.8137069585234813,452,1844,0.36949029484150153,0.4917972446249101,Normal,0.0811168496740876,0.5479180619118826,0.3477600851894782,0.6101663093890272,0.5849564803312212,0.38020075707715706,0.232002456922565,0.12939836090607942,0.5169361512255408,0.2839367135635841,0.16054074598003765,0.11571409184967568,0.5334271734192634,0.16277433013119988,0.028609414959339004,2026-09-01T19:49:56Z
823340,699013,Esmerlyn Valdez,PIT,SF,1,6,confirmed,Logan Webb,PNC Park,2026-09-01T22:40:00Z,3.971376094893958,259,3945,0.4348007608985522,-0.5588469522824862,Normal,0.12016530709668909,0.60734606263604,0.38714822812851185,0.8382171008583803,0.6803439453602725,0.47516053022259575,0.3103689949842797,0.18657730195720193,0.5942367690712332,0.35021935762393214,0.20650393277203508,0.14672214269342637,0.5893379413750477,0.2058874641944626,0.04180642364551721,2026-09-01T19:49:56Z
823340,687529,Grant McCray,SF,PIT,0,6,projected,Paul Skenes,PNC Park,2026-09-01T22:40:00Z,3.8026147540549684,218,1844,0.3358049170105137,-1.6456858584732257,Normal,0.08319093855466304,0.5241204415740668,0.27862931400607854,0.8940042416598659,0.5539457212850587,0.35183405650115485,0.20993724814828948,0.11409050897914803,0.5020837433897937,0.2718063526371311,0.15232960376615698,0.1101736555942478,0.5109624999282212,0.14660984493980103,0.023913723598424166,2026-09-01T19:49:56Z
823340,694378,Jacob Gonzalez,PIT,SF,1,7,confirmed,Logan Webb,PNC Park,2026-09-01T22:40:00Z,3.4961021304398208,193,3945,0.34715926435490113,-1.8253132122312945,Normal,0.08355401234396337,0.5749648633169772,0.2181355522677892,0.4756960420150986,0.5862889710160791,0.37903069577805837,0.22959236371287542,0.12673261847006348,0.5341198706910603,0.29563602153968754,0.1674181318798865,0.12020988703637435,0.559112798073745,0.17805050553670576,0.03146176986002242,2026-09-01T19:49:56Z
823340,694376,Shay Whitcomb,SF,PIT,0,7,projected,Paul Skenes,PNC Park,2026-09-01T22:40:00Z,3.2814004452423373,130,1844,0.2755797349566425,-2.510925036855785,Cold,0.06881756230414698,0.48138280357570373,0.18278528787327938,0.7551041450320579,0.49325595130135547,0.2986193702596884,0.16988703023761698,0.08714592425051208,0.4527696150578828,0.23274703055173984,0.12643311269677468,0.09276723062642267,0.47060811907094,0.11798426686993159,0.015960969581931685,2026-09-01T19:49:56Z
823340,669707,Jared Triolo,PIT,SF,1,8,confirmed,Logan Webb,PNC Park,2026-09-01T22:40:00Z,3.496102130439821,1356,3945,0.3366943068895079,1.3857648644444496,Normal,0.05150822517620116,0.5609549974147332,0.2541263905753472,0.5324510998435543,0.5549788513964574,0.35083753686281716,0.20801178678736493,0.11201978354998013,0.48729085275458583,0.25854324620315156,0.14289418499503972,0.10377469353214928,0.5459235315729783,0.16805753542393453,0.02848485617835349,2026-09-01T19:49:56Z
823340,668800,Andrew Knizner,SF,PIT,0,8,projected,Paul Skenes,PNC Park,2026-09-01T22:40:00Z,3.2814004452423378,746,1844,0.29699357022167033,1.2720652159091659,Normal,0.05640349008012525,0.4901004994429088,0.2070457540328997,0.6159113044855984,0.504929362260486,0.3080338270348886,0.17650806808811637,0.09131262460575233,0.44065904322893323,0.2241320233734063,0.12102242997800537,0.08910706313450724,0.47890390087252666,0.1227902553057522,0.016936115004987623,2026-09-01T19:49:56Z
823340,680779,Henry Davis,PIT,SF,1,9,confirmed,Logan Webb,PNC Park,2026-09-01T22:40:00Z,3.462386801477778,926,3945,0.34163277546190324,-0.7234101836471151,Normal,0.06563761489955879,0.4893386988185803,0.24989936198889,0.6264634954389956,0.5151350168760507,0.31637306278061256,0.18240572589956378,0.09503292006702252,0.4508746613277606,0.23129312424007342,0.12542343032544037,0.09205580696674037,0.4781790877578782,0.12226154238244108,0.016678810778542514,2026-09-01T19:49:56Z
823340,683766,Christian Koss,SF,PIT,0,9,projected,Paul Skenes,PNC Park,2026-09-01T22:40:00Z,3.2814004452423373,325,1844,0.32847926057393756,-1.589791987333976,Normal,0.050024401552456355,0.5071762543353884,0.18218728524284936,0.7042935836332507,0.5143547173681141,0.31526609843447734,0.181387160653292,0.09425705333998655,0.44946422633319455,0.22989440985100817,0.12444254144436871,0.09142315468670294,0.4951814381706132,0.13186390712768276,0.018730103042461074,2026-09-01T19:49:56Z
823661,807712,Luke Keaschall,MIN,DET,1,1,confirmed,Troy Melton,Target Field,2026-09-01T23:40:00Z,4.421570598477615,724,563,0.5535341547287101,1.1992643324134538,Normal,0.08774670978653293,0.6592114496224017,0.3876928330769633,0.5405913036374186,0.683923749886381,0.4820863461572874,0.3187883500716071,0.19484372861778343,0.597855458705444,0.3565777879310897,0.2127739520929339,0.1514986939286531,0.6376028293542133,0.2555923281724151,0.06382519593737063,2026-09-01T19:49:56Z
823661,805808,Kevin McGonigle,DET,MIN,0,1,projected,Andrew Morris,Target Field,2026-09-01T23:40:00Z,4.835998667469614,601,275,0.679399053112653,-1.3214710774754916,Normal,0.11806917091068385,0.7107492553592041,0.4945097757793934,0.5295114893390748,0.7351421363201066,0.5426783922176828,0.3761672593834381,0.2423743219043189,0.6581632742210491,0.4184645827068602,0.26131231585126646,0.1858357429571429,0.6854406889461389,0.31020107970162025,0.09149474542593336,2026-09-01T19:49:56Z
823661,686797,Brooks Lee,MIN,DET,1,2,confirmed,Troy Melton,Target Field,2026-09-01T23:40:00Z,4.268757094955302,1245,563,0.4695474807407345,0.4315355044290753,Normal,0.15283846911836774,0.6334951887828761,0.2893139945321192,0.4702462022178677,0.6730140957206099,0.46935793971320716,0.30688148244367397,0.18509738234005688,0.6268994110621721,0.3837222022408524,0.23258479888125777,0.16501259202772675,0.6136669801265711,0.23096789377872065,0.05287953726477312,2026-09-01T19:49:56Z
823661,650402,Gleyber Torres,DET,MIN,0,2,projected,Andrew Morris,Target Field,2026-09-01T23:40:00Z,4.63976976778107,2892,275,0.5340278240633295,-0.026747707543929553,Normal,0.10095370132396222,0.6812332895903992,0.3757527172078231,0.6314620364578888,0.7091845703063953,0.5113042224396612,0.34598083990963674,0.21702516084725315,0.6176533204964848,0.3764255542368295,0.22811777986155757,0.1622927184219396,0.6580612333268082,0.278275349941409,0.07495576756792126,2026-09-01T19:49:56Z
823661,665019,Kody Clemens,MIN,DET,1,3,confirmed,Troy Melton,Target Field,2026-09-01T23:40:00Z,4.049484574174334,1271,563,0.48625180013920166,0.03277572992382386,Normal,0.1722290706576134,0.5924088952665119,0.3026181093675993,0.5699920181865256,0.6688583118708461,0.46380912071419944,0.30121644684618837,0.18013006534639206,0.6295316325970338,0.38513434677514663,0.23294044926091204,0.1649939412964535,0.5752731798548344,0.19557242929823063,0.039091453793114496,2026-09-01T19:49:56Z
823661,595879,Javier Báez,DET,MIN,0,3,projected,Andrew Morris,Target Field,2026-09-01T23:40:00Z,4.355788281351956,2029,275,0.44704482388244193,-0.339299644023785,Normal,0.07972900972848142,0.6601232646238043,0.2062739358371639,0.6724748601479378,0.6731758407387811,0.47012085540812454,0.307997457034369,0.1862950012088611,0.5965069403822457,0.3550310698128854,0.21148510715076366,0.15056801888690666,0.6384652828705598,0.2559695768480558,0.06368583738920613,2026-09-01T19:49:56Z
823661,680777,Ryan Jeffers,MIN,DET,1,4,confirmed,Troy Melton,Target Field,2026-09-01T23:40:00Z,4.049484574174334,1800,563,0.4181440919337976,-0.739498084687247,Normal,0.10407783467007806,0.6001616161874164,0.35265801238088135,0.5891447874240655,0.6497338265854682,0.44351996162517776,0.283632349850098,0.16671706868570083,0.5741815152979183,0.3326524910447552,0.19424315260945604,0.1384870508071909,0.5825593424857688,0.20123024526469893,0.04075871469736298,2026-09-01T19:49:56Z
823661,679529,Spencer Torkelson,DET,MIN,0,4,projected,Andrew Morris,Target Field,2026-09-01T23:40:00Z,4.352551013096006,2646,275,0.4502697455609744,-0.826423218505514,Normal,0.11080943722924995,0.6225164984379166,0.3576207036299898,0.7884444612235397,0.6679806871894187,0.46430340661813424,0.3027475829652021,0.18214416147606421,0.5968424618000356,0.35510669605706136,0.21143365077283435,0.15051184645617374,0.6033939078813494,0.22212422948078606,0.04988926939270346,2026-09-01T19:49:56Z
823661,605137,Josh Bell,MIN,DET,1,5,confirmed,Troy Melton,Target Field,2026-09-01T23:40:00Z,4.049484574174335,2945,563,0.4373566502469281,0.5815972514192951,Normal,0.1343808800467116,0.6184977675813682,0.37036706352928506,0.48999074167371454,0.6566796437320047,0.4504821734890537,0.28938752346218144,0.17091304545682523,0.6052278126782299,0.3610090331442822,0.21463234915774212,0.1523319239806646,0.5997425892866344,0.2157034641321721,0.04564238725040116,2026-09-01T19:49:56Z
823661,690993,Colt Keith,DET,MIN,0,5,projected,Andrew Morris,Target Field,2026-09-01T23:40:00Z,3.976830420839453,1413,275,0.4435090753946393,-0.8224202194071926,Normal,0.09661935588611194,0.6418595868936916,0.31868640059096714,0.5745000805441997,0.6580558203351133,0.45246818259013105,0.2914859741329515,0.17278247532296204,0.5922725323727566,0.34944228847127057,0.20649063461506,0.14686558833424052,0.6215245707675631,0.23659946531788442,0.05398375177492718,2026-09-01T19:49:56Z
823661,663616,Trevor Larnach,MIN,DET,1,6,confirmed,Troy Melton,Target Field,2026-09-01T23:40:00Z,3.8723924830620047,1767,563,0.4544288288202495,-0.9394834139796501,Normal,0.12786929936247185,0.5965043444936177,0.3663829437923959,0.49683672429002695,0.6454734361407094,0.43812634187486577,0.2783705697767831,0.16229276938628096,0.5892173858371536,0.3452476559001319,0.2027237591108348,0.14409635371217566,0.5791989461314664,0.19682004830389607,0.03846004430365159,2026-09-01T19:49:56Z
823661,656716,Zach McKinstry,DET,MIN,0,6,projected,Andrew Morris,Target Field,2026-09-01T23:40:00Z,3.9489559151090625,1925,275,0.4184002644866867,-0.8866035981499059,Normal,0.07790706748671951,0.5965223615875835,0.3459661184806537,0.5362080650392745,0.6136336293067586,0.407384627856778,0.2537033313520245,0.1448101240317976,0.5602585855025909,0.3203125086271641,0.18554064924622923,0.1326087883170072,0.5791558917322686,0.1983159711539987,0.03982333635612699,2026-09-01T19:49:56Z
823661,668904,Royce Lewis,MIN,DET,1,7,confirmed,Troy Melton,Target Field,2026-09-01T23:40:00Z,3.8723924830620047,1430,563,0.3817667847912183,-0.4089309021036834,Normal,0.11118851312237854,0.5875701230309563,0.23393103827491757,0.6391911274280956,0.6427312570754049,0.43520088044318006,0.27584177902837353,0.16037772922090524,0.5664807800204337,0.32470605076759,0.18808118083308664,0.13419275782527515,0.5708274166744604,0.18978245335235722,0.03611169399882463,2026-09-01T19:49:56Z
823661,693307,Dillon Dingler,DET,MIN,0,7,projected,Andrew Morris,Target Field,2026-09-01T23:40:00Z,3.948955915109063,1092,275,0.4013397004567628,-2.412202252850742,Cold,0.09950347872868581,0.6275363301407065,0.2512911578395474,0.67203506615912,0.6602729008254543,0.4543564278252848,0.29280173386402886,0.17356401638803742,0.5894239466991068,0.34638478778878984,0.20406297001948456,0.14516250733844152,0.6081852643850703,0.2234898872972248,0.048632538867828666,2026-09-01T19:49:56Z
823661,701785,Kaelen Culpepper,MIN,DET,1,8,confirmed,Troy Melton,Target Field,2026-09-01T23:40:00Z,3.7323119860854965,78,563,0.4091597516952482,0.8490562174205192,Normal,0.10036365481125946,0.5924345255055115,0.25259005798294903,0.5990061041369561,0.6593800302010119,0.45164062989811643,0.28922039966384794,0.1699656625547471,0.5607179262045315,0.3190388615750941,0.1838302238154722,0.1312742961916014,0.5754422643411501,0.19250207986362947,0.03651838992967405,2026-09-01T19:49:56Z
823661,703601,Max Clark,DET,MIN,0,8,projected,Andrew Morris,Target Field,2026-09-01T23:40:00Z,3.85042891690398,108,275,0.4453274181714729,-0.539006988726179,Normal,0.09705982359674827,0.614791734379095,0.29524852484814407,0.5731812273583126,0.6375972459261052,0.43052043709585813,0.2723493205825353,0.15812706525902695,0.5808488470196292,0.33804944519321084,0.19784620554150248,0.14089870565764268,0.5963113317841917,0.21205234955849053,0.0441452877530884,2026-09-01T19:49:56Z
823661,805805,Walker Jenkins,MIN,DET,1,9,confirmed,Troy Melton,Target Field,2026-09-01T23:40:00Z,3.3965413648321214,14,563,0.43747887306713534,,Unknown,0.11134471350326146,0.5525211894275334,0.3064915009410761,0.4537583374787004,0.6597138911787321,0.4496197177771104,0.28590644925252395,0.16640896129606358,0.5455073675611181,0.3040366098714721,0.17263131610527915,0.1236389460554947,0.5380663265325323,0.160738191998529,0.025881110404664148,2026-09-01T19:49:56Z
823661,701678,Hao-Yu Lee,DET,MIN,0,9,projected,Andrew Morris,Target Field,2026-09-01T23:40:00Z,3.227328667846192,264,275,0.36447319604506095,-0.22428059803682668,Normal,0.07644338614331872,0.5661136718040976,0.19971355566203342,0.5459768858481292,0.6043575540321975,0.39411142736816135,0.24034950629123494,0.13354970804430613,0.5216329731266722,0.28388515504821094,0.15895378960943451,0.11453016095060574,0.5509462069984136,0.16910532956859656,0.02792273900507556,2026-09-01T19:49:56Z
823908,660271,Shohei Ohtani,LAD,STL,1,1,projected,Michael McGreevy,UNIQLO Field at Dodger Stadium,2026-09-02T02:10:00Z,4.596761851808421,3306,1072,0.7753591099809337,-1.2987765636059652,Normal,0.2974884223088661,0.736422247047156,0.38515560482549677,0.6089492142577163,0.7949724300128019,0.6186809903646291,0.4517135247118004,0.30735941628743063,0.7879930842895055,0.5758205890716301,0.39907490779783217,0.2885022213912394,0.7092231206052441,0.3370507464741229,0.10429066962647911,2026-09-01T19:49:56Z
823908,671056,Iván Herrera,STL,LAD,0,1,projected,Eric Lauer,UNIQLO Field at Dodger Stadium,2026-09-02T02:10:00Z,4.693316343588286,1390,1749,0.646558611030852,-0.5998038031839441,Normal,0.1452995463197242,0.6748298186507359,0.47208956911060695,0.629049659620786,0.7107535948847534,0.5134740942859765,0.3482495212461214,0.21905236187332225,0.6448927224240437,0.4041526670972121,0.24968524081687365,0.17746280786096894,0.6520901956584869,0.2725293419348822,0.07263884407062401,2026-09-01T19:49:56Z
823908,605141,Mookie Betts,LAD,STL,1,2,projected,Michael McGreevy,UNIQLO Field at Dodger Stadium,2026-09-02T02:10:00Z,4.478585607204657,2935,1072,0.5676923995280243,0.7289395839242971,Normal,0.14407988814408976,0.6900212358600171,0.29167532947213426,0.41816395216084623,0.7330558595576359,0.5384200377343304,0.37064980512607976,0.2366272403885043,0.6659196482433455,0.42487336216964505,0.2652771573947399,0.18817911449641478,0.6662576427274066,0.2854981061939252,0.07723960221266866,2026-09-01T19:49:56Z
823908,676475,Alec Burleson,STL,LAD,0,2,projected,Eric Lauer,UNIQLO Field at Dodger Stadium,2026-09-02T02:10:00Z,4.455737954514605,2119,1749,0.49757990438143224,0.15646722511234604,Normal,0.12764838031283,0.6800500710655046,0.29798501123207694,0.5811685183068956,0.7033051079274905,0.5040629913098033,0.33887105661977734,0.2109292948167272,0.6403599803649581,0.39855980655291934,0.24473945494327334,0.17375627561034448,0.6569716754516022,0.2761769366188124,0.07325762102948859,2026-09-01T19:49:56Z
823908,669242,Tommy Edman,LAD,STL,1,3,projected,Michael McGreevy,UNIQLO Field at Dodger Stadium,2026-09-02T02:10:00Z,4.225350011961273,1919,1072,0.5376024747031074,-0.4551972744651679,Normal,0.11927700840888952,0.676218320549915,0.31105986333483776,0.47881704984839474,0.6997467336597999,0.49827142311764716,0.33223525461126713,0.20460363189533387,0.6383682228047558,0.39467278859416044,0.24064067041046783,0.1704959616958088,0.6534810748148856,0.26944138732634654,0.06824539979597655,2026-09-01T19:49:56Z
823908,669357,Nolan Gorman,STL,LAD,0,3,projected,Eric Lauer,UNIQLO Field at Dodger Stadium,2026-09-02T02:10:00Z,4.321863850279173,1834,1749,0.4583075421780917,-2.391206413268861,Cold,0.15241068032106894,0.5772824776138681,0.347208017321714,0.8594595040652565,0.651773203814825,0.44741597795649773,0.2882598213650169,0.17116178882693445,0.5919902030137594,0.3507141374723679,0.20825718583040037,0.14832983118924073,0.5609653892456083,0.18631761526460816,0.03720327126467064,2026-09-01T19:49:56Z
823908,663656,Kyle Tucker,LAD,STL,1,4,projected,Michael McGreevy,UNIQLO Field at Dodger Stadium,2026-09-02T02:10:00Z,4.22006662577511,2750,1072,0.5401787327147174,-0.5889939626723256,Normal,0.15880415227233824,0.666946758896899,0.4027355616643177,0.42879886508029336,0.7156348618231877,0.5161736942076933,0.34839808041442716,0.21734816101417878,0.662108579886045,0.4189967452570869,0.2594259462126057,0.18355090501166113,0.6448795580479549,0.260092540518823,0.06396848005625871,2026-09-01T19:49:56Z
823908,691023,Jordan Walker,STL,LAD,0,4,projected,Eric Lauer,UNIQLO Field at Dodger Stadium,2026-09-02T02:10:00Z,4.321863850279174,1616,1749,0.49559707997480423,0.7590851040162605,Normal,0.16332605806721573,0.6684219714012719,0.301472353110646,0.691303919763291,0.6998719806847032,0.49916844690795953,0.33365632907166803,0.20620607229169233,0.6594859644339396,0.41736528012821944,0.25885954041057563,0.18344870870500973,0.6462072693018572,0.26321060346207287,0.06644250200165068,2026-09-01T19:49:56Z
823908,518692,Freddie Freeman,LAD,STL,1,5,projected,Michael McGreevy,UNIQLO Field at Dodger Stadium,2026-09-02T02:10:00Z,4.195398201357685,3281,1072,0.5493399060361682,0.14264985926556342,Normal,0.1267607939507788,0.739655463087263,0.33704427577300344,0.4307510752162878,0.7476862485987864,0.5543259746325675,0.3842285940630062,0.24654241907774377,0.6937647512508786,0.45340632050283974,0.2869704243894257,0.20293924241761763,0.7122131525533512,0.33584776115029813,0.09956714096431855,2026-09-01T19:49:56Z
823908,701675,Nathan Church,STL,LAD,0,5,projected,Eric Lauer,UNIQLO Field at Dodger Stadium,2026-09-02T02:10:00Z,4.025161491739892,449,1749,0.39765111285774246,1.645077250004279,Normal,0.09458000166479041,0.5914201232170535,0.24711028848093106,0.5743822314352499,0.6195855321330029,0.4136392945890302,0.2590825077262807,0.14888740656169142,0.5514537752218285,0.3131282179046879,0.1807175991633345,0.12937995656645598,0.5743342390908225,0.19506428610147125,0.03905907452454925,2026-09-01T19:49:56Z
823908,669257,Will Smith,LAD,STL,1,6,projected,Michael McGreevy,UNIQLO Field at Dodger Stadium,2026-09-02T02:10:00Z,4.049852202839761,2318,1072,0.46097465468393495,0.12006567441801518,Normal,0.11265231257943592,0.6333946377957543,0.3515844657331206,0.49541376788497554,0.6735784659161744,0.4681672349424593,0.3045100289988404,0.18228927551399993,0.6001273738433444,0.3560287674351294,0.21091507483886757,0.14978723192304683,0.6136738670337408,0.2280284592558858,0.05005339879218373,2026-09-01T19:49:56Z
823908,602104,Ramón Urías,STL,LAD,0,6,projected,Eric Lauer,UNIQLO Field at Dodger Stadium,2026-09-02T02:10:00Z,3.9224807557508643,1620,1749,0.42240359970573543,-0.5563936399701988,Normal,0.13102916312686927,0.6000971526371269,0.30313152812448396,0.6076364469962627,0.6325012872597978,0.4259332921270688,0.26886778766797914,0.15578401668591835,0.5911483781967846,0.3479880414203948,0.2052284372160205,0.14595319356797085,0.5825077652894185,0.20105698175122824,0.04068379231269321,2026-09-01T19:49:56Z
823908,606192,Teoscar Hernández,LAD,STL,1,7,projected,Michael McGreevy,UNIQLO Field at Dodger Stadium,2026-09-02T02:10:00Z,3.935525345145884,2805,1072,0.422060154794832,-0.845858603977893,Normal,0.12218122589099212,0.6349728094353585,0.2121733758896216,0.6678494666805772,0.6769182641272777,0.4712090524853301,0.3067435393429027,0.18368066684400514,0.6121280994143745,0.36683942946005194,0.21853247353871302,0.15487825708446668,0.6151767647462869,0.2285103614078549,0.049687922813902705,2026-09-01T19:49:56Z
823908,686780,Pedro Pagés,STL,LAD,0,7,projected,Eric Lauer,UNIQLO Field at Dodger Stadium,2026-09-02T02:10:00Z,3.770603162494094,806,1749,0.36965187981412423,-0.18519532364515018,Normal,0.12034045562795545,0.5784336789354261,0.2353041028408519,0.6894544035081823,0.6057933197996913,0.39916968120586505,0.2466449138767901,0.13946007328110077,0.5628792527386124,0.32191439805778743,0.1863320655088745,0.13307116978140712,0.5622224126620815,0.18350416102161055,0.03447260589325392,2026-09-01T19:49:56Z
823908,571970,Max Muncy,LAD,STL,1,8,projected,Michael McGreevy,UNIQLO Field at Dodger Stadium,2026-09-02T02:10:00Z,3.794536379592117,2299,1072,0.5769968926951045,-0.4330237718553236,Normal,0.1974969035348478,0.591329294200263,0.43273049285282755,0.5561458526216189,0.6816795164298058,0.47567464424494976,0.31014875085349963,0.18592402584838824,0.6444010745391329,0.39799888451060916,0.2415173390981269,0.170484202525496,0.5743855214389055,0.19206932438451382,0.03658643055564152,2026-09-01T19:49:56Z
823908,665877,José Fermín,STL,LAD,0,8,projected,Eric Lauer,UNIQLO Field at Dodger Stadium,2026-09-02T02:10:00Z,3.362329001198046,519,1749,0.33419040415754725,-0.7971233997869046,Normal,0.08612305032521393,0.532526422631036,0.290747039234691,0.40705710748855317,0.5436273286469787,0.34066395563176416,0.2003242115454739,0.10687405338464226,0.5043666510978031,0.27145124398447523,0.15127077937213473,0.1094286742626986,0.5191281862044397,0.14863412909806406,0.02328570129284933,2026-09-01T19:49:56Z
823908,500743,Miguel Rojas,LAD,STL,1,9,projected,Michael McGreevy,UNIQLO Field at Dodger Stadium,2026-09-02T02:10:00Z,3.275005037266099,1792,1072,0.34796602791715003,0.4184397217980985,Normal,0.057667794852254324,0.5660183361171812,0.18950984337692434,0.3263074481356951,0.5803535847332348,0.3716917605430085,0.22274801613586123,0.12127548721252243,0.5007576413262368,0.2672388900136189,0.14789716032553335,0.10710720137885964,0.5508669150214758,0.16861736025771093,0.027419481776052846,2026-09-01T19:49:56Z
823908,687363,Victor Scott II,STL,LAD,0,9,projected,Eric Lauer,UNIQLO Field at Dodger Stadium,2026-09-02T02:10:00Z,3.3623290011980456,803,1749,0.36695551012622485,0.4835528946200759,Normal,0.060584193758188104,0.48454213764442616,0.2805037681611444,0.6077829172011809,0.5235544352598052,0.3234308432369635,0.1875680582010919,0.09842865459588718,0.4425486620585721,0.22546177950315277,0.12184356386518297,0.08965998226977355,0.4736141722429405,0.11967886573794526,0.016228064279838948,2026-09-01T19:49:56Z
823984,687263,Zach Neto,LAA,NYY,1,1,projected,Gerrit Cole,Angel Stadium,2026-09-02T01:38:00Z,4.4703709980666115,2083,2410,0.5313131649720995,1.1560151805289223,Normal,0.12782466467061604,0.6380551977620093,0.30808461441010765,0.8257238365869863,0.6893245455929008,0.4881899745149992,0.32437008992377453,0.19932754468486932,0.6222355399796261,0.3802085772192288,0.23056461572827835,0.1638436054309101,0.6178721788812994,0.23661042432047372,0.0561364814768505,2026-09-01T19:49:56Z
823984,663757,Trent Grisham,NYY,LAA,0,1,projected,Grayson Rodriguez,Angel Stadium,2026-09-02T01:38:00Z,4.560797019105789,2348,1330,0.6270247318218038,-1.6704333794769766,Normal,0.1640833529976586,0.6088311532870747,0.49630091843665725,0.697639046340013,0.6835542996654216,0.48256787676228413,0.31986952848771355,0.19617113627039484,0.62578567971589,0.38448460331573636,0.23423123918381897,0.1665232905312728,0.5904977468266858,0.21281185875408243,0.04746158542994274,2026-09-01T19:49:56Z
823984,545361,Mike Trout,LAA,NYY,1,2,projected,Gerrit Cole,Angel Stadium,2026-09-02T01:38:00Z,4.435104054612455,2080,2410,0.55404088777619,0.21656617996084707,Normal,0.16378626738710467,0.6237571933856217,0.4306144421572798,0.8013124128111919,0.7051459907914107,0.5055431252896139,0.3397893837057183,0.21135426551435055,0.6338842823518144,0.39137543844530376,0.23886759727499707,0.16955549129122327,0.6045392992196784,0.2236011931416404,0.05070905288596761,2026-09-01T19:49:56Z
823984,671218,Heliot Ramos,NYY,LAA,0,2,projected,Grayson Rodriguez,Angel Stadium,2026-09-02T01:38:00Z,4.560797019105789,1675,1330,0.48011389372198243,-1.6294797436801745,Normal,0.10835273295501499,0.6708301241936044,0.30738008978552933,0.7895552412754091,0.6895950305198663,0.4889542262456325,0.3254109945440067,0.20041669615231064,0.622454863729587,0.38090678336786443,0.23136999312936216,0.16449779590970234,0.6483924585935747,0.26767672730981273,0.06981215596540638,2026-09-01T19:49:56Z
823984,518595,Travis d'Arnaud,LAA,NYY,1,3,projected,Gerrit Cole,Angel Stadium,2026-09-02T01:38:00Z,4.095248885616231,1356,2410,0.4141118429360949,-1.2096348623920232,Normal,0.1076517918961643,0.5936059627200694,0.27263846543041537,0.7775962438348655,0.64039851722683,0.4343964768667016,0.27625776195126833,0.16146336947487283,0.5716283848675564,0.3307920027522698,0.1931416748136933,0.1377986752499179,0.5763846430022179,0.19674809659130207,0.03960550999581319,2026-09-01T19:49:56Z
823984,671277,Luis García Jr.,NYY,LAA,0,3,projected,Grayson Rodriguez,Angel Stadium,2026-09-02T01:38:00Z,4.356458017195296,2388,1330,0.5197718337503285,1.367478737513818,Normal,0.14661270780802468,0.704871532841087,0.26252781662437297,0.5754498730403277,0.717919390785234,0.5202866396475594,0.3533646965673282,0.22225428603274702,0.6759958673177785,0.43556667912413016,0.2736868728116309,0.1940401351446541,0.680023711566628,0.30050298824868166,0.084015984629601,2026-09-01T19:49:56Z
823984,666139,Josh Lowe,LAA,NYY,1,4,projected,Gerrit Cole,Angel Stadium,2026-09-02T01:38:00Z,4.0369267462803675,1813,2410,0.4307121548060463,-0.4052170352503612,Normal,0.11680035914981579,0.5838754512490648,0.2879756488121758,0.7932724346753495,0.633849630963323,0.42730221957093445,0.26999857900664603,0.156603888521977,0.5749352509296047,0.3332563497119027,0.19464289225945858,0.13875298633826294,0.5672832537660103,0.18856026037113105,0.03650886933092926,2026-09-01T19:49:56Z
823984,642708,Amed Rosario,NYY,LAA,0,4,projected,Grayson Rodriguez,Angel Stadium,2026-09-02T01:38:00Z,4.264509937562124,1972,1330,0.45391332474996,-0.14443238612331283,Normal,0.08735946007961444,0.6832278759092125,0.22700220199580637,0.6931408083368947,0.6818260561947175,0.47888448490406915,0.31528433945801315,0.1916236289413069,0.6197666277996354,0.3766909800965088,0.22729116083901887,0.16137006751648186,0.6599749277871788,0.2772096494777981,0.07234800939271094,2026-09-01T19:49:56Z
823984,624428,Adam Frazier,LAA,NYY,1,5,projected,Gerrit Cole,Angel Stadium,2026-09-02T01:38:00Z,3.8531248507032743,1937,2410,0.39658912848628564,0.854808777491882,Normal,0.07601394847125599,0.5763620915779081,0.2905835448940778,0.6299903433017464,0.5996636213484439,0.39323786844282116,0.24180894345993015,0.1359472370797369,0.5259045701910422,0.29052298531909737,0.16465212433605136,0.1184307527667233,0.5602777546774693,0.18178478128903625,0.03375618697272046,2026-09-01T19:49:56Z
823984,641355,Cody Bellinger,NYY,LAA,0,5,projected,Grayson Rodriguez,Angel Stadium,2026-09-02T01:38:00Z,4.264509937562125,2807,1330,0.5602547610122781,0.38759311465834073,Normal,0.12872124421445139,0.6613935234119545,0.3694313748987245,0.5838902104958467,0.7095455637223297,0.5098516139784708,0.3431317721356645,0.2135483795986572,0.6347775760251348,0.39149740429958824,0.2384783767124697,0.16909987530548315,0.6396815639536465,0.2559996493278143,0.06296614404924258,2026-09-01T19:49:56Z
823984,687093,Vaughn Grissom,LAA,NYY,1,6,projected,Gerrit Cole,Angel Stadium,2026-09-02T01:38:00Z,3.853124850703274,722,2410,0.3661162089685177,-0.018717164938331997,Normal,0.07765444204023368,0.594335967134587,0.23939898518990704,0.6298314281755144,0.6135034133024156,0.4063791537624906,0.25224920167345277,0.14329683499443777,0.5400858376819235,0.3021624525106687,0.17249615787714911,0.1236888951942227,0.5771617460889888,0.19514957744381806,0.037874727939965255,2026-09-01T19:49:56Z
823984,502671,Paul Goldschmidt,NYY,LAA,0,6,projected,Grayson Rodriguez,Angel Stadium,2026-09-02T01:38:00Z,4.20928963902249,2877,1330,0.45540138267972924,-0.9716328588152084,Normal,0.1263522715991942,0.6556724749366594,0.28374520525614505,0.7260250185920551,0.6917976408309471,0.48937662537789567,0.3242652837917597,0.19837274095721927,0.6262748832063315,0.38258980786938707,0.23147210556653164,0.16417634273395937,0.6343792611358433,0.25003661536786065,0.06012263887763382,2026-09-01T19:49:56Z
823984,642350,Jose Siri,LAA,NYY,1,7,projected,Gerrit Cole,Angel Stadium,2026-09-02T01:38:00Z,3.633558427247019,1361,2410,0.4027841025942229,-1.2490813085234673,Normal,0.11278279863647231,0.5231617565771332,0.22371833487023715,0.8459180842695108,0.6077305356105297,0.39983800800209907,0.2463837914954578,0.1387188324044958,0.5290789787170185,0.2921318248567992,0.16530651528392867,0.11881291487090488,0.5101703251533154,0.14402590686041192,0.022417660891634796,2026-09-01T19:49:56Z
823984,665862,Jazz Chisholm Jr.,NYY,LAA,0,7,projected,Grayson Rodriguez,Angel Stadium,2026-09-02T01:38:00Z,4.0674635428429315,2279,1330,0.5061473694283037,1.9442471766985034,Normal,0.16514938936268073,0.6242596496627698,0.350797914718864,0.764837654147047,0.6937385970585522,0.49088539994557606,0.3251067463187261,0.19863920449889144,0.6342585935548184,0.38985295739650216,0.23657762950950179,0.16755599188567435,0.6051075446572728,0.22133121061474603,0.04827539795325533,2026-09-01T19:49:56Z
823984,672724,Oswald Peraza,LAA,NYY,1,8,projected,Gerrit Cole,Angel Stadium,2026-09-02T01:38:00Z,3.432900749818471,863,2410,0.29676428262670407,-0.8395045361496063,Normal,0.06297798960268951,0.5055888260878801,0.2146070436710815,0.768058442319837,0.5377895782063032,0.3354953953328155,0.19635700570041886,0.10413433660402963,0.4608441973239665,0.23852239941920533,0.12998194594883414,0.09511846963864667,0.49361194514428325,0.13175792783791174,0.018880378486472237,2026-09-01T19:49:56Z
823984,676609,José Caballero,NYY,LAA,0,8,projected,Grayson Rodriguez,Angel Stadium,2026-09-02T01:38:00Z,3.6524423843782214,1540,1330,0.3871957204464906,0.6697420472440399,Normal,0.07679858155105056,0.5643194720542387,0.27680179436885416,0.6988370255657509,0.5997849694456563,0.392821214008777,0.24119600318741824,0.13535344936523339,0.5181217974543095,0.28375303510290845,0.1599556273822351,0.1152822546514486,0.5489969512220301,0.17232516033795026,0.03067752671019129,2026-09-01T19:49:56Z
823984,623168,Tyler Heineman,LAA,NYY,1,9,projected,Gerrit Cole,Angel Stadium,2026-09-02T01:38:00Z,3.18094998595449,580,2410,0.33670465268017974,-0.6389074392715307,Normal,0.05999423489106464,0.4793874213647562,0.2521995737934505,0.4745392125035331,0.5194666551702757,0.3183025321864582,0.18283467737674444,0.09470681226454584,0.43988732421907045,0.2221137059602991,0.11921236748606547,0.08790762500055042,0.46887243504122145,0.11432949771671798,0.014188239324007978,2026-09-01T19:49:56Z
823984,669224,Austin Wells,NYY,LAA,0,9,projected,Grayson Rodriguez,Angel Stadium,2026-09-02T01:38:00Z,3.5604332886582175,1266,1330,0.41489683428874724,-0.5954941596666439,Normal,0.12362163402019943,0.5388396837842363,0.3193566788029355,0.6730196304403143,0.6116914875833673,0.4034991022702265,0.24930698458710457,0.14083179470573542,0.5486265209734308,0.3083407841149679,0.17636556823373495,0.12628662578709993,0.5250159123910708,0.15402683527615738,0.025169339592487475,2026-09-01T19:49:56Z
824070,695600,Carter Jensen,KC,MIA,1,1,confirmed,Tyler Phillips,Kauffman Stadium,2026-09-01T23:40:00Z,4.4092787304200325,582,929,0.6097641300998601,0.34316679999152716,Normal,0.13447811308771512,0.6281767620165075,0.4748041807623667,0.6829424553922735,0.6966909403024633,0.49618145996332425,0.33139729028067966,0.2047477022617252,0.6192004095102973,0.37699082947340035,0.2279879611057398,0.16200452334836385,0.6086565316313635,0.22764312237590467,0.05236878726158651,2026-09-01T19:49:56Z
824070,665923,Esteury Ruiz,MIA,KC,0,1,projected,Randy Dobnak,Kauffman Stadium,2026-09-01T23:40:00Z,4.434069115192826,825,286,0.5324070509477502,-1.093255528098289,Normal,0.07128483112536112,0.6313147769274863,0.42618165158862953,0.6742331749007969,0.6580193947064849,0.45489331108604136,0.29536420836286426,0.17704127397884598,0.5681642453765532,0.329947309469278,0.19368576207988042,0.13845883880178317,0.6115464189721687,0.23142008154199334,0.05441945284180718,2026-09-01T19:49:56Z
824070,677951,Bobby Witt Jr.,KC,MIA,1,2,confirmed,Tyler Phillips,Kauffman Stadium,2026-09-01T23:40:00Z,4.4092787304200325,3252,929,0.589350685973084,-0.19226607118463224,Normal,0.12373258945602589,0.7155262320554564,0.28504124497822564,0.538200215026078,0.7417675495603907,0.548758500832914,0.3803179120267447,0.24446435660767885,0.680169355978423,0.44010395628720744,0.2773578109785157,0.19666259111657788,0.6898963577471958,0.3118516799607811,0.08962608426242846,2026-09-01T19:49:56Z
824070,805300,Jakob Marsee,MIA,KC,0,2,projected,Randy Dobnak,Kauffman Stadium,2026-09-01T23:40:00Z,4.434069115192825,760,286,0.5592332648387344,0.4593491082189342,Normal,0.0856872917424211,0.6370870520675939,0.46471079408590393,0.5328345555871643,0.6624766376742438,0.4595159915613687,0.299258554703062,0.17992236949056364,0.5914447504387448,0.3510694763094358,0.20892067713546456,0.14887945689472645,0.6169354674101473,0.23630556752800516,0.05615902036009838,2026-09-01T19:49:56Z
824070,695506,Jac Caglianone,KC,MIA,1,3,confirmed,Tyler Phillips,Kauffman Stadium,2026-09-01T23:40:00Z,4.172802312894856,724,929,0.48380461695358623,2.0761209710765973,Hot,0.1457171070850425,0.6498838247082167,0.30290058668367154,0.5980465829455273,0.691757571283578,0.4891171890910049,0.3238245360936195,0.1978447871370111,0.638647397980123,0.39472287352354013,0.24052981654092984,0.17035755599092556,0.6289907595318465,0.24435297979060078,0.05746057591379459,2026-09-01T19:49:56Z
824070,672640,Otto Lopez,MIA,KC,0,3,projected,Randy Dobnak,Kauffman Stadium,2026-09-01T23:40:00Z,4.434069115192825,1624,286,0.47733399454864267,-0.7368049087019173,Normal,0.0682344074451041,0.6893017523852706,0.28396678627329935,0.43945470105449497,0.691882969672253,0.4909000570455162,0.32669875840468743,0.2010816818493179,0.6047941521456409,0.363168067629075,0.21767408036600877,0.15488627759523385,0.6655776039531932,0.2849299908141529,0.07698329127461928,2026-09-01T19:49:56Z
824070,521692,Salvador Perez,KC,MIA,1,4,confirmed,Tyler Phillips,Kauffman Stadium,2026-09-01T23:40:00Z,4.172802312894856,2888,929,0.37378908797244914,0.28914817381991326,Normal,0.13198315129400115,0.6459317025382986,0.22927345953639314,0.5578381168026336,0.6728567015542017,0.46824096845343044,0.30520678523141515,0.18329491110571564,0.6214014034836361,0.37729205892155476,0.22715251347663837,0.16106653283526545,0.6253213516339317,0.24040826991292555,0.05565832270386091,2026-09-01T19:49:56Z
824070,682663,Agustín Ramírez,MIA,KC,0,4,projected,Randy Dobnak,Kauffman Stadium,2026-09-01T23:40:00Z,4.3809607786219456,777,286,0.47044616030488895,-0.08423928705169038,Normal,0.08435039687758031,0.6255895570498365,0.3557324129469591,0.5761061723021895,0.665504817284599,0.46177690812775,0.30063407608798487,0.18058908919034466,0.5783384254040626,0.33815936574562716,0.199152758560435,0.14211139671873418,0.606261773464043,0.22490644291585662,0.05106335311994469,2026-09-01T19:49:56Z
824070,686469,Vinnie Pasquantino,KC,MIA,1,5,confirmed,Tyler Phillips,Kauffman Stadium,2026-09-01T23:40:00Z,4.147679061430019,2191,929,0.43579089112520203,1.6799629353578855,Normal,0.12093025996215917,0.6446006880162692,0.3788740926098731,0.430867665213286,0.6799892734370493,0.47563328187294285,0.31146148309387556,0.18794420104388515,0.6156693201420169,0.3713977834705105,0.2225761441574078,0.15787076794342,0.624098758580177,0.23873253540174327,0.05472328972224533,2026-09-01T19:49:56Z
824070,669065,Kyle Stowers,MIA,KC,0,5,projected,Randy Dobnak,Kauffman Stadium,2026-09-01T23:40:00Z,4.139865925407186,1222,286,0.45760575604056075,0.07134870843235133,Normal,0.13249084925527418,0.6425419832071946,0.3554580306532715,0.6935683090362028,0.6805094205816047,0.4768562887802354,0.31302072732481073,0.1895025636841795,0.631994255525199,0.3881429866882915,0.23557299546198054,0.16695187540467074,0.6221425165519145,0.23794705155095686,0.05503293554371239,2026-09-01T19:49:56Z
824070,679845,Nick Loftin,KC,MIA,1,6,confirmed,Tyler Phillips,Kauffman Stadium,2026-09-01T23:40:00Z,3.6891809867743524,783,929,0.3658133132118336,-0.03630960618294711,Normal,0.06568333815825783,0.5657432860214013,0.3058988356813103,0.44497089498576026,0.5814965643374738,0.37567847229997453,0.22760980728001678,0.12575811134651987,0.5208420066993963,0.2858109140579025,0.16122094618138072,0.116087615946515,0.5503381403666268,0.17311319530314842,0.03066359090390951,2026-09-01T19:49:56Z
824070,681715,Heriberto Hernández,MIA,KC,0,6,projected,Randy Dobnak,Kauffman Stadium,2026-09-01T23:40:00Z,3.9569995607461594,691,286,0.42942192329834006,0.5649444625913005,Normal,0.11685985764065444,0.5923151178429189,0.378317491025719,0.658090959750103,0.6568295266299992,0.45086970728878134,0.2899051418109846,0.17144460590975033,0.5750031705178432,0.3334034622785286,0.1948083900549034,0.13888794334600435,0.5752032500048777,0.19513461014196165,0.038774223931205644,2026-09-01T19:49:56Z
824070,668942,Josh Rojas,KC,MIA,1,7,confirmed,Tyler Phillips,Kauffman Stadium,2026-09-01T23:40:00Z,3.689180986774352,1641,929,0.37492246873779245,0.35430780028497877,Normal,0.06874960559458931,0.5594608044446796,0.31905835811951544,0.511124511373923,0.5887527069107532,0.382179477790157,0.2325570967143388,0.1291090544113567,0.5076042153382818,0.2750462757777962,0.15398537591003977,0.11122816937027404,0.5444384105700348,0.16838080355973417,0.029155607697618467,2026-09-01T19:49:56Z
824070,665052,Griffin Conine,MIA,KC,0,7,projected,Randy Dobnak,Kauffman Stadium,2026-09-01T23:40:00Z,3.6812494992388296,406,286,0.464776268431375,-0.6430371103839526,Normal,0.1348864051033662,0.5992738705648322,0.3451798926914756,0.6379696196490423,0.6662012238084556,0.4595216958429627,0.29651040707154963,0.1758500321864991,0.5956101035240833,0.351053841564611,0.20693071302911675,0.1469827928679534,0.5818102916187571,0.1988717706288486,0.03921604934019947,2026-09-01T19:49:56Z
824070,686555,Isaac Collins,KC,MIA,1,8,confirmed,Tyler Phillips,Kauffman Stadium,2026-09-01T23:40:00Z,3.568213431244235,914,929,0.4080592295088707,-0.3446690375033646,Normal,0.06934200256997017,0.5546581495460553,0.4110633865670983,0.5069211784644133,0.5998398278986705,0.3918395849102452,0.2397206278922621,0.13382933481098636,0.5135871944760942,0.2791712450108746,0.15646974163927113,0.11287901879714717,0.5399728855321657,0.1640210440911514,0.027513031750291222,2026-09-01T19:49:56Z
824070,677870,Leo Jiménez,MIA,KC,0,8,projected,Randy Dobnak,Kauffman Stadium,2026-09-01T23:40:00Z,3.4641340016690423,438,286,0.35476237801885224,0.12462660937004101,Normal,0.05627952907820415,0.512849752321638,0.37277306317433206,0.5268684719186175,0.5502583797570155,0.346993375856731,0.20536366902379619,0.11042721658768594,0.4601660127842419,0.23867443490101634,0.13035032597636984,0.0953804821454506,0.5004357343091559,0.13722620637927044,0.02068972104361429,2026-09-01T19:49:56Z
824070,664728,Kyle Isbel,KC,MIA,1,9,confirmed,Tyler Phillips,Kauffman Stadium,2026-09-01T23:40:00Z,3.3054512168256758,1686,929,0.4014603063512367,-1.1023237856540262,Normal,0.06422650860534335,0.5375157512530229,0.24095971392158724,0.4646916502815748,0.5869700097425905,0.3779598252085187,0.22770518653291288,0.1247456841797338,0.4977221206422387,0.26510785131611003,0.14659984578262714,0.10624498968228974,0.5239539633030827,0.14990079636457934,0.022693070158113806,2026-09-01T19:49:56Z
824070,691594,Javier Sanoja,MIA,KC,0,9,projected,Randy Dobnak,Kauffman Stadium,2026-09-01T23:40:00Z,3.347111644880317,768,286,0.3548028911156101,0.6606601926613989,Normal,0.05313660705636978,0.5638277981038006,0.21998962799967256,0.2995053942158432,0.5908299546455461,0.38244113964147175,0.23181592039576032,0.12802026428629643,0.5107830658277978,0.2761234058427809,0.1541815751908711,0.11136423752271905,0.5487092449921378,0.16895347708338182,0.02847978109325456,2026-09-01T19:49:56Z
824148,514888,Jose Altuve,HOU,CWS,1,1,projected,Sean Burke,Daikin Park,2026-09-02T00:10:00Z,4.53782553001036,2825,1292,0.6150162249117149,0.30627261806803074,Normal,0.1330063028464233,0.6999553628063763,0.34539389303952167,0.614526022331217,0.7316414941215833,0.5372181687093333,0.36989626876285514,0.2363027316703378,0.6574805827726004,0.4164097714355331,0.25883611608469576,0.1837324996439689,0.6754558775493034,0.29654999240368585,0.08304705242723805,2026-09-01T19:49:56Z
824148,805367,Chase Meidroth,CWS,HOU,0,1,projected,Ronel Blanco,Daikin Park,2026-09-02T00:10:00Z,4.723847424184218,1059,1234,0.5810843153615318,0.7678501665132609,Normal,0.09867076628628269,0.6595730715085825,0.3912422825265976,0.7179567656784653,0.6783535184239369,0.47723175781016947,0.3154115204203702,0.19291243409255454,0.5981381148274496,0.35807563678078486,0.2145579460558765,0.15293906780503239,0.6378865402136255,0.25801388907639256,0.06623887789294222,2026-09-01T19:49:56Z
824148,665161,Jeremy Peña,HOU,CWS,1,2,projected,Sean Burke,Daikin Park,2026-09-02T00:10:00Z,4.393830091016286,2767,1292,0.5736942208390458,-1.5325950034304303,Normal,0.13022489306807733,0.6971646798647516,0.2942013237220253,0.6867408582998585,0.7187856529789196,0.5211275717619234,0.35403672629593935,0.22272836531285403,0.6546499079285081,0.41251883598032657,0.25519332650150134,0.1809361476331214,0.6728908912532795,0.29217516729435705,0.07987827266837795,2026-09-01T19:49:56Z
824148,643217,Andrew Benintendi,CWS,HOU,0,2,projected,Ronel Blanco,Daikin Park,2026-09-02T00:10:00Z,4.5070872793768455,2548,1234,0.5315917201987125,0.4704523974291218,Normal,0.13857845409027408,0.6473540113031552,0.39185736730308734,0.6419702364011953,0.6783260795379644,0.4764091017192206,0.31407882444311375,0.1914159336286981,0.6274517314064185,0.3856813941676381,0.23490500461004427,0.16692033528884426,0.6265326267954173,0.2453985134647019,0.059997015022355035,2026-09-01T19:49:56Z
824148,664774,LaMonte Wade Jr.,HOU,CWS,1,3,projected,Sean Burke,Daikin Park,2026-09-02T00:10:00Z,4.110805887223666,1531,1292,0.4622092493683903,-0.8219503996481906,Normal,0.10974685683499087,0.58393292281676,0.5065740800258367,0.6614724926408613,0.6279397262216729,0.42185847581506136,0.2658343557008756,0.15380949123333076,0.5595407331757588,0.320116439827067,0.18561194751655077,0.13270350330896966,0.5673081293318345,0.18931854192797526,0.03717626058089855,2026-09-01T19:49:56Z
824148,502054,Tommy Pham,CWS,HOU,0,3,projected,Ronel Blanco,Daikin Park,2026-09-02T00:10:00Z,4.437515642740132,2048,1234,0.45859252585357413,-1.8036894029769879,Normal,0.10778909568762492,0.6090697184335686,0.3774661018136818,0.7497168104343093,0.6481320735718946,0.44398581060635384,0.28559488075789713,0.1693521887329349,0.5786422840105866,0.33880265177620333,0.19979698746308555,0.14259481816837602,0.5907784250925394,0.21171037557564362,0.04641284251891563,2026-09-01T19:49:56Z
824148,670623,Isaac Paredes,HOU,CWS,1,4,projected,Sean Burke,Daikin Park,2026-09-02T00:10:00Z,4.110805887223666,2596,1292,0.44512312765315726,0.4612454575268688,Normal,0.13320447632922355,0.6138712486930553,0.46563741809945863,0.4952909366880184,0.6666432856054245,0.46143760404085427,0.299135559023711,0.17852432970526672,0.6018149020407568,0.35827671860221283,0.21289144396915052,0.1512228855594154,0.5953851332553973,0.2126267982638186,0.0449530625686831,2026-09-01T19:49:56Z
824148,678246,Miguel Vargas,CWS,HOU,0,4,projected,Ronel Blanco,Daikin Park,2026-09-02T00:10:00Z,4.315023926272066,1757,1234,0.5257095288833971,1.0195914649672606,Normal,0.13540857156242964,0.5790343866081527,0.4640443782461267,0.6780462168182614,0.6548484869598461,0.4503326492793284,0.290574287845261,0.1727893401744169,0.5912951486609725,0.3497936530172518,0.20745738648755965,0.14775481460746914,0.5626326135079742,0.1872605010010498,0.03736686739784698,2026-09-01T19:49:56Z
824148,670541,Yordan Alvarez,HOU,CWS,1,5,projected,Sean Burke,Daikin Park,2026-09-02T00:10:00Z,4.110805887223665,2488,1292,0.5768308037299755,-0.9565605442470181,Normal,0.22150805623482886,0.6735572987604197,0.47553655915215,0.5545583210269741,0.74404585001243,0.5495184343916959,0.37925539976031425,0.24208769542936917,0.7059670483322155,0.46703710568002016,0.297930984337167,0.2105702512268861,0.6510411400885721,0.26535537260750314,0.0653958223955124,2026-09-01T19:49:56Z
824148,695657,Colson Montgomery,CWS,HOU,0,5,projected,Ronel Blanco,Daikin Park,2026-09-02T00:10:00Z,4.295607654428572,830,1234,0.5669337026907866,-0.557869889467649,Normal,0.25136135270978355,0.5924660678599906,0.40580849554384757,0.8500013283305575,0.7025775768593571,0.5019457573484988,0.3359763186067131,0.20790383429619969,0.6792464393737878,0.43838073650084985,0.2755165888817912,0.19516781161796568,0.5752654555294332,0.19721240251823216,0.040597916166048575,2026-09-01T19:49:56Z
824148,572233,Christian Walker,HOU,CWS,1,6,projected,Sean Burke,Daikin Park,2026-09-02T00:10:00Z,4.048944081197552,3072,1292,0.4542468183864559,-0.7883301919298555,Normal,0.15296021412384042,0.6134096390307013,0.33655023044111815,0.6873022277505826,0.6764816274250204,0.4712863159760139,0.3072254393122389,0.18436217354586878,0.6216770800658473,0.3766545265993698,0.22615343989657014,0.16020155428563443,0.5949973434737729,0.2112653330893872,0.04397404953638243,2026-09-01T19:49:56Z
824148,545341,Randal Grichuk,CWS,HOU,0,6,projected,Ronel Blanco,Daikin Park,2026-09-02T00:10:00Z,3.8429098105613946,1795,1234,0.41916932373531635,0.8225291986701693,Normal,0.1284539178366895,0.6011647609301103,0.22541281047204878,0.6759382391606417,0.6508635336430354,0.44430021853408525,0.28406946754018325,0.16689875627058526,0.6012259937418799,0.3570890093317026,0.21171790276713343,0.1503420047475146,0.5835287290425776,0.20149157190689973,0.04065010932733956,2026-09-01T19:49:56Z
824148,662139,Daulton Varsho,HOU,CWS,1,7,projected,Sean Burke,Daikin Park,2026-09-02T00:10:00Z,3.862027425635169,2427,1292,0.46146387617517953,-1.2674605632453202,Normal,0.13925206935313864,0.5834630696233696,0.3300351971558015,0.6300984900887081,0.6497081019757677,0.4422850893651447,0.28175184797171293,0.16472072083182404,0.5974880943223148,0.35271374314459963,0.20803395169051533,0.1476822638852273,0.5669734779454156,0.18663109662839558,0.035082708548135964,2026-09-01T19:49:56Z
824148,686668,Brenton Doyle,CWS,HOU,0,7,projected,Ronel Blanco,Daikin Park,2026-09-02T00:10:00Z,3.842909810561395,1754,1234,0.3935345890328222,-0.9364281611026221,Normal,0.09760585451740121,0.560966296668675,0.24454263222113123,0.7960149142989295,0.6101122802936618,0.4036294910416989,0.25041336156799643,0.14226526264680903,0.5387547010192277,0.3015668930111864,0.17235892659742041,0.12365999909898015,0.5457582873547828,0.1713305310259411,0.030909710200239915,2026-09-01T19:49:56Z
824148,673237,Yainer Diaz,HOU,CWS,1,8,projected,Sean Burke,Daikin Park,2026-09-02T00:10:00Z,3.7542673396121686,1852,1292,0.4259600709432878,1.4152086287150984,Normal,0.12157712105230804,0.6448309485719974,0.20325460166934287,0.5101987956640937,0.6770135644596386,0.47043428018838507,0.3054399487314603,0.18223129331017976,0.6120653481904259,0.36589037540413094,0.21736251332425416,0.15394416278481693,0.6244205543869198,0.23573902580908077,0.051591004150372696,2026-09-01T19:49:56Z
824148,668670,Jake Rogers,CWS,HOU,0,8,projected,Ronel Blanco,Daikin Park,2026-09-02T00:10:00Z,3.628412135465897,1004,1234,0.39384988539047433,-0.5644216582430224,Normal,0.11084881352580152,0.4978931003247547,0.31128097848475095,0.7861518190533205,0.5771943028492333,0.37175533211262335,0.22463411929418764,0.12377769059962111,0.5087028748871073,0.2761393038262023,0.1548501190299126,0.11184927937258801,0.4861765856689681,0.12927386016491657,0.019072196308704752,2026-09-01T19:49:56Z
824148,543877,Christian Vázquez,HOU,CWS,1,9,projected,Sean Burke,Daikin Park,2026-09-02T00:10:00Z,3.40049484640103,1561,1292,0.3424894343267044,-1.0323983414865265,Normal,0.07528972910612125,0.5388784232516534,0.2302370426051957,0.5324324834384369,0.5671253538529792,0.36067491681532343,0.2149003258943761,0.11631605197890303,0.49248215852480404,0.26167755398727144,0.14461312205087282,0.10492613864569811,0.5251824962331572,0.15175209430734177,0.023545669449198392,2026-09-01T19:49:56Z
824148,682668,Luisangel Acuña,CWS,HOU,0,9,projected,Ronel Blanco,Daikin Park,2026-09-02T00:10:00Z,3.154970817000334,442,1234,0.33489486720672457,-0.17811076304413231,Normal,0.058679046876450106,0.5046210750629998,0.1970473777576223,0.565059901681975,0.528358526607432,0.326043344831063,0.1886545667752597,0.09863003864545615,0.4515440316758192,0.23061263414219746,0.12461866841128819,0.09155848837817354,0.4928457147909842,0.1290073888829827,0.017616646298996563,2026-09-01T19:49:56Z
824313,678662,Ezequiel Tovar,COL,BAL,1,1,projected,Kyle Bradish,Coors Field,2026-09-02T00:40:00Z,4.4278475456561965,2188,2080,0.5321263622401944,0.5673435193638616,Normal,0.11606935665669987,0.6638880394258706,0.25401741198731714,0.7366898306063472,0.6903519669887022,0.4892007922252401,0.32516863464434503,0.19986920428082547,0.6341710233213793,0.3919626474457245,0.23945995544110785,0.1700030103721448,0.641956008020164,0.26002423934668156,0.06575565411055925,2026-09-01T19:49:56Z
824313,683002,Gunnar Henderson,BAL,COL,0,1,projected,Gabriel Hughes,Coors Field,2026-09-02T00:40:00Z,4.760565382338403,2739,211,0.7377897117119827,1.1268288197443765,Normal,0.1834943238256493,0.7128098478254109,0.4370013474400792,0.581091271769497,0.7594698235696687,0.5726239267077226,0.4052648925381785,0.26694849472784726,0.712651137250271,0.47930204418061706,0.31157299268928024,0.22214473695124837,0.6873509557582033,0.3120330372363248,0.0920983618388787,2026-09-01T19:49:56Z
824313,666160,Mickey Moniak,COL,BAL,1,2,projected,Kyle Bradish,Coors Field,2026-09-02T00:40:00Z,4.143655357399225,1688,2080,0.5332453317121179,-1.803760858324017,Normal,0.17688867654201532,0.6618899654612751,0.2717248105827002,0.7379364750027534,0.7104458612842782,0.5106281039317944,0.3435919309389896,0.21368857736530533,0.6761513234778366,0.4346086343149924,0.2721235303273308,0.1925565803610846,0.6401463240653906,0.2559812917056111,0.06253369002645712,2026-09-01T19:49:56Z
824313,702616,Jackson Holliday,BAL,COL,0,2,projected,Gabriel Hughes,Coors Field,2026-09-02T00:40:00Z,4.526247679991063,1163,211,0.548691615598337,-0.6813298949200325,Normal,0.12106111273313654,0.6737938539007272,0.374411818222522,0.5781455427912607,0.6927435896327824,0.49231143075873085,0.3283296533455177,0.20264710155024976,0.6315902907153883,0.38985044123722407,0.2381318385509947,0.1691878689722476,0.6511553294127628,0.27030916076487627,0.07084167254701593,2026-09-01T19:49:56Z
824313,696100,Hunter Goodman,COL,BAL,1,3,projected,Kyle Bradish,Coors Field,2026-09-02T00:40:00Z,4.143655357399224,1369,2080,0.5313569489103397,0.06594803425451974,Normal,0.22183416135659642,0.6557112889403699,0.2777214110797388,0.8026483981755926,0.7236726263582267,0.525625477984988,0.35714964601142596,0.2243630821461983,0.698901743272426,0.4596183819076651,0.29226359931998047,0.20674956064688166,0.6344164149753209,0.24957793898937858,0.059463998741666045,2026-09-01T19:49:56Z
824313,624413,Pete Alonso,BAL,COL,0,3,projected,Gabriel Hughes,Coors Field,2026-09-02T00:40:00Z,4.526247679991063,3347,211,0.6178400377386656,-0.758667913399093,Normal,0.2480295257044313,0.695284908484755,0.3946308083561264,0.6733266965448024,0.7535161556005899,0.56399114690924,0.3957522266889892,0.25799668083109073,0.7322152544091526,0.5017150947589221,0.3301475527632771,0.23541967869030087,0.6711272962666551,0.2915885745958272,0.08059224580820012,2026-09-01T19:49:56Z
824313,687597,Jordan Beck,COL,BAL,1,4,projected,Kyle Bradish,Coors Field,2026-09-02T00:40:00Z,4.0557012278885045,915,2080,0.3824638004236636,-0.43444760179640335,Normal,0.0936434226176636,0.6277533459715476,0.2692293585428595,0.7866750007096958,0.6367993304237723,0.43030051586263973,0.2725243559840573,0.15848784186587844,0.5863855093865805,0.34366335001331405,0.2021256832577124,0.1438469466883727,0.6083820588062316,0.22378028762958344,0.04878098655514089,2026-09-01T19:49:56Z
824313,687952,Christian Encarnacion-Strand,BAL,COL,0,4,projected,Gabriel Hughes,Coors Field,2026-09-02T00:40:00Z,4.265657190288806,633,211,0.4766498606768698,0.7918116580478601,Normal,0.16764700288028558,0.6697001168038564,0.25860349331869803,0.7232741759799957,0.7043345146145497,0.5040285566177689,0.33790941276237213,0.20945277448887117,0.6622635438664592,0.42008696538936274,0.2608587656034924,0.1847835825825689,0.6474015164702721,0.264088717639294,0.0665610011937958,2026-09-01T19:49:56Z
824313,681198,TJ Rumfield,COL,BAL,1,5,projected,Kyle Bradish,Coors Field,2026-09-02T00:40:00Z,4.055701227888505,544,2080,0.47899624529356494,1.1270843903932588,Normal,0.10671180215828782,0.6647701196231993,0.47984842121920884,0.4911707239572634,0.6830522872048738,0.4786148139263012,0.3137819584647275,0.18948640930586447,0.617917848206787,0.3731884641368946,0.22365662140914827,0.15851050106965411,0.6428859790745743,0.2565534938684409,0.06139313679265449,2026-09-01T19:49:56Z
824313,681297,Colton Cowser,BAL,COL,0,5,projected,Gabriel Hughes,Coors Field,2026-09-02T00:40:00Z,4.026630339373094,1334,211,0.5082654248934516,1.8134884295442724,Normal,0.1604709884303479,0.6120218285590124,0.3847587217544156,0.7150768757957408,0.6659550653023422,0.4609047000416509,0.29883538614843147,0.17841759824459302,0.6226635342387299,0.3785465249098744,0.22808255804852662,0.16168723920199804,0.5936429105300305,0.21142938936519845,0.044725923349238014,2026-09-01T19:49:56Z
824313,687859,Troy Johnston,COL,BAL,1,6,projected,Kyle Bradish,Coors Field,2026-09-02T00:40:00Z,3.757968005966302,523,2080,0.4185844168478501,0.5158538668029322,Normal,0.09107558234459705,0.6377214837389739,0.37065924020714647,0.5242857330675882,0.6450353678542761,0.4372640790310582,0.27737655627747043,0.1613709602532408,0.5886705424913958,0.3443289819989397,0.20186310192253495,0.14346500655009553,0.6177710312436484,0.23001765393573345,0.049718690175348565,2026-09-01T19:49:56Z
824313,691723,Coby Mayo,BAL,COL,0,6,projected,Gabriel Hughes,Coors Field,2026-09-02T00:40:00Z,3.8698438964699586,706,211,0.46672319180410254,0.8469560245229546,Normal,0.15444111650604583,0.6025163014462129,0.307910523683445,0.7539459718209789,0.6544470824214121,0.44814435972134364,0.2874061020878603,0.16943788471537408,0.6152340655137162,0.3705713395574987,0.2217101501170864,0.15717675685404545,0.5847843599803529,0.202745845478206,0.04113693309250971,2026-09-01T19:49:56Z
824313,650489,Willi Castro,COL,BAL,1,7,projected,Kyle Bradish,Coors Field,2026-09-02T00:40:00Z,3.7579680059663017,2373,2080,0.4970161158869588,0.22873029456458044,Normal,0.10875987881338028,0.6038814994136383,0.363389271898079,0.6689772696242616,0.6453621959868513,0.43755340576564516,0.27756032650633167,0.16145437481869218,0.5813371966886622,0.33760669793607834,0.19700851337994185,0.1401611846422458,0.5861430484210677,0.2018921485888638,0.03973990646814541,2026-09-01T19:49:56Z
824313,665966,Carlos Narváez,BAL,COL,0,7,projected,Gabriel Hughes,Coors Field,2026-09-02T00:40:00Z,3.835220857179797,716,211,0.3988294376541988,-2.4916206266637513,Cold,0.09644705101916487,0.5853264416795272,0.3105544471334084,0.7281126443413026,0.6067138972897731,0.4002551648514554,0.24764654614598014,0.14026282611870716,0.555551216295702,0.3157582248149668,0.1821310099477148,0.1302549213889957,0.568682800942474,0.18897714952586073,0.03636477271050068,2026-09-01T19:49:56Z
824313,664983,Jake McCarthy,COL,BAL,1,8,projected,Kyle Bradish,Coors Field,2026-09-02T00:40:00Z,3.674368098266007,1876,2080,0.4637965838996575,-0.2799886937500446,Normal,0.09411194911722354,0.6330685094075637,0.27619053578406083,0.5081733397758226,0.6532620991341426,0.44501224153136004,0.28342163489798644,0.16552287661024634,0.5914258908433381,0.34617024006126235,0.2028546579846907,0.14406543261847163,0.6134793975891834,0.2249038353722168,0.047267952628873414,2026-09-01T19:49:56Z
824313,665750,Leody Taveras,BAL,COL,0,8,projected,Gabriel Hughes,Coors Field,2026-09-02T00:40:00Z,3.7578930823017678,2036,211,0.4477956769247386,-0.3308817590540179,Normal,0.10196448200863223,0.6134949651839031,0.26932679558446504,0.567489229789422,0.6349477507445106,0.4274754158538661,0.26956458690811724,0.15590516881790964,0.5804442645617521,0.3372942393634239,0.19711386827497815,0.1403548347070766,0.5951244614672924,0.21037956793630172,0.04323333292054774,2026-09-01T19:49:56Z
824313,681393,Connor Norby,COL,BAL,1,9,projected,Kyle Bradish,Coors Field,2026-09-02T00:40:00Z,3.591146428238513,837,2080,0.4543295103908105,0.2624254502017498,Normal,0.09204920618156263,0.575762475424226,0.30889699122574205,0.7209064562156456,0.6266739251980442,0.41761394799677776,0.2603492175839162,0.14844384828724144,0.5456566442054348,0.3053692408352961,0.17406962238483775,0.12467435899668272,0.5598518055123449,0.1788289515828706,0.031767082771458406,2026-09-01T19:49:56Z
824313,677942,Blaze Alexander,BAL,COL,0,9,projected,Gabriel Hughes,Coors Field,2026-09-02T00:40:00Z,3.558836502841646,710,211,0.45275738756669265,1.4054312524085535,Normal,0.0867780630111823,0.6170485882264124,0.2902499892661689,0.6131550817514222,0.6376070175319033,0.42892233983070543,0.2699818354727987,0.15569254718594272,0.5671307932612839,0.3242740204388866,0.18739297932869478,0.13370099815274533,0.5985428924196211,0.21135587943109035,0.04266273521315635,2026-09-01T19:49:56Z
824391,680757,Steven Kwan,CLE,TOR,1,1,confirmed,Spencer Miles,Progressive Field,2026-09-01T22:40:00Z,4.567606772711421,3129,338,0.6265555183139664,1.4541529468088783,Normal,0.0773612163050488,0.710328753943452,0.4020294080233842,0.43392929669879,0.7159628743889842,0.5187846042435389,0.35262954330107144,0.22219512003637537,0.6244190827276546,0.3827182878962759,0.2326953460519292,0.1654115574065004,0.6850709336651845,0.30774335492648597,0.08874430816126586,2026-09-01T19:49:56Z
824391,703520,Brett Bateman,TOR,CLE,0,1,confirmed,Gavin Williams,Progressive Field,2026-09-01T22:40:00Z,4.879402756877602,88,2015,0.5962624104198867,0.7392454352439358,Normal,0.10479187359579596,0.6720502186205204,0.396776101760764,0.753887203153481,0.6911323840933111,0.49173798732302254,0.3287746666184893,0.2037452885768639,0.6221061479964158,0.38169580542929393,0.23264617017317227,0.16563486241248862,0.6494915836914213,0.2707191574559879,0.07249333087043558,2026-09-01T19:49:56Z
824391,800050,Chase DeLauter,CLE,TOR,1,2,confirmed,Spencer Miles,Progressive Field,2026-09-01T22:40:00Z,4.368697794947525,480,338,0.5373871157952668,0.6814503774162434,Normal,0.11059467656168126,0.6991799666648468,0.3554761252420725,0.5192069754673475,0.7190206450253723,0.5213031820187225,0.3541121632025892,0.22271634615986544,0.6477983627261843,0.4052749379912565,0.24943906812432928,0.17686416847196113,0.6747604882333356,0.294083493648706,0.08063744308834546,2026-09-01T19:49:56Z
824391,672386,Alejandro Kirk,TOR,CLE,0,2,confirmed,Gavin Williams,Progressive Field,2026-09-01T22:40:00Z,4.499547048859894,2095,2015,0.4313623777527644,0.6415701301550324,Normal,0.09523004356184996,0.6744621584662124,0.36524721638414953,0.5330107128135473,0.6784734704256032,0.47648541806967065,0.31409908323654046,0.19140215904769145,0.603507954246633,0.36229114848024124,0.2172214021206477,0.15463760508967392,0.6517816794570447,0.27077692742018955,0.07093995357853101,2026-09-01T19:49:56Z
824391,608070,José Ramírez,CLE,TOR,1,3,confirmed,Spencer Miles,Progressive Field,2026-09-01T22:40:00Z,4.344258059691912,3178,338,0.531310945151965,-0.18269586892082634,Normal,0.131529410409344,0.6781262309435571,0.3091028986403238,0.45795798522288295,0.725483955987117,0.528534569679601,0.36059038641803687,0.22778011393135872,0.6553105275038342,0.4127067120049269,0.25504200302830987,0.18071760160269765,0.6552403379023386,0.27221366766180755,0.0701761954500879,2026-09-01T19:49:56Z
824391,665489,Vladimir Guerrero Jr.,TOR,CLE,0,3,confirmed,Gavin Williams,Progressive Field,2026-09-01T22:40:00Z,4.499547048859893,3286,2015,0.4805961458539673,-0.4293031401595542,Normal,0.10805814549860854,0.6794552007651615,0.3304032687755379,0.5816897024444619,0.7127480396226222,0.5148507688199265,0.3487888811864302,0.21892186649251166,0.6252512369542322,0.38332294615626655,0.2330135306800921,0.1655774689601681,0.65642562258976,0.2755327166481034,0.07298061423534283,2026-09-01T19:49:56Z
824391,666176,Jo Adell,CLE,TOR,1,4,confirmed,Spencer Miles,Progressive Field,2026-09-01T22:40:00Z,4.065306217202925,1928,338,0.3739833816864645,0.3927287749065236,Normal,0.11827034446937942,0.588183053361246,0.27058834571360957,0.7325712300615218,0.6537621027440526,0.4476680061667637,0.28716080704232416,0.16937121880315437,0.5740000122821821,0.3324885103242215,0.19414312546480217,0.13843138300736066,0.571325396300344,0.1919356117649458,0.03768978143963506,2026-09-01T19:49:56Z
824391,543807,George Springer,TOR,CLE,0,4,confirmed,Gavin Williams,Progressive Field,2026-09-01T22:40:00Z,4.458001291412258,2908,2015,0.4987351718524965,1.8993226137230603,Normal,0.12292134330321632,0.6630823617550523,0.36411337515185027,0.6492890201897571,0.7123612701425479,0.5139759459442914,0.3476848787428239,0.21782157154602286,0.6254881675260782,0.38315785130573593,0.23269416076617813,0.16530421615611393,0.6412216485964335,0.25907065700143767,0.06533766398352359,2026-09-01T19:49:56Z
824391,663993,Nathaniel Lowe,CLE,TOR,1,5,confirmed,Spencer Miles,Progressive Field,2026-09-01T22:40:00Z,4.065306217202924,2910,338,0.42399741210746283,-0.41892019551381254,Normal,0.11775995626016761,0.6493758550291856,0.3065450538485842,0.6378386240185154,0.6799831679762414,0.4753090888532159,0.31090422542241797,0.18729340446386925,0.6134965762248619,0.3689533866610487,0.22053218139736228,0.1563800746348156,0.6285595535281138,0.24245599860016862,0.05576109739644067,2026-09-01T19:49:56Z
824391,664770,Nathan Lukes,TOR,CLE,0,5,confirmed,Gavin Williams,Progressive Field,2026-09-01T22:40:00Z,4.090193986407521,926,2015,0.41011393681940084,0.8192601460755807,Normal,0.10284886123047648,0.5929880192628696,0.3168143230421168,0.5645836817290947,0.6399567897214529,0.43406103399258444,0.2760930026304464,0.16144126693889668,0.5610245682165799,0.32155652399327367,0.18670436238429883,0.1334670120312698,0.575801199108509,0.19647946115906023,0.03970068646450265,2026-09-01T19:49:56Z
824391,682657,Angel Martínez,CLE,TOR,1,6,confirmed,Spencer Miles,Progressive Field,2026-09-01T22:40:00Z,3.9389271284406995,994,338,0.35355097302016963,1.0085887792291541,Normal,0.07634137654019471,0.5819355993963531,0.22090287605458692,0.6500622734554454,0.6198583373317752,0.4127195654006222,0.25752797573844644,0.14719914125977243,0.5364321280885497,0.2992771552965284,0.1706323981626445,0.12246858296630661,0.5655142887441031,0.18601162766152549,0.0351620100743893,2026-09-01T19:49:56Z
824391,672960,Kazuma Okamoto,TOR,CLE,0,6,confirmed,Gavin Williams,Progressive Field,2026-09-01T22:40:00Z,4.090193986407521,543,2015,0.4502146394161783,1.1668071135488154,Normal,0.13769253056649022,0.5986721117535612,0.31143409853165405,0.8125246268815113,0.6764638401669538,0.47225688024115414,0.3087876027973171,0.18608287327145984,0.5960093667241224,0.3531417943284316,0.2093085940379775,0.14883186571493343,0.5811307600219793,0.20087102186684086,0.041108250197058986,2026-09-01T19:49:56Z
824391,683953,Travis Bazzana,CLE,TOR,1,7,confirmed,Spencer Miles,Progressive Field,2026-09-01T22:40:00Z,3.9389271284406995,432,338,0.4148119547321396,0.16857417464222427,Normal,0.09016879619265397,0.6140872342561584,0.35932462842584906,0.5850507068121614,0.6372498654571035,0.4299590094158043,0.27167734996582904,0.15746033162798928,0.5695027931053471,0.3276592058265348,0.19029570013363598,0.13571824157907714,0.5956573441485858,0.21108191467470733,0.04344502539368034,2026-09-01T19:49:56Z
824391,665926,Andrés Giménez,TOR,CLE,0,7,confirmed,Gavin Williams,Progressive Field,2026-09-01T22:40:00Z,3.999362898276187,2614,2015,0.3844000680278152,0.9480554958337027,Normal,0.08217323933366119,0.5797315640516182,0.2966197813184301,0.6231871377114089,0.6187741924896702,0.41244989815858685,0.25786919063160973,0.14785279308917706,0.5318812978515732,0.2962405511022518,0.16892959701558377,0.12139803273236895,0.5633888979010065,0.18560508480661836,0.03571560609194015,2026-09-01T19:49:56Z
824391,672275,Patrick Bailey,CLE,TOR,1,8,confirmed,Spencer Miles,Progressive Field,2026-09-01T22:40:00Z,3.584835133909884,1540,338,0.37219383564808706,0.7504625411005191,Normal,0.07828503443642777,0.5642036560699076,0.2545046074578622,0.6414943707801698,0.5908482672535655,0.383507718063958,0.23322401376771726,0.12933355104133898,0.5203129971559557,0.2846273762836308,0.1601241024509192,0.11532894059769623,0.5489611120486992,0.1707666810421704,0.029470471246497702,2026-09-01T19:49:56Z
824391,676391,Ernie Clement,TOR,CLE,0,8,confirmed,Gavin Williams,Progressive Field,2026-09-01T22:40:00Z,3.7570857392226507,1807,2015,0.410148016179473,-1.4542217115460068,Normal,0.06203623456280338,0.6203518047039529,0.1925356571492115,0.45189196289374284,0.6389655291526775,0.43151000401949535,0.27290901172969106,0.15835267598458927,0.5471621897098858,0.30816923777765476,0.1767037189732173,0.12657257404467104,0.6015378882330642,0.21600107420654893,0.04520179888947154,2026-09-01T19:49:56Z
824391,677587,Brayan Rocchio,CLE,TOR,1,9,confirmed,Spencer Miles,Progressive Field,2026-09-01T22:40:00Z,3.4434227756118045,1423,338,0.3793907585693169,-1.1627655514126816,Normal,0.06857998617068546,0.5547624115087323,0.23638522540742066,0.4593176492503927,0.5837783287175551,0.3759935606995445,0.22678032070378476,0.12449854173342759,0.5052172365445052,0.2717540822502086,0.1512613108910031,0.10937643734338949,0.5401528998063032,0.16272047125381642,0.02660744129288219,2026-09-01T19:49:56Z
824391,664702,Myles Straw,TOR,CLE,0,9,confirmed,Gavin Williams,Progressive Field,2026-09-01T22:40:00Z,3.402580171820823,1691,2015,0.4148898292978278,1.0063676641786554,Normal,0.04455236986190088,0.5325286944911944,0.23781325003504133,0.5022073640223474,0.565268123897534,0.3596126417744196,0.21450709499478457,0.11634256792842954,0.4640354385845531,0.24099291932155148,0.13163551623562939,0.09625239899436966,0.5191307208481806,0.1486015991500619,0.023232980043025427,2026-09-01T19:49:56Z
824472,699302,Héctor Rodríguez,CIN,SD,1,1,confirmed,Randy Vásquez,Great American Ball Park,2026-09-01T22:40:00Z,4.342051002268454,73,1688,0.6477397707161597,0.2905051600255414,Normal,0.17082160223763984,0.6924239112780923,0.38013254368293053,0.544665866364725,0.7367644808977768,0.5426796509522657,0.3744912147035606,0.23960594842321378,0.6821775596706803,0.44234385145765526,0.27918668086549964,0.19795703015701488,0.6684853975027123,0.28751427120219547,0.0777843529953585,2026-09-01T19:49:56Z
824472,665487,Fernando Tatis Jr.,SD,CIN,0,1,confirmed,Nick Lodolo,Great American Ball Park,2026-09-01T22:40:00Z,4.804166025927197,2365,2106,0.74442446150958,-0.9483329494803242,Normal,0.20478371464416825,0.7231666539737269,0.4204629389384568,0.6462991593844495,0.757865385015761,0.5707084203490829,0.40347686126087373,0.2655109953950595,0.72071390531107,0.48909649895647184,0.3201710705628821,0.2285763294059975,0.6969478751792816,0.3236764235515939,0.09839311333249648,2026-09-01T19:49:56Z
824472,682829,Elly De La Cruz,CIN,SD,1,2,confirmed,Randy Vásquez,Great American Ball Park,2026-09-01T22:40:00Z,4.342051002268454,2361,1688,0.6155976351862293,0.8453321832245578,Normal,0.1254128715081845,0.6624044627169889,0.35456984577918826,0.7104446453896953,0.7072373001742209,0.5078022206244507,0.34166807393506754,0.2126729175374614,0.6435331957154046,0.400990789590566,0.24610708968003725,0.17450863231104763,0.6405887768709673,0.2578495683027385,0.06422706788541524,2026-09-01T19:49:56Z
824472,669392,Samad Taylor,SD,CIN,0,2,confirmed,Nick Lodolo,Great American Ball Park,2026-09-01T22:40:00Z,4.353420470688033,187,2106,0.5881974043941367,0.5939095749352403,Normal,0.11202749655259157,0.6751086657438484,0.3883149216056033,0.7809449450889961,0.6750431183608946,0.47240751493906313,0.3102161454787801,0.18816465961815418,0.6262540320084873,0.3840160175873985,0.23335938740076542,0.16574341583883945,0.6523935748680333,0.27076648595525277,0.07046884787343409,2026-09-01T19:49:56Z
824472,701398,Sal Stewart,CIN,SD,1,3,confirmed,Randy Vásquez,Great American Ball Park,2026-09-01T22:40:00Z,4.29588808623463,658,1688,0.542758027304042,0.8641815805226767,Normal,0.19340748247372788,0.6659014774499563,0.3080800356505092,0.6102940813581417,0.7233592459509777,0.5257992085029118,0.3578259825512281,0.22535783096938075,0.6780136321129576,0.4368141433243536,0.2740912107835961,0.1940772558245306,0.6438835224992099,0.2600489119557406,0.06458778056512086,2026-09-01T19:49:56Z
824472,592518,Manny Machado,SD,CIN,0,3,confirmed,Nick Lodolo,Great American Ball Park,2026-09-01T22:40:00Z,4.353420470688034,3148,2106,0.5873264642104071,0.8602871710992437,Normal,0.19535679435934458,0.667571204971448,0.3860762306191798,0.6569624401897063,0.7207409485853943,0.5240890087606261,0.3571800236559384,0.22551129875377243,0.6785521289329186,0.4388707931372522,0.276555963649162,0.19611225953033537,0.6453610294243567,0.263646650286531,0.06717356725393776,2026-09-01T19:49:56Z
824472,668709,JJ Bleday,CIN,SD,1,4,confirmed,Randy Vásquez,Great American Ball Park,2026-09-01T22:40:00Z,4.098428180878684,1990,1688,0.519353025618497,0.15279288508787844,Normal,0.14551991672309691,0.620181847979825,0.4639526541082328,0.5494019153379446,0.6762132908459239,0.47154755277532456,0.30785203011570805,0.18513286525700562,0.6289763235233098,0.3844253966531831,0.2323196525502119,0.16454371223864456,0.6012975583047886,0.21766594148469337,0.04670193915310927,2026-09-01T19:49:56Z
824472,664034,Ty France,SD,CIN,0,4,confirmed,Nick Lodolo,Great American Ball Park,2026-09-01T22:40:00Z,4.325526125467855,2720,2106,0.4973819279520809,0.9136819589032346,Normal,0.1374912631815453,0.674767603166949,0.41077824073388947,0.6234719312874958,0.6972420152106015,0.49621626223108295,0.33099125122637607,0.2041005536860396,0.643548684579977,0.40077900186529647,0.24587013950574985,0.1743416258610522,0.652106750629594,0.26934473221091065,0.06914420676225883,2026-09-01T19:49:56Z
824472,680574,Matt McLain,CIN,SD,1,5,confirmed,Randy Vásquez,Great American Ball Park,2026-09-01T22:40:00Z,4.098428180878685,1408,1688,0.46432870411316796,-0.7637991891555471,Normal,0.11475828185531657,0.5960232525818011,0.3361322692531389,0.7160251626695233,0.6549778406532865,0.44885563107267773,0.2881303616467553,0.17007568866194916,0.5768639527894207,0.3349928591578816,0.19590610748662526,0.13962918158190754,0.5786887401935153,0.19789085755981523,0.03964742398718108,2026-09-01T19:49:56Z
824472,701538,Jackson Merrill,SD,CIN,0,5,confirmed,Nick Lodolo,Great American Ball Park,2026-09-01T22:40:00Z,4.275791059316037,1649,2106,0.5134794917961745,-0.593046999586214,Normal,0.13848385555107576,0.6788995741091934,0.2796779090346208,0.6990803264401759,0.7173278692176106,0.5188234901297579,0.3514146453956757,0.22023053116446825,0.6580536972464318,0.41545365392951433,0.2571136385491957,0.18213291962183772,0.6559623742329624,0.272758426332496,0.07025848692433892,2026-09-01T19:49:56Z
824472,624431,Jose Trevino,CIN,SD,1,6,confirmed,Randy Vásquez,Great American Ball Park,2026-09-01T22:40:00Z,3.7557673708366406,1184,1688,0.34984805111867984,-0.6073385630620902,Normal,0.09794665600395625,0.5876745305404509,0.1954170213625871,0.4511102050450068,0.6135642990821033,0.40604435170942416,0.2517451194992866,0.14278500873611535,0.5498141863998324,0.31002181921417526,0.17774296701421646,0.1271996198207426,0.5709441000524376,0.18945335067099903,0.03579661268657696,2026-09-01T19:49:56Z
824472,593428,Xander Bogaerts,SD,CIN,0,6,confirmed,Nick Lodolo,Great American Ball Park,2026-09-01T22:40:00Z,4.205190416348905,2837,2106,0.4931802747645115,-0.09026800220730222,Normal,0.11977360705700986,0.6502139421688652,0.42734426623008737,0.5744342440031119,0.6822425703407032,0.47883773513832234,0.3148751591360644,0.1910378123033846,0.610808399777962,0.3674991953057599,0.2201355698781698,0.15635470507684412,0.6292953889675906,0.24502100756165915,0.058056456721699325,2026-09-01T19:49:56Z
824472,682877,Juan Brito,CIN,SD,1,7,confirmed,Randy Vásquez,Great American Ball Park,2026-09-01T22:40:00Z,3.7557673708366406,56,1688,0.3947034452932697,-1.6942483656971066,Normal,0.0917154283008656,0.588697640008926,0.2884639108004144,0.6103570440283912,0.578517840643329,0.3729803958117957,0.22553559955027028,0.12434082194269218,0.5546068393905148,0.3139912495843592,0.18041892242392218,0.12898663628838153,0.5719142434340113,0.190018288841105,0.03586200093513286,2026-09-01T19:49:56Z
824472,669720,Austin Hays,SD,CIN,0,7,confirmed,Nick Lodolo,Great American Ball Park,2026-09-01T22:40:00Z,3.9843713560035328,1894,2106,0.4800989176171253,-1.0808089162944758,Normal,0.13880406308949106,0.6489214235483227,0.26782174500899036,0.6937631337394632,0.6833853497980734,0.4791406228674814,0.31441035886283614,0.19011551248017944,0.637825355322279,0.3930893927361233,0.2388254464763545,0.16902153952705717,0.628135520158105,0.24229325887481262,0.05593777408291131,2026-09-01T19:49:56Z
824472,670770,TJ Friedl,CIN,SD,1,8,confirmed,Randy Vásquez,Great American Ball Park,2026-09-01T22:40:00Z,3.75576737083664,2104,1688,0.4330611282894986,-1.3326966791277413,Normal,0.10763792172186325,0.6065699280044625,0.3891816186382584,0.4560974657202716,0.6445017500596752,0.4364750603558886,0.2765476695388942,0.1606462024024215,0.5769659730906627,0.3334945593783149,0.19402674518269333,0.13814919351800514,0.5886789685737583,0.2037438571154462,0.04027399750077641,2026-09-01T19:49:56Z
824472,666023,Freddy Fermin,SD,CIN,0,8,confirmed,Nick Lodolo,Great American Ball Park,2026-09-01T22:40:00Z,3.6863267285735635,1197,2106,0.3969627025974834,0.5578205167310782,Normal,0.10402800730181029,0.5954382686027739,0.2761171901258985,0.5707463455295505,0.6221965871259184,0.41453124848010875,0.2587369685363859,0.14791032141062363,0.5596089103547186,0.3185593817874033,0.18377046793445115,0.13131183030989188,0.5782318985157842,0.19557838507383085,0.03801074858986425,2026-09-01T19:49:56Z
824472,695490,Edwin Arroyo,CIN,SD,1,9,confirmed,Randy Vásquez,Great American Ball Park,2026-09-01T22:40:00Z,3.4023858674192273,151,1688,0.3763346740203322,-2.2889494624620497,Cold,0.06779864524675422,0.5595333039906654,0.2142951984347507,0.5415764031790891,0.5686403629917286,0.3620393229277736,0.21594178015516502,0.11702303552541957,0.5062142120537785,0.2722935839066107,0.1515171661406656,0.10954155614264871,0.5446744141137895,0.16557398676469778,0.02721232012567836,2026-09-01T19:49:56Z
824472,687749,Jase Bowen,SD,CIN,0,9,confirmed,Nick Lodolo,Great American Ball Park,2026-09-01T22:40:00Z,2.8200601471760236,84,2106,0.36865000963672856,-1.1019163402623946,Normal,0.09959728441176349,0.4868171507552912,0.22692725322330853,0.6801797668682579,0.53280069971489,0.32661582702422665,0.18724756502617054,0.09658798582854408,0.48875780600773533,0.25465378020122265,0.13855212003633097,0.10090449787499156,0.4762272572534231,0.11446951836904597,0.013088851214719515,2026-09-01T19:49:56Z
824633,663538,Nico Hoerner,CHC,MIL,1,1,projected,Robert Gasser,Wrigley Field,2026-09-01T23:40:00Z,4.508193590911194,3090,500,0.639369459908224,0.4902971039643264,Normal,0.09275018638499154,0.7305560246953218,0.30166783576183936,0.3969919059558374,0.7328902378660487,0.5386169587989778,0.371135693799215,0.23725182495485095,0.6519978953969643,0.41053729769846065,0.25411469039046364,0.18036414941776416,0.7037940816496109,0.32971887827893825,0.09979040356247236,2026-09-01T19:49:56Z
824633,592885,Christian Yelich,MIL,CHC,0,1,projected,Matthew Boyd,Wrigley Field,2026-09-01T23:40:00Z,4.773866941239163,2686,1641,0.6173213061290085,1.4220128660010887,Normal,0.104525211223888,0.6648803971158647,0.3715917179757245,0.7512755352241163,0.7143586811118164,0.5178560322948794,0.35250791895204053,0.2226719580259812,0.614123242459913,0.3735390784699212,0.2262384227816628,0.1610833459382006,0.6428259981267815,0.2632706191161626,0.0687324391067698,2026-09-01T19:49:56Z
824633,608324,Alex Bregman,CHC,MIL,1,2,projected,Robert Gasser,Wrigley Field,2026-09-01T23:40:00Z,4.463679349178894,3135,500,0.6382776541972583,0.647429556350165,Normal,0.1634373281676568,0.6941708616336012,0.4153625846912867,0.4722581701983276,0.7366543089844929,0.54270033852879,0.37467803343149947,0.23992202273456423,0.6801396393742635,0.44028067438880286,0.27767256079479563,0.1969770544415633,0.6701094570053732,0.2896186753906222,0.07908892831195385,2026-09-01T19:49:56Z
824633,668930,Brice Turang,MIL,CHC,0,2,projected,Matthew Boyd,Wrigley Field,2026-09-01T23:40:00Z,4.563781837480894,2309,1641,0.5378569913033451,-1.5420662917151624,Normal,0.08438150601428976,0.6441756806092912,0.36802575718990593,0.7332330805679644,0.6783745852909683,0.47661529399528535,0.3143883061554028,0.191757859369172,0.582114983299462,0.34255523200722426,0.20281855663744078,0.14474700033208462,0.623562062442153,0.24278892228102403,0.05910272071264289,2026-09-01T19:49:56Z
824633,683737,Michael Busch,CHC,MIL,1,3,projected,Robert Gasser,Wrigley Field,2026-09-01T23:40:00Z,4.224150555290533,1857,500,0.4662373003259032,-1.7418289332026493,Normal,0.1259007085514347,0.6011924652811184,0.4171604749895923,0.6774968434309128,0.6661068829007123,0.4614626657855875,0.299637071933133,0.17928033614232702,0.5934056700028457,0.35103324878715914,0.2079686653191491,0.14798639851481885,0.5834779268777164,0.2033390508810038,0.04227941990685374,2026-09-01T19:49:56Z
824633,686217,Sal Frelick,MIL,CHC,0,3,projected,Matthew Boyd,Wrigley Field,2026-09-01T23:40:00Z,4.402860310718459,1675,1641,0.47198380031819165,-0.18596436273284245,Normal,0.06742934164538146,0.6401880182702502,0.3164718141335137,0.5088418548249298,0.6566562661227648,0.45269451988039844,0.29294880143438123,0.1748433440230073,0.5635518753202776,0.32515226861073304,0.18994250439236113,0.13583955314791368,0.619881788804728,0.23798414258035738,0.05640451900071662,2026-09-01T19:49:56Z
824633,664023,Ian Happ,CHC,MIL,1,4,projected,Robert Gasser,Wrigley Field,2026-09-01T23:40:00Z,4.224150555290533,3219,500,0.47972432220078914,0.4833936078879031,Normal,0.11988981666664165,0.5940338846534622,0.4268921714600273,0.7528270346148518,0.6627966137905847,0.4577568730543111,0.2962935783242012,0.1766379939531618,0.5876209876473794,0.3454888696451407,0.2038412926785363,0.14514356186717442,0.5767783112965291,0.19742144156057448,0.04010257399344357,2026-09-01T19:49:56Z
824633,661388,William Contreras,MIL,CHC,0,4,projected,Matthew Boyd,Wrigley Field,2026-09-01T23:40:00Z,4.402860310718459,2875,1641,0.5349187903974185,1.0615379219381975,Normal,0.12754313212687324,0.6774798516221521,0.377017787841211,0.5579316937083619,0.7138263381909009,0.5154941723265432,0.3489185439424986,0.2186720189375622,0.6399464125033891,0.3974779248289205,0.24354561403480887,0.17280924026265798,0.654615097629544,0.27259558180369015,0.07101502592548573,2026-09-01T19:49:56Z
824633,673548,Seiya Suzuki,CHC,MIL,1,5,projected,Robert Gasser,Wrigley Field,2026-09-01T23:40:00Z,4.167254812286783,2802,500,0.5422480803801488,1.1443102005178913,Normal,0.1561904181393097,0.680747882481683,0.3967066971201453,0.6314582192001834,0.7249840516970973,0.5267072365171233,0.3578374417829917,0.22469895232905285,0.6723962164087809,0.4295614453814589,0.26751552672942097,0.18910369032390462,0.6577169274658574,0.27271073707092347,0.06891398440368082,2026-09-01T19:49:56Z
824633,694192,Jackson Chourio,MIL,CHC,0,5,projected,Matthew Boyd,Wrigley Field,2026-09-01T23:40:00Z,4.360846171883103,1629,1641,0.556282677126011,0.31568655873439233,Normal,0.15938358082964835,0.6897212155609479,0.2825450932046678,0.6598696966784566,0.7334897243350825,0.5383463108794301,0.37009113221216666,0.23577994393328006,0.6768859946855887,0.43612064679740326,0.273925153506498,0.19415256860822278,0.6660000156281313,0.28420478346933525,0.07596276739820777,2026-09-01T19:49:56Z
824633,624424,Michael Conforto,CHC,MIL,1,6,projected,Robert Gasser,Wrigley Field,2026-09-01T23:40:00Z,3.777406465470862,1693,500,0.40535164301733617,-0.0323676580045311,Normal,0.11366868500442472,0.5426903742400782,0.35490609794317973,0.6724563819826959,0.6160514772008508,0.40855786310884074,0.2538322956914151,0.14431220740923997,0.5415473836536914,0.3031222575849623,0.1730410932152286,0.12404036730949343,0.5285805382657146,0.15759563093013307,0.026379982052779166,2026-09-01T19:49:56Z
824633,683734,Andrew Vaughn,MIL,CHC,0,6,projected,Matthew Boyd,Wrigley Field,2026-09-01T23:40:00Z,4.129163482284464,2532,1641,0.41915946848114366,0.19730851877626251,Normal,0.11820760491662212,0.66019080636665,0.33092964548042364,0.5620885640042178,0.6809700661859406,0.477148831657178,0.31313903959208256,0.1894991866870034,0.6236741335547415,0.379677675346886,0.2290535340879206,0.16242055147889636,0.6385968869012264,0.25366690628603517,0.06121909013008106,2026-09-01T19:49:56Z
824633,608348,Carson Kelly,CHC,MIL,1,7,projected,Robert Gasser,Wrigley Field,2026-09-01T23:40:00Z,3.7774064654708623,1606,500,0.43518201951123286,0.6533548864341107,Normal,0.10889278457670161,0.6161057505069326,0.3328732863177194,0.4821661767074206,0.6521983975916872,0.4445174839781109,0.283403588700101,0.165780860986851,0.5792334729272631,0.3356836893955276,0.1956509259508597,0.13925816740255054,0.5975905851955984,0.21167687717427378,0.04308672954141421,2026-09-01T19:49:56Z
824633,641343,Jake Bauers,MIL,CHC,0,7,projected,Matthew Boyd,Wrigley Field,2026-09-01T23:40:00Z,3.699543694543303,1333,1641,0.4510171071981142,0.37432456180346646,Normal,0.10319588988497291,0.5437060257396147,0.42493811514914326,0.714230263325724,0.6301481373031714,0.4226552460302019,0.2655562039965156,0.15295229482887082,0.5317299945599405,0.2952117076066324,0.1678167187859717,0.12057622684718666,0.5295237532519118,0.15867939789719585,0.026950271136841595,2026-09-01T19:49:56Z
824633,691718,Pete Crow-Armstrong,CHC,MIL,1,8,projected,Robert Gasser,Wrigley Field,2026-09-01T23:40:00Z,3.7774064654708623,1696,500,0.5024770307981067,0.7717312206971939,Normal,0.16719065433651872,0.5858700180981327,0.3163962746256046,0.6680384806165537,0.6776120468402181,0.47121116909554644,0.30620487782195743,0.18287545876725858,0.6230107900906728,0.376595535774531,0.22534244358339595,0.1593937415632584,0.5692647288101109,0.18784403946618297,0.03519274994533748,2026-09-01T19:49:56Z
824633,596142,Gary Sánchez,MIL,CHC,0,8,projected,Matthew Boyd,Wrigley Field,2026-09-01T23:40:00Z,3.6657519766139743,1364,1641,0.45127754455686675,-1.3650103146270696,Normal,0.15172554988617615,0.5410509947766083,0.3872845789030998,0.6354007375058064,0.6313846723441282,0.4235078581929725,0.26602360034817774,0.15314187150268557,0.5731108191252892,0.3303184541590154,0.19197294481492957,0.1368375522375654,0.5270453481872647,0.15644442081280088,0.026168269646261552,2026-09-01T19:49:56Z
824633,621438,Tyrone Taylor,CHC,MIL,1,9,projected,Robert Gasser,Wrigley Field,2026-09-01T23:40:00Z,3.281517891472709,1544,500,0.44723275613133645,3.070806678308438,Hot,0.10787072168772684,0.5738982144537182,0.2279175373841189,0.47869198457837625,0.6313416220482164,0.4199363562066863,0.26074606600652955,0.14772710023263988,0.5693065145779251,0.3234578517100118,0.18550306177235712,0.13216572391158485,0.5582783348377628,0.17424259881021512,0.028998670895958124,2026-09-01T19:49:56Z
824633,687401,Joey Ortiz,MIL,CHC,0,9,projected,Matthew Boyd,Wrigley Field,2026-09-01T23:40:00Z,3.5103390913684223,1401,1641,0.4302159817542127,0.5933868099081728,Normal,0.08563104050137516,0.5700217396425377,0.25409544139139423,0.49133370373262836,0.610125020998183,0.4016945595206505,0.2476726129076197,0.13954724352735473,0.5350547675623492,0.2967009167601341,0.16831392323559458,0.12086554786964196,0.5544473495371643,0.17497028540861662,0.03089519845331847,2026-09-01T19:49:56Z
824716,701350,Roman Anthony,BOS,SEA,1,1,confirmed,Bryan Woo,Fenway Park,2026-09-01T22:45:00Z,4.519341271023653,443,2156,0.6245651426761615,1.0096247867107446,Normal,0.10649247982212644,0.6672388182137724,0.48068098860790354,0.7386211124600331,0.7017379127257849,0.5022670684266672,0.3372501772318919,0.20966497795880026,0.6254005428735845,0.3835104781859034,0.23318733163167424,0.16571124306716917,0.6450657596439783,0.2637198969511535,0.06775120795654234,2026-09-01T19:49:56Z
824716,668227,Randy Arozarena,SEA,BOS,0,1,confirmed,Jedixson Paez,Fenway Park,2026-09-01T22:45:00Z,4.754352818661038,3225,16,0.6491147603322928,-1.111862423821265,Normal,0.13364732152619832,0.6709027644732811,0.4435993527032869,0.6834285232160776,0.7192597522893751,0.5235263542639811,0.3577666972457312,0.22693801624854118,0.6455149113306833,0.4049668335252447,0.25044145713494204,0.17804834943239783,0.6484334289042768,0.26897332916929617,0.07122997251910043,2026-09-01T19:49:56Z
824716,681508,Mickey Gasper,BOS,SEA,1,2,confirmed,Bryan Woo,Fenway Park,2026-09-01T22:45:00Z,4.037860780618383,294,2156,0.49968548831592324,3.1283361090432624,Hot,0.11843886113603437,0.5920535969253669,0.40884561608094994,0.5240460138537913,0.6350366747447443,0.42923009335364776,0.2721290691980053,0.1585499749018857,0.5759260208618344,0.33490063524829916,0.19621282083156064,0.13992241572776073,0.5749114235281523,0.195939337036595,0.03955984418360645,2026-09-01T19:49:56Z
824716,686527,Dominic Canzone,SEA,BOS,0,2,confirmed,Jedixson Paez,Fenway Park,2026-09-01T22:45:00Z,4.378728423510464,1064,16,0.546237226790228,-1.1811123196660183,Normal,0.16554158828323243,0.6652690983277106,0.3476503996271474,0.6130466543083659,0.7086709243199774,0.5098955277090194,0.34401843306994634,0.2149135805190881,0.6633599311274254,0.42226638462154753,0.26324199789329483,0.18673238240622256,0.6432419232364054,0.26136670721944155,0.06638768388157637,2026-09-01T19:49:56Z
824716,678882,Ceddanne Rafaela,BOS,SEA,1,3,confirmed,Bryan Woo,Fenway Park,2026-09-01T22:45:00Z,4.037860780618383,1812,2156,0.4225166416199499,-0.9743602181515844,Normal,0.09461707516383164,0.6351249649261147,0.1677169656009327,0.6810572522061827,0.6527966343017227,0.4473230197826155,0.2872328290441501,0.1696446614435993,0.5939336574375118,0.3512705609275386,0.20788527217968505,0.14779855615546034,0.6152080498751542,0.23115341986988974,0.05192841950121455,2026-09-01T19:49:56Z
824716,677594,Julio Rodríguez,SEA,BOS,0,3,confirmed,Jedixson Paez,Fenway Park,2026-09-01T22:45:00Z,4.378728423510464,3152,16,0.4978647039056806,-2.2073752722583,Cold,0.1335095258821486,0.6699803564239972,0.2825796184920839,0.6586512296005386,0.7048252293047377,0.5058054192176226,0.34035101589143796,0.21197750454305408,0.6358520633606689,0.3939146655891142,0.24100351878979404,0.1710522401961433,0.6475934802321878,0.2662212452978444,0.068452728758066,2026-09-01T19:49:56Z
824716,677800,Wilyer Abreu,BOS,SEA,1,4,confirmed,Bryan Woo,Fenway Park,2026-09-01T22:45:00Z,4.037860780618383,1543,2156,0.4897213187335281,0.8221619700526767,Normal,0.15240985273907204,0.6195540787450767,0.3499698441886043,0.6131889070302358,0.6804596601926937,0.47598703342157533,0.311598704030921,0.1878899101318267,0.6311887875685944,0.3864418843714592,0.23371101429146182,0.1654404591988907,0.6007169671593565,0.21686701077593976,0.0462011780230715,2026-09-01T19:49:56Z
824716,663728,Cal Raleigh,SEA,BOS,0,4,confirmed,Jedixson Paez,Fenway Park,2026-09-01T22:45:00Z,4.352749624725795,2752,16,0.516337040949438,0.6012330059398016,Normal,0.2211322976773632,0.5898484630490427,0.42784264168827835,0.7570355170587784,0.6941154716404552,0.49281558820721433,0.3280070497932123,0.20180940162359032,0.6550787264563767,0.4128483246128378,0.2553820828336452,0.18104261761217766,0.5727842427400149,0.19570402714651158,0.04033849063406567,2026-09-01T19:49:56Z
824716,686765,Nick Sogard,BOS,SEA,1,5,confirmed,Bryan Woo,Fenway Park,2026-09-01T22:45:00Z,4.037860780618383,379,2156,0.46924973932026615,-0.30673712524034885,Normal,0.08394920081949551,0.6250953900480108,0.3588267836050435,0.6126360217610564,0.6411695001523487,0.4344557125169481,0.2758076591678494,0.16077578685277752,0.5748011547839151,0.3329117289615281,0.19429269948282396,0.1384941770749327,0.6059156673967717,0.22109246700305457,0.047537777195254156,2026-09-01T19:49:56Z
824716,647304,Josh Naylor,SEA,BOS,0,5,confirmed,Jedixson Paez,Fenway Park,2026-09-01T22:45:00Z,4.301540795603988,2786,16,0.4806958982312241,-0.4604110633419267,Normal,0.13132851015130978,0.6907183986093439,0.31245531703405105,0.4482666192565892,0.7102089818348823,0.5106867732381519,0.3439924373192825,0.21432748099194127,0.6497350324433713,0.4068775678212091,0.25046599581818935,0.1775078401610847,0.6669304525759732,0.2847434283888954,0.07583926707633906,2026-09-01T19:49:56Z
824716,702332,Caleb Durbin,BOS,SEA,1,6,confirmed,Bryan Woo,Fenway Park,2026-09-01T22:45:00Z,3.948105925565129,1009,2156,0.39720229774364874,-0.4216563186143968,Normal,0.07994026499511224,0.593450274681695,0.2751304838812233,0.5148896185245959,0.627616314417522,0.42039370410608984,0.2638256324860185,0.1517697969538909,0.5427133330766076,0.30457829047002,0.17427485688072386,0.12492314414939014,0.5763213864883429,0.1948084631783634,0.038018990448951934,2026-09-01T19:49:56Z
824716,702284,Cole Young,SEA,BOS,0,6,confirmed,Jedixson Paez,Fenway Park,2026-09-01T22:45:00Z,4.071374761153272,811,16,0.42751823644303655,-1.7252108126188312,Normal,0.10808078557576759,0.617965074075346,0.33204495188294364,0.47470050984486256,0.6439456594690204,0.43792968055209497,0.279201864158878,0.16364597235556802,0.5811529501480132,0.3393011559881955,0.19922097840553069,0.14194571915062826,0.5992128835556217,0.21621388729510074,0.04644250772625891,2026-09-01T19:49:56Z
824716,680776,Jarren Duran,BOS,SEA,1,7,confirmed,Bryan Woo,Fenway Park,2026-09-01T22:45:00Z,3.9481059255651285,2562,2156,0.4170428170173541,-0.010185314794187888,Normal,0.10678212957030354,0.6077108314518337,0.2622507670755971,0.6752776417211229,0.6454030973400817,0.438234813626163,0.2785995650373819,0.16256961728553807,0.6016298120208989,0.35696310065011455,0.21132451266569596,0.1499773316861396,0.5896895935212654,0.20595290541816738,0.041707858169983444,2026-09-01T19:49:56Z
824716,596115,Trevor Story,BOS,SEA,1,8,confirmed,Bryan Woo,Fenway Park,2026-09-01T22:45:00Z,3.8585295775242106,1509,2156,0.3907407982106916,-0.5742381454454217,Normal,0.0938493746181257,0.5918181844842056,0.18643715093841953,0.7890013976995769,0.6388519395326594,0.4311556333737895,0.2724081821800174,0.15782091347042002,0.5555950920354574,0.3151310952109539,0.18136724791922124,0.12966955199983002,0.5748251698295541,0.19285807292814836,0.03705727519529031,2026-09-01T19:49:56Z
824716,641487,J.P. Crawford,SEA,BOS,0,8,confirmed,Jedixson Paez,Fenway Park,2026-09-01T22:45:00Z,4.052462894299113,2738,16,0.4397584831111903,-1.4547983071986559,Normal,0.08984889624472778,0.6010176078905577,0.4404429997070725,0.5530455197876586,0.6355400269345723,0.42927005458553896,0.2718900065602846,0.15821158466794927,0.5542059698510519,0.315333464923625,0.18222424884763225,0.13042122300946848,0.5833592107331264,0.20229145989276098,0.041502547683166816,2026-09-01T19:49:56Z
824716,657136,Connor Wong,BOS,SEA,1,9,confirmed,Bryan Woo,Fenway Park,2026-09-01T22:45:00Z,3.4242954282689966,1351,2156,0.36329726400584633,-0.2993530911638571,Normal,0.06704780305141347,0.5329810378822347,0.20460958284293346,0.6858780688346868,0.5820100160969377,0.37425473929130504,0.2253643269175434,0.12348001246197085,0.49095895377601617,0.26064917172687324,0.14400141789729237,0.10451871047071135,0.5195932435447217,0.1481784066895127,0.022723433765936562,2026-09-01T19:49:56Z
824716,801126,Brock Rodden,SEA,BOS,0,9,confirmed,Jedixson Paez,Fenway Park,2026-09-01T22:45:00Z,3.52097780210165,46,16,0.4435124496526888,-1.384581722167723,Normal,0.09576430145141065,0.5675317142507961,0.3153250056080153,0.5905267591977262,0.5694536089743979,0.36404008227394813,0.21828575677318626,0.11916772442805403,0.5438240179879649,0.30406419953452263,0.1733409918568945,0.12424169189339515,0.5520981033074276,0.17329303426742612,0.030444818006241152,2026-09-01T19:49:56Z
825038,682998,Corbin Carroll,AZ,PHI,1,1,projected,Jesús Luzardo,Chase Field,2026-09-02T01:40:00Z,4.537672725186931,2677,2849,0.6800346984185043,-0.48173827433539146,Normal,0.11965881139928253,0.6393507869509545,0.40242997996116886,0.7737673755632786,0.7215813634329794,0.5252571053317213,0.35858827728946796,0.22698394551965312,0.640976708500947,0.3992617409257898,0.24536376441903507,0.1742415821576357,0.6190720911316815,0.23812555914485625,0.05699936724088059,2026-09-01T19:49:56Z
825038,656941,Kyle Schwarber,PHI,AZ,0,1,projected,Eduardo Rodriguez,Chase Field,2026-09-02T01:40:00Z,4.822808893423457,3404,2594,0.6964929065040404,0.22695123777132975,Normal,0.24773507665117223,0.6520489214662476,0.5044339194140001,0.818237188478082,0.7539541953226961,0.565828868177853,0.3986922968535946,0.26144186355905286,0.7071270462832333,0.4729949903018047,0.306333732974189,0.21838046563795557,0.6308645956357548,0.251463190610592,0.06372308785880824,2026-09-01T19:49:56Z
825038,663457,Lars Nootbaar,AZ,PHI,1,2,projected,Jesús Luzardo,Chase Field,2026-09-02T01:40:00Z,4.3164699474701305,2096,2849,0.48495530852239005,0.9848204693415832,Normal,0.09459532194574483,0.6030617021813074,0.39758303611202184,0.7388289365402697,0.6553301295496292,0.45077503935803215,0.29090261990932215,0.17299665182093468,0.5687485881122217,0.32924458984303034,0.19258863858663827,0.13757563595585603,0.5851898873910044,0.20580086114452997,0.04367969545595613,2026-09-01T19:49:56Z
825038,650333,Luis Arraez,PHI,AZ,0,2,projected,Eduardo Rodriguez,Chase Field,2026-09-02T01:40:00Z,4.6570586799254245,3137,2594,0.5305398313133718,0.024033075228796656,Normal,0.07272840075832282,0.776548687441283,0.22489290453824778,0.35654029087412875,0.7492103069646283,0.5592260220372423,0.39161463005806835,0.25491931743589497,0.673044328077317,0.4337023492269688,0.2731025127074702,0.1940467844653398,0.7462930820851864,0.3868574203866245,0.13394432367089698,2026-09-01T19:49:56Z
825038,606466,Ketel Marte,AZ,PHI,1,3,projected,Jesús Luzardo,Chase Field,2026-09-02T01:40:00Z,4.3164699474701305,2872,2849,0.4709966095177359,0.3591363189038254,Normal,0.1259504555181496,0.6400260843290831,0.31387750995534824,0.6747113546814665,0.6976500822216929,0.4963143008163674,0.3308029534262256,0.20374228129978247,0.6227307596668089,0.3795012738671564,0.22935979079031832,0.16278701263516648,0.6197736212051862,0.2365486887689635,0.05504973233343771,2026-09-01T19:49:56Z
825038,607208,Trea Turner,PHI,AZ,0,3,projected,Eduardo Rodriguez,Chase Field,2026-09-02T01:40:00Z,4.617278027519949,3178,2594,0.6049471678386193,-0.3784278964883236,Normal,0.1333827326382606,0.7252692085811673,0.3019948798390657,0.5979300396516575,0.7525374315145925,0.5630881194127074,0.39518029174057145,0.25778651057054863,0.6794543191326824,0.4404416194665274,0.27842736184550215,0.19780222199425623,0.6989108462075915,0.3244476241396352,0.09765465995068691,2026-09-01T19:49:56Z
825038,571448,Nolan Arenado,AZ,PHI,1,4,projected,Jesús Luzardo,Chase Field,2026-09-02T01:40:00Z,4.185122047606002,2811,2849,0.4969318763001767,-0.6273464720564876,Normal,0.15293531527866452,0.6556741084275928,0.32852125599035653,0.5856913840927573,0.7040453158583038,0.5027012394113137,0.33591641261631244,0.2072640715580892,0.6439896986188799,0.399935720767376,0.24442208142175845,0.17302455152869325,0.6343967596957562,0.2493017708670198,0.05928635462169707,2026-09-01T19:49:56Z
825038,650559,Bryan De La Cruz,PHI,AZ,0,4,projected,Eduardo Rodriguez,Chase Field,2026-09-02T01:40:00Z,4.333046124581286,1706,2594,0.4358547134224926,0.8606319040235709,Normal,0.13016725989780356,0.669061769368874,0.2600341942098807,0.6991035735360703,0.6908564661919253,0.4890762143622367,0.32456754979008806,0.19904150001511425,0.6353777779469499,0.3924673730729644,0.23946279299316736,0.16988058550543156,0.6468047146135085,0.2638372582414724,0.06675832655814602,2026-09-01T19:49:56Z
825038,596146,Max Kepler,AZ,PHI,1,5,projected,Jesús Luzardo,Chase Field,2026-09-02T01:40:00Z,3.992596156334999,1952,2849,0.41036052696356967,-0.5688822694111835,Normal,0.09303799184310153,0.5774608099417183,0.27731347512205695,0.7094977416499925,0.6311320928106611,0.42421500273398915,0.26718725964657086,0.1543648145501785,0.5454131367540134,0.30715966821518464,0.17618463724068542,0.12623263230455484,0.5612815113528556,0.18321963618849876,0.034525746218117326,2026-09-01T19:49:56Z
825038,547180,Bryce Harper,PHI,AZ,0,5,projected,Eduardo Rodriguez,Chase Field,2026-09-02T01:40:00Z,4.333046124581286,2774,2594,0.5691060997168892,1.4503920540332373,Normal,0.14339687643165605,0.6708451124738248,0.48191054349974255,0.6130651362164339,0.7274633386121785,0.5310589975716409,0.36310371660880386,0.22994639872927428,0.656755785027797,0.4144078300620112,0.2564922245910292,0.18178136774229608,0.648466849700315,0.2654254364277313,0.06737033835008727,2026-09-01T19:49:56Z
825038,672515,Gabriel Moreno,AZ,PHI,1,6,projected,Jesús Luzardo,Chase Field,2026-09-02T01:40:00Z,3.900634027203562,1567,2849,0.46150011634780214,0.20735657501119034,Normal,0.09546829551798808,0.660645638852942,0.36313106600186823,0.5355386475793701,0.6801689057837413,0.47472184065517503,0.30978902617995635,0.18597960254696894,0.6042308789992701,0.3593130544682573,0.2129750149565847,0.15107196947484536,0.6390854150002203,0.25143266158147004,0.05845429337273683,2026-09-01T19:49:56Z
825038,664761,Alec Bohm,PHI,AZ,0,6,projected,Eduardo Rodriguez,Chase Field,2026-09-02T01:40:00Z,4.2219720170790875,2898,2594,0.46690390692579725,0.5669934112268399,Normal,0.10613324718252515,0.6882776421189322,0.28661590124033687,0.4535518944775889,0.7007677722472704,0.499478751992671,0.33340997798482186,0.20561690013223893,0.6319048694949849,0.3882484243475031,0.23580924296308178,0.16719398155834175,0.6646812891098737,0.2815070894391162,0.07381124228956958,2026-09-01T19:49:56Z
825038,545121,Ildemaro Vargas,AZ,PHI,1,7,projected,Jesús Luzardo,Chase Field,2026-09-02T01:40:00Z,3.727437548901289,1374,2849,0.34242729683479833,-1.9506867489194928,Normal,0.06409992769650742,0.5887463124485239,0.195055513719506,0.49972522762373234,0.6048402888967236,0.39739736129705977,0.24464087549874663,0.13762598870661988,0.5280566877297045,0.29158679537217164,0.16506845584634044,0.11867197869524375,0.5719732471548367,0.18982785094391938,0.03571899322988664,2026-09-01T19:49:56Z
825038,681082,Bryson Stott,PHI,AZ,0,7,projected,Eduardo Rodriguez,Chase Field,2026-09-02T01:40:00Z,4.01576819893165,2764,2594,0.4546258897585535,-0.6341133878240528,Normal,0.0793954818395674,0.6399063525971292,0.3185189024990777,0.5116710519047108,0.6642935185068491,0.45875254905191637,0.29672677853679197,0.1766532806537863,0.5785161006020278,0.33662950887088433,0.1971686413199602,0.14051921305552117,0.6197263905529777,0.23447182437727224,0.05301821048787867,2026-09-01T19:49:56Z
825038,672695,Geraldo Perdomo,AZ,PHI,1,8,projected,Jesús Luzardo,Chase Field,2026-09-02T01:40:00Z,3.727437548901288,2687,2849,0.4330667359515549,1.9505352207294109,Normal,0.06301806680764441,0.5649897405557731,0.35661615765692445,0.5658488022960322,0.6161550203127085,0.40820868272680355,0.25326721171726246,0.14372286496755204,0.5085523430747682,0.27583053526980855,0.15452230504354214,0.11159358913085303,0.5496441598098826,0.17232736928801443,0.03033848324162171,2026-09-01T19:49:56Z
825038,592663,J.T. Realmuto,PHI,AZ,0,8,projected,Eduardo Rodriguez,Chase Field,2026-09-02T01:40:00Z,3.941862836133394,2456,2594,0.4893880915251152,0.1452683636253381,Normal,0.11757000678995741,0.6313031619443573,0.3020163477866698,0.5660551737175402,0.6824974475967627,0.47793915602410864,0.3132028433007193,0.1890867427188721,0.6061555371885818,0.3618712048014773,0.21532246045470707,0.15285334977311948,0.611720503642954,0.22648396510712976,0.049725627080653576,2026-09-01T19:49:56Z
825038,543510,James McCann,AZ,PHI,1,9,projected,Jesús Luzardo,Chase Field,2026-09-02T01:40:00Z,3.4003493890032086,926,2849,0.41970635740146023,1.372022341979849,Normal,0.09663451549252951,0.5694361474377657,0.2381228313116752,0.642412671119625,0.6211827663293816,0.4109681453162385,0.2541462931975962,0.14346094573750748,0.5402533277695865,0.29968466553296386,0.16970095820446307,0.12168376718393434,0.5540020886986049,0.17246001450138926,0.02911261763020662,2026-09-01T19:49:56Z
825038,669016,Brandon Marsh,PHI,AZ,0,9,projected,Eduardo Rodriguez,Chase Field,2026-09-02T01:40:00Z,3.549467720377149,2350,2594,0.4321308908422591,-0.8369012958244351,Normal,0.080769439303907,0.6021635925247166,0.22836457163734128,0.6393410023972728,0.6443602412661424,0.43567204496692297,0.2755370280185191,0.15972359984319007,0.5552643107530589,0.3139346746529791,0.18018723920228896,0.12885034093491926,0.5846127160750321,0.19937920284784952,0.03862347635658792,2026-09-01T19:49:56Z
