game_pk,player_id,name,team,opponent,is_home,lineup_slot,lineup_status,opposing_pitcher,venue_name,start_time_utc,expected_pa,batter_pa_seen,pitcher_pa_seen,exp_runs,starter_share,form_z,form_state,prob_hr,prob_hit,prob_walk,prob_k,prob_hrr_over_0.5,prob_hrr_over_1.5,prob_hrr_over_2.5,prob_hrr_over_3.5,prob_tb_over_0.5,prob_tb_over_1.5,prob_tb_over_2.5,prob_tb_over_3.5,prob_hits_over_0.5,prob_hits_over_1.5,prob_hits_over_2.5,predicted_at_utc
822843,607043,Brandon Nimmo,TEX,TOR,1,1,projected,José Soriano,Globe Life Field,2026-09-19T23:05:00Z,4.4259622937941865,3292,2083,0.5597676959396485,0.685365085600464,-0.656546153541334,Normal,0.10633880229073125,0.6469900275824501,0.41080593004163296,0.6245753909549208,0.690603613917812,0.48893277303242405,0.3244718052883826,0.199148910662031,0.6222319521080276,0.3746808398548089,0.21993589425672438,0.1473035266245468,0.6258985149514292,0.24413296384733565,0.058953240661210674,2026-09-19T01:25:04Z
822843,543807,George Springer,TOR,TEX,0,1,projected,Cal Quantrill,Globe Life Field,2026-09-19T23:05:00Z,4.604505386875612,2959,2822,0.6256965011833531,0.637687833777252,1.612575095748563,Normal,0.13391578672169066,0.7109180806580223,0.3284886537486279,0.5157159669408973,0.7365066872740023,0.5434614569868096,0.3760955372926176,0.24178860370642993,0.6807085344860045,0.4313749495670699,0.2656720221269365,0.18316541142551532,0.6852022047563008,0.3092600846626655,0.0902417519927692,2026-09-19T01:25:04Z
822843,608369,Corey Seager,TEX,TOR,1,2,projected,José Soriano,Globe Life Field,2026-09-19T23:05:00Z,4.320075757575758,2574,2083,0.5842936636568451,0.6799619994897175,1.132207112054506,Normal,0.1749674232687538,0.6513553413351004,0.412779250909025,0.5606606670270217,0.7216132189596123,0.5238446404203052,0.3559730049852495,0.22396761358567235,0.6262765431169105,0.4000183045685221,0.25870827409697295,0.20136584203870153,0.6299899128351678,0.24713024401684408,0.05954256994496766,2026-09-19T01:25:04Z
822843,669701,Josh Smith,TOR,TEX,0,2,projected,Cal Quantrill,Globe Life Field,2026-09-19T23:05:00Z,4.515250335699213,1859,2822,0.5490408205271601,0.6301056730682927,-0.8483851751520581,Normal,0.1072770978483888,0.6445477463341608,0.44799127090929936,0.6045216140044002,0.6792413005832117,0.47696077583799323,0.31421494944512873,0.19144252627594835,0.61995519701439,0.3648365761885408,0.21020296856123702,0.1420956214959353,0.623598143672769,0.24282045359563065,0.05899548928086875,2026-09-19T01:25:04Z
822843,694671,Wyatt Langford,TEX,TOR,1,3,projected,José Soriano,Globe Life Field,2026-09-19T23:05:00Z,4.225771521386031,1563,2083,0.5378889814615725,0.6740440613627047,-1.5783276247513378,Normal,0.10420303046543934,0.6167827300867272,0.4892354509048089,0.6894771229737521,0.6812148137827301,0.4772166095930244,0.3129962458096874,0.18940762873082598,0.5944992907754818,0.35143444796382,0.20213838139598433,0.13743643876735445,0.5977932642308497,0.2158797613150053,0.04672509720219605,2026-09-19T01:25:04Z
822843,664770,Nathan Lukes,TOR,TEX,0,3,projected,Cal Quantrill,Globe Life Field,2026-09-19T23:05:00Z,4.404062386652159,980,2822,0.48931810034885537,0.6203701571182113,0.61637652777122,Normal,0.11179415934065902,0.6791452192830584,0.3120620771638344,0.49312867052989645,0.6909697547981671,0.48952506375386123,0.325139252136006,0.19977609839719904,0.6517145873956771,0.3938834953081257,0.23191049949498124,0.15484280512956045,0.6557837529448679,0.2747916232395371,0.07240206533346039,2026-09-19T01:25:04Z
822843,592626,Joc Pederson,TEX,TOR,1,4,projected,José Soriano,Globe Life Field,2026-09-19T23:05:00Z,4.137759336099585,2045,2083,0.5024240879146736,0.6638386583775584,-0.6366527480769767,Normal,0.1763865285083527,0.5960810517681964,0.4647669452230038,0.6188754696268096,0.6786010430205226,0.473744460123725,0.30945869357023464,0.18631419675505975,0.5754065606875882,0.3585364438562086,0.2416713868550028,0.1955734737004177,0.5784599120387789,0.19831211616415115,0.04001377888097785,2026-09-19T01:25:04Z
822843,665489,Vladimir Guerrero Jr.,TOR,TEX,0,4,projected,Cal Quantrill,Globe Life Field,2026-09-19T23:05:00Z,4.319574734208881,3351,2822,0.4656297851484275,0.6043992750258153,0.33505013678168877,Normal,0.11034343417043335,0.7037975457018274,0.2895382794625814,0.42961027107337113,0.7129384584862539,0.5137235807775463,0.3466244760798353,0.21646876425929998,0.6742723772856206,0.4188125515999725,0.24174384542841118,0.1572412916384507,0.6786562183744906,0.2985960439592851,0.08268995112535671,2026-09-19T01:25:04Z
822843,553869,Elias Díaz,TEX,TOR,1,5,projected,José Soriano,Globe Life Field,2026-09-19T23:05:00Z,4.021140609636185,1766,2083,0.3525753425203147,0.6500475656865826,0.01281978096818778,Normal,0.08142690594563458,0.6086293974414504,0.28120363752949734,0.6986775715256048,0.6324986141544203,0.4252997327546614,0.2678729093966902,0.15490826633942878,0.587043050753645,0.33013294304095686,0.17468954462650807,0.11118130866093025,0.5902315161056192,0.2076459566854042,0.04285383746002604,2026-09-19T01:25:04Z
822843,672386,Alejandro Kirk,TOR,TEX,0,5,projected,Cal Quantrill,Globe Life Field,2026-09-19T23:05:00Z,4.191813422179914,2142,2822,0.38767776153224054,0.5870915672024859,0.20875358917440692,Normal,0.10663790836485058,0.6863458957799046,0.29512180421953305,0.39111705766442784,0.6784639087545871,0.4745317746974846,0.31086406727219323,0.18793464975530835,0.6583593578764605,0.38702360325101265,0.21791974546686027,0.14266370430359152,0.6625089360009608,0.27978467314635336,0.07318218987768904,2026-09-19T01:25:04Z
822843,669394,Jake Burger,TEX,TOR,1,6,projected,José Soriano,Globe Life Field,2026-09-19T23:05:00Z,3.8884043099025143,2261,2083,0.4339823024674287,0.6435483001691683,-0.3637306703090498,Normal,0.12689790667950743,0.5965924324522326,0.3469006966971095,0.7219409137900716,0.6696446603977306,0.4632820948925454,0.2997059617652958,0.17837965180495474,0.5759405357445425,0.3408783716693444,0.20289910979417128,0.14995089998823866,0.5789893697424242,0.19749751584082548,0.03903852855109104,2026-09-19T01:25:04Z
822843,665926,Andrés Giménez,TOR,TEX,0,6,projected,Cal Quantrill,Globe Life Field,2026-09-19T23:05:00Z,4.056862238304472,2660,2822,0.41055423635427024,0.5786519102446094,0.32066677734426285,Normal,0.09125330741797776,0.6334102311841849,0.29260482592523823,0.5224691824311989,0.6544856758220817,0.4488627147500996,0.28846711536613384,0.1707433580715543,0.6098133500768708,0.3469970405679151,0.1921977243691038,0.1246633083387375,0.6133034972720619,0.2301622090859712,0.05214446816681235,2026-09-19T01:25:04Z
822843,673962,Josh Jung,TEX,TOR,1,7,projected,José Soriano,Globe Life Field,2026-09-19T23:05:00Z,3.7422402159244266,1734,2083,0.4212306566723622,0.6263646600257428,1.4909486804772905,Normal,0.08201057956399918,0.6237392318244204,0.3006035231745061,0.6293300820931504,0.6629935279273759,0.4556680389104638,0.2927857388566538,0.17290581258105828,0.6010627694246014,0.33960212542221696,0.18109056750617364,0.11403818999145775,0.6044122580386396,0.2185882529260383,0.04593045133673227,2026-09-19T01:25:04Z
822843,676391,Ernie Clement,TOR,TEX,0,7,projected,Cal Quantrill,Globe Life Field,2026-09-19T23:05:00Z,3.9124487004103967,1862,2822,0.4188016675368192,0.5623795593851173,-0.7902336093247462,Normal,0.07149173895576133,0.6628478746041155,0.17957539769711164,0.33897090888989445,0.6659371397765579,0.4603331656858913,0.297931244075188,0.17762188003360452,0.636897462695319,0.3681018480861762,0.19523342642762093,0.11484678469244752,0.6407389869714955,0.25574029348498417,0.061858521111157125,2026-09-19T01:25:04Z
822843,677649,Ezequiel Duran,TEX,TOR,1,8,projected,José Soriano,Globe Life Field,2026-09-19T23:05:00Z,3.5848449385605616,1724,2083,0.3998567699644814,0.6223278455586724,0.34020029129812984,Normal,0.07182552132748964,0.5913774233990999,0.2861465470025545,0.6447351632756708,0.6252414053980543,0.4161977733029183,0.2591612820279953,0.14774951809127382,0.5712532952259831,0.311626024828458,0.16096242190179752,0.09976062502711112,0.5742223954479675,0.1912083399693572,0.03596319486687809,2026-09-19T01:25:04Z
822843,676914,Davis Schneider,TOR,TEX,0,8,projected,Cal Quantrill,Globe Life Field,2026-09-19T23:05:00Z,3.77134670487106,963,2822,0.44355078604549897,0.5575177713010053,-1.3436313444580172,Normal,0.10508910269320741,0.5484655469680866,0.40623960580781704,0.6953060075887997,0.6250047694435632,0.41781502975807533,0.26175129645390915,0.1505085645225416,0.5311933384924609,0.30870621767689554,0.1756635674955031,0.12689388104702054,0.5337411486188407,0.16297776667308853,0.028715960653059012,2026-09-19T01:25:04Z
822843,670032,Nicky Lopez,TEX,TOR,1,9,projected,José Soriano,Globe Life Field,2026-09-19T23:05:00Z,3.4062130177514796,1463,2083,0.3740704541705765,0.6300170738262865,-0.3659378262512235,Normal,0.05052272456611445,0.5334909674863179,0.29626932364708786,0.414781764761137,0.5642564769984295,0.3581350062708531,0.21296381805712186,0.11518897490521696,0.5174716481188621,0.2413046225501603,0.11660401275733681,0.06911640856252986,0.5198320885640237,0.14919112475325447,0.023274924322037333,2026-09-19T01:25:04Z
822843,664702,Myles Straw,TOR,TEX,0,9,projected,Cal Quantrill,Globe Life Field,2026-09-19T23:05:00Z,3.6038677479725516,1724,2822,0.4375672549100202,0.5631769388814243,0.9467423088146651,Normal,0.05288195314528265,0.586048036540794,0.23583984558767762,0.3903336098358715,0.6087471621252193,0.4013378328385746,0.2479957868786266,0.14037348075650286,0.5662139532286036,0.29736919056830324,0.14527821424630516,0.0822854283636799,0.5691415674376596,0.1890570484298091,0.0363617103798783,2026-09-19T01:25:04Z
822921,650490,Yandy Díaz,TB,BOS,1,1,projected,TBD,Tropicana Field,2026-09-19T20:10:00Z,4.4259622937941865,3085,0,0.5389885422460511,0.5865235988321216,-2.103925430623535,Cold,0.11380632241711293,0.7179581637518616,0.32647662726645016,0.50557145581353,0.7223077619937318,0.5252679629370602,0.3578268364518441,0.22590022912359914,0.6871536776714011,0.4287185555431013,0.2504509640469722,0.16313154617440953,0.6917335545668979,0.3148088369663854,0.09145837471011456,2026-09-19T01:25:04Z
822921,680776,Jarren Duran,BOS,TB,0,1,projected,Freddy Peralta,Tropicana Field,2026-09-19T20:10:00Z,4.604505386875612,2600,3130,0.5616533523813032,0.6462323148029377,-0.7481019434525275,Normal,0.12494942622389237,0.6377011683092403,0.31843949848029734,0.777154662332655,0.6834992626457241,0.4821998157187863,0.3193025448073009,0.1957356430718672,0.6136158165607863,0.39805960218614683,0.25120324702151525,0.17519363167274685,0.61718362772402,0.23761412824431624,0.057381813417568255,2026-09-19T01:25:04Z
822921,656775,Cedric Mullins,TB,BOS,1,2,projected,TBD,Tropicana Field,2026-09-19T20:10:00Z,4.320075757575758,2604,0,0.5364149797517407,0.5865235988321216,-0.5706822249054403,Normal,0.11950995689083882,0.6256236070919415,0.37089473737454326,0.5606680610675205,0.6764992950048174,0.4728627486790997,0.3097236899567542,0.1872915957041312,0.6025983308088164,0.362380434535433,0.21763835705496445,0.15320005897032996,0.6060041987373731,0.2244565493394013,0.05056020875631403,2026-09-19T01:25:04Z
822921,668939,Adley Rutschman,BOS,TB,0,2,projected,Freddy Peralta,Tropicana Field,2026-09-19T20:10:00Z,4.515250335699213,2543,3130,0.4865055074180852,0.6388206553422586,-0.6699076475466804,Normal,0.11285093842791301,0.6142682370851873,0.379753919291388,0.6644969010970314,0.6611484623626918,0.4575394544961203,0.2971884697927039,0.17829540297734597,0.5920439301169106,0.355172613958315,0.20635463617448335,0.14437511094229372,0.5953319907731309,0.21665051435779759,0.04865316035813631,2026-09-19T01:25:04Z
822921,802415,Chandler Simpson,TB,BOS,1,3,projected,TBD,Tropicana Field,2026-09-19T20:10:00Z,4.225771521386031,1026,0,0.47527356376044205,0.5865235988321216,1.3631723853814917,Normal,0.06396177065993137,0.7307863011710777,0.2350052402266477,0.3536188487475981,0.6977059005982365,0.4954918647599001,0.3293023464516509,0.20213708573252512,0.6988497210773968,0.41066394624658825,0.2201905879490745,0.122474617064133,0.703596244224451,0.3264733359278524,0.09539282167957269,2026-09-19T01:25:04Z
822921,677800,Wilyer Abreu,BOS,TB,0,3,projected,Freddy Peralta,Tropicana Field,2026-09-19T20:10:00Z,4.404062386652159,1597,3130,0.5134688868744561,0.6315232431511089,0.02173248679638723,Normal,0.13990771841785374,0.6265151853973903,0.3884779527919765,0.67704474507471,0.6853679562219724,0.48331872179301033,0.31957879618848717,0.19540636918389176,0.6033698682229273,0.3844299845678286,0.23739067350305926,0.1744038335254257,0.6067950549814067,0.22640471732400186,0.05202860370155756,2026-09-19T01:25:04Z
822921,666018,Jonathan Aranda,TB,BOS,1,4,projected,TBD,Tropicana Field,2026-09-19T20:10:00Z,4.137759336099585,1394,0,0.48465458935233213,0.5865235988321216,-0.033784621065840965,Normal,0.12909697610051818,0.670661298397058,0.3844069577016278,0.646207241837118,0.695993411942596,0.4929267000525775,0.3264842013498586,0.19952799672668758,0.6440624209334784,0.3912743254145253,0.23229677269794002,0.16280826459961953,0.6480007367209518,0.2628059903261432,0.0645771506477918,2026-09-19T01:25:04Z
822921,575929,Willson Contreras,BOS,TB,0,4,projected,Freddy Peralta,Tropicana Field,2026-09-19T20:10:00Z,4.319574734208881,2436,3130,0.49622809894411785,0.6173123778030236,-0.1337190733061773,Normal,0.15120498509953317,0.6082368676047601,0.48934587911234456,0.7935261427415422,0.680076740131324,0.4767853619937074,0.3132417776981934,0.1900750591233603,0.586548354800025,0.3662845072386159,0.23041392077526435,0.17664595460251564,0.5897548139287614,0.21009248005184356,0.04533335399274379,2026-09-19T01:25:04Z
822921,691406,Junior Caminero,TB,BOS,1,5,projected,TBD,Tropicana Field,2026-09-19T20:10:00Z,4.021140609636185,1530,0,0.5091042120077697,0.5865235988321216,-0.592317181410327,Normal,0.20038114736160123,0.6529520417123063,0.29055541275836766,0.5465808969687354,0.7195150729762178,0.5194591698600483,0.35032085465510854,0.2181545610335165,0.6278547714871202,0.4041971066473643,0.27385344847835597,0.2219441683578757,0.6315670893605495,0.24559562972361523,0.05700338061354032,2026-09-19T01:25:04Z
822921,596115,Trevor Story,BOS,TB,0,5,projected,Freddy Peralta,Tropicana Field,2026-09-19T20:10:00Z,4.191813422179914,1564,3130,0.4309738109431314,0.6016640376077957,0.6996858073659576,Normal,0.1088695921760867,0.6187471190844772,0.2367203096807727,0.8430631241542007,0.6648111966941913,0.459875593967497,0.29807095907809167,0.17812474914768817,0.5962900782806502,0.3531760505401357,0.20013303174503236,0.1383921676517638,0.5996104277406048,0.2179791549914486,0.04776416395979619,2026-09-19T01:25:04Z
822921,641584,Jake Fraley,TB,BOS,1,6,projected,TBD,Tropicana Field,2026-09-19T20:10:00Z,3.8884043099025143,1318,0,0.42972544254174505,0.5865235988321216,-1.706622575192484,Normal,0.10608505717096652,0.6311351273665156,0.3259059968069096,0.5853824989395715,0.6632155215006169,0.45646248309631654,0.29383335784380127,0.17394476143077528,0.607828435687194,0.3560123695513762,0.20126983684241984,0.1366555150409388,0.6112724807798303,0.22568335671879514,0.04891917927378739,2026-09-19T01:25:04Z
822921,702332,Caleb Durbin,BOS,TB,0,6,projected,Freddy Peralta,Tropicana Field,2026-09-19T20:10:00Z,4.056862238304472,1060,3130,0.4344537934689617,0.5935681514469577,-0.2178501666450868,Normal,0.0872891260989944,0.5797126332805,0.3733751787289259,0.5499506167528534,0.6333455518424679,0.42723512925112905,0.27023639258447785,0.1571790222355552,0.5601704617029337,0.3100150563013919,0.16658704981972827,0.11151262023020773,0.563056119864327,0.18684583472146615,0.036715744098125155,2026-09-19T01:25:04Z
822921,670764,Taylor Walls,TB,BOS,1,7,projected,TBD,Tropicana Field,2026-09-19T20:10:00Z,3.7422402159244266,1798,0,0.42618588293910825,0.5865235988321216,0.056533085323118806,Normal,0.07210610670952183,0.5510647446430675,0.33805685022262977,0.5897602016833025,0.6016854412211279,0.3943953961919513,0.24223161356986705,0.13610325168285198,0.5336896110394157,0.28745182063470287,0.1517068654539175,0.09696853138975443,0.5362517976349189,0.1635345236654008,0.02823855943108596,2026-09-19T01:25:04Z
822921,643396,Isiah Kiner-Falefa,BOS,TB,0,7,projected,Freddy Peralta,Tropicana Field,2026-09-19T20:10:00Z,3.9124487004103967,2005,3130,0.37695612342735746,0.5764578517668079,0.10647179890787127,Normal,0.06335864751162694,0.5972379717892013,0.24723792414835827,0.571679785220232,0.6162462165262526,0.40978348351705385,0.25553594994462075,0.1462375580867934,0.5764640866682691,0.29922423145302823,0.14961685659735285,0.08955807737426638,0.5795324690274142,0.19949111379519754,0.04057830867794625,2026-09-19T01:25:04Z
822921,663743,Nick Fortes,TB,BOS,1,8,projected,TBD,Tropicana Field,2026-09-19T20:10:00Z,3.5848449385605616,1444,0,0.37437036953802777,0.5865235988321216,0.6444991679556783,Normal,0.07346537480592265,0.5741133246802159,0.2431441389891236,0.4427974599691456,0.6047499228601018,0.3963719684712264,0.24321950672104198,0.13641661970665098,0.5552360115107837,0.2935242622378078,0.1494297459944412,0.0954538312767099,0.5580201852948117,0.17839646001409648,0.03202139426143016,2026-09-19T01:25:04Z
822921,655316,Andruw Monasterio,BOS,TB,0,8,projected,Freddy Peralta,Tropicana Field,2026-09-19T20:10:00Z,3.77134670487106,921,3130,0.38146910217839447,0.5705336461528423,-1.5338915012944396,Normal,0.0706617655645506,0.5568303120579816,0.28058377718018745,0.6683902082656418,0.5963469149004363,0.3901498780716791,0.23943054029688368,0.1345391148052679,0.5389914843483843,0.29440778174952564,0.15020916430478243,0.09543792419145608,0.5416233312602675,0.1687561790463226,0.030420002494493833,2026-09-19T01:25:04Z
822921,622761,Jorge Mateo,TB,BOS,1,9,projected,TBD,Tropicana Field,2026-09-19T20:10:00Z,3.4062130177514796,1378,0,0.4218818215748179,0.5865235988321216,-1.8208442478489395,Normal,0.07195366459881553,0.5322338285653058,0.20906017066977164,0.6379948733252525,0.5988257469708108,0.3897423210830277,0.2373310873591116,0.13186842658564776,0.516295757656041,0.2817487356451127,0.1489619363923754,0.09592204228573296,0.5186441854032923,0.1483855080043169,0.023068129715705987,2026-09-19T01:25:04Z
822921,657136,Connor Wong,BOS,TB,0,9,projected,Freddy Peralta,Tropicana Field,2026-09-19T20:10:00Z,3.6038677479725516,1363,3130,0.39225999357339963,0.57570924956491,-1.4411816456948046,Normal,0.07339399474659673,0.533561236538671,0.25727346887473684,0.7278368017062752,0.5917676719806089,0.38525355639727227,0.2352087323587954,0.13134835504255296,0.5173328969611969,0.2781174044746858,0.1425007046321665,0.09392323896646484,0.5197256944577158,0.15221382460946314,0.02538298425225079,2026-09-19T01:25:04Z
823003,691026,Masyn Winn,STL,WSH,1,1,projected,Andrew Alvarez,Busch Stadium,2026-09-19T23:15:00Z,4.4259622937941865,1822,525,0.581754698246534,0.6393926844439914,-0.9275353068745326,Normal,0.0777905771819618,0.6341285606870081,0.41160197475369,0.6224178558110873,0.6760269155611858,0.47292841981731715,0.31023238239864304,0.18802795355398555,0.6103978564078585,0.34877877697293636,0.18782074993655995,0.11579265869438309,0.613910383322368,0.23270996232858804,0.05434427095793502,2026-09-19T01:25:04Z
823003,682928,CJ Abrams,WSH,STL,0,1,projected,Michael McGreevy,Busch Stadium,2026-09-19T23:15:00Z,4.604505386875612,2770,1144,0.642890897307565,0.6451919942695157,-0.973991169671048,Normal,0.14311239454784383,0.7032672842274378,0.3237578697666259,0.6297629146994791,0.731406214048702,0.5372932582647606,0.37018645140217865,0.23686333632985085,0.6737264906860544,0.44306138977034776,0.2835240397421581,0.19957951094390414,0.6781183344688112,0.30109459961259627,0.08613263718900556,2026-09-19T01:25:04Z
823003,802139,JJ Wetherholt,STL,WSH,1,2,projected,Andrew Alvarez,Busch Stadium,2026-09-19T23:15:00Z,4.320075757575758,589,525,0.5497290586159965,0.6323088150091984,-1.0742584708582807,Normal,0.09424505036681263,0.6256297312561855,0.46870756593938406,0.5410234963136091,0.6777729946051774,0.47424471507020194,0.31094061218703406,0.1882324619196695,0.6026039771881453,0.33538100933910303,0.18415974445125544,0.12211516356650533,0.606009916397628,0.22446176121142125,0.05056219445455408,2026-09-19T01:25:04Z
823003,695578,James Wood,WSH,STL,0,2,projected,Michael McGreevy,Busch Stadium,2026-09-19T23:15:00Z,4.515250335699213,1610,1144,0.6285121456021604,0.6377861500531844,-0.263716980928601,Normal,0.17825668354015284,0.6882204551191711,0.47027115956282745,0.6991679989526335,0.732282990711334,0.5377315515412664,0.3701017017706112,0.23639942275533235,0.6600044958272873,0.43993081197688455,0.28938611126016195,0.21894927413867024,0.6641935987013408,0.2845051083909184,0.07739578636494926,2026-09-19T01:25:04Z
823003,671056,Iván Herrera,STL,WSH,1,3,projected,Andrew Alvarez,Busch Stadium,2026-09-19T23:15:00Z,4.225771521386031,1455,525,0.5236177674897179,0.6142389652557272,-0.6560173149911286,Normal,0.09639448385931339,0.6228773349534605,0.5372019743499612,0.567691906311505,0.6756975132974814,0.47122424825212655,0.3077264238729844,0.1853436848520866,0.6001223381203696,0.33500740263124296,0.18451959818221658,0.1234272922283323,0.6034866936382137,0.22096683797289265,0.04860023487431074,2026-09-19T01:25:04Z
823003,691781,Brady House,WSH,STL,0,3,projected,Michael McGreevy,Busch Stadium,2026-09-19T23:15:00Z,4.404062386652159,602,1144,0.4150928933813302,0.6301895667061194,0.3629860231757278,Normal,0.08610806532718318,0.6460659443116794,0.22209343810435087,0.6948429351134878,0.6607285960005377,0.45674574353616526,0.2962280403444223,0.1773546381675554,0.6213709121508658,0.36256143388887296,0.19769845104666528,0.12450604824473782,0.6250283818156835,0.243586994381354,0.05889891695421223,2026-09-19T01:25:04Z
823003,676475,Alec Burleson,STL,WSH,1,4,projected,Andrew Alvarez,Busch Stadium,2026-09-19T23:15:00Z,4.137759336099585,2183,525,0.4354418364904383,0.5962040824692106,-0.7443552678018328,Normal,0.1041005094869536,0.6687076548958976,0.32339657396990673,0.5362053685365403,0.6846861469710113,0.4803860527023487,0.31530941304957494,0.19082637290178997,0.6422739720317099,0.3836511163352264,0.21725671683723288,0.14241358930336842,0.6461875043114721,0.26094491889222926,0.06379068334526196,2026-09-19T01:25:04Z
823003,660688,Keibert Ruiz,WSH,STL,0,4,projected,Michael McGreevy,Busch Stadium,2026-09-19T23:15:00Z,4.319574734208881,2082,1144,0.42669294313239187,0.6157382234739215,1.6497150788150878,Normal,0.10501002145673936,0.7000157346528244,0.24556833211294204,0.3619903304993358,0.6894861688639589,0.4871338252550881,0.3224463463667605,0.19725455717231888,0.6708229653219828,0.4140590790375849,0.23655200771503906,0.15199802149414832,0.6751564762267537,0.29464108189227395,0.08079087933963125,2026-09-19T01:25:04Z
823003,691023,Jordan Walker,STL,WSH,1,5,projected,Andrew Alvarez,Busch Stadium,2026-09-19T23:15:00Z,4.021140609636185,1670,525,0.4650892233693587,0.574635822372326,-1.4822168904185056,Normal,0.11526947358447033,0.6275963702552396,0.35401737673087663,0.6750563575191086,0.6690773895113149,0.46308717483737094,0.29985102649574363,0.1787296080511856,0.6045423934447534,0.35574418349026454,0.20642668391031097,0.1443699678549876,0.6079495480786429,0.22332885676617378,0.04847178972141801,2026-09-19T01:25:04Z
823003,686611,Dylan Crews,WSH,STL,0,5,projected,Michael McGreevy,Busch Stadium,2026-09-19T23:15:00Z,4.191813422179914,858,1144,0.4102011372089302,0.5998615601798736,0.033287274974670114,Normal,0.08720949098214996,0.6030800789622812,0.2448899340563389,0.6455685611610664,0.6392576451248863,0.4333636366488392,0.2754856405907678,0.16115977280792415,0.5818146207561203,0.3301926744489293,0.18212501673496195,0.1187785685859675,0.5849572097531076,0.20519288199133334,0.04314278262536346,2026-09-19T01:25:04Z
823003,669357,Nolan Gorman,STL,WSH,1,6,projected,Andrew Alvarez,Busch Stadium,2026-09-19T23:15:00Z,3.8884043099025143,1872,525,0.4128947856986489,0.5666543112315777,-0.7544048924877221,Normal,0.11462624965870113,0.554032810710741,0.35496013653625375,0.7981129514076233,0.6252860031363958,0.41774462675334,0.26137967574929377,0.149985439943153,0.536410307908235,0.3034530833117309,0.17593835145577316,0.13174707801083488,0.5390094698499601,0.1662385066076168,0.029280829885585925,2026-09-19T01:25:04Z
823003,695734,Daylen Lile,WSH,STL,0,6,projected,Michael McGreevy,Busch Stadium,2026-09-19T23:15:00Z,4.056862238304472,970,1144,0.49184251833539305,0.5917023616131609,-0.17656274617966766,Normal,0.12593262214974743,0.6732392659127582,0.25695872661679525,0.5047026075045645,0.688648632500249,0.4855394047113874,0.32047238717651416,0.19526919327917422,0.6463748484243362,0.4077467433469783,0.2591374098816258,0.17847535804268036,0.6503547447662469,0.2666014830474079,0.06705841313411852,2026-09-19T01:25:04Z
823003,701675,Nathan Church,STL,WSH,1,7,projected,Andrew Alvarez,Busch Stadium,2026-09-19T23:15:00Z,3.7422402159244266,506,525,0.3921667596727851,0.5533352947876463,2.263915395176198,Hot,0.07459234120508472,0.5968326078253271,0.27586015836406347,0.4900303374802316,0.6238495591879389,0.4158248926977177,0.2594959534764965,0.14841517921489908,0.5762102965935729,0.3082863089063765,0.16100652096431767,0.10114826320216305,0.5792542481279144,0.1969168687709053,0.038502404872564316,2026-09-19T01:25:04Z
823003,677588,José Tena,WSH,STL,0,7,projected,Michael McGreevy,Busch Stadium,2026-09-19T23:15:00Z,3.9124487004103967,655,1144,0.42871319652972584,0.5746822067149899,-2.060065677183383,Cold,0.08658559266240586,0.6274827513905927,0.30861267376438456,0.6347167202948815,0.641178766434201,0.4346159585087804,0.27604554682606225,0.16122034728076243,0.6043984619326771,0.3519352556140383,0.19475044457411703,0.12414327532997546,0.6078112308315812,0.22418447288965368,0.04940511108609923,2026-09-19T01:25:04Z
823003,686780,Pedro Pagés,STL,WSH,1,8,projected,Andrew Alvarez,Busch Stadium,2026-09-19T23:15:00Z,3.5848449385605616,809,525,0.3595329633407319,0.55365495131739,-0.780783940013855,Normal,0.08409052073900682,0.5496461426426196,0.280804678779824,0.647510263072493,0.595925857315857,0.3880353570283554,0.2366273047537738,0.13179707097302415,0.5324591158443975,0.27667750248282286,0.14812749440268783,0.10174855999395643,0.534992878427348,0.16125645656873328,0.02707056740681315,2026-09-19T01:25:04Z
823003,696285,Jacob Young,WSH,STL,0,8,projected,Michael McGreevy,Busch Stadium,2026-09-19T23:15:00Z,3.77134670487106,1454,1144,0.39365473588388267,0.5688941884807321,-0.1548133139819977,Normal,0.05885786997226368,0.5885505901023884,0.24237522034774234,0.48248437896502994,0.6071071820108915,0.40038821039872374,0.24760577713874032,0.14033564145934044,0.5684710125541819,0.30092417367614077,0.14977302677806736,0.08763159887048656,0.5714356259054985,0.19191779806469314,0.03768248187476631,2026-09-19T01:25:04Z
823003,687363,Victor Scott II,STL,WSH,1,9,projected,Andrew Alvarez,Busch Stadium,2026-09-19T23:15:00Z,3.4062130177514796,806,525,0.3887772677551966,0.5626883768175668,0.7887394990423902,Normal,0.05493115466756799,0.5047374251035837,0.32151266676891543,0.5760573087745512,0.5650514758477373,0.3588430679677865,0.21349967668886158,0.11554988770774469,0.4905178061697758,0.24031105683379156,0.1132995454355326,0.07061529696163962,0.49261228848209077,0.1314692353746198,0.01891125107851095,2026-09-19T01:25:04Z
823003,683083,Nasim Nuñez,WSH,STL,0,9,projected,Michael McGreevy,Busch Stadium,2026-09-19T23:15:00Z,3.6038677479725516,641,1144,0.41283156263267345,0.5741462230870519,-1.4015213011115992,Normal,0.06503196338115703,0.5606748514852814,0.299600338710007,0.4578322967234628,0.5977230053616615,0.39084569729292995,0.2396268461865622,0.13444980120256983,0.5426339959823585,0.26704433922855314,0.13508953167954157,0.08503330696283015,0.545295422825221,0.17057909003030158,0.030638645420311757,2026-09-19T01:25:04Z
823249,665487,Fernando Tatis Jr.,SD,MIA,1,1,projected,Eury Pérez,Petco Park,2026-09-20T00:40:00Z,4.4259622937941865,2433,1361,0.6140276947775902,0.6608989338708361,0.3447736929548444,Normal,0.1538168641523256,0.6703119824818556,0.35138076803285295,0.630269002836818,0.7235463542485101,0.5267326030310986,0.35920212604307444,0.22702435917343133,0.643635559633456,0.40532155782005064,0.25546248954666767,0.18846866255779893,0.6475905318041376,0.2658793547685795,0.0682168493910507,2026-09-19T01:25:04Z
823249,669364,Xavier Edwards,MIA,SD,0,1,projected,Casey Mize,Petco Park,2026-09-20T00:40:00Z,4.604505386875612,1593,1634,0.5630075304636214,0.6259363831355923,-0.6101450683586792,Normal,0.06697699388612877,0.7192098513571592,0.33012568097544764,0.5203556358560849,0.7095820366139614,0.5115806653997489,0.3460218309797967,0.21704552077692388,0.688268769736615,0.4080823877200062,0.22583056771812682,0.12964508397744498,0.6928740766103537,0.31830473286373784,0.0949053654834697,2026-09-19T01:25:04Z
823249,664034,Ty France,SD,MIA,1,2,projected,Eury Pérez,Petco Park,2026-09-20T00:40:00Z,4.320075757575758,2764,1361,0.48706118925627273,0.655916097502132,1.7936712619001869,Normal,0.1053273467820449,0.6535701762981497,0.3773080084077879,0.6388240896375695,0.6830832671739661,0.48004057671833145,0.31606609822240556,0.1922095867583057,0.6283104311615735,0.37340938677715546,0.21137699444241187,0.14080011607863396,0.632050946133127,0.2491562151029237,0.06037881746347108,2026-09-19T01:25:04Z
823249,665923,Esteury Ruiz,MIA,SD,0,2,projected,Casey Mize,Petco Park,2026-09-20T00:40:00Z,4.515250335699213,852,1634,0.47512651371105435,0.6175098046656785,-1.9347784914458843,Normal,0.08255958334020039,0.6534838903303314,0.3226756867190679,0.7481898380075885,0.6718059817062036,0.46890487548787985,0.30710503226006197,0.1859212706158247,0.628169444673931,0.3733003011650542,0.20712969074296977,0.12837638823288988,0.6319208690230156,0.2509572213357751,0.062399887907617975,2026-09-19T01:25:04Z
823249,592518,Manny Machado,SD,MIA,1,3,projected,Eury Pérez,Petco Park,2026-09-20T00:40:00Z,4.225771521386031,3205,1361,0.5022019332591369,0.6431944721803208,1.0015643631348246,Normal,0.151397300384753,0.627023427205946,0.3512971229719076,0.6333340962455251,0.6919817790432948,0.4890853190484562,0.32354554309305894,0.19761632268829507,0.6039446402603239,0.36742467193073436,0.22797342091964817,0.17417821611904424,0.6073573497713417,0.22447564309559898,0.04991351902938422,2026-09-19T01:25:04Z
823249,805300,Jakob Marsee,MIA,SD,0,3,projected,Casey Mize,Petco Park,2026-09-20T00:40:00Z,4.404062386652159,818,1634,0.5113647224492537,0.6046235801109399,1.2294739139281425,Normal,0.08957655029624802,0.6455030087068447,0.4364649084294121,0.6008415239441929,0.6756668070382726,0.4727177726479145,0.31017522058609626,0.18807868382867343,0.6208533075177931,0.3738462375533783,0.2158016995719541,0.13746256117622338,0.6245039737111938,0.24307957327777227,0.058690315895386765,2026-09-19T01:25:04Z
823249,669720,Austin Hays,SD,MIA,1,4,projected,Eury Pérez,Petco Park,2026-09-20T00:40:00Z,4.137759336099585,1913,1361,0.44856829451167474,0.6271781066681489,0.8542156752420168,Normal,0.10647879483488493,0.6412436393276375,0.24751385527725336,0.7154166713469969,0.6745090244706098,0.46931929648792,0.3055861088281219,0.1833441191898173,0.6170760154317981,0.3755752095205199,0.21697835219457645,0.1455399439183567,0.6206502586806365,0.23580091678080212,0.05362158667853561,2026-09-19T01:25:04Z
823249,672640,Otto Lopez,MIA,SD,0,4,projected,Casey Mize,Petco Park,2026-09-20T00:40:00Z,4.319574734208881,1688,1634,0.4592315509558117,0.5870610306438981,0.3510865027979474,Normal,0.07507082673381116,0.706269862922679,0.2458072158669469,0.48985281359951244,0.6992370721598808,0.4980476381101025,0.3322773772333287,0.20500510407229522,0.6765264813095915,0.4064954638905408,0.2248844972339617,0.1320087306517512,0.6809433865974281,0.301203827149353,0.08395422988981195,2026-09-19T01:25:04Z
823249,593428,Xander Bogaerts,SD,MIA,1,5,projected,Eury Pérez,Petco Park,2026-09-20T00:40:00Z,4.021140609636185,2892,1361,0.44815483271932965,0.6078354499672725,0.49487433028767636,Normal,0.08606979046724517,0.6104138693560526,0.3769992596292541,0.5836296728725889,0.651952664891323,0.44509891615802594,0.2844493447699149,0.1671435909474403,0.5886916748886734,0.3252686595135049,0.17289467205783823,0.11240649355860366,0.5919003666613087,0.20908727431542778,0.04335676071207723,2026-09-19T01:25:04Z
823249,682663,Agustín Ramírez,MIA,SD,0,5,projected,Casey Mize,Petco Park,2026-09-20T00:40:00Z,4.191813422179914,807,1634,0.4403746798428443,0.5681733156116272,-1.2537341770394737,Normal,0.09646696127821369,0.6262211854188342,0.27374324810802436,0.6414966918406163,0.6629755504592976,0.45793186084956966,0.29639094106806174,0.17684722633996905,0.6031835564531765,0.36124097238586333,0.20273077111117774,0.13361477538883862,0.606590622825778,0.22427184372196743,0.050117853426980045,2026-09-19T01:25:04Z
823249,630105,Jake Cronenworth,SD,MIA,1,6,projected,Eury Pérez,Petco Park,2026-09-20T00:40:00Z,3.8884043099025143,2767,1361,0.4216940261507313,0.59950747603308,0.12994166023162115,Normal,0.0814107304895575,0.5467787127375534,0.424941704660768,0.6498005817148571,0.6093926277666553,0.4022399469048251,0.24879612082579372,0.14094829232798556,0.5296460536719265,0.28834686140750143,0.15685990826996404,0.1046750374943133,0.5321726172888864,0.1612674142008598,0.027844786059042278,2026-09-19T01:25:04Z
823249,669065,Kyle Stowers,MIA,SD,0,6,projected,Casey Mize,Petco Park,2026-09-20T00:40:00Z,4.056862238304472,1284,1634,0.4252516882873109,0.5597532304581726,-1.3056646237850769,Normal,0.12300820693643967,0.6254587912902673,0.32211678391011983,0.7729977090395707,0.6655155056975928,0.4604621502499769,0.298438811021296,0.17828768867218403,0.6024880118078043,0.37194892606508406,0.2262278475942243,0.15967692689805169,0.6058846069608143,0.22334498354541354,0.049551992407027415,2026-09-19T01:25:04Z
823249,701538,Jackson Merrill,SD,MIA,1,7,projected,Eury Pérez,Petco Park,2026-09-20T00:40:00Z,3.7422402159244266,1708,1361,0.4418681450814226,0.5840107621292882,2.2092305351145662,Hot,0.1273661059008978,0.5937376807704998,0.2753544313300247,0.6449094481951546,0.6528574812207641,0.44509180841669405,0.2837950084253295,0.16619506199350426,0.5733447425754867,0.3414401694266541,0.21122680291753515,0.15458390142174383,0.5763546169713538,0.19452469043370021,0.03771949912106071,2026-09-19T01:25:04Z
823249,681715,Heriberto Hernández,MIA,SD,0,7,projected,Casey Mize,Petco Park,2026-09-20T00:40:00Z,3.9124487004103967,759,1634,0.4356049172102527,0.5447680925448731,0.6242351834088057,Normal,0.129807485759041,0.6083886097935896,0.3242408898590628,0.6837816381107057,0.6607806510962312,0.45488553683801736,0.29323938853071957,0.1740700266542232,0.5867781729415934,0.3467557149757163,0.20969651494404037,0.15457673874535305,0.5899711373112081,0.2083606310129389,0.04365679693164144,2026-09-19T01:25:04Z
823249,669134,Luis Campusano,SD,MIA,1,8,projected,Eury Pérez,Petco Park,2026-09-20T00:40:00Z,3.5848449385605616,782,1361,0.403592586526864,0.5828345109311145,-1.5405677405936318,Normal,0.09231799914381116,0.5656813824120135,0.303033732715951,0.5470874897346053,0.6214856010037142,0.4125138153169179,0.25617063621925407,0.1456061891163385,0.5473967049692119,0.29603990460315804,0.1600012935092766,0.1112403490282829,0.5500930449868632,0.17235761641972083,0.030235006520731546,2026-09-19T01:25:04Z
823249,665052,Griffin Conine,MIA,SD,0,8,projected,Casey Mize,Petco Park,2026-09-20T00:40:00Z,3.77134670487106,466,1634,0.4794294265837988,0.5410596033120436,-0.1504917720652534,Normal,0.11947681707310656,0.6064103286557059,0.3241545875086824,0.731085928273749,0.6676030780527374,0.4614522947062151,0.2984784508366285,0.1777550109977959,0.585004861976293,0.34170636060759907,0.2013422285719074,0.14494812133290086,0.5881667396264978,0.20586892024971332,0.042391343260048064,2026-09-19T01:25:04Z
823249,666023,Freddy Fermin,SD,MIA,1,9,projected,Eury Pérez,Petco Park,2026-09-20T00:40:00Z,3.4062130177514796,1214,1361,0.3583907589780194,0.5922302667962122,-0.8520890080319098,Normal,0.06900132255873336,0.5394811442257602,0.23611398447289347,0.5608998210405468,0.5886307205937787,0.3802423960903057,0.22991056454813438,0.12673160667550498,0.5230714357627826,0.26439607914904995,0.13127092617314826,0.08562898048962658,0.5254896039411312,0.15306948371248447,0.024281669487943504,2026-09-19T01:25:04Z
823249,691594,Javier Sanoja,MIA,SD,0,9,projected,Casey Mize,Petco Park,2026-09-20T00:40:00Z,3.6038677479725516,830,1634,0.4156809250926751,0.5468812691761548,0.8264742365172215,Normal,0.07169737776918762,0.6301783892038868,0.18021479832896278,0.3582445508293315,0.6476399924390864,0.43989893699482,0.27966157358482446,0.16335657299637538,0.6070006041280688,0.3592647189627572,0.19538115962270355,0.11735381729411704,0.6104258658010893,0.2244060814991606,0.048530665086113284,2026-09-19T01:25:04Z
823330,665833,Oneil Cruz,PIT,KC,1,1,projected,Noah Cameron,PNC Park,2026-09-19T22:40:00Z,4.4259622937941865,1937,1248,0.5630067458082424,0.6897880651473671,0.4758066632788582,Normal,0.13528567958490595,0.632436604257847,0.3690818735216444,0.8091073527751128,0.6936688038532082,0.49235236109033775,0.327549535238493,0.2015761498614555,0.6088394072468464,0.37451304486229714,0.23253952098198966,0.16890811984516857,0.6123319374313082,0.23123632959346785,0.053762485116203,2026-09-19T01:25:04Z
823330,672580,Maikel Garcia,KC,PIT,0,1,projected,Bubba Chandler,PNC Park,2026-09-19T22:40:00Z,4.604505386875612,2147,760,0.5529755374065493,0.6307068523521293,-0.41196882986539335,Normal,0.06072057650699025,0.6559675471439377,0.34977086740140406,0.5577224203423565,0.6782900033339121,0.4764963142996371,0.3142226319126879,0.19175577244204003,0.6304148460001484,0.3680408051372436,0.1981138094295952,0.11331285396327793,0.6342032885046774,0.25419441479692106,0.06435314823862924,2026-09-19T01:25:04Z
823330,687462,Spencer Horwitz,PIT,KC,1,2,projected,Noah Cameron,PNC Park,2026-09-19T22:40:00Z,4.320075757575758,1261,1248,0.4697458416004618,0.6837572907515679,-0.9909168537924229,Normal,0.09148000089409059,0.6325510063341697,0.37086305121331514,0.53473879356514,0.665065533600148,0.460596172185118,0.2990090248371875,0.17906400881870044,0.6089817827583243,0.35337702522995523,0.19354477373650833,0.12540121594814727,0.612469004436126,0.23040719381655947,0.052850963833827924,2026-09-19T01:25:04Z
823330,668942,Josh Rojas,KC,PIT,0,2,projected,Bubba Chandler,PNC Park,2026-09-19T22:40:00Z,4.515250335699213,1655,760,0.4928735803358679,0.6226873933306917,1.2235143525883563,Normal,0.08107340999264377,0.611155655267458,0.3886200029796611,0.623812655105895,0.6464679037429443,0.4422210675108268,0.2840312693429786,0.16831265575697377,0.5891678640307011,0.33320045520844416,0.17820429838499988,0.11324100294378213,0.5924205579234716,0.2140784819973604,0.04768637857982419,2026-09-19T01:25:04Z
823330,668804,Bryan Reynolds,PIT,KC,1,3,projected,Noah Cameron,PNC Park,2026-09-19T22:40:00Z,4.225771521386031,3267,1248,0.4617660371128407,0.678923419552758,0.09376183482386517,Normal,0.10400311545617884,0.6424199908776622,0.400377811577727,0.5989088451404575,0.672017532376735,0.4672602953625305,0.30426099828702136,0.18268456454844503,0.6181177070822518,0.3709211552725397,0.21454211822212857,0.14301517526216484,0.6217133330930888,0.23785453629357203,0.05507076100064523,2026-09-19T01:25:04Z
823330,677951,Bobby Witt Jr.,KC,PIT,0,3,projected,Bubba Chandler,PNC Park,2026-09-19T22:40:00Z,4.404062386652159,3316,760,0.5000600567403829,0.6110417959901828,-1.6782863815059046,Normal,0.09234544019141794,0.6643267917110729,0.3474871158059884,0.5880578950002833,0.6964316505032001,0.49563785972480007,0.33065614357395,0.20413858230949705,0.6381388877764587,0.3947846665015171,0.2320273968589228,0.14764051330194047,0.6420207422768849,0.26046943214003565,0.06603882715189177,2026-09-19T01:25:04Z
823330,664040,Brandon Lowe,PIT,KC,1,4,projected,Noah Cameron,PNC Park,2026-09-19T22:40:00Z,4.137759336099585,2300,1248,0.4584445078834439,0.6700300694555553,0.9995861998888376,Normal,0.1494132922087396,0.6206946494692803,0.3108206549772864,0.7364482535437477,0.6813413083854633,0.4767262077959339,0.3120796443391351,0.1883318053150934,0.5981527227498211,0.3659883182340919,0.2299591610375814,0.17464261151270802,0.6014842551143323,0.2181740714015969,0.04699370885908322,2026-09-19T01:25:04Z
823330,686469,Vinnie Pasquantino,KC,PIT,0,4,projected,Bubba Chandler,PNC Park,2026-09-19T22:40:00Z,4.319574734208881,2240,760,0.4207799787212285,0.5940112141500933,-1.18997295559088,Normal,0.12117634354952195,0.6301465752968642,0.40564445718197917,0.4922839519468663,0.6677274595068968,0.46346614841560413,0.3015598919117691,0.18107086989111515,0.6067691456788906,0.36606096895975354,0.2160217719772059,0.1527391952513958,0.6102279697796343,0.2284204390234093,0.05220099173375014,2026-09-19T01:25:04Z
823330,656811,Ryan O'Hearn,PIT,KC,1,5,projected,Noah Cameron,PNC Park,2026-09-19T22:40:00Z,4.021140609636185,1967,1248,0.4420530352534958,0.6576228259098991,-0.530197292447958,Normal,0.10706039309921929,0.6351476292556002,0.2829658284095561,0.5780950429466314,0.671320231812337,0.46548374721060465,0.30192797141151984,0.1803079761707092,0.6114948171967413,0.3537331452887231,0.20159719116928226,0.13725892629501496,0.614991318522843,0.2298007668733659,0.05088404549306801,2026-09-19T01:25:04Z
823330,521692,Salvador Perez,KC,PIT,0,5,projected,Bubba Chandler,PNC Park,2026-09-19T22:40:00Z,4.191813422179914,2941,760,0.32920579268169553,0.5756806511664769,0.642348521817025,Normal,0.09163903021568456,0.6066918317178275,0.2640592377918439,0.5830470771464077,0.642237413286325,0.43639596960589094,0.2780331532301581,0.16305063020471702,0.5851547406224157,0.3319384795915013,0.17971963696877366,0.11926625680021709,0.5883378273506755,0.2080927671286483,0.044172003550127834,2026-09-19T01:25:04Z
823330,693304,Nick Gonzales,PIT,KC,1,6,projected,Noah Cameron,PNC Park,2026-09-19T22:40:00Z,3.8884043099025143,1503,1248,0.41878496775053936,0.6518747049444658,0.019061535327164203,Normal,0.06542006961823867,0.6457518289149616,0.31080694377320167,0.46594632192783336,0.6506311604280924,0.44333573042875524,0.2826627605417936,0.16559268015018183,0.6212690566273829,0.34836637480755517,0.18084077282371178,0.10471848009259854,0.6248885851610596,0.23843101932223232,0.05372885288039809,2026-09-19T01:25:04Z
823330,686681,Michael Massey,KC,PIT,0,6,projected,Bubba Chandler,PNC Park,2026-09-19T22:40:00Z,4.056862238304472,1706,760,0.39637524327068857,0.5672015442132191,0.7530031185108133,Normal,0.09592846049265459,0.6244793043721089,0.2659822567928354,0.5199652826877444,0.6481406054230949,0.442289583211128,0.28287691916569196,0.16655254762147953,0.6015850373915343,0.346403996242475,0.19296868491487645,0.12775924088351887,0.6049702056503834,0.2225152814110326,0.049240682936987246,2026-09-19T01:25:04Z
823330,663968,Jake Mangum,PIT,KC,1,7,projected,Noah Cameron,PNC Park,2026-09-19T22:40:00Z,3.7422402159244266,883,1248,0.36535402291883873,0.634790381792314,-1.0041639301875391,Normal,0.05596268583498649,0.6280079509420063,0.23242795628116672,0.5061649859164307,0.6219673082888055,0.4139747113440749,0.2579879945704928,0.14732909868870067,0.604995708976319,0.3214623809810787,0.15742329214551304,0.0879246985446414,0.6083952072177677,0.22217485540347276,0.04721834200881334,2026-09-19T01:25:04Z
823330,679845,Nick Loftin,KC,PIT,0,7,projected,Bubba Chandler,PNC Park,2026-09-19T22:40:00Z,3.9124487004103967,832,760,0.3741506310340016,0.5516962720990259,-1.6535204825415368,Normal,0.05646406789843035,0.5447925557546344,0.3713817149365105,0.5488587690781276,0.5839953184199365,0.37911289043017327,0.23102474580327295,0.12883206815020207,0.5277134716886854,0.28627657090820646,0.14244609314968906,0.084576692475018,0.5302329486458661,0.16120851279539988,0.028466330937297182,2026-09-19T01:25:04Z
823330,669707,Jared Triolo,PIT,KC,1,8,projected,Noah Cameron,PNC Park,2026-09-19T22:40:00Z,3.5848449385605616,1384,1248,0.3784782973597385,0.6302995700022404,-0.3867821040043543,Normal,0.06640117505625474,0.5615134946115445,0.3230566718580593,0.5055572938372589,0.5908028721854587,0.3832488230953752,0.23287177141931126,0.1291829972901069,0.5435178158645151,0.2774384733539535,0.13818692113181869,0.08671371399268443,0.5461713382847734,0.1694243736006788,0.02938383167515145,2026-09-19T01:25:04Z
823330,686555,Isaac Collins,KC,PIT,0,8,projected,Bubba Chandler,PNC Park,2026-09-19T22:40:00Z,3.77134670487106,958,760,0.4359007777635517,0.5475693576729594,-0.6736407373930199,Normal,0.06519825404503768,0.536461875088627,0.47047356066639284,0.5709198830827675,0.5943178026846643,0.38823865873919416,0.23791543452735148,0.1334715718440768,0.51998515507977,0.2801362577441031,0.14368729868763952,0.08996748656363583,0.5224150528443311,0.15491655162827864,0.02641070798681881,2026-09-19T01:25:04Z
823330,680779,Henry Davis,PIT,KC,1,9,projected,Noah Cameron,PNC Park,2026-09-19T22:40:00Z,3.4062130177514796,947,1248,0.3754936613095135,0.6374716740991163,0.16902583129432733,Normal,0.08460922786743226,0.4754359555814129,0.3249566774222357,0.5520828407065095,0.5597104427171921,0.35410246015544616,0.20992067097721678,0.11314444031797724,0.46292594297359463,0.2362404196047973,0.1275576012321693,0.09511957626021972,0.4647680155194067,0.11486651082823214,0.015177747696093829,2026-09-19T01:25:04Z
823330,664728,Kyle Isbel,KC,PIT,0,9,projected,Bubba Chandler,PNC Park,2026-09-19T22:40:00Z,3.6038677479725516,1727,760,0.4177844360196324,0.5533887067364263,-1.21233846993562,Normal,0.06490806974166967,0.5360876738943169,0.2651783072169602,0.5386906883872101,0.5930652758712112,0.38646756735007826,0.23616537674052487,0.1320183865179512,0.519694946700035,0.2750269644710358,0.14655935174161472,0.09103227689404425,0.5221120916477554,0.15386706468655187,0.025838417504153374,2026-09-19T01:25:04Z
823571,543760,Marcus Semien,NYM,PHI,1,1,projected,Andrew Painter,Citi Field,2026-09-19T20:10:00Z,4.4259622937941865,3243,507,0.5967824292485644,0.6617671418900875,1.4903656275423394,Normal,0.11318696509805495,0.6435229819059611,0.3771784653347496,0.5525729533010589,0.7012675976678993,0.5009135417264201,0.3353100568289466,0.2077335811648694,0.6190440196775606,0.36805459294659737,0.2161983413843064,0.14842022707227445,0.6226687071988839,0.2410148143179336,0.05767765356229392,2026-09-19T01:25:04Z
823571,656941,Kyle Schwarber,PHI,NYM,0,1,projected,Christian Scott,Citi Field,2026-09-19T20:10:00Z,4.604505386875612,3465,650,0.7494183588414244,0.6110222990238682,-0.6782908466445904,Normal,0.31773166372430395,0.6295352616588289,0.5072944691777019,0.8365231947936613,0.7497676174815594,0.5597964137842549,0.3919603147487073,0.2551667215098695,0.6060919815427832,0.44078573423881773,0.3541714842708861,0.3244606433112551,0.6095635125677932,0.23045910390909272,0.05448905961531826,2026-09-19T01:25:04Z
823571,596019,Francisco Lindor,NYM,PHI,1,2,projected,Andrew Painter,Citi Field,2026-09-19T20:10:00Z,4.320075757575758,3239,507,0.6251463486191332,0.6568373594574534,-1.1922123817155692,Normal,0.16134550267243197,0.6482893108010744,0.4139966985291353,0.6017891562538061,0.7217421419226445,0.5239966811720644,0.3561152155018985,0.22408329865882143,0.6234599153816481,0.3929001650438306,0.25226462406063166,0.19149577661344058,0.6271358825973945,0.2443455217974352,0.05840218379621599,2026-09-19T01:25:04Z
823571,650333,Luis Arraez,PHI,NYM,0,2,projected,Christian Scott,Citi Field,2026-09-19T20:10:00Z,4.515250335699213,3197,650,0.5346281883229003,0.6009764780332978,0.14289191015280403,Normal,0.08368388290855687,0.7587672172902321,0.27916968647653273,0.3768800577634934,0.7330647252336943,0.5386740791417249,0.3710009979843875,0.23714547866405344,0.7242493171977537,0.45655982003008344,0.262309851258326,0.1552796589110086,0.7294017401769911,0.36326420904986484,0.11889871827446506,2026-09-19T01:25:04Z
823571,665742,Juan Soto,NYM,PHI,1,3,projected,Andrew Painter,Citi Field,2026-09-19T20:10:00Z,4.225771521386031,3239,507,0.6480323807338869,0.6443538873966602,-0.912102475664859,Normal,0.22333390626775085,0.67052752962188,0.5453470648759289,0.4765558256165472,0.7436451366088466,0.5495519656096904,0.37969682249346287,0.24295767507168736,0.6439071578967862,0.42884056883443744,0.30136926119939583,0.2474892944399074,0.6478503334089538,0.26376075278953665,0.0657379989018155,2026-09-19T01:25:04Z
823571,607208,Trea Turner,PHI,NYM,0,3,projected,Christian Scott,Citi Field,2026-09-19T20:10:00Z,4.404062386652159,3236,650,0.5105268465088035,0.5845785770523702,0.10973204894210843,Normal,0.0945114043088514,0.6432014782712255,0.3287116781429875,0.6911281551967239,0.6936310246616376,0.4924958214830577,0.32781539423255407,0.20188890170380971,0.6187366760624305,0.3625075745001914,0.20506198279277277,0.13324601586645052,0.6223595974646057,0.24101295242973234,0.05784432692290523,2026-09-19T01:25:04Z
823571,666182,Bo Bichette,NYM,PHI,1,4,projected,Andrew Painter,Citi Field,2026-09-19T20:10:00Z,4.137759336099585,2915,507,0.4477495427264221,0.6284808150560917,-0.21032151697421148,Normal,0.10299197251179552,0.6830054930646715,0.2988849132080045,0.56510757530838,0.697431915927145,0.4945411518891559,0.3279350594816619,0.20066578642285646,0.6553507842643501,0.3978473340307785,0.2265946734864928,0.1464340298577737,0.6594476761462023,0.27479724669644584,0.06975748120806478,2026-09-19T01:25:04Z
823571,650559,Bryan De La Cruz,PHI,NYM,0,4,projected,Christian Scott,Citi Field,2026-09-19T20:10:00Z,4.319574734208881,1727,650,0.3829062837900353,0.5662393909052362,0.6687630774846793,Normal,0.09436382643061195,0.6116910292673938,0.2911967728090063,0.8015741043193823,0.6525267215132072,0.44746282433143136,0.2877650536791637,0.17059352235595684,0.5897406595103071,0.33719517095939394,0.18404194234156268,0.12275322363035214,0.5929862055939982,0.21291076737637388,0.04636039020039592,2026-09-19T01:25:04Z
823571,666624,Christopher Morel,NYM,PHI,1,5,projected,Andrew Painter,Citi Field,2026-09-19T20:10:00Z,4.021140609636185,1870,507,0.41921067086575364,0.6092708216750425,-0.07123038446507304,Normal,0.11370820249553855,0.579469483670663,0.340920040280097,0.8017356211269585,0.6445311442461186,0.4374682039083232,0.278014572173433,0.16236501618774526,0.5600371771896715,0.3247354893336911,0.19279598373324822,0.13868610385081312,0.5629053270118477,0.18505924350500774,0.03532457000033587,2026-09-19T01:25:04Z
823571,547180,Bryce Harper,PHI,NYM,0,5,projected,Christian Scott,Citi Field,2026-09-19T20:10:00Z,4.191813422179914,2836,650,0.5810565811025427,0.546132321710073,0.9602246969962979,Normal,0.16188449488678147,0.6620820310692709,0.49491450656597225,0.6743999390386822,0.7196703858294646,0.5210582277276843,0.35299055871701457,0.22125618979311248,0.6361512401751176,0.4156269933942346,0.26353731961403865,0.19751268393566962,0.6399915879662957,0.256291360157368,0.06291223332149223,2026-09-19T01:25:04Z
823571,668901,Mark Vientos,NYM,PHI,1,6,projected,Andrew Painter,Citi Field,2026-09-19T20:10:00Z,3.8884043099025143,1464,507,0.4080362649938003,0.6009534935069597,-0.09726998607461076,Normal,0.1445041428470443,0.5936631499578081,0.2775480129106283,0.6922793060653372,0.6551706653211771,0.44803760452473484,0.28664393273301003,0.1685567256330304,0.5732283014525226,0.3429207042543315,0.21353613452146702,0.16470260524702057,0.5762448747385783,0.19522711071235008,0.03828744816606962,2026-09-19T01:25:04Z
823571,664761,Alec Bohm,PHI,NYM,0,6,projected,Christian Scott,Citi Field,2026-09-19T20:10:00Z,4.056862238304472,2944,650,0.4130896959044971,0.5381408531692526,1.305579321563049,Normal,0.07741073122618784,0.6191211464575119,0.33117195861923787,0.5508880772429313,0.6517030696118798,0.4459712792670132,0.28600269944901113,0.16889243229165785,0.5966430429869813,0.3344618879808679,0.1768031243637499,0.10995315144979785,0.5999660805147188,0.21801509570121885,0.04756807341264143,2026-09-19T01:25:04Z
823571,683146,Brett Baty,NYM,PHI,1,7,projected,Andrew Painter,Citi Field,2026-09-19T20:10:00Z,3.7422402159244266,1482,507,0.4363632529871743,0.5853642479410905,0.8776648002627028,Normal,0.1148019381142103,0.615286943412469,0.2933428883943544,0.6254694642330154,0.6528797235913129,0.4451148116669039,0.2838144408563716,0.16620948988651169,0.5932673575844669,0.33701741042896216,0.19488501231805236,0.13859386066759025,0.5965190686842026,0.21160846365975697,0.04347192037831759,2026-09-19T01:25:04Z
823571,592663,J.T. Realmuto,PHI,NYM,0,7,projected,Christian Scott,Citi Field,2026-09-19T20:10:00Z,3.9124487004103967,2499,650,0.41954241570484746,0.5245878628025664,-0.16813148566009878,Normal,0.08608674710105729,0.5664175917421079,0.33384078922270377,0.6862704951975497,0.632216813657844,0.4255714917082858,0.2685056390136537,0.15566839284288575,0.5478629261212494,0.30442194403085643,0.16642600487974002,0.11139982954727336,0.5506013753905024,0.17632996305246126,0.033022849363605535,2026-09-19T01:25:04Z
823571,682626,Francisco Alvarez,NYM,PHI,1,8,projected,Andrew Painter,Citi Field,2026-09-19T20:10:00Z,3.5848449385605616,1451,507,0.405547841575479,0.5841002178117372,-2.3230579370117677,Cold,0.11965534301617486,0.5500152473432122,0.34349696421621756,0.7305701596214921,0.6301807090901863,0.4210778453790526,0.26314307910095985,0.1506155062049652,0.5328033857399417,0.2996566381672881,0.17813989056245796,0.13560813662171212,0.5353408253299933,0.16150644464851172,0.027140124810365814,2026-09-19T01:25:04Z
823571,681082,Bryson Stott,PHI,NYM,0,8,projected,Christian Scott,Citi Field,2026-09-19T20:10:00Z,3.77134670487106,2808,650,0.4656295507080455,0.5217543676127379,-0.686102344781115,Normal,0.08749613321155218,0.602398839179549,0.33685819271964973,0.5326720436789166,0.6487910235271287,0.4417886230093594,0.2816937068298639,0.16515488154295607,0.5812952137217042,0.3246651167322903,0.17866898395764153,0.11696495327842563,0.5844121582320235,0.2026761201434691,0.04129144502184157,2026-09-19T01:25:04Z
823571,620443,Luis Torrens,NYM,PHI,1,9,projected,Andrew Painter,Citi Field,2026-09-19T20:10:00Z,3.4062130177514796,873,507,0.3885600999722246,0.5934776157364084,0.0678485048102016,Normal,0.08294619466220746,0.5438591215882942,0.27163952843883693,0.5513525019447584,0.5984643773562491,0.38940294603065967,0.23706455279796965,0.1316830580551427,0.5271606905793221,0.28368279741692526,0.1491138102479887,0.10170332747295519,0.5296215616377766,0.15594583614572505,0.025040290818886264,2026-09-19T01:25:04Z
823571,669016,Brandon Marsh,PHI,NYM,0,9,projected,Christian Scott,Citi Field,2026-09-19T20:10:00Z,3.6038677479725516,2378,650,0.45277914455993146,0.5271595832467288,-0.9991199601910736,Normal,0.09938289121359992,0.5959148830002728,0.26063216962788166,0.683180379582329,0.6444527412040629,0.4366435311309538,0.2769321968328525,0.16134048698368564,0.5753579989315796,0.32715407181468814,0.18768154548665894,0.12804119087324586,0.5783930356242432,0.19659634687819885,0.038822295626600674,2026-09-19T01:25:04Z
823899,605141,Mookie Betts,LAD,SF,1,1,projected,TBD,UNIQLO Field at Dodger Stadium,2026-09-20T01:10:00Z,4.4259622937941865,2999,0,0.6665508149677156,0.5865235988321216,1.0136268185490445,Normal,0.16329239011645164,0.6924894518609431,0.36214125351395865,0.45566762174358066,0.7390773444748716,0.5454056284190948,0.37695209115450934,0.2416835923555353,0.6639249820585322,0.43367494856317224,0.27892407619384313,0.2054319703540683,0.6681649562144008,0.2878660074398307,0.07824423865837678,2026-09-19T01:25:04Z
823899,808982,Jung Hoo Lee,SF,LAD,0,1,projected,Tarik Skubal,UNIQLO Field at Dodger Stadium,2026-09-20T01:10:00Z,4.604505386875612,1343,2860,0.4989987157304641,0.6631466703312522,-1.5055430504246445,Normal,0.06938976230109356,0.675326305130556,0.21532071969188615,0.5439264107076032,0.6741159536333915,0.47196406890757897,0.3102102337630019,0.18862844183794006,0.6481731636287529,0.3891181771733368,0.21907536986039414,0.1292648875390172,0.6522030353480964,0.2726718900845058,0.07256714571301237,2026-09-19T01:25:04Z
823899,669242,Tommy Edman,LAD,SF,1,2,projected,TBD,UNIQLO Field at Dodger Stadium,2026-09-20T01:10:00Z,4.320075757575758,1989,0,0.5475601833488463,0.5865235988321216,-1.0982819716786743,Normal,0.10011652074667315,0.6497679940382063,0.33214760832703416,0.5701146727968945,0.6848131260253093,0.48194065727611823,0.31775410613566923,0.19352447021406535,0.6248184756835781,0.37136130826277575,0.21425027037541064,0.14079484161721806,0.6285124546104598,0.24568566701151237,0.05894968743324336,2026-09-19T01:25:04Z
823899,805811,Bryce Eldridge,SF,LAD,0,2,projected,Tarik Skubal,UNIQLO Field at Dodger Stadium,2026-09-20T01:10:00Z,4.515250335699213,485,2860,0.46404925212939363,0.6542893377630435,0.691996959013758,Normal,0.10628096376418843,0.644037849362395,0.35450857173446787,0.8291925082192978,0.6745891888559783,0.47190799039099113,0.3097475945221079,0.18796813957150846,0.6194861800065218,0.3741811965645612,0.21471591835104997,0.14423040214884453,0.6231229881702958,0.24236200573420705,0.05880635346048555,2026-09-19T01:25:04Z
823899,663656,Kyle Tucker,LAD,SF,1,3,projected,TBD,UNIQLO Field at Dodger Stadium,2026-09-20T01:10:00Z,4.225771521386031,2812,0,0.5636153289888529,0.5865235988321216,1.2256820506313906,Normal,0.15862754485064742,0.6501487857580989,0.43877858625443455,0.4804132325122378,0.7093620638617213,0.5087528949911159,0.3413599766055608,0.2117001967537039,0.6252198860571827,0.397419180535512,0.2551555712977766,0.19170440373907127,0.6289093264811603,0.24478295867865124,0.057835221897933206,2026-09-19T01:25:04Z
823899,678545,Osleivis Basabe,SF,LAD,0,3,projected,Tarik Skubal,UNIQLO Field at Dodger Stadium,2026-09-20T01:10:00Z,4.404062386652159,225,2860,0.42697058009175975,0.6515510831952421,-1.3762328504939503,Normal,0.11295037460545122,0.6120885492422558,0.26996724405519124,0.7574223464446617,0.6514249302966308,0.4470052701937262,0.2878506088659262,0.17099629229710972,0.590053850659908,0.345408075162836,0.20126338293591586,0.14161134621760904,0.5933129300852611,0.21429036662110262,0.047422952665965044,2026-09-19T01:25:04Z
823899,518692,Freddie Freeman,LAD,SF,1,4,projected,TBD,UNIQLO Field at Dodger Stadium,2026-09-20T01:10:00Z,4.137759336099585,3327,0,0.528746080059141,0.5865235988321216,-0.713170969065388,Normal,0.12435667863551157,0.7074615169560153,0.3855330345801318,0.512949222614031,0.723533809281585,0.5246217309530657,0.3554912993475912,0.2226266947148023,0.6776551869748115,0.4389748363867299,0.2638429742392969,0.17724957702160113,0.6820762643691048,0.29978661620680747,0.08118988785171775,2026-09-19T01:25:04Z
823899,687551,Drew Gilbert,SF,LAD,0,4,projected,Tarik Skubal,UNIQLO Field at Dodger Stadium,2026-09-20T01:10:00Z,4.319574734208881,484,2860,0.3950924457115561,0.6419717434464408,-0.8830644213807208,Normal,0.09070365062849774,0.6017753280290166,0.2839580670338288,0.6821625946682033,0.6382049663537327,0.4327611623617509,0.2753198911445059,0.16128649410382542,0.5805722073337828,0.3345236000523898,0.18857355489081315,0.12422479564772536,0.5837062474943145,0.20489028987535382,0.04346517432414835,2026-09-19T01:25:04Z
823899,606192,Teoscar Hernández,LAD,SF,1,5,projected,TBD,UNIQLO Field at Dodger Stadium,2026-09-20T01:10:00Z,4.021140609636185,2866,0,0.4641359124969768,0.5865235988321216,0.6747850991489297,Normal,0.1364132427690929,0.6513489107410735,0.2890574192077274,0.701847067296057,0.6909006023419788,0.4868255464757554,0.3206878232175042,0.19473590730680443,0.6263835631009769,0.3887209733916406,0.23619497851352472,0.16996127441916656,0.6300761508017724,0.24414195270625516,0.05642635713237293,2026-09-19T01:25:04Z
823899,687529,Grant McCray,SF,LAD,0,5,projected,Tarik Skubal,UNIQLO Field at Dodger Stadium,2026-09-20T01:10:00Z,4.191813422179914,240,2860,0.3582331176199725,0.6310253473248938,0.06874712289960211,Normal,0.0861956668611125,0.5712761424480043,0.21957825764556857,0.914668621355008,0.6150921425414337,0.4093179305337308,0.2556045751240362,0.1466034882569985,0.5523229197373736,0.30848720394457757,0.17391105051813205,0.11523497888088169,0.5551213149223456,0.18084570937786676,0.034937010435136424,2026-09-19T01:25:04Z
823899,669257,Will Smith,LAD,SF,1,6,projected,TBD,UNIQLO Field at Dodger Stadium,2026-09-20T01:10:00Z,3.8884043099025143,2361,0,0.49224168802289103,0.5865235988321216,0.1649646801649152,Normal,0.11733442426756771,0.6166900111450234,0.4201511610360098,0.5190160960667864,0.6668890765824521,0.46034957690533157,0.29717481906481097,0.17646446130169818,0.5945148626048475,0.3491073928972747,0.2046755383297279,0.14503901157665594,0.5977903127618387,0.21357341161655352,0.044547431681891715,2026-09-19T01:25:04Z
823899,695391,Brett Harris,SF,LAD,0,6,projected,Tarik Skubal,UNIQLO Field at Dodger Stadium,2026-09-20T01:10:00Z,4.056862238304472,229,2860,0.407846816740476,0.625003664672926,-0.3525988958239449,Normal,0.08270986150875305,0.5645817704602936,0.3606701808186164,0.7293296131890017,0.6061921672416544,0.40054631688485753,0.2483735452086781,0.14130607703678333,0.5461081292739733,0.3009139093953961,0.16100424104173788,0.10697700370599637,0.5488349689609997,0.17573762017473368,0.033156073279318465,2026-09-19T01:25:04Z
823899,571970,Max Muncy,LAD,SF,1,7,projected,TBD,UNIQLO Field at Dodger Stadium,2026-09-20T01:10:00Z,3.7422402159244266,2357,0,0.5464942485016878,0.5865235988321216,-0.7108242226460331,Normal,0.18524222714527164,0.5732785991613838,0.45399965571106293,0.6219667475089441,0.6692428610653163,0.4622839699678552,0.29846765413150994,0.17718340710646616,0.5543661484284839,0.3550519121630204,0.24049906266705323,0.2005859194677935,0.5571562482093699,0.17921160385067925,0.03288141385812016,2026-09-19T01:25:04Z
823899,694376,Shay Whitcomb,SF,LAD,0,7,projected,Tarik Skubal,UNIQLO Field at Dodger Stadium,2026-09-20T01:10:00Z,3.9124487004103967,176,2860,0.3490469698405281,0.6073759305518874,0.35201243660386994,Normal,0.10399398682879997,0.5631872066763517,0.20198359731565516,0.7538983407293929,0.6022556328209369,0.3962855962776663,0.24463848825700837,0.13843122665526833,0.5448572323416767,0.3062208238188225,0.17464334685797583,0.12510001493638953,0.5475623184795788,0.17401345080274322,0.032305545638207776,2026-09-19T01:25:04Z
823899,500743,Miguel Rojas,LAD,SF,1,8,projected,TBD,UNIQLO Field at Dodger Stadium,2026-09-20T01:10:00Z,3.5848449385605616,1820,0,0.3797270581595011,0.5865235988321216,-0.48290424669395304,Normal,0.07148174360049882,0.6016675735533641,0.24111510596433233,0.39268625341286645,0.6110059521033119,0.40235450742171947,0.24799060342816165,0.1397844902585887,0.5807788450749833,0.31685988510825336,0.16089676892798807,0.09887569621522242,0.5838614481901174,0.19913929737628713,0.03850696589768,2026-09-19T01:25:04Z
823899,668800,Andrew Knizner,SF,LAD,0,8,projected,Tarik Skubal,UNIQLO Field at Dodger Stadium,2026-09-20T01:10:00Z,3.77134670487106,773,2860,0.37576317164462236,0.599320449002248,0.4078850906606519,Normal,0.0887677566532568,0.5477796501373788,0.24730011749773104,0.6615262998524085,0.5911412321834586,0.38525885395719806,0.23556008159925934,0.13181618361890823,0.530553455503293,0.28275774194029474,0.15356743928501543,0.10709813229599349,0.5330944429695937,0.1625098593685421,0.028579860700861402,2026-09-19T01:25:04Z
823899,571771,Enrique Hernández,LAD,SF,1,9,projected,TBD,UNIQLO Field at Dodger Stadium,2026-09-20T01:10:00Z,3.4062130177514796,1639,0,0.40803729669747035,0.5865235988321216,-1.0022531741514256,Normal,0.08934310944148288,0.5454544237049873,0.22791729471823235,0.5779899315693869,0.5983916349311578,0.3893346547715782,0.23701093194465733,0.13164577374098976,0.5286500680395891,0.28690424640477863,0.15224180235667778,0.10668745263048313,0.5311266075666323,0.1570028143645733,0.025321624379070984,2026-09-19T01:25:04Z
823899,683766,Christian Koss,SF,LAD,0,9,projected,Tarik Skubal,UNIQLO Field at Dodger Stadium,2026-09-20T01:10:00Z,3.6038677479725516,381,2860,0.3992566851682225,0.6026865283258673,0.9423112123734975,Normal,0.08085982954187912,0.563523388782861,0.2009922448972454,0.7058777131497654,0.6043664503916145,0.39714643278119666,0.244640067343044,0.1379905995085478,0.5452859053330066,0.2887269656569268,0.15188698929012123,0.10130573970047076,0.5479764985261094,0.17258988967381847,0.031240277089525793,2026-09-19T01:25:04Z
823976,687263,Zach Neto,LAA,MIN,1,1,projected,Joe Ryan,Angel Stadium,2026-09-20T01:38:00Z,4.4259622937941865,2147,3067,0.5678527247759535,0.6807783130674607,0.37003908163755356,Normal,0.14729051306020868,0.6464445531743312,0.31356277730386417,0.8521530731074828,0.6977354366860715,0.4969190409680689,0.33167927063524605,0.20484618759647635,0.6217304957234397,0.3973687486694244,0.24851458721352399,0.18303335791281536,0.6253904536889154,0.24364045827666841,0.05875088976910079,2026-09-19T01:25:04Z
823976,665019,Kody Clemens,MIN,LAA,0,1,projected,Reid Detmers,Angel Stadium,2026-09-20T01:38:00Z,4.604505386875612,1334,2537,0.587271934400239,0.6540372653704394,0.04414700102183969,Normal,0.1487960770465207,0.639405533137449,0.33407323054102955,0.7380919403719179,0.7012671810657806,0.5020610803173712,0.3372622918632402,0.20998967660986417,0.6151850659783193,0.393693227593988,0.25442149562037647,0.18767308899885832,0.6187731675266667,0.23912724353678957,0.058002467547126554,2026-09-19T01:25:04Z
823976,545361,Mike Trout,LAA,MIN,1,2,projected,Joe Ryan,Angel Stadium,2026-09-20T01:38:00Z,4.320075757575758,2139,3067,0.5582396109892549,0.6758251356208588,0.054107345510889145,Normal,0.1665347223740218,0.6202549831601502,0.43736678078875013,0.8357243637379397,0.6975333759386744,0.4960988437834536,0.3304530983130236,0.20349694332442383,0.5976467064926564,0.3750839595228966,0.24387795483521782,0.19084944439557786,0.6009902529111347,0.21992052550305863,0.048845714516439806,2026-09-19T01:25:04Z
823976,807712,Luke Keaschall,MIN,LAA,0,2,projected,Reid Detmers,Angel Stadium,2026-09-20T01:38:00Z,4.515250335699213,792,2537,0.5846720721041494,0.6462959184181645,1.752714342065283,Normal,0.09523040161825325,0.6817598192465529,0.45937312529183016,0.5808809779986048,0.699024519191501,0.49892606811983825,0.3339488819141175,0.2070014481539376,0.654094669091874,0.3946823955376773,0.22267044430730973,0.14115701376087827,0.6582004585647994,0.2780258835901425,0.0743781436532377,2026-09-19T01:25:04Z
823976,518595,Travis d'Arnaud,LAA,MIN,1,3,projected,Joe Ryan,Angel Stadium,2026-09-20T01:38:00Z,4.225771521386031,1367,3067,0.43477410939142175,0.66869208986748,-1.3306662009509398,Normal,0.12399762609570766,0.6079878383241885,0.2760497130568521,0.8371309657563707,0.654014114847942,0.44823468314626846,0.2878529887867887,0.17023807248824538,0.5863756209783922,0.35575487931128386,0.209587804528993,0.15176675830613043,0.5895694874359191,0.20868478820321434,0.04413115727413902,2026-09-19T01:25:04Z
823976,605137,Josh Bell,MIN,LAA,0,3,projected,Reid Detmers,Angel Stadium,2026-09-20T01:38:00Z,4.404062386652159,2997,2537,0.46896671331070733,0.6412104579201708,-0.5180369214346382,Normal,0.1339133267603182,0.6469173171254103,0.3741388195156641,0.6536384588255808,0.6757356251927716,0.4727923289494163,0.3102409444294521,0.18812962732007021,0.622153647526128,0.37800388343318186,0.22939472876711217,0.16550331352097453,0.6258214201664637,0.24435586364316808,0.059215664007351905,2026-09-19T01:25:04Z
823976,666139,Josh Lowe,LAA,MIN,1,4,projected,Joe Ryan,Angel Stadium,2026-09-20T01:38:00Z,4.137759336099585,1840,3067,0.4501165294651839,0.6571682402701676,-0.32224832350870475,Normal,0.12430966243913684,0.6169732632641356,0.2947604506269931,0.7490591349409297,0.6605698402266623,0.4544859084225322,0.2927526501623044,0.17359576516104247,0.594719279760085,0.362285234542028,0.2168924825783105,0.1553556668267274,0.5980078774023707,0.2150854151006763,0.045874429317348336,2026-09-19T01:25:04Z
823976,668904,Royce Lewis,MIN,LAA,0,4,projected,Reid Detmers,Angel Stadium,2026-09-20T01:38:00Z,4.319574734208881,1484,2537,0.4402007392062823,0.6290016507492752,-1.5796511140626976,Normal,0.13246487449122604,0.6356531454917956,0.2973132622656139,0.7487638764921133,0.6778092236084754,0.474317738181271,0.3110635644205539,0.1883869953821431,0.6118408620875597,0.3727848965501984,0.22393946799987366,0.16227025491928407,0.6153647682078093,0.23319896863522868,0.05406503225616476,2026-09-19T01:25:04Z
823976,624428,Adam Frazier,LAA,MIN,1,5,projected,Joe Ryan,Angel Stadium,2026-09-20T01:38:00Z,4.021140609636185,1956,3067,0.4163879037577268,0.6420465897240932,-1.7131523491079632,Normal,0.0812420695643855,0.6181235955303047,0.2794391475402097,0.5779082054928626,0.638990903950362,0.43183460490038783,0.27330113009249213,0.1588880311384982,0.5958091455107402,0.3329863464018803,0.17889082649652205,0.11303111129984332,0.5991060559106712,0.21539533943612532,0.04558969112164402,2026-09-19T01:25:04Z
823976,605170,Victor Caratini,MIN,LAA,0,5,projected,Reid Detmers,Angel Stadium,2026-09-20T01:38:00Z,4.191813422179914,1566,2537,0.3839398675345042,0.6153042961981142,-0.8561640372321383,Normal,0.08940741232828717,0.6064263391191808,0.3684570983822769,0.6392369011597809,0.6399961544335073,0.4341137577856659,0.27611498007653495,0.16162635241778042,0.5849092778558299,0.31611246206994953,0.16980209769125987,0.11299403587389316,0.5880893778502173,0.2078786380916977,0.044095626842089064,2026-09-19T01:25:04Z
823976,687093,Vaughn Grissom,LAA,MIN,1,6,projected,Joe Ryan,Angel Stadium,2026-09-20T01:38:00Z,3.8884043099025143,782,3067,0.3719292034255228,0.6349153995109726,-0.8462851487675582,Normal,0.08654143946458322,0.5944081610391504,0.24731580342230816,0.6848692502391894,0.6210292227715759,0.4135522542485034,0.2579542652288835,0.1475112859775301,0.5739182303638267,0.3174683606718364,0.1701360944060512,0.112078062074199,0.5769429898284656,0.19580282648999436,0.03847727305940387,2026-09-19T01:25:04Z
823976,680777,Ryan Jeffers,MIN,LAA,0,6,projected,Reid Detmers,Angel Stadium,2026-09-20T01:38:00Z,4.056862238304472,1844,2537,0.45793859887454896,0.6079095192732844,-2.0176955428173007,Cold,0.1243803339659966,0.6093529527475801,0.40319070562019355,0.6438597426006184,0.6603418277172627,0.4549935247333579,0.29372050882283995,0.17470696351832063,0.5876231164349321,0.3566042265963271,0.2122741758447064,0.15332849054281025,0.5908345299240026,0.2099766277937507,0.04464698789367431,2026-09-19T01:25:04Z
823976,642350,Jose Siri,LAA,MIN,1,7,projected,Joe Ryan,Angel Stadium,2026-09-20T01:38:00Z,3.7422402159244266,1397,3067,0.4168806797643936,0.6178045769609984,-0.36399908621616744,Normal,0.12546066353552504,0.5397845390839603,0.2227860175373156,0.8900233177502549,0.6223373722159545,0.4143380157293165,0.25828383849537473,0.1475420144508418,0.5231622554549199,0.3061604970103319,0.18625803642929742,0.14305324753347712,0.5256129313603831,0.1559367023299911,0.02610123904977337,2026-09-19T01:25:04Z
823976,686797,Brooks Lee,MIN,LAA,0,7,projected,Reid Detmers,Angel Stadium,2026-09-20T01:38:00Z,3.9124487004103967,1304,2537,0.38517999104119055,0.5902990473263398,-0.17141961367783753,Normal,0.12301963074184771,0.6065100042757807,0.25066219922091915,0.5631905432247656,0.6399087190979882,0.4333259174146654,0.2749651637986741,0.1604217004329132,0.5850417558049638,0.3356359792319574,0.2008151118309597,0.14662937076050261,0.5882135362596709,0.20684749981166972,0.0431243333531115,2026-09-19T01:25:04Z
823976,672724,Oswald Peraza,LAA,MIN,1,8,projected,Joe Ryan,Angel Stadium,2026-09-20T01:38:00Z,3.5848449385605616,883,3067,0.3241902950295729,0.6142999206733191,0.08793549153191067,Normal,0.07147933440349173,0.5273086434318149,0.230852544204073,0.8111673399683722,0.5674532373208655,0.3619112761991072,0.21638882811629692,0.11786325234889002,0.5115869818561011,0.261291947021304,0.13373128815091595,0.08870133156600352,0.5139038991427959,0.14660009109597652,0.02312980787087149,2026-09-19T01:25:04Z
823976,668885,Austin Martin,MIN,LAA,0,8,projected,Reid Detmers,Angel Stadium,2026-09-20T01:38:00Z,3.77134670487106,788,2537,0.4633404635974813,0.583337952340768,-0.7127151466339234,Normal,0.0650528791219268,0.579176319453043,0.4170795140079133,0.6000792740072393,0.6203515623190996,0.41323524724934546,0.25800551748100015,0.1477971771138345,0.5597741422822979,0.30659050531341936,0.15469003080839525,0.09382337629655627,0.5626380801864486,0.1848621783467779,0.03539685229413534,2026-09-19T01:25:04Z
823976,623168,Tyler Heineman,LAA,MIN,1,9,projected,Joe Ryan,Angel Stadium,2026-09-20T01:38:00Z,3.4062130177514796,602,3067,0.36982515236597335,0.6224805293395423,-1.2181062968856846,Normal,0.06402457293580772,0.5251295774051926,0.25272972809714567,0.4326565075823253,0.5711275851411466,0.3642831684242249,0.21763193136401782,0.1183420343619094,0.5096462251809453,0.25641189336689957,0.12886114362507467,0.08225352325115304,0.511927432652494,0.1438865582065511,0.021928022670959987,2026-09-19T01:25:04Z
823976,668952,Ryan Kreidler,MIN,LAA,0,9,projected,Reid Detmers,Angel Stadium,2026-09-20T01:38:00Z,3.6038677479725516,462,2537,0.4053028893726305,0.5877940957673109,-1.0356221598355762,Normal,0.08430835905206667,0.5189270738255375,0.27074345932339805,0.715096175885674,0.5888248691539623,0.3825094513527367,0.23305145401180768,0.12984049004366982,0.5036328393081225,0.2634393970497908,0.1455468679031141,0.10173071539886862,0.5058873437462637,0.1428652412411373,0.022873640751468454,2026-09-19T01:25:04Z
824137,665161,Jeremy Peña,HOU,ATL,1,1,projected,Grant Holmes,Daikin Park,2026-09-19T23:10:00Z,4.4259622937941865,2828,1375,0.6118517806976628,0.650090026347824,-0.2080859088020394,Normal,0.13810128344779923,0.6892669152635184,0.2743233677892106,0.7233803269024288,0.7205898287875149,0.5232423455404901,0.3559288000895014,0.22435157151886384,0.6609805244946597,0.4120931127351058,0.25304249042678445,0.17853704648944838,0.6651784427031614,0.28458859797649844,0.07670685362446934,2026-09-19T01:25:04Z
824137,573262,Mike Yastrzemski,ATL,HOU,0,1,projected,Hayden Wesneski,Daikin Park,2026-09-19T23:10:00Z,4.604505386875612,2349,1123,0.6486073454996556,0.6363754231878473,0.19968261062936035,Normal,0.16410423117526476,0.6323514246137392,0.41504122843880076,0.6677844988311216,0.7012973052840907,0.5020953043141927,0.33729360593301244,0.2100147791101967,0.6086877404460037,0.3999833822232143,0.2612586025664339,0.19920713487283295,0.6121922664277212,0.2329090788488818,0.05547175739336608,2026-09-19T01:25:04Z
824137,514888,Jose Altuve,HOU,ATL,1,2,projected,Grant Holmes,Daikin Park,2026-09-19T23:10:00Z,4.320075757575758,2883,1375,0.5465761929177567,0.6442025788530006,0.037860750274056346,Normal,0.1323200370729673,0.6749546301769135,0.31802189630026156,0.6158665932364787,0.7090186535375214,0.509173649060026,0.3423728537258328,0.2129867954018333,0.6479143963399748,0.39949290670833837,0.2402375991190913,0.1689185317551988,0.6519225158916483,0.26935242021112504,0.06902007026856898,2026-09-19T01:25:04Z
824137,660670,Ronald Acuña Jr.,ATL,HOU,0,2,projected,Hayden Wesneski,Daikin Park,2026-09-19T23:10:00Z,4.515250335699213,2342,1123,0.6144944055525178,0.6287283170515277,1.2315594953909688,Normal,0.16905457688667885,0.6623570904799445,0.40067752609813656,0.721871208792169,0.7207606250997796,0.5240059849209798,0.3571212810473262,0.2257109812870015,0.6363157167635196,0.39853631427987835,0.25825893231785335,0.19790187012903213,0.6401765340195038,0.2592315042292395,0.06595442318986343,2026-09-19T01:25:04Z
824137,670623,Isaac Paredes,HOU,ATL,1,3,projected,Grant Holmes,Daikin Park,2026-09-19T23:10:00Z,4.225771521386031,2650,1375,0.4839319753888727,0.628653855914285,-1.0579576295666817,Normal,0.15248684812437294,0.620917619668261,0.4579429588298649,0.5323891448048989,0.6811870918264066,0.4771863511095819,0.31296954132510146,0.1893869733735276,0.5983148233238469,0.3669640401095763,0.22979044589273442,0.17610714393737376,0.6016564577775514,0.219321957373244,0.04799018422890212,2026-09-19T01:25:04Z
824137,645277,Ozzie Albies,ATL,HOU,0,3,projected,Hayden Wesneski,Daikin Park,2026-09-19T23:10:00Z,4.404062386652159,2680,1123,0.48768127647923476,0.6186262013636412,-0.9753147967336461,Normal,0.13027321627176974,0.6260525353738505,0.2898247763670692,0.5852860957634742,0.677824069981621,0.4750592538345623,0.3122420848372621,0.1896825702322269,0.6029432719223856,0.36565975160271963,0.2215963590541814,0.16061570121829405,0.6063630616265734,0.22600891036942253,0.05187502052254578,2026-09-19T01:25:04Z
824137,670541,Yordan Alvarez,HOU,ATL,1,4,projected,Grant Holmes,Daikin Park,2026-09-19T23:10:00Z,4.137759336099585,2541,1375,0.5593168467654152,0.6112729592694931,-0.5995192321758691,Normal,0.21411375328336374,0.6724659607218032,0.4379658676647653,0.5224089618035549,0.7359521368745395,0.5394857364054854,0.36948541940454366,0.2340353441076914,0.6457140184767111,0.43187353321481714,0.2971742980515885,0.24049294058295884,0.6496753062433165,0.2645339586216771,0.06531157406059931,2026-09-19T01:25:04Z
824137,663586,Austin Riley,ATL,HOU,0,4,projected,Hayden Wesneski,Daikin Park,2026-09-19T23:10:00Z,4.319574734208881,2922,1123,0.47865009562094096,0.6024299296915758,-0.29908765436355106,Normal,0.15235718038856494,0.6206963221743881,0.30359600325968705,0.8439728898910156,0.686175113740979,0.48347215971769825,0.319176487212448,0.19469554131517236,0.5980554925536625,0.37184407304059586,0.23528796031282434,0.17918608211192708,0.6014041744748397,0.22038257013447393,0.0491342028114871,2026-09-19T01:25:04Z
824137,572233,Christian Walker,HOU,ATL,1,5,projected,Grant Holmes,Daikin Park,2026-09-19T23:10:00Z,4.021140609636185,3116,1375,0.45925652808420553,0.5905926687154885,-1.5977792559203596,Normal,0.15779312794401534,0.5975235342037011,0.3167787588475172,0.6689165576212495,0.67377379861187,0.46811655484236936,0.3042164905101844,0.18205151589181973,0.5767722103346191,0.3571583027048802,0.22728074274001697,0.17858962602164216,0.5798364172416958,0.19883126604499962,0.039836833500431566,2026-09-19T01:25:04Z
824137,621566,Matt Olson,ATL,HOU,0,5,projected,Hayden Wesneski,Daikin Park,2026-09-19T23:10:00Z,4.191813422179914,3490,1123,0.5561799412602417,0.5849088624257117,-0.5440683259234841,Normal,0.23424043727028562,0.628805625455196,0.34293337284429654,0.686639135611332,0.7124638277779007,0.5126573145851742,0.34520886674526907,0.2149833229929023,0.6055654149504374,0.41779610422845315,0.2975119253106944,0.25311499243700913,0.6090027613898391,0.2264774244974573,0.050955242264964805,2026-09-19T01:25:04Z
824137,662139,Daulton Varsho,HOU,ATL,1,6,projected,Grant Holmes,Daikin Park,2026-09-19T23:10:00Z,3.8884043099025143,2476,1375,0.4414599811436348,0.5823269217965917,-1.583353604443189,Normal,0.12979140891915758,0.5830708018368097,0.2987016712821676,0.5770123102606728,0.6500350324397156,0.442721027125672,0.2821439208301162,0.16520742665697694,0.5634102517055839,0.34108938121458005,0.21153528924334106,0.15641576574440927,0.5663117942060811,0.1871673999497374,0.03567486221532478,2026-09-19T01:25:04Z
824137,669221,Sean Murphy,ATL,HOU,0,6,projected,Hayden Wesneski,Daikin Park,2026-09-19T23:10:00Z,4.056862238304472,1747,1123,0.41041886044431736,0.5764478409547686,-0.7227429804773616,Normal,0.13643595826464672,0.549019585739792,0.3527395157847845,0.7938918494893065,0.6280433019822077,0.4219300058518904,0.26583532831542683,0.1539490213234175,0.5316109026402813,0.3203027094201587,0.19719755056981747,0.15432206006613428,0.5341796264674107,0.16478343636682952,0.029803835183601565,2026-09-19T01:25:04Z
824137,673237,Yainer Diaz,HOU,ATL,1,7,projected,Grant Holmes,Daikin Park,2026-09-19T23:10:00Z,3.7422402159244266,1896,1375,0.41143666975605486,0.567983099452509,1.1352321829213805,Normal,0.12667377779364683,0.6450713277941291,0.19757665231435065,0.5300597540649542,0.6740935203165888,0.4674705551149396,0.302953448487503,0.18058047218689066,0.6206899161422321,0.36803078300037523,0.21746011694089323,0.15489727356422536,0.6242935419494404,0.23693543413765789,0.05269511148877794,2026-09-19T01:25:04Z
824137,673490,Ha-Seong Kim,ATL,HOU,0,7,projected,Hayden Wesneski,Daikin Park,2026-09-19T23:10:00Z,3.9124487004103967,1997,1123,0.37520480855887023,0.5603175139180243,-1.7724242924016365,Normal,0.08477473425047197,0.5482634105583786,0.3281978062756767,0.6431792942441259,0.6018855261868945,0.39593260916111034,0.24435584359357676,0.1382301970936088,0.5309520128875562,0.2805767223822873,0.1514927252052275,0.1039439804375011,0.5335059449066197,0.1635750796695051,0.029159825765452924,2026-09-19T01:25:04Z
824137,543877,Christian Vázquez,HOU,ATL,1,8,projected,Grant Holmes,Daikin Park,2026-09-19T23:10:00Z,3.5848449385605616,1570,1375,0.33814097299686885,0.5677231392225387,-2.180142127011706,Cold,0.08226315719088827,0.5499012223979693,0.23025380493783734,0.5768751603486896,0.5894474099464924,0.3819888451125656,0.23188674198039036,0.12849948974054334,0.5326970350543586,0.27694314818242105,0.14399571758481494,0.09865737255533423,0.5352333383526788,0.16142919002580414,0.027118620883202695,2026-09-19T01:25:04Z
824137,671739,Michael Harris II,ATL,HOU,0,8,projected,Hayden Wesneski,Daikin Park,2026-09-19T23:10:00Z,3.77134670487106,2678,1123,0.47675717294335995,0.555604391807063,0.5827462978498393,Normal,0.14896629705278144,0.6474899240233688,0.1935605806349619,0.5614772889110756,0.687004641517047,0.48243256970873527,0.3168242417513356,0.19180998396895826,0.6228596259497176,0.38469976081714724,0.24254844129859407,0.17999282872111114,0.6265026140184189,0.24064237676178815,0.05523189975440922,2026-09-19T01:25:04Z
824137,669397,Nick Allen,HOU,ATL,1,9,projected,Grant Holmes,Daikin Park,2026-09-19T23:10:00Z,3.4062130177514796,1329,1375,0.3457655075057078,0.5771114920777871,2.1641783461500963,Hot,0.06069745337147206,0.5339273019979051,0.229396167553419,0.5720725799262263,0.5660257882974834,0.3597120029420759,0.21415790594072745,0.11599358651022501,0.5178797272982745,0.2472429845819097,0.11905033657614142,0.07564162496444125,0.5202443454721142,0.14947141471375328,0.023347060042400034,2026-09-19T01:25:04Z
824137,643289,Mauricio Dubón,ATL,HOU,0,9,projected,Hayden Wesneski,Daikin Park,2026-09-19T23:10:00Z,3.6038677479725516,2169,1123,0.4218112401537042,0.5613090949506585,1.7903814646355898,Normal,0.07330296313502797,0.5803275001828823,0.20495464359141402,0.4418085668641874,0.6194687000165232,0.4117218527562845,0.2563815266458702,0.14637263242683335,0.5609059388027204,0.30187637467840955,0.1552705357793261,0.09823035464062299,0.5637722786047771,0.18477810582799958,0.03499757763335488,2026-09-19T01:25:04Z
824304,678662,Ezequiel Tovar,COL,SEA,1,1,projected,Bryce Miller,Coors Field,2026-09-20T00:10:00Z,4.4259622937941865,2214,2070,0.5213530477128266,0.6586366169756958,0.19535112238220906,Normal,0.11547842310524474,0.6469760736555089,0.2247715115791888,0.7643447525979841,0.6829862615778729,0.4805169463984659,0.31695036824235007,0.19325235976744964,0.6222191246424931,0.3871377205060821,0.2303961113140658,0.1577007548959027,0.625885518510013,0.24412035595015744,0.05894805648514687,2026-09-19T01:25:04Z
824304,621493,Taylor Ward,SEA,COL,0,1,projected,TBD,Coors Field,2026-09-20T00:10:00Z,4.604505386875612,2903,0,0.6172201832367731,0.5865235988321216,-2.3731439751587744,Cold,0.12689473501844878,0.653140611472372,0.4800987121981858,0.6919361677737127,0.7095218195405429,0.5115111903682033,0.34595754211408025,0.21699348807092114,0.6278177576319305,0.3841394216724218,0.23098082118051222,0.1628776548674629,0.6315715974727064,0.25157529378343124,0.0632269136601853,2026-09-19T01:25:04Z
824304,666160,Mickey Moniak,COL,SEA,1,2,projected,Bryce Miller,Coors Field,2026-09-20T00:10:00Z,4.320075757575758,1730,2070,0.5930613461689375,0.6534997708133072,-1.8515759373066556,Normal,0.23593701368166622,0.6796461054068746,0.24787971377196957,0.7235330222766102,0.7272634496008448,0.5305443634161671,0.3622645420352346,0.22910276937444934,0.652207286037802,0.45089424743349776,0.32728592212392266,0.26781075673412386,0.6562754475851709,0.273941573414881,0.0710614707564653,2026-09-19T01:25:04Z
824304,641487,J.P. Crawford,SEA,COL,0,2,projected,TBD,Coors Field,2026-09-20T00:10:00Z,4.515250335699213,2800,0,0.569214694400372,0.5865235988321216,1.2227208917744201,Normal,0.12430488564490691,0.6649493676945468,0.4983487001821417,0.5805967657658992,0.6935763630314423,0.49279790417155367,0.32839144056345265,0.2025849369511177,0.6386937487040648,0.38707748474318276,0.23000805201153834,0.16014275573333617,0.6425868364378498,0.26168617328811394,0.06702695788505848,2026-09-19T01:25:04Z
824304,696100,Hunter Goodman,COL,SEA,1,3,projected,Bryce Miller,Coors Field,2026-09-20T00:10:00Z,4.225771521386031,1415,2070,0.5194380272086964,0.6401645914579404,-0.17008267810706088,Normal,0.22478951446586562,0.6316247314809497,0.2473017326769202,0.8104731258304034,0.7084190470740089,0.5076690717870388,0.34036727149777485,0.21090803748282363,0.6081837710567499,0.4095738043916555,0.2945895573754276,0.24628046719441538,0.6116505959075436,0.22841591014315393,0.05140771062072648,2026-09-19T01:25:04Z
824304,677594,Julio Rodríguez,SEA,COL,0,3,projected,TBD,Coors Field,2026-09-20T00:10:00Z,4.404062386652159,3216,0,0.5299763097612865,0.5865235988321216,0.23852269810876392,Normal,0.15592090750585297,0.6902182724171153,0.27596364480669144,0.704165421689313,0.722997265070812,0.5262776776854192,0.3589247828345795,0.22691400711529214,0.6618413247485972,0.41726949836055965,0.2633791745651693,0.1927757964593066,0.6660534799880946,0.2858742662452021,0.07752106183598188,2026-09-19T01:25:04Z
824304,687597,Jordan Beck,COL,SEA,1,4,projected,Bryce Miller,Coors Field,2026-09-20T00:10:00Z,4.137759336099585,937,2070,0.3786088938292782,0.6237988870044485,-0.9643259616309592,Normal,0.09349137630983068,0.6132169105463638,0.24768044105002365,0.812001174285022,0.6382245183178317,0.4314468837979503,0.2732622213763526,0.15906896671422388,0.5912515555342178,0.3415009504612985,0.19328594886212755,0.12743289749844827,0.5944971319363017,0.21199914724216215,0.04476849606713861,2026-09-19T01:25:04Z
824304,663728,Cal Raleigh,SEA,COL,0,4,projected,TBD,Coors Field,2026-09-20T00:10:00Z,4.319574734208881,2812,0,0.5631446332800027,0.5865235988321216,0.23906660873691568,Normal,0.2499913957317686,0.6111112966214465,0.4334507427652912,0.7730606106921576,0.7117206368161586,0.5123136694799234,0.3453230052549753,0.21542137776509407,0.5892049795702906,0.4026304455857769,0.2975824612112877,0.26179474757952514,0.59244395917589,0.21243592640227607,0.04618661272729367,2026-09-19T01:25:04Z
824304,681198,TJ Rumfield,COL,SEA,1,5,projected,Bryce Miller,Coors Field,2026-09-20T00:10:00Z,4.021140609636185,600,2070,0.5219262321287732,0.6041297954266718,1.8685129453759528,Normal,0.13909552879974169,0.6847907158933063,0.45945954632726,0.4351712322995402,0.7047038650115343,0.5023438391625037,0.3346334095273255,0.20566104389137174,0.6569984597428519,0.40962152290472087,0.2518433764065282,0.17824501212697932,0.6611147248916521,0.2758210963186536,0.0696446709588704,2026-09-19T01:25:04Z
824304,668227,Randy Arozarena,SEA,COL,0,5,projected,TBD,Coors Field,2026-09-20T00:10:00Z,4.191813422179914,3286,0,0.5608891520555084,0.5865235988321216,1.2492462244110865,Normal,0.15406828179483825,0.6494889571421243,0.4277037700844422,0.6661987499223203,0.701367893183573,0.49994779583969184,0.33358503422988184,0.20571264880301193,0.6245942084524847,0.3961686684228872,0.2491727522892404,0.18614499809071217,0.6282791621260218,0.24469294454374518,0.05811890476845258,2026-09-19T01:25:04Z
824304,664983,Jake McCarthy,COL,SEA,1,6,projected,Bryce Miller,Coors Field,2026-09-20T00:10:00Z,3.8884043099025143,1941,2070,0.48216447689828085,0.595786826828119,1.2192148608365287,Normal,0.12015241144081118,0.6679689374098106,0.2745037506853262,0.47016601276344716,0.6817896175833857,0.4763820102942676,0.31112172690096523,0.18708721810439566,0.6416392425898239,0.3891534232409461,0.24252033141091303,0.16611681507131656,0.6455349309984546,0.258805293280081,0.061863403873644786,2026-09-19T01:25:04Z
824304,647304,Josh Naylor,SEA,COL,0,6,projected,TBD,Coors Field,2026-09-20T00:10:00Z,4.056862238304472,2842,0,0.464607171100899,0.5865235988321216,1.3811769788973014,Normal,0.13392097221448737,0.687892641767313,0.27100458821333767,0.44799372803628923,0.7016686259577847,0.5001267325029704,0.3335959188556056,0.20558684878076114,0.6597724869674096,0.409724546061549,0.24532150909415126,0.1713620040896081,0.6639413761894695,0.2810287744611653,0.07346270971825049,2026-09-19T01:25:04Z
824304,681393,Connor Norby,COL,SEA,1,7,projected,Bryce Miller,Coors Field,2026-09-20T00:10:00Z,3.7422402159244266,885,2070,0.40830988863211987,0.5805332040342122,1.4531889836368053,Normal,0.09824717684449596,0.5794127256577828,0.28765084540362823,0.7407707065015879,0.6294908947305503,0.42140485292179,0.264063901397971,0.15171756824299804,0.5600629087936032,0.3222671718662139,0.17801061663759749,0.12304002510087367,0.5629179030817638,0.18371285866611858,0.03427244824485194,2026-09-19T01:25:04Z
824304,686527,Dominic Canzone,SEA,COL,0,7,projected,TBD,Coors Field,2026-09-20T00:10:00Z,3.9124487004103967,1131,0,0.4797545941638264,0.5865235988321216,0.3519770940841762,Normal,0.16743940074418348,0.6462795576889384,0.3000364456650864,0.5951644872048496,0.6885876811629504,0.4848656840672344,0.31944095455500116,0.1941533808746498,0.6216937412232413,0.39777082528847124,0.2572227624659778,0.1971970014902816,0.6253308971414507,0.24058044418019978,0.05570995736125432,2026-09-19T01:25:04Z
824304,691720,Kyle Karros,COL,SEA,1,8,projected,Bryce Miller,Coors Field,2026-09-20T00:10:00Z,3.5848449385605616,597,2070,0.4363252332817318,0.5795761983076879,0.5987452959827269,Normal,0.09393188032082855,0.565664931648706,0.30783464529112553,0.5963442125876046,0.6252737220779367,0.416229571718508,0.25918715290010075,0.147768093846394,0.54738140000423,0.3016131873523697,0.16769682093468435,0.11595471016233219,0.5500775702472699,0.17234597198515336,0.03023160615433991,2026-09-19T01:25:04Z
824304,645302,Victor Robles,SEA,COL,0,8,projected,TBD,Coors Field,2026-09-20T00:10:00Z,3.77134670487106,1091,0,0.42659377407500965,0.5865235988321216,1.2564709419835436,Normal,0.07056922160788726,0.6253469336598871,0.2718806050180981,0.5352967017056374,0.6406289519522534,0.43345377520448775,0.2746961743688015,0.15997539114642345,0.6024851190169156,0.33036035167227523,0.17310093248638136,0.1043588774826516,0.6058640192914829,0.2214187445970236,0.04793765406926492,2026-09-19T01:25:04Z
824304,687859,Troy Johnston,COL,SEA,1,9,projected,Bryce Miller,Coors Field,2026-09-20T00:10:00Z,3.4062130177514796,558,2070,0.4335704085727722,0.5890056729518722,-1.3466740824502956,Normal,0.09657305248761143,0.603233355620422,0.2922761101446418,0.48589319534047354,0.6339644030639858,0.42371764289663055,0.2645636222528006,0.15114171880645635,0.5823313262612357,0.3328937180738425,0.18395116285968413,0.1238743626680445,0.5854148703776862,0.19863576347390585,0.03749839048024766,2026-09-19T01:25:04Z
824304,702284,Cole Young,SEA,COL,0,9,projected,TBD,Coors Field,2026-09-20T00:10:00Z,3.6038677479725516,863,0,0.45548837189011465,0.5865235988321216,-0.1743221306286425,Normal,0.11122627486666298,0.5905789338403602,0.2929505604429871,0.47825166830251853,0.6379731293576865,0.4300795737932651,0.27146068698960585,0.15731871765363262,0.5704147108840935,0.31798966619986613,0.18668913640608295,0.13395018851890633,0.5733913807060992,0.19249393531343956,0.037474367336986995,2026-09-19T01:25:04Z
824380,680757,Steven Kwan,CLE,ATH,1,1,projected,Jacob Lopez,Progressive Field,2026-09-19T22:10:00Z,4.4259622937941865,3188,1010,0.5861835589414658,0.6633181417383759,0.9644579529662382,Normal,0.05952680246322319,0.6710702851128396,0.4593885724630318,0.4392245301669998,0.6847974181782505,0.4825074422172823,0.31872254576796527,0.19463718675849678,0.6443303152170012,0.36337155849989394,0.1900824642246892,0.10665133678066384,0.6482948595086194,0.2666095797219223,0.06853913806724332,2026-09-19T01:25:04Z
824380,671732,Lawrence Butler,ATH,CLE,0,1,projected,Tanner Bibee,Progressive Field,2026-09-19T22:10:00Z,4.604505386875612,1710,2787,0.5894224817617286,0.6593868670542402,0.09701029254625577,Normal,0.1548042370685331,0.6513735857246513,0.36495762823589323,0.7749975905888201,0.6982266006437278,0.4986164565945083,0.3341170574236306,0.20747276811210072,0.6261938924654207,0.3963203977322249,0.2516520605970571,0.18810967069801374,0.6299261890419018,0.24994817343509487,0.06253198005832881,2026-09-19T01:25:04Z
824380,682657,Angel Martínez,CLE,ATH,1,2,projected,Jacob Lopez,Progressive Field,2026-09-19T22:10:00Z,4.320075757575758,1038,1010,0.5199620845947304,0.6584741115874881,0.9055805976713975,Normal,0.13103627440878074,0.6484089209667467,0.31898927694409396,0.6460300564077337,0.6768559567375757,0.4732494097514739,0.31006397217278164,0.18755455400801171,0.6235698203342351,0.38748681553191977,0.23562540657498737,0.16764773955327306,0.627247242187639,0.24445372753605354,0.058446300339169005,2026-09-19T01:25:04Z
824380,666126,Carlos Cortes,ATH,CLE,0,2,projected,Tanner Bibee,Progressive Field,2026-09-19T22:10:00Z,4.515250335699213,461,2787,0.46175346382279436,0.6510914868563202,-0.8859026064578593,Normal,0.11586129634706938,0.6660764441195144,0.30880086818533353,0.6168927790606736,0.6764481724692193,0.4739220869702249,0.31152513635815776,0.18934846559322657,0.6397274118354354,0.3930671021064489,0.2332807750972443,0.15835855702724258,0.6436345750427271,0.26275875467763327,0.06749820649932538,2026-09-19T01:25:04Z
824380,608070,José Ramírez,CLE,ATH,1,3,projected,Jacob Lopez,Progressive Field,2026-09-19T22:10:00Z,4.225771521386031,3237,1010,0.5470113264638357,0.646419477085648,-1.639539031170853,Normal,0.1445763108787474,0.6584832448448418,0.3792291981176847,0.44884354244268637,0.7044464632806815,0.5031247128298699,0.3362190442828878,0.20760720941109997,0.6328694038958541,0.40649632234011446,0.2535971717839878,0.18386280968858199,0.6366615000746477,0.25241820349493865,0.06095625659179008,2026-09-19T01:25:04Z
824380,680869,Zack Gelof,ATH,CLE,0,3,projected,Tanner Bibee,Progressive Field,2026-09-19T22:10:00Z,4.404062386652159,1345,2787,0.46716525093341466,0.6474311016511604,-0.05537209340829456,Normal,0.1183491715997906,0.614865073243145,0.28294016908949604,0.8123445141612853,0.6633275882749049,0.459494751966873,0.2986098369041044,0.17917378910956866,0.5926188213183047,0.35602307070003836,0.21139340711978022,0.14976637187503553,0.5959095194514402,0.21658562300460532,0.048280501140702474,2026-09-19T01:25:04Z
824380,663993,Nathaniel Lowe,CLE,ATH,1,4,projected,Jacob Lopez,Progressive Field,2026-09-19T22:10:00Z,4.137759336099585,2951,1010,0.4086832370634389,0.6308151800088349,-0.3957020748584311,Normal,0.09272558696123379,0.6230845608781866,0.3843980152629627,0.6634220226291581,0.6534438582885763,0.44704220001806116,0.28639719208929654,0.16882188237822401,0.6003566656804228,0.3415175214624395,0.18861896492197364,0.12380181690318552,0.6037159353648707,0.2201741104249629,0.0477251656396931,2026-09-19T01:25:04Z
824380,669127,Shea Langeliers,ATH,CLE,0,4,projected,Tanner Bibee,Progressive Field,2026-09-19T22:10:00Z,4.319574734208881,2127,2787,0.4317213514710138,0.6367454862927024,-0.3151185341870607,Normal,0.1544546071210902,0.6284753484586912,0.2661161248739998,0.7470434523706335,0.6802251126347695,0.47694717873698933,0.31338483890247393,0.19018607459684997,0.6052290746499261,0.3840796541747086,0.24365007630614774,0.18451516196768888,0.6086682788115195,0.2269840937223587,0.05164665054291063,2026-09-19T01:25:04Z
824380,666176,Jo Adell,CLE,ATH,1,5,projected,Jacob Lopez,Progressive Field,2026-09-19T22:10:00Z,4.021140609636185,1992,1010,0.4541962465605679,0.6118528287049507,0.3402482175672309,Normal,0.16814174832173823,0.6130792629759053,0.3398713777606467,0.6843175489409143,0.667635125305521,0.46155112049860153,0.2985229464417284,0.17772232409276154,0.5911532931542273,0.36612936581797595,0.23976149633405835,0.18962738854080075,0.5943923317123011,0.21125316738045138,0.04411759736717197,2026-09-19T01:25:04Z
824380,643446,Jeff McNeil,ATH,CLE,0,5,projected,Tanner Bibee,Progressive Field,2026-09-19T22:10:00Z,4.191813422179914,2658,2787,0.41515912469773425,0.624611422129497,0.4924722661287609,Normal,0.08647064555353526,0.6539862075279574,0.2818353173918106,0.4616948906803611,0.6561092212935029,0.4507161331791914,0.29018790201652334,0.17215193623746963,0.628723933492032,0.36840477656177845,0.20270997388219142,0.12703460024139193,0.6324639790481877,0.24878980271130205,0.05979130375094697,2026-09-19T01:25:04Z
824380,682177,Daniel Schneemann,CLE,ATH,1,6,projected,Jacob Lopez,Progressive Field,2026-09-19T22:10:00Z,3.8884043099025143,925,1010,0.3457292680444436,0.6035618408385846,-1.594780954075058,Normal,0.07157597296061904,0.5454922173439068,0.32838521518274894,0.7492401091746941,0.5897965586028641,0.3836623411952904,0.23402113206242994,0.1305207616646503,0.5284456288731021,0.28605794609939766,0.14764033428444,0.09495764090687998,0.5309594391817514,0.16039623837987738,0.02759639061496613,2026-09-19T01:25:04Z
824380,641680,Jonah Heim,ATH,CLE,0,6,projected,Tanner Bibee,Progressive Field,2026-09-19T22:10:00Z,4.056862238304472,2241,2787,0.3492086055206857,0.617948785104971,-1.4828402235360505,Normal,0.09024389718181391,0.5692409832914367,0.24968411109132824,0.5953203797462024,0.6104765205553037,0.4046796861997176,0.2517143837353375,0.14370352810668893,0.5504417893733581,0.30347793804968437,0.1638724811758278,0.11214512920598335,0.5532169979732015,0.17910933167430945,0.034219488918595664,2026-09-19T01:25:04Z
824380,672275,Patrick Bailey,CLE,ATH,1,7,projected,Jacob Lopez,Progressive Field,2026-09-19T22:10:00Z,3.7422402159244266,1577,1010,0.349779752090255,0.5878090255295721,0.49184624524918685,Normal,0.06732866019178221,0.5532842773025483,0.31158846405660606,0.677318656224534,0.5854333473993074,0.3791589758919279,0.2302217026880075,0.12769824167614768,0.5357588112142371,0.2794948317129854,0.1422083028053656,0.08961057961421087,0.5383432725397032,0.16505785412141152,0.028675948739247607,2026-09-19T01:25:04Z
824380,691777,Max Muncy,ATH,CLE,0,7,projected,Tanner Bibee,Progressive Field,2026-09-19T22:10:00Z,3.9124487004103967,504,2787,0.3555544502132765,0.6002392917697035,0.6315663466672412,Normal,0.0979854702962445,0.5710957934097688,0.24478898086391418,0.8020916125429491,0.6144588434198106,0.4080420667052526,0.2541201959582283,0.14521728935864767,0.5522130726236406,0.30604624874903863,0.17283168889919345,0.12070633991737782,0.5550002462372745,0.17972131290146134,0.03408555046923347,2026-09-19T01:25:04Z
824380,677587,Brayan Rocchio,CLE,ATH,1,8,projected,Jacob Lopez,Progressive Field,2026-09-19T22:10:00Z,3.5848449385605616,1476,1010,0.39993275175525056,0.5863833818460601,-0.06697372889837172,Normal,0.08748544860501077,0.5667088639612227,0.32891000456682407,0.4603286551560862,0.6030239188630373,0.3947320279210671,0.2419175540095276,0.1355011467400687,0.548352541571636,0.30003040115632845,0.1615672531541063,0.10939823325941365,0.5510594978428033,0.1730859584890175,0.030448032789117684,2026-09-19T01:25:04Z
824380,675961,Alika Williams,ATH,CLE,0,8,projected,Tanner Bibee,Progressive Field,2026-09-19T22:10:00Z,3.77134670487106,423,2787,0.355712614784998,0.5926049159806448,-0.10031943974177228,Normal,0.06101350313581602,0.564086553421299,0.21365384574507487,0.6639049604805456,0.5896074915156607,0.38382541326829195,0.23443000968598096,0.1310237621743936,0.5457480036147023,0.3026745037430728,0.15331615089391676,0.09182274798982933,0.5484540009893463,0.17387810128896813,0.03196644044393717,2026-09-19T01:25:04Z
824380,595978,Austin Hedges,CLE,ATH,1,9,projected,Jacob Lopez,Progressive Field,2026-09-19T22:10:00Z,3.4062130177514796,1108,1010,0.36295736446302956,0.5957202954390727,-0.06342695501986566,Normal,0.08349531096282686,0.5011299526623574,0.3250909060930096,0.5538776567488929,0.5528807327117422,0.34809590260750795,0.2054151233565671,0.11013337572415591,0.4871275355081368,0.2406174979091757,0.12863686629476123,0.09421877064613823,0.48918993761451307,0.1293475567619735,0.018414940855378616,2026-09-19T01:25:04Z
824380,661531,Brian Serven,ATH,CLE,0,9,projected,Tanner Bibee,Progressive Field,2026-09-19T22:10:00Z,3.6038677479725516,375,2787,0.3438741894891819,0.5964435798087337,-0.7978751586390919,Normal,0.08212192977968483,0.5158529870168621,0.21761684970057277,0.6864274680950143,0.5706654754487087,0.36585002717273807,0.2201051315386689,0.12088198637159372,0.5007510625319331,0.26202075189693186,0.1412061021982354,0.0986215231737677,0.5029771074462296,0.1409501107599359,0.022373449424990605,2026-09-19T01:25:04Z
824461,670770,TJ Friedl,CIN,CHC,1,1,projected,Matthew Boyd,Great American Ball Park,2026-09-19T22:40:00Z,4.4259622937941865,2112,1714,0.4957931970370989,0.684347233846269,-0.34542938185871086,Normal,0.09230049306175804,0.6060855859345514,0.40257483864563637,0.6245418179715218,0.6607900747999801,0.45663665693782723,0.29601171779485036,0.1771007301150051,0.5845176151637957,0.3259409340180625,0.18673271533198557,0.12416378123132837,0.5877067167253823,0.2091275429271305,0.04538297595757946,2026-09-19T01:25:04Z
824461,663538,Nico Hoerner,CHC,CIN,0,1,projected,Nick Lodolo,Great American Ball Park,2026-09-19T22:40:00Z,4.604505386875612,3148,2175,0.646087350019112,0.6463745691910466,0.3352837266568646,Normal,0.1038797345710613,0.7193132893487886,0.3257098247565711,0.45002123407335215,0.7291886460339962,0.5346307594750506,0.36764940047820005,0.23475824860253758,0.6883630388615132,0.4256152340402739,0.24905941382898286,0.1589836863376477,0.6929697468558085,0.3184188682449091,0.09496497338294763,2026-09-19T01:25:04Z
824461,680574,Matt McLain,CIN,CHC,1,2,projected,Matthew Boyd,Great American Ball Park,2026-09-19T22:40:00Z,4.320075757575758,1449,1714,0.5731669553220851,0.6790614458387815,-2.213137349411864,Cold,0.15454429049696883,0.6255773946828393,0.3580098737490217,0.7533279980547121,0.6878866007385225,0.48533134478808077,0.3207758483879939,0.195884547503142,0.6025557242991796,0.37306937724204636,0.23683630556594706,0.18082066704668587,0.6059610536317042,0.22441722377479434,0.05054522707133604,2026-09-19T01:25:04Z
824461,691718,Pete Crow-Armstrong,CHC,CIN,0,2,projected,Nick Lodolo,Great American Ball Park,2026-09-19T22:40:00Z,4.515250335699213,1763,2175,0.685381443119196,0.6389614736163719,0.4951974071803947,Normal,0.2175742037423582,0.6884313858228551,0.38401088449578324,0.7573334083606683,0.749146793673995,0.5583961783120098,0.39005755285243954,0.2531246566141384,0.660197354587428,0.45483885245497097,0.3228664667829042,0.25677074942628886,0.6643891977127162,0.28471855908218413,0.07749619767381523,2026-09-19T01:25:04Z
824461,663647,Ke'Bryan Hayes,CIN,CHC,1,3,projected,Matthew Boyd,Great American Ball Park,2026-09-19T22:40:00Z,4.225771521386031,2281,1714,0.43850076464403537,0.672880755166007,-2.3076858911518974,Cold,0.10366552493301852,0.6358031301846274,0.27413125336637606,0.6004788800293579,0.6503627201419926,0.444448114472012,0.2846312582788106,0.1678221678492603,0.6120307202928473,0.3514505312486722,0.20305154372701112,0.13692344940116075,0.6155470875809891,0.23203664333061258,0.05279888204400941,2026-09-19T01:25:04Z
824461,621020,Dansby Swanson,CHC,CIN,0,3,projected,Nick Lodolo,Great American Ball Park,2026-09-19T22:40:00Z,4.404062386652159,3030,2175,0.6245629209336307,0.6317049586627281,0.12785564475535097,Normal,0.18172897984795186,0.6549257024254298,0.38701858221961855,0.7054146285016466,0.7140761439597141,0.5158151975673076,0.34915487468554973,0.21896267893875318,0.6295117582740465,0.4023426762598818,0.2678367235598806,0.20978989994478142,0.6332772047865004,0.2516747102897059,0.06227093118826294,2026-09-19T01:25:04Z
824461,682829,Elly De La Cruz,CIN,CHC,1,4,projected,Matthew Boyd,Great American Ball Park,2026-09-19T22:40:00Z,4.137759336099585,2419,1714,0.5307207592797349,0.6623777395807013,1.007539040811696,Normal,0.12709646807754982,0.639189654675944,0.33730134392573186,0.7686622952008225,0.6932111198932569,0.48981642593817837,0.32369700714729105,0.1973474057932555,0.6151872372009065,0.38231559104373436,0.2395367589946337,0.16848827082303516,0.6187367908604102,0.23399459338717787,0.05292352044676787,2026-09-19T01:25:04Z
824461,608324,Alex Bregman,CHC,CIN,0,4,projected,Nick Lodolo,Great American Ball Park,2026-09-19T22:40:00Z,4.319574734208881,3190,2175,0.6225806404684268,0.6175275081279884,2.1747224159744643,Hot,0.20726492326623638,0.6691872464778343,0.4661361685378423,0.5048491804830967,0.7228874489434861,0.525366953647487,0.3574573480189828,0.22524476107416175,0.6426386175490179,0.4285819934155739,0.2929080401797596,0.2352135265610429,0.6465731720005196,0.2638773632659767,0.06676385762562373,2026-09-19T01:25:04Z
824461,668709,JJ Bleday,CIN,CHC,1,5,projected,Matthew Boyd,Great American Ball Park,2026-09-19T22:40:00Z,4.021140609636185,2039,1714,0.42712494719218047,0.6482813099101534,-0.8020326956076925,Normal,0.10775266607371567,0.5504232727851923,0.39096239855703624,0.6665010519388126,0.6278935448518345,0.42070736047948926,0.2640833141044078,0.15214547191352484,0.5330133379692216,0.31795049368117456,0.1831298150664416,0.13203838654968333,0.5355813698178682,0.16428500228456147,0.028981373681370628,2026-09-19T01:25:04Z
824461,683737,Michael Busch,CHC,CIN,0,5,projected,Nick Lodolo,Great American Ball Park,2026-09-19T22:40:00Z,4.191813422179914,1911,2175,0.5047597976358382,0.6019109724077599,-0.3996026830010651,Normal,0.12399898415560236,0.6297444226140991,0.4590551211881689,0.7308238999476224,0.6866662440509688,0.48351111176170697,0.31881269163089865,0.19410239020448775,0.6064304025282822,0.37035377190587704,0.2231582580391924,0.15818274889010264,0.6098787763982396,0.2272824100160619,0.0512624785629817,2026-09-19T01:25:04Z
824461,553993,Eugenio Suárez,CIN,CHC,1,6,projected,Matthew Boyd,Great American Ball Park,2026-09-19T22:40:00Z,3.8884043099025143,3090,1714,0.5228618479318823,0.6416288260748723,0.7146894909097593,Normal,0.2174462439708381,0.5929511818754042,0.3976868682684279,0.749760131470862,0.6846492195256999,0.4795089218829899,0.31387318785301316,0.18920301653287622,0.572568894107082,0.37751187828408234,0.26757845267779484,0.23035805689076014,0.5755776580393618,0.19467802338311957,0.038106801609237885,2026-09-19T01:25:04Z
824461,664023,Ian Happ,CHC,CIN,0,6,projected,Nick Lodolo,Great American Ball Park,2026-09-19T22:40:00Z,4.056862238304472,3254,2175,0.49571390490795547,0.5938242569350968,0.6388590735265164,Normal,0.11417443722547341,0.6078300924950484,0.44908471346262147,0.7534418138452093,0.6701878948144026,0.46544386088615564,0.30276373365588066,0.18158716948766473,0.5862156951827429,0.3588585038612534,0.20890072508226235,0.14671397421863772,0.5894098974807535,0.20874242892190376,0.044206042293821704,2026-09-19T01:25:04Z
824461,663886,Tyler Stephenson,CIN,CHC,1,7,projected,Matthew Boyd,Great American Ball Park,2026-09-19T22:40:00Z,3.7422402159244266,2000,1714,0.4523148223618018,0.6244467761732951,0.4689137381148477,Normal,0.14058386862710573,0.6090833173541977,0.33816562703921105,0.6782367873323724,0.6627643142424142,0.45542677640824863,0.2925793816334096,0.17275099022883245,0.5875390929607862,0.3537514006830819,0.21604392371832007,0.1631947413219388,0.5907200892694062,0.2065869441521939,0.04174210231215533,2026-09-19T01:25:04Z
824461,673548,Seiya Suzuki,CHC,CIN,0,7,projected,Nick Lodolo,Great American Ball Park,2026-09-19T22:40:00Z,3.9124487004103967,2862,2175,0.5409108759733814,0.5767019755491294,-0.22040649909896856,Normal,0.16874706181045948,0.6303599331706642,0.4418095126171639,0.663794910193788,0.696675748891321,0.49387468955758657,0.32749937342034824,0.2004514328643397,0.6070490493515829,0.3881711970434614,0.25502864578009365,0.19741621980085297,0.6104956503524575,0.2266404900518082,0.050326859214981104,2026-09-19T01:25:04Z
824461,667472,Dane Myers,CIN,CHC,1,8,projected,Matthew Boyd,Great American Ball Park,2026-09-19T22:40:00Z,3.5848449385605616,830,1714,0.42937097630515625,0.620523749137333,0.04816531451266927,Normal,0.10005413706946045,0.5955054009178979,0.30684073476121715,0.5835493244616745,0.6396212851188969,0.43051897013870494,0.27091199722718673,0.15624771767363885,0.5750764749654856,0.31530713752983924,0.17472050154862284,0.12140107150298694,0.5780908123627272,0.19436301733106193,0.03696551203099803,2026-09-19T01:25:04Z
824461,624424,Michael Conforto,CHC,CIN,0,8,projected,Nick Lodolo,Great American Ball Park,2026-09-19T22:40:00Z,3.77134670487106,1730,2175,0.4627668013988589,0.5707590513268114,0.33997841428125447,Normal,0.11825615577495227,0.5714320968285158,0.3866139012622982,0.6890748150184928,0.6474520350969357,0.4404133185503613,0.28053431138554064,0.1642937126327149,0.5525799084602577,0.32449094353889496,0.19001207579343996,0.14010025113716448,0.5553621571848839,0.17916827184564482,0.03359918108324465,2026-09-19T01:25:04Z
824461,624431,Jose Trevino,CIN,CHC,1,9,projected,Matthew Boyd,Great American Ball Park,2026-09-19T22:40:00Z,3.4062130177514796,1205,1714,0.3877700609574978,0.6283267995759928,-1.9633223060640854,Normal,0.10542792925126167,0.5617005700859928,0.19016648393212193,0.44524808277253614,0.6138395875195769,0.4040188191826134,0.24864105973807687,0.1397929298506438,0.5437956103345026,0.2945829581520417,0.16607762341903015,0.12151211085368163,0.5464350149525246,0.168040773781245,0.028341791073858234,2026-09-19T01:25:04Z
824461,608348,Carson Kelly,CHC,CIN,0,9,projected,Nick Lodolo,Great American Ball Park,2026-09-19T22:40:00Z,3.6038677479725516,1644,2175,0.4712934929844339,0.575923829148358,0.8443809725064836,Normal,0.11899753284606845,0.5788586587494018,0.3359011199375704,0.5273845715237373,0.6426107749008139,0.43477023740557214,0.27536635117771047,0.16018682589671213,0.5595422452445759,0.31377430986731625,0.18398447770299542,0.13704224600379306,0.5623929707608517,0.18369018100486492,0.034654480531067164,2026-09-19T01:25:04Z
824545,805367,Chase Meidroth,CWS,DET,1,1,projected,Jackson Jobe,Rate Field,2026-09-19T18:10:00Z,4.4259622937941865,1122,382,0.6169456538645174,0.652291790523703,0.5282924528023473,Normal,0.0884587779062073,0.6827526467373568,0.41643816810989936,0.5815742793585884,0.7031953158661344,0.5031047075151441,0.33730907607471416,0.20932827535402446,0.6550245548963388,0.38419654388365226,0.2100465917707685,0.12997357572213927,0.6591381233846457,0.27805029322504865,0.07368465208842839,2026-09-19T01:25:04Z
824545,805808,Kevin McGonigle,DET,CWS,0,1,projected,Sean Burke,Rate Field,2026-09-19T18:10:00Z,4.604505386875612,668,1341,0.6900770570277972,0.6355343797526138,0.9136664079535245,Normal,0.12770515342926153,0.6742745588083603,0.5316791417473641,0.546330099398418,0.7196940440911281,0.5233603406272819,0.3569997637123639,0.2259843746875444,0.6472095329570441,0.39831982778622904,0.2429785109533873,0.16926659473430516,0.6512260896256432,0.2716432261311319,0.07209743450817159,2026-09-19T01:25:04Z
824545,643217,Andrew Benintendi,CWS,DET,1,2,projected,Jackson Jobe,Rate Field,2026-09-19T18:10:00Z,4.320075757575758,2581,382,0.5224417424509981,0.6466195006676053,0.6259270104595022,Normal,0.12990986694200268,0.6491392320559214,0.36225576315441366,0.5508919841085569,0.6819100190612833,0.4787552624605146,0.31492640153746687,0.19132323451771782,0.6242408281903568,0.3787390832950629,0.22874826375163088,0.1630390380044952,0.6279271422267884,0.2451151620205695,0.05871631689942927,2026-09-19T01:25:04Z
824545,650402,Gleyber Torres,DET,CWS,0,2,projected,Sean Burke,Rate Field,2026-09-19T18:10:00Z,4.515250335699213,2938,1341,0.5429657469087131,0.6278410952874409,-0.40475842831175307,Normal,0.09924194044666305,0.6594719520127446,0.4027909514228403,0.6452091625398969,0.6958393775405064,0.4953359245642964,0.33068818297118774,0.20440685357226213,0.6336680374323188,0.3695929062581499,0.2063881520951158,0.13480246644543684,0.6374931011623743,0.2565195013580087,0.06477905949726416,2026-09-19T01:25:04Z
824545,502054,Tommy Pham,CWS,DET,1,3,projected,Jackson Jobe,Rate Field,2026-09-19T18:10:00Z,4.225771521386031,2052,382,0.4783266778781934,0.631624295811725,-2.2827821525478247,Cold,0.10005598855643187,0.6348382092581433,0.41014689895258527,0.6221086504650921,0.6739246812854681,0.46931135658668527,0.3060520706283598,0.18405758520077597,0.611142559278356,0.35780416652792735,0.2030722680928438,0.1349201076891577,0.6146474500285671,0.23119687709018347,0.05247467355625369,2026-09-19T01:25:04Z
824545,682985,Riley Greene,DET,CWS,0,3,projected,Sean Burke,Rate Field,2026-09-19T18:10:00Z,4.404062386652159,2630,1341,0.5481017576426379,0.6175057107662235,0.9937954400641722,Normal,0.1539783948575644,0.6713985786499278,0.4101912342799504,0.7767229600422186,0.7151967370566117,0.5171195444665626,0.35036617198701847,0.21994391402667637,0.6446210421857415,0.41281196890347355,0.26474478116446726,0.19425539088922736,0.6485917074377858,0.26723310296909536,0.06900864271535871,2026-09-19T01:25:04Z
824545,678246,Miguel Vargas,CWS,DET,1,4,projected,Jackson Jobe,Rate Field,2026-09-19T18:10:00Z,4.137759336099585,1826,382,0.5438801599415469,0.6144602664232304,-0.24214009067874623,Normal,0.12548554698558353,0.6129193254874871,0.48445651173694104,0.5329988249167542,0.684547430893684,0.4802338270508516,0.31517479427485784,0.19072221500479528,0.5909767491330855,0.3659084783314865,0.2195646479773824,0.15772948624333175,0.5942189310841242,0.2117559874814445,0.04468189183234143,2026-09-19T01:25:04Z
824545,679529,Spencer Torkelson,DET,CWS,0,4,projected,Sean Burke,Rate Field,2026-09-19T18:10:00Z,4.319574734208881,2697,1341,0.47079847944716224,0.6011714080017178,1.0109413082185763,Normal,0.12712307249832747,0.6071007704318381,0.4105171902176886,0.8104013675180795,0.6744116311261974,0.4706389937984538,0.3078280800662096,0.18588729781758875,0.5854980227941832,0.3589576749500509,0.21372299434738282,0.15578017011818468,0.588691682228326,0.20917123684159075,0.04499991542957915,2026-09-19T01:25:04Z
824545,695657,Colson Montgomery,CWS,DET,1,5,projected,Jackson Jobe,Rate Field,2026-09-19T18:10:00Z,4.021140609636185,888,382,0.5275454345764737,0.5940101882447852,-1.3856494672730844,Normal,0.21787022075220674,0.5729400401059344,0.40482773740307665,0.7974218517649252,0.6814779560863453,0.47645985361637455,0.31151640389635377,0.18764375967027305,0.553973054368137,0.3639953608097868,0.2623687464171268,0.228743778536514,0.5567721039254909,0.18024354562474879,0.03380458359545175,2026-09-19T01:25:04Z
824545,690993,Colt Keith,DET,CWS,0,5,projected,Sean Burke,Rate Field,2026-09-19T18:10:00Z,4.191813422179914,1442,1341,0.4723637315446732,0.5835189828640232,-0.3187872615286241,Normal,0.10727139256823444,0.6446021078725059,0.38382280112901607,0.6367036787034583,0.6758460896275533,0.4716938579640975,0.3083695039072783,0.18601046194908133,0.6201035949693677,0.3628119726434079,0.21207896877160312,0.1432780443482292,0.6237291898315439,0.2402971368677087,0.056349549425638266,2026-09-19T01:25:04Z
824545,545341,Randal Grichuk,CWS,DET,1,6,projected,Jackson Jobe,Rate Field,2026-09-19T18:10:00Z,3.8884043099025143,1835,382,0.46390007306319614,0.5857076712650515,0.9854870141660682,Normal,0.12580171059586512,0.6553802238920011,0.26263128426172333,0.5598645049648887,0.6880784842317471,0.48328059219729985,0.3172057483973831,0.19177453935689226,0.630105764883506,0.40036085776961045,0.24127094514373257,0.16791552420215425,0.6338435785934055,0.24710949227192547,0.057126100501812827,2026-09-19T01:25:04Z
824545,656716,Zach McKinstry,DET,CWS,0,6,projected,Sean Burke,Rate Field,2026-09-19T18:10:00Z,4.056862238304472,1952,1341,0.4347137945138481,0.5750479691544768,-1.1246303939138542,Normal,0.08469647489915265,0.5853209406209706,0.38819225093687243,0.5795213002595987,0.6265910491708543,0.4204850638983199,0.26464140484345505,0.1530757891712057,0.5653744252797244,0.32618123501825846,0.1895557413379227,0.1222391924562705,0.5683202298479091,0.19108096871506017,0.03811543097912698,2026-09-19T01:25:04Z
824545,671976,Tristan Peters,CWS,DET,1,7,projected,Jackson Jobe,Rate Field,2026-09-19T18:10:00Z,3.7422402159244266,482,382,0.46721033417908603,0.5711340081681248,-0.5170017090338955,Normal,0.11573696930720544,0.6020199840325796,0.37509665637882933,0.4814946745173809,0.649027984917864,0.44114453335271037,0.2804683212708931,0.1637300164185475,0.5810100279363014,0.3500770694253941,0.20677312823500898,0.1461335595179794,0.584111588281873,0.2009720539436256,0.039846350882639305,2026-09-19T01:25:04Z
824545,693307,Dillon Dingler,DET,CWS,0,7,projected,Sean Burke,Rate Field,2026-09-19T18:10:00Z,3.9124487004103967,1139,1341,0.39963446141200404,0.5590095456410812,-1.7753668452980544,Normal,0.11323285891180997,0.6017720752927754,0.26087483003684464,0.675643087428373,0.6429057014593504,0.4363745302587879,0.277520974591247,0.1623127011373986,0.5806601831243374,0.34059534582407486,0.2001441084001901,0.1414637723395522,0.583778887830036,0.2030653450892707,0.04180650923612999,2026-09-19T01:25:04Z
824545,686668,Brenton Doyle,CWS,DET,1,8,projected,Jackson Jobe,Rate Field,2026-09-19T18:10:00Z,3.5848449385605616,1771,382,0.43092039771114915,0.5707147371463815,-0.9626421131250924,Normal,0.08427969818764638,0.5806297827911281,0.2577270909026974,0.6741786198965676,0.6296278178791784,0.42052957525098983,0.26269458090225434,0.1502919874387332,0.5612871355684697,0.309014114881662,0.16963726063310255,0.11129872493738309,0.564140304914963,0.18316089036777924,0.03346313152621805,2026-09-19T01:25:04Z
824545,595879,Javier Báez,DET,CWS,0,8,projected,Sean Burke,Rate Field,2026-09-19T18:10:00Z,3.77134670487106,2045,1341,0.4091126311749335,0.5543892433718483,-1.4918360093106273,Normal,0.07769733976737137,0.5839781344266892,0.2017586178163131,0.6480252989447408,0.6203899681710164,0.41327290423448787,0.2580362342124686,0.14781936017663988,0.564230564167993,0.31023412700644465,0.1667783645267752,0.10651177173457961,0.5671458257939259,0.18845374768696935,0.03655229004188346,2026-09-19T01:25:04Z
824545,668670,Jake Rogers,CWS,DET,1,9,projected,Jackson Jobe,Rate Field,2026-09-19T18:10:00Z,3.4062130177514796,1015,382,0.4407031851238173,0.5801372721517052,-1.1248489766492886,Normal,0.09536104531673373,0.5108674348196346,0.350377912707108,0.6528145065824463,0.5989345064062744,0.3898444993945922,0.2374113560305117,0.13192426409590113,0.49627436647509227,0.27153569231682095,0.15296688622307825,0.11145334329700024,0.49842401506577594,0.13512570477112845,0.01977972200603623,2026-09-19T01:25:04Z
824545,701678,Hao-Yu Lee,DET,CWS,0,9,projected,Sean Burke,Rate Field,2026-09-19T18:10:00Z,3.6038677479725516,321,1341,0.4308848677967464,0.560119255166409,-0.7057082482018937,Normal,0.08968254659563087,0.5762315467671119,0.2815039363947206,0.6441945304630036,0.6234077950673746,0.41558273977281324,0.25952578848498775,0.14863832929544865,0.5571024088243145,0.31088655309499535,0.17133856950516904,0.11530170645090466,0.5599253278634345,0.1817552445478518,0.034048002633338445,2026-09-19T01:25:04Z
824788,683002,Gunnar Henderson,BAL,MIL,1,1,projected,Robert Gasser,Oriole Park at Camden Yards,2026-09-19T20:05:00Z,4.4259622937941865,2797,559,0.6115998377879002,0.646540921225591,-0.059299783838321275,Normal,0.13049700111876342,0.6243036403030021,0.39640622671454345,0.6560337074120624,0.7007771880771622,0.5003573691778064,0.33480348797030607,0.2073300321376941,0.6013428098952834,0.37298307311251827,0.23400202149833838,0.16785996473427464,0.6047400825804751,0.22424530663523176,0.05104215299836979,2026-09-19T01:25:04Z
824788,592885,Christian Yelich,MIL,BAL,0,1,projected,Trevor Rogers,Oriole Park at Camden Yards,2026-09-19T20:05:00Z,4.604505386875612,2735,2196,0.6054644665097729,0.6508672511446196,-0.7415467353963265,Normal,0.09281263428681523,0.660466380401533,0.3579559110881668,0.7687291645184496,0.7070071627415722,0.5086169192537362,0.3432840519190112,0.21483292226942471,0.6345458426190747,0.37514332867119965,0.2113938356037476,0.13515020021682253,0.6383896976761796,0.2584035093330887,0.06618281621636045,2026-09-19T01:25:04Z
824788,624413,Pete Alonso,BAL,MIL,1,2,projected,Robert Gasser,Oriole Park at Camden Yards,2026-09-19T20:05:00Z,4.320075757575758,3412,559,0.6682843309395085,0.6402813226655181,0.014794566610302689,Normal,0.25881775993152334,0.6814831523451709,0.40465373574381797,0.6175138073638797,0.750066806508089,0.5583699403312313,0.3889541590064539,0.25127836924290686,0.653887492422007,0.45453168491811424,0.33012434982667027,0.27998850040539786,0.6579792943465343,0.2757545225224485,0.07187593448062289,2026-09-19T01:25:04Z
824788,668930,Brice Turang,MIL,BAL,0,2,projected,Trevor Rogers,Oriole Park at Camden Yards,2026-09-19T20:05:00Z,4.515250335699213,2371,2196,0.5713821410592115,0.6433241695244808,1.9780006354259185,Normal,0.0821194146236486,0.6548339470381682,0.423278688408276,0.7331557599340411,0.6916356245192274,0.4906296782105576,0.32643481258979173,0.20103649816644698,0.6294095457205834,0.36367247124896557,0.20052226433815948,0.12424283792351168,0.6331775062806152,0.2522035085909368,0.06292929277392965,2026-09-19T01:25:04Z
824788,694212,Samuel Basallo,BAL,MIL,1,3,projected,Robert Gasser,Oriole Park at Camden Yards,2026-09-19T20:05:00Z,4.225771521386031,503,559,0.4415384036234883,0.6238655259220446,-0.6609770147054053,Normal,0.1449524149506859,0.5826002379224356,0.3258913374455913,0.7273936061335936,0.6544022795619655,0.44863861889001216,0.2881975225750929,0.17049697561298904,0.5628639021626706,0.3349123501681292,0.21099730248326629,0.16425648958663402,0.5657784351713024,0.18885091019398528,0.03733212263313535,2026-09-19T01:25:04Z
824788,661388,William Contreras,MIL,BAL,0,3,projected,Trevor Rogers,Oriole Park at Camden Yards,2026-09-19T20:05:00Z,4.404062386652159,2932,2196,0.5695708736256857,0.6373518195598377,0.19374654573296982,Normal,0.13500047127513337,0.7019545947590993,0.3655732991940257,0.5356775103661231,0.7258409751775995,0.529650995054537,0.36210120157965225,0.2295173909635585,0.672558740450256,0.42724365247070395,0.2601874132489531,0.1803035924692305,0.6769252303752913,0.29799022352671456,0.08331430255337545,2026-09-19T01:25:04Z
824788,687952,Christian Encarnacion-Strand,BAL,MIL,1,4,projected,Robert Gasser,Oriole Park at Camden Yards,2026-09-19T20:05:00Z,4.137759336099585,689,559,0.4881218714115299,0.606196654958573,1.5533438065685834,Normal,0.17397489801211735,0.6658851989464417,0.2614967775874335,0.6812953275636533,0.7076526908072978,0.5061395779693719,0.33844148840796173,0.20896020884412825,0.6396892458818692,0.4065254470748249,0.2628140253177652,0.2021541212169743,0.6435671257361839,0.2582736142779858,0.0626700123797446,2026-09-19T01:25:04Z
824788,694192,Jackson Chourio,MIL,BAL,0,4,projected,Trevor Rogers,Oriole Park at Camden Yards,2026-09-19T20:05:00Z,4.319574734208881,1701,2196,0.5563072703047232,0.6242913263761942,-0.04435696752069094,Normal,0.15305383002460407,0.7119251820677793,0.2667035952465585,0.6323648015323743,0.7380745382856867,0.5435864022675937,0.37471873449342646,0.23944330298813507,0.6816799808886678,0.4472906263033635,0.2844254978550412,0.20290864779022694,0.6861729972126418,0.3072361223044242,0.08691572657595029,2026-09-19T01:25:04Z
824788,687637,Dylan Beavers,BAL,MIL,1,5,projected,Robert Gasser,Oriole Park at Camden Yards,2026-09-19T20:05:00Z,4.021140609636185,467,559,0.4184661007483091,0.5851829506483556,-1.3180919957015842,Normal,0.09602267443852831,0.5789246371404441,0.37398003777124067,0.7177263936874418,0.6342004361231939,0.42700582457451103,0.2692860290348671,0.15594178243218385,0.5595313972827345,0.321406088718159,0.1783425995807663,0.12216544469021255,0.5623937442201623,0.18465409540498512,0.035195539229273376,2026-09-19T01:25:04Z
824788,683734,Andrew Vaughn,MIL,BAL,0,5,projected,Trevor Rogers,Oriole Park at Camden Yards,2026-09-19T20:05:00Z,4.191813422179914,2562,2196,0.4508508541795917,0.6097515183933225,0.14601927832548767,Normal,0.11875262086447472,0.6916305432045546,0.33555922674923916,0.5386187617050401,0.6998909947899192,0.49827619180339433,0.3320693900104346,0.20451259844937894,0.6631861501234573,0.4140771560019431,0.24481424229937696,0.16424022637414007,0.6674047790785116,0.2851103181711115,0.0756159180388221,2026-09-19T01:25:04Z
824788,681297,Colton Cowser,BAL,MIL,1,6,projected,Robert Gasser,Oriole Park at Camden Yards,2026-09-19T20:05:00Z,3.8884043099025143,1369,559,0.42326626218658425,0.5769950389974592,-0.3008648079311302,Normal,0.11789360859788221,0.5392954930748073,0.3603480331325012,0.7975466028106049,0.6268836468706471,0.41932573681392793,0.2626759677750598,0.15092448826398355,0.5226601065576393,0.29533899715933265,0.17578563418387327,0.13396823399577934,0.5251130000810703,0.1562435669870957,0.026425758298103685,2026-09-19T01:25:04Z
824788,641343,Jake Bauers,MIL,BAL,0,6,projected,Trevor Rogers,Oriole Park at Camden Yards,2026-09-19T20:05:00Z,4.056862238304472,1381,2196,0.523748587683241,0.6020216163762959,-0.32181915570629316,Normal,0.11019140168548837,0.5872851688312397,0.5092996278951752,0.7618083781543835,0.6725764930486738,0.46800656799029927,0.30499856000737174,0.18329859095100634,0.567195978320946,0.329693237399641,0.19115691575976496,0.13585312464580412,0.570163012479404,0.19257960136451974,0.038616347685892054,2026-09-19T01:25:04Z
824788,691723,Coby Mayo,BAL,MIL,1,7,projected,Robert Gasser,Oriole Park at Camden Yards,2026-09-19T20:05:00Z,3.7422402159244266,760,559,0.4784633925075254,0.5630100314337575,1.1871433975849626,Normal,0.17419656837409792,0.5919033885716954,0.30568796818218413,0.6891335351023046,0.664540659244721,0.45729906763135,0.29418234960817946,0.1739546204465109,0.5716457219565322,0.35513017661149604,0.23708199596634266,0.19219244046391434,0.5746355034513531,0.1931164340404679,0.037262039377297856,2026-09-19T01:25:04Z
824788,686217,Sal Frelick,MIL,BAL,0,7,projected,Trevor Rogers,Oriole Park at Camden Yards,2026-09-19T20:05:00Z,3.9124487004103967,1708,2196,0.4069382443097249,0.5845713136908434,-0.8865056345069776,Normal,0.05870766720223183,0.603327141963342,0.28046239687715324,0.476045084489903,0.626733493582418,0.42010400818040844,0.2639866768865435,0.15236527490452495,0.5820986431882363,0.3080551585692915,0.15414636624162958,0.08928413129472952,0.5852347126895057,0.20430136047689154,0.04223511961212684,2026-09-19T01:25:04Z
824788,665966,Carlos Narváez,BAL,MIL,1,8,projected,Robert Gasser,Oriole Park at Camden Yards,2026-09-19T20:05:00Z,3.5848449385605616,735,559,0.3921158553312955,0.5629774485067023,-1.7856232976434179,Normal,0.09485566149011133,0.5542694003693281,0.28996433139302275,0.6708840546770632,0.6088785103859138,0.40031326325938754,0.2463588957229444,0.1386303793577175,0.5367698391747889,0.29992190290660226,0.16350698293189786,0.11490363587133719,0.539349879170037,0.16440639534053858,0.027952750265076896,2026-09-19T01:25:04Z
824788,596142,Gary Sánchez,MIL,BAL,0,8,projected,Trevor Rogers,Oriole Park at Camden Yards,2026-09-19T20:05:00Z,3.77134670487106,1380,2196,0.4708279965269197,0.5780305123396999,-0.7481061109599386,Normal,0.14700668799246105,0.568893906391263,0.3953709534653189,0.620529854332824,0.6521935810143987,0.4452977316342918,0.28466048075247047,0.16736393635845961,0.5502200853850817,0.3325613535992636,0.20916793275591442,0.16497413436866534,0.5529758509603561,0.1773282184250976,0.03302718088946485,2026-09-19T01:25:04Z
824788,665750,Leody Taveras,BAL,MIL,1,9,projected,Robert Gasser,Oriole Park at Camden Yards,2026-09-19T20:05:00Z,3.4062130177514796,2066,559,0.3821300734981505,0.5722803511892123,-2.5161481490804496,Cold,0.07189832046579707,0.5163082086615116,0.23557659373017484,0.6402488160274323,0.5813677508847946,0.3735672698582927,0.2247464448516399,0.12318629077397764,0.5013790553389645,0.25826002626046585,0.1367897625951571,0.09054998611336713,0.5035783601756008,0.13842562403240827,0.02057775414695085,2026-09-19T01:25:04Z
824788,687401,Joey Ortiz,MIL,BAL,0,9,projected,Trevor Rogers,Oriole Park at Camden Yards,2026-09-19T20:05:00Z,3.6038677479725516,1442,2196,0.4621846779759384,0.5828084624817962,1.6075460392958747,Normal,0.0869787856944959,0.6070455234961993,0.25859553734669416,0.4871877016965494,0.6428303141648091,0.4349932023072192,0.2755525411744587,0.160323890768128,0.5856561091926353,0.32894353084779504,0.1822954833415559,0.11844008066278507,0.5888149762275899,0.2053481618322414,0.041770065728216184,2026-09-19T01:25:04Z
825029,682998,Corbin Carroll,AZ,NYY,1,1,projected,Cam Schlittler,Chase Field,2026-09-20T00:10:00Z,4.4259622937941865,2720,1026,0.6836331177588126,0.6812134965811568,-2.2899038972204964,Cold,0.13496084357951466,0.6186555252674864,0.4082872628034502,0.7651399444664271,0.7085190253654768,0.5091973332063373,0.3428950473332412,0.21380312781587346,0.5961313626280934,0.3879720065944241,0.25952731260687084,0.18401275035037862,0.5994633263229561,0.21947911974118928,0.04922505870065881,2026-09-19T01:25:04Z
825029,671218,Heliot Ramos,NYY,AZ,0,1,projected,Brandon Pfaadt,Chase Field,2026-09-20T00:10:00Z,4.604505386875612,1699,2461,0.535133628292317,0.6669605531374999,-0.37450478081088,Normal,0.11584277377326083,0.6896519509453858,0.27482328295611486,0.761123034834717,0.7072244571607458,0.5088664787978684,0.3435142111683645,0.21501867487461393,0.6612856806204326,0.4094207095976518,0.2442291507759651,0.16351683722468727,0.6654991733535086,0.2869766215694512,0.0792521979098552,2026-09-19T01:25:04Z
825029,663457,Lars Nootbaar,AZ,NYY,1,2,projected,Cam Schlittler,Chase Field,2026-09-20T00:10:00Z,4.320075757575758,2139,1026,0.4994391698733505,0.6762262094748761,0.5760644497004322,Normal,0.10689390636472498,0.5959477892538985,0.4486111893089568,0.7092021978220071,0.6510525505567751,0.44589318207293177,0.2863694884938402,0.16948910418560723,0.5751774200827375,0.33723880105912823,0.1951606738874552,0.13603321418281097,0.5782467161685751,0.20018386931978946,0.04170347357515461,2026-09-19T01:25:04Z
825029,592450,Aaron Judge,NYY,AZ,0,2,projected,Brandon Pfaadt,Chase Field,2026-09-20T00:10:00Z,4.515250335699213,2822,2461,0.724847706745746,0.6573873037996104,-2.576703782144433,Cold,0.29943130690926334,0.7012960349720181,0.4276958067248616,0.7674565395621937,0.7819673938758674,0.6007628080830959,0.4326048511825125,0.2899864487398693,0.6719504072832895,0.4846301678994432,0.3672224447079106,0.31911809356876625,0.6763107767993204,0.2979704060036079,0.08385561301552676,2026-09-19T01:25:04Z
825029,606466,Ketel Marte,AZ,NYY,1,3,projected,Cam Schlittler,Chase Field,2026-09-20T00:10:00Z,4.225771521386031,2932,1026,0.48573677769698564,0.6692115547047374,0.011302592606509966,Normal,0.14037620060981065,0.6235650187178599,0.3673228984992844,0.6114060948037061,0.6884013493577968,0.4851124721461276,0.3199977041626719,0.19484473871830563,0.6007564842505221,0.3747964573005739,0.23337833703679348,0.17208957983491352,0.6041288336937198,0.22154610769887914,0.04881592404368985,2026-09-19T01:25:04Z
825029,671277,Luis García Jr.,NYY,AZ,0,3,projected,Brandon Pfaadt,Chase Field,2026-09-20T00:10:00Z,4.404062386652159,2432,2461,0.5442725916681946,0.6554966255576856,-0.4475062972709172,Normal,0.17303783470269518,0.7384826798820723,0.21511206548034195,0.5234898464550803,0.742722849310143,0.5500734378923079,0.3816122988896801,0.2457055586678256,0.7058193309869791,0.4732424768232996,0.31105566223578873,0.2265573726872336,0.7106838868056132,0.33830162467580377,0.1041032842719659,2026-09-19T01:25:04Z
825029,571448,Nolan Arenado,AZ,NYY,1,4,projected,Cam Schlittler,Chase Field,2026-09-20T00:10:00Z,4.137759336099585,2863,1026,0.4310216038473297,0.657809933239985,1.4772606434539752,Normal,0.14041378361480428,0.6030802801208374,0.2918368760324558,0.6187779656031053,0.6652552071033097,0.45943100506019274,0.2970059159740566,0.17681050109356986,0.5818836500064796,0.346773661154834,0.2126858934498091,0.16176872643020715,0.585014718891652,0.20382587504893773,0.041899817969566835,2026-09-19T01:25:04Z
825029,642708,Amed Rosario,NYY,AZ,0,4,projected,Brandon Pfaadt,Chase Field,2026-09-20T00:10:00Z,4.319574734208881,1983,2461,0.4550715539222181,0.6470418037565281,-0.320094241972136,Normal,0.09339771751885036,0.7040777569323909,0.18946737859524426,0.6612155793765535,0.6987429939426972,0.49748987796215355,0.33177184376490015,0.20460447820037297,0.6745278923850354,0.4130549578854729,0.24222080503060078,0.15195165357128368,0.6789154745081896,0.29889072007306644,0.08283233081984806,2026-09-19T01:25:04Z
825029,660821,Jesús Sánchez,AZ,NYY,1,5,projected,Cam Schlittler,Chase Field,2026-09-20T00:10:00Z,4.021140609636185,2084,1026,0.40899011902589266,0.6428093050823614,-1.1032828068923277,Normal,0.10768061399318866,0.5906482415207776,0.323450796103151,0.7665938387464517,0.6451093603776634,0.43805923328904506,0.27851089349639685,0.1627322875183361,0.5704048327730794,0.3360324642042085,0.1948677049539979,0.13629306972714295,0.5733935119873196,0.19350646163337268,0.03806312553373345,2026-09-19T01:25:04Z
825029,641857,Ryan McMahon,NYY,AZ,0,5,projected,Brandon Pfaadt,Chase Field,2026-09-20T00:10:00Z,4.191813422179914,2801,2461,0.4573862295876371,0.6373540305544564,-0.57567867870461,Normal,0.1327806547750691,0.6417646454067076,0.32928248184433334,0.7162879623066855,0.6784687706721739,0.4745370578158529,0.310868719044427,0.18793824303287704,0.6174946963711637,0.3790571098880154,0.22955073968566592,0.16523475096429893,0.6210860686872055,0.23777123032272116,0.055344562504465976,2026-09-19T01:25:04Z
825029,672515,Gabriel Moreno,AZ,NYY,1,6,projected,Cam Schlittler,Chase Field,2026-09-20T00:10:00Z,3.8884043099025143,1627,1026,0.40795725008172723,0.6357316341628985,1.053514165656746,Normal,0.09020483556679926,0.6111597796939091,0.3383919364721201,0.5569496895246577,0.6386539316339247,0.4311052731581191,0.27241051543640826,0.1580242622893748,0.58940971664651,0.33105496964535225,0.17954844523029134,0.11805027883738176,0.5926218882853251,0.2090616974548629,0.04296753382770191,2026-09-19T01:25:04Z
825029,502671,Paul Goldschmidt,NYY,AZ,0,6,projected,Brandon Pfaadt,Chase Field,2026-09-20T00:10:00Z,4.056862238304472,2891,2461,0.4372693411840426,0.6320845431204956,0.6900058643332102,Normal,0.11790313029018107,0.6605872095877068,0.23618624589644868,0.6674787036079226,0.6821760950645408,0.4784171623590226,0.314147550257497,0.19035078578474937,0.6347841729101849,0.38834479311270903,0.226044804683728,0.1547237191867679,0.638604685519727,0.2545982988328541,0.06194758835813206,2026-09-19T01:25:04Z
825029,545121,Ildemaro Vargas,AZ,NYY,1,7,projected,Cam Schlittler,Chase Field,2026-09-20T00:10:00Z,3.7422402159244266,1403,1026,0.3566749491574182,0.6186069486641907,-0.1344705652801834,Normal,0.07622306306473693,0.5816279799981033,0.23616003632180554,0.459708714698081,0.6052753204161831,0.3978142804014521,0.24495659066381972,0.13802864237485932,0.5621188430913363,0.30472596619906206,0.16209640081623466,0.10326459819531565,0.5649974831488103,0.18535718004333634,0.03478705251605872,2026-09-19T01:25:04Z
825029,641355,Cody Bellinger,NYY,AZ,0,7,projected,Brandon Pfaadt,Chase Field,2026-09-20T00:10:00Z,3.9124487004103967,2864,2461,0.5262111790170179,0.6146817660216426,1.898750906115878,Normal,0.13907448608573642,0.674890731010142,0.2736565630276532,0.4610844595644292,0.706945038529663,0.5055121647242611,0.33803878284039607,0.2087745577205217,0.6479247108133407,0.4052656742498799,0.250958878443834,0.17860460473220482,0.6519186440766018,0.2671948922208557,0.0667099213843345,2026-09-19T01:25:04Z
825029,672695,Geraldo Perdomo,AZ,NYY,1,8,projected,Cam Schlittler,Chase Field,2026-09-20T00:10:00Z,3.5848449385605616,2742,1026,0.4529277795201532,0.6150499754102983,-0.24848755193649996,Normal,0.06770412586481778,0.5404595702326235,0.42568215217060285,0.5136836480827229,0.6079215380770459,0.39939735971486323,0.24562803394059204,0.13811421508206745,0.5238841295612694,0.2691060808270132,0.14044882889784827,0.08939193906121651,0.5263273632234955,0.1551171086679597,0.025386971740619865,2026-09-19T01:25:04Z
825029,683011,Anthony Volpe,NYY,AZ,0,8,projected,Brandon Pfaadt,Chase Field,2026-09-20T00:10:00Z,3.77134670487106,2105,2461,0.40633171111237354,0.6062644941430602,1.6260868869690004,Normal,0.08259344572527334,0.5907441883567489,0.22378337613056404,0.6378749116933494,0.6301181611136846,0.42288841558635726,0.26592455506273327,0.1535442029739423,0.5705042552606537,0.3276882065954954,0.18164527806293201,0.11666545616262913,0.573492711050328,0.19359503659372604,0.03823527317560278,2026-09-19T01:25:04Z
825029,543510,James McCann,AZ,NYY,1,9,projected,Cam Schlittler,Chase Field,2026-09-20T00:10:00Z,3.4062130177514796,939,1026,0.36894284834088265,0.6231865532547268,-0.09322729777925047,Normal,0.08678332417930988,0.5185953139515765,0.21196130190480528,0.672485117855117,0.5865453496756413,0.37831802065289255,0.22841758565654555,0.12570413395356178,0.5035235796817246,0.26549019851906525,0.14135208797331122,0.10115331584532684,0.5057439535087815,0.1398282608585737,0.020921046857760396,2026-09-19T01:25:04Z
825029,676609,José Caballero,NYY,AZ,0,9,projected,Brandon Pfaadt,Chase Field,2026-09-20T00:10:00Z,3.6038677479725516,1568,2461,0.4182435018842773,0.6091371042318185,-0.7069074373110823,Normal,0.07869275898764776,0.5721235143592457,0.23891680371929727,0.6419504937515413,0.6150645794334605,0.40743450995196406,0.25290674025117527,0.14387908667569715,0.5532851951662316,0.2988010171693222,0.1562654430294177,0.10195530746044844,0.5560649434747175,0.17875737508823125,0.03311781668955827,2026-09-19T01:25:04Z
