game_pk,game_date,team,opponent,is_home,runs,runs_allowed
778563,2025-03-18,Chicago Cubs,Los Angeles Dodgers,1,1,4
778563,2025-03-18,Los Angeles Dodgers,Chicago Cubs,0,4,1
778564,2025-03-19,Chicago Cubs,Los Angeles Dodgers,1,3,6
778564,2025-03-19,Los Angeles Dodgers,Chicago Cubs,0,6,3
778557,2025-03-27,New York Yankees,Milwaukee Brewers,1,4,2
778557,2025-03-27,Milwaukee Brewers,New York Yankees,0,2,4
778556,2025-03-27,Toronto Blue Jays,Baltimore Orioles,1,2,12
778556,2025-03-27,Baltimore Orioles,Toronto Blue Jays,0,12,2
778553,2025-03-27,Texas Rangers,Boston Red Sox,1,2,5
778553,2025-03-27,Boston Red Sox,Texas Rangers,0,5,2
778555,2025-03-27,Washington Nationals,Philadelphia Phillies,1,3,7
778555,2025-03-27,Philadelphia Phillies,Washington Nationals,0,7,3
778558,2025-03-27,Kansas City Royals,Cleveland Guardians,1,4,7
778558,2025-03-27,Cleveland Guardians,Kansas City Royals,0,7,4
778559,2025-03-27,Houston Astros,New York Mets,1,3,1
778559,2025-03-27,New York Mets,Houston Astros,0,1,3
778561,2025-03-27,Cincinnati Reds,San Francisco Giants,1,4,6
778561,2025-03-27,San Francisco Giants,Cincinnati Reds,0,6,4
778545,2025-03-27,San Diego Padres,Atlanta Braves,1,7,4
778545,2025-03-27,Atlanta Braves,San Diego Padres,0,4,7
778554,2025-03-27,Chicago White Sox,Los Angeles Angels,1,8,1
778554,2025-03-27,Los Angeles Angels,Chicago White Sox,0,1,8
778562,2025-03-27,Miami Marlins,Pittsburgh Pirates,1,5,4
778562,2025-03-27,Pittsburgh Pirates,Miami Marlins,0,4,5
778551,2025-03-27,St. Louis Cardinals,Minnesota Twins,1,5,3
778551,2025-03-27,Minnesota Twins,St. Louis Cardinals,0,3,5
778546,2025-03-27,Los Angeles Dodgers,Detroit Tigers,1,5,4
778546,2025-03-27,Detroit Tigers,Los Angeles Dodgers,0,4,5
778552,2025-03-27,Arizona Diamondbacks,Chicago Cubs,1,6,10
778552,2025-03-27,Chicago Cubs,Arizona Diamondbacks,0,10,6
778547,2025-03-27,Seattle Mariners,Athletics,1,4,2
778547,2025-03-27,Athletics,Seattle Mariners,0,2,4
778560,2025-03-28,Tampa Bay Rays,Colorado Rockies,1,3,2
778560,2025-03-28,Colorado Rockies,Tampa Bay Rays,0,2,3
778549,2025-03-28,Toronto Blue Jays,Baltimore Orioles,1,8,2
778549,2025-03-28,Baltimore Orioles,Toronto Blue Jays,0,2,8
778548,2025-03-28,Miami Marlins,Pittsburgh Pirates,1,3,4
778548,2025-03-28,Pittsburgh Pirates,Miami Marlins,0,4,3
778550,2025-03-28,Texas Rangers,Boston Red Sox,1,4,1
778550,2025-03-28,Boston Red Sox,Texas Rangers,0,1,4
778518,2025-03-28,Houston Astros,New York Mets,1,1,3
778518,2025-03-28,New York Mets,Houston Astros,0,3,1
778543,2025-03-28,Arizona Diamondbacks,Chicago Cubs,1,8,1
778543,2025-03-28,Chicago Cubs,Arizona Diamondbacks,0,1,8
778541,2025-03-28,Seattle Mariners,Athletics,1,0,7
778541,2025-03-28,Athletics,Seattle Mariners,0,7,0
778542,2025-03-28,San Diego Padres,Atlanta Braves,1,4,3
778542,2025-03-28,Atlanta Braves,San Diego Padres,0,3,4
778544,2025-03-28,Los Angeles Dodgers,Detroit Tigers,1,8,5
778544,2025-03-28,Detroit Tigers,Los Angeles Dodgers,0,5,8
778538,2025-03-29,New York Yankees,Milwaukee Brewers,1,20,9
778538,2025-03-29,Milwaukee Brewers,New York Yankees,0,9,20
778534,2025-03-29,Chicago White Sox,Los Angeles Angels,1,0,1
778534,2025-03-29,Los Angeles Angels,Chicago White Sox,0,1,0
778528,2025-03-29,St. Louis Cardinals,Minnesota Twins,1,5,1
778528,2025-03-29,Minnesota Twins,St. Louis Cardinals,0,1,5
778536,2025-03-29,Toronto Blue Jays,Baltimore Orioles,1,5,9
778536,2025-03-29,Baltimore Orioles,Toronto Blue Jays,0,9,5
778535,2025-03-29,Washington Nationals,Philadelphia Phillies,1,6,11
778535,2025-03-29,Philadelphia Phillies,Washington Nationals,0,11,6
778529,2025-03-29,Kansas City Royals,Cleveland Guardians,1,4,3
778529,2025-03-29,Cleveland Guardians,Kansas City Royals,0,3,4
778540,2025-03-29,Cincinnati Reds,San Francisco Giants,1,3,2
778540,2025-03-29,San Francisco Giants,Cincinnati Reds,0,2,3
778537,2025-03-29,Tampa Bay Rays,Colorado Rockies,1,1,2
778537,2025-03-29,Colorado Rockies,Tampa Bay Rays,0,2,1
778539,2025-03-29,Miami Marlins,Pittsburgh Pirates,1,5,4
778539,2025-03-29,Pittsburgh Pirates,Miami Marlins,0,4,5
778531,2025-03-29,Texas Rangers,Boston Red Sox,1,4,3
778531,2025-03-29,Boston Red Sox,Texas Rangers,0,3,4
778530,2025-03-29,Houston Astros,New York Mets,1,2,1
778530,2025-03-29,New York Mets,Houston Astros,0,1,2
778520,2025-03-29,San Diego Padres,Atlanta Braves,1,1,0
778520,2025-03-29,Atlanta Braves,San Diego Padres,0,0,1
778532,2025-03-29,Arizona Diamondbacks,Chicago Cubs,1,3,4
778532,2025-03-29,Chicago Cubs,Arizona Diamondbacks,0,4,3
778533,2025-03-29,Los Angeles Dodgers,Detroit Tigers,1,7,3
778533,2025-03-29,Detroit Tigers,Los Angeles Dodgers,0,3,7
778521,2025-03-29,Seattle Mariners,Athletics,1,2,4
778521,2025-03-29,Athletics,Seattle Mariners,0,4,2
778526,2025-03-30,Washington Nationals,Philadelphia Phillies,1,5,1
778526,2025-03-30,Philadelphia Phillies,Washington Nationals,0,1,5
778523,2025-03-30,New York Yankees,Milwaukee Brewers,1,12,3
778523,2025-03-30,Milwaukee Brewers,New York Yankees,0,3,12
778525,2025-03-30,Toronto Blue Jays,Baltimore Orioles,1,3,1
778525,2025-03-30,Baltimore Orioles,Toronto Blue Jays,0,1,3
778522,2025-03-30,Cincinnati Reds,San Francisco Giants,1,3,6
778522,2025-03-30,San Francisco Giants,Cincinnati Reds,0,6,3
778524,2025-03-30,Tampa Bay Rays,Colorado Rockies,1,6,4
778524,2025-03-30,Colorado Rockies,Tampa Bay Rays,0,4,6
778519,2025-03-30,Miami Marlins,Pittsburgh Pirates,1,3,2
778519,2025-03-30,Pittsburgh Pirates,Miami Marlins,0,2,3
778510,2025-03-30,Kansas City Royals,Cleveland Guardians,1,2,6
778510,2025-03-30,Cleveland Guardians,Kansas City Royals,0,6,2
778527,2025-03-30,Chicago White Sox,Los Angeles Angels,1,2,3
778527,2025-03-30,Los Angeles Angels,Chicago White Sox,0,3,2
778517,2025-03-30,St. Louis Cardinals,Minnesota Twins,1,9,2
778517,2025-03-30,Minnesota Twins,St. Louis Cardinals,0,2,9
778516,2025-03-30,Texas Rangers,Boston Red Sox,1,3,2
778516,2025-03-30,Boston Red Sox,Texas Rangers,0,2,3
778515,2025-03-30,Arizona Diamondbacks,Chicago Cubs,1,10,6
778515,2025-03-30,Chicago Cubs,Arizona Diamondbacks,0,6,10
778513,2025-03-30,Seattle Mariners,Athletics,1,2,1
778513,2025-03-30,Athletics,Seattle Mariners,0,1,2
778514,2025-03-30,San Diego Padres,Atlanta Braves,1,5,0
778514,2025-03-30,Atlanta Braves,San Diego Padres,0,0,5
778506,2025-03-31,Chicago White Sox,Minnesota Twins,1,9,0
778506,2025-03-31,Minnesota Twins,Chicago White Sox,0,0,9
778504,2025-03-31,Milwaukee Brewers,Kansas City Royals,1,1,11
778504,2025-03-31,Kansas City Royals,Milwaukee Brewers,0,11,1
778512,2025-03-31,Baltimore Orioles,Boston Red Sox,1,8,5
778512,2025-03-31,Boston Red Sox,Baltimore Orioles,0,5,8
778502,2025-03-31,Philadelphia Phillies,Colorado Rockies,1,6,1
778502,2025-03-31,Colorado Rockies,Philadelphia Phillies,0,1,6
778511,2025-03-31,Cincinnati Reds,Texas Rangers,1,14,3
778511,2025-03-31,Texas Rangers,Cincinnati Reds,0,3,14
778509,2025-03-31,Miami Marlins,New York Mets,1,4,10
778509,2025-03-31,New York Mets,Miami Marlins,0,10,4
778508,2025-03-31,Tampa Bay Rays,Pittsburgh Pirates,1,6,1
778508,2025-03-31,Pittsburgh Pirates,Tampa Bay Rays,0,1,6
778507,2025-03-31,Toronto Blue Jays,Washington Nationals,1,5,2
778507,2025-03-31,Washington Nationals,Toronto Blue Jays,0,2,5
778503,2025-03-31,St. Louis Cardinals,Los Angeles Angels,1,4,5
778503,2025-03-31,Los Angeles Angels,St. Louis Cardinals,0,5,4
778505,2025-03-31,Houston Astros,San Francisco Giants,1,2,7
778505,2025-03-31,San Francisco Giants,Houston Astros,0,7,2
778499,2025-03-31,San Diego Padres,Cleveland Guardians,1,7,2
778499,2025-03-31,Cleveland Guardians,San Diego Padres,0,2,7
778496,2025-03-31,Seattle Mariners,Detroit Tigers,1,6,9
778496,2025-03-31,Detroit Tigers,Seattle Mariners,0,9,6
778501,2025-03-31,Athletics,Chicago Cubs,1,3,18
778501,2025-03-31,Chicago Cubs,Athletics,0,18,3
778500,2025-03-31,Los Angeles Dodgers,Atlanta Braves,1,6,1
778500,2025-03-31,Atlanta Braves,Los Angeles Dodgers,0,1,6
778498,2025-04-01,Cincinnati Reds,Texas Rangers,1,0,1
778498,2025-04-01,Texas Rangers,Cincinnati Reds,0,1,0
778497,2025-04-01,Miami Marlins,New York Mets,1,4,2
778497,2025-04-01,New York Mets,Miami Marlins,0,2,4
778493,2025-04-01,Tampa Bay Rays,Pittsburgh Pirates,1,7,0
778493,2025-04-01,Pittsburgh Pirates,Tampa Bay Rays,0,0,7
778492,2025-04-01,New York Yankees,Arizona Diamondbacks,1,5,7
778492,2025-04-01,Arizona Diamondbacks,New York Yankees,0,7,5
778491,2025-04-01,Toronto Blue Jays,Washington Nationals,1,5,3
778491,2025-04-01,Washington Nationals,Toronto Blue Jays,0,3,5
778490,2025-04-01,Chicago White Sox,Minnesota Twins,1,3,8
778490,2025-04-01,Minnesota Twins,Chicago White Sox,0,8,3
778488,2025-04-01,Milwaukee Brewers,Kansas City Royals,1,5,0
778488,2025-04-01,Kansas City Royals,Milwaukee Brewers,0,0,5
778495,2025-04-01,St. Louis Cardinals,Los Angeles Angels,1,7,9
778495,2025-04-01,Los Angeles Angels,St. Louis Cardinals,0,9,7
778489,2025-04-01,Houston Astros,San Francisco Giants,1,1,3
778489,2025-04-01,San Francisco Giants,Houston Astros,0,3,1
778485,2025-04-01,San Diego Padres,Cleveland Guardians,1,7,0
778485,2025-04-01,Cleveland Guardians,San Diego Padres,0,0,7
778486,2025-04-01,Seattle Mariners,Detroit Tigers,1,1,4
778486,2025-04-01,Detroit Tigers,Seattle Mariners,0,4,1
778494,2025-04-01,Athletics,Chicago Cubs,1,4,7
778494,2025-04-01,Chicago Cubs,Athletics,0,7,4
778487,2025-04-01,Los Angeles Dodgers,Atlanta Braves,1,3,1
778487,2025-04-01,Atlanta Braves,Los Angeles Dodgers,0,1,3
778480,2025-04-02,Cincinnati Reds,Texas Rangers,1,0,1
778480,2025-04-02,Texas Rangers,Cincinnati Reds,0,1,0
778479,2025-04-02,Tampa Bay Rays,Pittsburgh Pirates,1,2,4
778479,2025-04-02,Pittsburgh Pirates,Tampa Bay Rays,0,4,2
778477,2025-04-02,Milwaukee Brewers,Kansas City Royals,1,3,2
778477,2025-04-02,Kansas City Royals,Milwaukee Brewers,0,2,3
778473,2025-04-02,St. Louis Cardinals,Los Angeles Angels,1,12,5
778473,2025-04-02,Los Angeles Angels,St. Louis Cardinals,0,5,12
778474,2025-04-02,Chicago White Sox,Minnesota Twins,1,1,6
778474,2025-04-02,Minnesota Twins,Chicago White Sox,0,6,1
778478,2025-04-02,Toronto Blue Jays,Washington Nationals,1,4,2
778478,2025-04-02,Washington Nationals,Toronto Blue Jays,0,2,4
778471,2025-04-02,Athletics,Chicago Cubs,1,2,10
778471,2025-04-02,Chicago Cubs,Athletics,0,10,2
778476,2025-04-02,San Diego Padres,Cleveland Guardians,1,5,2
778476,2025-04-02,Cleveland Guardians,San Diego Padres,0,2,5
778469,2025-04-02,Seattle Mariners,Detroit Tigers,1,3,2
778469,2025-04-02,Detroit Tigers,Seattle Mariners,0,2,3
778475,2025-04-02,Houston Astros,San Francisco Giants,1,3,6
778475,2025-04-02,San Francisco Giants,Houston Astros,0,6,3
778481,2025-04-02,Miami Marlins,New York Mets,1,5,6
778481,2025-04-02,New York Mets,Miami Marlins,0,6,5
778483,2025-04-02,Baltimore Orioles,Boston Red Sox,1,0,3
778483,2025-04-02,Boston Red Sox,Baltimore Orioles,0,3,0
778482,2025-04-02,Philadelphia Phillies,Colorado Rockies,1,5,1
778482,2025-04-02,Colorado Rockies,Philadelphia Phillies,0,1,5
778484,2025-04-02,New York Yankees,Arizona Diamondbacks,1,3,4
778484,2025-04-02,Arizona Diamondbacks,New York Yankees,0,4,3
778472,2025-04-02,Los Angeles Dodgers,Atlanta Braves,1,6,5
778472,2025-04-02,Atlanta Braves,Los Angeles Dodgers,0,5,6
778470,2025-04-03,Baltimore Orioles,Boston Red Sox,1,4,8
778470,2025-04-03,Boston Red Sox,Baltimore Orioles,0,8,4
778467,2025-04-03,Philadelphia Phillies,Colorado Rockies,1,3,1
778467,2025-04-03,Colorado Rockies,Philadelphia Phillies,0,1,3
778462,2025-04-03,Minnesota Twins,Houston Astros,1,2,5
778462,2025-04-03,Houston Astros,Minnesota Twins,0,5,2
778466,2025-04-03,New York Yankees,Arizona Diamondbacks,1,9,7
778466,2025-04-03,Arizona Diamondbacks,New York Yankees,0,7,9
778468,2025-04-03,Milwaukee Brewers,Cincinnati Reds,1,1,0
778468,2025-04-03,Cincinnati Reds,Milwaukee Brewers,0,0,1
778458,2025-04-04,Detroit Tigers,Chicago White Sox,1,7,4
778458,2025-04-04,Chicago White Sox,Detroit Tigers,0,4,7
778463,2025-04-04,Boston Red Sox,St. Louis Cardinals,1,13,9
778463,2025-04-04,St. Louis Cardinals,Boston Red Sox,0,9,13
778460,2025-04-04,Chicago Cubs,San Diego Padres,1,3,1
778460,2025-04-04,San Diego Padres,Chicago Cubs,0,1,3
778465,2025-04-04,New York Mets,Toronto Blue Jays,1,5,0
778465,2025-04-04,Toronto Blue Jays,New York Mets,0,0,5
778456,2025-04-04,Colorado Rockies,Athletics,1,3,6
778456,2025-04-04,Athletics,Colorado Rockies,0,6,3
778461,2025-04-04,Pittsburgh Pirates,New York Yankees,1,4,9
778461,2025-04-04,New York Yankees,Pittsburgh Pirates,0,9,4
778444,2025-04-04,San Francisco Giants,Seattle Mariners,1,10,9
778444,2025-04-04,Seattle Mariners,San Francisco Giants,0,9,10
778457,2025-04-04,Washington Nationals,Arizona Diamondbacks,1,4,6
778457,2025-04-04,Arizona Diamondbacks,Washington Nationals,0,6,4
778459,2025-04-04,Philadelphia Phillies,Los Angeles Dodgers,1,3,2
778459,2025-04-04,Los Angeles Dodgers,Philadelphia Phillies,0,2,3
778464,2025-04-04,Atlanta Braves,Miami Marlins,1,10,0
778464,2025-04-04,Miami Marlins,Atlanta Braves,0,0,10
778455,2025-04-04,Kansas City Royals,Baltimore Orioles,1,8,2
778455,2025-04-04,Baltimore Orioles,Kansas City Royals,0,2,8
778454,2025-04-04,Texas Rangers,Tampa Bay Rays,1,5,2
778454,2025-04-04,Tampa Bay Rays,Texas Rangers,0,2,5
778453,2025-04-04,Milwaukee Brewers,Cincinnati Reds,1,3,2
778453,2025-04-04,Cincinnati Reds,Milwaukee Brewers,0,2,3
778447,2025-04-04,Los Angeles Angels,Cleveland Guardians,1,6,8
778447,2025-04-04,Cleveland Guardians,Los Angeles Angels,0,8,6
778445,2025-04-05,Detroit Tigers,Chicago White Sox,1,7,2
778445,2025-04-05,Chicago White Sox,Detroit Tigers,0,2,7
778440,2025-04-05,Minnesota Twins,Houston Astros,1,6,1
778440,2025-04-05,Houston Astros,Minnesota Twins,0,1,6
778450,2025-04-05,Chicago Cubs,San Diego Padres,1,7,1
778450,2025-04-05,San Diego Padres,Chicago Cubs,0,1,7
778452,2025-04-05,Washington Nationals,Arizona Diamondbacks,1,4,3
778452,2025-04-05,Arizona Diamondbacks,Washington Nationals,0,3,4
778448,2025-04-05,Philadelphia Phillies,Los Angeles Dodgers,1,1,3
778448,2025-04-05,Los Angeles Dodgers,Philadelphia Phillies,0,3,1
778449,2025-04-05,Pittsburgh Pirates,New York Yankees,1,4,10
778449,2025-04-05,New York Yankees,Pittsburgh Pirates,0,10,4
778441,2025-04-05,Kansas City Royals,Baltimore Orioles,1,1,8
778441,2025-04-05,Baltimore Orioles,Kansas City Royals,0,8,1
778438,2025-04-05,Texas Rangers,Tampa Bay Rays,1,6,4
778438,2025-04-05,Tampa Bay Rays,Texas Rangers,0,4,6
778446,2025-04-05,New York Mets,Toronto Blue Jays,1,3,2
778446,2025-04-05,Toronto Blue Jays,New York Mets,0,2,3
778439,2025-04-05,Milwaukee Brewers,Cincinnati Reds,1,7,11
778439,2025-04-05,Cincinnati Reds,Milwaukee Brewers,0,11,7
778451,2025-04-05,Atlanta Braves,Miami Marlins,1,0,4
778451,2025-04-05,Miami Marlins,Atlanta Braves,0,4,0
778442,2025-04-05,Colorado Rockies,Athletics,1,4,7
778442,2025-04-05,Athletics,Colorado Rockies,0,7,4
778436,2025-04-05,San Francisco Giants,Seattle Mariners,1,4,1
778436,2025-04-05,Seattle Mariners,San Francisco Giants,0,1,4
778437,2025-04-05,Los Angeles Angels,Cleveland Guardians,1,10,4
778437,2025-04-05,Cleveland Guardians,Los Angeles Angels,0,4,10
778429,2025-04-06,Washington Nationals,Arizona Diamondbacks,1,5,4
778429,2025-04-06,Arizona Diamondbacks,Washington Nationals,0,4,5
778443,2025-04-06,Boston Red Sox,St. Louis Cardinals,1,5,4
778443,2025-04-06,St. Louis Cardinals,Boston Red Sox,0,4,5
778432,2025-04-06,Boston Red Sox,St. Louis Cardinals,1,18,7
778432,2025-04-06,St. Louis Cardinals,Boston Red Sox,0,7,18
778434,2025-04-06,Philadelphia Phillies,Los Angeles Dodgers,1,8,7
778434,2025-04-06,Los Angeles Dodgers,Philadelphia Phillies,0,7,8
778428,2025-04-06,Pittsburgh Pirates,New York Yankees,1,5,4
778428,2025-04-06,New York Yankees,Pittsburgh Pirates,0,4,5
778435,2025-04-06,New York Mets,Toronto Blue Jays,1,2,1
778435,2025-04-06,Toronto Blue Jays,New York Mets,0,1,2
778433,2025-04-06,Detroit Tigers,Chicago White Sox,1,4,3
778433,2025-04-06,Chicago White Sox,Detroit Tigers,0,3,4
778422,2025-04-06,Kansas City Royals,Baltimore Orioles,1,4,1
778422,2025-04-06,Baltimore Orioles,Kansas City Royals,0,1,4
778419,2025-04-06,Minnesota Twins,Houston Astros,1,7,9
778419,2025-04-06,Houston Astros,Minnesota Twins,0,9,7
778421,2025-04-06,Milwaukee Brewers,Cincinnati Reds,1,8,2
778421,2025-04-06,Cincinnati Reds,Milwaukee Brewers,0,2,8
778430,2025-04-06,Chicago Cubs,San Diego Padres,1,7,8
778430,2025-04-06,San Diego Padres,Chicago Cubs,0,8,7
778420,2025-04-06,Texas Rangers,Tampa Bay Rays,1,4,3
778420,2025-04-06,Tampa Bay Rays,Texas Rangers,0,3,4
778423,2025-04-06,Colorado Rockies,Athletics,1,12,5
778423,2025-04-06,Athletics,Colorado Rockies,0,5,12
778427,2025-04-06,San Francisco Giants,Seattle Mariners,1,5,4
778427,2025-04-06,Seattle Mariners,San Francisco Giants,0,4,5
778425,2025-04-06,Los Angeles Angels,Cleveland Guardians,1,6,2
778425,2025-04-06,Cleveland Guardians,Los Angeles Angels,0,2,6
778424,2025-04-07,Detroit Tigers,New York Yankees,1,6,2
778424,2025-04-07,New York Yankees,Detroit Tigers,0,2,6
778415,2025-04-07,Pittsburgh Pirates,St. Louis Cardinals,1,8,4
778415,2025-04-07,St. Louis Cardinals,Pittsburgh Pirates,0,4,8
778418,2025-04-07,Washington Nationals,Los Angeles Dodgers,1,6,4
778418,2025-04-07,Los Angeles Dodgers,Washington Nationals,0,4,6
778426,2025-04-07,Boston Red Sox,Toronto Blue Jays,1,2,6
778426,2025-04-07,Toronto Blue Jays,Boston Red Sox,0,6,2
778416,2025-04-07,New York Mets,Miami Marlins,1,2,0
778416,2025-04-07,Miami Marlins,New York Mets,0,0,2
778411,2025-04-07,Chicago Cubs,Texas Rangers,1,7,0
778411,2025-04-07,Texas Rangers,Chicago Cubs,0,0,7
778412,2025-04-07,Kansas City Royals,Minnesota Twins,1,4,2
778412,2025-04-07,Minnesota Twins,Kansas City Royals,0,2,4
778413,2025-04-07,Arizona Diamondbacks,Baltimore Orioles,1,1,5
778413,2025-04-07,Baltimore Orioles,Arizona Diamondbacks,0,5,1
778405,2025-04-07,Seattle Mariners,Houston Astros,1,4,3
778405,2025-04-07,Houston Astros,Seattle Mariners,0,3,4
778410,2025-04-07,San Francisco Giants,Cincinnati Reds,1,0,2
778410,2025-04-07,Cincinnati Reds,San Francisco Giants,0,2,0
778414,2025-04-07,Athletics,San Diego Padres,1,4,5
778414,2025-04-07,San Diego Padres,Athletics,0,5,4
778403,2025-04-08,Detroit Tigers,New York Yankees,1,5,0
778403,2025-04-08,New York Yankees,Detroit Tigers,0,0,5
778402,2025-04-08,Cleveland Guardians,Chicago White Sox,1,1,0
778402,2025-04-08,Chicago White Sox,Cleveland Guardians,0,0,1
778407,2025-04-08,New York Mets,Miami Marlins,1,10,5
778407,2025-04-08,Miami Marlins,New York Mets,0,5,10
778408,2025-04-08,Pittsburgh Pirates,St. Louis Cardinals,1,3,5
778408,2025-04-08,St. Louis Cardinals,Pittsburgh Pirates,0,5,3
778409,2025-04-08,Washington Nationals,Los Angeles Dodgers,1,8,2
778409,2025-04-08,Los Angeles Dodgers,Washington Nationals,0,2,8
778404,2025-04-08,Boston Red Sox,Toronto Blue Jays,1,1,6
778404,2025-04-08,Toronto Blue Jays,Boston Red Sox,0,6,1
778417,2025-04-08,Tampa Bay Rays,Los Angeles Angels,1,3,4
778417,2025-04-08,Los Angeles Angels,Tampa Bay Rays,0,4,3
778406,2025-04-08,Atlanta Braves,Philadelphia Phillies,1,7,5
778406,2025-04-08,Philadelphia Phillies,Atlanta Braves,0,5,7
778401,2025-04-08,Chicago Cubs,Texas Rangers,1,10,6
778401,2025-04-08,Texas Rangers,Chicago Cubs,0,6,10
778400,2025-04-08,Kansas City Royals,Minnesota Twins,1,2,1
778400,2025-04-08,Minnesota Twins,Kansas City Royals,0,1,2
778394,2025-04-08,Colorado Rockies,Milwaukee Brewers,1,1,7
778394,2025-04-08,Milwaukee Brewers,Colorado Rockies,0,7,1
778396,2025-04-08,Arizona Diamondbacks,Baltimore Orioles,1,4,3
778396,2025-04-08,Baltimore Orioles,Arizona Diamondbacks,0,3,4
778398,2025-04-08,Seattle Mariners,Houston Astros,1,1,2
778398,2025-04-08,Houston Astros,Seattle Mariners,0,2,1
778397,2025-04-08,San Francisco Giants,Cincinnati Reds,1,0,1
778397,2025-04-08,Cincinnati Reds,San Francisco Giants,0,1,0
778395,2025-04-08,Athletics,San Diego Padres,1,10,4
778395,2025-04-08,San Diego Padres,Athletics,0,4,10
778389,2025-04-09,Pittsburgh Pirates,St. Louis Cardinals,1,2,1
778389,2025-04-09,St. Louis Cardinals,Pittsburgh Pirates,0,1,2
778390,2025-04-09,New York Mets,Miami Marlins,1,0,5
778390,2025-04-09,Miami Marlins,New York Mets,0,5,0
778387,2025-04-09,Detroit Tigers,New York Yankees,1,3,4
778387,2025-04-09,New York Yankees,Detroit Tigers,0,4,3
778385,2025-04-09,Chicago Cubs,Texas Rangers,1,2,6
778385,2025-04-09,Texas Rangers,Chicago Cubs,0,6,2
778381,2025-04-09,Athletics,San Diego Padres,1,1,2
778381,2025-04-09,San Diego Padres,Athletics,0,2,1
778380,2025-04-09,Arizona Diamondbacks,Baltimore Orioles,1,9,0
778380,2025-04-09,Baltimore Orioles,Arizona Diamondbacks,0,0,9
778376,2025-04-09,San Francisco Giants,Cincinnati Reds,1,8,6
778376,2025-04-09,Cincinnati Reds,San Francisco Giants,0,6,8
778392,2025-04-09,Washington Nationals,Los Angeles Dodgers,1,5,6
778392,2025-04-09,Los Angeles Dodgers,Washington Nationals,0,6,5
778383,2025-04-09,Seattle Mariners,Houston Astros,1,7,6
778383,2025-04-09,Houston Astros,Seattle Mariners,0,6,7
778391,2025-04-09,Cleveland Guardians,Chicago White Sox,1,3,2
778391,2025-04-09,Chicago White Sox,Cleveland Guardians,0,2,3
778386,2025-04-09,Boston Red Sox,Toronto Blue Jays,1,1,2
778386,2025-04-09,Toronto Blue Jays,Boston Red Sox,0,2,1
778399,2025-04-09,Tampa Bay Rays,Los Angeles Angels,1,5,4
778399,2025-04-09,Los Angeles Angels,Tampa Bay Rays,0,4,5
778393,2025-04-09,Atlanta Braves,Philadelphia Phillies,1,3,4
778393,2025-04-09,Philadelphia Phillies,Atlanta Braves,0,4,3
778388,2025-04-09,Kansas City Royals,Minnesota Twins,1,0,4
778388,2025-04-09,Minnesota Twins,Kansas City Royals,0,4,0
778379,2025-04-09,Colorado Rockies,Milwaukee Brewers,1,2,17
778379,2025-04-09,Milwaukee Brewers,Colorado Rockies,0,17,2
778382,2025-04-10,Tampa Bay Rays,Los Angeles Angels,1,1,11
778382,2025-04-10,Los Angeles Angels,Tampa Bay Rays,0,11,1
778378,2025-04-10,Cleveland Guardians,Chicago White Sox,1,6,1
778378,2025-04-10,Chicago White Sox,Cleveland Guardians,0,1,6
778373,2025-04-10,Kansas City Royals,Minnesota Twins,1,3,2
778373,2025-04-10,Minnesota Twins,Kansas City Royals,0,2,3
778371,2025-04-10,Colorado Rockies,Milwaukee Brewers,1,7,2
778371,2025-04-10,Milwaukee Brewers,Colorado Rockies,0,2,7
778377,2025-04-10,Boston Red Sox,Toronto Blue Jays,1,4,3
778377,2025-04-10,Toronto Blue Jays,Boston Red Sox,0,3,4
778384,2025-04-10,Atlanta Braves,Philadelphia Phillies,1,4,2
778384,2025-04-10,Philadelphia Phillies,Atlanta Braves,0,2,4
778375,2025-04-11,Cleveland Guardians,Kansas City Royals,1,7,0
778375,2025-04-11,Kansas City Royals,Cleveland Guardians,0,0,7
778374,2025-04-11,Cincinnati Reds,Pittsburgh Pirates,1,5,3
778374,2025-04-11,Pittsburgh Pirates,Cincinnati Reds,0,3,5
778367,2025-04-11,Tampa Bay Rays,Atlanta Braves,1,6,3
778367,2025-04-11,Atlanta Braves,Tampa Bay Rays,0,3,6
778370,2025-04-11,New York Yankees,San Francisco Giants,1,1,9
778370,2025-04-11,San Francisco Giants,New York Yankees,0,9,1
778369,2025-04-11,Miami Marlins,Washington Nationals,1,4,7
778369,2025-04-11,Washington Nationals,Miami Marlins,0,7,4
778366,2025-04-11,Chicago White Sox,Boston Red Sox,1,11,1
778366,2025-04-11,Boston Red Sox,Chicago White Sox,0,1,11
778368,2025-04-11,Houston Astros,Los Angeles Angels,1,14,3
778368,2025-04-11,Los Angeles Angels,Houston Astros,0,3,14
778363,2025-04-11,Minnesota Twins,Detroit Tigers,1,6,7
778363,2025-04-11,Detroit Tigers,Minnesota Twins,0,7,6
778365,2025-04-11,St. Louis Cardinals,Philadelphia Phillies,1,2,0
778365,2025-04-11,Philadelphia Phillies,St. Louis Cardinals,0,0,2
778361,2025-04-11,San Diego Padres,Colorado Rockies,1,8,0
778361,2025-04-11,Colorado Rockies,San Diego Padres,0,0,8
778360,2025-04-11,Seattle Mariners,Texas Rangers,1,5,3
778360,2025-04-11,Texas Rangers,Seattle Mariners,0,3,5
778364,2025-04-11,Arizona Diamondbacks,Milwaukee Brewers,1,0,7
778364,2025-04-11,Milwaukee Brewers,Arizona Diamondbacks,0,7,0
778358,2025-04-11,Athletics,New York Mets,1,6,7
778358,2025-04-11,New York Mets,Athletics,0,7,6
778356,2025-04-11,Los Angeles Dodgers,Chicago Cubs,1,3,0
778356,2025-04-11,Chicago Cubs,Los Angeles Dodgers,0,0,3
778348,2025-04-12,Minnesota Twins,Detroit Tigers,1,0,4
778348,2025-04-12,Detroit Tigers,Minnesota Twins,0,4,0
778347,2025-04-12,St. Louis Cardinals,Philadelphia Phillies,1,1,4
778347,2025-04-12,Philadelphia Phillies,St. Louis Cardinals,0,4,1
778355,2025-04-12,New York Yankees,San Francisco Giants,1,8,4
778355,2025-04-12,San Francisco Giants,New York Yankees,0,4,8
778346,2025-04-12,Athletics,New York Mets,1,3,1
778346,2025-04-12,New York Mets,Athletics,0,1,3
778362,2025-04-12,Baltimore Orioles,Toronto Blue Jays,1,5,4
778362,2025-04-12,Toronto Blue Jays,Baltimore Orioles,0,4,5
778353,2025-04-12,Tampa Bay Rays,Atlanta Braves,1,4,5
778353,2025-04-12,Atlanta Braves,Tampa Bay Rays,0,5,4
778349,2025-04-12,Chicago White Sox,Boston Red Sox,1,3,2
778349,2025-04-12,Boston Red Sox,Chicago White Sox,0,2,3
778354,2025-04-12,Miami Marlins,Washington Nationals,1,7,6
778354,2025-04-12,Washington Nationals,Miami Marlins,0,6,7
778359,2025-04-12,Cleveland Guardians,Kansas City Royals,1,6,3
778359,2025-04-12,Kansas City Royals,Cleveland Guardians,0,3,6
778357,2025-04-12,Cincinnati Reds,Pittsburgh Pirates,1,5,2
778357,2025-04-12,Pittsburgh Pirates,Cincinnati Reds,0,2,5
778351,2025-04-12,Houston Astros,Los Angeles Angels,1,1,4
778351,2025-04-12,Los Angeles Angels,Houston Astros,0,4,1
778350,2025-04-12,Arizona Diamondbacks,Milwaukee Brewers,1,5,4
778350,2025-04-12,Milwaukee Brewers,Arizona Diamondbacks,0,4,5
778352,2025-04-12,San Diego Padres,Colorado Rockies,1,2,0
778352,2025-04-12,Colorado Rockies,San Diego Padres,0,0,2
778345,2025-04-12,Los Angeles Dodgers,Chicago Cubs,1,0,16
778345,2025-04-12,Chicago Cubs,Los Angeles Dodgers,0,16,0
778341,2025-04-12,Seattle Mariners,Texas Rangers,1,9,2
778341,2025-04-12,Texas Rangers,Seattle Mariners,0,2,9
778344,2025-04-13,Baltimore Orioles,Toronto Blue Jays,1,6,7
778344,2025-04-13,Toronto Blue Jays,Baltimore Orioles,0,7,6
778339,2025-04-13,New York Yankees,San Francisco Giants,1,4,5
778339,2025-04-13,San Francisco Giants,New York Yankees,0,5,4
778342,2025-04-13,Cleveland Guardians,Kansas City Royals,1,2,4
778342,2025-04-13,Kansas City Royals,Cleveland Guardians,0,4,2
778343,2025-04-13,Cincinnati Reds,Pittsburgh Pirates,1,4,0
778343,2025-04-13,Pittsburgh Pirates,Cincinnati Reds,0,0,4
778340,2025-04-13,Tampa Bay Rays,Atlanta Braves,1,8,3
778340,2025-04-13,Atlanta Braves,Tampa Bay Rays,0,3,8
778337,2025-04-13,Miami Marlins,Washington Nationals,1,11,4
778337,2025-04-13,Washington Nationals,Miami Marlins,0,4,11
778329,2025-04-13,Houston Astros,Los Angeles Angels,1,7,3
778329,2025-04-13,Los Angeles Angels,Houston Astros,0,3,7
778335,2025-04-13,Minnesota Twins,Detroit Tigers,1,5,1
778335,2025-04-13,Detroit Tigers,Minnesota Twins,0,1,5
778338,2025-04-13,Chicago White Sox,Boston Red Sox,1,1,3
778338,2025-04-13,Boston Red Sox,Chicago White Sox,0,3,1
778336,2025-04-13,St. Louis Cardinals,Philadelphia Phillies,1,7,0
778336,2025-04-13,Philadelphia Phillies,St. Louis Cardinals,0,0,7
778333,2025-04-13,Athletics,New York Mets,1,0,8
778333,2025-04-13,New York Mets,Athletics,0,8,0
778330,2025-04-13,San Diego Padres,Colorado Rockies,1,6,0
778330,2025-04-13,Colorado Rockies,San Diego Padres,0,0,6
778334,2025-04-13,Seattle Mariners,Texas Rangers,1,3,1
778334,2025-04-13,Texas Rangers,Seattle Mariners,0,1,3
778332,2025-04-13,Arizona Diamondbacks,Milwaukee Brewers,1,5,2
778332,2025-04-13,Milwaukee Brewers,Arizona Diamondbacks,0,2,5
778331,2025-04-13,Los Angeles Dodgers,Chicago Cubs,1,2,4
778331,2025-04-13,Chicago Cubs,Los Angeles Dodgers,0,4,2
778321,2025-04-14,Pittsburgh Pirates,Washington Nationals,1,10,3
778321,2025-04-14,Washington Nationals,Pittsburgh Pirates,0,3,10
778320,2025-04-14,Philadelphia Phillies,San Francisco Giants,1,4,10
778320,2025-04-14,San Francisco Giants,Philadelphia Phillies,0,10,4
778328,2025-04-14,Tampa Bay Rays,Boston Red Sox,1,16,1
778328,2025-04-14,Boston Red Sox,Tampa Bay Rays,0,1,16
778327,2025-04-14,New York Yankees,Kansas City Royals,1,4,1
778327,2025-04-14,Kansas City Royals,New York Yankees,0,1,4
778322,2025-04-14,Toronto Blue Jays,Atlanta Braves,1,4,8
778322,2025-04-14,Atlanta Braves,Toronto Blue Jays,0,8,4
778324,2025-04-14,Minnesota Twins,New York Mets,1,1,5
778324,2025-04-14,New York Mets,Minnesota Twins,0,5,1
778323,2025-04-14,Milwaukee Brewers,Detroit Tigers,1,1,9
778323,2025-04-14,Detroit Tigers,Milwaukee Brewers,0,9,1
778325,2025-04-14,St. Louis Cardinals,Houston Astros,1,8,3
778325,2025-04-14,Houston Astros,St. Louis Cardinals,0,3,8
778315,2025-04-14,San Diego Padres,Chicago Cubs,1,10,4
778315,2025-04-14,Chicago Cubs,San Diego Padres,0,4,10
778326,2025-04-14,Los Angeles Dodgers,Colorado Rockies,1,5,3
778326,2025-04-14,Colorado Rockies,Los Angeles Dodgers,0,3,5
778314,2025-04-15,Pittsburgh Pirates,Washington Nationals,1,0,3
778314,2025-04-15,Washington Nationals,Pittsburgh Pirates,0,3,0
778316,2025-04-15,Cincinnati Reds,Seattle Mariners,1,8,4
778316,2025-04-15,Seattle Mariners,Cincinnati Reds,0,4,8
778318,2025-04-15,Miami Marlins,Arizona Diamondbacks,1,4,10
778318,2025-04-15,Arizona Diamondbacks,Miami Marlins,0,10,4
778313,2025-04-15,Philadelphia Phillies,San Francisco Giants,1,6,4
778313,2025-04-15,San Francisco Giants,Philadelphia Phillies,0,4,6
778317,2025-04-15,Baltimore Orioles,Cleveland Guardians,1,3,6
778317,2025-04-15,Cleveland Guardians,Baltimore Orioles,0,6,3
778319,2025-04-15,Tampa Bay Rays,Boston Red Sox,1,4,7
778319,2025-04-15,Boston Red Sox,Tampa Bay Rays,0,7,4
778312,2025-04-15,New York Yankees,Kansas City Royals,1,4,2
778312,2025-04-15,Kansas City Royals,New York Yankees,0,2,4
778311,2025-04-15,Toronto Blue Jays,Atlanta Braves,1,6,3
778311,2025-04-15,Atlanta Braves,Toronto Blue Jays,0,3,6
778307,2025-04-15,Minnesota Twins,New York Mets,1,6,3
778307,2025-04-15,New York Mets,Minnesota Twins,0,3,6
778309,2025-04-15,Chicago White Sox,Athletics,1,3,12
778309,2025-04-15,Athletics,Chicago White Sox,0,12,3
778310,2025-04-15,Milwaukee Brewers,Detroit Tigers,1,5,0
778310,2025-04-15,Detroit Tigers,Milwaukee Brewers,0,0,5
778308,2025-04-15,St. Louis Cardinals,Houston Astros,1,0,2
778308,2025-04-15,Houston Astros,St. Louis Cardinals,0,2,0
778306,2025-04-15,Texas Rangers,Los Angeles Angels,1,4,0
778306,2025-04-15,Los Angeles Angels,Texas Rangers,0,0,4
778305,2025-04-15,San Diego Padres,Chicago Cubs,1,1,2
778305,2025-04-15,Chicago Cubs,San Diego Padres,0,2,1
778302,2025-04-15,Los Angeles Dodgers,Colorado Rockies,1,6,2
778302,2025-04-15,Colorado Rockies,Los Angeles Dodgers,0,2,6
778297,2025-04-16,Toronto Blue Jays,Atlanta Braves,1,3,1
778297,2025-04-16,Atlanta Braves,Toronto Blue Jays,0,1,3
778299,2025-04-16,Minnesota Twins,New York Mets,1,4,3
778299,2025-04-16,New York Mets,Minnesota Twins,0,3,4
778295,2025-04-16,Milwaukee Brewers,Detroit Tigers,1,5,1
778295,2025-04-16,Detroit Tigers,Milwaukee Brewers,0,1,5
778290,2025-04-16,St. Louis Cardinals,Houston Astros,1,4,1
778290,2025-04-16,Houston Astros,St. Louis Cardinals,0,1,4
778288,2025-04-16,San Diego Padres,Chicago Cubs,1,4,2
778288,2025-04-16,Chicago Cubs,San Diego Padres,0,2,4
778301,2025-04-16,Baltimore Orioles,Cleveland Guardians,1,9,1
778301,2025-04-16,Cleveland Guardians,Baltimore Orioles,0,1,9
778293,2025-04-16,Pittsburgh Pirates,Washington Nationals,1,6,1
778293,2025-04-16,Washington Nationals,Pittsburgh Pirates,0,1,6
778304,2025-04-16,Cincinnati Reds,Seattle Mariners,1,3,5
778304,2025-04-16,Seattle Mariners,Cincinnati Reds,0,5,3
778303,2025-04-16,Miami Marlins,Arizona Diamondbacks,1,2,6
778303,2025-04-16,Arizona Diamondbacks,Miami Marlins,0,6,2
778296,2025-04-16,Philadelphia Phillies,San Francisco Giants,1,4,11
778296,2025-04-16,San Francisco Giants,Philadelphia Phillies,0,11,4
778298,2025-04-16,Tampa Bay Rays,Boston Red Sox,1,0,1
778298,2025-04-16,Boston Red Sox,Tampa Bay Rays,0,1,0
778300,2025-04-16,New York Yankees,Kansas City Royals,1,4,3
778300,2025-04-16,Kansas City Royals,New York Yankees,0,3,4
778294,2025-04-16,Chicago White Sox,Athletics,1,1,3
778294,2025-04-16,Athletics,Chicago White Sox,0,3,1
778289,2025-04-16,Texas Rangers,Los Angeles Angels,1,3,1
778289,2025-04-16,Los Angeles Angels,Texas Rangers,0,1,3
778287,2025-04-16,Los Angeles Dodgers,Colorado Rockies,1,8,7
778287,2025-04-16,Colorado Rockies,Los Angeles Dodgers,0,7,8
778291,2025-04-17,Miami Marlins,Arizona Diamondbacks,1,4,6
778291,2025-04-17,Arizona Diamondbacks,Miami Marlins,0,6,4
778280,2025-04-17,Pittsburgh Pirates,Washington Nationals,1,1,0
778280,2025-04-17,Washington Nationals,Pittsburgh Pirates,0,0,1
778285,2025-04-17,Cincinnati Reds,Seattle Mariners,1,7,11
778285,2025-04-17,Seattle Mariners,Cincinnati Reds,0,11,7
778283,2025-04-17,Chicago White Sox,Athletics,1,0,8
778283,2025-04-17,Athletics,Chicago White Sox,0,8,0
778279,2025-04-17,Philadelphia Phillies,San Francisco Giants,1,6,4
778279,2025-04-17,San Francisco Giants,Philadelphia Phillies,0,4,6
778292,2025-04-17,Baltimore Orioles,Cleveland Guardians,1,6,2
778292,2025-04-17,Cleveland Guardians,Baltimore Orioles,0,2,6
778286,2025-04-17,Detroit Tigers,Kansas City Royals,1,6,1
778286,2025-04-17,Kansas City Royals,Detroit Tigers,0,1,6
778282,2025-04-17,Tampa Bay Rays,New York Yankees,1,3,6
778282,2025-04-17,New York Yankees,Tampa Bay Rays,0,6,3
778278,2025-04-17,New York Mets,St. Louis Cardinals,1,4,1
778278,2025-04-17,St. Louis Cardinals,New York Mets,0,1,4
778281,2025-04-17,Texas Rangers,Los Angeles Angels,1,5,3
778281,2025-04-17,Los Angeles Angels,Texas Rangers,0,3,5
778268,2025-04-18,Chicago Cubs,Arizona Diamondbacks,1,13,11
778268,2025-04-18,Arizona Diamondbacks,Chicago Cubs,0,11,13
778277,2025-04-18,Detroit Tigers,Kansas City Royals,1,7,3
778277,2025-04-18,Kansas City Royals,Detroit Tigers,0,3,7
778271,2025-04-18,Pittsburgh Pirates,Cleveland Guardians,1,7,10
778271,2025-04-18,Cleveland Guardians,Pittsburgh Pirates,0,10,7
778274,2025-04-18,Philadelphia Phillies,Miami Marlins,1,7,2
778274,2025-04-18,Miami Marlins,Philadelphia Phillies,0,2,7
778276,2025-04-18,Baltimore Orioles,Cincinnati Reds,1,3,8
778276,2025-04-18,Cincinnati Reds,Baltimore Orioles,0,8,3
778272,2025-04-18,Tampa Bay Rays,New York Yankees,1,0,1
778272,2025-04-18,New York Yankees,Tampa Bay Rays,0,1,0
778273,2025-04-18,Toronto Blue Jays,Seattle Mariners,1,3,1
778273,2025-04-18,Seattle Mariners,Toronto Blue Jays,0,1,3
778270,2025-04-18,New York Mets,St. Louis Cardinals,1,5,4
778270,2025-04-18,St. Louis Cardinals,New York Mets,0,4,5
778275,2025-04-18,Boston Red Sox,Chicago White Sox,1,10,3
778275,2025-04-18,Chicago White Sox,Boston Red Sox,0,3,10
778284,2025-04-18,Atlanta Braves,Minnesota Twins,1,6,4
778284,2025-04-18,Minnesota Twins,Atlanta Braves,0,4,6
778263,2025-04-18,Texas Rangers,Los Angeles Dodgers,1,0,3
778263,2025-04-18,Los Angeles Dodgers,Texas Rangers,0,3,0
778269,2025-04-18,Houston Astros,San Diego Padres,1,6,4
778269,2025-04-18,San Diego Padres,Houston Astros,0,4,6
778261,2025-04-18,Milwaukee Brewers,Athletics,1,5,3
778261,2025-04-18,Athletics,Milwaukee Brewers,0,3,5
778260,2025-04-18,Los Angeles Angels,San Francisco Giants,1,2,0
778260,2025-04-18,San Francisco Giants,Los Angeles Angels,0,0,2
778252,2025-04-19,Philadelphia Phillies,Miami Marlins,1,11,10
778252,2025-04-19,Miami Marlins,Philadelphia Phillies,0,10,11
778265,2025-04-19,Detroit Tigers,Kansas City Royals,1,3,1
778265,2025-04-19,Kansas City Royals,Detroit Tigers,0,1,3
778257,2025-04-19,Chicago Cubs,Arizona Diamondbacks,1,6,2
778257,2025-04-19,Arizona Diamondbacks,Chicago Cubs,0,2,6
778258,2025-04-19,Toronto Blue Jays,Seattle Mariners,1,4,8
778258,2025-04-19,Seattle Mariners,Toronto Blue Jays,0,8,4
778262,2025-04-19,Baltimore Orioles,Cincinnati Reds,1,9,5
778262,2025-04-19,Cincinnati Reds,Baltimore Orioles,0,5,9
778254,2025-04-19,Pittsburgh Pirates,Cleveland Guardians,1,0,3
778254,2025-04-19,Cleveland Guardians,Pittsburgh Pirates,0,3,0
778256,2025-04-19,New York Mets,St. Louis Cardinals,1,3,0
778256,2025-04-19,St. Louis Cardinals,New York Mets,0,0,3
778251,2025-04-19,Texas Rangers,Los Angeles Dodgers,1,4,3
778251,2025-04-19,Los Angeles Dodgers,Texas Rangers,0,3,4
778247,2025-04-19,Colorado Rockies,Washington Nationals,1,11,12
778247,2025-04-19,Washington Nationals,Colorado Rockies,0,12,11
778264,2025-04-19,Boston Red Sox,Chicago White Sox,1,4,3
778264,2025-04-19,Chicago White Sox,Boston Red Sox,0,3,4
778255,2025-04-19,Tampa Bay Rays,New York Yankees,1,10,8
778255,2025-04-19,New York Yankees,Tampa Bay Rays,0,8,10
778259,2025-04-19,Houston Astros,San Diego Padres,1,3,2
778259,2025-04-19,San Diego Padres,Houston Astros,0,2,3
778253,2025-04-19,Milwaukee Brewers,Athletics,1,1,3
778253,2025-04-19,Athletics,Milwaukee Brewers,0,3,1
778267,2025-04-19,Atlanta Braves,Minnesota Twins,1,4,3
778267,2025-04-19,Minnesota Twins,Atlanta Braves,0,3,4
778243,2025-04-19,Los Angeles Angels,San Francisco Giants,1,2,3
778243,2025-04-19,San Francisco Giants,Los Angeles Angels,0,3,2
778250,2025-04-20,Baltimore Orioles,Cincinnati Reds,1,2,24
778250,2025-04-20,Cincinnati Reds,Baltimore Orioles,0,24,2
778242,2025-04-20,Pittsburgh Pirates,Cleveland Guardians,1,4,5
778242,2025-04-20,Cleveland Guardians,Pittsburgh Pirates,0,5,4
778249,2025-04-20,Atlanta Braves,Minnesota Twins,1,6,2
778249,2025-04-20,Minnesota Twins,Atlanta Braves,0,2,6
778245,2025-04-20,Boston Red Sox,Chicago White Sox,1,4,8
778245,2025-04-20,Chicago White Sox,Boston Red Sox,0,8,4
778248,2025-04-20,Philadelphia Phillies,Miami Marlins,1,5,7
778248,2025-04-20,Miami Marlins,Philadelphia Phillies,0,7,5
778241,2025-04-20,Toronto Blue Jays,Seattle Mariners,1,3,8
778241,2025-04-20,Seattle Mariners,Toronto Blue Jays,0,8,3
778246,2025-04-20,Detroit Tigers,Kansas City Royals,1,3,4
778246,2025-04-20,Kansas City Royals,Detroit Tigers,0,4,3
778244,2025-04-20,New York Mets,St. Louis Cardinals,1,7,4
778244,2025-04-20,St. Louis Cardinals,New York Mets,0,4,7
778240,2025-04-20,Tampa Bay Rays,New York Yankees,1,0,4
778240,2025-04-20,New York Yankees,Tampa Bay Rays,0,4,0
778239,2025-04-20,Milwaukee Brewers,Athletics,1,14,1
778239,2025-04-20,Athletics,Milwaukee Brewers,0,1,14
778236,2025-04-20,Chicago Cubs,Arizona Diamondbacks,1,2,3
778236,2025-04-20,Arizona Diamondbacks,Chicago Cubs,0,3,2
778234,2025-04-20,Texas Rangers,Los Angeles Dodgers,1,0,1
778234,2025-04-20,Los Angeles Dodgers,Texas Rangers,0,1,0
778235,2025-04-20,Colorado Rockies,Washington Nationals,1,2,3
778235,2025-04-20,Washington Nationals,Colorado Rockies,0,3,2
778266,2025-04-20,Colorado Rockies,Washington Nationals,1,3,1
778266,2025-04-20,Washington Nationals,Colorado Rockies,0,1,3
778232,2025-04-20,Los Angeles Angels,San Francisco Giants,1,5,4
778232,2025-04-20,San Francisco Giants,Los Angeles Angels,0,4,5
778237,2025-04-20,Houston Astros,San Diego Padres,1,2,3
778237,2025-04-20,San Diego Padres,Houston Astros,0,3,2
778238,2025-04-21,Boston Red Sox,Chicago White Sox,1,4,2
778238,2025-04-21,Chicago White Sox,Boston Red Sox,0,2,4
778227,2025-04-21,Cleveland Guardians,New York Yankees,1,6,4
778227,2025-04-21,New York Yankees,Cleveland Guardians,0,4,6
778228,2025-04-21,Detroit Tigers,San Diego Padres,1,6,4
778228,2025-04-21,San Diego Padres,Detroit Tigers,0,4,6
778230,2025-04-21,Miami Marlins,Cincinnati Reds,1,6,3
778230,2025-04-21,Cincinnati Reds,Miami Marlins,0,3,6
778225,2025-04-21,New York Mets,Philadelphia Phillies,1,5,4
778225,2025-04-21,Philadelphia Phillies,New York Mets,0,4,5
778233,2025-04-21,Atlanta Braves,St. Louis Cardinals,1,7,6
778233,2025-04-21,St. Louis Cardinals,Atlanta Braves,0,6,7
778231,2025-04-21,Houston Astros,Toronto Blue Jays,1,7,0
778231,2025-04-21,Toronto Blue Jays,Houston Astros,0,0,7
778226,2025-04-21,San Francisco Giants,Milwaukee Brewers,1,5,2
778226,2025-04-21,Milwaukee Brewers,San Francisco Giants,0,2,5
778218,2025-04-22,Cleveland Guardians,New York Yankees,1,3,2
778218,2025-04-22,New York Yankees,Cleveland Guardians,0,2,3
778221,2025-04-22,Detroit Tigers,San Diego Padres,1,0,2
778221,2025-04-22,San Diego Padres,Detroit Tigers,0,2,0
778219,2025-04-22,Miami Marlins,Cincinnati Reds,1,4,3
778219,2025-04-22,Cincinnati Reds,Miami Marlins,0,3,4
778222,2025-04-22,Washington Nationals,Baltimore Orioles,1,7,0
778222,2025-04-22,Baltimore Orioles,Washington Nationals,0,0,7
778224,2025-04-22,Boston Red Sox,Seattle Mariners,1,8,3
778224,2025-04-22,Seattle Mariners,Boston Red Sox,0,3,8
778223,2025-04-22,New York Mets,Philadelphia Phillies,1,5,1
778223,2025-04-22,Philadelphia Phillies,New York Mets,0,1,5
778229,2025-04-22,Atlanta Braves,St. Louis Cardinals,1,4,10
778229,2025-04-22,St. Louis Cardinals,Atlanta Braves,0,10,4
778215,2025-04-22,Kansas City Royals,Colorado Rockies,1,4,3
778215,2025-04-22,Colorado Rockies,Kansas City Royals,0,3,4
778220,2025-04-22,Chicago Cubs,Los Angeles Dodgers,1,11,10
778220,2025-04-22,Los Angeles Dodgers,Chicago Cubs,0,10,11
778216,2025-04-22,Minnesota Twins,Chicago White Sox,1,4,2
778216,2025-04-22,Chicago White Sox,Minnesota Twins,0,2,4
778217,2025-04-22,Houston Astros,Toronto Blue Jays,1,5,1
778217,2025-04-22,Toronto Blue Jays,Houston Astros,0,1,5
778211,2025-04-22,Los Angeles Angels,Pittsburgh Pirates,1,3,9
778211,2025-04-22,Pittsburgh Pirates,Los Angeles Angels,0,9,3
778212,2025-04-22,Arizona Diamondbacks,Tampa Bay Rays,1,5,1
778212,2025-04-22,Tampa Bay Rays,Arizona Diamondbacks,0,1,5
778210,2025-04-22,San Francisco Giants,Milwaukee Brewers,1,3,11
778210,2025-04-22,Milwaukee Brewers,San Francisco Giants,0,11,3
778213,2025-04-22,Athletics,Texas Rangers,1,5,8
778213,2025-04-22,Texas Rangers,Athletics,0,8,5
778214,2025-04-23,Atlanta Braves,St. Louis Cardinals,1,4,1
778214,2025-04-23,St. Louis Cardinals,Atlanta Braves,0,1,4
778209,2025-04-23,Detroit Tigers,San Diego Padres,1,6,0
778209,2025-04-23,San Diego Padres,Detroit Tigers,0,0,6
778203,2025-04-23,New York Mets,Philadelphia Phillies,1,4,3
778203,2025-04-23,Philadelphia Phillies,New York Mets,0,3,4
778208,2025-04-23,Miami Marlins,Cincinnati Reds,1,2,5
778208,2025-04-23,Cincinnati Reds,Miami Marlins,0,5,2
778206,2025-04-23,Cleveland Guardians,New York Yankees,1,1,5
778206,2025-04-23,New York Yankees,Cleveland Guardians,0,5,1
778204,2025-04-23,Washington Nationals,Baltimore Orioles,1,4,3
778204,2025-04-23,Baltimore Orioles,Washington Nationals,0,3,4
778207,2025-04-23,Boston Red Sox,Seattle Mariners,1,5,8
778207,2025-04-23,Seattle Mariners,Boston Red Sox,0,8,5
778205,2025-04-23,Chicago Cubs,Los Angeles Dodgers,1,7,6
778205,2025-04-23,Los Angeles Dodgers,Chicago Cubs,0,6,7
778200,2025-04-23,Houston Astros,Toronto Blue Jays,1,3,1
778200,2025-04-23,Toronto Blue Jays,Houston Astros,0,1,3
778201,2025-04-23,Minnesota Twins,Chicago White Sox,1,6,3
778201,2025-04-23,Chicago White Sox,Minnesota Twins,0,3,6
778202,2025-04-23,Los Angeles Angels,Pittsburgh Pirates,1,0,3
778202,2025-04-23,Pittsburgh Pirates,Los Angeles Angels,0,3,0
778199,2025-04-23,Arizona Diamondbacks,Tampa Bay Rays,1,6,7
778199,2025-04-23,Tampa Bay Rays,Arizona Diamondbacks,0,7,6
778198,2025-04-23,San Francisco Giants,Milwaukee Brewers,1,4,2
778198,2025-04-23,Milwaukee Brewers,San Francisco Giants,0,2,4
778197,2025-04-23,Athletics,Texas Rangers,1,5,2
778197,2025-04-23,Texas Rangers,Athletics,0,2,5
778189,2025-04-24,Minnesota Twins,Chicago White Sox,1,0,3
778189,2025-04-24,Chicago White Sox,Minnesota Twins,0,3,0
778196,2025-04-24,Boston Red Sox,Seattle Mariners,1,3,4
778196,2025-04-24,Seattle Mariners,Boston Red Sox,0,4,3
778190,2025-04-24,Kansas City Royals,Colorado Rockies,1,7,4
778190,2025-04-24,Colorado Rockies,Kansas City Royals,0,4,7
778195,2025-04-24,Kansas City Royals,Colorado Rockies,1,6,2
778195,2025-04-24,Colorado Rockies,Kansas City Royals,0,2,6
778194,2025-04-24,San Francisco Giants,Milwaukee Brewers,1,6,5
778194,2025-04-24,Milwaukee Brewers,San Francisco Giants,0,5,6
778193,2025-04-24,Washington Nationals,Baltimore Orioles,1,1,2
778193,2025-04-24,Baltimore Orioles,Washington Nationals,0,2,1
778191,2025-04-24,Los Angeles Angels,Pittsburgh Pirates,1,4,3
778191,2025-04-24,Pittsburgh Pirates,Los Angeles Angels,0,3,4
778188,2025-04-24,Arizona Diamondbacks,Tampa Bay Rays,1,4,7
778188,2025-04-24,Tampa Bay Rays,Arizona Diamondbacks,0,7,4
778192,2025-04-24,Athletics,Texas Rangers,1,4,3
778192,2025-04-24,Texas Rangers,Athletics,0,3,4
778182,2025-04-25,Chicago Cubs,Philadelphia Phillies,1,4,0
778182,2025-04-25,Philadelphia Phillies,Chicago Cubs,0,0,4
778183,2025-04-25,Washington Nationals,New York Mets,1,5,4
778183,2025-04-25,New York Mets,Washington Nationals,0,4,5
778185,2025-04-25,New York Yankees,Toronto Blue Jays,1,2,4
778185,2025-04-25,Toronto Blue Jays,New York Yankees,0,4,2
778187,2025-04-25,Kansas City Royals,Houston Astros,1,2,0
778187,2025-04-25,Houston Astros,Kansas City Royals,0,0,2
778186,2025-04-25,Minnesota Twins,Los Angeles Angels,1,11,4
778186,2025-04-25,Los Angeles Angels,Minnesota Twins,0,4,11
778184,2025-04-25,St. Louis Cardinals,Milwaukee Brewers,1,3,2
778184,2025-04-25,Milwaukee Brewers,St. Louis Cardinals,0,2,3
778181,2025-04-25,Colorado Rockies,Cincinnati Reds,1,7,8
778181,2025-04-25,Cincinnati Reds,Colorado Rockies,0,8,7
778172,2025-04-25,San Diego Padres,Tampa Bay Rays,1,0,1
778172,2025-04-25,Tampa Bay Rays,San Diego Padres,0,1,0
778177,2025-04-25,Arizona Diamondbacks,Atlanta Braves,1,2,8
778177,2025-04-25,Atlanta Braves,Arizona Diamondbacks,0,8,2
778175,2025-04-25,Seattle Mariners,Miami Marlins,1,4,8
778175,2025-04-25,Miami Marlins,Seattle Mariners,0,8,4
778178,2025-04-25,Athletics,Chicago White Sox,1,6,5
778178,2025-04-25,Chicago White Sox,Athletics,0,5,6
778176,2025-04-25,Los Angeles Dodgers,Pittsburgh Pirates,1,0,3
778176,2025-04-25,Pittsburgh Pirates,Los Angeles Dodgers,0,3,0
778171,2025-04-25,San Francisco Giants,Texas Rangers,1,0,2
778171,2025-04-25,Texas Rangers,San Francisco Giants,0,2,0
778179,2025-04-26,Cleveland Guardians,Boston Red Sox,1,5,4
778179,2025-04-26,Boston Red Sox,Cleveland Guardians,0,4,5
778169,2025-04-26,Cleveland Guardians,Boston Red Sox,1,3,7
778169,2025-04-26,Boston Red Sox,Cleveland Guardians,0,7,3
778168,2025-04-26,Detroit Tigers,Baltimore Orioles,1,4,3
778168,2025-04-26,Baltimore Orioles,Detroit Tigers,0,3,4
778180,2025-04-26,Detroit Tigers,Baltimore Orioles,1,6,2
778180,2025-04-26,Baltimore Orioles,Detroit Tigers,0,2,6
778166,2025-04-26,Minnesota Twins,Los Angeles Angels,1,5,1
778166,2025-04-26,Los Angeles Angels,Minnesota Twins,0,1,5
778164,2025-04-26,St. Louis Cardinals,Milwaukee Brewers,1,6,5
778164,2025-04-26,Milwaukee Brewers,St. Louis Cardinals,0,5,6
778161,2025-04-26,Colorado Rockies,Cincinnati Reds,1,4,6
778161,2025-04-26,Cincinnati Reds,Colorado Rockies,0,6,4
778173,2025-04-26,Washington Nationals,New York Mets,1,0,2
778173,2025-04-26,New York Mets,Washington Nationals,0,2,0
778159,2025-04-26,San Francisco Giants,Texas Rangers,1,3,2
778159,2025-04-26,Texas Rangers,San Francisco Giants,0,2,3
778174,2025-04-26,Chicago Cubs,Philadelphia Phillies,1,4,10
778174,2025-04-26,Philadelphia Phillies,Chicago Cubs,0,10,4
778165,2025-04-26,Athletics,Chicago White Sox,1,3,10
778165,2025-04-26,Chicago White Sox,Athletics,0,10,3
778167,2025-04-26,Kansas City Royals,Houston Astros,1,2,0
778167,2025-04-26,Houston Astros,Kansas City Royals,0,0,2
778162,2025-04-26,Arizona Diamondbacks,Atlanta Braves,1,7,8
778162,2025-04-26,Atlanta Braves,Arizona Diamondbacks,0,8,7
778160,2025-04-26,San Diego Padres,Tampa Bay Rays,1,1,4
778160,2025-04-26,Tampa Bay Rays,San Diego Padres,0,4,1
778163,2025-04-26,Los Angeles Dodgers,Pittsburgh Pirates,1,8,4
778163,2025-04-26,Pittsburgh Pirates,Los Angeles Dodgers,0,4,8
778154,2025-04-26,Seattle Mariners,Miami Marlins,1,14,0
778154,2025-04-26,Miami Marlins,Seattle Mariners,0,0,14
778153,2025-04-27,Washington Nationals,New York Mets,1,8,7
778153,2025-04-27,New York Mets,Washington Nationals,0,7,8
778156,2025-04-27,New York Yankees,Toronto Blue Jays,1,11,2
778156,2025-04-27,Toronto Blue Jays,New York Yankees,0,2,11
778170,2025-04-27,New York Yankees,Toronto Blue Jays,1,5,1
778170,2025-04-27,Toronto Blue Jays,New York Yankees,0,1,5
778157,2025-04-27,Cleveland Guardians,Boston Red Sox,1,3,13
778157,2025-04-27,Boston Red Sox,Cleveland Guardians,0,13,3
778155,2025-04-27,Detroit Tigers,Baltimore Orioles,1,7,0
778155,2025-04-27,Baltimore Orioles,Detroit Tigers,0,0,7
778144,2025-04-27,Minnesota Twins,Los Angeles Angels,1,5,0
778144,2025-04-27,Los Angeles Angels,Minnesota Twins,0,0,5
778152,2025-04-27,Kansas City Royals,Houston Astros,1,3,7
778152,2025-04-27,Houston Astros,Kansas City Royals,0,7,3
778150,2025-04-27,St. Louis Cardinals,Milwaukee Brewers,1,1,7
778150,2025-04-27,Milwaukee Brewers,St. Louis Cardinals,0,7,1
778148,2025-04-27,Colorado Rockies,Cincinnati Reds,1,1,8
778148,2025-04-27,Cincinnati Reds,Colorado Rockies,0,8,1
778151,2025-04-27,San Francisco Giants,Texas Rangers,1,3,2
778151,2025-04-27,Texas Rangers,San Francisco Giants,0,2,3
778149,2025-04-27,Athletics,Chicago White Sox,1,3,2
778149,2025-04-27,Chicago White Sox,Athletics,0,2,3
778145,2025-04-27,Los Angeles Dodgers,Pittsburgh Pirates,1,9,2
778145,2025-04-27,Pittsburgh Pirates,Los Angeles Dodgers,0,2,9
778146,2025-04-27,San Diego Padres,Tampa Bay Rays,1,2,4
778146,2025-04-27,Tampa Bay Rays,San Diego Padres,0,4,2
778147,2025-04-27,Arizona Diamondbacks,Atlanta Braves,1,6,4
778147,2025-04-27,Atlanta Braves,Arizona Diamondbacks,0,4,6
778136,2025-04-27,Seattle Mariners,Miami Marlins,1,7,6
778136,2025-04-27,Miami Marlins,Seattle Mariners,0,6,7
778158,2025-04-27,Chicago Cubs,Philadelphia Phillies,1,1,3
778158,2025-04-27,Philadelphia Phillies,Chicago Cubs,0,3,1
778138,2025-04-28,Washington Nationals,New York Mets,1,5,19
778138,2025-04-28,New York Mets,Washington Nationals,0,19,5
778139,2025-04-28,Cleveland Guardians,Minnesota Twins,1,1,11
778139,2025-04-28,Minnesota Twins,Cleveland Guardians,0,11,1
778140,2025-04-28,Baltimore Orioles,New York Yankees,1,4,3
778140,2025-04-28,New York Yankees,Baltimore Orioles,0,3,4
778141,2025-04-28,Cincinnati Reds,St. Louis Cardinals,1,3,1
778141,2025-04-28,St. Louis Cardinals,Cincinnati Reds,0,1,3
778143,2025-04-28,Texas Rangers,Athletics,1,1,2
778143,2025-04-28,Athletics,Texas Rangers,0,2,1
778142,2025-04-28,Houston Astros,Detroit Tigers,1,8,5
778142,2025-04-28,Detroit Tigers,Houston Astros,0,5,8
778137,2025-04-28,Colorado Rockies,Atlanta Braves,1,3,6
778137,2025-04-28,Atlanta Braves,Colorado Rockies,0,6,3
778132,2025-04-28,Los Angeles Dodgers,Miami Marlins,1,7,6
778132,2025-04-28,Miami Marlins,Los Angeles Dodgers,0,6,7
778129,2025-04-29,Cleveland Guardians,Minnesota Twins,1,2,1
778129,2025-04-29,Minnesota Twins,Cleveland Guardians,0,1,2
778133,2025-04-29,Baltimore Orioles,New York Yankees,1,3,15
778133,2025-04-29,New York Yankees,Baltimore Orioles,0,15,3
778135,2025-04-29,Pittsburgh Pirates,Chicago Cubs,1,0,9
778135,2025-04-29,Chicago Cubs,Pittsburgh Pirates,0,9,0
778131,2025-04-29,Philadelphia Phillies,Washington Nationals,1,7,6
778131,2025-04-29,Washington Nationals,Philadelphia Phillies,0,6,7
778128,2025-04-29,Tampa Bay Rays,Kansas City Royals,1,1,3
778128,2025-04-29,Kansas City Royals,Tampa Bay Rays,0,3,1
778127,2025-04-29,Toronto Blue Jays,Boston Red Sox,1,2,10
778127,2025-04-29,Boston Red Sox,Toronto Blue Jays,0,10,2
778130,2025-04-29,New York Mets,Arizona Diamondbacks,1,8,3
778130,2025-04-29,Arizona Diamondbacks,New York Mets,0,3,8
778125,2025-04-29,Chicago White Sox,Milwaukee Brewers,1,2,7
778125,2025-04-29,Milwaukee Brewers,Chicago White Sox,0,7,2
778122,2025-04-29,Texas Rangers,Athletics,1,15,2
778122,2025-04-29,Athletics,Texas Rangers,0,2,15
778124,2025-04-29,Houston Astros,Detroit Tigers,1,6,4
778124,2025-04-29,Detroit Tigers,Houston Astros,0,4,6
778120,2025-04-29,Colorado Rockies,Atlanta Braves,1,2,8
778120,2025-04-29,Atlanta Braves,Colorado Rockies,0,8,2
778121,2025-04-29,Seattle Mariners,Los Angeles Angels,1,5,3
778121,2025-04-29,Los Angeles Angels,Seattle Mariners,0,3,5
778126,2025-04-29,San Diego Padres,San Francisco Giants,1,7,4
778126,2025-04-29,San Francisco Giants,San Diego Padres,0,4,7
778123,2025-04-29,Los Angeles Dodgers,Miami Marlins,1,15,2
778123,2025-04-29,Miami Marlins,Los Angeles Dodgers,0,2,15
778134,2025-04-30,Cincinnati Reds,St. Louis Cardinals,1,0,6
778134,2025-04-30,St. Louis Cardinals,Cincinnati Reds,0,6,0
778119,2025-04-30,Cincinnati Reds,St. Louis Cardinals,1,1,9
778119,2025-04-30,St. Louis Cardinals,Cincinnati Reds,0,9,1
778110,2025-04-30,Houston Astros,Detroit Tigers,1,4,7
778110,2025-04-30,Detroit Tigers,Houston Astros,0,7,4
778102,2025-04-30,Colorado Rockies,Atlanta Braves,1,2,1
778102,2025-04-30,Atlanta Braves,Colorado Rockies,0,1,2
778109,2025-04-30,Los Angeles Dodgers,Miami Marlins,1,12,7
778109,2025-04-30,Miami Marlins,Los Angeles Dodgers,0,7,12
778104,2025-04-30,Seattle Mariners,Los Angeles Angels,1,9,3
778104,2025-04-30,Los Angeles Angels,Seattle Mariners,0,3,9
778105,2025-04-30,San Diego Padres,San Francisco Giants,1,5,3
778105,2025-04-30,San Francisco Giants,San Diego Padres,0,3,5
778116,2025-04-30,Cleveland Guardians,Minnesota Twins,1,4,2
778116,2025-04-30,Minnesota Twins,Cleveland Guardians,0,2,4
778115,2025-04-30,Baltimore Orioles,New York Yankees,1,5,4
778115,2025-04-30,New York Yankees,Baltimore Orioles,0,4,5
778112,2025-04-30,Pittsburgh Pirates,Chicago Cubs,1,4,3
778112,2025-04-30,Chicago Cubs,Pittsburgh Pirates,0,3,4
778118,2025-04-30,Philadelphia Phillies,Washington Nationals,1,7,2
778118,2025-04-30,Washington Nationals,Philadelphia Phillies,0,2,7
778113,2025-04-30,Tampa Bay Rays,Kansas City Royals,1,0,3
778113,2025-04-30,Kansas City Royals,Tampa Bay Rays,0,3,0
778114,2025-04-30,Toronto Blue Jays,Boston Red Sox,1,7,6
778114,2025-04-30,Boston Red Sox,Toronto Blue Jays,0,6,7
778117,2025-04-30,New York Mets,Arizona Diamondbacks,1,3,4
778117,2025-04-30,Arizona Diamondbacks,New York Mets,0,4,3
778111,2025-04-30,Chicago White Sox,Milwaukee Brewers,1,4,6
778111,2025-04-30,Milwaukee Brewers,Chicago White Sox,0,6,4
778106,2025-04-30,Texas Rangers,Athletics,1,1,7
778106,2025-04-30,Athletics,Texas Rangers,0,7,1
778100,2025-05-01,Pittsburgh Pirates,Chicago Cubs,1,3,8
778100,2025-05-01,Chicago Cubs,Pittsburgh Pirates,0,8,3
778107,2025-05-01,Cincinnati Reds,St. Louis Cardinals,1,9,1
778107,2025-05-01,St. Louis Cardinals,Cincinnati Reds,0,1,9
778103,2025-05-01,New York Mets,Arizona Diamondbacks,1,2,4
778103,2025-05-01,Arizona Diamondbacks,New York Mets,0,4,2
778097,2025-05-01,Tampa Bay Rays,Kansas City Royals,1,2,8
778097,2025-05-01,Kansas City Royals,Tampa Bay Rays,0,8,2
778108,2025-05-01,Cleveland Guardians,Minnesota Twins,1,4,3
778108,2025-05-01,Minnesota Twins,Cleveland Guardians,0,3,4
778094,2025-05-01,Chicago White Sox,Milwaukee Brewers,1,8,0
778094,2025-05-01,Milwaukee Brewers,Chicago White Sox,0,0,8
778096,2025-05-01,Texas Rangers,Athletics,1,0,3
778096,2025-05-01,Athletics,Texas Rangers,0,3,0
778099,2025-05-01,Philadelphia Phillies,Washington Nationals,1,2,4
778099,2025-05-01,Washington Nationals,Philadelphia Phillies,0,4,2
778095,2025-05-01,Toronto Blue Jays,Boston Red Sox,1,4,2
778095,2025-05-01,Boston Red Sox,Toronto Blue Jays,0,2,4
778101,2025-05-01,Los Angeles Angels,Detroit Tigers,1,4,10
778101,2025-05-01,Detroit Tigers,Los Angeles Angels,0,10,4
778098,2025-05-01,San Francisco Giants,Colorado Rockies,1,3,4
778098,2025-05-01,Colorado Rockies,San Francisco Giants,0,4,3
778087,2025-05-02,Cincinnati Reds,Washington Nationals,1,6,1
778087,2025-05-02,Washington Nationals,Cincinnati Reds,0,1,6
778090,2025-05-02,Pittsburgh Pirates,San Diego Padres,1,4,9
778090,2025-05-02,San Diego Padres,Pittsburgh Pirates,0,9,4
778086,2025-05-02,Philadelphia Phillies,Arizona Diamondbacks,1,3,2
778086,2025-05-02,Arizona Diamondbacks,Philadelphia Phillies,0,2,3
778093,2025-05-02,Baltimore Orioles,Kansas City Royals,1,3,0
778093,2025-05-02,Kansas City Royals,Baltimore Orioles,0,0,3
778088,2025-05-02,New York Yankees,Tampa Bay Rays,1,3,0
778088,2025-05-02,Tampa Bay Rays,New York Yankees,0,0,3
778081,2025-05-02,Toronto Blue Jays,Cleveland Guardians,1,5,3
778081,2025-05-02,Cleveland Guardians,Toronto Blue Jays,0,3,5
778089,2025-05-02,Boston Red Sox,Minnesota Twins,1,6,1
778089,2025-05-02,Minnesota Twins,Boston Red Sox,0,1,6
778091,2025-05-02,Miami Marlins,Athletics,1,1,6
778091,2025-05-02,Athletics,Miami Marlins,0,6,1
778092,2025-05-02,Atlanta Braves,Los Angeles Dodgers,1,1,2
778092,2025-05-02,Los Angeles Dodgers,Atlanta Braves,0,2,1
778079,2025-05-02,Chicago White Sox,Houston Astros,1,7,3
778079,2025-05-02,Houston Astros,Chicago White Sox,0,3,7
778083,2025-05-02,Texas Rangers,Seattle Mariners,1,1,13
778083,2025-05-02,Seattle Mariners,Texas Rangers,0,13,1
778080,2025-05-02,Milwaukee Brewers,Chicago Cubs,1,0,10
778080,2025-05-02,Chicago Cubs,Milwaukee Brewers,0,10,0
778084,2025-05-02,St. Louis Cardinals,New York Mets,1,3,9
778084,2025-05-02,New York Mets,St. Louis Cardinals,0,9,3
778085,2025-05-02,Los Angeles Angels,Detroit Tigers,1,1,9
778085,2025-05-02,Detroit Tigers,Los Angeles Angels,0,9,1
778082,2025-05-02,San Francisco Giants,Colorado Rockies,1,4,0
778082,2025-05-02,Colorado Rockies,San Francisco Giants,0,0,4
778074,2025-05-03,New York Yankees,Tampa Bay Rays,1,2,3
778074,2025-05-03,Tampa Bay Rays,New York Yankees,0,3,2
778066,2025-05-03,Chicago White Sox,Houston Astros,1,3,8
778066,2025-05-03,Houston Astros,Chicago White Sox,0,8,3
778064,2025-05-03,Toronto Blue Jays,Cleveland Guardians,1,3,5
778064,2025-05-03,Cleveland Guardians,Toronto Blue Jays,0,5,3
778065,2025-05-03,Pittsburgh Pirates,San Diego Padres,1,1,2
778065,2025-05-03,San Diego Padres,Pittsburgh Pirates,0,2,1
778069,2025-05-03,San Francisco Giants,Colorado Rockies,1,6,3
778069,2025-05-03,Colorado Rockies,San Francisco Giants,0,3,6
778073,2025-05-03,Boston Red Sox,Minnesota Twins,1,3,4
778073,2025-05-03,Minnesota Twins,Boston Red Sox,0,4,3
778075,2025-05-03,Miami Marlins,Athletics,1,9,6
778075,2025-05-03,Athletics,Miami Marlins,0,6,9
778078,2025-05-03,Philadelphia Phillies,Arizona Diamondbacks,1,7,2
778078,2025-05-03,Arizona Diamondbacks,Philadelphia Phillies,0,2,7
778077,2025-05-03,Cincinnati Reds,Washington Nationals,1,6,11
778077,2025-05-03,Washington Nationals,Cincinnati Reds,0,11,6
778070,2025-05-03,Texas Rangers,Seattle Mariners,1,1,2
778070,2025-05-03,Seattle Mariners,Texas Rangers,0,2,1
778071,2025-05-03,Milwaukee Brewers,Chicago Cubs,1,2,6
778071,2025-05-03,Chicago Cubs,Milwaukee Brewers,0,6,2
778072,2025-05-03,Baltimore Orioles,Kansas City Royals,1,0,4
778072,2025-05-03,Kansas City Royals,Baltimore Orioles,0,4,0
778076,2025-05-03,Atlanta Braves,Los Angeles Dodgers,1,3,10
778076,2025-05-03,Los Angeles Dodgers,Atlanta Braves,0,10,3
778067,2025-05-03,Los Angeles Angels,Detroit Tigers,1,5,2
778067,2025-05-03,Detroit Tigers,Los Angeles Angels,0,2,5
778053,2025-05-04,St. Louis Cardinals,New York Mets,1,6,5
778053,2025-05-04,New York Mets,St. Louis Cardinals,0,5,6
778068,2025-05-04,St. Louis Cardinals,New York Mets,1,5,4
778068,2025-05-04,New York Mets,St. Louis Cardinals,0,4,5
778062,2025-05-04,Baltimore Orioles,Kansas City Royals,1,6,11
778062,2025-05-04,Kansas City Royals,Baltimore Orioles,0,11,6
778051,2025-05-04,Pittsburgh Pirates,San Diego Padres,1,0,4
778051,2025-05-04,San Diego Padres,Pittsburgh Pirates,0,4,0
778063,2025-05-04,Boston Red Sox,Minnesota Twins,1,4,5
778063,2025-05-04,Minnesota Twins,Boston Red Sox,0,5,4
778057,2025-05-04,New York Yankees,Tampa Bay Rays,1,5,7
778057,2025-05-04,Tampa Bay Rays,New York Yankees,0,7,5
778056,2025-05-04,Toronto Blue Jays,Cleveland Guardians,1,4,5
778056,2025-05-04,Cleveland Guardians,Toronto Blue Jays,0,5,4
778061,2025-05-04,Miami Marlins,Athletics,1,2,3
778061,2025-05-04,Athletics,Miami Marlins,0,3,2
778059,2025-05-04,Philadelphia Phillies,Arizona Diamondbacks,1,9,11
778059,2025-05-04,Arizona Diamondbacks,Philadelphia Phillies,0,11,9
778055,2025-05-04,Chicago White Sox,Houston Astros,1,5,4
778055,2025-05-04,Houston Astros,Chicago White Sox,0,4,5
778054,2025-05-04,Milwaukee Brewers,Chicago Cubs,1,4,0
778054,2025-05-04,Chicago Cubs,Milwaukee Brewers,0,0,4
778052,2025-05-04,Texas Rangers,Seattle Mariners,1,8,1
778052,2025-05-04,Seattle Mariners,Texas Rangers,0,1,8
778048,2025-05-04,San Francisco Giants,Colorado Rockies,1,9,3
778048,2025-05-04,Colorado Rockies,San Francisco Giants,0,3,9
778050,2025-05-04,Los Angeles Angels,Detroit Tigers,1,1,13
778050,2025-05-04,Detroit Tigers,Los Angeles Angels,0,13,1
778058,2025-05-04,Cincinnati Reds,Washington Nationals,1,1,4
778058,2025-05-04,Washington Nationals,Cincinnati Reds,0,4,1
778060,2025-05-04,Atlanta Braves,Los Angeles Dodgers,1,4,3
778060,2025-05-04,Los Angeles Dodgers,Atlanta Braves,0,3,4
778047,2025-05-05,Miami Marlins,Los Angeles Dodgers,1,4,7
778047,2025-05-05,Los Angeles Dodgers,Miami Marlins,0,7,4
778045,2025-05-05,New York Yankees,San Diego Padres,1,3,4
778045,2025-05-05,San Diego Padres,New York Yankees,0,4,3
778049,2025-05-05,Atlanta Braves,Cincinnati Reds,1,4,0
778049,2025-05-05,Cincinnati Reds,Atlanta Braves,0,0,4
778044,2025-05-05,Chicago Cubs,San Francisco Giants,1,9,2
778044,2025-05-05,San Francisco Giants,Chicago Cubs,0,2,9
778043,2025-05-05,Kansas City Royals,Chicago White Sox,1,3,0
778043,2025-05-05,Chicago White Sox,Kansas City Royals,0,0,3
778042,2025-05-05,Milwaukee Brewers,Houston Astros,1,5,1
778042,2025-05-05,Houston Astros,Milwaukee Brewers,0,1,5
778036,2025-05-05,St. Louis Cardinals,Pittsburgh Pirates,1,6,3
778036,2025-05-05,Pittsburgh Pirates,St. Louis Cardinals,0,3,6
778039,2025-05-05,Arizona Diamondbacks,New York Mets,1,4,5
778039,2025-05-05,New York Mets,Arizona Diamondbacks,0,5,4
778038,2025-05-05,Athletics,Seattle Mariners,1,7,6
778038,2025-05-05,Seattle Mariners,Athletics,0,6,7
778026,2025-05-06,Washington Nationals,Cleveland Guardians,1,10,9
778026,2025-05-06,Cleveland Guardians,Washington Nationals,0,9,10
778046,2025-05-06,Washington Nationals,Cleveland Guardians,1,1,9
778046,2025-05-06,Cleveland Guardians,Washington Nationals,0,9,1
778035,2025-05-06,Miami Marlins,Los Angeles Dodgers,1,5,4
778035,2025-05-06,Los Angeles Dodgers,Miami Marlins,0,4,5
778037,2025-05-06,Boston Red Sox,Texas Rangers,1,1,6
778037,2025-05-06,Texas Rangers,Boston Red Sox,0,6,1
778040,2025-05-06,Tampa Bay Rays,Philadelphia Phillies,1,4,8
778040,2025-05-06,Philadelphia Phillies,Tampa Bay Rays,0,8,4
778041,2025-05-06,New York Yankees,San Diego Padres,1,12,3
778041,2025-05-06,San Diego Padres,New York Yankees,0,3,12
778034,2025-05-06,Atlanta Braves,Cincinnati Reds,1,2,1
778034,2025-05-06,Cincinnati Reds,Atlanta Braves,0,1,2
778027,2025-05-06,Chicago Cubs,San Francisco Giants,1,5,14
778027,2025-05-06,San Francisco Giants,Chicago Cubs,0,14,5
778028,2025-05-06,Minnesota Twins,Baltimore Orioles,1,9,1
778028,2025-05-06,Baltimore Orioles,Minnesota Twins,0,1,9
778033,2025-05-06,Kansas City Royals,Chicago White Sox,1,4,3
778033,2025-05-06,Chicago White Sox,Kansas City Royals,0,3,4
778031,2025-05-06,Milwaukee Brewers,Houston Astros,1,4,3
778031,2025-05-06,Houston Astros,Milwaukee Brewers,0,3,4
778030,2025-05-06,St. Louis Cardinals,Pittsburgh Pirates,1,2,1
778030,2025-05-06,Pittsburgh Pirates,St. Louis Cardinals,0,1,2
778025,2025-05-06,Los Angeles Angels,Toronto Blue Jays,1,8,3
778025,2025-05-06,Toronto Blue Jays,Los Angeles Angels,0,3,8
778032,2025-05-06,Arizona Diamondbacks,New York Mets,1,5,1
778032,2025-05-06,New York Mets,Arizona Diamondbacks,0,1,5
778024,2025-05-06,Athletics,Seattle Mariners,1,3,5
778024,2025-05-06,Seattle Mariners,Athletics,0,5,3
778022,2025-05-07,Washington Nationals,Cleveland Guardians,1,6,8
778022,2025-05-07,Cleveland Guardians,Washington Nationals,0,8,6
778015,2025-05-07,Milwaukee Brewers,Houston Astros,1,1,9
778015,2025-05-07,Houston Astros,Milwaukee Brewers,0,9,1
778016,2025-05-07,St. Louis Cardinals,Pittsburgh Pirates,1,5,0
778016,2025-05-07,Pittsburgh Pirates,St. Louis Cardinals,0,0,5
778020,2025-05-07,Chicago Cubs,San Francisco Giants,1,1,3
778020,2025-05-07,San Francisco Giants,Chicago Cubs,0,3,1
778010,2025-05-07,Athletics,Seattle Mariners,1,5,6
778010,2025-05-07,Seattle Mariners,Athletics,0,6,5
778014,2025-05-07,Arizona Diamondbacks,New York Mets,1,1,7
778014,2025-05-07,New York Mets,Arizona Diamondbacks,0,7,1
778017,2025-05-07,Miami Marlins,Los Angeles Dodgers,1,1,10
778017,2025-05-07,Los Angeles Dodgers,Miami Marlins,0,10,1
778018,2025-05-07,Boston Red Sox,Texas Rangers,1,6,4
778018,2025-05-07,Texas Rangers,Boston Red Sox,0,4,6
778021,2025-05-07,Tampa Bay Rays,Philadelphia Phillies,1,0,7
778021,2025-05-07,Philadelphia Phillies,Tampa Bay Rays,0,7,0
778019,2025-05-07,New York Yankees,San Diego Padres,1,4,3
778019,2025-05-07,San Diego Padres,New York Yankees,0,3,4
778023,2025-05-07,Atlanta Braves,Cincinnati Reds,1,3,4
778023,2025-05-07,Cincinnati Reds,Atlanta Braves,0,4,3
778011,2025-05-07,Minnesota Twins,Baltimore Orioles,1,5,2
778011,2025-05-07,Baltimore Orioles,Minnesota Twins,0,2,5
778012,2025-05-07,Kansas City Royals,Chicago White Sox,1,2,1
778012,2025-05-07,Chicago White Sox,Kansas City Royals,0,1,2
778013,2025-05-07,Colorado Rockies,Detroit Tigers,1,6,8
778013,2025-05-07,Detroit Tigers,Colorado Rockies,0,8,6
778009,2025-05-07,Los Angeles Angels,Toronto Blue Jays,1,5,4
778009,2025-05-07,Toronto Blue Jays,Los Angeles Angels,0,4,5
778007,2025-05-08,Minnesota Twins,Baltimore Orioles,1,5,2
778007,2025-05-08,Baltimore Orioles,Minnesota Twins,0,2,5
778006,2025-05-08,Boston Red Sox,Texas Rangers,1,5,0
778006,2025-05-08,Texas Rangers,Boston Red Sox,0,0,5
778008,2025-05-08,Kansas City Royals,Chicago White Sox,1,10,0
778008,2025-05-08,Chicago White Sox,Kansas City Royals,0,0,10
778004,2025-05-08,Colorado Rockies,Detroit Tigers,1,2,10
778004,2025-05-08,Detroit Tigers,Colorado Rockies,0,10,2
778029,2025-05-08,Colorado Rockies,Detroit Tigers,1,1,11
778029,2025-05-08,Detroit Tigers,Colorado Rockies,0,11,1
778005,2025-05-08,Tampa Bay Rays,Philadelphia Phillies,1,6,7
778005,2025-05-08,Philadelphia Phillies,Tampa Bay Rays,0,7,6
778003,2025-05-08,Atlanta Braves,Cincinnati Reds,1,5,4
778003,2025-05-08,Cincinnati Reds,Atlanta Braves,0,4,5
778000,2025-05-08,Los Angeles Angels,Toronto Blue Jays,1,5,8
778000,2025-05-08,Toronto Blue Jays,Los Angeles Angels,0,8,5
777999,2025-05-08,Arizona Diamondbacks,Los Angeles Dodgers,1,5,3
777999,2025-05-08,Los Angeles Dodgers,Arizona Diamondbacks,0,3,5
777996,2025-05-09,Detroit Tigers,Texas Rangers,1,2,1
777996,2025-05-09,Texas Rangers,Detroit Tigers,0,1,2
777998,2025-05-09,Pittsburgh Pirates,Atlanta Braves,1,3,2
777998,2025-05-09,Atlanta Braves,Pittsburgh Pirates,0,2,3
777995,2025-05-09,Washington Nationals,St. Louis Cardinals,1,0,10
777995,2025-05-09,St. Louis Cardinals,Washington Nationals,0,10,0
778002,2025-05-09,Tampa Bay Rays,Milwaukee Brewers,1,4,3
778002,2025-05-09,Milwaukee Brewers,Tampa Bay Rays,0,3,4
778001,2025-05-09,New York Mets,Chicago Cubs,1,7,2
778001,2025-05-09,Chicago Cubs,New York Mets,0,2,7
777997,2025-05-09,Cleveland Guardians,Philadelphia Phillies,1,6,0
777997,2025-05-09,Philadelphia Phillies,Cleveland Guardians,0,0,6
777990,2025-05-09,Kansas City Royals,Boston Red Sox,1,2,1
777990,2025-05-09,Boston Red Sox,Kansas City Royals,0,1,2
777991,2025-05-09,Chicago White Sox,Miami Marlins,1,6,2
777991,2025-05-09,Miami Marlins,Chicago White Sox,0,2,6
777989,2025-05-09,Houston Astros,Cincinnati Reds,1,3,0
777989,2025-05-09,Cincinnati Reds,Houston Astros,0,0,3
777992,2025-05-09,Minnesota Twins,San Francisco Giants,1,3,1
777992,2025-05-09,San Francisco Giants,Minnesota Twins,0,1,3
777993,2025-05-09,Colorado Rockies,San Diego Padres,1,9,13
777993,2025-05-09,San Diego Padres,Colorado Rockies,0,13,9
777986,2025-05-09,Los Angeles Angels,Baltimore Orioles,1,1,4
777986,2025-05-09,Baltimore Orioles,Los Angeles Angels,0,4,1
777988,2025-05-09,Arizona Diamondbacks,Los Angeles Dodgers,1,11,14
777988,2025-05-09,Los Angeles Dodgers,Arizona Diamondbacks,0,14,11
777984,2025-05-09,Seattle Mariners,Toronto Blue Jays,1,3,6
777984,2025-05-09,Toronto Blue Jays,Seattle Mariners,0,6,3
777994,2025-05-09,Athletics,New York Yankees,1,2,10
777994,2025-05-09,New York Yankees,Athletics,0,10,2
777980,2025-05-10,Washington Nationals,St. Louis Cardinals,1,2,4
777980,2025-05-10,St. Louis Cardinals,Washington Nationals,0,4,2
777985,2025-05-10,Pittsburgh Pirates,Atlanta Braves,1,2,3
777985,2025-05-10,Atlanta Braves,Pittsburgh Pirates,0,3,2
777972,2025-05-10,Athletics,New York Yankees,1,11,7
777972,2025-05-10,New York Yankees,Athletics,0,7,11
777981,2025-05-10,Tampa Bay Rays,Milwaukee Brewers,1,3,2
777981,2025-05-10,Milwaukee Brewers,Tampa Bay Rays,0,2,3
777987,2025-05-10,Detroit Tigers,Texas Rangers,1,3,10
777987,2025-05-10,Texas Rangers,Detroit Tigers,0,10,3
777983,2025-05-10,Cleveland Guardians,Philadelphia Phillies,1,1,7
777983,2025-05-10,Philadelphia Phillies,Cleveland Guardians,0,7,1
777979,2025-05-10,Houston Astros,Cincinnati Reds,1,9,13
777979,2025-05-10,Cincinnati Reds,Houston Astros,0,13,9
777977,2025-05-10,Kansas City Royals,Boston Red Sox,1,1,10
777977,2025-05-10,Boston Red Sox,Kansas City Royals,0,10,1
777978,2025-05-10,Chicago White Sox,Miami Marlins,1,1,3
777978,2025-05-10,Miami Marlins,Chicago White Sox,0,3,1
777982,2025-05-10,New York Mets,Chicago Cubs,1,5,6
777982,2025-05-10,Chicago Cubs,New York Mets,0,6,5
777974,2025-05-10,Minnesota Twins,San Francisco Giants,1,2,1
777974,2025-05-10,San Francisco Giants,Minnesota Twins,0,1,2
777975,2025-05-10,Arizona Diamondbacks,Los Angeles Dodgers,1,3,0
777975,2025-05-10,Los Angeles Dodgers,Arizona Diamondbacks,0,0,3
777976,2025-05-10,Colorado Rockies,San Diego Padres,1,0,21
777976,2025-05-10,San Diego Padres,Colorado Rockies,0,21,0
777973,2025-05-10,Los Angeles Angels,Baltimore Orioles,1,5,2
777973,2025-05-10,Baltimore Orioles,Los Angeles Angels,0,2,5
777970,2025-05-10,Seattle Mariners,Toronto Blue Jays,1,3,6
777970,2025-05-10,Toronto Blue Jays,Seattle Mariners,0,6,3
777968,2025-05-11,New York Mets,Chicago Cubs,1,6,2
777968,2025-05-11,Chicago Cubs,New York Mets,0,2,6
777962,2025-05-11,Washington Nationals,St. Louis Cardinals,1,1,6
777962,2025-05-11,St. Louis Cardinals,Washington Nationals,0,6,1
777967,2025-05-11,Pittsburgh Pirates,Atlanta Braves,1,4,3
777967,2025-05-11,Atlanta Braves,Pittsburgh Pirates,0,3,4
777969,2025-05-11,Detroit Tigers,Texas Rangers,1,1,6
777969,2025-05-11,Texas Rangers,Detroit Tigers,0,6,1
777964,2025-05-11,Tampa Bay Rays,Milwaukee Brewers,1,2,4
777964,2025-05-11,Milwaukee Brewers,Tampa Bay Rays,0,4,2
777963,2025-05-11,Houston Astros,Cincinnati Reds,1,6,0
777963,2025-05-11,Cincinnati Reds,Houston Astros,0,0,6
777965,2025-05-11,Kansas City Royals,Boston Red Sox,1,1,3
777965,2025-05-11,Boston Red Sox,Kansas City Royals,0,3,1
777956,2025-05-11,Minnesota Twins,San Francisco Giants,1,7,6
777956,2025-05-11,San Francisco Giants,Minnesota Twins,0,6,7
777966,2025-05-11,Chicago White Sox,Miami Marlins,1,4,2
777966,2025-05-11,Miami Marlins,Chicago White Sox,0,2,4
777955,2025-05-11,Colorado Rockies,San Diego Padres,1,9,3
777955,2025-05-11,San Diego Padres,Colorado Rockies,0,3,9
777957,2025-05-11,Athletics,New York Yankees,1,2,12
777957,2025-05-11,New York Yankees,Athletics,0,12,2
777961,2025-05-11,Los Angeles Angels,Baltimore Orioles,1,3,7
777961,2025-05-11,Baltimore Orioles,Los Angeles Angels,0,7,3
777954,2025-05-11,Arizona Diamondbacks,Los Angeles Dodgers,1,1,8
777954,2025-05-11,Los Angeles Dodgers,Arizona Diamondbacks,0,8,1
777958,2025-05-11,Seattle Mariners,Toronto Blue Jays,1,1,9
777958,2025-05-11,Toronto Blue Jays,Seattle Mariners,0,9,1
777971,2025-05-11,Cleveland Guardians,Philadelphia Phillies,1,0,3
777971,2025-05-11,Philadelphia Phillies,Cleveland Guardians,0,3,0
777960,2025-05-12,Cleveland Guardians,Milwaukee Brewers,1,5,0
777960,2025-05-12,Milwaukee Brewers,Cleveland Guardians,0,0,5
777951,2025-05-12,Detroit Tigers,Boston Red Sox,1,14,2
777951,2025-05-12,Boston Red Sox,Detroit Tigers,0,2,14
777953,2025-05-12,Philadelphia Phillies,St. Louis Cardinals,1,2,3
777953,2025-05-12,St. Louis Cardinals,Philadelphia Phillies,0,3,2
777950,2025-05-12,New York Mets,Pittsburgh Pirates,1,4,3
777950,2025-05-12,Pittsburgh Pirates,New York Mets,0,3,4
777959,2025-05-12,Atlanta Braves,Washington Nationals,1,4,3
777959,2025-05-12,Washington Nationals,Atlanta Braves,0,3,4
777952,2025-05-12,Chicago Cubs,Miami Marlins,1,5,2
777952,2025-05-12,Miami Marlins,Chicago Cubs,0,2,5
777949,2025-05-12,Texas Rangers,Colorado Rockies,1,2,1
777949,2025-05-12,Colorado Rockies,Texas Rangers,0,1,2
777948,2025-05-12,Houston Astros,Kansas City Royals,1,5,7
777948,2025-05-12,Kansas City Royals,Houston Astros,0,7,5
777947,2025-05-12,San Diego Padres,Los Angeles Angels,1,5,9
777947,2025-05-12,Los Angeles Angels,San Diego Padres,0,9,5
777941,2025-05-12,Seattle Mariners,New York Yankees,1,5,11
777941,2025-05-12,New York Yankees,Seattle Mariners,0,11,5
777939,2025-05-12,San Francisco Giants,Arizona Diamondbacks,1,1,2
777939,2025-05-12,Arizona Diamondbacks,San Francisco Giants,0,2,1
777944,2025-05-13,Cleveland Guardians,Milwaukee Brewers,1,2,0
777944,2025-05-13,Milwaukee Brewers,Cleveland Guardians,0,0,2
777940,2025-05-13,Detroit Tigers,Boston Red Sox,1,10,9
777940,2025-05-13,Boston Red Sox,Detroit Tigers,0,9,10
777945,2025-05-13,Cincinnati Reds,Chicago White Sox,1,1,5
777945,2025-05-13,Chicago White Sox,Cincinnati Reds,0,5,1
777935,2025-05-13,Toronto Blue Jays,Tampa Bay Rays,1,9,11
777935,2025-05-13,Tampa Bay Rays,Toronto Blue Jays,0,11,9
777943,2025-05-13,New York Mets,Pittsburgh Pirates,1,2,1
777943,2025-05-13,Pittsburgh Pirates,New York Mets,0,1,2
777942,2025-05-13,Atlanta Braves,Washington Nationals,1,5,2
777942,2025-05-13,Washington Nationals,Atlanta Braves,0,2,5
777936,2025-05-13,Chicago Cubs,Miami Marlins,1,5,4
777936,2025-05-13,Miami Marlins,Chicago Cubs,0,4,5
777934,2025-05-13,Texas Rangers,Colorado Rockies,1,4,1
777934,2025-05-13,Colorado Rockies,Texas Rangers,0,1,4
777931,2025-05-13,Houston Astros,Kansas City Royals,1,2,1
777931,2025-05-13,Kansas City Royals,Houston Astros,0,1,2
777932,2025-05-13,San Diego Padres,Los Angeles Angels,1,6,4
777932,2025-05-13,Los Angeles Angels,San Diego Padres,0,4,6
777926,2025-05-13,Seattle Mariners,New York Yankees,1,2,1
777926,2025-05-13,New York Yankees,Seattle Mariners,0,1,2
777930,2025-05-13,San Francisco Giants,Arizona Diamondbacks,1,10,6
777930,2025-05-13,Arizona Diamondbacks,San Francisco Giants,0,6,10
777937,2025-05-13,Los Angeles Dodgers,Athletics,1,1,11
777937,2025-05-13,Athletics,Los Angeles Dodgers,0,11,1
777924,2025-05-14,Baltimore Orioles,Minnesota Twins,1,3,6
777924,2025-05-14,Minnesota Twins,Baltimore Orioles,0,6,3
777938,2025-05-14,Baltimore Orioles,Minnesota Twins,1,6,8
777938,2025-05-14,Minnesota Twins,Baltimore Orioles,0,8,6
777922,2025-05-14,Philadelphia Phillies,St. Louis Cardinals,1,2,1
777922,2025-05-14,St. Louis Cardinals,Philadelphia Phillies,0,1,2
777933,2025-05-14,Philadelphia Phillies,St. Louis Cardinals,1,7,14
777933,2025-05-14,St. Louis Cardinals,Philadelphia Phillies,0,14,7
777925,2025-05-14,Cleveland Guardians,Milwaukee Brewers,1,5,9
777925,2025-05-14,Milwaukee Brewers,Cleveland Guardians,0,9,5
777916,2025-05-14,San Francisco Giants,Arizona Diamondbacks,1,7,8
777916,2025-05-14,Arizona Diamondbacks,San Francisco Giants,0,8,7
777915,2025-05-14,Seattle Mariners,New York Yankees,1,2,3
777915,2025-05-14,New York Yankees,Seattle Mariners,0,3,2
777927,2025-05-14,Detroit Tigers,Boston Red Sox,1,6,5
777927,2025-05-14,Boston Red Sox,Detroit Tigers,0,5,6
777923,2025-05-14,Toronto Blue Jays,Tampa Bay Rays,1,3,1
777923,2025-05-14,Tampa Bay Rays,Toronto Blue Jays,0,1,3
777919,2025-05-14,New York Mets,Pittsburgh Pirates,1,0,4
777919,2025-05-14,Pittsburgh Pirates,New York Mets,0,4,0
777928,2025-05-14,Cincinnati Reds,Chicago White Sox,1,2,4
777928,2025-05-14,Chicago White Sox,Cincinnati Reds,0,4,2
777929,2025-05-14,Atlanta Braves,Washington Nationals,1,4,5
777929,2025-05-14,Washington Nationals,Atlanta Braves,0,5,4
777921,2025-05-14,Chicago Cubs,Miami Marlins,1,1,3
777921,2025-05-14,Miami Marlins,Chicago Cubs,0,3,1
777918,2025-05-14,Texas Rangers,Colorado Rockies,1,8,3
777918,2025-05-14,Colorado Rockies,Texas Rangers,0,3,8
777920,2025-05-14,Houston Astros,Kansas City Royals,1,4,3
777920,2025-05-14,Kansas City Royals,Houston Astros,0,3,4
777914,2025-05-14,San Diego Padres,Los Angeles Angels,1,5,1
777914,2025-05-14,Los Angeles Angels,San Diego Padres,0,1,5
777917,2025-05-14,Los Angeles Dodgers,Athletics,1,9,3
777917,2025-05-14,Athletics,Los Angeles Dodgers,0,3,9
777909,2025-05-15,Atlanta Braves,Washington Nationals,1,5,2
777909,2025-05-15,Washington Nationals,Atlanta Braves,0,2,5
777911,2025-05-15,Baltimore Orioles,Minnesota Twins,1,0,4
777911,2025-05-15,Minnesota Twins,Baltimore Orioles,0,4,0
777912,2025-05-15,Cincinnati Reds,Chicago White Sox,1,7,1
777912,2025-05-15,Chicago White Sox,Cincinnati Reds,0,1,7
777913,2025-05-15,Toronto Blue Jays,Tampa Bay Rays,1,3,8
777913,2025-05-15,Tampa Bay Rays,Toronto Blue Jays,0,8,3
777910,2025-05-15,Texas Rangers,Houston Astros,1,1,0
777910,2025-05-15,Houston Astros,Texas Rangers,0,0,1
777946,2025-05-15,Los Angeles Dodgers,Athletics,1,19,2
777946,2025-05-15,Athletics,Los Angeles Dodgers,0,2,19
777900,2025-05-16,Chicago Cubs,Chicago White Sox,1,13,3
777900,2025-05-16,Chicago White Sox,Chicago Cubs,0,3,13
777902,2025-05-16,Cincinnati Reds,Cleveland Guardians,1,5,4
777902,2025-05-16,Cleveland Guardians,Cincinnati Reds,0,4,5
777905,2025-05-16,Philadelphia Phillies,Pittsburgh Pirates,1,8,4
777905,2025-05-16,Pittsburgh Pirates,Philadelphia Phillies,0,4,8
777907,2025-05-16,Baltimore Orioles,Washington Nationals,1,3,4
777907,2025-05-16,Washington Nationals,Baltimore Orioles,0,4,3
777904,2025-05-16,New York Yankees,New York Mets,1,6,2
777904,2025-05-16,New York Mets,New York Yankees,0,2,6
777906,2025-05-16,Toronto Blue Jays,Detroit Tigers,1,4,5
777906,2025-05-16,Detroit Tigers,Toronto Blue Jays,0,5,4
777908,2025-05-16,Boston Red Sox,Atlanta Braves,1,2,4
777908,2025-05-16,Atlanta Braves,Boston Red Sox,0,4,2
777903,2025-05-16,Miami Marlins,Tampa Bay Rays,1,9,4
777903,2025-05-16,Tampa Bay Rays,Miami Marlins,0,4,9
777901,2025-05-16,Kansas City Royals,St. Louis Cardinals,1,3,10
777901,2025-05-16,St. Louis Cardinals,Kansas City Royals,0,10,3
777895,2025-05-16,Texas Rangers,Houston Astros,1,3,6
777895,2025-05-16,Houston Astros,Texas Rangers,0,6,3
777898,2025-05-16,Milwaukee Brewers,Minnesota Twins,1,0,3
777898,2025-05-16,Minnesota Twins,Milwaukee Brewers,0,3,0
777897,2025-05-16,Arizona Diamondbacks,Colorado Rockies,1,8,0
777897,2025-05-16,Colorado Rockies,Arizona Diamondbacks,0,0,8
777896,2025-05-16,San Diego Padres,Seattle Mariners,1,1,5
777896,2025-05-16,Seattle Mariners,San Diego Padres,0,5,1
777899,2025-05-16,Los Angeles Dodgers,Los Angeles Angels,1,2,6
777899,2025-05-16,Los Angeles Angels,Los Angeles Dodgers,0,6,2
777891,2025-05-16,San Francisco Giants,Athletics,1,9,1
777891,2025-05-16,Athletics,San Francisco Giants,0,1,9
777888,2025-05-17,New York Yankees,New York Mets,1,2,3
777888,2025-05-17,New York Mets,New York Yankees,0,3,2
777881,2025-05-17,Chicago Cubs,Chicago White Sox,1,7,3
777881,2025-05-17,Chicago White Sox,Chicago Cubs,0,3,7
777886,2025-05-17,Toronto Blue Jays,Detroit Tigers,1,2,1
777886,2025-05-17,Detroit Tigers,Toronto Blue Jays,0,1,2
777890,2025-05-17,Baltimore Orioles,Washington Nationals,1,6,10
777890,2025-05-17,Washington Nationals,Baltimore Orioles,0,10,6
777889,2025-05-17,Miami Marlins,Tampa Bay Rays,1,0,4
777889,2025-05-17,Tampa Bay Rays,Miami Marlins,0,4,0
777894,2025-05-17,Philadelphia Phillies,Pittsburgh Pirates,1,5,2
777894,2025-05-17,Pittsburgh Pirates,Philadelphia Phillies,0,2,5
777892,2025-05-17,Cincinnati Reds,Cleveland Guardians,1,4,1
777892,2025-05-17,Cleveland Guardians,Cincinnati Reds,0,1,4
777882,2025-05-17,Texas Rangers,Houston Astros,1,5,1
777882,2025-05-17,Houston Astros,Texas Rangers,0,1,5
777885,2025-05-17,Kansas City Royals,St. Louis Cardinals,1,0,1
777885,2025-05-17,St. Louis Cardinals,Kansas City Royals,0,1,0
777893,2025-05-17,Boston Red Sox,Atlanta Braves,1,7,6
777893,2025-05-17,Atlanta Braves,Boston Red Sox,0,6,7
777883,2025-05-17,Milwaukee Brewers,Minnesota Twins,1,0,7
777883,2025-05-17,Minnesota Twins,Milwaukee Brewers,0,7,0
777887,2025-05-17,Arizona Diamondbacks,Colorado Rockies,1,12,14
777887,2025-05-17,Colorado Rockies,Arizona Diamondbacks,0,14,12
777875,2025-05-17,San Diego Padres,Seattle Mariners,1,1,4
777875,2025-05-17,Seattle Mariners,San Diego Padres,0,4,1
777879,2025-05-17,San Francisco Giants,Athletics,1,1,0
777879,2025-05-17,Athletics,San Francisco Giants,0,0,1
777884,2025-05-17,Los Angeles Dodgers,Los Angeles Angels,1,9,11
777884,2025-05-17,Los Angeles Angels,Los Angeles Dodgers,0,11,9
777869,2025-05-18,Texas Rangers,Houston Astros,1,3,4
777869,2025-05-18,Houston Astros,Texas Rangers,0,4,3
777873,2025-05-18,Baltimore Orioles,Washington Nationals,1,4,10
777873,2025-05-18,Washington Nationals,Baltimore Orioles,0,10,4
777880,2025-05-18,Philadelphia Phillies,Pittsburgh Pirates,1,1,0
777880,2025-05-18,Pittsburgh Pirates,Philadelphia Phillies,0,0,1
777876,2025-05-18,Boston Red Sox,Atlanta Braves,1,4,10
777876,2025-05-18,Atlanta Braves,Boston Red Sox,0,10,4
777871,2025-05-18,Toronto Blue Jays,Detroit Tigers,1,2,3
777871,2025-05-18,Detroit Tigers,Toronto Blue Jays,0,3,2
777874,2025-05-18,Cincinnati Reds,Cleveland Guardians,1,3,1
777874,2025-05-18,Cleveland Guardians,Cincinnati Reds,0,1,3
777877,2025-05-18,Miami Marlins,Tampa Bay Rays,1,5,1
777877,2025-05-18,Tampa Bay Rays,Miami Marlins,0,1,5
777864,2025-05-18,Kansas City Royals,St. Louis Cardinals,1,2,1
777864,2025-05-18,St. Louis Cardinals,Kansas City Royals,0,1,2
777865,2025-05-18,Milwaukee Brewers,Minnesota Twins,1,5,2
777865,2025-05-18,Minnesota Twins,Milwaukee Brewers,0,2,5
777872,2025-05-18,Chicago Cubs,Chicago White Sox,1,6,2
777872,2025-05-18,Chicago White Sox,Chicago Cubs,0,2,6
777867,2025-05-18,San Francisco Giants,Athletics,1,3,2
777867,2025-05-18,Athletics,San Francisco Giants,0,2,3
777870,2025-05-18,Arizona Diamondbacks,Colorado Rockies,1,1,0
777870,2025-05-18,Colorado Rockies,Arizona Diamondbacks,0,0,1
777866,2025-05-18,Los Angeles Dodgers,Los Angeles Angels,1,4,6
777866,2025-05-18,Los Angeles Angels,Los Angeles Dodgers,0,6,4
777868,2025-05-18,San Diego Padres,Seattle Mariners,1,1,6
777868,2025-05-18,Seattle Mariners,San Diego Padres,0,6,1
777878,2025-05-18,New York Yankees,New York Mets,1,8,2
777878,2025-05-18,New York Mets,New York Yankees,0,2,8
777859,2025-05-19,Pittsburgh Pirates,Cincinnati Reds,1,1,7
777859,2025-05-19,Cincinnati Reds,Pittsburgh Pirates,0,7,1
777863,2025-05-19,Miami Marlins,Chicago Cubs,1,8,7
777863,2025-05-19,Chicago Cubs,Miami Marlins,0,7,8
777856,2025-05-19,Boston Red Sox,New York Mets,1,3,1
777856,2025-05-19,New York Mets,Boston Red Sox,0,1,3
777858,2025-05-19,Tampa Bay Rays,Houston Astros,1,3,4
777858,2025-05-19,Houston Astros,Tampa Bay Rays,0,4,3
777861,2025-05-19,Minnesota Twins,Cleveland Guardians,1,6,5
777861,2025-05-19,Cleveland Guardians,Minnesota Twins,0,5,6
777857,2025-05-19,Chicago White Sox,Seattle Mariners,1,1,5
777857,2025-05-19,Seattle Mariners,Chicago White Sox,0,5,1
777860,2025-05-19,Milwaukee Brewers,Baltimore Orioles,1,5,4
777860,2025-05-19,Baltimore Orioles,Milwaukee Brewers,0,4,5
777862,2025-05-19,St. Louis Cardinals,Detroit Tigers,1,11,4
777862,2025-05-19,Detroit Tigers,St. Louis Cardinals,0,4,11
777852,2025-05-19,Colorado Rockies,Philadelphia Phillies,1,3,9
777852,2025-05-19,Philadelphia Phillies,Colorado Rockies,0,9,3
777855,2025-05-19,San Francisco Giants,Kansas City Royals,1,1,3
777855,2025-05-19,Kansas City Royals,San Francisco Giants,0,3,1
777853,2025-05-19,Athletics,Los Angeles Angels,1,3,4
777853,2025-05-19,Los Angeles Angels,Athletics,0,4,3
777854,2025-05-19,Los Angeles Dodgers,Arizona Diamondbacks,1,5,9
777854,2025-05-19,Arizona Diamondbacks,Los Angeles Dodgers,0,9,5
777847,2025-05-20,Pittsburgh Pirates,Cincinnati Reds,1,1,0
777847,2025-05-20,Cincinnati Reds,Pittsburgh Pirates,0,0,1
777850,2025-05-20,Miami Marlins,Chicago Cubs,1,1,14
777850,2025-05-20,Chicago Cubs,Miami Marlins,0,14,1
777851,2025-05-20,Boston Red Sox,New York Mets,1,2,0
777851,2025-05-20,New York Mets,Boston Red Sox,0,0,2
777841,2025-05-20,Washington Nationals,Atlanta Braves,1,5,3
777841,2025-05-20,Atlanta Braves,Washington Nationals,0,3,5
777848,2025-05-20,Tampa Bay Rays,Houston Astros,1,3,2
777848,2025-05-20,Houston Astros,Tampa Bay Rays,0,2,3
777849,2025-05-20,New York Yankees,Texas Rangers,1,5,2
777849,2025-05-20,Texas Rangers,New York Yankees,0,2,5
777845,2025-05-20,Toronto Blue Jays,San Diego Padres,1,3,0
777845,2025-05-20,San Diego Padres,Toronto Blue Jays,0,0,3
777846,2025-05-20,Chicago White Sox,Seattle Mariners,1,1,0
777846,2025-05-20,Seattle Mariners,Chicago White Sox,0,0,1
777844,2025-05-20,Milwaukee Brewers,Baltimore Orioles,1,5,2
777844,2025-05-20,Baltimore Orioles,Milwaukee Brewers,0,2,5
777840,2025-05-20,St. Louis Cardinals,Detroit Tigers,1,4,5
777840,2025-05-20,Detroit Tigers,St. Louis Cardinals,0,5,4
777842,2025-05-20,Colorado Rockies,Philadelphia Phillies,1,4,7
777842,2025-05-20,Philadelphia Phillies,Colorado Rockies,0,7,4
777836,2025-05-20,San Francisco Giants,Kansas City Royals,1,3,2
777836,2025-05-20,Kansas City Royals,San Francisco Giants,0,2,3
777843,2025-05-20,Athletics,Los Angeles Angels,1,5,7
777843,2025-05-20,Los Angeles Angels,Athletics,0,7,5
777838,2025-05-20,Los Angeles Dodgers,Arizona Diamondbacks,1,4,3
777838,2025-05-20,Arizona Diamondbacks,Los Angeles Dodgers,0,3,4
777834,2025-05-21,Pittsburgh Pirates,Cincinnati Reds,1,3,1
777834,2025-05-21,Cincinnati Reds,Pittsburgh Pirates,0,1,3
777832,2025-05-21,Tampa Bay Rays,Houston Astros,1,8,4
777832,2025-05-21,Houston Astros,Tampa Bay Rays,0,4,8
777861,2025-05-21,Minnesota Twins,Cleveland Guardians,1,6,5
777861,2025-05-21,Cleveland Guardians,Minnesota Twins,0,5,6
777833,2025-05-21,Miami Marlins,Chicago Cubs,1,1,2
777833,2025-05-21,Chicago Cubs,Miami Marlins,0,2,1
777826,2025-05-21,Milwaukee Brewers,Baltimore Orioles,1,4,8
777826,2025-05-21,Baltimore Orioles,Milwaukee Brewers,0,8,4
777827,2025-05-21,St. Louis Cardinals,Detroit Tigers,1,1,5
777827,2025-05-21,Detroit Tigers,St. Louis Cardinals,0,5,1
777830,2025-05-21,Chicago White Sox,Seattle Mariners,1,5,6
777830,2025-05-21,Seattle Mariners,Chicago White Sox,0,6,5
777819,2025-05-21,San Francisco Giants,Kansas City Royals,1,4,8
777819,2025-05-21,Kansas City Royals,San Francisco Giants,0,8,4
777829,2025-05-21,Minnesota Twins,Cleveland Guardians,1,1,5
777829,2025-05-21,Cleveland Guardians,Minnesota Twins,0,5,1
777831,2025-05-21,Boston Red Sox,New York Mets,1,1,5
777831,2025-05-21,New York Mets,Boston Red Sox,0,5,1
777835,2025-05-21,New York Yankees,Texas Rangers,1,4,3
777835,2025-05-21,Texas Rangers,New York Yankees,0,3,4
777837,2025-05-21,Toronto Blue Jays,San Diego Padres,1,14,0
777837,2025-05-21,San Diego Padres,Toronto Blue Jays,0,0,14
777823,2025-05-21,Colorado Rockies,Philadelphia Phillies,1,5,9
777823,2025-05-21,Philadelphia Phillies,Colorado Rockies,0,9,5
777828,2025-05-21,Athletics,Los Angeles Angels,1,5,10
777828,2025-05-21,Los Angeles Angels,Athletics,0,10,5
777824,2025-05-21,Los Angeles Dodgers,Arizona Diamondbacks,1,3,1
777824,2025-05-21,Arizona Diamondbacks,Los Angeles Dodgers,0,1,3
777818,2025-05-22,New York Yankees,Texas Rangers,1,1,0
777818,2025-05-22,Texas Rangers,New York Yankees,0,0,1
777816,2025-05-22,Toronto Blue Jays,San Diego Padres,1,7,6
777816,2025-05-22,San Diego Padres,Toronto Blue Jays,0,6,7
777817,2025-05-22,Colorado Rockies,Philadelphia Phillies,1,0,2
777817,2025-05-22,Philadelphia Phillies,Colorado Rockies,0,2,0
777812,2025-05-22,Athletics,Los Angeles Angels,1,5,10
777812,2025-05-22,Los Angeles Angels,Athletics,0,10,5
777821,2025-05-22,Detroit Tigers,Cleveland Guardians,1,0,7
777821,2025-05-22,Cleveland Guardians,Detroit Tigers,0,7,0
777814,2025-05-22,Pittsburgh Pirates,Milwaukee Brewers,1,5,8
777814,2025-05-22,Milwaukee Brewers,Pittsburgh Pirates,0,8,5
777820,2025-05-22,Washington Nationals,Atlanta Braves,1,8,7
777820,2025-05-22,Atlanta Braves,Washington Nationals,0,7,8
777822,2025-05-22,Houston Astros,Seattle Mariners,1,9,2
777822,2025-05-22,Seattle Mariners,Houston Astros,0,2,9
777815,2025-05-23,Boston Red Sox,Baltimore Orioles,1,19,5
777815,2025-05-23,Baltimore Orioles,Boston Red Sox,0,5,19
777811,2025-05-23,Cincinnati Reds,Chicago Cubs,1,6,13
777811,2025-05-23,Chicago Cubs,Cincinnati Reds,0,13,6
777806,2025-05-23,Pittsburgh Pirates,Milwaukee Brewers,1,6,5
777806,2025-05-23,Milwaukee Brewers,Pittsburgh Pirates,0,5,6
777801,2025-05-23,Washington Nationals,San Francisco Giants,1,0,4
777801,2025-05-23,San Francisco Giants,Washington Nationals,0,4,0
777810,2025-05-23,Tampa Bay Rays,Toronto Blue Jays,1,3,1
777810,2025-05-23,Toronto Blue Jays,Tampa Bay Rays,0,1,3
777807,2025-05-23,Detroit Tigers,Cleveland Guardians,1,1,3
777807,2025-05-23,Cleveland Guardians,Detroit Tigers,0,3,1
777808,2025-05-23,New York Mets,Los Angeles Dodgers,1,5,7
777808,2025-05-23,Los Angeles Dodgers,New York Mets,0,7,5
777813,2025-05-23,Atlanta Braves,San Diego Padres,1,1,2
777813,2025-05-23,San Diego Padres,Atlanta Braves,0,2,1
777805,2025-05-23,Chicago White Sox,Texas Rangers,1,4,1
777805,2025-05-23,Texas Rangers,Chicago White Sox,0,1,4
777800,2025-05-23,Houston Astros,Seattle Mariners,1,3,5
777800,2025-05-23,Seattle Mariners,Houston Astros,0,5,3
777799,2025-05-23,Minnesota Twins,Kansas City Royals,1,3,1
777799,2025-05-23,Kansas City Royals,Minnesota Twins,0,1,3
777797,2025-05-23,St. Louis Cardinals,Arizona Diamondbacks,1,4,3
777797,2025-05-23,Arizona Diamondbacks,St. Louis Cardinals,0,3,4
777802,2025-05-23,Colorado Rockies,New York Yankees,1,3,2
777802,2025-05-23,New York Yankees,Colorado Rockies,0,2,3
777798,2025-05-23,Los Angeles Angels,Miami Marlins,1,7,4
777798,2025-05-23,Miami Marlins,Los Angeles Angels,0,4,7
777804,2025-05-23,Athletics,Philadelphia Phillies,1,3,4
777804,2025-05-23,Philadelphia Phillies,Athletics,0,4,3
777809,2025-05-24,Boston Red Sox,Baltimore Orioles,1,6,5
777809,2025-05-24,Baltimore Orioles,Boston Red Sox,0,5,6
777790,2025-05-24,Boston Red Sox,Baltimore Orioles,1,1,2
777790,2025-05-24,Baltimore Orioles,Boston Red Sox,0,2,1
777788,2025-05-24,Minnesota Twins,Kansas City Royals,1,5,4
777788,2025-05-24,Kansas City Royals,Minnesota Twins,0,4,5
777786,2025-05-24,St. Louis Cardinals,Arizona Diamondbacks,1,6,5
777786,2025-05-24,Arizona Diamondbacks,St. Louis Cardinals,0,5,6
777793,2025-05-24,Washington Nationals,San Francisco Giants,1,3,0
777793,2025-05-24,San Francisco Giants,Washington Nationals,0,0,3
777794,2025-05-24,Pittsburgh Pirates,Milwaukee Brewers,1,2,1
777794,2025-05-24,Milwaukee Brewers,Pittsburgh Pirates,0,1,2
777791,2025-05-24,Cincinnati Reds,Chicago Cubs,1,6,4
777791,2025-05-24,Chicago Cubs,Cincinnati Reds,0,4,6
777787,2025-05-24,Houston Astros,Seattle Mariners,1,2,1
777787,2025-05-24,Seattle Mariners,Houston Astros,0,1,2
777803,2025-05-24,Atlanta Braves,San Diego Padres,1,7,1
777803,2025-05-24,San Diego Padres,Atlanta Braves,0,1,7
777792,2025-05-24,Chicago White Sox,Texas Rangers,1,10,5
777792,2025-05-24,Texas Rangers,Chicago White Sox,0,5,10
777782,2025-05-24,Colorado Rockies,New York Yankees,1,1,13
777782,2025-05-24,New York Yankees,Colorado Rockies,0,13,1
777795,2025-05-24,Tampa Bay Rays,Toronto Blue Jays,1,3,1
777795,2025-05-24,Toronto Blue Jays,Tampa Bay Rays,0,1,3
777796,2025-05-24,Detroit Tigers,Cleveland Guardians,1,5,7
777796,2025-05-24,Cleveland Guardians,Detroit Tigers,0,7,5
777789,2025-05-24,New York Mets,Los Angeles Dodgers,1,5,2
777789,2025-05-24,Los Angeles Dodgers,New York Mets,0,2,5
777784,2025-05-24,Athletics,Philadelphia Phillies,1,6,9
777784,2025-05-24,Philadelphia Phillies,Athletics,0,9,6
777781,2025-05-24,Los Angeles Angels,Miami Marlins,1,2,6
777781,2025-05-24,Miami Marlins,Los Angeles Angels,0,6,2
777780,2025-05-25,Detroit Tigers,Cleveland Guardians,1,5,0
777780,2025-05-25,Cleveland Guardians,Detroit Tigers,0,0,5
777785,2025-05-25,Boston Red Sox,Baltimore Orioles,1,1,5
777785,2025-05-25,Baltimore Orioles,Boston Red Sox,0,5,1
777778,2025-05-25,Washington Nationals,San Francisco Giants,1,2,3
777778,2025-05-25,San Francisco Giants,Washington Nationals,0,3,2
777776,2025-05-25,Pittsburgh Pirates,Milwaukee Brewers,1,5,6
777776,2025-05-25,Milwaukee Brewers,Pittsburgh Pirates,0,6,5
777779,2025-05-25,Cincinnati Reds,Chicago Cubs,1,8,11
777779,2025-05-25,Chicago Cubs,Cincinnati Reds,0,11,8
777775,2025-05-25,Tampa Bay Rays,Toronto Blue Jays,1,13,0
777775,2025-05-25,Toronto Blue Jays,Tampa Bay Rays,0,0,13
777774,2025-05-25,Houston Astros,Seattle Mariners,1,5,3
777774,2025-05-25,Seattle Mariners,Houston Astros,0,3,5
777772,2025-05-25,Minnesota Twins,Kansas City Royals,1,1,2
777772,2025-05-25,Kansas City Royals,Minnesota Twins,0,2,1
777777,2025-05-25,Chicago White Sox,Texas Rangers,1,4,5
777777,2025-05-25,Texas Rangers,Chicago White Sox,0,5,4
777766,2025-05-25,St. Louis Cardinals,Arizona Diamondbacks,1,4,3
777766,2025-05-25,Arizona Diamondbacks,St. Louis Cardinals,0,3,4
777768,2025-05-25,Colorado Rockies,New York Yankees,1,4,5
777768,2025-05-25,New York Yankees,Colorado Rockies,0,5,4
777765,2025-05-25,Athletics,Philadelphia Phillies,1,5,4
777765,2025-05-25,Philadelphia Phillies,Athletics,0,4,5
777767,2025-05-25,Los Angeles Angels,Miami Marlins,1,0,3
777767,2025-05-25,Miami Marlins,Los Angeles Angels,0,3,0
777783,2025-05-25,Atlanta Braves,San Diego Padres,1,3,5
777783,2025-05-25,San Diego Padres,Atlanta Braves,0,5,3
777773,2025-05-25,New York Mets,Los Angeles Dodgers,1,3,1
777773,2025-05-25,Los Angeles Dodgers,New York Mets,0,1,3
777770,2025-05-26,Detroit Tigers,San Francisco Giants,1,3,1
777770,2025-05-26,San Francisco Giants,Detroit Tigers,0,1,3
777764,2025-05-26,Milwaukee Brewers,Boston Red Sox,1,3,2
777764,2025-05-26,Boston Red Sox,Milwaukee Brewers,0,2,3
777757,2025-05-26,Chicago Cubs,Colorado Rockies,1,3,1
777757,2025-05-26,Colorado Rockies,Chicago Cubs,0,1,3
777771,2025-05-26,Baltimore Orioles,St. Louis Cardinals,1,5,2
777771,2025-05-26,St. Louis Cardinals,Baltimore Orioles,0,2,5
777759,2025-05-26,Texas Rangers,Toronto Blue Jays,1,1,2
777759,2025-05-26,Toronto Blue Jays,Texas Rangers,0,2,1
777760,2025-05-26,Kansas City Royals,Cincinnati Reds,1,4,7
777760,2025-05-26,Cincinnati Reds,Kansas City Royals,0,7,4
777758,2025-05-26,New York Mets,Chicago White Sox,1,2,1
777758,2025-05-26,Chicago White Sox,New York Mets,0,1,2
777769,2025-05-26,Cleveland Guardians,Los Angeles Dodgers,1,2,7
777769,2025-05-26,Los Angeles Dodgers,Cleveland Guardians,0,7,2
777762,2025-05-26,Tampa Bay Rays,Minnesota Twins,1,7,2
777762,2025-05-26,Minnesota Twins,Tampa Bay Rays,0,2,7
777761,2025-05-26,Arizona Diamondbacks,Pittsburgh Pirates,1,5,0
777761,2025-05-26,Pittsburgh Pirates,Arizona Diamondbacks,0,0,5
777756,2025-05-26,San Diego Padres,Miami Marlins,1,4,3
777756,2025-05-26,Miami Marlins,San Diego Padres,0,3,4
777763,2025-05-26,Los Angeles Angels,New York Yankees,1,1,5
777763,2025-05-26,New York Yankees,Los Angeles Angels,0,5,1
777753,2025-05-27,Cleveland Guardians,Los Angeles Dodgers,1,5,9
777753,2025-05-27,Los Angeles Dodgers,Cleveland Guardians,0,9,5
777754,2025-05-27,Baltimore Orioles,St. Louis Cardinals,1,4,7
777754,2025-05-27,St. Louis Cardinals,Baltimore Orioles,0,7,4
777755,2025-05-27,Detroit Tigers,San Francisco Giants,1,3,1
777755,2025-05-27,San Francisco Giants,Detroit Tigers,0,1,3
777748,2025-05-27,Philadelphia Phillies,Atlanta Braves,1,2,0
777748,2025-05-27,Atlanta Braves,Philadelphia Phillies,0,0,2
777746,2025-05-27,Tampa Bay Rays,Minnesota Twins,1,2,4
777746,2025-05-27,Minnesota Twins,Tampa Bay Rays,0,4,2
777749,2025-05-27,New York Mets,Chicago White Sox,1,6,4
777749,2025-05-27,Chicago White Sox,New York Mets,0,4,6
777750,2025-05-27,Kansas City Royals,Cincinnati Reds,1,2,7
777750,2025-05-27,Cincinnati Reds,Kansas City Royals,0,7,2
777747,2025-05-27,Milwaukee Brewers,Boston Red Sox,1,5,1
777747,2025-05-27,Boston Red Sox,Milwaukee Brewers,0,1,5
777751,2025-05-27,Chicago Cubs,Colorado Rockies,1,4,3
777751,2025-05-27,Colorado Rockies,Chicago Cubs,0,3,4
777741,2025-05-27,Texas Rangers,Toronto Blue Jays,1,2,0
777741,2025-05-27,Toronto Blue Jays,Texas Rangers,0,0,2
777752,2025-05-27,Houston Astros,Athletics,1,11,1
777752,2025-05-27,Athletics,Houston Astros,0,1,11
777745,2025-05-27,Los Angeles Angels,New York Yankees,1,2,3
777745,2025-05-27,New York Yankees,Los Angeles Angels,0,3,2
777744,2025-05-27,Arizona Diamondbacks,Pittsburgh Pirates,1,6,9
777744,2025-05-27,Pittsburgh Pirates,Arizona Diamondbacks,0,9,6
777743,2025-05-27,Seattle Mariners,Washington Nationals,1,9,1
777743,2025-05-27,Washington Nationals,Seattle Mariners,0,1,9
777742,2025-05-27,San Diego Padres,Miami Marlins,1,8,6
777742,2025-05-27,Miami Marlins,San Diego Padres,0,6,8
777739,2025-05-28,Cleveland Guardians,Los Angeles Dodgers,1,7,4
777739,2025-05-28,Los Angeles Dodgers,Cleveland Guardians,0,4,7
777738,2025-05-28,Detroit Tigers,San Francisco Giants,1,4,3
777738,2025-05-28,San Francisco Giants,Detroit Tigers,0,3,4
777732,2025-05-28,Tampa Bay Rays,Minnesota Twins,1,5,0
777732,2025-05-28,Minnesota Twins,Tampa Bay Rays,0,0,5
777737,2025-05-28,New York Mets,Chicago White Sox,1,4,9
777737,2025-05-28,Chicago White Sox,New York Mets,0,9,4
777736,2025-05-28,Milwaukee Brewers,Boston Red Sox,1,6,5
777736,2025-05-28,Boston Red Sox,Milwaukee Brewers,0,5,6
777734,2025-05-28,Houston Astros,Athletics,1,5,3
777734,2025-05-28,Athletics,Houston Astros,0,3,5
777729,2025-05-28,Arizona Diamondbacks,Pittsburgh Pirates,1,1,10
777729,2025-05-28,Pittsburgh Pirates,Arizona Diamondbacks,0,10,1
777726,2025-05-28,San Diego Padres,Miami Marlins,1,8,10
777726,2025-05-28,Miami Marlins,San Diego Padres,0,10,8
777740,2025-05-28,Baltimore Orioles,St. Louis Cardinals,1,4,6
777740,2025-05-28,St. Louis Cardinals,Baltimore Orioles,0,6,4
777733,2025-05-28,Kansas City Royals,Cincinnati Reds,1,3,2
777733,2025-05-28,Cincinnati Reds,Kansas City Royals,0,2,3
777731,2025-05-28,Chicago Cubs,Colorado Rockies,1,2,1
777731,2025-05-28,Colorado Rockies,Chicago Cubs,0,1,2
777724,2025-05-28,Texas Rangers,Toronto Blue Jays,1,0,2
777724,2025-05-28,Toronto Blue Jays,Texas Rangers,0,2,0
777728,2025-05-28,Los Angeles Angels,New York Yankees,1,0,1
777728,2025-05-28,New York Yankees,Los Angeles Angels,0,1,0
777730,2025-05-28,Seattle Mariners,Washington Nationals,1,0,9
777730,2025-05-28,Washington Nationals,Seattle Mariners,0,9,0
777735,2025-05-29,Philadelphia Phillies,Atlanta Braves,1,5,4
777735,2025-05-29,Atlanta Braves,Philadelphia Phillies,0,4,5
777723,2025-05-29,Philadelphia Phillies,Atlanta Braves,1,3,9
777723,2025-05-29,Atlanta Braves,Philadelphia Phillies,0,9,3
777727,2025-05-29,Toronto Blue Jays,Athletics,1,12,0
777727,2025-05-29,Athletics,Toronto Blue Jays,0,0,12
777725,2025-05-29,Houston Astros,Tampa Bay Rays,1,3,13
777725,2025-05-29,Tampa Bay Rays,Houston Astros,0,13,3
777722,2025-05-29,Seattle Mariners,Washington Nationals,1,3,9
777722,2025-05-29,Washington Nationals,Seattle Mariners,0,9,3
777712,2025-05-30,Chicago Cubs,Cincinnati Reds,1,2,6
777712,2025-05-30,Cincinnati Reds,Chicago Cubs,0,6,2
777720,2025-05-30,Baltimore Orioles,Chicago White Sox,1,2,1
777720,2025-05-30,Chicago White Sox,Baltimore Orioles,0,1,2
777715,2025-05-30,Philadelphia Phillies,Milwaukee Brewers,1,2,6
777715,2025-05-30,Milwaukee Brewers,Philadelphia Phillies,0,6,2
777716,2025-05-30,Toronto Blue Jays,Athletics,1,11,7
777716,2025-05-30,Athletics,Toronto Blue Jays,0,7,11
777721,2025-05-30,Cleveland Guardians,Los Angeles Angels,1,1,4
777721,2025-05-30,Los Angeles Angels,Cleveland Guardians,0,4,1
777718,2025-05-30,New York Mets,Colorado Rockies,1,4,2
777718,2025-05-30,Colorado Rockies,New York Mets,0,2,4
777717,2025-05-30,Miami Marlins,San Francisco Giants,1,0,2
777717,2025-05-30,San Francisco Giants,Miami Marlins,0,2,0
777719,2025-05-30,Atlanta Braves,Boston Red Sox,1,1,5
777719,2025-05-30,Boston Red Sox,Atlanta Braves,0,5,1
777709,2025-05-30,Texas Rangers,St. Louis Cardinals,1,11,1
777709,2025-05-30,St. Louis Cardinals,Texas Rangers,0,1,11
777711,2025-05-30,Kansas City Royals,Detroit Tigers,1,5,7
777711,2025-05-30,Detroit Tigers,Kansas City Royals,0,7,5
777714,2025-05-30,Houston Astros,Tampa Bay Rays,1,2,1
777714,2025-05-30,Tampa Bay Rays,Houston Astros,0,1,2
777710,2025-05-30,Arizona Diamondbacks,Washington Nationals,1,7,9
777710,2025-05-30,Washington Nationals,Arizona Diamondbacks,0,9,7
777707,2025-05-30,San Diego Padres,Pittsburgh Pirates,1,3,2
777707,2025-05-30,Pittsburgh Pirates,San Diego Padres,0,2,3
777713,2025-05-30,Seattle Mariners,Minnesota Twins,1,6,12
777713,2025-05-30,Minnesota Twins,Seattle Mariners,0,12,6
777708,2025-05-30,Los Angeles Dodgers,New York Yankees,1,8,5
777708,2025-05-30,New York Yankees,Los Angeles Dodgers,0,5,8
777704,2025-05-31,Chicago Cubs,Cincinnati Reds,1,2,0
777704,2025-05-31,Cincinnati Reds,Chicago Cubs,0,0,2
777701,2025-05-31,Toronto Blue Jays,Athletics,1,8,7
777701,2025-05-31,Athletics,Toronto Blue Jays,0,7,8
777697,2025-05-31,Texas Rangers,St. Louis Cardinals,1,0,2
777697,2025-05-31,St. Louis Cardinals,Texas Rangers,0,2,0
777699,2025-05-31,Baltimore Orioles,Chicago White Sox,1,4,2
777699,2025-05-31,Chicago White Sox,Baltimore Orioles,0,2,4
777702,2025-05-31,Philadelphia Phillies,Milwaukee Brewers,1,7,17
777702,2025-05-31,Milwaukee Brewers,Philadelphia Phillies,0,17,7
777703,2025-05-31,Cleveland Guardians,Los Angeles Angels,1,7,5
777703,2025-05-31,Los Angeles Angels,Cleveland Guardians,0,5,7
777694,2025-05-31,Kansas City Royals,Detroit Tigers,1,1,0
777694,2025-05-31,Detroit Tigers,Kansas City Royals,0,0,1
777700,2025-05-31,New York Mets,Colorado Rockies,1,8,2
777700,2025-05-31,Colorado Rockies,New York Mets,0,2,8
777693,2025-05-31,Houston Astros,Tampa Bay Rays,1,3,16
777693,2025-05-31,Tampa Bay Rays,Houston Astros,0,16,3
777706,2025-05-31,Atlanta Braves,Boston Red Sox,1,5,0
777706,2025-05-31,Boston Red Sox,Atlanta Braves,0,0,5
777705,2025-05-31,Miami Marlins,San Francisco Giants,1,1,0
777705,2025-05-31,San Francisco Giants,Miami Marlins,0,0,1
777695,2025-05-31,Seattle Mariners,Minnesota Twins,1,5,4
777695,2025-05-31,Minnesota Twins,Seattle Mariners,0,4,5
777698,2025-05-31,Los Angeles Dodgers,New York Yankees,1,18,2
777698,2025-05-31,New York Yankees,Los Angeles Dodgers,0,2,18
777691,2025-05-31,San Diego Padres,Pittsburgh Pirates,1,0,5
777691,2025-05-31,Pittsburgh Pirates,San Diego Padres,0,5,0
777696,2025-05-31,Arizona Diamondbacks,Washington Nationals,1,7,11
777696,2025-05-31,Washington Nationals,Arizona Diamondbacks,0,11,7
777678,2025-06-01,Texas Rangers,St. Louis Cardinals,1,8,1
777678,2025-06-01,St. Louis Cardinals,Texas Rangers,0,1,8
777692,2025-06-01,Atlanta Braves,Boston Red Sox,1,1,3
777692,2025-06-01,Boston Red Sox,Atlanta Braves,0,3,1
777684,2025-06-01,Baltimore Orioles,Chicago White Sox,1,3,2
777684,2025-06-01,Chicago White Sox,Baltimore Orioles,0,2,3
777688,2025-06-01,Philadelphia Phillies,Milwaukee Brewers,1,2,5
777688,2025-06-01,Milwaukee Brewers,Philadelphia Phillies,0,5,2
777685,2025-06-01,Toronto Blue Jays,Athletics,1,8,4
777685,2025-06-01,Athletics,Toronto Blue Jays,0,4,8
777683,2025-06-01,Cleveland Guardians,Los Angeles Angels,1,4,2
777683,2025-06-01,Los Angeles Angels,Cleveland Guardians,0,2,4
777686,2025-06-01,New York Mets,Colorado Rockies,1,5,3
777686,2025-06-01,Colorado Rockies,New York Mets,0,3,5
777689,2025-06-01,Miami Marlins,San Francisco Giants,1,2,4
777689,2025-06-01,San Francisco Giants,Miami Marlins,0,4,2
777677,2025-06-01,Kansas City Royals,Detroit Tigers,1,0,1
777677,2025-06-01,Detroit Tigers,Kansas City Royals,0,1,0
777690,2025-06-01,Houston Astros,Tampa Bay Rays,1,1,0
777690,2025-06-01,Tampa Bay Rays,Houston Astros,0,0,1
777687,2025-06-01,Chicago Cubs,Cincinnati Reds,1,7,3
777687,2025-06-01,Cincinnati Reds,Chicago Cubs,0,3,7
777679,2025-06-01,Arizona Diamondbacks,Washington Nationals,1,3,1
777679,2025-06-01,Washington Nationals,Arizona Diamondbacks,0,1,3
777680,2025-06-01,Seattle Mariners,Minnesota Twins,1,2,1
777680,2025-06-01,Minnesota Twins,Seattle Mariners,0,1,2
777681,2025-06-01,San Diego Padres,Pittsburgh Pirates,1,6,4
777681,2025-06-01,Pittsburgh Pirates,San Diego Padres,0,4,6
777682,2025-06-01,Los Angeles Dodgers,New York Yankees,1,3,7
777682,2025-06-01,New York Yankees,Los Angeles Dodgers,0,7,3
777673,2025-06-02,Miami Marlins,Colorado Rockies,1,4,6
777673,2025-06-02,Colorado Rockies,Miami Marlins,0,6,4
777670,2025-06-02,Boston Red Sox,Los Angeles Angels,1,6,7
777670,2025-06-02,Los Angeles Angels,Boston Red Sox,0,7,6
777671,2025-06-02,Cincinnati Reds,Milwaukee Brewers,1,2,3
777671,2025-06-02,Milwaukee Brewers,Cincinnati Reds,0,3,2
777674,2025-06-02,Chicago White Sox,Detroit Tigers,1,1,13
777674,2025-06-02,Detroit Tigers,Chicago White Sox,0,13,1
777676,2025-06-02,San Francisco Giants,San Diego Padres,1,0,1
777676,2025-06-02,San Diego Padres,San Francisco Giants,0,1,0
777669,2025-06-02,Athletics,Minnesota Twins,1,4,10
777669,2025-06-02,Minnesota Twins,Athletics,0,10,4
777675,2025-06-02,Los Angeles Dodgers,New York Mets,1,3,4
777675,2025-06-02,New York Mets,Los Angeles Dodgers,0,4,3
777663,2025-06-03,Pittsburgh Pirates,Houston Astros,1,0,3
777663,2025-06-03,Houston Astros,Pittsburgh Pirates,0,3,0
777666,2025-06-03,Miami Marlins,Colorado Rockies,1,2,3
777666,2025-06-03,Colorado Rockies,Miami Marlins,0,3,2
777659,2025-06-03,Washington Nationals,Chicago Cubs,1,3,8
777659,2025-06-03,Chicago Cubs,Washington Nationals,0,8,3
777664,2025-06-03,New York Yankees,Cleveland Guardians,1,3,2
777664,2025-06-03,Cleveland Guardians,New York Yankees,0,2,3
777665,2025-06-03,Toronto Blue Jays,Philadelphia Phillies,1,3,8
777665,2025-06-03,Philadelphia Phillies,Toronto Blue Jays,0,8,3
777667,2025-06-03,Boston Red Sox,Los Angeles Angels,1,3,4
777667,2025-06-03,Los Angeles Angels,Boston Red Sox,0,4,3
777668,2025-06-03,Cincinnati Reds,Milwaukee Brewers,1,4,2
777668,2025-06-03,Milwaukee Brewers,Cincinnati Reds,0,2,4
777672,2025-06-03,Atlanta Braves,Arizona Diamondbacks,1,3,8
777672,2025-06-03,Arizona Diamondbacks,Atlanta Braves,0,8,3
777662,2025-06-03,Tampa Bay Rays,Texas Rangers,1,5,1
777662,2025-06-03,Texas Rangers,Tampa Bay Rays,0,1,5
777661,2025-06-03,Chicago White Sox,Detroit Tigers,1,8,1
777661,2025-06-03,Detroit Tigers,Chicago White Sox,0,1,8
777660,2025-06-03,St. Louis Cardinals,Kansas City Royals,1,7,10
777660,2025-06-03,Kansas City Royals,St. Louis Cardinals,0,10,7
777655,2025-06-03,Seattle Mariners,Baltimore Orioles,1,1,5
777655,2025-06-03,Baltimore Orioles,Seattle Mariners,0,5,1
777656,2025-06-03,San Francisco Giants,San Diego Padres,1,2,3
777656,2025-06-03,San Diego Padres,San Francisco Giants,0,3,2
777658,2025-06-03,Athletics,Minnesota Twins,1,3,10
777658,2025-06-03,Minnesota Twins,Athletics,0,10,3
777657,2025-06-03,Los Angeles Dodgers,New York Mets,1,6,5
777657,2025-06-03,New York Mets,Los Angeles Dodgers,0,5,6
777652,2025-06-04,Miami Marlins,Colorado Rockies,1,2,3
777652,2025-06-04,Colorado Rockies,Miami Marlins,0,3,2
777647,2025-06-04,Cincinnati Reds,Milwaukee Brewers,1,1,9
777647,2025-06-04,Milwaukee Brewers,Cincinnati Reds,0,9,1
777649,2025-06-04,Boston Red Sox,Los Angeles Angels,1,11,9
777649,2025-06-04,Los Angeles Angels,Boston Red Sox,0,9,11
777648,2025-06-04,Pittsburgh Pirates,Houston Astros,1,3,0
777648,2025-06-04,Houston Astros,Pittsburgh Pirates,0,0,3
777650,2025-06-04,Washington Nationals,Chicago Cubs,1,2,0
777650,2025-06-04,Chicago Cubs,Washington Nationals,0,0,2
777653,2025-06-04,New York Yankees,Cleveland Guardians,1,0,4
777653,2025-06-04,Cleveland Guardians,New York Yankees,0,4,0
777651,2025-06-04,Toronto Blue Jays,Philadelphia Phillies,1,2,1
777651,2025-06-04,Philadelphia Phillies,Toronto Blue Jays,0,1,2
777654,2025-06-04,Atlanta Braves,Arizona Diamondbacks,1,1,2
777654,2025-06-04,Arizona Diamondbacks,Atlanta Braves,0,2,1
777646,2025-06-04,Tampa Bay Rays,Texas Rangers,1,5,4
777646,2025-06-04,Texas Rangers,Tampa Bay Rays,0,4,5
777639,2025-06-04,Chicago White Sox,Detroit Tigers,1,4,5
777639,2025-06-04,Detroit Tigers,Chicago White Sox,0,5,4
777645,2025-06-04,Seattle Mariners,Baltimore Orioles,1,2,3
777645,2025-06-04,Baltimore Orioles,Seattle Mariners,0,3,2
777641,2025-06-04,San Francisco Giants,San Diego Padres,1,6,5
777641,2025-06-04,San Diego Padres,San Francisco Giants,0,5,6
777643,2025-06-04,Athletics,Minnesota Twins,1,1,6
777643,2025-06-04,Minnesota Twins,Athletics,0,6,1
777638,2025-06-04,Los Angeles Dodgers,New York Mets,1,1,6
777638,2025-06-04,New York Mets,Los Angeles Dodgers,0,6,1
777640,2025-06-05,Atlanta Braves,Arizona Diamondbacks,1,10,11
777640,2025-06-05,Arizona Diamondbacks,Atlanta Braves,0,11,10
777642,2025-06-05,St. Louis Cardinals,Kansas City Royals,1,6,5
777642,2025-06-05,Kansas City Royals,St. Louis Cardinals,0,5,6
777635,2025-06-05,St. Louis Cardinals,Kansas City Royals,1,5,7
777635,2025-06-05,Kansas City Royals,St. Louis Cardinals,0,7,5
777634,2025-06-05,Chicago White Sox,Detroit Tigers,1,3,2
777634,2025-06-05,Detroit Tigers,Chicago White Sox,0,2,3
777637,2025-06-05,Toronto Blue Jays,Philadelphia Phillies,1,9,1
777637,2025-06-05,Philadelphia Phillies,Toronto Blue Jays,0,1,9
777636,2025-06-05,Athletics,Minnesota Twins,1,14,3
777636,2025-06-05,Minnesota Twins,Athletics,0,3,14
777628,2025-06-05,Seattle Mariners,Baltimore Orioles,1,3,4
777628,2025-06-05,Baltimore Orioles,Seattle Mariners,0,4,3
777633,2025-06-05,San Francisco Giants,San Diego Padres,1,3,2
777633,2025-06-05,San Diego Padres,San Francisco Giants,0,2,3
777631,2025-06-05,Los Angeles Dodgers,New York Mets,1,6,5
777631,2025-06-05,New York Mets,Los Angeles Dodgers,0,5,6
777630,2025-06-05,Pittsburgh Pirates,Houston Astros,1,2,8
777630,2025-06-05,Houston Astros,Pittsburgh Pirates,0,8,2
777632,2025-06-05,Washington Nationals,Chicago Cubs,1,1,7
777632,2025-06-05,Chicago Cubs,Washington Nationals,0,7,1
777644,2025-06-05,New York Yankees,Cleveland Guardians,1,4,0
777644,2025-06-05,Cleveland Guardians,New York Yankees,0,0,4
777629,2025-06-05,Tampa Bay Rays,Texas Rangers,1,4,3
777629,2025-06-05,Texas Rangers,Tampa Bay Rays,0,3,4
777625,2025-06-06,Tampa Bay Rays,Miami Marlins,1,4,3
777625,2025-06-06,Miami Marlins,Tampa Bay Rays,0,3,4
777621,2025-06-06,Pittsburgh Pirates,Philadelphia Phillies,1,5,4
777621,2025-06-06,Philadelphia Phillies,Pittsburgh Pirates,0,4,5
777624,2025-06-06,Washington Nationals,Texas Rangers,1,2,0
777624,2025-06-06,Texas Rangers,Washington Nationals,0,0,2
777627,2025-06-06,New York Yankees,Boston Red Sox,1,9,6
777627,2025-06-06,Boston Red Sox,New York Yankees,0,6,9
777623,2025-06-06,Cincinnati Reds,Arizona Diamondbacks,1,4,3
777623,2025-06-06,Arizona Diamondbacks,Cincinnati Reds,0,3,4
777626,2025-06-06,Detroit Tigers,Chicago Cubs,1,3,1
777626,2025-06-06,Chicago Cubs,Detroit Tigers,0,1,3
777622,2025-06-06,Cleveland Guardians,Houston Astros,1,2,4
777622,2025-06-06,Houston Astros,Cleveland Guardians,0,4,2
777618,2025-06-06,Chicago White Sox,Kansas City Royals,1,7,2
777618,2025-06-06,Kansas City Royals,Chicago White Sox,0,2,7
777615,2025-06-06,Minnesota Twins,Toronto Blue Jays,1,4,6
777615,2025-06-06,Toronto Blue Jays,Minnesota Twins,0,6,4
777617,2025-06-06,Milwaukee Brewers,San Diego Padres,1,0,2
777617,2025-06-06,San Diego Padres,Milwaukee Brewers,0,2,0
777620,2025-06-06,St. Louis Cardinals,Los Angeles Dodgers,1,5,0
777620,2025-06-06,Los Angeles Dodgers,St. Louis Cardinals,0,0,5
777616,2025-06-06,Colorado Rockies,New York Mets,1,2,4
777616,2025-06-06,New York Mets,Colorado Rockies,0,4,2
777614,2025-06-06,Los Angeles Angels,Seattle Mariners,1,5,4
777614,2025-06-06,Seattle Mariners,Los Angeles Angels,0,4,5
777613,2025-06-06,Athletics,Baltimore Orioles,1,5,4
777613,2025-06-06,Baltimore Orioles,Athletics,0,4,5
777619,2025-06-06,San Francisco Giants,Atlanta Braves,1,5,4
777619,2025-06-06,Atlanta Braves,San Francisco Giants,0,4,5
777609,2025-06-07,Detroit Tigers,Chicago Cubs,1,1,6
777609,2025-06-07,Chicago Cubs,Detroit Tigers,0,6,1
777623,2025-06-07,Cincinnati Reds,Arizona Diamondbacks,1,4,3
777623,2025-06-07,Arizona Diamondbacks,Cincinnati Reds,0,3,4
777600,2025-06-07,Minnesota Twins,Toronto Blue Jays,1,4,5
777600,2025-06-07,Toronto Blue Jays,Minnesota Twins,0,5,4
777601,2025-06-07,St. Louis Cardinals,Los Angeles Dodgers,1,2,1
777601,2025-06-07,Los Angeles Dodgers,St. Louis Cardinals,0,1,2
777610,2025-06-07,Washington Nationals,Texas Rangers,1,0,5
777610,2025-06-07,Texas Rangers,Washington Nationals,0,5,0
777607,2025-06-07,Pittsburgh Pirates,Philadelphia Phillies,1,2,1
777607,2025-06-07,Philadelphia Phillies,Pittsburgh Pirates,0,1,2
777598,2025-06-07,San Francisco Giants,Atlanta Braves,1,3,2
777598,2025-06-07,Atlanta Braves,San Francisco Giants,0,2,3
777612,2025-06-07,Cincinnati Reds,Arizona Diamondbacks,1,13,1
777612,2025-06-07,Arizona Diamondbacks,Cincinnati Reds,0,1,13
777608,2025-06-07,Cleveland Guardians,Houston Astros,1,3,5
777608,2025-06-07,Houston Astros,Cleveland Guardians,0,5,3
777606,2025-06-07,Chicago White Sox,Kansas City Royals,1,4,1
777606,2025-06-07,Kansas City Royals,Chicago White Sox,0,1,4
777611,2025-06-07,Tampa Bay Rays,Miami Marlins,1,10,11
777611,2025-06-07,Miami Marlins,Tampa Bay Rays,0,11,10
777605,2025-06-07,New York Yankees,Boston Red Sox,1,7,10
777605,2025-06-07,Boston Red Sox,New York Yankees,0,10,7
777597,2025-06-07,Milwaukee Brewers,San Diego Padres,1,4,3
777597,2025-06-07,San Diego Padres,Milwaukee Brewers,0,3,4
777603,2025-06-07,Los Angeles Angels,Seattle Mariners,1,8,6
777603,2025-06-07,Seattle Mariners,Los Angeles Angels,0,6,8
777604,2025-06-07,Colorado Rockies,New York Mets,1,1,8
777604,2025-06-07,New York Mets,Colorado Rockies,0,8,1
777599,2025-06-07,Athletics,Baltimore Orioles,1,4,7
777599,2025-06-07,Baltimore Orioles,Athletics,0,7,4
777592,2025-06-08,Tampa Bay Rays,Miami Marlins,1,3,2
777592,2025-06-08,Miami Marlins,Tampa Bay Rays,0,2,3
777586,2025-06-08,Milwaukee Brewers,San Diego Padres,1,0,1
777586,2025-06-08,San Diego Padres,Milwaukee Brewers,0,1,0
777596,2025-06-08,Washington Nationals,Texas Rangers,1,2,4
777596,2025-06-08,Texas Rangers,Washington Nationals,0,4,2
777595,2025-06-08,Pittsburgh Pirates,Philadelphia Phillies,1,2,1
777595,2025-06-08,Philadelphia Phillies,Pittsburgh Pirates,0,1,2
777602,2025-06-08,Cincinnati Reds,Arizona Diamondbacks,1,4,2
777602,2025-06-08,Arizona Diamondbacks,Cincinnati Reds,0,2,4
777594,2025-06-08,Detroit Tigers,Chicago Cubs,1,4,0
777594,2025-06-08,Chicago Cubs,Detroit Tigers,0,0,4
777591,2025-06-08,Cleveland Guardians,Houston Astros,1,4,2
777591,2025-06-08,Houston Astros,Cleveland Guardians,0,2,4
777585,2025-06-08,Minnesota Twins,Toronto Blue Jays,1,6,3
777585,2025-06-08,Toronto Blue Jays,Minnesota Twins,0,3,6
777590,2025-06-08,Chicago White Sox,Kansas City Royals,1,5,7
777590,2025-06-08,Kansas City Royals,Chicago White Sox,0,7,5
777582,2025-06-08,St. Louis Cardinals,Los Angeles Dodgers,1,3,7
777582,2025-06-08,Los Angeles Dodgers,St. Louis Cardinals,0,7,3
777583,2025-06-08,Colorado Rockies,New York Mets,1,5,13
777583,2025-06-08,New York Mets,Colorado Rockies,0,13,5
777588,2025-06-08,Athletics,Baltimore Orioles,1,5,1
777588,2025-06-08,Baltimore Orioles,Athletics,0,1,5
777587,2025-06-08,San Francisco Giants,Atlanta Braves,1,4,3
777587,2025-06-08,Atlanta Braves,San Francisco Giants,0,3,4
777589,2025-06-08,Los Angeles Angels,Seattle Mariners,1,2,3
777589,2025-06-08,Seattle Mariners,Los Angeles Angels,0,3,2
777593,2025-06-08,New York Yankees,Boston Red Sox,1,7,11
777593,2025-06-08,Boston Red Sox,New York Yankees,0,11,7
777580,2025-06-09,Cleveland Guardians,Cincinnati Reds,1,4,7
777580,2025-06-09,Cincinnati Reds,Cleveland Guardians,0,7,4
777574,2025-06-09,Pittsburgh Pirates,Miami Marlins,1,10,3
777574,2025-06-09,Miami Marlins,Pittsburgh Pirates,0,3,10
777578,2025-06-09,Philadelphia Phillies,Chicago Cubs,1,4,3
777578,2025-06-09,Chicago Cubs,Philadelphia Phillies,0,3,4
777584,2025-06-09,Boston Red Sox,Tampa Bay Rays,1,8,10
777584,2025-06-09,Tampa Bay Rays,Boston Red Sox,0,10,8
777575,2025-06-09,Milwaukee Brewers,Atlanta Braves,1,1,7
777575,2025-06-09,Atlanta Braves,Milwaukee Brewers,0,7,1
777581,2025-06-09,St. Louis Cardinals,Toronto Blue Jays,1,4,5
777581,2025-06-09,Toronto Blue Jays,St. Louis Cardinals,0,5,4
777576,2025-06-09,Los Angeles Angels,Athletics,1,7,4
777576,2025-06-09,Athletics,Los Angeles Angels,0,4,7
777579,2025-06-09,San Diego Padres,Los Angeles Dodgers,1,7,8
777579,2025-06-09,Los Angeles Dodgers,San Diego Padres,0,8,7
777577,2025-06-09,Arizona Diamondbacks,Seattle Mariners,1,8,4
777577,2025-06-09,Seattle Mariners,Arizona Diamondbacks,0,4,8
777573,2025-06-10,Baltimore Orioles,Detroit Tigers,1,3,5
777573,2025-06-10,Detroit Tigers,Baltimore Orioles,0,5,3
777569,2025-06-10,Cleveland Guardians,Cincinnati Reds,1,0,1
777569,2025-06-10,Cincinnati Reds,Cleveland Guardians,0,1,0
777566,2025-06-10,Pittsburgh Pirates,Miami Marlins,1,2,3
777566,2025-06-10,Miami Marlins,Pittsburgh Pirates,0,3,2
777571,2025-06-10,Philadelphia Phillies,Chicago Cubs,1,4,8
777571,2025-06-10,Chicago Cubs,Philadelphia Phillies,0,8,4
777570,2025-06-10,New York Mets,Washington Nationals,1,5,4
777570,2025-06-10,Washington Nationals,New York Mets,0,4,5
777565,2025-06-10,Boston Red Sox,Tampa Bay Rays,1,3,1
777565,2025-06-10,Tampa Bay Rays,Boston Red Sox,0,1,3
777557,2025-06-10,Minnesota Twins,Texas Rangers,1,4,16
777557,2025-06-10,Texas Rangers,Minnesota Twins,0,16,4
777572,2025-06-10,Kansas City Royals,New York Yankees,1,2,10
777572,2025-06-10,New York Yankees,Kansas City Royals,0,10,2
777568,2025-06-10,Milwaukee Brewers,Atlanta Braves,1,4,1
777568,2025-06-10,Atlanta Braves,Milwaukee Brewers,0,1,4
777558,2025-06-10,St. Louis Cardinals,Toronto Blue Jays,1,9,10
777558,2025-06-10,Toronto Blue Jays,St. Louis Cardinals,0,10,9
777567,2025-06-10,Houston Astros,Chicago White Sox,1,2,4
777567,2025-06-10,Chicago White Sox,Houston Astros,0,4,2
777563,2025-06-10,Colorado Rockies,San Francisco Giants,1,5,6
777563,2025-06-10,San Francisco Giants,Colorado Rockies,0,6,5
777564,2025-06-10,Los Angeles Angels,Athletics,1,2,1
777564,2025-06-10,Athletics,Los Angeles Angels,0,1,2
777560,2025-06-10,San Diego Padres,Los Angeles Dodgers,1,11,1
777560,2025-06-10,Los Angeles Dodgers,San Diego Padres,0,1,11
777559,2025-06-10,Arizona Diamondbacks,Seattle Mariners,1,10,3
777559,2025-06-10,Seattle Mariners,Arizona Diamondbacks,0,3,10
777552,2025-06-11,Pittsburgh Pirates,Miami Marlins,1,5,2
777552,2025-06-11,Miami Marlins,Pittsburgh Pirates,0,2,5
777553,2025-06-11,Philadelphia Phillies,Chicago Cubs,1,7,2
777553,2025-06-11,Chicago Cubs,Philadelphia Phillies,0,2,7
777549,2025-06-11,Cleveland Guardians,Cincinnati Reds,1,11,2
777549,2025-06-11,Cincinnati Reds,Cleveland Guardians,0,2,11
777554,2025-06-11,Milwaukee Brewers,Atlanta Braves,1,2,6
777554,2025-06-11,Atlanta Braves,Milwaukee Brewers,0,6,2
777545,2025-06-11,St. Louis Cardinals,Toronto Blue Jays,1,2,5
777545,2025-06-11,Toronto Blue Jays,St. Louis Cardinals,0,5,2
777548,2025-06-11,Arizona Diamondbacks,Seattle Mariners,1,5,2
777548,2025-06-11,Seattle Mariners,Arizona Diamondbacks,0,2,5
777542,2025-06-11,Los Angeles Angels,Athletics,1,6,5
777542,2025-06-11,Athletics,Los Angeles Angels,0,5,6
777543,2025-06-11,San Diego Padres,Los Angeles Dodgers,1,2,5
777543,2025-06-11,Los Angeles Dodgers,San Diego Padres,0,5,2
777562,2025-06-11,Baltimore Orioles,Detroit Tigers,1,10,1
777562,2025-06-11,Detroit Tigers,Baltimore Orioles,0,1,10
777555,2025-06-11,New York Mets,Washington Nationals,1,5,0
777555,2025-06-11,Washington Nationals,New York Mets,0,0,5
777561,2025-06-11,Boston Red Sox,Tampa Bay Rays,1,4,3
777561,2025-06-11,Tampa Bay Rays,Boston Red Sox,0,3,4
777556,2025-06-11,Minnesota Twins,Texas Rangers,1,6,2
777556,2025-06-11,Texas Rangers,Minnesota Twins,0,2,6
777551,2025-06-11,Kansas City Royals,New York Yankees,1,3,6
777551,2025-06-11,New York Yankees,Kansas City Royals,0,6,3
777550,2025-06-11,Houston Astros,Chicago White Sox,1,10,2
777550,2025-06-11,Chicago White Sox,Houston Astros,0,2,10
777547,2025-06-11,Colorado Rockies,San Francisco Giants,1,7,10
777547,2025-06-11,San Francisco Giants,Colorado Rockies,0,10,7
777544,2025-06-12,New York Mets,Washington Nationals,1,4,3
777544,2025-06-12,Washington Nationals,New York Mets,0,3,4
777533,2025-06-12,Minnesota Twins,Texas Rangers,1,3,16
777533,2025-06-12,Texas Rangers,Minnesota Twins,0,16,3
777534,2025-06-12,Colorado Rockies,San Francisco Giants,1,8,7
777534,2025-06-12,San Francisco Giants,Colorado Rockies,0,7,8
777540,2025-06-12,Baltimore Orioles,Detroit Tigers,1,1,4
777540,2025-06-12,Detroit Tigers,Baltimore Orioles,0,4,1
777536,2025-06-12,Kansas City Royals,New York Yankees,1,0,1
777536,2025-06-12,New York Yankees,Kansas City Royals,0,1,0
777532,2025-06-12,Milwaukee Brewers,St. Louis Cardinals,1,6,0
777532,2025-06-12,St. Louis Cardinals,Milwaukee Brewers,0,0,6
777541,2025-06-12,Chicago Cubs,Pittsburgh Pirates,1,3,2
777541,2025-06-12,Pittsburgh Pirates,Chicago Cubs,0,2,3
777546,2025-06-12,Houston Astros,Chicago White Sox,1,4,3
777546,2025-06-12,Chicago White Sox,Houston Astros,0,3,4
777526,2025-06-13,Chicago Cubs,Pittsburgh Pirates,1,1,2
777526,2025-06-13,Pittsburgh Pirates,Chicago Cubs,0,2,1
777531,2025-06-13,Philadelphia Phillies,Toronto Blue Jays,1,8,0
777531,2025-06-13,Toronto Blue Jays,Philadelphia Phillies,0,0,8
777530,2025-06-13,Washington Nationals,Miami Marlins,1,9,11
777530,2025-06-13,Miami Marlins,Washington Nationals,0,11,9
777539,2025-06-13,Baltimore Orioles,Los Angeles Angels,1,2,0
777539,2025-06-13,Los Angeles Angels,Baltimore Orioles,0,0,2
777538,2025-06-13,Detroit Tigers,Cincinnati Reds,1,11,5
777538,2025-06-13,Cincinnati Reds,Detroit Tigers,0,5,11
777528,2025-06-13,New York Mets,Tampa Bay Rays,1,5,7
777528,2025-06-13,Tampa Bay Rays,New York Mets,0,7,5
777537,2025-06-13,Boston Red Sox,New York Yankees,1,2,1
777537,2025-06-13,New York Yankees,Boston Red Sox,0,1,2
777535,2025-06-13,Atlanta Braves,Colorado Rockies,1,12,4
777535,2025-06-13,Colorado Rockies,Atlanta Braves,0,4,12
777524,2025-06-13,Texas Rangers,Chicago White Sox,1,3,1
777524,2025-06-13,Chicago White Sox,Texas Rangers,0,1,3
777529,2025-06-13,Kansas City Royals,Athletics,1,4,6
777529,2025-06-13,Athletics,Kansas City Royals,0,6,4
777527,2025-06-13,Houston Astros,Minnesota Twins,1,10,3
777527,2025-06-13,Minnesota Twins,Houston Astros,0,3,10
777525,2025-06-13,Milwaukee Brewers,St. Louis Cardinals,1,3,2
777525,2025-06-13,St. Louis Cardinals,Milwaukee Brewers,0,2,3
777521,2025-06-13,Arizona Diamondbacks,San Diego Padres,1,5,1
777521,2025-06-13,San Diego Padres,Arizona Diamondbacks,0,1,5
777520,2025-06-13,Seattle Mariners,Cleveland Guardians,1,7,2
777520,2025-06-13,Cleveland Guardians,Seattle Mariners,0,2,7
777522,2025-06-13,Los Angeles Dodgers,San Francisco Giants,1,2,6
777522,2025-06-13,San Francisco Giants,Los Angeles Dodgers,0,6,2
777514,2025-06-14,Washington Nationals,Miami Marlins,1,3,4
777514,2025-06-14,Miami Marlins,Washington Nationals,0,4,3
777517,2025-06-14,Detroit Tigers,Cincinnati Reds,1,1,11
777517,2025-06-14,Cincinnati Reds,Detroit Tigers,0,11,1
777513,2025-06-14,Chicago Cubs,Pittsburgh Pirates,1,2,1
777513,2025-06-14,Pittsburgh Pirates,Chicago Cubs,0,1,2
777519,2025-06-14,Baltimore Orioles,Los Angeles Angels,1,6,5
777519,2025-06-14,Los Angeles Angels,Baltimore Orioles,0,5,6
777509,2025-06-14,Philadelphia Phillies,Toronto Blue Jays,1,3,2
777509,2025-06-14,Toronto Blue Jays,Philadelphia Phillies,0,2,3
777508,2025-06-14,Texas Rangers,Chicago White Sox,1,5,4
777508,2025-06-14,Chicago White Sox,Texas Rangers,0,4,5
777511,2025-06-14,Kansas City Royals,Athletics,1,0,4
777511,2025-06-14,Athletics,Kansas City Royals,0,4,0
777518,2025-06-14,New York Mets,Tampa Bay Rays,1,4,8
777518,2025-06-14,Tampa Bay Rays,New York Mets,0,8,4
777510,2025-06-14,Houston Astros,Minnesota Twins,1,3,2
777510,2025-06-14,Minnesota Twins,Houston Astros,0,2,3
777523,2025-06-14,Atlanta Braves,Colorado Rockies,1,4,1
777523,2025-06-14,Colorado Rockies,Atlanta Braves,0,1,4
777512,2025-06-14,Milwaukee Brewers,St. Louis Cardinals,1,5,8
777512,2025-06-14,St. Louis Cardinals,Milwaukee Brewers,0,8,5
777515,2025-06-14,Arizona Diamondbacks,San Diego Padres,1,8,7
777515,2025-06-14,San Diego Padres,Arizona Diamondbacks,0,7,8
777516,2025-06-14,Boston Red Sox,New York Yankees,1,4,3
777516,2025-06-14,New York Yankees,Boston Red Sox,0,3,4
777507,2025-06-14,Seattle Mariners,Cleveland Guardians,1,4,3
777507,2025-06-14,Cleveland Guardians,Seattle Mariners,0,3,4
777506,2025-06-14,Los Angeles Dodgers,San Francisco Giants,1,11,5
777506,2025-06-14,San Francisco Giants,Los Angeles Dodgers,0,5,11
777505,2025-06-15,Detroit Tigers,Cincinnati Reds,1,4,8
777505,2025-06-15,Cincinnati Reds,Detroit Tigers,0,8,4
777501,2025-06-15,Baltimore Orioles,Los Angeles Angels,1,11,2
777501,2025-06-15,Los Angeles Angels,Baltimore Orioles,0,2,11
777499,2025-06-15,Philadelphia Phillies,Toronto Blue Jays,1,11,4
777499,2025-06-15,Toronto Blue Jays,Philadelphia Phillies,0,4,11
777504,2025-06-15,Atlanta Braves,Colorado Rockies,1,1,10
777504,2025-06-15,Colorado Rockies,Atlanta Braves,0,10,1
777503,2025-06-15,Washington Nationals,Miami Marlins,1,1,3
777503,2025-06-15,Miami Marlins,Washington Nationals,0,3,1
777500,2025-06-15,Boston Red Sox,New York Yankees,1,2,0
777500,2025-06-15,New York Yankees,Boston Red Sox,0,0,2
777502,2025-06-15,New York Mets,Tampa Bay Rays,1,0,9
777502,2025-06-15,Tampa Bay Rays,New York Mets,0,9,0
777496,2025-06-15,Kansas City Royals,Athletics,1,2,3
777496,2025-06-15,Athletics,Kansas City Royals,0,3,2
777494,2025-06-15,Houston Astros,Minnesota Twins,1,2,1
777494,2025-06-15,Minnesota Twins,Houston Astros,0,1,2
777492,2025-06-15,Milwaukee Brewers,St. Louis Cardinals,1,3,2
777492,2025-06-15,St. Louis Cardinals,Milwaukee Brewers,0,2,3
777497,2025-06-15,Chicago Cubs,Pittsburgh Pirates,1,3,2
777497,2025-06-15,Pittsburgh Pirates,Chicago Cubs,0,2,3
777493,2025-06-15,Texas Rangers,Chicago White Sox,1,2,1
777493,2025-06-15,Chicago White Sox,Texas Rangers,0,1,2
777491,2025-06-15,Arizona Diamondbacks,San Diego Padres,1,2,8
777491,2025-06-15,San Diego Padres,Arizona Diamondbacks,0,8,2
777495,2025-06-15,Seattle Mariners,Cleveland Guardians,1,6,0
777495,2025-06-15,Cleveland Guardians,Seattle Mariners,0,0,6
777498,2025-06-15,Los Angeles Dodgers,San Francisco Giants,1,5,4
777498,2025-06-15,San Francisco Giants,Los Angeles Dodgers,0,4,5
777483,2025-06-16,Miami Marlins,Philadelphia Phillies,1,2,5
777483,2025-06-16,Philadelphia Phillies,Miami Marlins,0,5,2
777488,2025-06-16,Washington Nationals,Colorado Rockies,1,4,6
777488,2025-06-16,Colorado Rockies,Washington Nationals,0,6,4
777487,2025-06-16,New York Yankees,Los Angeles Angels,1,0,1
777487,2025-06-16,Los Angeles Angels,New York Yankees,0,1,0
777484,2025-06-16,Tampa Bay Rays,Baltimore Orioles,1,7,1
777484,2025-06-16,Baltimore Orioles,Tampa Bay Rays,0,1,7
777486,2025-06-16,Seattle Mariners,Boston Red Sox,1,0,2
777486,2025-06-16,Boston Red Sox,Seattle Mariners,0,2,0
777485,2025-06-16,Athletics,Houston Astros,1,3,1
777485,2025-06-16,Houston Astros,Athletics,0,1,3
777490,2025-06-16,Los Angeles Dodgers,San Diego Padres,1,6,3
777490,2025-06-16,San Diego Padres,Los Angeles Dodgers,0,3,6
777481,2025-06-17,Miami Marlins,Philadelphia Phillies,1,8,3
777481,2025-06-17,Philadelphia Phillies,Miami Marlins,0,3,8
777475,2025-06-17,Detroit Tigers,Pittsburgh Pirates,1,7,3
777475,2025-06-17,Pittsburgh Pirates,Detroit Tigers,0,3,7
777480,2025-06-17,Washington Nationals,Colorado Rockies,1,6,10
777480,2025-06-17,Colorado Rockies,Washington Nationals,0,10,6
777476,2025-06-17,New York Yankees,Los Angeles Angels,1,0,4
777476,2025-06-17,Los Angeles Angels,New York Yankees,0,4,0
777479,2025-06-17,Toronto Blue Jays,Arizona Diamondbacks,1,5,4
777479,2025-06-17,Arizona Diamondbacks,Toronto Blue Jays,0,4,5
777478,2025-06-17,Cincinnati Reds,Minnesota Twins,1,6,5
777478,2025-06-17,Minnesota Twins,Cincinnati Reds,0,5,6
777489,2025-06-17,Atlanta Braves,New York Mets,1,5,4
777489,2025-06-17,New York Mets,Atlanta Braves,0,4,5
777477,2025-06-17,Tampa Bay Rays,Baltimore Orioles,1,1,5
777477,2025-06-17,Baltimore Orioles,Tampa Bay Rays,0,5,1
777467,2025-06-17,Chicago White Sox,St. Louis Cardinals,1,2,12
777467,2025-06-17,St. Louis Cardinals,Chicago White Sox,0,12,2
777468,2025-06-17,Texas Rangers,Kansas City Royals,1,1,6
777468,2025-06-17,Kansas City Royals,Texas Rangers,0,6,1
777482,2025-06-17,Chicago Cubs,Milwaukee Brewers,1,5,3
777482,2025-06-17,Milwaukee Brewers,Chicago Cubs,0,3,5
777473,2025-06-17,Seattle Mariners,Boston Red Sox,1,8,0
777473,2025-06-17,Boston Red Sox,Seattle Mariners,0,0,8
777472,2025-06-17,San Francisco Giants,Cleveland Guardians,1,2,3
777472,2025-06-17,Cleveland Guardians,San Francisco Giants,0,3,2
777469,2025-06-17,Athletics,Houston Astros,1,3,13
777469,2025-06-17,Houston Astros,Athletics,0,13,3
777471,2025-06-17,Los Angeles Dodgers,San Diego Padres,1,8,6
777471,2025-06-17,San Diego Padres,Los Angeles Dodgers,0,6,8
777453,2025-06-18,Seattle Mariners,Boston Red Sox,1,1,3
777453,2025-06-18,Boston Red Sox,Seattle Mariners,0,3,1
777465,2025-06-18,Miami Marlins,Philadelphia Phillies,1,2,4
777465,2025-06-18,Philadelphia Phillies,Miami Marlins,0,4,2
777461,2025-06-18,Washington Nationals,Colorado Rockies,1,1,3
777461,2025-06-18,Colorado Rockies,Washington Nationals,0,3,1
777466,2025-06-18,New York Yankees,Los Angeles Angels,1,2,3
777466,2025-06-18,Los Angeles Angels,New York Yankees,0,3,2
777462,2025-06-18,Toronto Blue Jays,Arizona Diamondbacks,1,8,1
777462,2025-06-18,Arizona Diamondbacks,Toronto Blue Jays,0,1,8
777474,2025-06-18,Cincinnati Reds,Minnesota Twins,1,4,2
777474,2025-06-18,Minnesota Twins,Cincinnati Reds,0,2,4
777470,2025-06-18,Atlanta Braves,New York Mets,1,5,0
777470,2025-06-18,New York Mets,Atlanta Braves,0,0,5
777463,2025-06-18,Tampa Bay Rays,Baltimore Orioles,1,12,8
777463,2025-06-18,Baltimore Orioles,Tampa Bay Rays,0,8,12
777460,2025-06-18,Texas Rangers,Kansas City Royals,1,3,6
777460,2025-06-18,Kansas City Royals,Texas Rangers,0,6,3
777454,2025-06-18,San Francisco Giants,Cleveland Guardians,1,2,4
777454,2025-06-18,Cleveland Guardians,San Francisco Giants,0,4,2
777456,2025-06-18,Athletics,Houston Astros,1,4,11
777456,2025-06-18,Houston Astros,Athletics,0,11,4
777457,2025-06-18,Los Angeles Dodgers,San Diego Padres,1,4,3
777457,2025-06-18,San Diego Padres,Los Angeles Dodgers,0,3,4
777452,2025-06-19,Cincinnati Reds,Minnesota Twins,1,5,12
777452,2025-06-19,Minnesota Twins,Cincinnati Reds,0,12,5
777445,2025-06-19,Washington Nationals,Colorado Rockies,1,4,3
777445,2025-06-19,Colorado Rockies,Washington Nationals,0,3,4
777449,2025-06-19,New York Yankees,Los Angeles Angels,1,7,3
777449,2025-06-19,Los Angeles Angels,New York Yankees,0,3,7
777451,2025-06-19,Detroit Tigers,Pittsburgh Pirates,1,9,2
777451,2025-06-19,Pittsburgh Pirates,Detroit Tigers,0,2,9
777464,2025-06-19,Detroit Tigers,Pittsburgh Pirates,1,4,8
777464,2025-06-19,Pittsburgh Pirates,Detroit Tigers,0,8,4
777447,2025-06-19,Chicago White Sox,St. Louis Cardinals,1,4,5
777447,2025-06-19,St. Louis Cardinals,Chicago White Sox,0,5,4
777458,2025-06-19,Chicago White Sox,St. Louis Cardinals,1,6,8
777458,2025-06-19,St. Louis Cardinals,Chicago White Sox,0,8,6
777450,2025-06-19,Chicago Cubs,Milwaukee Brewers,1,7,8
777450,2025-06-19,Milwaukee Brewers,Chicago Cubs,0,8,7
777443,2025-06-19,Texas Rangers,Kansas City Royals,1,1,4
777443,2025-06-19,Kansas City Royals,Texas Rangers,0,4,1
777448,2025-06-19,Toronto Blue Jays,Arizona Diamondbacks,1,5,9
777448,2025-06-19,Arizona Diamondbacks,Toronto Blue Jays,0,9,5
777440,2025-06-19,San Francisco Giants,Cleveland Guardians,1,2,1
777440,2025-06-19,Cleveland Guardians,San Francisco Giants,0,1,2
777444,2025-06-19,Miami Marlins,Philadelphia Phillies,1,1,2
777444,2025-06-19,Philadelphia Phillies,Miami Marlins,0,2,1
777455,2025-06-19,Atlanta Braves,New York Mets,1,7,1
777455,2025-06-19,New York Mets,Atlanta Braves,0,1,7
777446,2025-06-19,Tampa Bay Rays,Baltimore Orioles,1,1,4
777446,2025-06-19,Baltimore Orioles,Tampa Bay Rays,0,4,1
777441,2025-06-19,Athletics,Houston Astros,1,6,4
777441,2025-06-19,Houston Astros,Athletics,0,4,6
777442,2025-06-19,Los Angeles Dodgers,San Diego Padres,1,3,5
777442,2025-06-19,San Diego Padres,Los Angeles Dodgers,0,5,3
777436,2025-06-20,Chicago Cubs,Seattle Mariners,1,4,9
777436,2025-06-20,Seattle Mariners,Chicago Cubs,0,9,4
777432,2025-06-20,Pittsburgh Pirates,Texas Rangers,1,2,6
777432,2025-06-20,Texas Rangers,Pittsburgh Pirates,0,6,2
777431,2025-06-20,Tampa Bay Rays,Detroit Tigers,1,14,8
777431,2025-06-20,Detroit Tigers,Tampa Bay Rays,0,8,14
777438,2025-06-20,New York Yankees,Baltimore Orioles,1,3,5
777438,2025-06-20,Baltimore Orioles,New York Yankees,0,5,3
777435,2025-06-20,Toronto Blue Jays,Chicago White Sox,1,1,7
777435,2025-06-20,Chicago White Sox,Toronto Blue Jays,0,7,1
777439,2025-06-20,Miami Marlins,Atlanta Braves,1,6,2
777439,2025-06-20,Atlanta Braves,Miami Marlins,0,2,6
777433,2025-06-20,St. Louis Cardinals,Cincinnati Reds,1,6,1
777433,2025-06-20,Cincinnati Reds,St. Louis Cardinals,0,1,6
777437,2025-06-20,Philadelphia Phillies,New York Mets,1,10,2
777437,2025-06-20,New York Mets,Philadelphia Phillies,0,2,10
777434,2025-06-20,Minnesota Twins,Milwaukee Brewers,1,6,17
777434,2025-06-20,Milwaukee Brewers,Minnesota Twins,0,17,6
777430,2025-06-20,Colorado Rockies,Arizona Diamondbacks,1,8,14
777430,2025-06-20,Arizona Diamondbacks,Colorado Rockies,0,14,8
777428,2025-06-20,Los Angeles Angels,Houston Astros,1,2,3
777428,2025-06-20,Houston Astros,Los Angeles Angels,0,3,2
777426,2025-06-20,San Diego Padres,Kansas City Royals,1,5,6
777426,2025-06-20,Kansas City Royals,San Diego Padres,0,6,5
777429,2025-06-20,Athletics,Cleveland Guardians,1,5,1
777429,2025-06-20,Cleveland Guardians,Athletics,0,1,5
777427,2025-06-20,Los Angeles Dodgers,Washington Nationals,1,6,5
777427,2025-06-20,Washington Nationals,Los Angeles Dodgers,0,5,6
777425,2025-06-20,San Francisco Giants,Boston Red Sox,1,5,7
777425,2025-06-20,Boston Red Sox,San Francisco Giants,0,7,5
777420,2025-06-21,Tampa Bay Rays,Detroit Tigers,1,8,3
777420,2025-06-21,Detroit Tigers,Tampa Bay Rays,0,3,8
777422,2025-06-21,New York Yankees,Baltimore Orioles,1,9,0
777422,2025-06-21,Baltimore Orioles,New York Yankees,0,0,9
777412,2025-06-21,Minnesota Twins,Milwaukee Brewers,1,0,9
777412,2025-06-21,Milwaukee Brewers,Minnesota Twins,0,9,0
777415,2025-06-21,St. Louis Cardinals,Cincinnati Reds,1,6,5
777415,2025-06-21,Cincinnati Reds,St. Louis Cardinals,0,5,6
777419,2025-06-21,Chicago Cubs,Seattle Mariners,1,10,7
777419,2025-06-21,Seattle Mariners,Chicago Cubs,0,7,10
777418,2025-06-21,Toronto Blue Jays,Chicago White Sox,1,7,1
777418,2025-06-21,Chicago White Sox,Toronto Blue Jays,0,1,7
777417,2025-06-21,San Francisco Giants,Boston Red Sox,1,3,2
777417,2025-06-21,Boston Red Sox,San Francisco Giants,0,2,3
777421,2025-06-21,Pittsburgh Pirates,Texas Rangers,1,2,3
777421,2025-06-21,Texas Rangers,Pittsburgh Pirates,0,3,2
777424,2025-06-21,Miami Marlins,Atlanta Braves,1,0,7
777424,2025-06-21,Atlanta Braves,Miami Marlins,0,7,0
777413,2025-06-21,San Diego Padres,Kansas City Royals,1,5,1
777413,2025-06-21,Kansas City Royals,San Diego Padres,0,1,5
777423,2025-06-21,Philadelphia Phillies,New York Mets,1,4,11
777423,2025-06-21,New York Mets,Philadelphia Phillies,0,11,4
777410,2025-06-21,Colorado Rockies,Arizona Diamondbacks,1,3,5
777410,2025-06-21,Arizona Diamondbacks,Colorado Rockies,0,5,3
777414,2025-06-21,Los Angeles Angels,Houston Astros,1,9,1
777414,2025-06-21,Houston Astros,Los Angeles Angels,0,1,9
777411,2025-06-21,Athletics,Cleveland Guardians,1,2,4
777411,2025-06-21,Cleveland Guardians,Athletics,0,4,2
777416,2025-06-21,Los Angeles Dodgers,Washington Nationals,1,3,7
777416,2025-06-21,Washington Nationals,Los Angeles Dodgers,0,7,3
777406,2025-06-22,New York Yankees,Baltimore Orioles,1,4,2
777406,2025-06-22,Baltimore Orioles,New York Yankees,0,2,4
777409,2025-06-22,Tampa Bay Rays,Detroit Tigers,1,3,9
777409,2025-06-22,Detroit Tigers,Tampa Bay Rays,0,9,3
777404,2025-06-22,Pittsburgh Pirates,Texas Rangers,1,8,3
777404,2025-06-22,Texas Rangers,Pittsburgh Pirates,0,3,8
777408,2025-06-22,Toronto Blue Jays,Chicago White Sox,1,2,4
777408,2025-06-22,Chicago White Sox,Toronto Blue Jays,0,4,2
777402,2025-06-22,Miami Marlins,Atlanta Braves,1,5,3
777402,2025-06-22,Atlanta Braves,Miami Marlins,0,3,5
777401,2025-06-22,Minnesota Twins,Milwaukee Brewers,1,8,9
777401,2025-06-22,Milwaukee Brewers,Minnesota Twins,0,9,8
777407,2025-06-22,St. Louis Cardinals,Cincinnati Reds,1,1,4
777407,2025-06-22,Cincinnati Reds,St. Louis Cardinals,0,4,1
777403,2025-06-22,Chicago Cubs,Seattle Mariners,1,6,14
777403,2025-06-22,Seattle Mariners,Chicago Cubs,0,14,6
777399,2025-06-22,Colorado Rockies,Arizona Diamondbacks,1,4,2
777399,2025-06-22,Arizona Diamondbacks,Colorado Rockies,0,2,4
777400,2025-06-22,Athletics,Cleveland Guardians,1,0,3
777400,2025-06-22,Cleveland Guardians,Athletics,0,3,0
777395,2025-06-22,San Francisco Giants,Boston Red Sox,1,9,5
777395,2025-06-22,Boston Red Sox,San Francisco Giants,0,5,9
777397,2025-06-22,Los Angeles Angels,Houston Astros,1,7,8
777397,2025-06-22,Houston Astros,Los Angeles Angels,0,8,7
777398,2025-06-22,Los Angeles Dodgers,Washington Nationals,1,13,7
777398,2025-06-22,Washington Nationals,Los Angeles Dodgers,0,7,13
777396,2025-06-22,San Diego Padres,Kansas City Royals,1,3,2
777396,2025-06-22,Kansas City Royals,San Diego Padres,0,2,3
777405,2025-06-22,Philadelphia Phillies,New York Mets,1,7,1
777405,2025-06-22,New York Mets,Philadelphia Phillies,0,1,7
777394,2025-06-23,Baltimore Orioles,Texas Rangers,1,6,0
777394,2025-06-23,Texas Rangers,Baltimore Orioles,0,0,6
777389,2025-06-23,New York Mets,Atlanta Braves,1,2,3
777389,2025-06-23,Atlanta Braves,New York Mets,0,3,2
777390,2025-06-23,Cincinnati Reds,New York Yankees,1,6,1
777390,2025-06-23,New York Yankees,Cincinnati Reds,0,1,6
777388,2025-06-23,Minnesota Twins,Seattle Mariners,1,2,11
777388,2025-06-23,Seattle Mariners,Minnesota Twins,0,11,2
777393,2025-06-23,Chicago White Sox,Arizona Diamondbacks,1,0,10
777393,2025-06-23,Arizona Diamondbacks,Chicago White Sox,0,10,0
777391,2025-06-23,Milwaukee Brewers,Pittsburgh Pirates,1,4,5
777391,2025-06-23,Pittsburgh Pirates,Milwaukee Brewers,0,5,4
777392,2025-06-23,St. Louis Cardinals,Chicago Cubs,1,8,2
777392,2025-06-23,Chicago Cubs,St. Louis Cardinals,0,2,8
777381,2025-06-23,Los Angeles Angels,Boston Red Sox,1,9,5
777381,2025-06-23,Boston Red Sox,Los Angeles Angels,0,5,9
777382,2025-06-23,San Diego Padres,Washington Nationals,1,6,10
777382,2025-06-23,Washington Nationals,San Diego Padres,0,10,6
777380,2025-06-24,Baltimore Orioles,Texas Rangers,1,5,6
777380,2025-06-24,Texas Rangers,Baltimore Orioles,0,6,5
777386,2025-06-24,Detroit Tigers,Athletics,1,11,4
777386,2025-06-24,Athletics,Detroit Tigers,0,4,11
777384,2025-06-24,Cleveland Guardians,Toronto Blue Jays,1,6,10
777384,2025-06-24,Toronto Blue Jays,Cleveland Guardians,0,10,6
777387,2025-06-24,New York Mets,Atlanta Braves,1,4,7
777387,2025-06-24,Atlanta Braves,New York Mets,0,7,4
777385,2025-06-24,Cincinnati Reds,New York Yankees,1,5,4
777385,2025-06-24,New York Yankees,Cincinnati Reds,0,4,5
777378,2025-06-24,Kansas City Royals,Tampa Bay Rays,1,1,5
777378,2025-06-24,Tampa Bay Rays,Kansas City Royals,0,5,1
777375,2025-06-24,Minnesota Twins,Seattle Mariners,1,5,6
777375,2025-06-24,Seattle Mariners,Minnesota Twins,0,6,5
777383,2025-06-24,Chicago White Sox,Arizona Diamondbacks,1,1,4
777383,2025-06-24,Arizona Diamondbacks,Chicago White Sox,0,4,1
777374,2025-06-24,Milwaukee Brewers,Pittsburgh Pirates,1,9,3
777374,2025-06-24,Pittsburgh Pirates,Milwaukee Brewers,0,3,9
777373,2025-06-24,St. Louis Cardinals,Chicago Cubs,1,8,7
777373,2025-06-24,Chicago Cubs,St. Louis Cardinals,0,7,8
777377,2025-06-24,Houston Astros,Philadelphia Phillies,1,1,0
777377,2025-06-24,Philadelphia Phillies,Houston Astros,0,0,1
777379,2025-06-24,Colorado Rockies,Los Angeles Dodgers,1,7,9
777379,2025-06-24,Los Angeles Dodgers,Colorado Rockies,0,9,7
777376,2025-06-24,Los Angeles Angels,Boston Red Sox,1,3,2
777376,2025-06-24,Boston Red Sox,Los Angeles Angels,0,2,3
777372,2025-06-24,San Diego Padres,Washington Nationals,1,4,3
777372,2025-06-24,Washington Nationals,San Diego Padres,0,3,4
777364,2025-06-24,San Francisco Giants,Miami Marlins,1,2,4
777364,2025-06-24,Miami Marlins,San Francisco Giants,0,4,2
777370,2025-06-25,Chicago White Sox,Arizona Diamondbacks,1,7,3
777370,2025-06-25,Arizona Diamondbacks,Chicago White Sox,0,3,7
777361,2025-06-25,Milwaukee Brewers,Pittsburgh Pirates,1,4,2
777361,2025-06-25,Pittsburgh Pirates,Milwaukee Brewers,0,2,4
777362,2025-06-25,Los Angeles Angels,Boston Red Sox,1,5,2
777362,2025-06-25,Boston Red Sox,Los Angeles Angels,0,2,5
777360,2025-06-25,San Diego Padres,Washington Nationals,1,1,0
777360,2025-06-25,Washington Nationals,San Diego Padres,0,0,1
777365,2025-06-25,Baltimore Orioles,Texas Rangers,1,0,7
777365,2025-06-25,Texas Rangers,Baltimore Orioles,0,7,0
777371,2025-06-25,Detroit Tigers,Athletics,1,0,3
777371,2025-06-25,Athletics,Detroit Tigers,0,3,0
777368,2025-06-25,Cleveland Guardians,Toronto Blue Jays,1,5,4
777368,2025-06-25,Toronto Blue Jays,Cleveland Guardians,0,4,5
777369,2025-06-25,New York Mets,Atlanta Braves,1,7,3
777369,2025-06-25,Atlanta Braves,New York Mets,0,3,7
777367,2025-06-25,Cincinnati Reds,New York Yankees,1,1,7
777367,2025-06-25,New York Yankees,Cincinnati Reds,0,7,1
777359,2025-06-25,Kansas City Royals,Tampa Bay Rays,1,0,3
777359,2025-06-25,Tampa Bay Rays,Kansas City Royals,0,3,0
777363,2025-06-25,Minnesota Twins,Seattle Mariners,1,2,0
777363,2025-06-25,Seattle Mariners,Minnesota Twins,0,0,2
777357,2025-06-25,St. Louis Cardinals,Chicago Cubs,1,0,8
777357,2025-06-25,Chicago Cubs,St. Louis Cardinals,0,8,0
777366,2025-06-25,Houston Astros,Philadelphia Phillies,1,2,0
777366,2025-06-25,Philadelphia Phillies,Houston Astros,0,0,2
777358,2025-06-25,Colorado Rockies,Los Angeles Dodgers,1,1,8
777358,2025-06-25,Los Angeles Dodgers,Colorado Rockies,0,8,1
777355,2025-06-25,San Francisco Giants,Miami Marlins,1,5,8
777355,2025-06-25,Miami Marlins,San Francisco Giants,0,8,5
777351,2025-06-26,Detroit Tigers,Athletics,1,8,0
777351,2025-06-26,Athletics,Detroit Tigers,0,0,8
777354,2025-06-26,Cleveland Guardians,Toronto Blue Jays,1,0,6
777354,2025-06-26,Toronto Blue Jays,Cleveland Guardians,0,6,0
777356,2025-06-26,Minnesota Twins,Seattle Mariners,1,10,1
777356,2025-06-26,Seattle Mariners,Minnesota Twins,0,1,10
777353,2025-06-26,Kansas City Royals,Tampa Bay Rays,1,0,4
777353,2025-06-26,Tampa Bay Rays,Kansas City Royals,0,4,0
777350,2025-06-26,Houston Astros,Philadelphia Phillies,1,2,1
777350,2025-06-26,Philadelphia Phillies,Houston Astros,0,1,2
777348,2025-06-26,St. Louis Cardinals,Chicago Cubs,1,0,3
777348,2025-06-26,Chicago Cubs,St. Louis Cardinals,0,3,0
777344,2025-06-26,Colorado Rockies,Los Angeles Dodgers,1,1,3
777344,2025-06-26,Los Angeles Dodgers,Colorado Rockies,0,3,1
777347,2025-06-26,San Francisco Giants,Miami Marlins,1,5,12
777347,2025-06-26,Miami Marlins,San Francisco Giants,0,12,5
777352,2025-06-26,New York Mets,Atlanta Braves,1,4,0
777352,2025-06-26,Atlanta Braves,New York Mets,0,0,4
777341,2025-06-27,Pittsburgh Pirates,New York Mets,1,9,1
777341,2025-06-27,New York Mets,Pittsburgh Pirates,0,1,9
777343,2025-06-27,Baltimore Orioles,Tampa Bay Rays,1,22,8
777343,2025-06-27,Tampa Bay Rays,Baltimore Orioles,0,8,22
777337,2025-06-27,New York Yankees,Athletics,1,3,0
777337,2025-06-27,Athletics,New York Yankees,0,0,3
777346,2025-06-27,Cincinnati Reds,San Diego Padres,1,8,1
777346,2025-06-27,San Diego Padres,Cincinnati Reds,0,1,8
777349,2025-06-27,Cleveland Guardians,St. Louis Cardinals,1,0,5
777349,2025-06-27,St. Louis Cardinals,Cleveland Guardians,0,5,0
777345,2025-06-27,Boston Red Sox,Toronto Blue Jays,1,0,9
777345,2025-06-27,Toronto Blue Jays,Boston Red Sox,0,9,0
777334,2025-06-27,Detroit Tigers,Minnesota Twins,1,1,4
777334,2025-06-27,Minnesota Twins,Detroit Tigers,0,4,1
777342,2025-06-27,Atlanta Braves,Philadelphia Phillies,1,0,13
777342,2025-06-27,Philadelphia Phillies,Atlanta Braves,0,13,0
777338,2025-06-27,Chicago White Sox,San Francisco Giants,1,1,3
777338,2025-06-27,San Francisco Giants,Chicago White Sox,0,3,1
777340,2025-06-27,Texas Rangers,Seattle Mariners,1,6,7
777340,2025-06-27,Seattle Mariners,Texas Rangers,0,7,6
777336,2025-06-27,Houston Astros,Chicago Cubs,1,7,4
777336,2025-06-27,Chicago Cubs,Houston Astros,0,4,7
777335,2025-06-27,Kansas City Royals,Los Angeles Dodgers,1,4,5
777335,2025-06-27,Los Angeles Dodgers,Kansas City Royals,0,5,4
777339,2025-06-27,Milwaukee Brewers,Colorado Rockies,1,10,6
777339,2025-06-27,Colorado Rockies,Milwaukee Brewers,0,6,10
777331,2025-06-27,Los Angeles Angels,Washington Nationals,1,9,15
777331,2025-06-27,Washington Nationals,Los Angeles Angels,0,15,9
777332,2025-06-27,Arizona Diamondbacks,Miami Marlins,1,8,9
777332,2025-06-27,Miami Marlins,Arizona Diamondbacks,0,9,8
777326,2025-06-28,New York Yankees,Athletics,1,0,7
777326,2025-06-28,Athletics,New York Yankees,0,7,0
777324,2025-06-28,Detroit Tigers,Minnesota Twins,1,10,5
777324,2025-06-28,Minnesota Twins,Detroit Tigers,0,5,10
777325,2025-06-28,Pittsburgh Pirates,New York Mets,1,9,2
777325,2025-06-28,New York Mets,Pittsburgh Pirates,0,2,9
777330,2025-06-28,Baltimore Orioles,Tampa Bay Rays,1,3,11
777330,2025-06-28,Tampa Bay Rays,Baltimore Orioles,0,11,3
777322,2025-06-28,Texas Rangers,Seattle Mariners,1,3,2
777322,2025-06-28,Seattle Mariners,Texas Rangers,0,2,3
777319,2025-06-28,Kansas City Royals,Los Angeles Dodgers,1,9,5
777319,2025-06-28,Los Angeles Dodgers,Kansas City Royals,0,5,9
777328,2025-06-28,Cincinnati Reds,San Diego Padres,1,4,6
777328,2025-06-28,San Diego Padres,Cincinnati Reds,0,6,4
777329,2025-06-28,Cleveland Guardians,St. Louis Cardinals,1,6,9
777329,2025-06-28,St. Louis Cardinals,Cleveland Guardians,0,9,6
777323,2025-06-28,Boston Red Sox,Toronto Blue Jays,1,15,1
777323,2025-06-28,Toronto Blue Jays,Boston Red Sox,0,1,15
777327,2025-06-28,Chicago White Sox,San Francisco Giants,1,1,0
777327,2025-06-28,San Francisco Giants,Chicago White Sox,0,0,1
777318,2025-06-28,Arizona Diamondbacks,Miami Marlins,1,7,8
777318,2025-06-28,Miami Marlins,Arizona Diamondbacks,0,8,7
777321,2025-06-28,Milwaukee Brewers,Colorado Rockies,1,5,0
777321,2025-06-28,Colorado Rockies,Milwaukee Brewers,0,0,5
777320,2025-06-28,Houston Astros,Chicago Cubs,1,3,12
777320,2025-06-28,Chicago Cubs,Houston Astros,0,12,3
777333,2025-06-28,Atlanta Braves,Philadelphia Phillies,1,6,1
777333,2025-06-28,Philadelphia Phillies,Atlanta Braves,0,1,6
777315,2025-06-28,Los Angeles Angels,Washington Nationals,1,8,2
777315,2025-06-28,Washington Nationals,Los Angeles Angels,0,2,8
777309,2025-06-29,Cleveland Guardians,St. Louis Cardinals,1,0,7
777309,2025-06-29,St. Louis Cardinals,Cleveland Guardians,0,7,0
777313,2025-06-29,Pittsburgh Pirates,New York Mets,1,12,1
777313,2025-06-29,New York Mets,Pittsburgh Pirates,0,1,12
777317,2025-06-29,Baltimore Orioles,Tampa Bay Rays,1,5,1
777317,2025-06-29,Tampa Bay Rays,Baltimore Orioles,0,1,5
777310,2025-06-29,Boston Red Sox,Toronto Blue Jays,1,3,5
777310,2025-06-29,Toronto Blue Jays,Boston Red Sox,0,5,3
777316,2025-06-29,Atlanta Braves,Philadelphia Phillies,1,1,2
777316,2025-06-29,Philadelphia Phillies,Atlanta Braves,0,2,1
777307,2025-06-29,New York Yankees,Athletics,1,12,5
777307,2025-06-29,Athletics,New York Yankees,0,5,12
777312,2025-06-29,Cincinnati Reds,San Diego Padres,1,3,2
777312,2025-06-29,San Diego Padres,Cincinnati Reds,0,2,3
777308,2025-06-29,Houston Astros,Chicago Cubs,1,2,0
777308,2025-06-29,Chicago Cubs,Houston Astros,0,0,2
777304,2025-06-29,Kansas City Royals,Los Angeles Dodgers,1,1,5
777304,2025-06-29,Los Angeles Dodgers,Kansas City Royals,0,5,1
777311,2025-06-29,Chicago White Sox,San Francisco Giants,1,5,2
777311,2025-06-29,San Francisco Giants,Chicago White Sox,0,2,5
777301,2025-06-29,Milwaukee Brewers,Colorado Rockies,1,3,4
777301,2025-06-29,Colorado Rockies,Milwaukee Brewers,0,4,3
777302,2025-06-29,Texas Rangers,Seattle Mariners,1,4,6
777302,2025-06-29,Seattle Mariners,Texas Rangers,0,6,4
777305,2025-06-29,Los Angeles Angels,Washington Nationals,1,4,7
777305,2025-06-29,Washington Nationals,Los Angeles Angels,0,7,4
777303,2025-06-29,Arizona Diamondbacks,Miami Marlins,1,4,6
777303,2025-06-29,Miami Marlins,Arizona Diamondbacks,0,6,4
777314,2025-06-29,Detroit Tigers,Minnesota Twins,1,3,0
777314,2025-06-29,Minnesota Twins,Detroit Tigers,0,0,3
777306,2025-06-30,Philadelphia Phillies,San Diego Padres,1,4,0
777306,2025-06-30,San Diego Padres,Philadelphia Phillies,0,0,4
777299,2025-06-30,Pittsburgh Pirates,St. Louis Cardinals,1,7,0
777299,2025-06-30,St. Louis Cardinals,Pittsburgh Pirates,0,0,7
777295,2025-06-30,Toronto Blue Jays,New York Yankees,1,5,4
777295,2025-06-30,New York Yankees,Toronto Blue Jays,0,4,5
777300,2025-06-30,Boston Red Sox,Cincinnati Reds,1,13,6
777300,2025-06-30,Cincinnati Reds,Boston Red Sox,0,6,13
777296,2025-06-30,Tampa Bay Rays,Athletics,1,4,6
777296,2025-06-30,Athletics,Tampa Bay Rays,0,6,4
777292,2025-06-30,Texas Rangers,Baltimore Orioles,1,6,10
777292,2025-06-30,Baltimore Orioles,Texas Rangers,0,10,6
777297,2025-06-30,Seattle Mariners,Kansas City Royals,1,6,2
777297,2025-06-30,Kansas City Royals,Seattle Mariners,0,2,6
777291,2025-06-30,Arizona Diamondbacks,San Francisco Giants,1,4,2
777291,2025-06-30,San Francisco Giants,Arizona Diamondbacks,0,2,4
777283,2025-07-01,Toronto Blue Jays,New York Yankees,1,12,5
777283,2025-07-01,New York Yankees,Toronto Blue Jays,0,5,12
777288,2025-07-01,Pittsburgh Pirates,St. Louis Cardinals,1,1,0
777288,2025-07-01,St. Louis Cardinals,Pittsburgh Pirates,0,0,1
777293,2025-07-01,Miami Marlins,Minnesota Twins,1,2,0
777293,2025-07-01,Minnesota Twins,Miami Marlins,0,0,2
777286,2025-07-01,Tampa Bay Rays,Athletics,1,3,4
777286,2025-07-01,Athletics,Tampa Bay Rays,0,4,3
777294,2025-07-01,Boston Red Sox,Cincinnati Reds,1,5,3
777294,2025-07-01,Cincinnati Reds,Boston Red Sox,0,3,5
777298,2025-07-01,Atlanta Braves,Los Angeles Angels,1,0,4
777298,2025-07-01,Los Angeles Angels,Atlanta Braves,0,4,0
777287,2025-07-01,Chicago Cubs,Cleveland Guardians,1,5,2
777287,2025-07-01,Cleveland Guardians,Chicago Cubs,0,2,5
777282,2025-07-01,Texas Rangers,Baltimore Orioles,1,10,2
777282,2025-07-01,Baltimore Orioles,Texas Rangers,0,2,10
777285,2025-07-01,Colorado Rockies,Houston Astros,1,5,6
777285,2025-07-01,Houston Astros,Colorado Rockies,0,6,5
777281,2025-07-01,Seattle Mariners,Kansas City Royals,1,3,6
777281,2025-07-01,Kansas City Royals,Seattle Mariners,0,6,3
777278,2025-07-01,Arizona Diamondbacks,San Francisco Giants,1,8,2
777278,2025-07-01,San Francisco Giants,Arizona Diamondbacks,0,2,8
777280,2025-07-01,Los Angeles Dodgers,Chicago White Sox,1,6,1
777280,2025-07-01,Chicago White Sox,Los Angeles Dodgers,0,1,6
777271,2025-07-02,Tampa Bay Rays,Athletics,1,6,5
777271,2025-07-02,Athletics,Tampa Bay Rays,0,5,6
777272,2025-07-02,Pittsburgh Pirates,St. Louis Cardinals,1,5,0
777272,2025-07-02,St. Louis Cardinals,Pittsburgh Pirates,0,0,5
777284,2025-07-02,Washington Nationals,Detroit Tigers,1,2,11
777284,2025-07-02,Detroit Tigers,Washington Nationals,0,11,2
777265,2025-07-02,Washington Nationals,Detroit Tigers,1,9,4
777265,2025-07-02,Detroit Tigers,Washington Nationals,0,4,9
777273,2025-07-02,Philadelphia Phillies,San Diego Padres,1,4,6
777273,2025-07-02,San Diego Padres,Philadelphia Phillies,0,6,4
777290,2025-07-02,Philadelphia Phillies,San Diego Padres,1,5,1
777290,2025-07-02,San Diego Padres,Philadelphia Phillies,0,1,5
777289,2025-07-02,New York Mets,Milwaukee Brewers,1,2,7
777289,2025-07-02,Milwaukee Brewers,New York Mets,0,7,2
777276,2025-07-02,New York Mets,Milwaukee Brewers,1,7,3
777276,2025-07-02,Milwaukee Brewers,New York Mets,0,3,7
777294,2025-07-02,Boston Red Sox,Cincinnati Reds,1,5,3
777294,2025-07-02,Cincinnati Reds,Boston Red Sox,0,3,5
777275,2025-07-02,Miami Marlins,Minnesota Twins,1,1,2
777275,2025-07-02,Minnesota Twins,Miami Marlins,0,2,1
777274,2025-07-02,Toronto Blue Jays,New York Yankees,1,11,9
777274,2025-07-02,New York Yankees,Toronto Blue Jays,0,9,11
777277,2025-07-02,Boston Red Sox,Cincinnati Reds,1,4,8
777277,2025-07-02,Cincinnati Reds,Boston Red Sox,0,8,4
777279,2025-07-02,Atlanta Braves,Los Angeles Angels,1,8,3
777279,2025-07-02,Los Angeles Angels,Atlanta Braves,0,3,8
777266,2025-07-02,Chicago Cubs,Cleveland Guardians,1,5,4
777266,2025-07-02,Cleveland Guardians,Chicago Cubs,0,4,5
777268,2025-07-02,Texas Rangers,Baltimore Orioles,1,6,0
777268,2025-07-02,Baltimore Orioles,Texas Rangers,0,0,6
777269,2025-07-02,Colorado Rockies,Houston Astros,1,3,5
777269,2025-07-02,Houston Astros,Colorado Rockies,0,5,3
777262,2025-07-02,Seattle Mariners,Kansas City Royals,1,3,2
777262,2025-07-02,Kansas City Royals,Seattle Mariners,0,2,3
777270,2025-07-02,Arizona Diamondbacks,San Francisco Giants,1,5,6
777270,2025-07-02,San Francisco Giants,Arizona Diamondbacks,0,6,5
777267,2025-07-02,Los Angeles Dodgers,Chicago White Sox,1,5,4
777267,2025-07-02,Chicago White Sox,Los Angeles Dodgers,0,4,5
777263,2025-07-03,Miami Marlins,Minnesota Twins,1,4,1
777263,2025-07-03,Minnesota Twins,Miami Marlins,0,1,4
777264,2025-07-03,Colorado Rockies,Houston Astros,1,7,6
777264,2025-07-03,Houston Astros,Colorado Rockies,0,6,7
777258,2025-07-03,Washington Nationals,Detroit Tigers,1,11,7
777258,2025-07-03,Detroit Tigers,Washington Nationals,0,7,11
777260,2025-07-03,Toronto Blue Jays,New York Yankees,1,8,5
777260,2025-07-03,New York Yankees,Toronto Blue Jays,0,5,8
777257,2025-07-03,New York Mets,Milwaukee Brewers,1,3,2
777257,2025-07-03,Milwaukee Brewers,New York Mets,0,2,3
777261,2025-07-03,Atlanta Braves,Los Angeles Angels,1,1,5
777261,2025-07-03,Los Angeles Angels,Atlanta Braves,0,5,1
777259,2025-07-03,Chicago Cubs,Cleveland Guardians,1,1,0
777259,2025-07-03,Cleveland Guardians,Chicago Cubs,0,0,1
777256,2025-07-03,Arizona Diamondbacks,San Francisco Giants,1,2,7
777256,2025-07-03,San Francisco Giants,Arizona Diamondbacks,0,7,2
777251,2025-07-03,Seattle Mariners,Kansas City Royals,1,2,3
777251,2025-07-03,Kansas City Royals,Seattle Mariners,0,3,2
777253,2025-07-03,Los Angeles Dodgers,Chicago White Sox,1,6,2
777253,2025-07-03,Chicago White Sox,Los Angeles Dodgers,0,2,6
777245,2025-07-04,Washington Nationals,Boston Red Sox,1,2,11
777245,2025-07-04,Boston Red Sox,Washington Nationals,0,11,2
777255,2025-07-04,Philadelphia Phillies,Cincinnati Reds,1,6,9
777255,2025-07-04,Cincinnati Reds,Philadelphia Phillies,0,9,6
777246,2025-07-04,Chicago Cubs,St. Louis Cardinals,1,11,3
777246,2025-07-04,St. Louis Cardinals,Chicago Cubs,0,3,11
777250,2025-07-04,New York Mets,New York Yankees,1,6,5
777250,2025-07-04,New York Yankees,New York Mets,0,5,6
777236,2025-07-04,Seattle Mariners,Pittsburgh Pirates,1,6,0
777236,2025-07-04,Pittsburgh Pirates,Seattle Mariners,0,0,6
777247,2025-07-04,Minnesota Twins,Tampa Bay Rays,1,4,3
777247,2025-07-04,Tampa Bay Rays,Minnesota Twins,0,3,4
777239,2025-07-04,San Diego Padres,Texas Rangers,1,3,2
777239,2025-07-04,Texas Rangers,San Diego Padres,0,2,3
777242,2025-07-04,Toronto Blue Jays,Los Angeles Angels,1,4,3
777242,2025-07-04,Los Angeles Angels,Toronto Blue Jays,0,3,4
777249,2025-07-04,Cleveland Guardians,Detroit Tigers,1,1,2
777249,2025-07-04,Detroit Tigers,Cleveland Guardians,0,2,1
777254,2025-07-04,Miami Marlins,Milwaukee Brewers,1,5,6
777254,2025-07-04,Milwaukee Brewers,Miami Marlins,0,6,5
777252,2025-07-04,Atlanta Braves,Baltimore Orioles,1,2,3
777252,2025-07-04,Baltimore Orioles,Atlanta Braves,0,3,2
777243,2025-07-04,Colorado Rockies,Chicago White Sox,1,2,3
777243,2025-07-04,Chicago White Sox,Colorado Rockies,0,3,2
777235,2025-07-04,Los Angeles Dodgers,Houston Astros,1,1,18
777235,2025-07-04,Houston Astros,Los Angeles Dodgers,0,18,1
777248,2025-07-04,Arizona Diamondbacks,Kansas City Royals,1,3,9
777248,2025-07-04,Kansas City Royals,Arizona Diamondbacks,0,9,3
777244,2025-07-04,Athletics,San Francisco Giants,1,11,2
777244,2025-07-04,San Francisco Giants,Athletics,0,2,11
777230,2025-07-05,Minnesota Twins,Tampa Bay Rays,1,6,5
777230,2025-07-05,Tampa Bay Rays,Minnesota Twins,0,5,6
777229,2025-07-05,Chicago Cubs,St. Louis Cardinals,1,6,8
777229,2025-07-05,St. Louis Cardinals,Chicago Cubs,0,8,6
777231,2025-07-05,Toronto Blue Jays,Los Angeles Angels,1,4,3
777231,2025-07-05,Los Angeles Angels,Toronto Blue Jays,0,3,4
777228,2025-07-05,Washington Nationals,Boston Red Sox,1,3,10
777228,2025-07-05,Boston Red Sox,Washington Nationals,0,10,3
777233,2025-07-05,Philadelphia Phillies,Cincinnati Reds,1,5,1
777233,2025-07-05,Cincinnati Reds,Philadelphia Phillies,0,1,5
777234,2025-07-05,Arizona Diamondbacks,Kansas City Royals,1,7,1
777234,2025-07-05,Kansas City Royals,Arizona Diamondbacks,0,1,7
777237,2025-07-05,Atlanta Braves,Baltimore Orioles,1,6,9
777237,2025-07-05,Baltimore Orioles,Atlanta Braves,0,9,6
777241,2025-07-05,New York Mets,New York Yankees,1,12,6
777241,2025-07-05,New York Yankees,New York Mets,0,6,12
777238,2025-07-05,Miami Marlins,Milwaukee Brewers,1,4,2
777238,2025-07-05,Milwaukee Brewers,Miami Marlins,0,2,4
777240,2025-07-05,Cleveland Guardians,Detroit Tigers,1,0,1
777240,2025-07-05,Detroit Tigers,Cleveland Guardians,0,1,0
777221,2025-07-05,Los Angeles Dodgers,Houston Astros,1,4,6
777221,2025-07-05,Houston Astros,Los Angeles Dodgers,0,6,4
777232,2025-07-05,Colorado Rockies,Chicago White Sox,1,3,10
777232,2025-07-05,Chicago White Sox,Colorado Rockies,0,10,3
777223,2025-07-05,San Diego Padres,Texas Rangers,1,4,7
777223,2025-07-05,Texas Rangers,San Diego Padres,0,7,4
777227,2025-07-05,Athletics,San Francisco Giants,1,2,7
777227,2025-07-05,San Francisco Giants,Athletics,0,7,2
777225,2025-07-05,Seattle Mariners,Pittsburgh Pirates,1,1,0
777225,2025-07-05,Pittsburgh Pirates,Seattle Mariners,0,0,1
777222,2025-07-06,Atlanta Braves,Baltimore Orioles,1,1,2
777222,2025-07-06,Baltimore Orioles,Atlanta Braves,0,2,1
777213,2025-07-06,Washington Nationals,Boston Red Sox,1,4,6
777213,2025-07-06,Boston Red Sox,Washington Nationals,0,6,4
777217,2025-07-06,Philadelphia Phillies,Cincinnati Reds,1,3,1
777217,2025-07-06,Cincinnati Reds,Philadelphia Phillies,0,1,3
777214,2025-07-06,Toronto Blue Jays,Los Angeles Angels,1,3,2
777214,2025-07-06,Los Angeles Angels,Toronto Blue Jays,0,2,3
777226,2025-07-06,Cleveland Guardians,Detroit Tigers,1,2,7
777226,2025-07-06,Detroit Tigers,Cleveland Guardians,0,7,2
777216,2025-07-06,New York Mets,New York Yankees,1,4,6
777216,2025-07-06,New York Yankees,New York Mets,0,6,4
777224,2025-07-06,Miami Marlins,Milwaukee Brewers,1,1,3
777224,2025-07-06,Milwaukee Brewers,Miami Marlins,0,3,1
777220,2025-07-06,Minnesota Twins,Tampa Bay Rays,1,5,7
777220,2025-07-06,Tampa Bay Rays,Minnesota Twins,0,7,5
777215,2025-07-06,Colorado Rockies,Chicago White Sox,1,6,4
777215,2025-07-06,Chicago White Sox,Colorado Rockies,0,4,6
777218,2025-07-06,Arizona Diamondbacks,Kansas City Royals,1,0,4
777218,2025-07-06,Kansas City Royals,Arizona Diamondbacks,0,4,0
777206,2025-07-06,Los Angeles Dodgers,Houston Astros,1,1,5
777206,2025-07-06,Houston Astros,Los Angeles Dodgers,0,5,1
777205,2025-07-06,Seattle Mariners,Pittsburgh Pirates,1,1,0
777205,2025-07-06,Pittsburgh Pirates,Seattle Mariners,0,0,1
777219,2025-07-06,Chicago Cubs,St. Louis Cardinals,1,11,0
777219,2025-07-06,St. Louis Cardinals,Chicago Cubs,0,0,11
777207,2025-07-06,San Diego Padres,Texas Rangers,1,4,1
777207,2025-07-06,Texas Rangers,San Diego Padres,0,1,4
777210,2025-07-06,Athletics,San Francisco Giants,1,2,6
777210,2025-07-06,San Francisco Giants,Athletics,0,6,2
777211,2025-07-07,Detroit Tigers,Tampa Bay Rays,1,5,1
777211,2025-07-07,Tampa Bay Rays,Detroit Tigers,0,1,5
777209,2025-07-07,Boston Red Sox,Colorado Rockies,1,9,3
777209,2025-07-07,Colorado Rockies,Boston Red Sox,0,3,9
777208,2025-07-07,Cincinnati Reds,Miami Marlins,1,1,5
777208,2025-07-07,Miami Marlins,Cincinnati Reds,0,5,1
777204,2025-07-07,Kansas City Royals,Pittsburgh Pirates,1,9,3
777204,2025-07-07,Pittsburgh Pirates,Kansas City Royals,0,3,9
777212,2025-07-07,Chicago White Sox,Toronto Blue Jays,1,4,8
777212,2025-07-07,Toronto Blue Jays,Chicago White Sox,0,8,4
777201,2025-07-07,Milwaukee Brewers,Los Angeles Dodgers,1,9,1
777201,2025-07-07,Los Angeles Dodgers,Milwaukee Brewers,0,1,9
777202,2025-07-07,Houston Astros,Cleveland Guardians,1,5,7
777202,2025-07-07,Cleveland Guardians,Houston Astros,0,7,5
777200,2025-07-07,Los Angeles Angels,Texas Rangers,1,6,5
777200,2025-07-07,Texas Rangers,Los Angeles Angels,0,5,6
777203,2025-07-07,San Diego Padres,Arizona Diamondbacks,1,3,6
777203,2025-07-07,Arizona Diamondbacks,San Diego Padres,0,6,3
777199,2025-07-07,San Francisco Giants,Philadelphia Phillies,1,3,1
777199,2025-07-07,Philadelphia Phillies,San Francisco Giants,0,1,3
777198,2025-07-08,Baltimore Orioles,New York Mets,1,6,7
777198,2025-07-08,New York Mets,Baltimore Orioles,0,7,6
777195,2025-07-08,Detroit Tigers,Tampa Bay Rays,1,4,2
777195,2025-07-08,Tampa Bay Rays,Detroit Tigers,0,2,4
777187,2025-07-08,New York Yankees,Seattle Mariners,1,10,3
777187,2025-07-08,Seattle Mariners,New York Yankees,0,3,10
777196,2025-07-08,Boston Red Sox,Colorado Rockies,1,10,2
777196,2025-07-08,Colorado Rockies,Boston Red Sox,0,2,10
777197,2025-07-08,Cincinnati Reds,Miami Marlins,1,2,12
777197,2025-07-08,Miami Marlins,Cincinnati Reds,0,12,2
777194,2025-07-08,Kansas City Royals,Pittsburgh Pirates,1,4,3
777194,2025-07-08,Pittsburgh Pirates,Kansas City Royals,0,3,4
777190,2025-07-08,Minnesota Twins,Chicago Cubs,1,8,1
777190,2025-07-08,Chicago Cubs,Minnesota Twins,0,1,8
777188,2025-07-08,Chicago White Sox,Toronto Blue Jays,1,1,6
777188,2025-07-08,Toronto Blue Jays,Chicago White Sox,0,6,1
777193,2025-07-08,Milwaukee Brewers,Los Angeles Dodgers,1,3,1
777193,2025-07-08,Los Angeles Dodgers,Milwaukee Brewers,0,1,3
777191,2025-07-08,St. Louis Cardinals,Washington Nationals,1,4,2
777191,2025-07-08,Washington Nationals,St. Louis Cardinals,0,2,4
777192,2025-07-08,Houston Astros,Cleveland Guardians,1,6,10
777192,2025-07-08,Cleveland Guardians,Houston Astros,0,10,6
777180,2025-07-08,Los Angeles Angels,Texas Rangers,1,1,13
777180,2025-07-08,Texas Rangers,Los Angeles Angels,0,13,1
777185,2025-07-08,San Diego Padres,Arizona Diamondbacks,1,1,0
777185,2025-07-08,Arizona Diamondbacks,San Diego Padres,0,0,1
777186,2025-07-08,San Francisco Giants,Philadelphia Phillies,1,4,3
777186,2025-07-08,Philadelphia Phillies,San Francisco Giants,0,3,4
777189,2025-07-08,Athletics,Atlanta Braves,1,10,1
777189,2025-07-08,Atlanta Braves,Athletics,0,1,10
777172,2025-07-09,Chicago White Sox,Toronto Blue Jays,1,2,1
777172,2025-07-09,Toronto Blue Jays,Chicago White Sox,0,1,2
777175,2025-07-09,Milwaukee Brewers,Los Angeles Dodgers,1,3,2
777175,2025-07-09,Los Angeles Dodgers,Milwaukee Brewers,0,2,3
777163,2025-07-09,San Francisco Giants,Philadelphia Phillies,1,0,13
777163,2025-07-09,Philadelphia Phillies,San Francisco Giants,0,13,0
777182,2025-07-09,Detroit Tigers,Tampa Bay Rays,1,3,7
777182,2025-07-09,Tampa Bay Rays,Detroit Tigers,0,7,3
777184,2025-07-09,New York Yankees,Seattle Mariners,1,9,6
777184,2025-07-09,Seattle Mariners,New York Yankees,0,6,9
777179,2025-07-09,Boston Red Sox,Colorado Rockies,1,10,2
777179,2025-07-09,Colorado Rockies,Boston Red Sox,0,2,10
777183,2025-07-09,Cincinnati Reds,Miami Marlins,1,7,2
777183,2025-07-09,Miami Marlins,Cincinnati Reds,0,2,7
777177,2025-07-09,Kansas City Royals,Pittsburgh Pirates,1,4,3
777177,2025-07-09,Pittsburgh Pirates,Kansas City Royals,0,3,4
777173,2025-07-09,Minnesota Twins,Chicago Cubs,1,4,2
777173,2025-07-09,Chicago Cubs,Minnesota Twins,0,2,4
777178,2025-07-09,St. Louis Cardinals,Washington Nationals,1,2,8
777178,2025-07-09,Washington Nationals,St. Louis Cardinals,0,8,2
777174,2025-07-09,Houston Astros,Cleveland Guardians,1,2,4
777174,2025-07-09,Cleveland Guardians,Houston Astros,0,4,2
777171,2025-07-09,Los Angeles Angels,Texas Rangers,1,11,8
777171,2025-07-09,Texas Rangers,Los Angeles Angels,0,8,11
777162,2025-07-09,San Diego Padres,Arizona Diamondbacks,1,2,8
777162,2025-07-09,Arizona Diamondbacks,San Diego Padres,0,8,2
777176,2025-07-09,Athletics,Atlanta Braves,1,2,9
777176,2025-07-09,Atlanta Braves,Athletics,0,9,2
777165,2025-07-10,Baltimore Orioles,New York Mets,1,3,1
777165,2025-07-10,New York Mets,Baltimore Orioles,0,1,3
777181,2025-07-10,Baltimore Orioles,New York Mets,1,7,3
777181,2025-07-10,New York Mets,Baltimore Orioles,0,3,7
777166,2025-07-10,Minnesota Twins,Chicago Cubs,1,1,8
777166,2025-07-10,Chicago Cubs,Minnesota Twins,0,8,1
777168,2025-07-10,Cincinnati Reds,Miami Marlins,1,6,0
777168,2025-07-10,Miami Marlins,Cincinnati Reds,0,0,6
777169,2025-07-10,New York Yankees,Seattle Mariners,1,6,5
777169,2025-07-10,Seattle Mariners,New York Yankees,0,5,6
777170,2025-07-10,Boston Red Sox,Tampa Bay Rays,1,4,3
777170,2025-07-10,Tampa Bay Rays,Boston Red Sox,0,3,4
777167,2025-07-10,St. Louis Cardinals,Washington Nationals,1,8,1
777167,2025-07-10,Washington Nationals,St. Louis Cardinals,0,1,8
777156,2025-07-10,Athletics,Atlanta Braves,1,5,4
777156,2025-07-10,Atlanta Braves,Athletics,0,4,5
777159,2025-07-10,Los Angeles Angels,Texas Rangers,1,4,11
777159,2025-07-10,Texas Rangers,Los Angeles Angels,0,11,4
777158,2025-07-10,San Diego Padres,Arizona Diamondbacks,1,4,3
777158,2025-07-10,Arizona Diamondbacks,San Diego Padres,0,3,4
777164,2025-07-11,Chicago White Sox,Cleveland Guardians,1,2,4
777164,2025-07-11,Cleveland Guardians,Chicago White Sox,0,4,2
777146,2025-07-11,Chicago White Sox,Cleveland Guardians,1,5,4
777146,2025-07-11,Cleveland Guardians,Chicago White Sox,0,4,5
777157,2025-07-11,Baltimore Orioles,Miami Marlins,1,5,2
777157,2025-07-11,Miami Marlins,Baltimore Orioles,0,2,5
777153,2025-07-11,New York Yankees,Chicago Cubs,1,11,0
777153,2025-07-11,Chicago Cubs,New York Yankees,0,0,11
777160,2025-07-11,Cincinnati Reds,Colorado Rockies,1,2,3
777160,2025-07-11,Colorado Rockies,Cincinnati Reds,0,3,2
777161,2025-07-11,Detroit Tigers,Seattle Mariners,1,3,12
777161,2025-07-11,Seattle Mariners,Detroit Tigers,0,12,3
777155,2025-07-11,Boston Red Sox,Tampa Bay Rays,1,5,4
777155,2025-07-11,Tampa Bay Rays,Boston Red Sox,0,4,5
777151,2025-07-11,Kansas City Royals,New York Mets,1,3,8
777151,2025-07-11,New York Mets,Kansas City Royals,0,8,3
777154,2025-07-11,Houston Astros,Texas Rangers,1,3,7
777154,2025-07-11,Texas Rangers,Houston Astros,0,7,3
777148,2025-07-11,Minnesota Twins,Pittsburgh Pirates,1,2,1
777148,2025-07-11,Pittsburgh Pirates,Minnesota Twins,0,1,2
777149,2025-07-11,Milwaukee Brewers,Washington Nationals,1,8,3
777149,2025-07-11,Washington Nationals,Milwaukee Brewers,0,3,8
777147,2025-07-11,St. Louis Cardinals,Atlanta Braves,1,5,6
777147,2025-07-11,Atlanta Braves,St. Louis Cardinals,0,6,5
777150,2025-07-11,Los Angeles Angels,Arizona Diamondbacks,1,6,5
777150,2025-07-11,Arizona Diamondbacks,Los Angeles Angels,0,5,6
777139,2025-07-11,San Diego Padres,Philadelphia Phillies,1,4,2
777139,2025-07-11,Philadelphia Phillies,San Diego Padres,0,2,4
777152,2025-07-11,Athletics,Toronto Blue Jays,1,6,7
777152,2025-07-11,Toronto Blue Jays,Athletics,0,7,6
777143,2025-07-11,San Francisco Giants,Los Angeles Dodgers,1,8,7
777143,2025-07-11,Los Angeles Dodgers,San Francisco Giants,0,7,8
777142,2025-07-12,New York Yankees,Chicago Cubs,1,2,5
777142,2025-07-12,Chicago Cubs,New York Yankees,0,5,2
777145,2025-07-12,Detroit Tigers,Seattle Mariners,1,7,15
777145,2025-07-12,Seattle Mariners,Detroit Tigers,0,15,7
777134,2025-07-12,Minnesota Twins,Pittsburgh Pirates,1,12,4
777134,2025-07-12,Pittsburgh Pirates,Minnesota Twins,0,4,12
777133,2025-07-12,St. Louis Cardinals,Atlanta Braves,1,6,7
777133,2025-07-12,Atlanta Braves,St. Louis Cardinals,0,7,6
777127,2025-07-12,San Francisco Giants,Los Angeles Dodgers,1,1,2
777127,2025-07-12,Los Angeles Dodgers,San Francisco Giants,0,2,1
777141,2025-07-12,Baltimore Orioles,Miami Marlins,1,0,6
777141,2025-07-12,Miami Marlins,Baltimore Orioles,0,6,0
777140,2025-07-12,Cincinnati Reds,Colorado Rockies,1,4,3
777140,2025-07-12,Colorado Rockies,Cincinnati Reds,0,3,4
777136,2025-07-12,Kansas City Royals,New York Mets,1,1,3
777136,2025-07-12,New York Mets,Kansas City Royals,0,3,1
777144,2025-07-12,Boston Red Sox,Tampa Bay Rays,1,1,0
777144,2025-07-12,Tampa Bay Rays,Boston Red Sox,0,0,1
777138,2025-07-12,Chicago White Sox,Cleveland Guardians,1,2,6
777138,2025-07-12,Cleveland Guardians,Chicago White Sox,0,6,2
777135,2025-07-12,Milwaukee Brewers,Washington Nationals,1,6,5
777135,2025-07-12,Washington Nationals,Milwaukee Brewers,0,5,6
777137,2025-07-12,Houston Astros,Texas Rangers,1,5,4
777137,2025-07-12,Texas Rangers,Houston Astros,0,4,5
777126,2025-07-12,San Diego Padres,Philadelphia Phillies,1,5,4
777126,2025-07-12,Philadelphia Phillies,San Diego Padres,0,4,5
777131,2025-07-12,Los Angeles Angels,Arizona Diamondbacks,1,10,5
777131,2025-07-12,Arizona Diamondbacks,Los Angeles Angels,0,5,10
777132,2025-07-12,Athletics,Toronto Blue Jays,1,4,3
777132,2025-07-12,Toronto Blue Jays,Athletics,0,3,4
777130,2025-07-13,Boston Red Sox,Tampa Bay Rays,1,4,1
777130,2025-07-13,Tampa Bay Rays,Boston Red Sox,0,1,4
777129,2025-07-13,Baltimore Orioles,Miami Marlins,1,1,11
777129,2025-07-13,Miami Marlins,Baltimore Orioles,0,11,1
777122,2025-07-13,New York Yankees,Chicago Cubs,1,1,4
777122,2025-07-13,Chicago Cubs,New York Yankees,0,4,1
777128,2025-07-13,Cincinnati Reds,Colorado Rockies,1,4,2
777128,2025-07-13,Colorado Rockies,Cincinnati Reds,0,2,4
777121,2025-07-13,Detroit Tigers,Seattle Mariners,1,4,8
777121,2025-07-13,Seattle Mariners,Detroit Tigers,0,8,4
777124,2025-07-13,Kansas City Royals,New York Mets,1,3,2
777124,2025-07-13,New York Mets,Kansas City Royals,0,2,3
777125,2025-07-13,Houston Astros,Texas Rangers,1,1,5
777125,2025-07-13,Texas Rangers,Houston Astros,0,5,1
777113,2025-07-13,Minnesota Twins,Pittsburgh Pirates,1,1,2
777113,2025-07-13,Pittsburgh Pirates,Minnesota Twins,0,2,1
777120,2025-07-13,Chicago White Sox,Cleveland Guardians,1,5,6
777120,2025-07-13,Cleveland Guardians,Chicago White Sox,0,6,5
777123,2025-07-13,Milwaukee Brewers,Washington Nationals,1,8,1
777123,2025-07-13,Washington Nationals,Milwaukee Brewers,0,1,8
777118,2025-07-13,St. Louis Cardinals,Atlanta Braves,1,5,4
777118,2025-07-13,Atlanta Braves,St. Louis Cardinals,0,4,5
777119,2025-07-13,San Francisco Giants,Los Angeles Dodgers,1,2,5
777119,2025-07-13,Los Angeles Dodgers,San Francisco Giants,0,5,2
777116,2025-07-13,Athletics,Toronto Blue Jays,1,6,3
777116,2025-07-13,Toronto Blue Jays,Athletics,0,3,6
777115,2025-07-13,Los Angeles Angels,Arizona Diamondbacks,1,1,5
777115,2025-07-13,Arizona Diamondbacks,Los Angeles Angels,0,5,1
777117,2025-07-13,San Diego Padres,Philadelphia Phillies,1,1,2
777117,2025-07-13,Philadelphia Phillies,San Diego Padres,0,2,1
777101,2025-07-18,Chicago Cubs,Boston Red Sox,1,4,1
777101,2025-07-18,Boston Red Sox,Chicago Cubs,0,1,4
777107,2025-07-18,Pittsburgh Pirates,Chicago White Sox,1,1,10
777107,2025-07-18,Chicago White Sox,Pittsburgh Pirates,0,10,1
777112,2025-07-18,Washington Nationals,San Diego Padres,1,2,7
777112,2025-07-18,San Diego Padres,Washington Nationals,0,7,2
777106,2025-07-18,Philadelphia Phillies,Los Angeles Angels,1,5,6
777106,2025-07-18,Los Angeles Angels,Philadelphia Phillies,0,6,5
777108,2025-07-18,Toronto Blue Jays,San Francisco Giants,1,4,0
777108,2025-07-18,San Francisco Giants,Toronto Blue Jays,0,0,4
777111,2025-07-18,New York Mets,Cincinnati Reds,1,4,8
777111,2025-07-18,Cincinnati Reds,New York Mets,0,8,4
777105,2025-07-18,Cleveland Guardians,Athletics,1,8,6
777105,2025-07-18,Athletics,Cleveland Guardians,0,6,8
777109,2025-07-18,Miami Marlins,Kansas City Royals,1,8,7
777109,2025-07-18,Kansas City Royals,Miami Marlins,0,7,8
777114,2025-07-18,Atlanta Braves,New York Yankees,1,7,3
777114,2025-07-18,New York Yankees,Atlanta Braves,0,3,7
777110,2025-07-18,Tampa Bay Rays,Baltimore Orioles,1,11,1
777110,2025-07-18,Baltimore Orioles,Tampa Bay Rays,0,1,11
777098,2025-07-18,Texas Rangers,Detroit Tigers,1,2,0
777098,2025-07-18,Detroit Tigers,Texas Rangers,0,0,2
777102,2025-07-18,Colorado Rockies,Minnesota Twins,1,6,4
777102,2025-07-18,Minnesota Twins,Colorado Rockies,0,4,6
777100,2025-07-18,Arizona Diamondbacks,St. Louis Cardinals,1,7,3
777100,2025-07-18,St. Louis Cardinals,Arizona Diamondbacks,0,3,7
777099,2025-07-18,Seattle Mariners,Houston Astros,1,6,1
777099,2025-07-18,Houston Astros,Seattle Mariners,0,1,6
777103,2025-07-18,Los Angeles Dodgers,Milwaukee Brewers,1,0,2
777103,2025-07-18,Milwaukee Brewers,Los Angeles Dodgers,0,2,0
777094,2025-07-19,Toronto Blue Jays,San Francisco Giants,1,6,3
777094,2025-07-19,San Francisco Giants,Toronto Blue Jays,0,3,6
777092,2025-07-19,New York Mets,Cincinnati Reds,1,2,5
777092,2025-07-19,Cincinnati Reds,New York Mets,0,5,2
777093,2025-07-19,Miami Marlins,Kansas City Royals,1,3,1
777093,2025-07-19,Kansas City Royals,Miami Marlins,0,1,3
777089,2025-07-19,Philadelphia Phillies,Los Angeles Angels,1,9,5
777089,2025-07-19,Los Angeles Angels,Philadelphia Phillies,0,5,9
777090,2025-07-19,Pittsburgh Pirates,Chicago White Sox,1,4,10
777090,2025-07-19,Chicago White Sox,Pittsburgh Pirates,0,10,4
777091,2025-07-19,Washington Nationals,San Diego Padres,1,4,2
777091,2025-07-19,San Diego Padres,Washington Nationals,0,2,4
777095,2025-07-19,Tampa Bay Rays,Baltimore Orioles,1,4,3
777095,2025-07-19,Baltimore Orioles,Tampa Bay Rays,0,3,4
777088,2025-07-19,Texas Rangers,Detroit Tigers,1,4,1
777088,2025-07-19,Detroit Tigers,Texas Rangers,0,1,4
777104,2025-07-19,Cleveland Guardians,Athletics,1,2,8
777104,2025-07-19,Athletics,Cleveland Guardians,0,8,2
777096,2025-07-19,Chicago Cubs,Boston Red Sox,1,6,0
777096,2025-07-19,Boston Red Sox,Chicago Cubs,0,0,6
777081,2025-07-19,Arizona Diamondbacks,St. Louis Cardinals,1,10,1
777081,2025-07-19,St. Louis Cardinals,Arizona Diamondbacks,0,1,10
777097,2025-07-19,Atlanta Braves,New York Yankees,1,9,12
777097,2025-07-19,New York Yankees,Atlanta Braves,0,12,9
777080,2025-07-19,Colorado Rockies,Minnesota Twins,1,10,6
777080,2025-07-19,Minnesota Twins,Colorado Rockies,0,6,10
777085,2025-07-19,Los Angeles Dodgers,Milwaukee Brewers,1,7,8
777085,2025-07-19,Milwaukee Brewers,Los Angeles Dodgers,0,8,7
777086,2025-07-19,Seattle Mariners,Houston Astros,1,7,6
777086,2025-07-19,Houston Astros,Seattle Mariners,0,6,7
777079,2025-07-20,Toronto Blue Jays,San Francisco Giants,1,8,6
777079,2025-07-20,San Francisco Giants,Toronto Blue Jays,0,6,8
777076,2025-07-20,Tampa Bay Rays,Baltimore Orioles,1,3,5
777076,2025-07-20,Baltimore Orioles,Tampa Bay Rays,0,5,3
777077,2025-07-20,Washington Nationals,San Diego Padres,1,1,8
777077,2025-07-20,San Diego Padres,Washington Nationals,0,8,1
777078,2025-07-20,Philadelphia Phillies,Los Angeles Angels,1,2,8
777078,2025-07-20,Los Angeles Angels,Philadelphia Phillies,0,8,2
777074,2025-07-20,Pittsburgh Pirates,Chicago White Sox,1,2,7
777074,2025-07-20,Chicago White Sox,Pittsburgh Pirates,0,7,2
777083,2025-07-20,Atlanta Braves,New York Yankees,1,2,4
777083,2025-07-20,New York Yankees,Atlanta Braves,0,4,2
777087,2025-07-20,New York Mets,Cincinnati Reds,1,3,2
777087,2025-07-20,Cincinnati Reds,New York Mets,0,2,3
777084,2025-07-20,Cleveland Guardians,Athletics,1,8,2
777084,2025-07-20,Athletics,Cleveland Guardians,0,2,8
777082,2025-07-20,Miami Marlins,Kansas City Royals,1,4,7
777082,2025-07-20,Kansas City Royals,Miami Marlins,0,7,4
777075,2025-07-20,Chicago Cubs,Boston Red Sox,1,1,6
777075,2025-07-20,Boston Red Sox,Chicago Cubs,0,6,1
777072,2025-07-20,Colorado Rockies,Minnesota Twins,1,1,7
777072,2025-07-20,Minnesota Twins,Colorado Rockies,0,7,1
777067,2025-07-20,Seattle Mariners,Houston Astros,1,3,11
777067,2025-07-20,Houston Astros,Seattle Mariners,0,11,3
777071,2025-07-20,Arizona Diamondbacks,St. Louis Cardinals,1,5,3
777071,2025-07-20,St. Louis Cardinals,Arizona Diamondbacks,0,3,5
777070,2025-07-20,Los Angeles Dodgers,Milwaukee Brewers,1,5,6
777070,2025-07-20,Milwaukee Brewers,Los Angeles Dodgers,0,6,5
777073,2025-07-20,Texas Rangers,Detroit Tigers,1,1,2
777073,2025-07-20,Detroit Tigers,Texas Rangers,0,2,1
777068,2025-07-21,Cleveland Guardians,Baltimore Orioles,1,10,5
777068,2025-07-21,Baltimore Orioles,Cleveland Guardians,0,5,10
777060,2025-07-21,Pittsburgh Pirates,Detroit Tigers,1,3,0
777060,2025-07-21,Detroit Tigers,Pittsburgh Pirates,0,0,3
777062,2025-07-21,Miami Marlins,San Diego Padres,1,1,2
777062,2025-07-21,San Diego Padres,Miami Marlins,0,2,1
777064,2025-07-21,Washington Nationals,Cincinnati Reds,1,10,8
777064,2025-07-21,Cincinnati Reds,Washington Nationals,0,8,10
777063,2025-07-21,Philadelphia Phillies,Boston Red Sox,1,3,2
777063,2025-07-21,Boston Red Sox,Philadelphia Phillies,0,2,3
777066,2025-07-21,Toronto Blue Jays,New York Yankees,1,4,1
777066,2025-07-21,New York Yankees,Toronto Blue Jays,0,1,4
777061,2025-07-21,New York Mets,Los Angeles Angels,1,7,5
777061,2025-07-21,Los Angeles Angels,New York Mets,0,5,7
777069,2025-07-21,Atlanta Braves,San Francisco Giants,1,9,5
777069,2025-07-21,San Francisco Giants,Atlanta Braves,0,5,9
777059,2025-07-21,Tampa Bay Rays,Chicago White Sox,1,3,8
777059,2025-07-21,Chicago White Sox,Tampa Bay Rays,0,8,3
777065,2025-07-21,Chicago Cubs,Kansas City Royals,1,4,12
777065,2025-07-21,Kansas City Royals,Chicago Cubs,0,12,4
777057,2025-07-21,Texas Rangers,Athletics,1,7,2
777057,2025-07-21,Athletics,Texas Rangers,0,2,7
777053,2025-07-21,Colorado Rockies,St. Louis Cardinals,1,2,6
777053,2025-07-21,St. Louis Cardinals,Colorado Rockies,0,6,2
777055,2025-07-21,Arizona Diamondbacks,Houston Astros,1,3,6
777055,2025-07-21,Houston Astros,Arizona Diamondbacks,0,6,3
777050,2025-07-21,Seattle Mariners,Milwaukee Brewers,1,0,6
777050,2025-07-21,Milwaukee Brewers,Seattle Mariners,0,6,0
777051,2025-07-21,Los Angeles Dodgers,Minnesota Twins,1,5,2
777051,2025-07-21,Minnesota Twins,Los Angeles Dodgers,0,2,5
777056,2025-07-22,Cleveland Guardians,Baltimore Orioles,1,6,3
777056,2025-07-22,Baltimore Orioles,Cleveland Guardians,0,3,6
777044,2025-07-22,Pittsburgh Pirates,Detroit Tigers,1,8,5
777044,2025-07-22,Detroit Tigers,Pittsburgh Pirates,0,5,8
777052,2025-07-22,Miami Marlins,San Diego Padres,1,4,3
777052,2025-07-22,San Diego Padres,Miami Marlins,0,3,4
777042,2025-07-22,Washington Nationals,Cincinnati Reds,1,6,1
777042,2025-07-22,Cincinnati Reds,Washington Nationals,0,1,6
777045,2025-07-22,Philadelphia Phillies,Boston Red Sox,1,4,1
777045,2025-07-22,Boston Red Sox,Philadelphia Phillies,0,1,4
777048,2025-07-22,Tampa Bay Rays,Chicago White Sox,1,4,3
777048,2025-07-22,Chicago White Sox,Tampa Bay Rays,0,3,4
777046,2025-07-22,Toronto Blue Jays,New York Yankees,1,4,5
777046,2025-07-22,New York Yankees,Toronto Blue Jays,0,5,4
777054,2025-07-22,New York Mets,Los Angeles Angels,1,3,2
777054,2025-07-22,Los Angeles Angels,New York Mets,0,2,3
777058,2025-07-22,Atlanta Braves,San Francisco Giants,1,0,9
777058,2025-07-22,San Francisco Giants,Atlanta Braves,0,9,0
777047,2025-07-22,Chicago Cubs,Kansas City Royals,1,6,0
777047,2025-07-22,Kansas City Royals,Chicago Cubs,0,0,6
777043,2025-07-22,Texas Rangers,Athletics,1,6,2
777043,2025-07-22,Athletics,Texas Rangers,0,2,6
777049,2025-07-22,Colorado Rockies,St. Louis Cardinals,1,8,4
777049,2025-07-22,St. Louis Cardinals,Colorado Rockies,0,4,8
777040,2025-07-22,Arizona Diamondbacks,Houston Astros,1,1,3
777040,2025-07-22,Houston Astros,Arizona Diamondbacks,0,3,1
777035,2025-07-22,Seattle Mariners,Milwaukee Brewers,1,1,0
777035,2025-07-22,Milwaukee Brewers,Seattle Mariners,0,0,1
777039,2025-07-22,Los Angeles Dodgers,Minnesota Twins,1,7,10
777039,2025-07-22,Minnesota Twins,Los Angeles Dodgers,0,10,7
777026,2025-07-23,Washington Nationals,Cincinnati Reds,1,0,5
777026,2025-07-23,Cincinnati Reds,Washington Nationals,0,5,0
777037,2025-07-23,Miami Marlins,San Diego Padres,1,3,2
777037,2025-07-23,San Diego Padres,Miami Marlins,0,2,3
777041,2025-07-23,Atlanta Braves,San Francisco Giants,1,3,9
777041,2025-07-23,San Francisco Giants,Atlanta Braves,0,9,3
777029,2025-07-23,Pittsburgh Pirates,Detroit Tigers,1,6,1
777029,2025-07-23,Detroit Tigers,Pittsburgh Pirates,0,1,6
777034,2025-07-23,New York Mets,Los Angeles Angels,1,6,3
777034,2025-07-23,Los Angeles Angels,New York Mets,0,3,6
777031,2025-07-23,Chicago Cubs,Kansas City Royals,1,4,8
777031,2025-07-23,Kansas City Royals,Chicago Cubs,0,8,4
777028,2025-07-23,Colorado Rockies,St. Louis Cardinals,1,6,0
777028,2025-07-23,St. Louis Cardinals,Colorado Rockies,0,0,6
777032,2025-07-23,Arizona Diamondbacks,Houston Astros,1,3,4
777032,2025-07-23,Houston Astros,Arizona Diamondbacks,0,4,3
777024,2025-07-23,Seattle Mariners,Milwaukee Brewers,1,2,10
777024,2025-07-23,Milwaukee Brewers,Seattle Mariners,0,10,2
777022,2025-07-23,Los Angeles Dodgers,Minnesota Twins,1,4,3
777022,2025-07-23,Minnesota Twins,Los Angeles Dodgers,0,3,4
777036,2025-07-23,Cleveland Guardians,Baltimore Orioles,1,3,2
777036,2025-07-23,Baltimore Orioles,Cleveland Guardians,0,2,3
777027,2025-07-23,Toronto Blue Jays,New York Yankees,1,8,4
777027,2025-07-23,New York Yankees,Toronto Blue Jays,0,4,8
777038,2025-07-23,Philadelphia Phillies,Boston Red Sox,1,8,9
777038,2025-07-23,Boston Red Sox,Philadelphia Phillies,0,9,8
777030,2025-07-23,Tampa Bay Rays,Chicago White Sox,1,9,11
777030,2025-07-23,Chicago White Sox,Tampa Bay Rays,0,11,9
777033,2025-07-23,Texas Rangers,Athletics,1,2,1
777033,2025-07-23,Athletics,Texas Rangers,0,1,2
777019,2025-07-24,Cleveland Guardians,Baltimore Orioles,1,3,4
777019,2025-07-24,Baltimore Orioles,Cleveland Guardians,0,4,3
777021,2025-07-24,Detroit Tigers,Toronto Blue Jays,1,4,11
777021,2025-07-24,Toronto Blue Jays,Detroit Tigers,0,11,4
777023,2025-07-24,St. Louis Cardinals,San Diego Padres,1,9,7
777023,2025-07-24,San Diego Padres,St. Louis Cardinals,0,7,9
777025,2025-07-24,Houston Astros,Athletics,1,2,5
777025,2025-07-24,Athletics,Houston Astros,0,5,2
777018,2025-07-24,Los Angeles Angels,Seattle Mariners,1,2,4
777018,2025-07-24,Seattle Mariners,Los Angeles Angels,0,4,2
777008,2025-07-25,Milwaukee Brewers,Miami Marlins,1,1,5
777008,2025-07-25,Miami Marlins,Milwaukee Brewers,0,5,1
777014,2025-07-25,Pittsburgh Pirates,Arizona Diamondbacks,1,0,1
777014,2025-07-25,Arizona Diamondbacks,Pittsburgh Pirates,0,1,0
777020,2025-07-25,Baltimore Orioles,Colorado Rockies,1,5,6
777020,2025-07-25,Colorado Rockies,Baltimore Orioles,0,6,5
777015,2025-07-25,New York Yankees,Philadelphia Phillies,1,5,12
777015,2025-07-25,Philadelphia Phillies,New York Yankees,0,12,5
777012,2025-07-25,Boston Red Sox,Los Angeles Dodgers,1,2,5
777012,2025-07-25,Los Angeles Dodgers,Boston Red Sox,0,5,2
777013,2025-07-25,Cincinnati Reds,Tampa Bay Rays,1,7,2
777013,2025-07-25,Tampa Bay Rays,Cincinnati Reds,0,2,7
777016,2025-07-25,Detroit Tigers,Toronto Blue Jays,1,2,6
777016,2025-07-25,Toronto Blue Jays,Detroit Tigers,0,6,2
777005,2025-07-25,St. Louis Cardinals,San Diego Padres,1,3,0
777005,2025-07-25,San Diego Padres,St. Louis Cardinals,0,0,3
777017,2025-07-25,Chicago White Sox,Chicago Cubs,1,12,5
777017,2025-07-25,Chicago Cubs,Chicago White Sox,0,5,12
777009,2025-07-25,Texas Rangers,Atlanta Braves,1,8,3
777009,2025-07-25,Atlanta Braves,Texas Rangers,0,3,8
777007,2025-07-25,Houston Astros,Athletics,1,3,15
777007,2025-07-25,Athletics,Houston Astros,0,15,3
777011,2025-07-25,Minnesota Twins,Washington Nationals,1,1,0
777011,2025-07-25,Washington Nationals,Minnesota Twins,0,0,1
777006,2025-07-25,Los Angeles Angels,Seattle Mariners,1,3,2
777006,2025-07-25,Seattle Mariners,Los Angeles Angels,0,2,3
777004,2025-07-25,San Francisco Giants,New York Mets,1,1,8
777004,2025-07-25,New York Mets,San Francisco Giants,0,8,1
777001,2025-07-26,New York Yankees,Philadelphia Phillies,1,4,9
777001,2025-07-26,Philadelphia Phillies,New York Yankees,0,9,4
777010,2025-07-26,Kansas City Royals,Cleveland Guardians,1,5,3
777010,2025-07-26,Cleveland Guardians,Kansas City Royals,0,3,5
776990,2025-07-26,Kansas City Royals,Cleveland Guardians,1,4,6
776990,2025-07-26,Cleveland Guardians,Kansas City Royals,0,6,4
777003,2025-07-26,Detroit Tigers,Toronto Blue Jays,1,1,6
777003,2025-07-26,Toronto Blue Jays,Detroit Tigers,0,6,1
777002,2025-07-26,Pittsburgh Pirates,Arizona Diamondbacks,1,2,0
777002,2025-07-26,Arizona Diamondbacks,Pittsburgh Pirates,0,0,2
777000,2025-07-26,Cincinnati Reds,Tampa Bay Rays,1,6,2
777000,2025-07-26,Tampa Bay Rays,Cincinnati Reds,0,2,6
776999,2025-07-26,Baltimore Orioles,Colorado Rockies,1,18,0
776999,2025-07-26,Colorado Rockies,Baltimore Orioles,0,0,18
776993,2025-07-26,Texas Rangers,Atlanta Braves,1,6,5
776993,2025-07-26,Atlanta Braves,Texas Rangers,0,5,6
776991,2025-07-26,Houston Astros,Athletics,1,1,5
776991,2025-07-26,Athletics,Houston Astros,0,5,1
776997,2025-07-26,Minnesota Twins,Washington Nationals,1,3,9
776997,2025-07-26,Washington Nationals,Minnesota Twins,0,9,3
776994,2025-07-26,Chicago White Sox,Chicago Cubs,1,1,6
776994,2025-07-26,Chicago Cubs,Chicago White Sox,0,6,1
776996,2025-07-26,Milwaukee Brewers,Miami Marlins,1,4,7
776996,2025-07-26,Miami Marlins,Milwaukee Brewers,0,7,4
776998,2025-07-26,Boston Red Sox,Los Angeles Dodgers,1,4,2
776998,2025-07-26,Los Angeles Dodgers,Boston Red Sox,0,2,4
776992,2025-07-26,St. Louis Cardinals,San Diego Padres,1,1,3
776992,2025-07-26,San Diego Padres,St. Louis Cardinals,0,3,1
776985,2025-07-26,San Francisco Giants,New York Mets,1,1,2
776985,2025-07-26,New York Mets,San Francisco Giants,0,2,1
776995,2025-07-26,Los Angeles Angels,Seattle Mariners,1,2,7
776995,2025-07-26,Seattle Mariners,Los Angeles Angels,0,7,2
776986,2025-07-27,Baltimore Orioles,Colorado Rockies,1,5,1
776986,2025-07-27,Colorado Rockies,Baltimore Orioles,0,1,5
776983,2025-07-27,Boston Red Sox,Los Angeles Dodgers,1,4,3
776983,2025-07-27,Los Angeles Dodgers,Boston Red Sox,0,3,4
776984,2025-07-27,Pittsburgh Pirates,Arizona Diamondbacks,1,6,0
776984,2025-07-27,Arizona Diamondbacks,Pittsburgh Pirates,0,0,6
776988,2025-07-27,New York Yankees,Philadelphia Phillies,1,4,3
776988,2025-07-27,Philadelphia Phillies,New York Yankees,0,3,4
776982,2025-07-27,Cincinnati Reds,Tampa Bay Rays,1,2,1
776982,2025-07-27,Tampa Bay Rays,Cincinnati Reds,0,1,2
776987,2025-07-27,Detroit Tigers,Toronto Blue Jays,1,10,4
776987,2025-07-27,Toronto Blue Jays,Detroit Tigers,0,4,10
776975,2025-07-27,Kansas City Royals,Cleveland Guardians,1,4,1
776975,2025-07-27,Cleveland Guardians,Kansas City Royals,0,1,4
776976,2025-07-27,Houston Astros,Athletics,1,1,7
776976,2025-07-27,Athletics,Houston Astros,0,7,1
776979,2025-07-27,Minnesota Twins,Washington Nationals,1,2,7
776979,2025-07-27,Washington Nationals,Minnesota Twins,0,7,2
776989,2025-07-27,Chicago White Sox,Chicago Cubs,1,4,5
776989,2025-07-27,Chicago Cubs,Chicago White Sox,0,5,4
776978,2025-07-27,Milwaukee Brewers,Miami Marlins,1,3,2
776978,2025-07-27,Miami Marlins,Milwaukee Brewers,0,2,3
776980,2025-07-27,St. Louis Cardinals,San Diego Padres,1,2,9
776980,2025-07-27,San Diego Padres,St. Louis Cardinals,0,9,2
776981,2025-07-27,Texas Rangers,Atlanta Braves,1,8,1
776981,2025-07-27,Atlanta Braves,Texas Rangers,0,1,8
776977,2025-07-27,Los Angeles Angels,Seattle Mariners,1,4,1
776977,2025-07-27,Seattle Mariners,Los Angeles Angels,0,1,4
776974,2025-07-27,San Francisco Giants,New York Mets,1,3,5
776974,2025-07-27,New York Mets,San Francisco Giants,0,5,3
776966,2025-07-28,Baltimore Orioles,Toronto Blue Jays,1,11,4
776966,2025-07-28,Toronto Blue Jays,Baltimore Orioles,0,4,11
776968,2025-07-28,Cleveland Guardians,Colorado Rockies,1,6,8
776968,2025-07-28,Colorado Rockies,Cleveland Guardians,0,8,6
776973,2025-07-28,Detroit Tigers,Arizona Diamondbacks,1,5,1
776973,2025-07-28,Arizona Diamondbacks,Detroit Tigers,0,1,5
776970,2025-07-28,New York Yankees,Tampa Bay Rays,1,2,4
776970,2025-07-28,Tampa Bay Rays,New York Yankees,0,4,2
776967,2025-07-28,Cincinnati Reds,Los Angeles Dodgers,1,2,5
776967,2025-07-28,Los Angeles Dodgers,Cincinnati Reds,0,5,2
776961,2025-07-28,Minnesota Twins,Boston Red Sox,1,5,4
776961,2025-07-28,Boston Red Sox,Minnesota Twins,0,4,5
776971,2025-07-28,Kansas City Royals,Atlanta Braves,1,7,10
776971,2025-07-28,Atlanta Braves,Kansas City Royals,0,10,7
776972,2025-07-28,Chicago White Sox,Philadelphia Phillies,1,6,2
776972,2025-07-28,Philadelphia Phillies,Chicago White Sox,0,2,6
776965,2025-07-28,Milwaukee Brewers,Chicago Cubs,1,8,4
776965,2025-07-28,Chicago Cubs,Milwaukee Brewers,0,4,8
776960,2025-07-28,St. Louis Cardinals,Miami Marlins,1,7,1
776960,2025-07-28,Miami Marlins,St. Louis Cardinals,0,1,7
776969,2025-07-28,Houston Astros,Washington Nationals,1,1,2
776969,2025-07-28,Washington Nationals,Houston Astros,0,2,1
776958,2025-07-28,Los Angeles Angels,Texas Rangers,1,6,4
776958,2025-07-28,Texas Rangers,Los Angeles Angels,0,4,6
776959,2025-07-28,San Diego Padres,New York Mets,1,7,6
776959,2025-07-28,New York Mets,San Diego Padres,0,6,7
776964,2025-07-28,San Francisco Giants,Pittsburgh Pirates,1,5,6
776964,2025-07-28,Pittsburgh Pirates,San Francisco Giants,0,6,5
776957,2025-07-28,Athletics,Seattle Mariners,1,1,3
776957,2025-07-28,Seattle Mariners,Athletics,0,3,1
778372,2025-07-29,Baltimore Orioles,Toronto Blue Jays,1,16,4
778372,2025-07-29,Toronto Blue Jays,Baltimore Orioles,0,4,16
776962,2025-07-29,Baltimore Orioles,Toronto Blue Jays,1,3,2
776962,2025-07-29,Toronto Blue Jays,Baltimore Orioles,0,2,3
776951,2025-07-29,Cleveland Guardians,Colorado Rockies,1,10,4
776951,2025-07-29,Colorado Rockies,Cleveland Guardians,0,4,10
776953,2025-07-29,Detroit Tigers,Arizona Diamondbacks,1,12,2
776953,2025-07-29,Arizona Diamondbacks,Detroit Tigers,0,2,12
776949,2025-07-29,New York Yankees,Tampa Bay Rays,1,7,5
776949,2025-07-29,Tampa Bay Rays,New York Yankees,0,5,7
776963,2025-07-29,Cincinnati Reds,Los Angeles Dodgers,1,4,5
776963,2025-07-29,Los Angeles Dodgers,Cincinnati Reds,0,5,4
776954,2025-07-29,Minnesota Twins,Boston Red Sox,1,5,8
776954,2025-07-29,Boston Red Sox,Minnesota Twins,0,8,5
776955,2025-07-29,Kansas City Royals,Atlanta Braves,1,9,6
776955,2025-07-29,Atlanta Braves,Kansas City Royals,0,6,9
776952,2025-07-29,Chicago White Sox,Philadelphia Phillies,1,3,6
776952,2025-07-29,Philadelphia Phillies,Chicago White Sox,0,6,3
776956,2025-07-29,Milwaukee Brewers,Chicago Cubs,1,9,3
776956,2025-07-29,Chicago Cubs,Milwaukee Brewers,0,3,9
776946,2025-07-29,St. Louis Cardinals,Miami Marlins,1,0,5
776946,2025-07-29,Miami Marlins,St. Louis Cardinals,0,5,0
776950,2025-07-29,Houston Astros,Washington Nationals,1,7,4
776950,2025-07-29,Washington Nationals,Houston Astros,0,4,7
776945,2025-07-29,Los Angeles Angels,Texas Rangers,1,8,5
776945,2025-07-29,Texas Rangers,Los Angeles Angels,0,5,8
776947,2025-07-29,San Diego Padres,New York Mets,1,7,1
776947,2025-07-29,New York Mets,San Diego Padres,0,1,7
776943,2025-07-29,San Francisco Giants,Pittsburgh Pirates,1,1,3
776943,2025-07-29,Pittsburgh Pirates,San Francisco Giants,0,3,1
776944,2025-07-29,Athletics,Seattle Mariners,1,6,1
776944,2025-07-29,Seattle Mariners,Athletics,0,1,6
776948,2025-07-30,Baltimore Orioles,Toronto Blue Jays,1,8,9
776948,2025-07-30,Toronto Blue Jays,Baltimore Orioles,0,9,8
776940,2025-07-30,Detroit Tigers,Arizona Diamondbacks,1,7,2
776940,2025-07-30,Arizona Diamondbacks,Detroit Tigers,0,2,7
776935,2025-07-30,Minnesota Twins,Boston Red Sox,1,1,13
776935,2025-07-30,Boston Red Sox,Minnesota Twins,0,13,1
776937,2025-07-30,Houston Astros,Washington Nationals,1,9,1
776937,2025-07-30,Washington Nationals,Houston Astros,0,1,9
776936,2025-07-30,Kansas City Royals,Atlanta Braves,1,1,0
776936,2025-07-30,Atlanta Braves,Kansas City Royals,0,0,1
776939,2025-07-30,Chicago White Sox,Philadelphia Phillies,1,9,3
776939,2025-07-30,Philadelphia Phillies,Chicago White Sox,0,3,9
776929,2025-07-30,Milwaukee Brewers,Chicago Cubs,1,3,10
776929,2025-07-30,Chicago Cubs,Milwaukee Brewers,0,10,3
776933,2025-07-30,San Francisco Giants,Pittsburgh Pirates,1,1,2
776933,2025-07-30,Pittsburgh Pirates,San Francisco Giants,0,2,1
776931,2025-07-30,San Diego Padres,New York Mets,1,5,0
776931,2025-07-30,New York Mets,San Diego Padres,0,0,5
776942,2025-07-30,Cleveland Guardians,Colorado Rockies,1,5,0
776942,2025-07-30,Colorado Rockies,Cleveland Guardians,0,0,5
776938,2025-07-30,New York Yankees,Tampa Bay Rays,1,5,4
776938,2025-07-30,Tampa Bay Rays,New York Yankees,0,4,5
776941,2025-07-30,Cincinnati Reds,Los Angeles Dodgers,1,5,2
776941,2025-07-30,Los Angeles Dodgers,Cincinnati Reds,0,2,5
776934,2025-07-30,St. Louis Cardinals,Miami Marlins,1,0,2
776934,2025-07-30,Miami Marlins,St. Louis Cardinals,0,2,0
776932,2025-07-30,Los Angeles Angels,Texas Rangers,1,3,6
776932,2025-07-30,Texas Rangers,Los Angeles Angels,0,6,3
776930,2025-07-30,Athletics,Seattle Mariners,1,5,4
776930,2025-07-30,Seattle Mariners,Athletics,0,4,5
776927,2025-07-31,New York Yankees,Tampa Bay Rays,1,7,4
776927,2025-07-31,Tampa Bay Rays,New York Yankees,0,4,7
776928,2025-07-31,Cincinnati Reds,Atlanta Braves,1,11,12
776928,2025-07-31,Atlanta Braves,Cincinnati Reds,0,12,11
776923,2025-07-31,Seattle Mariners,Texas Rangers,1,6,0
776923,2025-07-31,Texas Rangers,Seattle Mariners,0,0,6
776921,2025-08-01,Cincinnati Reds,Atlanta Braves,1,3,2
776921,2025-08-01,Atlanta Braves,Cincinnati Reds,0,2,3
776915,2025-08-01,Chicago Cubs,Baltimore Orioles,1,1,0
776915,2025-08-01,Baltimore Orioles,Chicago Cubs,0,0,1
776913,2025-08-01,Philadelphia Phillies,Detroit Tigers,1,5,4
776913,2025-08-01,Detroit Tigers,Philadelphia Phillies,0,4,5
776917,2025-08-01,Washington Nationals,Milwaukee Brewers,1,9,16
776917,2025-08-01,Milwaukee Brewers,Washington Nationals,0,16,9
776920,2025-08-01,Toronto Blue Jays,Kansas City Royals,1,3,9
776920,2025-08-01,Kansas City Royals,Toronto Blue Jays,0,9,3
776922,2025-08-01,Boston Red Sox,Houston Astros,1,2,1
776922,2025-08-01,Houston Astros,Boston Red Sox,0,1,2
776926,2025-08-01,New York Mets,San Francisco Giants,1,3,4
776926,2025-08-01,San Francisco Giants,New York Mets,0,4,3
776924,2025-08-01,Cleveland Guardians,Minnesota Twins,1,3,2
776924,2025-08-01,Minnesota Twins,Cleveland Guardians,0,2,3
776925,2025-08-01,Miami Marlins,New York Yankees,1,13,12
776925,2025-08-01,New York Yankees,Miami Marlins,0,12,13
776918,2025-08-01,Tampa Bay Rays,Los Angeles Dodgers,1,0,5
776918,2025-08-01,Los Angeles Dodgers,Tampa Bay Rays,0,5,0
776919,2025-08-01,Colorado Rockies,Pittsburgh Pirates,1,17,16
776919,2025-08-01,Pittsburgh Pirates,Colorado Rockies,0,16,17
776916,2025-08-01,Los Angeles Angels,Chicago White Sox,1,3,6
776916,2025-08-01,Chicago White Sox,Los Angeles Angels,0,6,3
776906,2025-08-01,San Diego Padres,St. Louis Cardinals,1,4,1
776906,2025-08-01,St. Louis Cardinals,San Diego Padres,0,1,4
776914,2025-08-01,Athletics,Arizona Diamondbacks,1,5,1
776914,2025-08-01,Arizona Diamondbacks,Athletics,0,1,5
776908,2025-08-01,Seattle Mariners,Texas Rangers,1,4,3
776908,2025-08-01,Texas Rangers,Seattle Mariners,0,3,4
776901,2025-08-02,Tampa Bay Rays,Los Angeles Dodgers,1,4,0
776901,2025-08-02,Los Angeles Dodgers,Tampa Bay Rays,0,0,4
776902,2025-08-02,Chicago Cubs,Baltimore Orioles,1,3,4
776902,2025-08-02,Baltimore Orioles,Chicago Cubs,0,4,3
776900,2025-08-02,Toronto Blue Jays,Kansas City Royals,1,4,2
776900,2025-08-02,Kansas City Royals,Toronto Blue Jays,0,2,4
776904,2025-08-02,Colorado Rockies,Pittsburgh Pirates,1,8,5
776904,2025-08-02,Pittsburgh Pirates,Colorado Rockies,0,5,8
776912,2025-08-02,Philadelphia Phillies,Detroit Tigers,1,5,7
776912,2025-08-02,Detroit Tigers,Philadelphia Phillies,0,7,5
776903,2025-08-02,Washington Nationals,Milwaukee Brewers,1,2,8
776903,2025-08-02,Milwaukee Brewers,Washington Nationals,0,8,2
776909,2025-08-02,Boston Red Sox,Houston Astros,1,7,3
776909,2025-08-02,Houston Astros,Boston Red Sox,0,3,7
776911,2025-08-02,New York Mets,San Francisco Giants,1,12,6
776911,2025-08-02,San Francisco Giants,New York Mets,0,6,12
776897,2025-08-02,Seattle Mariners,Texas Rangers,1,4,6
776897,2025-08-02,Texas Rangers,Seattle Mariners,0,6,4
776905,2025-08-02,Cleveland Guardians,Minnesota Twins,1,5,4
776905,2025-08-02,Minnesota Twins,Cleveland Guardians,0,4,5
776910,2025-08-02,Miami Marlins,New York Yankees,1,2,0
776910,2025-08-02,New York Yankees,Miami Marlins,0,0,2
776907,2025-08-02,Cincinnati Reds,Atlanta Braves,1,2,4
776907,2025-08-02,Atlanta Braves,Cincinnati Reds,0,4,2
776899,2025-08-02,Athletics,Arizona Diamondbacks,1,2,7
776899,2025-08-02,Arizona Diamondbacks,Athletics,0,7,2
776898,2025-08-02,Los Angeles Angels,Chicago White Sox,1,0,1
776898,2025-08-02,Chicago White Sox,Los Angeles Angels,0,1,0
776896,2025-08-02,San Diego Padres,St. Louis Cardinals,1,5,8
776896,2025-08-02,St. Louis Cardinals,San Diego Padres,0,8,5
776895,2025-08-03,Boston Red Sox,Houston Astros,1,6,1
776895,2025-08-03,Houston Astros,Boston Red Sox,0,1,6
776889,2025-08-03,Tampa Bay Rays,Los Angeles Dodgers,1,0,3
776889,2025-08-03,Los Angeles Dodgers,Tampa Bay Rays,0,3,0
776907,2025-08-03,Cincinnati Reds,Atlanta Braves,1,2,4
776907,2025-08-03,Atlanta Braves,Cincinnati Reds,0,4,2
776894,2025-08-03,Washington Nationals,Milwaukee Brewers,1,3,14
776894,2025-08-03,Milwaukee Brewers,Washington Nationals,0,14,3
776893,2025-08-03,Toronto Blue Jays,Kansas City Royals,1,4,7
776893,2025-08-03,Kansas City Royals,Toronto Blue Jays,0,7,4
776887,2025-08-03,New York Mets,San Francisco Giants,1,4,12
776887,2025-08-03,San Francisco Giants,New York Mets,0,12,4
776892,2025-08-03,Cleveland Guardians,Minnesota Twins,1,4,5
776892,2025-08-03,Minnesota Twins,Cleveland Guardians,0,5,4
776891,2025-08-03,Miami Marlins,New York Yankees,1,7,3
776891,2025-08-03,New York Yankees,Miami Marlins,0,3,7
776888,2025-08-03,Chicago Cubs,Baltimore Orioles,1,5,3
776888,2025-08-03,Baltimore Orioles,Chicago Cubs,0,3,5
776886,2025-08-03,Colorado Rockies,Pittsburgh Pirates,1,5,9
776886,2025-08-03,Pittsburgh Pirates,Colorado Rockies,0,9,5
776881,2025-08-03,Athletics,Arizona Diamondbacks,1,4,6
776881,2025-08-03,Arizona Diamondbacks,Athletics,0,6,4
776885,2025-08-03,Los Angeles Angels,Chicago White Sox,1,8,5
776885,2025-08-03,Chicago White Sox,Los Angeles Angels,0,5,8
776884,2025-08-03,San Diego Padres,St. Louis Cardinals,1,7,3
776884,2025-08-03,St. Louis Cardinals,San Diego Padres,0,3,7
776883,2025-08-03,Seattle Mariners,Texas Rangers,1,5,4
776883,2025-08-03,Texas Rangers,Seattle Mariners,0,4,5
776890,2025-08-03,Philadelphia Phillies,Detroit Tigers,1,2,0
776890,2025-08-03,Detroit Tigers,Philadelphia Phillies,0,0,2
776879,2025-08-04,Pittsburgh Pirates,San Francisco Giants,1,5,4
776879,2025-08-04,San Francisco Giants,Pittsburgh Pirates,0,4,5
776874,2025-08-04,Detroit Tigers,Minnesota Twins,1,6,3
776874,2025-08-04,Minnesota Twins,Detroit Tigers,0,3,6
776875,2025-08-04,Miami Marlins,Houston Astros,1,2,8
776875,2025-08-04,Houston Astros,Miami Marlins,0,8,2
776877,2025-08-04,Philadelphia Phillies,Baltimore Orioles,1,13,3
776877,2025-08-04,Baltimore Orioles,Philadelphia Phillies,0,3,13
776880,2025-08-04,Boston Red Sox,Kansas City Royals,1,8,5
776880,2025-08-04,Kansas City Royals,Boston Red Sox,0,5,8
776876,2025-08-04,New York Mets,Cleveland Guardians,1,6,7
776876,2025-08-04,Cleveland Guardians,New York Mets,0,7,6
776882,2025-08-04,Atlanta Braves,Milwaukee Brewers,1,1,3
776882,2025-08-04,Milwaukee Brewers,Atlanta Braves,0,3,1
776878,2025-08-04,Chicago Cubs,Cincinnati Reds,1,2,3
776878,2025-08-04,Cincinnati Reds,Chicago Cubs,0,3,2
776871,2025-08-04,Texas Rangers,New York Yankees,1,8,5
776871,2025-08-04,New York Yankees,Texas Rangers,0,5,8
776872,2025-08-04,Colorado Rockies,Toronto Blue Jays,1,1,15
776872,2025-08-04,Toronto Blue Jays,Colorado Rockies,0,15,1
776867,2025-08-04,Los Angeles Angels,Tampa Bay Rays,1,5,1
776867,2025-08-04,Tampa Bay Rays,Los Angeles Angels,0,1,5
776873,2025-08-04,Arizona Diamondbacks,San Diego Padres,1,6,2
776873,2025-08-04,San Diego Padres,Arizona Diamondbacks,0,2,6
776870,2025-08-04,Los Angeles Dodgers,St. Louis Cardinals,1,2,3
776870,2025-08-04,St. Louis Cardinals,Los Angeles Dodgers,0,3,2
776866,2025-08-05,Pittsburgh Pirates,San Francisco Giants,1,1,8
776866,2025-08-05,San Francisco Giants,Pittsburgh Pirates,0,8,1
776861,2025-08-05,Detroit Tigers,Minnesota Twins,1,3,6
776861,2025-08-05,Minnesota Twins,Detroit Tigers,0,6,3
776862,2025-08-05,Miami Marlins,Houston Astros,1,3,7
776862,2025-08-05,Houston Astros,Miami Marlins,0,7,3
776865,2025-08-05,Washington Nationals,Athletics,1,7,16
776865,2025-08-05,Athletics,Washington Nationals,0,16,7
776868,2025-08-05,Philadelphia Phillies,Baltimore Orioles,1,5,0
776868,2025-08-05,Baltimore Orioles,Philadelphia Phillies,0,0,5
776864,2025-08-05,Boston Red Sox,Kansas City Royals,1,6,2
776864,2025-08-05,Kansas City Royals,Boston Red Sox,0,2,6
776863,2025-08-05,New York Mets,Cleveland Guardians,1,2,3
776863,2025-08-05,Cleveland Guardians,New York Mets,0,3,2
776869,2025-08-05,Atlanta Braves,Milwaukee Brewers,1,2,7
776869,2025-08-05,Milwaukee Brewers,Atlanta Braves,0,7,2
776860,2025-08-05,Chicago Cubs,Cincinnati Reds,1,1,5
776860,2025-08-05,Cincinnati Reds,Chicago Cubs,0,5,1
776855,2025-08-05,Texas Rangers,New York Yankees,1,2,0
776855,2025-08-05,New York Yankees,Texas Rangers,0,0,2
776854,2025-08-05,Colorado Rockies,Toronto Blue Jays,1,4,10
776854,2025-08-05,Toronto Blue Jays,Colorado Rockies,0,10,4
776848,2025-08-05,Los Angeles Angels,Tampa Bay Rays,1,3,7
776848,2025-08-05,Tampa Bay Rays,Los Angeles Angels,0,7,3
776852,2025-08-05,Arizona Diamondbacks,San Diego Padres,1,5,10
776852,2025-08-05,San Diego Padres,Arizona Diamondbacks,0,10,5
776857,2025-08-05,Seattle Mariners,Chicago White Sox,1,8,3
776857,2025-08-05,Chicago White Sox,Seattle Mariners,0,3,8
776858,2025-08-05,Los Angeles Dodgers,St. Louis Cardinals,1,12,6
776858,2025-08-05,St. Louis Cardinals,Los Angeles Dodgers,0,6,12
776844,2025-08-06,Pittsburgh Pirates,San Francisco Giants,1,2,4
776844,2025-08-06,San Francisco Giants,Pittsburgh Pirates,0,4,2
776851,2025-08-06,Philadelphia Phillies,Baltimore Orioles,1,1,5
776851,2025-08-06,Baltimore Orioles,Philadelphia Phillies,0,5,1
776846,2025-08-06,New York Mets,Cleveland Guardians,1,1,4
776846,2025-08-06,Cleveland Guardians,New York Mets,0,4,1
776859,2025-08-06,Detroit Tigers,Minnesota Twins,1,4,9
776859,2025-08-06,Minnesota Twins,Detroit Tigers,0,9,4
776847,2025-08-06,Chicago Cubs,Cincinnati Reds,1,6,1
776847,2025-08-06,Cincinnati Reds,Chicago Cubs,0,1,6
776845,2025-08-06,Texas Rangers,New York Yankees,1,2,3
776845,2025-08-06,New York Yankees,Texas Rangers,0,3,2
776836,2025-08-06,Colorado Rockies,Toronto Blue Jays,1,1,20
776836,2025-08-06,Toronto Blue Jays,Colorado Rockies,0,20,1
776843,2025-08-06,Los Angeles Angels,Tampa Bay Rays,1,4,5
776843,2025-08-06,Tampa Bay Rays,Los Angeles Angels,0,5,4
776839,2025-08-06,Los Angeles Dodgers,St. Louis Cardinals,1,3,5
776839,2025-08-06,St. Louis Cardinals,Los Angeles Dodgers,0,5,3
776849,2025-08-06,Miami Marlins,Houston Astros,1,6,4
776849,2025-08-06,Houston Astros,Miami Marlins,0,4,6
776850,2025-08-06,Washington Nationals,Athletics,1,2,1
776850,2025-08-06,Athletics,Washington Nationals,0,1,2
776856,2025-08-06,Boston Red Sox,Kansas City Royals,1,3,7
776856,2025-08-06,Kansas City Royals,Boston Red Sox,0,7,3
776853,2025-08-06,Atlanta Braves,Milwaukee Brewers,1,4,5
776853,2025-08-06,Milwaukee Brewers,Atlanta Braves,0,5,4
776838,2025-08-06,Arizona Diamondbacks,San Diego Padres,1,2,3
776838,2025-08-06,San Diego Padres,Arizona Diamondbacks,0,3,2
776841,2025-08-06,Seattle Mariners,Chicago White Sox,1,8,6
776841,2025-08-06,Chicago White Sox,Seattle Mariners,0,6,8
776837,2025-08-07,Washington Nationals,Athletics,1,0,6
776837,2025-08-07,Athletics,Washington Nationals,0,6,0
776830,2025-08-07,Seattle Mariners,Chicago White Sox,1,4,3
776830,2025-08-07,Chicago White Sox,Seattle Mariners,0,3,4
776840,2025-08-07,Pittsburgh Pirates,Cincinnati Reds,1,7,0
776840,2025-08-07,Cincinnati Reds,Pittsburgh Pirates,0,0,7
776842,2025-08-07,Atlanta Braves,Miami Marlins,1,8,6
776842,2025-08-07,Miami Marlins,Atlanta Braves,0,6,8
776829,2025-08-08,Pittsburgh Pirates,Cincinnati Reds,1,3,2
776829,2025-08-08,Cincinnati Reds,Pittsburgh Pirates,0,2,3
776831,2025-08-08,Baltimore Orioles,Athletics,1,3,2
776831,2025-08-08,Athletics,Baltimore Orioles,0,2,3
776835,2025-08-08,New York Yankees,Houston Astros,1,3,5
776835,2025-08-08,Houston Astros,New York Yankees,0,5,3
776832,2025-08-08,Detroit Tigers,Los Angeles Angels,1,6,5
776832,2025-08-08,Los Angeles Angels,Detroit Tigers,0,5,6
776834,2025-08-08,Atlanta Braves,Miami Marlins,1,1,5
776834,2025-08-08,Miami Marlins,Atlanta Braves,0,5,1
776833,2025-08-08,Chicago White Sox,Cleveland Guardians,1,5,9
776833,2025-08-08,Cleveland Guardians,Chicago White Sox,0,9,5
776821,2025-08-08,Texas Rangers,Philadelphia Phillies,1,1,9
776821,2025-08-08,Philadelphia Phillies,Texas Rangers,0,9,1
776827,2025-08-08,Minnesota Twins,Kansas City Royals,1,9,4
776827,2025-08-08,Kansas City Royals,Minnesota Twins,0,4,9
776828,2025-08-08,Milwaukee Brewers,New York Mets,1,3,2
776828,2025-08-08,New York Mets,Milwaukee Brewers,0,2,3
776826,2025-08-08,St. Louis Cardinals,Chicago Cubs,1,5,0
776826,2025-08-08,Chicago Cubs,St. Louis Cardinals,0,0,5
776825,2025-08-08,Arizona Diamondbacks,Colorado Rockies,1,6,1
776825,2025-08-08,Colorado Rockies,Arizona Diamondbacks,0,1,6
776820,2025-08-08,San Diego Padres,Boston Red Sox,1,2,10
776820,2025-08-08,Boston Red Sox,San Diego Padres,0,10,2
776824,2025-08-08,Seattle Mariners,Tampa Bay Rays,1,3,2
776824,2025-08-08,Tampa Bay Rays,Seattle Mariners,0,2,3
776823,2025-08-08,Los Angeles Dodgers,Toronto Blue Jays,1,5,1
776823,2025-08-08,Toronto Blue Jays,Los Angeles Dodgers,0,1,5
776822,2025-08-08,San Francisco Giants,Washington Nationals,1,5,0
776822,2025-08-08,Washington Nationals,San Francisco Giants,0,0,5
778431,2025-08-09,Atlanta Braves,Miami Marlins,1,7,1
778431,2025-08-09,Miami Marlins,Atlanta Braves,0,1,7
776819,2025-08-09,Atlanta Braves,Miami Marlins,1,8,6
776819,2025-08-09,Miami Marlins,Atlanta Braves,0,6,8
776815,2025-08-09,New York Yankees,Houston Astros,1,5,4
776815,2025-08-09,Houston Astros,New York Yankees,0,4,5
776802,2025-08-09,San Francisco Giants,Washington Nationals,1,2,4
776802,2025-08-09,Washington Nationals,San Francisco Giants,0,4,2
776813,2025-08-09,Detroit Tigers,Los Angeles Angels,1,4,7
776813,2025-08-09,Los Angeles Angels,Detroit Tigers,0,7,4
776812,2025-08-09,Pittsburgh Pirates,Cincinnati Reds,1,1,2
776812,2025-08-09,Cincinnati Reds,Pittsburgh Pirates,0,2,1
776811,2025-08-09,Baltimore Orioles,Athletics,1,3,11
776811,2025-08-09,Athletics,Baltimore Orioles,0,11,3
776816,2025-08-09,Minnesota Twins,Kansas City Royals,1,0,2
776816,2025-08-09,Kansas City Royals,Minnesota Twins,0,2,0
776814,2025-08-09,Chicago White Sox,Cleveland Guardians,1,1,3
776814,2025-08-09,Cleveland Guardians,Chicago White Sox,0,3,1
776817,2025-08-09,Milwaukee Brewers,New York Mets,1,7,4
776817,2025-08-09,New York Mets,Milwaukee Brewers,0,4,7
776818,2025-08-09,St. Louis Cardinals,Chicago Cubs,1,1,9
776818,2025-08-09,Chicago Cubs,St. Louis Cardinals,0,9,1
776810,2025-08-09,Texas Rangers,Philadelphia Phillies,1,2,3
776810,2025-08-09,Philadelphia Phillies,Texas Rangers,0,3,2
776809,2025-08-09,Arizona Diamondbacks,Colorado Rockies,1,6,5
776809,2025-08-09,Colorado Rockies,Arizona Diamondbacks,0,5,6
776807,2025-08-09,San Diego Padres,Boston Red Sox,1,5,4
776807,2025-08-09,Boston Red Sox,San Diego Padres,0,4,5
776808,2025-08-09,Los Angeles Dodgers,Toronto Blue Jays,1,9,1
776808,2025-08-09,Toronto Blue Jays,Los Angeles Dodgers,0,1,9
776805,2025-08-09,Seattle Mariners,Tampa Bay Rays,1,7,4
776805,2025-08-09,Tampa Bay Rays,Seattle Mariners,0,4,7
776796,2025-08-10,Minnesota Twins,Kansas City Royals,1,5,3
776796,2025-08-10,Kansas City Royals,Minnesota Twins,0,3,5
776804,2025-08-10,Baltimore Orioles,Athletics,1,2,3
776804,2025-08-10,Athletics,Baltimore Orioles,0,3,2
776801,2025-08-10,Pittsburgh Pirates,Cincinnati Reds,1,8,14
776801,2025-08-10,Cincinnati Reds,Pittsburgh Pirates,0,14,8
776803,2025-08-10,Atlanta Braves,Miami Marlins,1,7,1
776803,2025-08-10,Miami Marlins,Atlanta Braves,0,1,7
776797,2025-08-10,New York Yankees,Houston Astros,1,1,7
776797,2025-08-10,Houston Astros,New York Yankees,0,7,1
776806,2025-08-10,Detroit Tigers,Los Angeles Angels,1,9,5
776806,2025-08-10,Los Angeles Angels,Detroit Tigers,0,5,9
776798,2025-08-10,Chicago White Sox,Cleveland Guardians,1,6,4
776798,2025-08-10,Cleveland Guardians,Chicago White Sox,0,4,6
776799,2025-08-10,Milwaukee Brewers,New York Mets,1,7,6
776799,2025-08-10,New York Mets,Milwaukee Brewers,0,6,7
776800,2025-08-10,Texas Rangers,Philadelphia Phillies,1,2,4
776800,2025-08-10,Philadelphia Phillies,Texas Rangers,0,4,2
776793,2025-08-10,San Francisco Giants,Washington Nationals,1,0,8
776793,2025-08-10,Washington Nationals,San Francisco Giants,0,8,0
776794,2025-08-10,Arizona Diamondbacks,Colorado Rockies,1,13,6
776794,2025-08-10,Colorado Rockies,Arizona Diamondbacks,0,6,13
776789,2025-08-10,San Diego Padres,Boston Red Sox,1,6,2
776789,2025-08-10,Boston Red Sox,San Diego Padres,0,2,6
776791,2025-08-10,Seattle Mariners,Tampa Bay Rays,1,6,3
776791,2025-08-10,Tampa Bay Rays,Seattle Mariners,0,3,6
776788,2025-08-10,Los Angeles Dodgers,Toronto Blue Jays,1,4,5
776788,2025-08-10,Toronto Blue Jays,Los Angeles Dodgers,0,5,4
776795,2025-08-10,St. Louis Cardinals,Chicago Cubs,1,3,2
776795,2025-08-10,Chicago Cubs,St. Louis Cardinals,0,2,3
776792,2025-08-11,Cincinnati Reds,Philadelphia Phillies,1,1,4
776792,2025-08-11,Philadelphia Phillies,Cincinnati Reds,0,4,1
776790,2025-08-11,New York Yankees,Minnesota Twins,1,6,2
776790,2025-08-11,Minnesota Twins,New York Yankees,0,2,6
776784,2025-08-11,Kansas City Royals,Washington Nationals,1,7,4
776784,2025-08-11,Washington Nationals,Kansas City Royals,0,4,7
776781,2025-08-11,Chicago White Sox,Detroit Tigers,1,1,2
776781,2025-08-11,Detroit Tigers,Chicago White Sox,0,2,1
776786,2025-08-11,Milwaukee Brewers,Pittsburgh Pirates,1,7,1
776786,2025-08-11,Pittsburgh Pirates,Milwaukee Brewers,0,1,7
776783,2025-08-11,St. Louis Cardinals,Colorado Rockies,1,3,2
776783,2025-08-11,Colorado Rockies,St. Louis Cardinals,0,2,3
776785,2025-08-11,Texas Rangers,Arizona Diamondbacks,1,7,6
776785,2025-08-11,Arizona Diamondbacks,Texas Rangers,0,6,7
776782,2025-08-11,Houston Astros,Boston Red Sox,1,7,6
776782,2025-08-11,Boston Red Sox,Houston Astros,0,6,7
776779,2025-08-11,Los Angeles Angels,Los Angeles Dodgers,1,7,4
776779,2025-08-11,Los Angeles Dodgers,Los Angeles Angels,0,4,7
776780,2025-08-11,San Francisco Giants,San Diego Padres,1,1,4
776780,2025-08-11,San Diego Padres,San Francisco Giants,0,4,1
776787,2025-08-11,Athletics,Tampa Bay Rays,1,4,7
776787,2025-08-11,Tampa Bay Rays,Athletics,0,7,4
776776,2025-08-12,Baltimore Orioles,Seattle Mariners,1,0,1
776776,2025-08-12,Seattle Mariners,Baltimore Orioles,0,1,0
776777,2025-08-12,Cincinnati Reds,Philadelphia Phillies,1,6,1
776777,2025-08-12,Philadelphia Phillies,Cincinnati Reds,0,1,6
776778,2025-08-12,Cleveland Guardians,Miami Marlins,1,4,3
776778,2025-08-12,Miami Marlins,Cleveland Guardians,0,3,4
776774,2025-08-12,New York Yankees,Minnesota Twins,1,9,1
776774,2025-08-12,Minnesota Twins,New York Yankees,0,1,9
776768,2025-08-12,Toronto Blue Jays,Chicago Cubs,1,5,1
776768,2025-08-12,Chicago Cubs,Toronto Blue Jays,0,1,5
776772,2025-08-12,New York Mets,Atlanta Braves,1,13,5
776772,2025-08-12,Atlanta Braves,New York Mets,0,5,13
776770,2025-08-12,Kansas City Royals,Washington Nationals,1,8,5
776770,2025-08-12,Washington Nationals,Kansas City Royals,0,5,8
776773,2025-08-12,Chicago White Sox,Detroit Tigers,1,9,6
776773,2025-08-12,Detroit Tigers,Chicago White Sox,0,6,9
776771,2025-08-12,Milwaukee Brewers,Pittsburgh Pirates,1,14,0
776771,2025-08-12,Pittsburgh Pirates,Milwaukee Brewers,0,0,14
776775,2025-08-12,St. Louis Cardinals,Colorado Rockies,1,0,3
776775,2025-08-12,Colorado Rockies,St. Louis Cardinals,0,3,0
776764,2025-08-12,Texas Rangers,Arizona Diamondbacks,1,2,3
776764,2025-08-12,Arizona Diamondbacks,Texas Rangers,0,3,2
776769,2025-08-12,Houston Astros,Boston Red Sox,1,1,14
776769,2025-08-12,Boston Red Sox,Houston Astros,0,14,1
776763,2025-08-12,Los Angeles Angels,Los Angeles Dodgers,1,7,6
776763,2025-08-12,Los Angeles Dodgers,Los Angeles Angels,0,6,7
776767,2025-08-12,San Francisco Giants,San Diego Padres,1,1,5
776767,2025-08-12,San Diego Padres,San Francisco Giants,0,5,1
776762,2025-08-12,Athletics,Tampa Bay Rays,1,6,0
776762,2025-08-12,Tampa Bay Rays,Athletics,0,0,6
776759,2025-08-13,Kansas City Royals,Washington Nationals,1,7,8
776759,2025-08-13,Washington Nationals,Kansas City Royals,0,8,7
776754,2025-08-13,Chicago White Sox,Detroit Tigers,1,0,1
776754,2025-08-13,Detroit Tigers,Chicago White Sox,0,1,0
776755,2025-08-13,Milwaukee Brewers,Pittsburgh Pirates,1,12,5
776755,2025-08-13,Pittsburgh Pirates,Milwaukee Brewers,0,5,12
776758,2025-08-13,St. Louis Cardinals,Colorado Rockies,1,5,6
776758,2025-08-13,Colorado Rockies,St. Louis Cardinals,0,6,5
776746,2025-08-13,Texas Rangers,Arizona Diamondbacks,1,4,6
776746,2025-08-13,Arizona Diamondbacks,Texas Rangers,0,6,4
776749,2025-08-13,San Francisco Giants,San Diego Padres,1,1,11
776749,2025-08-13,San Diego Padres,San Francisco Giants,0,11,1
776765,2025-08-13,Cincinnati Reds,Philadelphia Phillies,1,8,0
776765,2025-08-13,Philadelphia Phillies,Cincinnati Reds,0,0,8
776761,2025-08-13,Baltimore Orioles,Seattle Mariners,1,4,3
776761,2025-08-13,Seattle Mariners,Baltimore Orioles,0,3,4
776766,2025-08-13,Cleveland Guardians,Miami Marlins,1,4,13
776766,2025-08-13,Miami Marlins,Cleveland Guardians,0,13,4
776760,2025-08-13,New York Yankees,Minnesota Twins,1,1,4
776760,2025-08-13,Minnesota Twins,New York Yankees,0,4,1
776757,2025-08-13,Toronto Blue Jays,Chicago Cubs,1,1,4
776757,2025-08-13,Chicago Cubs,Toronto Blue Jays,0,4,1
776753,2025-08-13,Houston Astros,Boston Red Sox,1,4,1
776753,2025-08-13,Boston Red Sox,Houston Astros,0,1,4
776756,2025-08-13,New York Mets,Atlanta Braves,1,6,11
776756,2025-08-13,Atlanta Braves,New York Mets,0,11,6
776752,2025-08-13,Los Angeles Angels,Los Angeles Dodgers,1,6,5
776752,2025-08-13,Los Angeles Dodgers,Los Angeles Angels,0,5,6
776751,2025-08-13,Athletics,Tampa Bay Rays,1,2,8
776751,2025-08-13,Tampa Bay Rays,Athletics,0,8,2
776750,2025-08-14,Baltimore Orioles,Seattle Mariners,1,5,3
776750,2025-08-14,Seattle Mariners,Baltimore Orioles,0,3,5
776747,2025-08-14,Toronto Blue Jays,Chicago Cubs,1,2,1
776747,2025-08-14,Chicago Cubs,Toronto Blue Jays,0,1,2
776745,2025-08-14,Cleveland Guardians,Miami Marlins,1,9,4
776745,2025-08-14,Miami Marlins,Cleveland Guardians,0,4,9
776743,2025-08-14,Washington Nationals,Philadelphia Phillies,1,3,2
776743,2025-08-14,Philadelphia Phillies,Washington Nationals,0,2,3
776748,2025-08-14,New York Mets,Atlanta Braves,1,3,4
776748,2025-08-14,Atlanta Braves,New York Mets,0,4,3
776744,2025-08-14,Minnesota Twins,Detroit Tigers,1,3,4
776744,2025-08-14,Detroit Tigers,Minnesota Twins,0,4,3
776742,2025-08-14,Colorado Rockies,Arizona Diamondbacks,1,2,8
776742,2025-08-14,Arizona Diamondbacks,Colorado Rockies,0,8,2
776737,2025-08-15,Chicago Cubs,Pittsburgh Pirates,1,2,3
776737,2025-08-15,Pittsburgh Pirates,Chicago Cubs,0,3,2
776740,2025-08-15,Cincinnati Reds,Milwaukee Brewers,1,8,10
776740,2025-08-15,Milwaukee Brewers,Cincinnati Reds,0,10,8
776739,2025-08-15,Washington Nationals,Philadelphia Phillies,1,2,6
776739,2025-08-15,Philadelphia Phillies,Washington Nationals,0,6,2
776735,2025-08-15,Toronto Blue Jays,Texas Rangers,1,6,5
776735,2025-08-15,Texas Rangers,Toronto Blue Jays,0,5,6
776736,2025-08-15,New York Mets,Seattle Mariners,1,9,11
776736,2025-08-15,Seattle Mariners,New York Mets,0,11,9
776738,2025-08-15,Cleveland Guardians,Atlanta Braves,1,0,2
776738,2025-08-15,Atlanta Braves,Cleveland Guardians,0,2,0
776741,2025-08-15,Boston Red Sox,Miami Marlins,1,2,1
776741,2025-08-15,Miami Marlins,Boston Red Sox,0,1,2
776733,2025-08-15,Houston Astros,Baltimore Orioles,1,0,7
776733,2025-08-15,Baltimore Orioles,Houston Astros,0,7,0
776732,2025-08-15,Minnesota Twins,Detroit Tigers,1,0,7
776732,2025-08-15,Detroit Tigers,Minnesota Twins,0,7,0
776728,2025-08-15,Kansas City Royals,Chicago White Sox,1,3,1
776728,2025-08-15,Chicago White Sox,Kansas City Royals,0,1,3
776731,2025-08-15,St. Louis Cardinals,New York Yankees,1,3,4
776731,2025-08-15,New York Yankees,St. Louis Cardinals,0,4,3
776730,2025-08-15,Colorado Rockies,Arizona Diamondbacks,1,4,3
776730,2025-08-15,Arizona Diamondbacks,Colorado Rockies,0,3,4
776734,2025-08-15,Athletics,Los Angeles Angels,1,10,3
776734,2025-08-15,Los Angeles Angels,Athletics,0,3,10
776727,2025-08-15,Los Angeles Dodgers,San Diego Padres,1,3,2
776727,2025-08-15,San Diego Padres,Los Angeles Dodgers,0,2,3
776729,2025-08-15,San Francisco Giants,Tampa Bay Rays,1,6,7
776729,2025-08-15,Tampa Bay Rays,San Francisco Giants,0,7,6
776719,2025-08-16,Chicago Cubs,Pittsburgh Pirates,1,3,1
776719,2025-08-16,Pittsburgh Pirates,Chicago Cubs,0,1,3
776723,2025-08-16,Toronto Blue Jays,Texas Rangers,1,14,2
776723,2025-08-16,Texas Rangers,Toronto Blue Jays,0,2,14
776725,2025-08-16,Washington Nationals,Philadelphia Phillies,1,2,0
776725,2025-08-16,Philadelphia Phillies,Washington Nationals,0,0,2
776726,2025-08-16,New York Mets,Seattle Mariners,1,3,1
776726,2025-08-16,Seattle Mariners,New York Mets,0,1,3
776724,2025-08-16,Boston Red Sox,Miami Marlins,1,7,5
776724,2025-08-16,Miami Marlins,Boston Red Sox,0,5,7
776721,2025-08-16,Cincinnati Reds,Milwaukee Brewers,1,5,6
776721,2025-08-16,Milwaukee Brewers,Cincinnati Reds,0,6,5
776722,2025-08-16,Houston Astros,Baltimore Orioles,1,5,4
776722,2025-08-16,Baltimore Orioles,Houston Astros,0,4,5
776720,2025-08-16,Cleveland Guardians,Atlanta Braves,1,1,10
776720,2025-08-16,Atlanta Braves,Cleveland Guardians,0,10,1
776712,2025-08-16,Kansas City Royals,Chicago White Sox,1,6,2
776712,2025-08-16,Chicago White Sox,Kansas City Royals,0,2,6
776716,2025-08-16,Minnesota Twins,Detroit Tigers,1,5,8
776716,2025-08-16,Detroit Tigers,Minnesota Twins,0,8,5
776713,2025-08-16,St. Louis Cardinals,New York Yankees,1,8,12
776713,2025-08-16,New York Yankees,St. Louis Cardinals,0,12,8
776715,2025-08-16,Colorado Rockies,Arizona Diamondbacks,1,10,7
776715,2025-08-16,Arizona Diamondbacks,Colorado Rockies,0,7,10
776711,2025-08-16,San Francisco Giants,Tampa Bay Rays,1,1,2
776711,2025-08-16,Tampa Bay Rays,San Francisco Giants,0,2,1
776717,2025-08-16,Los Angeles Dodgers,San Diego Padres,1,6,0
776717,2025-08-16,San Diego Padres,Los Angeles Dodgers,0,0,6
776718,2025-08-16,Athletics,Los Angeles Angels,1,7,2
776718,2025-08-16,Los Angeles Angels,Athletics,0,2,7
776708,2025-08-17,Washington Nationals,Philadelphia Phillies,1,9,11
776708,2025-08-17,Philadelphia Phillies,Washington Nationals,0,11,9
776714,2025-08-17,Boston Red Sox,Miami Marlins,1,3,5
776714,2025-08-17,Miami Marlins,Boston Red Sox,0,5,3
776710,2025-08-17,Toronto Blue Jays,Texas Rangers,1,4,10
776710,2025-08-17,Texas Rangers,Toronto Blue Jays,0,10,4
776706,2025-08-17,Cleveland Guardians,Atlanta Braves,1,4,5
776706,2025-08-17,Atlanta Braves,Cleveland Guardians,0,5,4
776709,2025-08-17,Cincinnati Reds,Milwaukee Brewers,1,3,2
776709,2025-08-17,Milwaukee Brewers,Cincinnati Reds,0,2,3
776705,2025-08-17,Houston Astros,Baltimore Orioles,1,0,12
776705,2025-08-17,Baltimore Orioles,Houston Astros,0,12,0
776700,2025-08-17,Minnesota Twins,Detroit Tigers,1,8,1
776700,2025-08-17,Detroit Tigers,Minnesota Twins,0,1,8
776702,2025-08-17,Kansas City Royals,Chicago White Sox,1,6,2
776702,2025-08-17,Chicago White Sox,Kansas City Royals,0,2,6
776698,2025-08-17,St. Louis Cardinals,New York Yankees,1,4,8
776698,2025-08-17,New York Yankees,St. Louis Cardinals,0,8,4
776704,2025-08-17,Chicago Cubs,Pittsburgh Pirates,1,4,3
776704,2025-08-17,Pittsburgh Pirates,Chicago Cubs,0,3,4
776701,2025-08-17,Colorado Rockies,Arizona Diamondbacks,1,6,5
776701,2025-08-17,Arizona Diamondbacks,Colorado Rockies,0,5,6
776699,2025-08-17,Athletics,Los Angeles Angels,1,5,11
776699,2025-08-17,Los Angeles Angels,Athletics,0,11,5
776703,2025-08-17,San Francisco Giants,Tampa Bay Rays,1,7,1
776703,2025-08-17,Tampa Bay Rays,San Francisco Giants,0,1,7
776697,2025-08-17,Los Angeles Dodgers,San Diego Padres,1,5,4
776697,2025-08-17,San Diego Padres,Los Angeles Dodgers,0,4,5
776707,2025-08-17,New York Mets,Seattle Mariners,1,7,3
776707,2025-08-17,Seattle Mariners,New York Mets,0,3,7
777459,2025-08-18,Chicago Cubs,Milwaukee Brewers,1,0,7
777459,2025-08-18,Milwaukee Brewers,Chicago Cubs,0,7,0
776692,2025-08-18,Detroit Tigers,Houston Astros,1,10,0
776692,2025-08-18,Houston Astros,Detroit Tigers,0,0,10
776694,2025-08-18,Pittsburgh Pirates,Toronto Blue Jays,1,5,2
776694,2025-08-18,Toronto Blue Jays,Pittsburgh Pirates,0,2,5
776688,2025-08-18,Miami Marlins,St. Louis Cardinals,1,3,8
776688,2025-08-18,St. Louis Cardinals,Miami Marlins,0,8,3
776689,2025-08-18,Philadelphia Phillies,Seattle Mariners,1,12,7
776689,2025-08-18,Seattle Mariners,Philadelphia Phillies,0,7,12
776695,2025-08-18,Boston Red Sox,Baltimore Orioles,1,3,6
776695,2025-08-18,Baltimore Orioles,Boston Red Sox,0,6,3
776696,2025-08-18,Atlanta Braves,Chicago White Sox,1,9,13
776696,2025-08-18,Chicago White Sox,Atlanta Braves,0,13,9
776690,2025-08-18,Kansas City Royals,Texas Rangers,1,4,3
776690,2025-08-18,Texas Rangers,Kansas City Royals,0,3,4
776693,2025-08-18,Colorado Rockies,Los Angeles Dodgers,1,4,3
776693,2025-08-18,Los Angeles Dodgers,Colorado Rockies,0,3,4
776681,2025-08-18,Los Angeles Angels,Cincinnati Reds,1,1,4
776681,2025-08-18,Cincinnati Reds,Los Angeles Angels,0,4,1
776682,2025-08-18,Arizona Diamondbacks,Cleveland Guardians,1,1,3
776682,2025-08-18,Cleveland Guardians,Arizona Diamondbacks,0,3,1
776683,2025-08-18,San Diego Padres,San Francisco Giants,1,3,4
776683,2025-08-18,San Francisco Giants,San Diego Padres,0,4,3
776691,2025-08-19,Chicago Cubs,Milwaukee Brewers,1,6,4
776691,2025-08-19,Milwaukee Brewers,Chicago Cubs,0,4,6
776676,2025-08-19,Chicago Cubs,Milwaukee Brewers,1,4,1
776676,2025-08-19,Milwaukee Brewers,Chicago Cubs,0,1,4
776685,2025-08-19,Detroit Tigers,Houston Astros,1,1,0
776685,2025-08-19,Houston Astros,Detroit Tigers,0,0,1
776679,2025-08-19,Pittsburgh Pirates,Toronto Blue Jays,1,3,7
776679,2025-08-19,Toronto Blue Jays,Pittsburgh Pirates,0,7,3
776686,2025-08-19,Miami Marlins,St. Louis Cardinals,1,4,7
776686,2025-08-19,St. Louis Cardinals,Miami Marlins,0,7,4
776678,2025-08-19,Washington Nationals,New York Mets,1,1,8
776678,2025-08-19,New York Mets,Washington Nationals,0,8,1
776680,2025-08-19,Philadelphia Phillies,Seattle Mariners,1,6,4
776680,2025-08-19,Seattle Mariners,Philadelphia Phillies,0,4,6
776684,2025-08-19,Boston Red Sox,Baltimore Orioles,1,3,4
776684,2025-08-19,Baltimore Orioles,Boston Red Sox,0,4,3
776687,2025-08-19,Atlanta Braves,Chicago White Sox,1,11,10
776687,2025-08-19,Chicago White Sox,Atlanta Braves,0,10,11
776677,2025-08-19,Tampa Bay Rays,New York Yankees,1,3,13
776677,2025-08-19,New York Yankees,Tampa Bay Rays,0,13,3
776675,2025-08-19,Kansas City Royals,Texas Rangers,1,5,2
776675,2025-08-19,Texas Rangers,Kansas City Royals,0,2,5
776674,2025-08-19,Minnesota Twins,Athletics,1,3,6
776674,2025-08-19,Athletics,Minnesota Twins,0,6,3
776671,2025-08-19,Colorado Rockies,Los Angeles Dodgers,1,4,11
776671,2025-08-19,Los Angeles Dodgers,Colorado Rockies,0,11,4
776668,2025-08-19,Los Angeles Angels,Cincinnati Reds,1,4,6
776668,2025-08-19,Cincinnati Reds,Los Angeles Angels,0,6,4
776672,2025-08-19,Arizona Diamondbacks,Cleveland Guardians,1,6,5
776672,2025-08-19,Cleveland Guardians,Arizona Diamondbacks,0,5,6
776667,2025-08-19,San Diego Padres,San Francisco Giants,1,5,1
776667,2025-08-19,San Francisco Giants,San Diego Padres,0,1,5
776661,2025-08-20,Pittsburgh Pirates,Toronto Blue Jays,1,2,1
776661,2025-08-20,Toronto Blue Jays,Pittsburgh Pirates,0,1,2
776662,2025-08-20,Philadelphia Phillies,Seattle Mariners,1,11,2
776662,2025-08-20,Seattle Mariners,Philadelphia Phillies,0,2,11
776673,2025-08-20,Detroit Tigers,Houston Astros,1,7,2
776673,2025-08-20,Houston Astros,Detroit Tigers,0,2,7
776658,2025-08-20,Arizona Diamondbacks,Cleveland Guardians,1,3,2
776658,2025-08-20,Cleveland Guardians,Arizona Diamondbacks,0,2,3
776670,2025-08-20,Miami Marlins,St. Louis Cardinals,1,6,2
776670,2025-08-20,St. Louis Cardinals,Miami Marlins,0,2,6
776659,2025-08-20,Washington Nationals,New York Mets,1,5,4
776659,2025-08-20,New York Mets,Washington Nationals,0,4,5
776669,2025-08-20,Atlanta Braves,Chicago White Sox,1,1,0
776669,2025-08-20,Chicago White Sox,Atlanta Braves,0,0,1
776664,2025-08-20,Tampa Bay Rays,New York Yankees,1,4,6
776664,2025-08-20,New York Yankees,Tampa Bay Rays,0,6,4
776666,2025-08-20,Kansas City Royals,Texas Rangers,1,3,6
776666,2025-08-20,Texas Rangers,Kansas City Royals,0,6,3
776665,2025-08-20,Minnesota Twins,Athletics,1,2,4
776665,2025-08-20,Athletics,Minnesota Twins,0,4,2
776663,2025-08-20,Chicago Cubs,Milwaukee Brewers,1,4,3
776663,2025-08-20,Milwaukee Brewers,Chicago Cubs,0,3,4
776660,2025-08-20,Colorado Rockies,Los Angeles Dodgers,1,8,3
776660,2025-08-20,Los Angeles Dodgers,Colorado Rockies,0,3,8
776652,2025-08-20,Los Angeles Angels,Cincinnati Reds,1,2,1
776652,2025-08-20,Cincinnati Reds,Los Angeles Angels,0,1,2
776656,2025-08-20,San Diego Padres,San Francisco Giants,1,8,1
776656,2025-08-20,San Francisco Giants,San Diego Padres,0,1,8
776653,2025-08-21,Minnesota Twins,Athletics,1,3,8
776653,2025-08-21,Athletics,Minnesota Twins,0,8,3
776657,2025-08-21,Kansas City Royals,Texas Rangers,1,6,4
776657,2025-08-21,Texas Rangers,Kansas City Royals,0,4,6
776651,2025-08-21,Chicago Cubs,Milwaukee Brewers,1,1,4
776651,2025-08-21,Milwaukee Brewers,Chicago Cubs,0,4,1
776644,2025-08-21,Colorado Rockies,Los Angeles Dodgers,1,5,9
776644,2025-08-21,Los Angeles Dodgers,Colorado Rockies,0,9,5
776650,2025-08-21,Washington Nationals,New York Mets,1,9,3
776650,2025-08-21,New York Mets,Washington Nationals,0,3,9
776642,2025-08-21,San Diego Padres,San Francisco Giants,1,8,4
776642,2025-08-21,San Francisco Giants,San Diego Padres,0,4,8
776655,2025-08-21,Baltimore Orioles,Houston Astros,1,2,7
776655,2025-08-21,Houston Astros,Baltimore Orioles,0,7,2
776654,2025-08-21,New York Yankees,Boston Red Sox,1,3,6
776654,2025-08-21,Boston Red Sox,New York Yankees,0,6,3
776631,2025-08-21,Tampa Bay Rays,St. Louis Cardinals,1,4,7
776631,2025-08-21,St. Louis Cardinals,Tampa Bay Rays,0,7,4
776637,2025-08-22,Pittsburgh Pirates,Colorado Rockies,1,9,0
776637,2025-08-22,Colorado Rockies,Pittsburgh Pirates,0,0,9
776648,2025-08-22,Philadelphia Phillies,Washington Nationals,1,4,5
776648,2025-08-22,Washington Nationals,Philadelphia Phillies,0,5,4
776643,2025-08-22,Baltimore Orioles,Houston Astros,1,7,10
776643,2025-08-22,Houston Astros,Baltimore Orioles,0,10,7
776647,2025-08-22,New York Yankees,Boston Red Sox,1,0,1
776647,2025-08-22,Boston Red Sox,New York Yankees,0,1,0
776649,2025-08-22,Detroit Tigers,Kansas City Royals,1,7,5
776649,2025-08-22,Kansas City Royals,Detroit Tigers,0,5,7
776646,2025-08-22,Miami Marlins,Toronto Blue Jays,1,2,5
776646,2025-08-22,Toronto Blue Jays,Miami Marlins,0,5,2
776645,2025-08-22,Atlanta Braves,New York Mets,1,7,12
776645,2025-08-22,New York Mets,Atlanta Braves,0,12,7
776633,2025-08-22,Tampa Bay Rays,St. Louis Cardinals,1,10,6
776633,2025-08-22,St. Louis Cardinals,Tampa Bay Rays,0,6,10
776639,2025-08-22,Chicago White Sox,Minnesota Twins,1,7,9
776639,2025-08-22,Minnesota Twins,Chicago White Sox,0,9,7
776641,2025-08-22,Texas Rangers,Cleveland Guardians,1,4,3
776641,2025-08-22,Cleveland Guardians,Texas Rangers,0,3,4
776634,2025-08-22,Milwaukee Brewers,San Francisco Giants,1,5,4
776634,2025-08-22,San Francisco Giants,Milwaukee Brewers,0,4,5
776640,2025-08-22,Los Angeles Angels,Chicago Cubs,1,2,3
776640,2025-08-22,Chicago Cubs,Los Angeles Angels,0,3,2
776635,2025-08-22,Arizona Diamondbacks,Cincinnati Reds,1,6,5
776635,2025-08-22,Cincinnati Reds,Arizona Diamondbacks,0,5,6
776636,2025-08-22,San Diego Padres,Los Angeles Dodgers,1,2,1
776636,2025-08-22,Los Angeles Dodgers,San Diego Padres,0,1,2
776638,2025-08-22,Seattle Mariners,Athletics,1,3,2
776638,2025-08-22,Athletics,Seattle Mariners,0,2,3
776627,2025-08-23,New York Yankees,Boston Red Sox,1,1,12
776627,2025-08-23,Boston Red Sox,New York Yankees,0,12,1
776630,2025-08-23,Miami Marlins,Toronto Blue Jays,1,6,7
776630,2025-08-23,Toronto Blue Jays,Miami Marlins,0,7,6
776628,2025-08-23,Philadelphia Phillies,Washington Nationals,1,6,4
776628,2025-08-23,Washington Nationals,Philadelphia Phillies,0,4,6
776625,2025-08-23,Detroit Tigers,Kansas City Royals,1,4,2
776625,2025-08-23,Kansas City Royals,Detroit Tigers,0,2,4
776632,2025-08-23,Pittsburgh Pirates,Colorado Rockies,1,5,1
776632,2025-08-23,Colorado Rockies,Pittsburgh Pirates,0,1,5
776629,2025-08-23,Baltimore Orioles,Houston Astros,1,8,9
776629,2025-08-23,Houston Astros,Baltimore Orioles,0,9,8
776623,2025-08-23,Texas Rangers,Cleveland Guardians,1,10,0
776623,2025-08-23,Cleveland Guardians,Texas Rangers,0,0,10
776619,2025-08-23,Chicago White Sox,Minnesota Twins,1,7,3
776619,2025-08-23,Minnesota Twins,Chicago White Sox,0,3,7
776621,2025-08-23,Milwaukee Brewers,San Francisco Giants,1,1,7
776621,2025-08-23,San Francisco Giants,Milwaukee Brewers,0,7,1
776626,2025-08-23,Atlanta Braves,New York Mets,1,2,9
776626,2025-08-23,New York Mets,Atlanta Braves,0,9,2
776622,2025-08-23,Arizona Diamondbacks,Cincinnati Reds,1,10,1
776622,2025-08-23,Cincinnati Reds,Arizona Diamondbacks,0,1,10
776617,2025-08-23,San Diego Padres,Los Angeles Dodgers,1,5,1
776617,2025-08-23,Los Angeles Dodgers,San Diego Padres,0,1,5
776618,2025-08-23,Los Angeles Angels,Chicago Cubs,1,1,12
776618,2025-08-23,Chicago Cubs,Los Angeles Angels,0,12,1
776620,2025-08-23,Seattle Mariners,Athletics,1,1,2
776620,2025-08-23,Athletics,Seattle Mariners,0,2,1
776610,2025-08-24,Pittsburgh Pirates,Colorado Rockies,1,4,0
776610,2025-08-24,Colorado Rockies,Pittsburgh Pirates,0,0,4
776606,2025-08-24,Tampa Bay Rays,St. Louis Cardinals,1,7,2
776606,2025-08-24,St. Louis Cardinals,Tampa Bay Rays,0,2,7
776612,2025-08-24,Baltimore Orioles,Houston Astros,1,3,2
776612,2025-08-24,Houston Astros,Baltimore Orioles,0,2,3
776613,2025-08-24,Philadelphia Phillies,Washington Nationals,1,3,2
776613,2025-08-24,Washington Nationals,Philadelphia Phillies,0,2,3
776624,2025-08-24,Atlanta Braves,New York Mets,1,4,3
776624,2025-08-24,New York Mets,Atlanta Braves,0,3,4
776615,2025-08-24,Detroit Tigers,Kansas City Royals,1,8,10
776615,2025-08-24,Kansas City Royals,Detroit Tigers,0,10,8
776614,2025-08-24,Miami Marlins,Toronto Blue Jays,1,5,3
776614,2025-08-24,Toronto Blue Jays,Miami Marlins,0,3,5
776607,2025-08-24,Chicago White Sox,Minnesota Twins,1,8,0
776607,2025-08-24,Minnesota Twins,Chicago White Sox,0,0,8
776608,2025-08-24,Milwaukee Brewers,San Francisco Giants,1,3,4
776608,2025-08-24,San Francisco Giants,Milwaukee Brewers,0,4,3
776611,2025-08-24,Texas Rangers,Cleveland Guardians,1,5,0
776611,2025-08-24,Cleveland Guardians,Texas Rangers,0,0,5
776605,2025-08-24,Los Angeles Angels,Chicago Cubs,1,3,4
776605,2025-08-24,Chicago Cubs,Los Angeles Angels,0,4,3
776609,2025-08-24,Arizona Diamondbacks,Cincinnati Reds,1,1,6
776609,2025-08-24,Cincinnati Reds,Arizona Diamondbacks,0,6,1
776603,2025-08-24,San Diego Padres,Los Angeles Dodgers,1,2,8
776603,2025-08-24,Los Angeles Dodgers,San Diego Padres,0,8,2
776602,2025-08-24,Seattle Mariners,Athletics,1,11,4
776602,2025-08-24,Athletics,Seattle Mariners,0,4,11
776616,2025-08-24,New York Yankees,Boston Red Sox,1,7,2
776616,2025-08-24,Boston Red Sox,New York Yankees,0,2,7
776604,2025-08-25,Baltimore Orioles,Boston Red Sox,1,3,4
776604,2025-08-25,Boston Red Sox,Baltimore Orioles,0,4,3
776601,2025-08-25,Cleveland Guardians,Tampa Bay Rays,1,0,9
776601,2025-08-25,Tampa Bay Rays,Cleveland Guardians,0,9,0
776600,2025-08-25,Miami Marlins,Atlanta Braves,1,2,1
776600,2025-08-25,Atlanta Braves,Miami Marlins,0,1,2
776597,2025-08-25,New York Yankees,Washington Nationals,1,10,5
776597,2025-08-25,Washington Nationals,New York Yankees,0,5,10
776596,2025-08-25,Toronto Blue Jays,Minnesota Twins,1,10,4
776596,2025-08-25,Minnesota Twins,Toronto Blue Jays,0,4,10
776598,2025-08-25,New York Mets,Philadelphia Phillies,1,13,3
776598,2025-08-25,Philadelphia Phillies,New York Mets,0,3,13
776599,2025-08-25,Chicago White Sox,Kansas City Royals,1,7,0
776599,2025-08-25,Kansas City Royals,Chicago White Sox,0,0,7
776593,2025-08-25,Milwaukee Brewers,Arizona Diamondbacks,1,7,5
776593,2025-08-25,Arizona Diamondbacks,Milwaukee Brewers,0,5,7
776589,2025-08-25,St. Louis Cardinals,Pittsburgh Pirates,1,7,6
776589,2025-08-25,Pittsburgh Pirates,St. Louis Cardinals,0,6,7
776592,2025-08-25,Texas Rangers,Los Angeles Angels,1,0,4
776592,2025-08-25,Los Angeles Angels,Texas Rangers,0,4,0
776595,2025-08-25,Seattle Mariners,San Diego Padres,1,9,6
776595,2025-08-25,San Diego Padres,Seattle Mariners,0,6,9
776590,2025-08-25,Athletics,Detroit Tigers,1,8,3
776590,2025-08-25,Detroit Tigers,Athletics,0,3,8
776594,2025-08-25,Los Angeles Dodgers,Cincinnati Reds,1,7,0
776594,2025-08-25,Cincinnati Reds,Los Angeles Dodgers,0,0,7
776591,2025-08-26,Baltimore Orioles,Boston Red Sox,1,0,5
776591,2025-08-26,Boston Red Sox,Baltimore Orioles,0,5,0
776584,2025-08-26,Cleveland Guardians,Tampa Bay Rays,1,3,0
776584,2025-08-26,Tampa Bay Rays,Cleveland Guardians,0,0,3
776581,2025-08-26,Miami Marlins,Atlanta Braves,1,2,11
776581,2025-08-26,Atlanta Braves,Miami Marlins,0,11,2
776588,2025-08-26,New York Yankees,Washington Nationals,1,5,1
776588,2025-08-26,Washington Nationals,New York Yankees,0,1,5
776582,2025-08-26,Toronto Blue Jays,Minnesota Twins,1,5,7
776582,2025-08-26,Minnesota Twins,Toronto Blue Jays,0,7,5
776585,2025-08-26,New York Mets,Philadelphia Phillies,1,6,5
776585,2025-08-26,Philadelphia Phillies,New York Mets,0,5,6
776583,2025-08-26,Chicago White Sox,Kansas City Royals,1,4,5
776583,2025-08-26,Kansas City Royals,Chicago White Sox,0,5,4
776586,2025-08-26,Milwaukee Brewers,Arizona Diamondbacks,1,9,8
776586,2025-08-26,Arizona Diamondbacks,Milwaukee Brewers,0,8,9
776578,2025-08-26,St. Louis Cardinals,Pittsburgh Pirates,1,3,8
776578,2025-08-26,Pittsburgh Pirates,St. Louis Cardinals,0,8,3
776575,2025-08-26,Texas Rangers,Los Angeles Angels,1,7,3
776575,2025-08-26,Los Angeles Angels,Texas Rangers,0,3,7
776587,2025-08-26,Houston Astros,Colorado Rockies,1,1,6
776587,2025-08-26,Colorado Rockies,Houston Astros,0,6,1
776577,2025-08-26,Seattle Mariners,San Diego Padres,1,6,7
776577,2025-08-26,San Diego Padres,Seattle Mariners,0,7,6
776576,2025-08-26,San Francisco Giants,Chicago Cubs,1,5,2
776576,2025-08-26,Chicago Cubs,San Francisco Giants,0,2,5
776573,2025-08-26,Athletics,Detroit Tigers,1,7,6
776573,2025-08-26,Detroit Tigers,Athletics,0,6,7
776574,2025-08-26,Los Angeles Dodgers,Cincinnati Reds,1,6,3
776574,2025-08-26,Cincinnati Reds,Los Angeles Dodgers,0,3,6
776570,2025-08-27,New York Yankees,Washington Nationals,1,11,2
776570,2025-08-27,Washington Nationals,New York Yankees,0,2,11
776580,2025-08-27,Cleveland Guardians,Tampa Bay Rays,1,4,3
776580,2025-08-27,Tampa Bay Rays,Cleveland Guardians,0,3,4
776565,2025-08-27,Miami Marlins,Atlanta Braves,1,1,12
776565,2025-08-27,Atlanta Braves,Miami Marlins,0,12,1
776561,2025-08-27,Seattle Mariners,San Diego Padres,1,4,3
776561,2025-08-27,San Diego Padres,Seattle Mariners,0,3,4
776579,2025-08-27,Baltimore Orioles,Boston Red Sox,1,2,3
776579,2025-08-27,Boston Red Sox,Baltimore Orioles,0,3,2
776567,2025-08-27,Toronto Blue Jays,Minnesota Twins,1,9,8
776567,2025-08-27,Minnesota Twins,Toronto Blue Jays,0,8,9
776566,2025-08-27,New York Mets,Philadelphia Phillies,1,6,0
776566,2025-08-27,Philadelphia Phillies,New York Mets,0,0,6
776569,2025-08-27,Chicago White Sox,Kansas City Royals,1,1,12
776569,2025-08-27,Kansas City Royals,Chicago White Sox,0,12,1
776572,2025-08-27,Milwaukee Brewers,Arizona Diamondbacks,1,2,3
776572,2025-08-27,Arizona Diamondbacks,Milwaukee Brewers,0,3,2
776568,2025-08-27,St. Louis Cardinals,Pittsburgh Pirates,1,1,2
776568,2025-08-27,Pittsburgh Pirates,St. Louis Cardinals,0,2,1
776563,2025-08-27,Texas Rangers,Los Angeles Angels,1,20,3
776563,2025-08-27,Los Angeles Angels,Texas Rangers,0,3,20
776571,2025-08-27,Houston Astros,Colorado Rockies,1,4,0
776571,2025-08-27,Colorado Rockies,Houston Astros,0,0,4
776562,2025-08-27,Los Angeles Dodgers,Cincinnati Reds,1,5,1
776562,2025-08-27,Cincinnati Reds,Los Angeles Dodgers,0,1,5
776557,2025-08-27,San Francisco Giants,Chicago Cubs,1,12,3
776557,2025-08-27,Chicago Cubs,San Francisco Giants,0,3,12
776559,2025-08-27,Athletics,Detroit Tigers,1,7,0
776559,2025-08-27,Detroit Tigers,Athletics,0,0,7
776564,2025-08-28,Baltimore Orioles,Boston Red Sox,1,2,3
776564,2025-08-28,Boston Red Sox,Baltimore Orioles,0,3,2
776555,2025-08-28,Houston Astros,Colorado Rockies,1,4,3
776555,2025-08-28,Colorado Rockies,Houston Astros,0,3,4
776553,2025-08-28,Milwaukee Brewers,Arizona Diamondbacks,1,4,6
776553,2025-08-28,Arizona Diamondbacks,Milwaukee Brewers,0,6,4
776554,2025-08-28,St. Louis Cardinals,Pittsburgh Pirates,1,4,1
776554,2025-08-28,Pittsburgh Pirates,St. Louis Cardinals,0,1,4
776550,2025-08-28,San Francisco Giants,Chicago Cubs,1,4,3
776550,2025-08-28,Chicago Cubs,San Francisco Giants,0,3,4
776560,2025-08-28,Philadelphia Phillies,Atlanta Braves,1,19,4
776560,2025-08-28,Atlanta Braves,Philadelphia Phillies,0,4,19
776558,2025-08-28,New York Mets,Miami Marlins,1,4,7
776558,2025-08-28,Miami Marlins,New York Mets,0,7,4
776556,2025-08-28,Chicago White Sox,New York Yankees,1,4,10
776556,2025-08-28,New York Yankees,Chicago White Sox,0,10,4
776551,2025-08-29,Cincinnati Reds,St. Louis Cardinals,1,5,7
776551,2025-08-29,St. Louis Cardinals,Cincinnati Reds,0,7,5
776545,2025-08-29,Washington Nationals,Tampa Bay Rays,1,1,4
776545,2025-08-29,Tampa Bay Rays,Washington Nationals,0,4,1
776552,2025-08-29,Philadelphia Phillies,Atlanta Braves,1,2,1
776552,2025-08-29,Atlanta Braves,Philadelphia Phillies,0,1,2
776546,2025-08-29,Toronto Blue Jays,Milwaukee Brewers,1,2,7
776546,2025-08-29,Milwaukee Brewers,Toronto Blue Jays,0,7,2
776549,2025-08-29,Boston Red Sox,Pittsburgh Pirates,1,2,4
776549,2025-08-29,Pittsburgh Pirates,Boston Red Sox,0,4,2
776547,2025-08-29,Cleveland Guardians,Seattle Mariners,1,5,4
776547,2025-08-29,Seattle Mariners,Cleveland Guardians,0,4,5
776548,2025-08-29,New York Mets,Miami Marlins,1,19,9
776548,2025-08-29,Miami Marlins,New York Mets,0,9,19
776544,2025-08-29,Chicago White Sox,New York Yankees,1,2,10
776544,2025-08-29,New York Yankees,Chicago White Sox,0,10,2
776543,2025-08-29,Houston Astros,Los Angeles Angels,1,2,0
776543,2025-08-29,Los Angeles Angels,Houston Astros,0,0,2
776540,2025-08-29,Kansas City Royals,Detroit Tigers,1,3,5
776540,2025-08-29,Detroit Tigers,Kansas City Royals,0,5,3
776541,2025-08-29,Minnesota Twins,San Diego Padres,1,7,4
776541,2025-08-29,San Diego Padres,Minnesota Twins,0,4,7
776542,2025-08-29,Colorado Rockies,Chicago Cubs,1,7,11
776542,2025-08-29,Chicago Cubs,Colorado Rockies,0,11,7
776538,2025-08-29,Athletics,Texas Rangers,1,2,5
776538,2025-08-29,Texas Rangers,Athletics,0,5,2
776534,2025-08-29,Los Angeles Dodgers,Arizona Diamondbacks,1,0,3
776534,2025-08-29,Arizona Diamondbacks,Los Angeles Dodgers,0,3,0
776533,2025-08-29,San Francisco Giants,Baltimore Orioles,1,15,8
776533,2025-08-29,Baltimore Orioles,San Francisco Giants,0,8,15
776527,2025-08-30,Toronto Blue Jays,Milwaukee Brewers,1,1,4
776527,2025-08-30,Milwaukee Brewers,Toronto Blue Jays,0,4,1
776525,2025-08-30,Washington Nationals,Tampa Bay Rays,1,1,4
776525,2025-08-30,Tampa Bay Rays,Washington Nationals,0,4,1
776539,2025-08-30,Boston Red Sox,Pittsburgh Pirates,1,3,10
776539,2025-08-30,Pittsburgh Pirates,Boston Red Sox,0,10,3
776535,2025-08-30,New York Mets,Miami Marlins,1,8,11
776535,2025-08-30,Miami Marlins,New York Mets,0,11,8
776532,2025-08-30,Philadelphia Phillies,Atlanta Braves,1,3,2
776532,2025-08-30,Atlanta Braves,Philadelphia Phillies,0,2,3
776536,2025-08-30,Cincinnati Reds,St. Louis Cardinals,1,2,4
776536,2025-08-30,St. Louis Cardinals,Cincinnati Reds,0,4,2
776531,2025-08-30,Houston Astros,Los Angeles Angels,1,1,4
776531,2025-08-30,Los Angeles Angels,Houston Astros,0,4,1
776530,2025-08-30,Minnesota Twins,San Diego Padres,1,3,12
776530,2025-08-30,San Diego Padres,Minnesota Twins,0,12,3
776529,2025-08-30,Chicago White Sox,New York Yankees,1,3,5
776529,2025-08-30,New York Yankees,Chicago White Sox,0,5,3
776528,2025-08-30,Kansas City Royals,Detroit Tigers,1,3,1
776528,2025-08-30,Detroit Tigers,Kansas City Royals,0,1,3
776537,2025-08-30,Cleveland Guardians,Seattle Mariners,1,4,3
776537,2025-08-30,Seattle Mariners,Cleveland Guardians,0,3,4
776516,2025-08-30,San Francisco Giants,Baltimore Orioles,1,1,11
776516,2025-08-30,Baltimore Orioles,San Francisco Giants,0,11,1
776526,2025-08-30,Colorado Rockies,Chicago Cubs,1,3,4
776526,2025-08-30,Chicago Cubs,Colorado Rockies,0,4,3
776523,2025-08-30,Los Angeles Dodgers,Arizona Diamondbacks,1,1,6
776523,2025-08-30,Arizona Diamondbacks,Los Angeles Dodgers,0,6,1
776524,2025-08-30,Athletics,Texas Rangers,1,3,9
776524,2025-08-30,Texas Rangers,Athletics,0,9,3
776518,2025-08-31,Cincinnati Reds,St. Louis Cardinals,1,7,4
776518,2025-08-31,St. Louis Cardinals,Cincinnati Reds,0,4,7
776513,2025-08-31,Minnesota Twins,San Diego Padres,1,7,2
776513,2025-08-31,San Diego Padres,Minnesota Twins,0,2,7
776517,2025-08-31,Boston Red Sox,Pittsburgh Pirates,1,5,2
776517,2025-08-31,Pittsburgh Pirates,Boston Red Sox,0,2,5
776520,2025-08-31,Washington Nationals,Tampa Bay Rays,1,4,7
776520,2025-08-31,Tampa Bay Rays,Washington Nationals,0,7,4
776515,2025-08-31,Toronto Blue Jays,Milwaukee Brewers,1,8,4
776515,2025-08-31,Milwaukee Brewers,Toronto Blue Jays,0,4,8
776521,2025-08-31,Cleveland Guardians,Seattle Mariners,1,2,4
776521,2025-08-31,Seattle Mariners,Cleveland Guardians,0,4,2
776519,2025-08-31,New York Mets,Miami Marlins,1,1,5
776519,2025-08-31,Miami Marlins,New York Mets,0,5,1
776510,2025-08-31,Houston Astros,Los Angeles Angels,1,0,3
776510,2025-08-31,Los Angeles Angels,Houston Astros,0,3,0
776512,2025-08-31,Kansas City Royals,Detroit Tigers,1,0,5
776512,2025-08-31,Detroit Tigers,Kansas City Royals,0,5,0
776514,2025-08-31,Chicago White Sox,New York Yankees,1,3,2
776514,2025-08-31,New York Yankees,Chicago White Sox,0,2,3
776511,2025-08-31,Colorado Rockies,Chicago Cubs,1,6,5
776511,2025-08-31,Chicago Cubs,Colorado Rockies,0,5,6
776507,2025-08-31,San Francisco Giants,Baltimore Orioles,1,13,2
776507,2025-08-31,Baltimore Orioles,San Francisco Giants,0,2,13
776508,2025-08-31,Athletics,Texas Rangers,1,6,9
776508,2025-08-31,Texas Rangers,Athletics,0,9,6
776509,2025-08-31,Los Angeles Dodgers,Arizona Diamondbacks,1,5,4
776509,2025-08-31,Arizona Diamondbacks,Los Angeles Dodgers,0,4,5
776522,2025-08-31,Philadelphia Phillies,Atlanta Braves,1,1,3
776522,2025-08-31,Atlanta Braves,Philadelphia Phillies,0,3,1
776498,2025-09-01,Washington Nationals,Miami Marlins,1,2,0
776498,2025-09-01,Miami Marlins,Washington Nationals,0,0,2
776501,2025-09-01,Detroit Tigers,New York Mets,1,8,10
776501,2025-09-01,New York Mets,Detroit Tigers,0,10,8
776503,2025-09-01,Cincinnati Reds,Toronto Blue Jays,1,5,4
776503,2025-09-01,Toronto Blue Jays,Cincinnati Reds,0,4,5
776505,2025-09-01,Boston Red Sox,Cleveland Guardians,1,6,4
776505,2025-09-01,Cleveland Guardians,Boston Red Sox,0,4,6
776499,2025-09-01,Houston Astros,Los Angeles Angels,1,8,3
776499,2025-09-01,Los Angeles Angels,Houston Astros,0,3,8
776502,2025-09-01,Minnesota Twins,Chicago White Sox,1,5,6
776502,2025-09-01,Chicago White Sox,Minnesota Twins,0,6,5
776497,2025-09-01,St. Louis Cardinals,Athletics,1,3,11
776497,2025-09-01,Athletics,St. Louis Cardinals,0,11,3
776506,2025-09-01,Chicago Cubs,Atlanta Braves,1,7,6
776506,2025-09-01,Atlanta Braves,Chicago Cubs,0,6,7
776492,2025-09-01,Colorado Rockies,San Francisco Giants,1,2,8
776492,2025-09-01,San Francisco Giants,Colorado Rockies,0,8,2
776500,2025-09-01,Milwaukee Brewers,Philadelphia Phillies,1,8,10
776500,2025-09-01,Philadelphia Phillies,Milwaukee Brewers,0,10,8
776494,2025-09-01,San Diego Padres,Baltimore Orioles,1,3,4
776494,2025-09-01,Baltimore Orioles,San Diego Padres,0,4,3
776504,2025-09-01,Tampa Bay Rays,Seattle Mariners,1,10,2
776504,2025-09-01,Seattle Mariners,Tampa Bay Rays,0,2,10
776495,2025-09-01,Arizona Diamondbacks,Texas Rangers,1,5,7
776495,2025-09-01,Texas Rangers,Arizona Diamondbacks,0,7,5
776490,2025-09-02,Detroit Tigers,New York Mets,1,5,12
776490,2025-09-02,New York Mets,Detroit Tigers,0,12,5
776496,2025-09-02,Pittsburgh Pirates,Los Angeles Dodgers,1,9,7
776496,2025-09-02,Los Angeles Dodgers,Pittsburgh Pirates,0,7,9
776491,2025-09-02,Cincinnati Reds,Toronto Blue Jays,1,9,12
776491,2025-09-02,Toronto Blue Jays,Cincinnati Reds,0,12,9
776493,2025-09-02,Boston Red Sox,Cleveland Guardians,1,11,7
776493,2025-09-02,Cleveland Guardians,Boston Red Sox,0,7,11
776482,2025-09-02,Washington Nationals,Miami Marlins,1,5,2
776482,2025-09-02,Miami Marlins,Washington Nationals,0,2,5
776485,2025-09-02,Tampa Bay Rays,Seattle Mariners,1,6,5
776485,2025-09-02,Seattle Mariners,Tampa Bay Rays,0,5,6
776488,2025-09-02,Kansas City Royals,Los Angeles Angels,1,1,5
776488,2025-09-02,Los Angeles Angels,Kansas City Royals,0,5,1
776487,2025-09-02,Chicago Cubs,Atlanta Braves,1,4,3
776487,2025-09-02,Atlanta Braves,Chicago Cubs,0,3,4
776484,2025-09-02,Minnesota Twins,Chicago White Sox,1,3,12
776484,2025-09-02,Chicago White Sox,Minnesota Twins,0,12,3
776483,2025-09-02,St. Louis Cardinals,Athletics,1,2,1
776483,2025-09-02,Athletics,St. Louis Cardinals,0,1,2
776489,2025-09-02,Houston Astros,New York Yankees,1,1,7
776489,2025-09-02,New York Yankees,Houston Astros,0,7,1
776486,2025-09-02,Colorado Rockies,San Francisco Giants,1,4,7
776486,2025-09-02,San Francisco Giants,Colorado Rockies,0,7,4
776480,2025-09-02,San Diego Padres,Baltimore Orioles,1,2,6
776480,2025-09-02,Baltimore Orioles,San Diego Padres,0,6,2
776481,2025-09-02,Arizona Diamondbacks,Texas Rangers,1,5,3
776481,2025-09-02,Texas Rangers,Arizona Diamondbacks,0,3,5
776477,2025-09-03,Washington Nationals,Miami Marlins,1,10,5
776477,2025-09-03,Miami Marlins,Washington Nationals,0,5,10
776478,2025-09-03,Detroit Tigers,New York Mets,1,6,2
776478,2025-09-03,New York Mets,Detroit Tigers,0,2,6
776468,2025-09-03,Arizona Diamondbacks,Texas Rangers,1,2,0
776468,2025-09-03,Texas Rangers,Arizona Diamondbacks,0,0,2
776465,2025-09-03,San Diego Padres,Baltimore Orioles,1,5,7
776465,2025-09-03,Baltimore Orioles,San Diego Padres,0,7,5
776479,2025-09-03,Pittsburgh Pirates,Los Angeles Dodgers,1,3,0
776479,2025-09-03,Los Angeles Dodgers,Pittsburgh Pirates,0,0,3
776475,2025-09-03,Cincinnati Reds,Toronto Blue Jays,1,9,13
776475,2025-09-03,Toronto Blue Jays,Cincinnati Reds,0,13,9
776474,2025-09-03,Boston Red Sox,Cleveland Guardians,1,1,8
776474,2025-09-03,Cleveland Guardians,Boston Red Sox,0,8,1
776476,2025-09-03,Tampa Bay Rays,Seattle Mariners,1,9,4
776476,2025-09-03,Seattle Mariners,Tampa Bay Rays,0,4,9
776466,2025-09-03,Kansas City Royals,Los Angeles Angels,1,3,4
776466,2025-09-03,Los Angeles Angels,Kansas City Royals,0,4,3
776473,2025-09-03,Chicago Cubs,Atlanta Braves,1,1,5
776473,2025-09-03,Atlanta Braves,Chicago Cubs,0,5,1
776469,2025-09-03,Minnesota Twins,Chicago White Sox,1,3,4
776469,2025-09-03,Chicago White Sox,Minnesota Twins,0,4,3
776471,2025-09-03,Milwaukee Brewers,Philadelphia Phillies,1,6,3
776471,2025-09-03,Philadelphia Phillies,Milwaukee Brewers,0,3,6
776470,2025-09-03,St. Louis Cardinals,Athletics,1,5,1
776470,2025-09-03,Athletics,St. Louis Cardinals,0,1,5
776472,2025-09-03,Houston Astros,New York Yankees,1,8,7
776472,2025-09-03,New York Yankees,Houston Astros,0,7,8
776467,2025-09-03,Colorado Rockies,San Francisco Giants,1,8,10
776467,2025-09-03,San Francisco Giants,Colorado Rockies,0,10,8
776459,2025-09-04,Milwaukee Brewers,Philadelphia Phillies,1,0,2
776459,2025-09-04,Philadelphia Phillies,Milwaukee Brewers,0,2,0
776461,2025-09-04,Pittsburgh Pirates,Los Angeles Dodgers,1,5,3
776461,2025-09-04,Los Angeles Dodgers,Pittsburgh Pirates,0,3,5
776458,2025-09-04,Tampa Bay Rays,Cleveland Guardians,1,4,2
776458,2025-09-04,Cleveland Guardians,Tampa Bay Rays,0,2,4
776463,2025-09-04,Kansas City Royals,Los Angeles Angels,1,4,3
776463,2025-09-04,Los Angeles Angels,Kansas City Royals,0,3,4
776462,2025-09-04,Minnesota Twins,Chicago White Sox,1,8,11
776462,2025-09-04,Chicago White Sox,Minnesota Twins,0,11,8
776464,2025-09-04,Houston Astros,New York Yankees,1,4,8
776464,2025-09-04,New York Yankees,Houston Astros,0,8,4
776455,2025-09-05,Chicago Cubs,Washington Nationals,1,11,5
776455,2025-09-05,Washington Nationals,Chicago Cubs,0,5,11
776450,2025-09-05,Cincinnati Reds,New York Mets,1,4,5
776450,2025-09-05,New York Mets,Cincinnati Reds,0,5,4
776452,2025-09-05,Detroit Tigers,Chicago White Sox,1,5,7
776452,2025-09-05,Chicago White Sox,Detroit Tigers,0,7,5
776453,2025-09-05,Pittsburgh Pirates,Milwaukee Brewers,1,2,5
776453,2025-09-05,Milwaukee Brewers,Pittsburgh Pirates,0,5,2
776454,2025-09-05,Baltimore Orioles,Los Angeles Dodgers,1,2,1
776454,2025-09-05,Los Angeles Dodgers,Baltimore Orioles,0,1,2
776457,2025-09-05,New York Yankees,Toronto Blue Jays,1,1,7
776457,2025-09-05,Toronto Blue Jays,New York Yankees,0,7,1
776456,2025-09-05,Miami Marlins,Philadelphia Phillies,1,3,9
776456,2025-09-05,Philadelphia Phillies,Miami Marlins,0,9,3
776460,2025-09-05,Atlanta Braves,Seattle Mariners,1,4,1
776460,2025-09-05,Seattle Mariners,Atlanta Braves,0,1,4
776451,2025-09-05,Tampa Bay Rays,Cleveland Guardians,1,1,7
776451,2025-09-05,Cleveland Guardians,Tampa Bay Rays,0,7,1
776446,2025-09-05,Kansas City Royals,Minnesota Twins,1,2,1
776446,2025-09-05,Minnesota Twins,Kansas City Royals,0,1,2
776449,2025-09-05,Texas Rangers,Houston Astros,1,4,3
776449,2025-09-05,Houston Astros,Texas Rangers,0,3,4
776445,2025-09-05,St. Louis Cardinals,San Francisco Giants,1,2,8
776445,2025-09-05,San Francisco Giants,St. Louis Cardinals,0,8,2
776442,2025-09-05,Colorado Rockies,San Diego Padres,1,3,0
776442,2025-09-05,San Diego Padres,Colorado Rockies,0,0,3
776444,2025-09-05,Los Angeles Angels,Athletics,1,4,10
776444,2025-09-05,Athletics,Los Angeles Angels,0,10,4
776448,2025-09-05,Arizona Diamondbacks,Boston Red Sox,1,10,5
776448,2025-09-05,Boston Red Sox,Arizona Diamondbacks,0,5,10
776436,2025-09-06,New York Yankees,Toronto Blue Jays,1,3,1
776436,2025-09-06,Toronto Blue Jays,New York Yankees,0,1,3
776440,2025-09-06,Chicago Cubs,Washington Nationals,1,1,2
776440,2025-09-06,Washington Nationals,Chicago Cubs,0,2,1
776433,2025-09-06,Miami Marlins,Philadelphia Phillies,1,2,4
776433,2025-09-06,Philadelphia Phillies,Miami Marlins,0,4,2
776435,2025-09-06,Detroit Tigers,Chicago White Sox,1,6,0
776435,2025-09-06,Chicago White Sox,Detroit Tigers,0,0,6
776439,2025-09-06,Cincinnati Reds,New York Mets,1,6,3
776439,2025-09-06,New York Mets,Cincinnati Reds,0,3,6
776441,2025-09-06,Pittsburgh Pirates,Milwaukee Brewers,1,1,4
776441,2025-09-06,Milwaukee Brewers,Pittsburgh Pirates,0,4,1
776443,2025-09-06,Baltimore Orioles,Los Angeles Dodgers,1,4,3
776443,2025-09-06,Los Angeles Dodgers,Baltimore Orioles,0,3,4
776438,2025-09-06,Tampa Bay Rays,Cleveland Guardians,1,2,3
776438,2025-09-06,Cleveland Guardians,Tampa Bay Rays,0,3,2
776437,2025-09-06,St. Louis Cardinals,San Francisco Giants,1,3,2
776437,2025-09-06,San Francisco Giants,St. Louis Cardinals,0,2,3
776432,2025-09-06,Texas Rangers,Houston Astros,1,0,11
776432,2025-09-06,Houston Astros,Texas Rangers,0,11,0
776434,2025-09-06,Kansas City Royals,Minnesota Twins,1,11,2
776434,2025-09-06,Minnesota Twins,Kansas City Royals,0,2,11
776447,2025-09-06,Atlanta Braves,Seattle Mariners,1,2,10
776447,2025-09-06,Seattle Mariners,Atlanta Braves,0,10,2
776424,2025-09-06,Arizona Diamondbacks,Boston Red Sox,1,5,1
776424,2025-09-06,Boston Red Sox,Arizona Diamondbacks,0,1,5
776431,2025-09-06,Colorado Rockies,San Diego Padres,1,8,10
776431,2025-09-06,San Diego Padres,Colorado Rockies,0,10,8
776430,2025-09-06,Los Angeles Angels,Athletics,1,4,17
776430,2025-09-06,Athletics,Los Angeles Angels,0,17,4
776428,2025-09-07,Atlanta Braves,Seattle Mariners,1,2,18
776428,2025-09-07,Seattle Mariners,Atlanta Braves,0,18,2
776421,2025-09-07,Tampa Bay Rays,Cleveland Guardians,1,1,2
776421,2025-09-07,Cleveland Guardians,Tampa Bay Rays,0,2,1
776427,2025-09-07,Baltimore Orioles,Los Angeles Dodgers,1,2,5
776427,2025-09-07,Los Angeles Dodgers,Baltimore Orioles,0,5,2
776423,2025-09-07,New York Yankees,Toronto Blue Jays,1,4,3
776423,2025-09-07,Toronto Blue Jays,New York Yankees,0,3,4
776419,2025-09-07,Pittsburgh Pirates,Milwaukee Brewers,1,2,10
776419,2025-09-07,Milwaukee Brewers,Pittsburgh Pirates,0,10,2
776429,2025-09-07,Cincinnati Reds,New York Mets,1,3,2
776429,2025-09-07,New York Mets,Cincinnati Reds,0,2,3
776425,2025-09-07,Detroit Tigers,Chicago White Sox,1,4,6
776425,2025-09-07,Chicago White Sox,Detroit Tigers,0,6,4
776426,2025-09-07,Miami Marlins,Philadelphia Phillies,1,5,4
776426,2025-09-07,Philadelphia Phillies,Miami Marlins,0,4,5
776422,2025-09-07,Kansas City Royals,Minnesota Twins,1,1,5
776422,2025-09-07,Minnesota Twins,Kansas City Royals,0,5,1
776416,2025-09-07,St. Louis Cardinals,San Francisco Giants,1,4,3
776416,2025-09-07,San Francisco Giants,St. Louis Cardinals,0,3,4
776420,2025-09-07,Chicago Cubs,Washington Nationals,1,3,6
776420,2025-09-07,Washington Nationals,Chicago Cubs,0,6,3
776418,2025-09-07,Texas Rangers,Houston Astros,1,4,2
776418,2025-09-07,Houston Astros,Texas Rangers,0,2,4
776417,2025-09-07,Colorado Rockies,San Diego Padres,1,1,8
776417,2025-09-07,San Diego Padres,Colorado Rockies,0,8,1
776414,2025-09-07,Los Angeles Angels,Athletics,1,4,3
776414,2025-09-07,Athletics,Los Angeles Angels,0,3,4
776415,2025-09-07,Arizona Diamondbacks,Boston Red Sox,1,4,7
776415,2025-09-07,Boston Red Sox,Arizona Diamondbacks,0,7,4
776413,2025-09-08,Cleveland Guardians,Kansas City Royals,1,10,2
776413,2025-09-08,Kansas City Royals,Cleveland Guardians,0,2,10
776409,2025-09-08,Miami Marlins,Washington Nationals,1,7,15
776409,2025-09-08,Washington Nationals,Miami Marlins,0,15,7
776405,2025-09-08,Philadelphia Phillies,New York Mets,1,1,0
776405,2025-09-08,New York Mets,Philadelphia Phillies,0,0,1
776412,2025-09-08,Atlanta Braves,Chicago Cubs,1,4,1
776412,2025-09-08,Chicago Cubs,Atlanta Braves,0,1,4
776406,2025-09-08,Texas Rangers,Milwaukee Brewers,1,5,0
776406,2025-09-08,Milwaukee Brewers,Texas Rangers,0,0,5
776411,2025-09-08,Los Angeles Angels,Minnesota Twins,1,3,12
776411,2025-09-08,Minnesota Twins,Los Angeles Angels,0,12,3
776407,2025-09-08,San Diego Padres,Cincinnati Reds,1,4,3
776407,2025-09-08,Cincinnati Reds,San Diego Padres,0,3,4
776400,2025-09-08,Seattle Mariners,St. Louis Cardinals,1,4,2
776400,2025-09-08,St. Louis Cardinals,Seattle Mariners,0,2,4
776399,2025-09-08,San Francisco Giants,Arizona Diamondbacks,1,11,5
776399,2025-09-08,Arizona Diamondbacks,San Francisco Giants,0,5,11
776410,2025-09-08,Athletics,Boston Red Sox,1,0,7
776410,2025-09-08,Boston Red Sox,Athletics,0,7,0
776408,2025-09-08,Los Angeles Dodgers,Colorado Rockies,1,3,1
776408,2025-09-08,Colorado Rockies,Los Angeles Dodgers,0,1,3
776401,2025-09-09,Baltimore Orioles,Pittsburgh Pirates,1,3,2
776401,2025-09-09,Pittsburgh Pirates,Baltimore Orioles,0,2,3
776403,2025-09-09,Cleveland Guardians,Kansas City Royals,1,2,0
776403,2025-09-09,Kansas City Royals,Cleveland Guardians,0,0,2
776397,2025-09-09,Miami Marlins,Washington Nationals,1,5,7
776397,2025-09-09,Washington Nationals,Miami Marlins,0,7,5
776404,2025-09-09,Philadelphia Phillies,New York Mets,1,9,3
776404,2025-09-09,New York Mets,Philadelphia Phillies,0,3,9
776398,2025-09-09,New York Yankees,Detroit Tigers,1,2,12
776398,2025-09-09,Detroit Tigers,New York Yankees,0,12,2
776393,2025-09-09,Toronto Blue Jays,Houston Astros,1,4,3
776393,2025-09-09,Houston Astros,Toronto Blue Jays,0,3,4
776402,2025-09-09,Atlanta Braves,Chicago Cubs,1,1,6
776402,2025-09-09,Chicago Cubs,Atlanta Braves,0,6,1
776388,2025-09-09,Chicago White Sox,Tampa Bay Rays,1,4,5
776388,2025-09-09,Tampa Bay Rays,Chicago White Sox,0,5,4
776395,2025-09-09,Texas Rangers,Milwaukee Brewers,1,5,4
776395,2025-09-09,Milwaukee Brewers,Texas Rangers,0,4,5
776390,2025-09-09,Los Angeles Angels,Minnesota Twins,1,12,2
776390,2025-09-09,Minnesota Twins,Los Angeles Angels,0,2,12
776392,2025-09-09,San Diego Padres,Cincinnati Reds,1,2,4
776392,2025-09-09,Cincinnati Reds,San Diego Padres,0,4,2
776391,2025-09-09,Seattle Mariners,St. Louis Cardinals,1,5,3
776391,2025-09-09,St. Louis Cardinals,Seattle Mariners,0,3,5
776394,2025-09-09,San Francisco Giants,Arizona Diamondbacks,1,5,3
776394,2025-09-09,Arizona Diamondbacks,San Francisco Giants,0,3,5
776396,2025-09-09,Athletics,Boston Red Sox,1,0,6
776396,2025-09-09,Boston Red Sox,Athletics,0,6,0
776389,2025-09-09,Los Angeles Dodgers,Colorado Rockies,1,7,2
776389,2025-09-09,Colorado Rockies,Los Angeles Dodgers,0,2,7
776375,2025-09-10,Texas Rangers,Milwaukee Brewers,1,6,3
776375,2025-09-10,Milwaukee Brewers,Texas Rangers,0,3,6
776379,2025-09-10,Athletics,Boston Red Sox,1,5,4
776379,2025-09-10,Boston Red Sox,Athletics,0,4,5
776374,2025-09-10,San Francisco Giants,Arizona Diamondbacks,1,3,5
776374,2025-09-10,Arizona Diamondbacks,San Francisco Giants,0,5,3
776376,2025-09-10,Los Angeles Angels,Minnesota Twins,1,4,3
776376,2025-09-10,Minnesota Twins,Los Angeles Angels,0,3,4
776387,2025-09-10,Baltimore Orioles,Pittsburgh Pirates,1,2,1
776387,2025-09-10,Pittsburgh Pirates,Baltimore Orioles,0,1,2
776382,2025-09-10,Cleveland Guardians,Kansas City Royals,1,3,4
776382,2025-09-10,Kansas City Royals,Cleveland Guardians,0,4,3
776386,2025-09-10,Miami Marlins,Washington Nationals,1,8,3
776386,2025-09-10,Washington Nationals,Miami Marlins,0,3,8
776384,2025-09-10,Philadelphia Phillies,New York Mets,1,11,3
776384,2025-09-10,New York Mets,Philadelphia Phillies,0,3,11
776383,2025-09-10,New York Yankees,Detroit Tigers,1,1,11
776383,2025-09-10,Detroit Tigers,New York Yankees,0,11,1
776385,2025-09-10,Toronto Blue Jays,Houston Astros,1,2,3
776385,2025-09-10,Houston Astros,Toronto Blue Jays,0,3,2
776381,2025-09-10,Atlanta Braves,Chicago Cubs,1,2,3
776381,2025-09-10,Chicago Cubs,Atlanta Braves,0,3,2
776378,2025-09-10,Chicago White Sox,Tampa Bay Rays,1,6,5
776378,2025-09-10,Tampa Bay Rays,Chicago White Sox,0,5,6
776377,2025-09-10,San Diego Padres,Cincinnati Reds,1,1,2
776377,2025-09-10,Cincinnati Reds,San Diego Padres,0,2,1
776373,2025-09-10,Seattle Mariners,St. Louis Cardinals,1,4,2
776373,2025-09-10,St. Louis Cardinals,Seattle Mariners,0,2,4
776380,2025-09-10,Los Angeles Dodgers,Colorado Rockies,1,9,0
776380,2025-09-10,Colorado Rockies,Los Angeles Dodgers,0,0,9
776372,2025-09-11,Baltimore Orioles,Pittsburgh Pirates,1,3,2
776372,2025-09-11,Pittsburgh Pirates,Baltimore Orioles,0,2,3
776364,2025-09-11,Chicago White Sox,Tampa Bay Rays,1,5,1
776364,2025-09-11,Tampa Bay Rays,Chicago White Sox,0,1,5
776369,2025-09-11,Toronto Blue Jays,Houston Astros,1,6,0
776369,2025-09-11,Houston Astros,Toronto Blue Jays,0,0,6
776367,2025-09-11,Miami Marlins,Washington Nationals,1,5,0
776367,2025-09-11,Washington Nationals,Miami Marlins,0,0,5
776368,2025-09-11,New York Yankees,Detroit Tigers,1,9,3
776368,2025-09-11,Detroit Tigers,New York Yankees,0,3,9
776370,2025-09-11,Cleveland Guardians,Kansas City Royals,1,3,2
776370,2025-09-11,Kansas City Royals,Cleveland Guardians,0,2,3
776371,2025-09-11,Philadelphia Phillies,New York Mets,1,6,4
776371,2025-09-11,New York Mets,Philadelphia Phillies,0,4,6
776365,2025-09-11,San Diego Padres,Colorado Rockies,1,2,0
776365,2025-09-11,Colorado Rockies,San Diego Padres,0,0,2
776362,2025-09-11,Seattle Mariners,Los Angeles Angels,1,7,6
776362,2025-09-11,Los Angeles Angels,Seattle Mariners,0,6,7
776352,2025-09-12,Chicago Cubs,Tampa Bay Rays,1,6,4
776352,2025-09-12,Tampa Bay Rays,Chicago Cubs,0,4,6
776351,2025-09-12,Washington Nationals,Pittsburgh Pirates,1,6,5
776351,2025-09-12,Pittsburgh Pirates,Washington Nationals,0,5,6
776354,2025-09-12,Philadelphia Phillies,Kansas City Royals,1,8,2
776354,2025-09-12,Kansas City Royals,Philadelphia Phillies,0,2,8
776353,2025-09-12,Toronto Blue Jays,Baltimore Orioles,1,6,1
776353,2025-09-12,Baltimore Orioles,Toronto Blue Jays,0,1,6
776359,2025-09-12,New York Mets,Texas Rangers,1,3,8
776359,2025-09-12,Texas Rangers,New York Mets,0,8,3
776361,2025-09-12,Cleveland Guardians,Chicago White Sox,1,4,0
776361,2025-09-12,Chicago White Sox,Cleveland Guardians,0,0,4
776366,2025-09-12,Miami Marlins,Detroit Tigers,1,8,2
776366,2025-09-12,Detroit Tigers,Miami Marlins,0,2,8
776363,2025-09-12,Boston Red Sox,New York Yankees,1,1,4
776363,2025-09-12,New York Yankees,Boston Red Sox,0,4,1
776360,2025-09-12,Atlanta Braves,Houston Astros,1,3,11
776360,2025-09-12,Houston Astros,Atlanta Braves,0,11,3
776355,2025-09-12,Minnesota Twins,Arizona Diamondbacks,1,9,8
776355,2025-09-12,Arizona Diamondbacks,Minnesota Twins,0,8,9
776356,2025-09-12,Milwaukee Brewers,St. Louis Cardinals,1,8,2
776356,2025-09-12,St. Louis Cardinals,Milwaukee Brewers,0,2,8
776357,2025-09-12,San Diego Padres,Colorado Rockies,1,2,4
776357,2025-09-12,Colorado Rockies,San Diego Padres,0,4,2
776358,2025-09-12,Athletics,Cincinnati Reds,1,3,0
776358,2025-09-12,Cincinnati Reds,Athletics,0,0,3
776345,2025-09-12,Seattle Mariners,Los Angeles Angels,1,2,1
776345,2025-09-12,Los Angeles Angels,Seattle Mariners,0,1,2
776350,2025-09-12,San Francisco Giants,Los Angeles Dodgers,1,5,1
776350,2025-09-12,Los Angeles Dodgers,San Francisco Giants,0,1,5
776338,2025-09-13,Chicago Cubs,Tampa Bay Rays,1,4,5
776338,2025-09-13,Tampa Bay Rays,Chicago Cubs,0,5,4
776343,2025-09-13,Toronto Blue Jays,Baltimore Orioles,1,5,4
776343,2025-09-13,Baltimore Orioles,Toronto Blue Jays,0,4,5
776336,2025-09-13,Washington Nationals,Pittsburgh Pirates,1,1,5
776336,2025-09-13,Pittsburgh Pirates,Washington Nationals,0,5,1
776349,2025-09-13,New York Mets,Texas Rangers,1,2,3
776349,2025-09-13,Texas Rangers,New York Mets,0,3,2
776347,2025-09-13,Miami Marlins,Detroit Tigers,1,6,4
776347,2025-09-13,Detroit Tigers,Miami Marlins,0,4,6
776344,2025-09-13,Boston Red Sox,New York Yankees,1,3,5
776344,2025-09-13,New York Yankees,Boston Red Sox,0,5,3
776342,2025-09-13,Philadelphia Phillies,Kansas City Royals,1,8,6
776342,2025-09-13,Kansas City Royals,Philadelphia Phillies,0,6,8
776348,2025-09-13,Cleveland Guardians,Chicago White Sox,1,3,1
776348,2025-09-13,Chicago White Sox,Cleveland Guardians,0,1,3
776337,2025-09-13,Minnesota Twins,Arizona Diamondbacks,1,2,5
776337,2025-09-13,Arizona Diamondbacks,Minnesota Twins,0,5,2
776346,2025-09-13,Atlanta Braves,Houston Astros,1,2,6
776346,2025-09-13,Houston Astros,Atlanta Braves,0,6,2
776339,2025-09-13,Milwaukee Brewers,St. Louis Cardinals,1,9,8
776339,2025-09-13,St. Louis Cardinals,Milwaukee Brewers,0,8,9
776341,2025-09-13,San Diego Padres,Colorado Rockies,1,11,3
776341,2025-09-13,Colorado Rockies,San Diego Padres,0,3,11
776328,2025-09-13,San Francisco Giants,Los Angeles Dodgers,1,7,13
776328,2025-09-13,Los Angeles Dodgers,San Francisco Giants,0,13,7
776333,2025-09-13,Seattle Mariners,Los Angeles Angels,1,5,3
776333,2025-09-13,Los Angeles Angels,Seattle Mariners,0,3,5
776340,2025-09-13,Athletics,Cincinnati Reds,1,11,5
776340,2025-09-13,Cincinnati Reds,Athletics,0,5,11
776320,2025-09-14,Washington Nationals,Pittsburgh Pirates,1,4,3
776320,2025-09-14,Pittsburgh Pirates,Washington Nationals,0,3,4
776334,2025-09-14,Philadelphia Phillies,Kansas City Royals,1,3,10
776334,2025-09-14,Kansas City Royals,Philadelphia Phillies,0,10,3
776329,2025-09-14,Atlanta Braves,Houston Astros,1,8,3
776329,2025-09-14,Houston Astros,Atlanta Braves,0,3,8
776322,2025-09-14,Toronto Blue Jays,Baltimore Orioles,1,11,2
776322,2025-09-14,Baltimore Orioles,Toronto Blue Jays,0,2,11
776335,2025-09-14,New York Mets,Texas Rangers,1,5,2
776335,2025-09-14,Texas Rangers,New York Mets,0,2,5
776331,2025-09-14,Cleveland Guardians,Chicago White Sox,1,3,2
776331,2025-09-14,Chicago White Sox,Cleveland Guardians,0,2,3
776332,2025-09-14,Miami Marlins,Detroit Tigers,1,0,2
776332,2025-09-14,Detroit Tigers,Miami Marlins,0,2,0
776324,2025-09-14,Minnesota Twins,Arizona Diamondbacks,1,4,6
776324,2025-09-14,Arizona Diamondbacks,Minnesota Twins,0,6,4
776326,2025-09-14,Milwaukee Brewers,St. Louis Cardinals,1,2,3
776326,2025-09-14,St. Louis Cardinals,Milwaukee Brewers,0,3,2
776321,2025-09-14,Chicago Cubs,Tampa Bay Rays,1,4,3
776321,2025-09-14,Tampa Bay Rays,Chicago Cubs,0,3,4
776327,2025-09-14,Athletics,Cincinnati Reds,1,7,4
776327,2025-09-14,Cincinnati Reds,Athletics,0,4,7
776325,2025-09-14,San Francisco Giants,Los Angeles Dodgers,1,2,10
776325,2025-09-14,Los Angeles Dodgers,San Francisco Giants,0,10,2
776323,2025-09-14,San Diego Padres,Colorado Rockies,1,9,6
776323,2025-09-14,Colorado Rockies,San Diego Padres,0,6,9
776317,2025-09-14,Seattle Mariners,Los Angeles Angels,1,11,2
776317,2025-09-14,Los Angeles Angels,Seattle Mariners,0,2,11
776330,2025-09-14,Boston Red Sox,New York Yankees,1,6,4
776330,2025-09-14,New York Yankees,Boston Red Sox,0,4,6
776318,2025-09-15,Pittsburgh Pirates,Chicago Cubs,1,0,4
776318,2025-09-15,Chicago Cubs,Pittsburgh Pirates,0,4,0
776315,2025-09-15,Washington Nationals,Atlanta Braves,1,3,11
776315,2025-09-15,Atlanta Braves,Washington Nationals,0,11,3
776316,2025-09-15,Tampa Bay Rays,Toronto Blue Jays,1,1,2
776316,2025-09-15,Toronto Blue Jays,Tampa Bay Rays,0,2,1
776314,2025-09-15,Chicago White Sox,Baltimore Orioles,1,1,4
776314,2025-09-15,Baltimore Orioles,Chicago White Sox,0,4,1
776313,2025-09-15,Minnesota Twins,New York Yankees,1,7,0
776313,2025-09-15,New York Yankees,Minnesota Twins,0,0,7
776312,2025-09-15,St. Louis Cardinals,Cincinnati Reds,1,6,11
776312,2025-09-15,Cincinnati Reds,St. Louis Cardinals,0,11,6
776319,2025-09-15,Houston Astros,Texas Rangers,1,6,3
776319,2025-09-15,Texas Rangers,Houston Astros,0,3,6
776309,2025-09-15,Arizona Diamondbacks,San Francisco Giants,1,8,1
776309,2025-09-15,San Francisco Giants,Arizona Diamondbacks,0,1,8
776311,2025-09-15,Los Angeles Dodgers,Philadelphia Phillies,1,5,6
776311,2025-09-15,Philadelphia Phillies,Los Angeles Dodgers,0,6,5
777825,2025-09-16,Washington Nationals,Atlanta Braves,1,3,6
777825,2025-09-16,Atlanta Braves,Washington Nationals,0,6,3
776307,2025-09-16,Washington Nationals,Atlanta Braves,1,0,5
776307,2025-09-16,Atlanta Braves,Washington Nationals,0,5,0
776303,2025-09-16,Detroit Tigers,Cleveland Guardians,1,5,7
776303,2025-09-16,Cleveland Guardians,Detroit Tigers,0,7,5
776308,2025-09-16,Pittsburgh Pirates,Chicago Cubs,1,1,4
776308,2025-09-16,Chicago Cubs,Pittsburgh Pirates,0,4,1
776310,2025-09-16,Boston Red Sox,Athletics,1,1,2
776310,2025-09-16,Athletics,Boston Red Sox,0,2,1
776304,2025-09-16,New York Mets,San Diego Padres,1,8,3
776304,2025-09-16,San Diego Padres,New York Mets,0,3,8
776305,2025-09-16,Tampa Bay Rays,Toronto Blue Jays,1,5,6
776305,2025-09-16,Toronto Blue Jays,Tampa Bay Rays,0,6,5
776302,2025-09-16,Kansas City Royals,Seattle Mariners,1,5,12
776302,2025-09-16,Seattle Mariners,Kansas City Royals,0,12,5
776306,2025-09-16,Chicago White Sox,Baltimore Orioles,1,7,8
776306,2025-09-16,Baltimore Orioles,Chicago White Sox,0,8,7
776298,2025-09-16,Minnesota Twins,New York Yankees,1,9,10
776298,2025-09-16,New York Yankees,Minnesota Twins,0,10,9
776295,2025-09-16,Milwaukee Brewers,Los Angeles Angels,1,9,2
776295,2025-09-16,Los Angeles Angels,Milwaukee Brewers,0,2,9
776300,2025-09-16,St. Louis Cardinals,Cincinnati Reds,1,3,0
776300,2025-09-16,Cincinnati Reds,St. Louis Cardinals,0,0,3
776301,2025-09-16,Houston Astros,Texas Rangers,1,6,5
776301,2025-09-16,Texas Rangers,Houston Astros,0,5,6
776293,2025-09-16,Colorado Rockies,Miami Marlins,1,5,6
776293,2025-09-16,Miami Marlins,Colorado Rockies,0,6,5
776294,2025-09-16,Arizona Diamondbacks,San Francisco Giants,1,6,5
776294,2025-09-16,San Francisco Giants,Arizona Diamondbacks,0,5,6
776297,2025-09-16,Los Angeles Dodgers,Philadelphia Phillies,1,6,9
776297,2025-09-16,Philadelphia Phillies,Los Angeles Dodgers,0,9,6
776287,2025-09-17,Pittsburgh Pirates,Chicago Cubs,1,4,8
776287,2025-09-17,Chicago Cubs,Pittsburgh Pirates,0,8,4
776283,2025-09-17,St. Louis Cardinals,Cincinnati Reds,1,2,6
776283,2025-09-17,Cincinnati Reds,St. Louis Cardinals,0,6,2
776285,2025-09-17,Chicago White Sox,Baltimore Orioles,1,1,3
776285,2025-09-17,Baltimore Orioles,Chicago White Sox,0,3,1
776279,2025-09-17,Arizona Diamondbacks,San Francisco Giants,1,1,5
776279,2025-09-17,San Francisco Giants,Arizona Diamondbacks,0,5,1
776286,2025-09-17,Washington Nationals,Atlanta Braves,1,4,9
776286,2025-09-17,Atlanta Braves,Washington Nationals,0,9,4
776296,2025-09-17,Detroit Tigers,Cleveland Guardians,1,0,4
776296,2025-09-17,Cleveland Guardians,Detroit Tigers,0,4,0
776299,2025-09-17,Boston Red Sox,Athletics,1,5,4
776299,2025-09-17,Athletics,Boston Red Sox,0,4,5
776290,2025-09-17,Tampa Bay Rays,Toronto Blue Jays,1,2,1
776290,2025-09-17,Toronto Blue Jays,Tampa Bay Rays,0,1,2
776288,2025-09-17,New York Mets,San Diego Padres,1,4,7
776288,2025-09-17,San Diego Padres,New York Mets,0,7,4
776289,2025-09-17,Kansas City Royals,Seattle Mariners,1,7,5
776289,2025-09-17,Seattle Mariners,Kansas City Royals,0,5,7
776284,2025-09-17,Minnesota Twins,New York Yankees,1,5,10
776284,2025-09-17,New York Yankees,Minnesota Twins,0,10,5
776291,2025-09-17,Milwaukee Brewers,Los Angeles Angels,1,9,2
776291,2025-09-17,Los Angeles Angels,Milwaukee Brewers,0,2,9
776292,2025-09-17,Houston Astros,Texas Rangers,1,5,2
776292,2025-09-17,Texas Rangers,Houston Astros,0,2,5
776277,2025-09-17,Colorado Rockies,Miami Marlins,1,4,8
776277,2025-09-17,Miami Marlins,Colorado Rockies,0,8,4
776280,2025-09-17,Los Angeles Dodgers,Philadelphia Phillies,1,5,0
776280,2025-09-17,Philadelphia Phillies,Los Angeles Dodgers,0,0,5
776275,2025-09-18,Detroit Tigers,Cleveland Guardians,1,1,3
776275,2025-09-18,Cleveland Guardians,Detroit Tigers,0,3,1
776276,2025-09-18,New York Mets,San Diego Padres,1,6,1
776276,2025-09-18,San Diego Padres,New York Mets,0,1,6
776269,2025-09-18,Tampa Bay Rays,Toronto Blue Jays,1,4,0
776269,2025-09-18,Toronto Blue Jays,Tampa Bay Rays,0,0,4
776281,2025-09-18,Boston Red Sox,Athletics,1,3,5
776281,2025-09-18,Athletics,Boston Red Sox,0,5,3
776272,2025-09-18,Kansas City Royals,Seattle Mariners,1,0,2
776272,2025-09-18,Seattle Mariners,Kansas City Royals,0,2,0
776270,2025-09-18,Colorado Rockies,Miami Marlins,1,7,9
776270,2025-09-18,Miami Marlins,Colorado Rockies,0,9,7
776282,2025-09-18,Cincinnati Reds,Chicago Cubs,1,1,0
776282,2025-09-18,Chicago Cubs,Cincinnati Reds,0,0,1
776278,2025-09-18,Baltimore Orioles,New York Yankees,1,0,7
776278,2025-09-18,New York Yankees,Baltimore Orioles,0,7,0
776274,2025-09-18,Milwaukee Brewers,Los Angeles Angels,1,5,2
776274,2025-09-18,Los Angeles Angels,Milwaukee Brewers,0,2,5
776271,2025-09-18,Los Angeles Dodgers,San Francisco Giants,1,2,1
776271,2025-09-18,San Francisco Giants,Los Angeles Dodgers,0,1,2
776267,2025-09-19,Cincinnati Reds,Chicago Cubs,1,7,4
776267,2025-09-19,Chicago Cubs,Cincinnati Reds,0,4,7
776266,2025-09-19,Pittsburgh Pirates,Athletics,1,3,4
776266,2025-09-19,Athletics,Pittsburgh Pirates,0,4,3
776268,2025-09-19,Detroit Tigers,Atlanta Braves,1,1,10
776268,2025-09-19,Atlanta Braves,Detroit Tigers,0,10,1
776273,2025-09-19,Baltimore Orioles,New York Yankees,1,4,2
776273,2025-09-19,New York Yankees,Baltimore Orioles,0,2,4
776259,2025-09-19,New York Mets,Washington Nationals,1,12,6
776259,2025-09-19,Washington Nationals,New York Mets,0,6,12
776261,2025-09-19,Tampa Bay Rays,Boston Red Sox,1,7,11
776261,2025-09-19,Boston Red Sox,Tampa Bay Rays,0,11,7
776260,2025-09-19,Kansas City Royals,Toronto Blue Jays,1,20,1
776260,2025-09-19,Toronto Blue Jays,Kansas City Royals,0,1,20
776264,2025-09-19,Chicago White Sox,San Diego Padres,1,4,3
776264,2025-09-19,San Diego Padres,Chicago White Sox,0,3,4
776251,2025-09-19,Texas Rangers,Miami Marlins,1,4,6
776251,2025-09-19,Miami Marlins,Texas Rangers,0,6,4
776253,2025-09-19,Colorado Rockies,Los Angeles Angels,1,7,6
776253,2025-09-19,Los Angeles Angels,Colorado Rockies,0,6,7
776262,2025-09-19,Houston Astros,Seattle Mariners,1,0,4
776262,2025-09-19,Seattle Mariners,Houston Astros,0,4,0
776263,2025-09-19,Minnesota Twins,Cleveland Guardians,1,2,6
776263,2025-09-19,Cleveland Guardians,Minnesota Twins,0,6,2
776265,2025-09-19,St. Louis Cardinals,Milwaukee Brewers,1,7,1
776265,2025-09-19,Milwaukee Brewers,St. Louis Cardinals,0,1,7
776255,2025-09-19,Arizona Diamondbacks,Philadelphia Phillies,1,2,8
776255,2025-09-19,Philadelphia Phillies,Arizona Diamondbacks,0,8,2
776256,2025-09-19,Los Angeles Dodgers,San Francisco Giants,1,6,3
776256,2025-09-19,San Francisco Giants,Los Angeles Dodgers,0,3,6
776258,2025-09-20,Detroit Tigers,Atlanta Braves,1,5,6
776258,2025-09-20,Atlanta Braves,Detroit Tigers,0,6,5
777839,2025-09-20,Minnesota Twins,Cleveland Guardians,1,0,6
777839,2025-09-20,Cleveland Guardians,Minnesota Twins,0,6,0
776243,2025-09-20,Minnesota Twins,Cleveland Guardians,1,0,8
776243,2025-09-20,Cleveland Guardians,Minnesota Twins,0,8,0
776252,2025-09-20,New York Mets,Washington Nationals,1,3,5
776252,2025-09-20,Washington Nationals,New York Mets,0,5,3
776254,2025-09-20,Cincinnati Reds,Chicago Cubs,1,6,3
776254,2025-09-20,Chicago Cubs,Cincinnati Reds,0,3,6
776249,2025-09-20,Pittsburgh Pirates,Athletics,1,2,0
776249,2025-09-20,Athletics,Pittsburgh Pirates,0,0,2
776247,2025-09-20,Tampa Bay Rays,Boston Red Sox,1,3,6
776247,2025-09-20,Boston Red Sox,Tampa Bay Rays,0,6,3
776242,2025-09-20,Texas Rangers,Miami Marlins,1,3,4
776242,2025-09-20,Miami Marlins,Texas Rangers,0,4,3
776257,2025-09-20,Baltimore Orioles,New York Yankees,1,1,6
776257,2025-09-20,New York Yankees,Baltimore Orioles,0,6,1
776248,2025-09-20,Houston Astros,Seattle Mariners,1,4,6
776248,2025-09-20,Seattle Mariners,Houston Astros,0,6,4
776245,2025-09-20,Kansas City Royals,Toronto Blue Jays,1,2,1
776245,2025-09-20,Toronto Blue Jays,Kansas City Royals,0,1,2
776250,2025-09-20,Chicago White Sox,San Diego Padres,1,3,7
776250,2025-09-20,San Diego Padres,Chicago White Sox,0,7,3
776244,2025-09-20,St. Louis Cardinals,Milwaukee Brewers,1,2,3
776244,2025-09-20,Milwaukee Brewers,St. Louis Cardinals,0,3,2
776241,2025-09-20,Colorado Rockies,Los Angeles Angels,1,0,3
776241,2025-09-20,Los Angeles Angels,Colorado Rockies,0,3,0
776246,2025-09-20,Arizona Diamondbacks,Philadelphia Phillies,1,4,3
776246,2025-09-20,Philadelphia Phillies,Arizona Diamondbacks,0,3,4
776233,2025-09-20,Los Angeles Dodgers,San Francisco Giants,1,7,5
776233,2025-09-20,San Francisco Giants,Los Angeles Dodgers,0,5,7
776238,2025-09-21,Detroit Tigers,Atlanta Braves,1,2,6
776238,2025-09-21,Atlanta Braves,Detroit Tigers,0,6,2
776234,2025-09-21,Pittsburgh Pirates,Athletics,1,11,0
776234,2025-09-21,Athletics,Pittsburgh Pirates,0,0,11
776240,2025-09-21,Baltimore Orioles,New York Yankees,1,1,7
776240,2025-09-21,New York Yankees,Baltimore Orioles,0,7,1
776239,2025-09-21,Cincinnati Reds,Chicago Cubs,1,1,0
776239,2025-09-21,Chicago Cubs,Cincinnati Reds,0,0,1
776237,2025-09-21,New York Mets,Washington Nationals,1,2,3
776237,2025-09-21,Washington Nationals,New York Mets,0,3,2
776229,2025-09-21,Kansas City Royals,Toronto Blue Jays,1,5,8
776229,2025-09-21,Toronto Blue Jays,Kansas City Royals,0,8,5
776225,2025-09-21,Minnesota Twins,Cleveland Guardians,1,6,2
776225,2025-09-21,Cleveland Guardians,Minnesota Twins,0,2,6
776235,2025-09-21,Chicago White Sox,San Diego Padres,1,2,3
776235,2025-09-21,San Diego Padres,Chicago White Sox,0,3,2
776231,2025-09-21,St. Louis Cardinals,Milwaukee Brewers,1,5,1
776231,2025-09-21,Milwaukee Brewers,St. Louis Cardinals,0,1,5
776226,2025-09-21,Texas Rangers,Miami Marlins,1,2,4
776226,2025-09-21,Miami Marlins,Texas Rangers,0,4,2
776232,2025-09-21,Colorado Rockies,Los Angeles Angels,1,3,1
776232,2025-09-21,Los Angeles Angels,Colorado Rockies,0,1,3
776227,2025-09-21,Los Angeles Dodgers,San Francisco Giants,1,1,3
776227,2025-09-21,San Francisco Giants,Los Angeles Dodgers,0,3,1
776230,2025-09-21,Arizona Diamondbacks,Philadelphia Phillies,1,9,2
776230,2025-09-21,Philadelphia Phillies,Arizona Diamondbacks,0,2,9
776228,2025-09-21,Houston Astros,Seattle Mariners,1,3,7
776228,2025-09-21,Seattle Mariners,Houston Astros,0,7,3
776236,2025-09-21,Tampa Bay Rays,Boston Red Sox,1,7,3
776236,2025-09-21,Boston Red Sox,Tampa Bay Rays,0,3,7
776221,2025-09-22,Atlanta Braves,Washington Nationals,1,11,5
776221,2025-09-22,Washington Nationals,Atlanta Braves,0,5,11
776222,2025-09-22,San Diego Padres,Milwaukee Brewers,1,5,4
776222,2025-09-22,Milwaukee Brewers,San Diego Padres,0,4,5
776220,2025-09-22,San Francisco Giants,St. Louis Cardinals,1,5,6
776220,2025-09-22,St. Louis Cardinals,San Francisco Giants,0,6,5
776223,2025-09-23,Baltimore Orioles,Tampa Bay Rays,1,6,0
776223,2025-09-23,Tampa Bay Rays,Baltimore Orioles,0,0,6
776218,2025-09-23,Cleveland Guardians,Detroit Tigers,1,5,2
776218,2025-09-23,Detroit Tigers,Cleveland Guardians,0,2,5
776224,2025-09-23,Cincinnati Reds,Pittsburgh Pirates,1,2,4
776224,2025-09-23,Pittsburgh Pirates,Cincinnati Reds,0,4,2
776215,2025-09-23,Philadelphia Phillies,Miami Marlins,1,5,6
776215,2025-09-23,Miami Marlins,Philadelphia Phillies,0,6,5
776216,2025-09-23,New York Yankees,Chicago White Sox,1,3,2
776216,2025-09-23,Chicago White Sox,New York Yankees,0,2,3
776217,2025-09-23,Toronto Blue Jays,Boston Red Sox,1,1,4
776217,2025-09-23,Boston Red Sox,Toronto Blue Jays,0,4,1
776219,2025-09-23,Atlanta Braves,Washington Nationals,1,3,2
776219,2025-09-23,Washington Nationals,Atlanta Braves,0,2,3
776209,2025-09-23,Chicago Cubs,New York Mets,1,7,9
776209,2025-09-23,New York Mets,Chicago Cubs,0,9,7
776210,2025-09-23,Texas Rangers,Minnesota Twins,1,1,4
776210,2025-09-23,Minnesota Twins,Texas Rangers,0,4,1
776207,2025-09-23,Los Angeles Angels,Kansas City Royals,1,4,8
776207,2025-09-23,Kansas City Royals,Los Angeles Angels,0,8,4
776213,2025-09-23,Arizona Diamondbacks,Los Angeles Dodgers,1,5,4
776213,2025-09-23,Los Angeles Dodgers,Arizona Diamondbacks,0,4,5
776212,2025-09-23,Seattle Mariners,Colorado Rockies,1,4,3
776212,2025-09-23,Colorado Rockies,Seattle Mariners,0,3,4
776214,2025-09-23,San Diego Padres,Milwaukee Brewers,1,7,0
776214,2025-09-23,Milwaukee Brewers,San Diego Padres,0,0,7
776211,2025-09-23,San Francisco Giants,St. Louis Cardinals,1,8,9
776211,2025-09-23,St. Louis Cardinals,San Francisco Giants,0,9,8
776208,2025-09-23,Athletics,Houston Astros,1,5,1
776208,2025-09-23,Houston Astros,Athletics,0,1,5
776200,2025-09-24,Atlanta Braves,Washington Nationals,1,3,4
776200,2025-09-24,Washington Nationals,Atlanta Braves,0,4,3
776198,2025-09-24,San Diego Padres,Milwaukee Brewers,1,1,3
776198,2025-09-24,Milwaukee Brewers,San Diego Padres,0,3,1
776203,2025-09-24,Baltimore Orioles,Tampa Bay Rays,1,2,6
776203,2025-09-24,Tampa Bay Rays,Baltimore Orioles,0,6,2
776204,2025-09-24,Cleveland Guardians,Detroit Tigers,1,5,1
776204,2025-09-24,Detroit Tigers,Cleveland Guardians,0,1,5
776202,2025-09-24,Cincinnati Reds,Pittsburgh Pirates,1,3,4
776202,2025-09-24,Pittsburgh Pirates,Cincinnati Reds,0,4,3
776201,2025-09-24,Philadelphia Phillies,Miami Marlins,1,11,1
776201,2025-09-24,Miami Marlins,Philadelphia Phillies,0,1,11
776199,2025-09-24,New York Yankees,Chicago White Sox,1,8,1
776199,2025-09-24,Chicago White Sox,New York Yankees,0,1,8
776206,2025-09-24,Toronto Blue Jays,Boston Red Sox,1,1,7
776206,2025-09-24,Boston Red Sox,Toronto Blue Jays,0,7,1
776205,2025-09-24,Chicago Cubs,New York Mets,1,10,3
776205,2025-09-24,New York Mets,Chicago Cubs,0,3,10
776192,2025-09-24,Texas Rangers,Minnesota Twins,1,4,2
776192,2025-09-24,Minnesota Twins,Texas Rangers,0,2,4
776197,2025-09-24,Los Angeles Angels,Kansas City Royals,1,3,2
776197,2025-09-24,Kansas City Royals,Los Angeles Angels,0,2,3
776193,2025-09-24,Arizona Diamondbacks,Los Angeles Dodgers,1,4,5
776193,2025-09-24,Los Angeles Dodgers,Arizona Diamondbacks,0,5,4
776194,2025-09-24,Seattle Mariners,Colorado Rockies,1,9,2
776194,2025-09-24,Colorado Rockies,Seattle Mariners,0,2,9
776196,2025-09-24,San Francisco Giants,St. Louis Cardinals,1,4,3
776196,2025-09-24,St. Louis Cardinals,San Francisco Giants,0,3,4
776195,2025-09-24,Athletics,Houston Astros,1,6,0
776195,2025-09-24,Houston Astros,Athletics,0,0,6
776190,2025-09-25,Cincinnati Reds,Pittsburgh Pirates,1,2,1
776190,2025-09-25,Pittsburgh Pirates,Cincinnati Reds,0,1,2
776191,2025-09-25,Baltimore Orioles,Tampa Bay Rays,1,6,5
776191,2025-09-25,Tampa Bay Rays,Baltimore Orioles,0,5,6
776183,2025-09-25,Texas Rangers,Minnesota Twins,1,0,4
776183,2025-09-25,Minnesota Twins,Texas Rangers,0,4,0
776182,2025-09-25,Athletics,Houston Astros,1,5,11
776182,2025-09-25,Houston Astros,Athletics,0,11,5
776185,2025-09-25,Arizona Diamondbacks,Los Angeles Dodgers,1,0,8
776185,2025-09-25,Los Angeles Dodgers,Arizona Diamondbacks,0,8,0
776188,2025-09-25,Philadelphia Phillies,Miami Marlins,1,1,0
776188,2025-09-25,Miami Marlins,Philadelphia Phillies,0,0,1
776189,2025-09-25,Cleveland Guardians,Detroit Tigers,1,2,4
776189,2025-09-25,Detroit Tigers,Cleveland Guardians,0,4,2
776184,2025-09-25,New York Yankees,Chicago White Sox,1,5,3
776184,2025-09-25,Chicago White Sox,New York Yankees,0,3,5
776186,2025-09-25,Toronto Blue Jays,Boston Red Sox,1,6,1
776186,2025-09-25,Boston Red Sox,Toronto Blue Jays,0,1,6
776187,2025-09-25,Chicago Cubs,New York Mets,1,5,8
776187,2025-09-25,New York Mets,Chicago Cubs,0,8,5
776178,2025-09-25,Los Angeles Angels,Kansas City Royals,1,4,9
776178,2025-09-25,Kansas City Royals,Los Angeles Angels,0,9,4
776179,2025-09-25,Seattle Mariners,Colorado Rockies,1,6,2
776179,2025-09-25,Colorado Rockies,Seattle Mariners,0,2,6
776167,2025-09-26,Chicago Cubs,St. Louis Cardinals,1,12,1
776167,2025-09-26,St. Louis Cardinals,Chicago Cubs,0,1,12
776176,2025-09-26,Philadelphia Phillies,Minnesota Twins,1,3,1
776176,2025-09-26,Minnesota Twins,Philadelphia Phillies,0,1,3
776165,2025-09-26,Washington Nationals,Chicago White Sox,1,9,10
776165,2025-09-26,Chicago White Sox,Washington Nationals,0,10,9
776174,2025-09-26,New York Yankees,Baltimore Orioles,1,8,4
776174,2025-09-26,Baltimore Orioles,New York Yankees,0,4,8
776177,2025-09-26,Toronto Blue Jays,Tampa Bay Rays,1,4,2
776177,2025-09-26,Tampa Bay Rays,Toronto Blue Jays,0,2,4
776181,2025-09-26,Boston Red Sox,Detroit Tigers,1,4,3
776181,2025-09-26,Detroit Tigers,Boston Red Sox,0,3,4
776175,2025-09-26,Cleveland Guardians,Texas Rangers,1,3,7
776175,2025-09-26,Texas Rangers,Cleveland Guardians,0,7,3
776173,2025-09-26,Miami Marlins,New York Mets,1,6,2
776173,2025-09-26,New York Mets,Miami Marlins,0,2,6
776180,2025-09-26,Atlanta Braves,Pittsburgh Pirates,1,3,9
776180,2025-09-26,Pittsburgh Pirates,Atlanta Braves,0,9,3
776171,2025-09-26,Milwaukee Brewers,Cincinnati Reds,1,1,3
776171,2025-09-26,Cincinnati Reds,Milwaukee Brewers,0,3,1
776169,2025-09-26,Los Angeles Angels,Houston Astros,1,4,3
776169,2025-09-26,Houston Astros,Los Angeles Angels,0,3,4
776170,2025-09-26,San Diego Padres,Arizona Diamondbacks,1,7,4
776170,2025-09-26,Arizona Diamondbacks,San Diego Padres,0,4,7
776168,2025-09-26,Seattle Mariners,Los Angeles Dodgers,1,2,3
776168,2025-09-26,Los Angeles Dodgers,Seattle Mariners,0,3,2
776172,2025-09-26,Athletics,Kansas City Royals,1,4,3
776172,2025-09-26,Kansas City Royals,Athletics,0,3,4
776166,2025-09-26,San Francisco Giants,Colorado Rockies,1,6,3
776166,2025-09-26,Colorado Rockies,San Francisco Giants,0,3,6
776162,2025-09-27,New York Yankees,Baltimore Orioles,1,6,1
776162,2025-09-27,Baltimore Orioles,New York Yankees,0,1,6
776164,2025-09-27,Chicago Cubs,St. Louis Cardinals,1,7,3
776164,2025-09-27,St. Louis Cardinals,Chicago Cubs,0,3,7
776159,2025-09-27,Toronto Blue Jays,Tampa Bay Rays,1,5,1
776159,2025-09-27,Tampa Bay Rays,Toronto Blue Jays,0,1,5
776146,2025-09-27,San Francisco Giants,Colorado Rockies,1,4,3
776146,2025-09-27,Colorado Rockies,San Francisco Giants,0,3,4
776160,2025-09-27,Washington Nationals,Chicago White Sox,1,6,5
776160,2025-09-27,Chicago White Sox,Washington Nationals,0,5,6
776157,2025-09-27,Boston Red Sox,Detroit Tigers,1,1,2
776157,2025-09-27,Detroit Tigers,Boston Red Sox,0,2,1
776161,2025-09-27,Miami Marlins,New York Mets,1,0,5
776161,2025-09-27,New York Mets,Miami Marlins,0,5,0
776163,2025-09-27,Philadelphia Phillies,Minnesota Twins,1,0,5
776163,2025-09-27,Minnesota Twins,Philadelphia Phillies,0,5,0
776158,2025-09-27,Cleveland Guardians,Texas Rangers,1,3,2
776158,2025-09-27,Texas Rangers,Cleveland Guardians,0,2,3
776156,2025-09-27,Atlanta Braves,Pittsburgh Pirates,1,1,3
776156,2025-09-27,Pittsburgh Pirates,Atlanta Braves,0,3,1
776153,2025-09-27,Milwaukee Brewers,Cincinnati Reds,1,4,7
776153,2025-09-27,Cincinnati Reds,Milwaukee Brewers,0,7,4
776152,2025-09-27,San Diego Padres,Arizona Diamondbacks,1,5,1
776152,2025-09-27,Arizona Diamondbacks,San Diego Padres,0,1,5
776155,2025-09-27,Los Angeles Angels,Houston Astros,1,1,6
776155,2025-09-27,Houston Astros,Los Angeles Angels,0,6,1
776150,2025-09-27,Seattle Mariners,Los Angeles Dodgers,1,3,5
776150,2025-09-27,Los Angeles Dodgers,Seattle Mariners,0,5,3
776154,2025-09-27,Athletics,Kansas City Royals,1,2,4
776154,2025-09-27,Kansas City Royals,Athletics,0,4,2
776151,2025-09-28,Boston Red Sox,Detroit Tigers,1,4,3
776151,2025-09-28,Detroit Tigers,Boston Red Sox,0,3,4
776138,2025-09-28,Athletics,Kansas City Royals,1,2,9
776138,2025-09-28,Kansas City Royals,Athletics,0,9,2
776137,2025-09-28,San Francisco Giants,Colorado Rockies,1,4,0
776137,2025-09-28,Colorado Rockies,San Francisco Giants,0,0,4
776141,2025-09-28,Philadelphia Phillies,Minnesota Twins,1,2,1
776141,2025-09-28,Minnesota Twins,Philadelphia Phillies,0,1,2
776143,2025-09-28,Washington Nationals,Chicago White Sox,1,0,8
776143,2025-09-28,Chicago White Sox,Washington Nationals,0,8,0
776140,2025-09-28,New York Yankees,Baltimore Orioles,1,3,2
776140,2025-09-28,Baltimore Orioles,New York Yankees,0,2,3
776135,2025-09-28,Los Angeles Angels,Houston Astros,1,2,6
776135,2025-09-28,Houston Astros,Los Angeles Angels,0,6,2
776145,2025-09-28,Toronto Blue Jays,Tampa Bay Rays,1,13,4
776145,2025-09-28,Tampa Bay Rays,Toronto Blue Jays,0,4,13
776136,2025-09-28,San Diego Padres,Arizona Diamondbacks,1,12,4
776136,2025-09-28,Arizona Diamondbacks,San Diego Padres,0,4,12
776139,2025-09-28,Seattle Mariners,Los Angeles Dodgers,1,1,6
776139,2025-09-28,Los Angeles Dodgers,Seattle Mariners,0,6,1
776147,2025-09-28,Cleveland Guardians,Texas Rangers,1,9,8
776147,2025-09-28,Texas Rangers,Cleveland Guardians,0,8,9
776148,2025-09-28,Miami Marlins,New York Mets,1,4,0
776148,2025-09-28,New York Mets,Miami Marlins,0,0,4
776144,2025-09-28,Milwaukee Brewers,Cincinnati Reds,1,4,2
776144,2025-09-28,Cincinnati Reds,Milwaukee Brewers,0,2,4
776149,2025-09-28,Atlanta Braves,Pittsburgh Pirates,1,4,1
776149,2025-09-28,Pittsburgh Pirates,Atlanta Braves,0,1,4
776142,2025-09-28,Chicago Cubs,St. Louis Cardinals,1,2,0
776142,2025-09-28,St. Louis Cardinals,Chicago Cubs,0,0,2
